company_id_1,company_id_2,company_name_1,company_name_2,weight,shared_directors
colonialeagricolecommercialeindustriellesucreriescoloniales,sucreriescoloniales,"Société coloniale, agricole, commerciale et industrielle Sucreries coloniales",Sucreries coloniales,23,alexandre-p; barnaud-p; baugnies-g; boulloche-l; briand-g; buzon-j; castelnau-p; chabanne-l; devies-m; fantauzzi-j; faure-beaulieu-b; grandjean-c; guionin-h; jacqueminet-a; labarrere-a; level-e; levita-j; marbeau-p; mutignon-e; rehm-v; richemond-j; schneider-c; vernes-g
creditfonciermadagascar,creditfonciermadagascarcreditfonciermadagascarreunion,Crédit foncier de Madagascar,"Crédit foncier de Madagascar, Crédit foncier de Madagascar et de la Réunion",14,allain-e; bontoux-h; bourdariat-a; ed-philippar; g-philippar; gimon-c; lebon-a; lebon-a-andre; lescot-m; loisy-x; michel-cote-c; michel-h; perben-l; philippar-g
colonialeagricolecommercialeindustriellesucreriescoloniales,sucreriescolonialescolonialeagricolecommerciale,"Société coloniale, agricole, commerciale et industrielle Sucreries coloniales","Sucreries coloniales (Société coloniale, agricole, commerciale et",13,alexandre-p; artaud-a-adrien; baugnies-g; boulloche-l; briand-g; ehrmann-h; grandjean-c; jacqueminet-a; labarrere-a; mobiliere-s; mutignon-e; nissim-l; rehm-v
grandeile,grandelle,Société La Grande Île,Grande lle,13,binaud-h; buhan-a; buhan-m; dubos-m; j-buhan-a; j-dubos-b; j-dubos-p; lafont; lafont-l; lemoine-r; ottino-f; p-buhan-p; pierre
sucreriesmarseillaisesmadagascar,sucreriesmarseillaisesmadagascarnamakia,Sucreries marseillaises de Madagascar,"Sucreries marseillaises de Madagascar, Namakia",12,d-espies-h; daher-p; de-coudenhove-b; de-fonscolombe-e; de-gasquet-b; de-revel-b; doucet-e; faivre-d-arcier-c; guerin-j-joseph; pagnon-r; roubaud-p; zafiropulo-g
tanninscoloniaux,tanninscoloniauxsahambavy,Tannins coloniaux,"Tannins coloniaux, Sahambavy",11,aymar-de-guitaut; duvallet-l; et-de-la-princesse-massena; froissart-l; gueugnier-j; gueugnier-l; legrand-j; lucius-p; maspetiol-r; schwob-d-hericourt-g; vincent-p
graphitessahanavo,socgraphitessahanavo,"Société des Graphites de la Sahanavo, puis Sahanavo, société malgache d'exploitations minières",Soc. des GRAPHITES de la SAHANAVO,11,a-ambalarondra-e; anivorano; darrieux; de-breteuil-g; de-chazal-c; deschars-l; faure-le-pere-j; fondateur-de-la-miniere-du-kanguet; joseph; parmentier-j-jean; soc-ulysse-gros
plantationsanjouan,plantationssakarive,Société de Plantations d’Anjouan,Sté des plantations de Sakarive,10,baudry; baumann; bourdillat; chailloux; fromentault; martin-a; mathieu; thery; thomas; thomas-f
importationsexportationscommission,industriellecommercialeemyrne,"Société d'importations, d'exportations et de commission",Société Industrielle et Commerciale de l'Émyrne,10,buissiere-j; metras-r; perie-a; poucel-f; th-toy-riont; tholozan-c; toy-riont-a; vouland-c; vouland-f; vouland-l
agricolesucrierenossibe,gmodrin,Compagnie Agricole et Sucrière de Nossi-Bé,G MODRIN,10,besson-l-leon; chapuis-h; exbrayat-j; gueugnier-l; legrand-r; more-m; schwob-d-hericourt-g; springer-c; vaucheret-a; zafiropulo-g
madagascarautomobile,madagascarautomobiletananariverenault,Madagascar-automobile,"Madagascar-Automobile, Tananarive. Renault",10,arnoux-e; benazeth-l; besson-maufrangeas-l; bonifay-j; bonifay-l; laubie-j; piallat-g; roubaud-p; semana-besson-r; zafiropulo-g
sucreriescoloniales,sucreriescolonialescolonialeagricolecommerciale,Sucreries coloniales,"Sucreries coloniales (Société coloniale, agricole, commerciale et",9,alexandre-p; baugnies-g; boulloche-l; briand-g; grandjean-c; jacqueminet-a; labarrere-a; mutignon-e; rehm-v
colonialebambao,colonialebambaobambao,"Société Coloniale de Bambao, puis Comores-Bambao","Société coloniale de Bambao, BAMBAO",9,belloy-m; carnot-e; chiris-g; chiris-l; cunisset-p; dumont-c; gruet-g; guy-le-bret; hebert-j
agricultureindustriecoloniales,lyonnaisemadagascar,Compagnie d'Agriculture et d’industrie coloniales,Compagnie Lyonnaise de Madagascar,9,cottet-c; de-boissieu-j; de-la-morandiere-l; gautier-m; michel-cote-c; perben-l; prenat-h; ravier-c; thibaudon-p
agricoleindustriellemadagascar,marseillaisemadagascar,Compagnie Agricole et Industrielle de Madagascar,Compagnie Marseillaise de Madagascar,9,arnoux-e; benazeth-l; besson-maufrangeas-l; bonifay-j; bonifay-l; boussenot-g; neton-a; roubaud-p; semana-j
malgachecultures,tulear,Société Malgache de Cultures,TULÉAR,9,bouruet-aubertot-j; bouvier-r; dequivre-c; giscard-d-estaing-e; krafft-l; le-boulanger-j; piquet-v; saurin-h; tanti-a
industriellecommercialeemyrne,phoceennecommercecolonial,Société Industrielle et Commerciale de l'Émyrne,Cie phocéenne de commerce colonial,8,arnoux-a; brochard-j; dieppedalle-g; dieppedalle-j; rogliano-m; toy-riont-t; verdellet-j; vouland-l
agricoleindustriellemadagascar,madagascarautomobile,Compagnie Agricole et Industrielle de Madagascar,Madagascar-automobile,8,arnoux-e; benazeth-l; besson-maufrangeas-l; bonifay-j; bonifay-l; roubaud-p; semana-besson-r; zafiropulo-g
agricoleindustriellemadagascar,madagascarautomobiletananariverenault,Compagnie Agricole et Industrielle de Madagascar,"Madagascar-Automobile, Tananarive. Renault",8,arnoux-e; benazeth-l; besson-maufrangeas-l; bonifay-j; bonifay-l; roubaud-p; semana-besson-r; zafiropulo-g
nosybeenneindustriesagricoles,sambiranaise,Compagnie Nosybéenne d’Industries agricoles,Compagnie Sambiranaise,8,carl-du-manoir; chapuis-h; charbonnel-a; dybowski-j; gougaud-j; guy-de-la-motte-saint-pierre; tardieu-l; thibaud-p
mineraisgrandeile,mineraisgrandelle,Société des Minerais de la Grande-Île,Société des Minerais de la Grande-lle,8,bevillard-p; bouvier-a-albert; boyau-j; laurens-p; lecomte-p; piquet-v; rigal-j; saurin-h
approvisionnementsgenerauxdjibouti,maritimeafriqueorientale,Société d’Approvisionnements généraux à Djibouti,Compagnie Maritime de l'Afrique Orientale,7,gimon-c; gorchs-chacou-f; hachette-r; michel-cote-c; philippar-g; pilliard-m; roussel-f
plantesparfumsmadagascar,socplantesparfumsmadagascar,Plantes à parfums de Madagascar,Soc. des PLANTES à PARFUMS de MADAGASCAR,7,bouvier; dufay; homberg-o; raimbault; rocca; tanti; thierry-j
conservesalimentairesmontagneambre,industriellecommercialeemyrne,Société des Conserves alimentaires de la Montagne d’Ambre,Société Industrielle et Commerciale de l'Émyrne,7,buissiere-j; dieppedalle-g; dieppedalle-j; metras-r; perie-a; rogliano-m; tholozan-c
fonciereindustriellecommercialemadagascar,fonciereminieremadagascar,"Cie foncière, industrielle et commerciale de Madagascar","Compagnie Foncière et Minière de Madagascar, puis Foncière, Industrielle et Commerciale de Madagascar, puis Société malgache d'entreprises industrielles",7,belieres-j; bordes-g-georges; cerutti-g; chavanne-a; de-meneval-l; gessain-r; verrier-p
colonialeagricolecommercialeindustriellesucreriescoloniales,rhumspurs,"Société coloniale, agricole, commerciale et industrielle Sucreries coloniales",Compagnie des Rhums purs,6,alexandre-p; briand-g; de-mones-del-pujol-g; jacqueminet-a; mutignon-e; rehm-v
rhumspurs,sucreriescoloniales,Compagnie des Rhums purs,Sucreries coloniales,6,alexandre-p; benard-l; briand-g; jacqueminet-a; mutignon-e; rehm-v
creditfonciercolonial,sucreriescoloniales,Crédit foncier colonial,Sucreries coloniales,6,briand-g; del-porto-a; grandjean-c; jacqueminet-a; mutignon-e; rehm-v
cotesomalis,maritimeafriqueorientale,Compagnie française de la Côte des Somalis,Compagnie Maritime de l'Afrique Orientale,6,et-rene-hachette; gimon; gimon-c; gorchs-chacou; gorchs-chacou-f; michel-cote-c
colonialemadagascar,magasinsgenerauxentrepotsmadagascar,Compagnie Coloniale Française de Madagascar,Société des Magasins généraux et entrepôts de Madagascar,6,boyer-p; cazalet-e; ed-cazalet; ed-llewellyn; nouvion-h; thiebaut-v
lyonnaisemadagascar,madagascar,Compagnie Lyonnaise de Madagascar,"Compagnie Générale de Madagascar, puis Compagnie générale de Madagascar-France",6,cottet-c; de-la-morandiere-l; geraud-l; perben-l; ravier-c; vatomandry
importationsexportationscommission,socindustriellecommercialeemyrne,"Société d'importations, d'exportations et de commission",Soc. industrielle et commerciale de l'EMYRNE,6,buissiere-j; perie-a; poucel-f; tholozan-c; vouland-f; vouland-l
industriellecommercialeemyrne,socindustriellecommercialeemyrne,Société Industrielle et Commerciale de l'Émyrne,Soc. industrielle et commerciale de l'EMYRNE,6,buissiere-j; perie-a; poucel-f; tholozan-c; vouland-f; vouland-l
agricoleindustriellemadagascar,commissionconsignationcoloniales,Compagnie Agricole et Industrielle de Madagascar,Société de commission et de consignation coloniales,6,arnoux-e; besson-l; besson-maufrangeas-l; neton-a; roubaud-p; semana-besson-r
madagascarautomobile,marseillaisemadagascar,Madagascar-automobile,Compagnie Marseillaise de Madagascar,6,arnoux-e; benazeth-l; besson-maufrangeas-l; bonifay-j; bonifay-l; roubaud-p
madagascarautomobiletananariverenault,marseillaisemadagascar,"Madagascar-Automobile, Tananarive. Renault",Compagnie Marseillaise de Madagascar,6,arnoux-e; benazeth-l; besson-maufrangeas-l; bonifay-j; bonifay-l; roubaud-p
grandeile,madagor,Société La Grande Île,Madagor,6,buhan-e; dubos-b; eug-buhan; eug-j-buhan; j-dubos-b; j-dubos-p
emileranarivelo,rweinberger,Émile Ranarivelo,R. Weinberger,6,benazeth-l; bodemer-m; copillet; fraise; rajpar-h; remorquage
rhumspurs,sucreriescolonialescolonialeagricolecommerciale,Compagnie des Rhums purs,"Sucreries coloniales (Société coloniale, agricole, commerciale et",5,alexandre-p; briand-g; jacqueminet-a; mutignon-e; rehm-v
colonialeagricolecommercialeindustriellesucreriescoloniales,creditfonciercolonial,"Société coloniale, agricole, commerciale et industrielle Sucreries coloniales",Crédit foncier colonial,5,briand-g; grandjean-c; jacqueminet-a; mutignon-e; rehm-v
creditfonciercolonial,sucreriescolonialescolonialeagricolecommerciale,Crédit foncier colonial,"Sucreries coloniales (Société coloniale, agricole, commerciale et",5,briand-g; grandjean-c; jacqueminet-a; mutignon-e; rehm-v
agricolemadagascar,graphitesankaratra,Société Agricole de Madagascar,Société des Graphites et de l'Ankaratra,5,boissier-h; boulloche-l; cabrol-c; duvoisin-h; ed-cosson
agricoleindustriellemadagascar,sucreriesmarseillaisesmadagascarnamakia,Compagnie Agricole et Industrielle de Madagascar,"Sucreries marseillaises de Madagascar, Namakia",5,artaud-a-adrien; besson-l-leon; pagnon-r; roubaud-p; zafiropulo-g
afriqueorientale,maritimeafriqueorientale,Compagnie de l'Afrique Orientale,Compagnie Maritime de l'Afrique Orientale,5,bouffe-g; gimon-c; gorchs-chacou-f; hachette-r; michel-cote-c
creditfonciermadagascar,maritimeafriqueorientale,Crédit foncier de Madagascar,Compagnie Maritime de l'Afrique Orientale,5,bontoux-h; gimon-c; michel-cote-c; philippar-g; pilliard-m
creditfonciermadagascarcreditfonciermadagascarreunion,maritimeafriqueorientale,"Crédit foncier de Madagascar, Crédit foncier de Madagascar et de la Réunion",Compagnie Maritime de l'Afrique Orientale,5,bontoux-h; gimon-c; michel-cote-c; philippar-g; roussel-f
entreprisesmaritimesmadagascar,filaturetissagemadagascar,Société d'Entreprises Maritimes de Madagascar,Société de filature et de tissage de Madagascar,5,decottignies-p; michel-cote-c; perben-l; ravier-c; vandesmet-a
afriqueorientale,afriqueorientalemaritimecommerciale,Compagnie de l'Afrique Orientale,Cie de l'AFRIQUE ORIENTALE MARITIME ET COMMERCIALE,5,gimon-c; gorchs-chacou-f; hachette-r; moulin-p; senn-o
commercemadagascar,commercenavigationmadagascar,Compagnie Générale de Commerce à Madagascar,"Société Française de Commerce et de navigation à Madagascar, puis Française de Commerce à Madagascar",5,coche-e; gabit-c; plassard-j-joseph; plassard-r; vermot-m
commissionconsignationcoloniales,marseillaisemadagascar,Société de commission et de consignation coloniales,Compagnie Marseillaise de Madagascar,5,arnoux-e; besson-maufrangeas-l; neton-a; roubaud-p; semama-j
ankaratra,graphitesankaratra,Société de l'Ankaratra,Société des Graphites et de l'Ankaratra,5,boissier-f; boissier-h; du-boullay-r; duvoisin-h; ed-cosson
minesambatobe,syndicatlyonnaismadagascar,Société des mines d'Ambatobé,Syndicat lyonnais de Madagascar,5,bauer-l; boussand-h; cochet-c; costes-f; vogt-p
agricolesambirano,sembirano,Société Agricole du Sambirano,SEMBIRANO,5,charbonnel-r; hacault-r; lanot-f; schmitt-g; thibaud-p
produitsalimentaires,rochefortaiseproduitsalimentaires,Compagnie Générale de produits alimentaires,"Société Rochefortaise de produits alimentaires, puis Rochefortaise S.A.",5,bollee-a; chenereau-p; durand-l-louis; lelievre-g; lelievre-h
textilestabacsmadagascar,textilestabacsmadagascarparismajungatananarivesuitecivileetudestextilesmadagascarindustrielleagricoletextilesmadagascar,Société des Textiles et Tabacs de Madagascar,"Textiles et tabacs de Madagascar, Paris, Majunga, Tananarive. Suite de la Société civile d’études des textiles de Madagascar et de la Société industrielle et agricole des textiles de Madagascar",5,delavault-h; durros-p; jacotin-a; michel-p; velard-e
plantationsanjouan,rossignol,Société de Plantations d’Anjouan,Rossignol,5,payan-l; rasongles-j; tomei-j; vanille; vidal-e
malgachecultures,plantesparfumsmadagascar,Société Malgache de Cultures,Plantes à parfums de Madagascar,5,bouruet-aubertot-j; bouvier-r; giscard-d-estaing-e; saurin-h; tanti-a
plantesparfumsmadagascar,tulear,Plantes à parfums de Madagascar,TULÉAR,5,bouruet-aubertot-j; bouvier-r; giscard-d-estaing-e; saurin-h; tanti-a
creditfonciercolonial,rhumspurs,Crédit foncier colonial,Compagnie des Rhums purs,4,briand-g; jacqueminet-a; mutignon-e; rehm-v
agricoleindustriellemadagascar,maritimetransportscoloniaux,Compagnie Agricole et Industrielle de Madagascar,Compagnie Maritime de Transports coloniaux,4,artaud-a-adrien; besson-l-leon; roubaud-p; zafiropulo-g
maritimetransportscoloniaux,sucreriesmarseillaisesmadagascarnamakia,Compagnie Maritime de Transports coloniaux,"Sucreries marseillaises de Madagascar, Namakia",4,artaud-a-adrien; besson-l-leon; roubaud-p; zafiropulo-g
afriqueorientale,approvisionnementsgenerauxdjibouti,Compagnie de l'Afrique Orientale,Société d’Approvisionnements généraux à Djibouti,4,gimon-c; gorchs-chacou-f; hachette-r; michel-cote-c
afriqueorientale,navigationmerrouge,Compagnie de l'Afrique Orientale,Compagnie française de Navigation en mer Rouge,4,bouffe-g; gorchs-chacou-f; lamotte-m; michel-cote-c
approvisionnementsgenerauxdjibouti,creditfonciermadagascar,Société d’Approvisionnements généraux à Djibouti,Crédit foncier de Madagascar,4,gimon-c; michel-cote-c; philippar-g; pilliard-m
approvisionnementsgenerauxdjibouti,creditfonciermadagascarcreditfonciermadagascarreunion,Société d’Approvisionnements généraux à Djibouti,"Crédit foncier de Madagascar, Crédit foncier de Madagascar et de la Réunion",4,gimon-c; michel-cote-c; philippar-g; roussel-f
lyonnaisemadagascar,outremer,Compagnie Lyonnaise de Madagascar,Compagnie Générale d'Outre-mer,4,de-boissieu-j; michel-cote-c; perben-l; prenat-e
maritimeafriqueorientale,navigationmerrouge,Compagnie Maritime de l'Afrique Orientale,Compagnie française de Navigation en mer Rouge,4,bouffe-g; et-rene-hachette; gorchs-chacou-f; michel-cote-c
industrielledjibouti,salinesdjibouti,Société Industrielle de Djibouti,Société des salines de Djibouti,4,homberg-o; jambon-c; mingois-g; provot-g
agricultureindustriecoloniales,madagascar,Compagnie d'Agriculture et d’industrie coloniales,"Compagnie Générale de Madagascar, puis Compagnie générale de Madagascar-France",4,cottet-c; de-la-morandiere-l; perben-l; ravier-c
conservesalimentairesmontagneambre,importationsexportationscommission,Société des Conserves alimentaires de la Montagne d’Ambre,"Société d'importations, d'exportations et de commission",4,buissiere-j; metras-r; perie-a; tholozan-c
agricoleindustriellemadagascar,cotesomalis,Compagnie Agricole et Industrielle de Madagascar,Compagnie française de la Côte des Somalis,4,besson-l-leon; estrine-l; roubaud-p; semana-j
commissionconsignationcoloniales,madagascarautomobile,Société de commission et de consignation coloniales,Madagascar-automobile,4,arnoux-e; besson-maufrangeas-l; roubaud-p; semana-besson-r
commissionconsignationcoloniales,madagascarautomobiletananariverenault,Société de commission et de consignation coloniales,"Madagascar-Automobile, Tananarive. Renault",4,arnoux-e; besson-maufrangeas-l; roubaud-p; semana-besson-r
agricolemadagascar,ankaratra,Société Agricole de Madagascar,Société de l'Ankaratra,4,boissier-h; duvoisin-h; ed-cosson; mercier-h
culturescoloniales,nosybeenneindustriesagricoles,Cie de cultures coloniales,Compagnie Nosybéenne d’Industries agricoles,4,carl-du-manoir; chapuis-h; guy-de-la-motte-saint-pierre; hacault-r
culturescoloniales,sambiranaise,Cie de cultures coloniales,Compagnie Sambiranaise,4,carl-du-manoir; chapuis-h; de-la-motte-saint-pierre-f; guy-de-la-motte-saint-pierre
agricolesambirano,nosybeenneindustriesagricoles,Société Agricole du Sambirano,Compagnie Nosybéenne d’Industries agricoles,4,charbonnel-r; hacault-r; tardieu-l; thibaud-p
angevinemadagascar,cultureelevagemadagascarnord,Sté angevine de Madagascar,Société de Culture et d'élevage de Madagascar-Nord,4,bigeard; dolbois-a; preaubert-e; verchaly-j
culture,cultureelevagemadagascarnord,CULTURE,Société de Culture et d'élevage de Madagascar-Nord,4,bigeard; bigeard-m; dolbois-a; verchaly-j
conservesalimentairesmontagneambre,francomalgachecommissionconsignation,Société des Conserves alimentaires de la Montagne d’Ambre,Société franco-malgache de commission et consignation,4,aillaud-a; dieppedalle-g; dieppedalle-j; rogliano-m
emileranarivelo,rossignol,Émile Ranarivelo,Rossignol,4,barriquand; benazeth-l; copillet; fraise
nantaiseculturecoloniale,nantaisemadagascar,Sté nantaise de culture coloniale,Société Nantaise de Madagascar,4,bureau-h; jamin-l-leon; kerr-h; roy-a
ileskerguelensaintpaulamsterdam,ileskerguelenstpaulamsterdam,"Cie générale des Iles Kerguelen, Saint-Paul et Amsterdam","Cie générale des îles Kerguelen, St-Paul et Amsterdam",4,e-bossiere-h; e-bossiere-r; emm-couvreux; gauthier-p
florensorville,rossignol,Florens Orville,Rossignol,4,analakely-tananarive; betafo; ottino-s; petit-g
graphites,mineraisgrandeile,Société Générale des Graphites,Société des Minerais de la Grande-Île,4,bevillard-p; piquet-v; rigal-j; saurin-h
graphites,mineraisgrandelle,Société Générale des Graphites,Société des Minerais de la Grande-lle,4,bevillard-p; piquet-v; rigal-j; saurin-h
chantiersateliersbassin,francomalgachecommissionconsignation,Société des Chantiers et ateliers du Bassin,Société franco-malgache de commission et consignation,4,aillaud-a; dieppedalle-j; rastoin-e-edouard; rogliano-m
conservesalimentairesmontagneambre,electriciteentreprisesmadagascar,Société des Conserves alimentaires de la Montagne d’Ambre,Société d'électricité et d'entreprises à Madagascar,4,allain-a; allain-p; maggiar-a; teissier-du-cros-e
cefrancomalgacheentreprises,francomalgacheentreprises,Ce franco-malgache d'entreprises,Cie Franco-Malgache d'Entreprises,4,anduze-faris-g; de-bressieux-r; morillon-a; plasse-g
domainesppineltabacsoleagineuxmadagascar,tabacsoleagineuxmadagascar,Domaines P. Pinel Société des tabacs et oléagineux de Madagascar,Société des Tabacs et oléagineux de Madagascar,4,et-henri-lelievre; lemaire-a; mallet-p-philippe; mallet-t
agricolemadagascar,exploitationgraphitesmadagascar,Société Agricole de Madagascar,Société d'Exploitation des graphites de Madagascar,3,boulloche-l; cabrol-c; mercier-h
civilefomboni,civilefombonimoheli,Sté civile de Fomboni,"Société civile de Fomboni, MOHÉLI",3,chiris-g; dewitte-g; grea-p
colonialebambao,etablissementsantoinechirisproduitsaromatiqueschimiques,"Société Coloniale de Bambao, puis Comores-Bambao",Établissements Antoine Chiris (Cie des produits aromatiques chimiques et,3,carnot-f; chiris-g; cunisset-p
colonialebambao,grandecomore,"Société Coloniale de Bambao, puis Comores-Bambao",Grande-Comore,3,carnot-e; chiris-g; hebert-j
colonialebambaobambao,grandecomore,"Société coloniale de Bambao, BAMBAO",Grande-Comore,3,carnot-e; chiris-g; hebert-j
afriqueorientale,cotesomalis,Compagnie de l'Afrique Orientale,Compagnie française de la Côte des Somalis,3,gimon-c; gorchs-chacou-f; michel-cote-c
afriqueorientale,creditfonciermadagascar,Compagnie de l'Afrique Orientale,Crédit foncier de Madagascar,3,gimon-c; michel-cote-c; perben-l
afriqueorientale,creditfonciermadagascarcreditfonciermadagascarreunion,Compagnie de l'Afrique Orientale,"Crédit foncier de Madagascar, Crédit foncier de Madagascar et de la Réunion",3,gimon-c; michel-cote-c; perben-l
afriqueorientale,lyonnaisemadagascar,Compagnie de l'Afrique Orientale,Compagnie Lyonnaise de Madagascar,3,hallot; michel-cote-c; perben-l
agricultureindustriecoloniales,entreprisesmaritimesmadagascar,Compagnie d'Agriculture et d’industrie coloniales,Société d'Entreprises Maritimes de Madagascar,3,michel-cote-c; perben-l; ravier-c
agricultureindustriecoloniales,filaturetissagemadagascar,Compagnie d'Agriculture et d’industrie coloniales,Société de filature et de tissage de Madagascar,3,michel-cote-c; perben-l; ravier-c
agricultureindustriecoloniales,outremer,Compagnie d'Agriculture et d’industrie coloniales,Compagnie Générale d'Outre-mer,3,de-boissieu-j; michel-cote-c; perben-l
approvisionnementsgenerauxdjibouti,cotesomalis,Société d’Approvisionnements généraux à Djibouti,Compagnie française de la Côte des Somalis,3,gimon-c; gorchs-chacou-f; michel-cote-c
cotesomalis,navigationmerrouge,Compagnie française de la Côte des Somalis,Compagnie française de Navigation en mer Rouge,3,et-rene-hachette; gorchs-chacou-f; michel-cote-c
entreprisesmaritimesmadagascar,lyonnaisemadagascar,Société d'Entreprises Maritimes de Madagascar,Compagnie Lyonnaise de Madagascar,3,michel-cote-c; perben-l; ravier-c
filaturetissagemadagascar,lyonnaisemadagascar,Société de filature et de tissage de Madagascar,Compagnie Lyonnaise de Madagascar,3,michel-cote-c; perben-l; ravier-c
afriqueorientalemaritimecommerciale,approvisionnementsgenerauxdjibouti,Cie de l'AFRIQUE ORIENTALE MARITIME ET COMMERCIALE,Société d’Approvisionnements généraux à Djibouti,3,gimon-c; gorchs-chacou-f; hachette-r
afriqueorientalemaritimecommerciale,maritimeafriqueorientale,Cie de l'AFRIQUE ORIENTALE MARITIME ET COMMERCIALE,Compagnie Maritime de l'Afrique Orientale,3,gimon-c; gorchs-chacou-f; hachette-r
afriqueorientale,industrielledjibouti,Compagnie de l'Afrique Orientale,Société Industrielle de Djibouti,3,gimon-c; hachette-r; moulin-p
afriqueorientalemaritimecommerciale,industrielledjibouti,Cie de l'AFRIQUE ORIENTALE MARITIME ET COMMERCIALE,Société Industrielle de Djibouti,3,gimon-c; hachette-r; moulin-p
mineraisgrandeile,plantesparfumsmadagascar,Société des Minerais de la Grande-Île,Plantes à parfums de Madagascar,3,bouvier-r; homberg-o; saurin-h
salinesdjibouti,salinesdjiboutisfaxmadagascar,Société des salines de Djibouti,"Salines de Djibouti, Sfax et Madagascar",3,guesde-p; jambon-c; mingois-g
creditfonciermadagascar,grandsdomainesmadagascar,Crédit foncier de Madagascar,Les Grands Domaines de Madagascar,3,allain-e; bourdariat-a; loisy-x
creditfonciermadagascarcreditfonciermadagascarreunion,grandsdomainesmadagascar,"Crédit foncier de Madagascar, Crédit foncier de Madagascar et de la Réunion",Les Grands Domaines de Madagascar,3,allain-e; bourdariat-a; loisy-x
grandsdomainesmadagascar,unionminiereindustrielle,Les Grands Domaines de Madagascar,"Union minière et industrielle, puis Union de mines et industries annexes",3,allain-e; amundsen-s; bourdariat-a
conservesalimentairesmontagneambre,socindustriellecommercialeemyrne,Société des Conserves alimentaires de la Montagne d’Ambre,Soc. industrielle et commerciale de l'EMYRNE,3,buissiere-j; perie-a; tholozan-c
energieindustrielle,fonciereminieremadagascar,L'Énergie industrielle,"Compagnie Foncière et Minière de Madagascar, puis Foncière, Industrielle et Commerciale de Madagascar, puis Société malgache d'entreprises industrielles",3,durand-e; durand-p-pierre; pechadre-a
agricoleindustriellemadagascar,agricolesucrierenossibe,Compagnie Agricole et Industrielle de Madagascar,Compagnie Agricole et Sucrière de Nossi-Bé,3,besson-l; besson-l-leon; zafiropulo-g
agricolesucrierenossibe,sucreriesmarseillaisesmadagascarnamakia,Compagnie Agricole et Sucrière de Nossi-Bé,"Sucreries marseillaises de Madagascar, Namakia",3,besson-l-leon; guerin-j-joseph; zafiropulo-g
agricoleindustriellemadagascar,sucreriesmarseillaisesmadagascar,Compagnie Agricole et Industrielle de Madagascar,Sucreries marseillaises de Madagascar,3,pagnon-r; roubaud-p; zafiropulo-g
nosybeenneindustriesagricoles,occidentalemadagascar,Compagnie Nosybéenne d’Industries agricoles,Compagnie Occidentale de Madagascar,3,delhorbe-l; fosse-e; mougeot
electriciteeauxmadagascar,fonciereminieremadagascar,Électricité et eaux de Madagascar,"Compagnie Foncière et Minière de Madagascar, puis Foncière, Industrielle et Commerciale de Madagascar, puis Société malgache d'entreprises industrielles",3,belieres-j; cerutti-g; durand-p-pierre
graphitesmashar,graphitesmaskar,Graphites Mashar,« Graphites Maskar »,3,amaury-de-contes-de-bucamps; guillaume-m-michel; kennerley-hall-c
madagascaroildevelopmentcoltd,madagascaroildevelopmentcoltd11pancraslanelondresec,Madagascar Oil development Co Ltd,"Madagascar Oil development Co Ltd 11, Pancras Lane, LONDRES E.C",3,baker-f; engelhard-e; schlesinger-l
exploitationminesorsihanaka,socexploitationminesorsihanaka,Sté anon. d'exploitation des mines d'or de Sihanaka,Soc. an. d'exploitation des MINES d'OR de SIHANAKA,3,harrison-smith-j; richard-wallwork-j; taylor-f
exploitationminesorsihanaka,socminesorandavakoera,Sté anon. d'exploitation des mines d'or de Sihanaka,Soc. des MINES d'OR de l'ANDAVAKOERA,3,harrison-smith-j; richard-wallwork-j; taylor-f
socexploitationminesorsihanaka,socminesorandavakoera,Soc. an. d'exploitation des MINES d'OR de SIHANAKA,Soc. des MINES d'OR de l'ANDAVAKOERA,3,harrison-smith-j; richard-wallwork-j; taylor-f
syndicatlyonnaismadagascar,wharftamatave,Syndicat lyonnais de Madagascar,Société Wharf de Tamatave,3,bauer-l; cauce-c; sescau-j
gisementsauriferesanasaha,syndicatlyonnaisexplorationmadagascar,Société Gisements aurifères d'Anasaha,Syndicat lyonnais d'exploration à Madagascar,3,boussand-l-leon; bouvier; duclaux-monteil-h
gisementsauriferesanasaha,syndicatlyonnaismadagascar,Société Gisements aurifères d'Anasaha,Syndicat lyonnais de Madagascar,3,boussand-l-leon; boussand-l-lucien; fisch-j
agricolesucrierenossibe,nosybeenneindustriesagricoles,Compagnie Agricole et Sucrière de Nossi-Bé,Compagnie Nosybéenne d’Industries agricoles,3,chapuis; chapuis-h; hattu-a
culturescoloniales,produitsagricolestropicaux,Cie de cultures coloniales,Produits agricoles tropicaux,3,carl-du-manoir; chapuis-h; de-la-motte-saint-pierre-f
produitsagricolestropicaux,sambiranaise,Produits agricoles tropicaux,Compagnie Sambiranaise,3,carl-du-manoir; chapuis-h; de-la-motte-saint-pierre-f
agricolesucrierenossibe,tanninscoloniaux,Compagnie Agricole et Sucrière de Nossi-Bé,Tannins coloniaux,3,gueugnier-j; gueugnier-l; schwob-d-hericourt-g
agricolesucrierenossibe,tanninscoloniauxsahambavy,Compagnie Agricole et Sucrière de Nossi-Bé,"Tannins coloniaux, Sahambavy",3,gueugnier-j; gueugnier-l; schwob-d-hericourt-g
nosybeenneindustriesagricoles,sembirano,Compagnie Nosybéenne d’Industries agricoles,SEMBIRANO,3,charbonnel-r; hacault-r; thibaud-p
angevinemadagascar,culture,Sté angevine de Madagascar,CULTURE,3,bigeard; dolbois-a; verchaly-j
conservesalimentairesmontagneambre,phoceennecommercecolonial,Société des Conserves alimentaires de la Montagne d’Ambre,Cie phocéenne de commerce colonial,3,dieppedalle-g; dieppedalle-j; rogliano-m
francomalgachecommissionconsignation,industriellecommercialeemyrne,Société franco-malgache de commission et consignation,Société Industrielle et Commerciale de l'Émyrne,3,dieppedalle-g; dieppedalle-j; rogliano-m
francomalgachecommissionconsignation,phoceennecommercecolonial,Société franco-malgache de commission et consignation,Cie phocéenne de commerce colonial,3,dieppedalle-g; dieppedalle-j; rogliano-m
rossignol,rweinberger,Rossignol,R. Weinberger,3,benazeth-l; copillet; fraise
agricoleindustrielletextilesmadagascar,textilestabacsmadagascarparismajungatananarivesuitecivileetudestextilesmadagascarindustrielleagricoletextilesmadagascar,Société agricole et industrielle des textiles de Madagascar,"Textiles et tabacs de Madagascar, Paris, Majunga, Tananarive. Suite de la Société civile d’études des textiles de Madagascar et de la Société industrielle et agricole des textiles de Madagascar",3,fournes-r; vare-g; velard-e
ileskerguelensaintpaulamsterdam,pechesaustrales,"Cie générale des Iles Kerguelen, Saint-Paul et Amsterdam",Les Pêches australes,3,e-bossiere-h; e-bossiere-r; gauthier-p
ileskerguelenstpaulamsterdam,pechesaustrales,"Cie générale des îles Kerguelen, St-Paul et Amsterdam",Les Pêches australes,3,e-bossiere-h; e-bossiere-r; gauthier-p
malgachecultures,mineraisgrandeile,Société Malgache de Cultures,Société des Minerais de la Grande-Île,3,bouvier-r; piquet-v; saurin-h
mineraisgrandeile,tulear,Société des Minerais de la Grande-Île,TULÉAR,3,bouvier-r; piquet-v; saurin-h
chantiersateliersbassin,conservesalimentairesmontagneambre,Société des Chantiers et ateliers du Bassin,Société des Conserves alimentaires de la Montagne d’Ambre,3,aillaud-a; dieppedalle-j; rogliano-m
gemmesmadagascar,mineraisgrandeile,Société des Gemmes de Madagascar,Société des Minerais de la Grande-Île,3,bevillard-p; lecomte-p; rigal-j
gemmesmadagascar,mineraisgrandelle,Société des Gemmes de Madagascar,Société des Minerais de la Grande-lle,3,bevillard-p; lecomte-p; rigal-j
sambiranaise,sambiranaiseambohimenaparambanja,Compagnie Sambiranaise,"Cie Sambiranaise, AMBOHIMENA, par Ambanja",3,charbonnel-a; de-la-motte-saint-pierre-f; gougaud-j
cafesmadagascar,financieremadagascar,"Les Cafés de Madagascar, puis Malgache de Gérance et d'exploitation",Société Financière de Madagascar,3,beurrier-j-jean; julien-bertrand-beurrier; pres-nevers
fianarantsoa,minierefoncieremalgache,FIANARANTSOA,Société Minière et Foncière Malgache,3,beurrier-j-jean; mouscadet-a; mouscadet-g
betsibokaambatoboeni,grandsdomainesmadagascar,"La Betsiboka, Ambato-Boéni",Les Grands Domaines de Madagascar,2,amundsen-s; briand-g
parisbourbondeveloppementrelationsentre,parisbourbondeveloppementrelationsentrefrance,Paris-Bourbon (Société anon. pour le développement des relations entre la,Paris-Bourbon (Sté anon. pour le développement des relations entre la France,2,benard-l; decler-c
exploitationgraphitesmadagascar,graphitesankaratra,Société d'Exploitation des graphites de Madagascar,Société des Graphites et de l'Ankaratra,2,boulloche-l; cabrol-c
comptoirsextremeorientpoinsardveyretmaisonachat,poinsardveyretcomptoirsextremeorient,"Comptoirs d'Extrême-Orient Poinsard et Veyret, Maison d'achat",Poinsard et Veyret (Comptoirs d'Extrême-Orient,2,poinsard-l; veyret-l
colonialebambao,comptoirscoloniauxchiris,"Société Coloniale de Bambao, puis Comores-Bambao",COMPTOIRS COLONIAUX CHIRIS,2,chiris-g; cunisset-p
colonialebambao,produitsaromatiquesoceanindien,"Société Coloniale de Bambao, puis Comores-Bambao",Société des Produits aromatiques de l'océan Indien,2,chiris-g; gruet-g
colonialebambao,socproduitsaromatiquesoceanindien,"Société Coloniale de Bambao, puis Comores-Bambao",Soc. des PRODUITS AROMATIQUES de l'OCÉAN INDIEN,2,chiris-g; gruet-g
colonialebambaobambao,comptoirscoloniauxchiris,"Société coloniale de Bambao, BAMBAO",COMPTOIRS COLONIAUX CHIRIS,2,chiris-g; cunisset-p
colonialebambaobambao,etablissementsantoinechirisproduitsaromatiqueschimiques,"Société coloniale de Bambao, BAMBAO",Établissements Antoine Chiris (Cie des produits aromatiques chimiques et,2,chiris-g; cunisset-p
colonialebambaobambao,produitsaromatiquesoceanindien,"Société coloniale de Bambao, BAMBAO",Société des Produits aromatiques de l'océan Indien,2,chiris-g; gruet-g
colonialebambaobambao,socproduitsaromatiquesoceanindien,"Société coloniale de Bambao, BAMBAO",Soc. des PRODUITS AROMATIQUES de l'OCÉAN INDIEN,2,chiris-g; gruet-g
comptoirscoloniauxchiris,etablissementsantoinechirisproduitsaromatiqueschimiques,COMPTOIRS COLONIAUX CHIRIS,Établissements Antoine Chiris (Cie des produits aromatiques chimiques et,2,chiris-g; cunisset-p
produitsaromatiquesoceanindien,socproduitsaromatiquesoceanindien,Société des Produits aromatiques de l'océan Indien,Soc. des PRODUITS AROMATIQUES de l'OCÉAN INDIEN,2,chiris-g; gruet-g
afriqueorientale,agricultureindustriecoloniales,Compagnie de l'Afrique Orientale,Compagnie d'Agriculture et d’industrie coloniales,2,michel-cote-c; perben-l
afriqueorientale,entreprisesmaritimesmadagascar,Compagnie de l'Afrique Orientale,Société d'Entreprises Maritimes de Madagascar,2,michel-cote-c; perben-l
afriqueorientale,filaturetissagemadagascar,Compagnie de l'Afrique Orientale,Société de filature et de tissage de Madagascar,2,michel-cote-c; perben-l
afriqueorientale,outremer,Compagnie de l'Afrique Orientale,Compagnie Générale d'Outre-mer,2,michel-cote-c; perben-l
agricultureindustriecoloniales,creditfonciermadagascar,Compagnie d'Agriculture et d’industrie coloniales,Crédit foncier de Madagascar,2,michel-cote-c; perben-l
agricultureindustriecoloniales,creditfonciermadagascarcreditfonciermadagascarreunion,Compagnie d'Agriculture et d’industrie coloniales,"Crédit foncier de Madagascar, Crédit foncier de Madagascar et de la Réunion",2,michel-cote-c; perben-l
approvisionnementsgenerauxdjibouti,navigationmerrouge,Société d’Approvisionnements généraux à Djibouti,Compagnie française de Navigation en mer Rouge,2,gorchs-chacou-f; michel-cote-c
cheminferfrancoethiopiendjiboutiaddisabeba,commercialeabyssinie,Compagnie du Chemin de fer franco-éthiopien de Djibouti à Addis-Abeba,Société Commerciale d’Abyssinie,2,famin; michel-cote-c
cotesomalis,creditfonciermadagascar,Compagnie française de la Côte des Somalis,Crédit foncier de Madagascar,2,gimon-c; michel-cote-c
cotesomalis,creditfonciermadagascarcreditfonciermadagascarreunion,Compagnie française de la Côte des Somalis,"Crédit foncier de Madagascar, Crédit foncier de Madagascar et de la Réunion",2,gimon-c; michel-cote-c
creditfonciermadagascar,entreprisesmaritimesmadagascar,Crédit foncier de Madagascar,Société d'Entreprises Maritimes de Madagascar,2,michel-cote-c; perben-l
creditfonciermadagascar,filaturetissagemadagascar,Crédit foncier de Madagascar,Société de filature et de tissage de Madagascar,2,michel-cote-c; perben-l
creditfonciermadagascar,lyonnaisemadagascar,Crédit foncier de Madagascar,Compagnie Lyonnaise de Madagascar,2,michel-cote-c; perben-l
creditfonciermadagascar,maritimemajunga,Crédit foncier de Madagascar,Compagnie Maritime de Majunga,2,firminy; michel-cote-c
creditfonciermadagascar,outremer,Crédit foncier de Madagascar,Compagnie Générale d'Outre-mer,2,michel-cote-c; perben-l
creditfonciermadagascarcreditfonciermadagascarreunion,entreprisesmaritimesmadagascar,"Crédit foncier de Madagascar, Crédit foncier de Madagascar et de la Réunion",Société d'Entreprises Maritimes de Madagascar,2,michel-cote-c; perben-l
creditfonciermadagascarcreditfonciermadagascarreunion,filaturetissagemadagascar,"Crédit foncier de Madagascar, Crédit foncier de Madagascar et de la Réunion",Société de filature et de tissage de Madagascar,2,michel-cote-c; perben-l
creditfonciermadagascarcreditfonciermadagascarreunion,lyonnaisemadagascar,"Crédit foncier de Madagascar, Crédit foncier de Madagascar et de la Réunion",Compagnie Lyonnaise de Madagascar,2,michel-cote-c; perben-l
creditfonciermadagascarcreditfonciermadagascarreunion,outremer,"Crédit foncier de Madagascar, Crédit foncier de Madagascar et de la Réunion",Compagnie Générale d'Outre-mer,2,michel-cote-c; perben-l
entreprisesmaritimesmadagascar,outremer,Société d'Entreprises Maritimes de Madagascar,Compagnie Générale d'Outre-mer,2,michel-cote-c; perben-l
filaturetissagemadagascar,outremer,Société de filature et de tissage de Madagascar,Compagnie Générale d'Outre-mer,2,michel-cote-c; perben-l
afriqueorientalemaritimecommerciale,cotesomalis,Cie de l'AFRIQUE ORIENTALE MARITIME ET COMMERCIALE,Compagnie française de la Côte des Somalis,2,gimon-c; gorchs-chacou-f
approvisionnementsgenerauxdjibouti,industrielledjibouti,Société d’Approvisionnements généraux à Djibouti,Société Industrielle de Djibouti,2,gimon-c; hachette-r
industrielledjibouti,maritimeafriqueorientale,Société Industrielle de Djibouti,Compagnie Maritime de l'Afrique Orientale,2,gimon-c; hachette-r
cheminferfrancoethiopiendjiboutiaddisabeba,comptoirnationalescompteparis,Compagnie du Chemin de fer franco-éthiopien de Djibouti à Addis-Abeba,Comptoir national d'Escompte de Paris,2,krantz-c; naud-j
industrielledjibouti,salinesdjiboutisfaxmadagascar,Société Industrielle de Djibouti,"Salines de Djibouti, Sfax et Madagascar",2,jambon-c; mingois-g
commerceexterieur,grandsdomainesmadagascar,Société générale de commerce extérieur,Les Grands Domaines de Madagascar,2,allain-e; amundsen-s
commerceexterieur,unionminiereindustrielle,Société générale de commerce extérieur,"Union minière et industrielle, puis Union de mines et industries annexes",2,allain-e; amundsen-s
creditfonciermadagascar,unionminiereindustrielle,Crédit foncier de Madagascar,"Union minière et industrielle, puis Union de mines et industries annexes",2,allain-e; bourdariat-a
creditfonciermadagascarcreditfonciermadagascarreunion,unionminiereindustrielle,"Crédit foncier de Madagascar, Crédit foncier de Madagascar et de la Réunion","Union minière et industrielle, puis Union de mines et industries annexes",2,allain-e; bourdariat-a
entreprisesmaritimesmadagascar,madagascar,Société d'Entreprises Maritimes de Madagascar,"Compagnie Générale de Madagascar, puis Compagnie générale de Madagascar-France",2,perben-l; ravier-c
filaturetissagemadagascar,madagascar,Société de filature et de tissage de Madagascar,"Compagnie Générale de Madagascar, puis Compagnie générale de Madagascar-France",2,perben-l; ravier-c
parismadagascar,rianile,Paris-Madagascar,Rianile,2,burrus-a; burrus-p
agricoleindustriellemadagascar,gmodrin,Compagnie Agricole et Industrielle de Madagascar,G MODRIN,2,besson-l-leon; zafiropulo-g
agricolesucrierenossibe,maritimetransportscoloniaux,Compagnie Agricole et Sucrière de Nossi-Bé,Compagnie Maritime de Transports coloniaux,2,besson-l-leon; zafiropulo-g
cotesomalis,maritimetransportscoloniaux,Compagnie française de la Côte des Somalis,Compagnie Maritime de Transports coloniaux,2,besson-l-leon; roubaud-p
cotesomalis,sucreriesmarseillaisesmadagascarnamakia,Compagnie française de la Côte des Somalis,"Sucreries marseillaises de Madagascar, Namakia",2,besson-l-leon; roubaud-p
gmodrin,maritimetransportscoloniaux,G MODRIN,Compagnie Maritime de Transports coloniaux,2,besson-l-leon; zafiropulo-g
gmodrin,sucreriesmarseillaisesmadagascarnamakia,G MODRIN,"Sucreries marseillaises de Madagascar, Namakia",2,besson-l-leon; zafiropulo-g
cotesomalis,marseillaisemadagascar,Compagnie française de la Côte des Somalis,Compagnie Marseillaise de Madagascar,2,roubaud-p; semana-j
cotesomalis,sucreriesmarseillaisesmadagascar,Compagnie française de la Côte des Somalis,Sucreries marseillaises de Madagascar,2,roubaud; roubaud-p
madagascarautomobile,maritimetransportscoloniaux,Madagascar-automobile,Compagnie Maritime de Transports coloniaux,2,roubaud-p; zafiropulo-g
madagascarautomobile,sucreriesmarseillaisesmadagascar,Madagascar-automobile,Sucreries marseillaises de Madagascar,2,roubaud-p; zafiropulo-g
madagascarautomobile,sucreriesmarseillaisesmadagascarnamakia,Madagascar-automobile,"Sucreries marseillaises de Madagascar, Namakia",2,roubaud-p; zafiropulo-g
madagascarautomobiletananariverenault,maritimetransportscoloniaux,"Madagascar-Automobile, Tananarive. Renault",Compagnie Maritime de Transports coloniaux,2,roubaud-p; zafiropulo-g
madagascarautomobiletananariverenault,sucreriesmarseillaisesmadagascar,"Madagascar-Automobile, Tananarive. Renault",Sucreries marseillaises de Madagascar,2,roubaud-p; zafiropulo-g
madagascarautomobiletananariverenault,sucreriesmarseillaisesmadagascarnamakia,"Madagascar-Automobile, Tananarive. Renault","Sucreries marseillaises de Madagascar, Namakia",2,roubaud-p; zafiropulo-g
maritimetransportscoloniaux,sucreriesmarseillaisesmadagascar,Compagnie Maritime de Transports coloniaux,Sucreries marseillaises de Madagascar,2,roubaud-p; zafiropulo-g
agricolesucrierenossibe,sucreriesmarseillaisesmadagascar,Compagnie Agricole et Sucrière de Nossi-Bé,Sucreries marseillaises de Madagascar,2,guerin-j-joseph; zafiropulo-g
electriciteeauxmadagascar,energieindustrielle,Électricité et eaux de Madagascar,L'Énergie industrielle,2,durand-p-pierre; palliez-a
grandelle,madagor,Grande lle,Madagor,2,j-dubos-b; j-dubos-p
exploitationminesorsihanaka,minesorsihanakalythamtsaratanana,Sté anon. d'exploitation des mines d'or de Sihanaka,"Mines d'or de Sihanaka, Lytham, Tsaratanana",2,harrison-smith-j; taylor-f
minesorsihanakalythamtsaratanana,socexploitationminesorsihanaka,"Mines d'or de Sihanaka, Lytham, Tsaratanana",Soc. an. d'exploitation des MINES d'OR de SIHANAKA,2,harrison-smith-j; taylor-f
minesorsihanakalythamtsaratanana,socminesorandavakoera,"Mines d'or de Sihanaka, Lytham, Tsaratanana",Soc. des MINES d'OR de l'ANDAVAKOERA,2,harrison-smith-j; taylor-f
ambilobe,ankaratra,AMBILOBE,Société de l'Ankaratra,2,cosson-e; du-boullay-r
ankaratra,minesitasy,Société de l'Ankaratra,Mines de l'Itasy,2,cosson-e; mercier-h
culturescoloniales,grandeile,Cie de cultures coloniales,Société La Grande Île,2,chapuis-h; guy-de-la-motte-saint-pierre
grandeile,nosybeenneindustriesagricoles,Société La Grande Île,Compagnie Nosybéenne d’Industries agricoles,2,chapuis-h; guy-de-la-motte-saint-pierre
grandeile,sambiranaise,Société La Grande Île,Compagnie Sambiranaise,2,chapuis-h; guy-de-la-motte-saint-pierre
nosybeenneindustriesagricoles,produitsagricolestropicaux,Compagnie Nosybéenne d’Industries agricoles,Produits agricoles tropicaux,2,carl-du-manoir; chapuis-h
agricolesucrierenossibe,foncieresudmadagascar,Compagnie Agricole et Sucrière de Nossi-Bé,Société Foncière du Sud de Madagascar,2,gueugnier-j; gueugnier-l
foncieresudmadagascar,tanninscoloniaux,Société Foncière du Sud de Madagascar,Tannins coloniaux,2,gueugnier-j; gueugnier-l
foncieresudmadagascar,tanninscoloniauxsahambavy,Société Foncière du Sud de Madagascar,"Tannins coloniaux, Sahambavy",2,gueugnier-j; gueugnier-l
gmodrin,tanninscoloniaux,G MODRIN,Tannins coloniaux,2,gueugnier-l; schwob-d-hericourt-g
gmodrin,tanninscoloniauxsahambavy,G MODRIN,"Tannins coloniaux, Sahambavy",2,gueugnier-l; schwob-d-hericourt-g
agricolesambirano,sambiranaise,Société Agricole du Sambirano,Compagnie Sambiranaise,2,tardieu-l; thibaud-p
cotesomalis,nosybeenneindustriesagricoles,Compagnie française de la Côte des Somalis,Compagnie Nosybéenne d’Industries agricoles,2,tardieu; tardieu-l
beryl,madagascar,Compagnie Générale du béryl,"Compagnie Générale de Madagascar, puis Compagnie générale de Madagascar-France",2,bergey-j; bergey-n
francomalgacheentreprises,occidentalemadagascar,Cie Franco-Malgache d'Entreprises,Compagnie Occidentale de Madagascar,2,delcher-j; javet-a
cotieremadagascar,francomalgacheentreprises,Compagnie Côtière de Madagascar,Cie Franco-Malgache d'Entreprises,2,angoulvant-g; morillon-a
agricolesucrierenossibe,grandsdomainesmadagascar,Compagnie Agricole et Sucrière de Nossi-Bé,Les Grands Domaines de Madagascar,2,legrand-r; schwob-d-hericourt-g
gmodrin,grandsdomainesmadagascar,G MODRIN,Les Grands Domaines de Madagascar,2,legrand-r; schwob-d-hericourt-g
ileskerguelensaintpaulamsterdamfreresrenehenrybossiere,ileskerguelenstpaulamsterdam,"Compagnie Générale des îles Kerguelen, Saint-Paul et Amsterdam . Les frères Réné et Henry Bossière","Cie générale des îles Kerguelen, St-Paul et Amsterdam",2,couvreux-a; gauthier-p
lyonnaisemadagascar,rossignol,Compagnie Lyonnaise de Madagascar,Rossignol,2,ambositra; vatomandry
malgachecultures,salinesdjiboutisfaxmadagascar,Société Malgache de Cultures,"Salines de Djibouti, Sfax et Madagascar",2,bouvier-r; piquet-v
mineraisgrandeile,salinesdjiboutisfaxmadagascar,Société des Minerais de la Grande-Île,"Salines de Djibouti, Sfax et Madagascar",2,bouvier-r; piquet-v
salinesdjiboutisfaxmadagascar,tulear,"Salines de Djibouti, Sfax et Madagascar",TULÉAR,2,bouvier-r; piquet-v
graphites,malgachecultures,Société Générale des Graphites,Société Malgache de Cultures,2,piquet-v; saurin-h
graphites,tulear,Société Générale des Graphites,TULÉAR,2,piquet-v; saurin-h
malgachecultures,mineraisgrandelle,Société Malgache de Cultures,Société des Minerais de la Grande-lle,2,piquet-v; saurin-h
mineraisgrandeile,uniongraphites,Société des Minerais de la Grande-Île,L'Union des graphites,2,lecomte-p; piquet-v
mineraisgrandelle,tulear,Société des Minerais de la Grande-lle,TULÉAR,2,piquet-v; saurin-h
mineraisgrandelle,uniongraphites,Société des Minerais de la Grande-lle,L'Union des graphites,2,lecomte-p; piquet-v
socglegraphites,uniongraphites,Soc. gle des GRAPHITES,L'Union des graphites,2,lancrenon-p; piquet-v
agricultureindustriecoloniales,mahajamba,Compagnie d'Agriculture et d’industrie coloniales,La Mahajamba,2,de-la-morandiere-l; ravier-c
lyonnaisemadagascar,mahajamba,Compagnie Lyonnaise de Madagascar,La Mahajamba,2,de-la-morandiere-l; ravier-c
madagascar,mahajamba,"Compagnie Générale de Madagascar, puis Compagnie générale de Madagascar-France",La Mahajamba,2,de-la-morandiere-l; ravier-c
chantiersateliersbassin,industriellecommercialeemyrne,Société des Chantiers et ateliers du Bassin,Société Industrielle et Commerciale de l'Émyrne,2,dieppedalle-j; rogliano-m
chantiersateliersbassin,phoceennecommercecolonial,Société des Chantiers et ateliers du Bassin,Cie phocéenne de commerce colonial,2,dieppedalle-j; rogliano-m
electriciteeauxmadagascar,fonciereindustriellecommercialemadagascar,Électricité et eaux de Madagascar,"Cie foncière, industrielle et commerciale de Madagascar",2,belieres-j; cerutti-g
electriciteeauxmadagascar,malgachefibrestextilesderives,Électricité et eaux de Madagascar,Sté malgache de fibres textiles et dérivés,2,guinaudeau-h; queroy-e
gemmesmadagascar,graphites,Société des Gemmes de Madagascar,Société Générale des Graphites,2,bevillard-p; rigal-j
gemmesmadagascar,socgemmesmadagascar,Société des Gemmes de Madagascar,Soc. des GEMMES de MADAGASCAR,2,grandin-l; l-krafft
elevagepecheindustriemadagascar,produitsalimentaires,"Société pour l'Élevage, la pêche et l'industrie à Madagascar",Compagnie Générale de produits alimentaires,2,lelievre-g; lelievre-h
elevagepecheindustriemadagascar,rochefortaiseproduitsalimentaires,"Société pour l'Élevage, la pêche et l'industrie à Madagascar","Société Rochefortaise de produits alimentaires, puis Rochefortaise S.A.",2,lelievre-g; lelievre-h
rochefortaiseproduitsalimentaires,tananariviennerefrigerationboissonsgazeusesantsirabediegosuareztulear,"Société Rochefortaise de produits alimentaires, puis Rochefortaise S.A.","Société Tananarivienne de Réfrigération et de boissons gazeuses, Antsirabé, Diégo-Suarez, Tuléar",2,lelievre-h; sicard-f
batelagechargeurstamatave,porttamatave,Société de batelage des Chargeurs de Tamatave,Port de Tamatave,2,hoareau-e; nativel-e
maximedarrieuxfils,tanneriesmadagascar,Société anon. Maxime Darrieux et Fils,Tanneries de Madagascar,2,darrieux-y; pequignot-j
nosybeenneindustriesagricoles,sambiranaiseambohimenaparambanja,Compagnie Nosybéenne d’Industries agricoles,"Cie Sambiranaise, AMBOHIMENA, par Ambanja",2,charbonnel-a; gougaud-j
agencecentraleparis,saintdenis,Agence centrale à PARIS,SAINT-DENIS,2,cornu-h; rabot-j
betsibokaambatoboeni,colonialeagricolecommercialeindustriellesucreriescoloniales,"La Betsiboka, Ambato-Boéni","Société coloniale, agricole, commerciale et industrielle Sucreries coloniales",1,briand-g
betsibokaambatoboeni,creditfonciercolonial,"La Betsiboka, Ambato-Boéni",Crédit foncier colonial,1,briand-g
betsibokaambatoboeni,rhumspurs,"La Betsiboka, Ambato-Boéni",Compagnie des Rhums purs,1,briand-g
betsibokaambatoboeni,sucreriescoloniales,"La Betsiboka, Ambato-Boéni",Sucreries coloniales,1,briand-g
betsibokaambatoboeni,sucreriescolonialescolonialeagricolecommerciale,"La Betsiboka, Ambato-Boéni","Sucreries coloniales (Société coloniale, agricole, commerciale et",1,briand-g
colonialeagricolecommercialeindustriellesucreriescoloniales,grandsdomainesmadagascar,"Société coloniale, agricole, commerciale et industrielle Sucreries coloniales",Les Grands Domaines de Madagascar,1,briand-g
creditfonciercolonial,grandsdomainesmadagascar,Crédit foncier colonial,Les Grands Domaines de Madagascar,1,briand-g
grandsdomainesmadagascar,rhumspurs,Les Grands Domaines de Madagascar,Compagnie des Rhums purs,1,briand-g
grandsdomainesmadagascar,sucreriescoloniales,Les Grands Domaines de Madagascar,Sucreries coloniales,1,briand-g
grandsdomainesmadagascar,sucreriescolonialescolonialeagricolecommerciale,Les Grands Domaines de Madagascar,"Sucreries coloniales (Société coloniale, agricole, commerciale et",1,briand-g
parisbourbondeveloppementrelationsentre,raphaeldouyere,Paris-Bourbon (Société anon. pour le développement des relations entre la,Raphaël Douyère,1,benard-l
parisbourbondeveloppementrelationsentre,rhumspurs,Paris-Bourbon (Société anon. pour le développement des relations entre la,Compagnie des Rhums purs,1,benard-l
parisbourbondeveloppementrelationsentre,sucreriescoloniales,Paris-Bourbon (Société anon. pour le développement des relations entre la,Sucreries coloniales,1,benard-l
parisbourbondeveloppementrelationsentrefrance,raphaeldouyere,Paris-Bourbon (Sté anon. pour le développement des relations entre la France,Raphaël Douyère,1,benard-l
parisbourbondeveloppementrelationsentrefrance,rhumspurs,Paris-Bourbon (Sté anon. pour le développement des relations entre la France,Compagnie des Rhums purs,1,benard-l
parisbourbondeveloppementrelationsentrefrance,sucreriescoloniales,Paris-Bourbon (Sté anon. pour le développement des relations entre la France,Sucreries coloniales,1,benard-l
raphaeldouyere,rhumspurs,Raphaël Douyère,Compagnie des Rhums purs,1,benard-l
raphaeldouyere,sucreriescoloniales,Raphaël Douyère,Sucreries coloniales,1,benard-l
agricolemadagascar,colonialeagricolecommercialeindustriellesucreriescoloniales,Société Agricole de Madagascar,"Société coloniale, agricole, commerciale et industrielle Sucreries coloniales",1,boulloche-l
agricolemadagascar,sucreriescoloniales,Société Agricole de Madagascar,Sucreries coloniales,1,boulloche-l
agricolemadagascar,sucreriescolonialescolonialeagricolecommerciale,Société Agricole de Madagascar,"Sucreries coloniales (Société coloniale, agricole, commerciale et",1,boulloche-l
colonialeagricolecommercialeindustriellesucreriescoloniales,exploitationgraphitesmadagascar,"Société coloniale, agricole, commerciale et industrielle Sucreries coloniales",Société d'Exploitation des graphites de Madagascar,1,boulloche-l
colonialeagricolecommercialeindustriellesucreriescoloniales,graphitesankaratra,"Société coloniale, agricole, commerciale et industrielle Sucreries coloniales",Société des Graphites et de l'Ankaratra,1,boulloche-l
exploitationgraphitesmadagascar,sucreriescoloniales,Société d'Exploitation des graphites de Madagascar,Sucreries coloniales,1,boulloche-l
exploitationgraphitesmadagascar,sucreriescolonialescolonialeagricolecommerciale,Société d'Exploitation des graphites de Madagascar,"Sucreries coloniales (Société coloniale, agricole, commerciale et",1,boulloche-l
graphitesankaratra,sucreriescoloniales,Société des Graphites et de l'Ankaratra,Sucreries coloniales,1,boulloche-l
graphitesankaratra,sucreriescolonialescolonialeagricolecommerciale,Société des Graphites et de l'Ankaratra,"Sucreries coloniales (Société coloniale, agricole, commerciale et",1,boulloche-l
agricoleindustriellemadagascar,colonialeagricolecommercialeindustriellesucreriescoloniales,Compagnie Agricole et Industrielle de Madagascar,"Société coloniale, agricole, commerciale et industrielle Sucreries coloniales",1,artaud-a-adrien
agricoleindustriellemadagascar,sucreriescolonialescolonialeagricolecommerciale,Compagnie Agricole et Industrielle de Madagascar,"Sucreries coloniales (Société coloniale, agricole, commerciale et",1,artaud-a-adrien
colonialeagricolecommercialeindustriellesucreriescoloniales,maritimetransportscoloniaux,"Société coloniale, agricole, commerciale et industrielle Sucreries coloniales",Compagnie Maritime de Transports coloniaux,1,artaud-a-adrien
colonialeagricolecommercialeindustriellesucreriescoloniales,sucreriesmarseillaisesmadagascarnamakia,"Société coloniale, agricole, commerciale et industrielle Sucreries coloniales","Sucreries marseillaises de Madagascar, Namakia",1,artaud-a-adrien
maritimetransportscoloniaux,sucreriescolonialescolonialeagricolecommerciale,Compagnie Maritime de Transports coloniaux,"Sucreries coloniales (Société coloniale, agricole, commerciale et",1,artaud-a-adrien
sucreriescolonialescolonialeagricolecommerciale,sucreriesmarseillaisesmadagascarnamakia,"Sucreries coloniales (Société coloniale, agricole, commerciale et","Sucreries marseillaises de Madagascar, Namakia",1,artaud-a-adrien
creditfonciermadagascar,sucreriescoloniales,Crédit foncier de Madagascar,Sucreries coloniales,1,artaud-a
civilefomboni,colonialebambao,Sté civile de Fomboni,"Société Coloniale de Bambao, puis Comores-Bambao",1,chiris-g
civilefomboni,colonialebambaobambao,Sté civile de Fomboni,"Société coloniale de Bambao, BAMBAO",1,chiris-g
civilefomboni,comptoirscoloniauxchiris,Sté civile de Fomboni,COMPTOIRS COLONIAUX CHIRIS,1,chiris-g
civilefomboni,etablissementsantoinechirisproduitsaromatiqueschimiques,Sté civile de Fomboni,Établissements Antoine Chiris (Cie des produits aromatiques chimiques et,1,chiris-g
civilefomboni,grandecomore,Sté civile de Fomboni,Grande-Comore,1,chiris-g
civilefomboni,produitsaromatiquesoceanindien,Sté civile de Fomboni,Société des Produits aromatiques de l'océan Indien,1,chiris-g
civilefomboni,socproduitsaromatiquesoceanindien,Sté civile de Fomboni,Soc. des PRODUITS AROMATIQUES de l'OCÉAN INDIEN,1,chiris-g
civilefombonimoheli,colonialebambao,"Société civile de Fomboni, MOHÉLI","Société Coloniale de Bambao, puis Comores-Bambao",1,chiris-g
civilefombonimoheli,colonialebambaobambao,"Société civile de Fomboni, MOHÉLI","Société coloniale de Bambao, BAMBAO",1,chiris-g
civilefombonimoheli,comptoirscoloniauxchiris,"Société civile de Fomboni, MOHÉLI",COMPTOIRS COLONIAUX CHIRIS,1,chiris-g
civilefombonimoheli,etablissementsantoinechirisproduitsaromatiqueschimiques,"Société civile de Fomboni, MOHÉLI",Établissements Antoine Chiris (Cie des produits aromatiques chimiques et,1,chiris-g
civilefombonimoheli,grandecomore,"Société civile de Fomboni, MOHÉLI",Grande-Comore,1,chiris-g
civilefombonimoheli,produitsaromatiquesoceanindien,"Société civile de Fomboni, MOHÉLI",Société des Produits aromatiques de l'océan Indien,1,chiris-g
civilefombonimoheli,socproduitsaromatiquesoceanindien,"Société civile de Fomboni, MOHÉLI",Soc. des PRODUITS AROMATIQUES de l'OCÉAN INDIEN,1,chiris-g
comptoirscoloniauxchiris,grandecomore,COMPTOIRS COLONIAUX CHIRIS,Grande-Comore,1,chiris-g
comptoirscoloniauxchiris,produitsaromatiquesoceanindien,COMPTOIRS COLONIAUX CHIRIS,Société des Produits aromatiques de l'océan Indien,1,chiris-g
comptoirscoloniauxchiris,socproduitsaromatiquesoceanindien,COMPTOIRS COLONIAUX CHIRIS,Soc. des PRODUITS AROMATIQUES de l'OCÉAN INDIEN,1,chiris-g
etablissementsantoinechirisproduitsaromatiqueschimiques,grandecomore,Établissements Antoine Chiris (Cie des produits aromatiques chimiques et,Grande-Comore,1,chiris-g
etablissementsantoinechirisproduitsaromatiqueschimiques,produitsaromatiquesoceanindien,Établissements Antoine Chiris (Cie des produits aromatiques chimiques et,Société des Produits aromatiques de l'océan Indien,1,chiris-g
etablissementsantoinechirisproduitsaromatiqueschimiques,socproduitsaromatiquesoceanindien,Établissements Antoine Chiris (Cie des produits aromatiques chimiques et,Soc. des PRODUITS AROMATIQUES de l'OCÉAN INDIEN,1,chiris-g
grandecomore,produitsaromatiquesoceanindien,Grande-Comore,Société des Produits aromatiques de l'océan Indien,1,chiris-g
grandecomore,socproduitsaromatiquesoceanindien,Grande-Comore,Soc. des PRODUITS AROMATIQUES de l'OCÉAN INDIEN,1,chiris-g
afriqueorientale,cheminferfrancoethiopiendjiboutiaddisabeba,Compagnie de l'Afrique Orientale,Compagnie du Chemin de fer franco-éthiopien de Djibouti à Addis-Abeba,1,michel-cote-c
afriqueorientale,commercialeabyssinie,Compagnie de l'Afrique Orientale,Société Commerciale d’Abyssinie,1,michel-cote-c
afriqueorientale,maritimemajunga,Compagnie de l'Afrique Orientale,Compagnie Maritime de Majunga,1,michel-cote-c
agricultureindustriecoloniales,approvisionnementsgenerauxdjibouti,Compagnie d'Agriculture et d’industrie coloniales,Société d’Approvisionnements généraux à Djibouti,1,michel-cote-c
agricultureindustriecoloniales,cheminferfrancoethiopiendjiboutiaddisabeba,Compagnie d'Agriculture et d’industrie coloniales,Compagnie du Chemin de fer franco-éthiopien de Djibouti à Addis-Abeba,1,michel-cote-c
agricultureindustriecoloniales,commercialeabyssinie,Compagnie d'Agriculture et d’industrie coloniales,Société Commerciale d’Abyssinie,1,michel-cote-c
agricultureindustriecoloniales,cotesomalis,Compagnie d'Agriculture et d’industrie coloniales,Compagnie française de la Côte des Somalis,1,michel-cote-c
agricultureindustriecoloniales,maritimeafriqueorientale,Compagnie d'Agriculture et d’industrie coloniales,Compagnie Maritime de l'Afrique Orientale,1,michel-cote-c
agricultureindustriecoloniales,maritimemajunga,Compagnie d'Agriculture et d’industrie coloniales,Compagnie Maritime de Majunga,1,michel-cote-c
agricultureindustriecoloniales,navigationmerrouge,Compagnie d'Agriculture et d’industrie coloniales,Compagnie française de Navigation en mer Rouge,1,michel-cote-c
approvisionnementsgenerauxdjibouti,cheminferfrancoethiopiendjiboutiaddisabeba,Société d’Approvisionnements généraux à Djibouti,Compagnie du Chemin de fer franco-éthiopien de Djibouti à Addis-Abeba,1,michel-cote-c
approvisionnementsgenerauxdjibouti,commercialeabyssinie,Société d’Approvisionnements généraux à Djibouti,Société Commerciale d’Abyssinie,1,michel-cote-c
approvisionnementsgenerauxdjibouti,entreprisesmaritimesmadagascar,Société d’Approvisionnements généraux à Djibouti,Société d'Entreprises Maritimes de Madagascar,1,michel-cote-c
approvisionnementsgenerauxdjibouti,filaturetissagemadagascar,Société d’Approvisionnements généraux à Djibouti,Société de filature et de tissage de Madagascar,1,michel-cote-c
approvisionnementsgenerauxdjibouti,lyonnaisemadagascar,Société d’Approvisionnements généraux à Djibouti,Compagnie Lyonnaise de Madagascar,1,michel-cote-c
approvisionnementsgenerauxdjibouti,maritimemajunga,Société d’Approvisionnements généraux à Djibouti,Compagnie Maritime de Majunga,1,michel-cote-c
approvisionnementsgenerauxdjibouti,outremer,Société d’Approvisionnements généraux à Djibouti,Compagnie Générale d'Outre-mer,1,michel-cote-c
cheminferfrancoethiopiendjiboutiaddisabeba,cotesomalis,Compagnie du Chemin de fer franco-éthiopien de Djibouti à Addis-Abeba,Compagnie française de la Côte des Somalis,1,michel-cote-c
cheminferfrancoethiopiendjiboutiaddisabeba,creditfonciermadagascar,Compagnie du Chemin de fer franco-éthiopien de Djibouti à Addis-Abeba,Crédit foncier de Madagascar,1,michel-cote-c
cheminferfrancoethiopiendjiboutiaddisabeba,creditfonciermadagascarcreditfonciermadagascarreunion,Compagnie du Chemin de fer franco-éthiopien de Djibouti à Addis-Abeba,"Crédit foncier de Madagascar, Crédit foncier de Madagascar et de la Réunion",1,michel-cote-c
cheminferfrancoethiopiendjiboutiaddisabeba,entreprisesmaritimesmadagascar,Compagnie du Chemin de fer franco-éthiopien de Djibouti à Addis-Abeba,Société d'Entreprises Maritimes de Madagascar,1,michel-cote-c
cheminferfrancoethiopiendjiboutiaddisabeba,filaturetissagemadagascar,Compagnie du Chemin de fer franco-éthiopien de Djibouti à Addis-Abeba,Société de filature et de tissage de Madagascar,1,michel-cote-c
cheminferfrancoethiopiendjiboutiaddisabeba,lyonnaisemadagascar,Compagnie du Chemin de fer franco-éthiopien de Djibouti à Addis-Abeba,Compagnie Lyonnaise de Madagascar,1,michel-cote-c
cheminferfrancoethiopiendjiboutiaddisabeba,maritimeafriqueorientale,Compagnie du Chemin de fer franco-éthiopien de Djibouti à Addis-Abeba,Compagnie Maritime de l'Afrique Orientale,1,michel-cote-c
cheminferfrancoethiopiendjiboutiaddisabeba,maritimemajunga,Compagnie du Chemin de fer franco-éthiopien de Djibouti à Addis-Abeba,Compagnie Maritime de Majunga,1,michel-cote-c
cheminferfrancoethiopiendjiboutiaddisabeba,navigationmerrouge,Compagnie du Chemin de fer franco-éthiopien de Djibouti à Addis-Abeba,Compagnie française de Navigation en mer Rouge,1,michel-cote-c
cheminferfrancoethiopiendjiboutiaddisabeba,outremer,Compagnie du Chemin de fer franco-éthiopien de Djibouti à Addis-Abeba,Compagnie Générale d'Outre-mer,1,michel-cote-c
commercialeabyssinie,cotesomalis,Société Commerciale d’Abyssinie,Compagnie française de la Côte des Somalis,1,michel-cote-c
commercialeabyssinie,creditfonciermadagascar,Société Commerciale d’Abyssinie,Crédit foncier de Madagascar,1,michel-cote-c
commercialeabyssinie,creditfonciermadagascarcreditfonciermadagascarreunion,Société Commerciale d’Abyssinie,"Crédit foncier de Madagascar, Crédit foncier de Madagascar et de la Réunion",1,michel-cote-c
commercialeabyssinie,entreprisesmaritimesmadagascar,Société Commerciale d’Abyssinie,Société d'Entreprises Maritimes de Madagascar,1,michel-cote-c
commercialeabyssinie,filaturetissagemadagascar,Société Commerciale d’Abyssinie,Société de filature et de tissage de Madagascar,1,michel-cote-c
commercialeabyssinie,lyonnaisemadagascar,Société Commerciale d’Abyssinie,Compagnie Lyonnaise de Madagascar,1,michel-cote-c
commercialeabyssinie,maritimeafriqueorientale,Société Commerciale d’Abyssinie,Compagnie Maritime de l'Afrique Orientale,1,michel-cote-c
commercialeabyssinie,maritimemajunga,Société Commerciale d’Abyssinie,Compagnie Maritime de Majunga,1,michel-cote-c
commercialeabyssinie,navigationmerrouge,Société Commerciale d’Abyssinie,Compagnie française de Navigation en mer Rouge,1,michel-cote-c
commercialeabyssinie,outremer,Société Commerciale d’Abyssinie,Compagnie Générale d'Outre-mer,1,michel-cote-c
cotesomalis,entreprisesmaritimesmadagascar,Compagnie française de la Côte des Somalis,Société d'Entreprises Maritimes de Madagascar,1,michel-cote-c
cotesomalis,filaturetissagemadagascar,Compagnie française de la Côte des Somalis,Société de filature et de tissage de Madagascar,1,michel-cote-c
cotesomalis,lyonnaisemadagascar,Compagnie française de la Côte des Somalis,Compagnie Lyonnaise de Madagascar,1,michel-cote-c
cotesomalis,maritimemajunga,Compagnie française de la Côte des Somalis,Compagnie Maritime de Majunga,1,michel-cote-c
cotesomalis,outremer,Compagnie française de la Côte des Somalis,Compagnie Générale d'Outre-mer,1,michel-cote-c
creditfonciermadagascar,navigationmerrouge,Crédit foncier de Madagascar,Compagnie française de Navigation en mer Rouge,1,michel-cote-c
creditfonciermadagascarcreditfonciermadagascarreunion,maritimemajunga,"Crédit foncier de Madagascar, Crédit foncier de Madagascar et de la Réunion",Compagnie Maritime de Majunga,1,michel-cote-c
creditfonciermadagascarcreditfonciermadagascarreunion,navigationmerrouge,"Crédit foncier de Madagascar, Crédit foncier de Madagascar et de la Réunion",Compagnie française de Navigation en mer Rouge,1,michel-cote-c
entreprisesmaritimesmadagascar,maritimeafriqueorientale,Société d'Entreprises Maritimes de Madagascar,Compagnie Maritime de l'Afrique Orientale,1,michel-cote-c
entreprisesmaritimesmadagascar,maritimemajunga,Société d'Entreprises Maritimes de Madagascar,Compagnie Maritime de Majunga,1,michel-cote-c
entreprisesmaritimesmadagascar,navigationmerrouge,Société d'Entreprises Maritimes de Madagascar,Compagnie française de Navigation en mer Rouge,1,michel-cote-c
filaturetissagemadagascar,maritimeafriqueorientale,Société de filature et de tissage de Madagascar,Compagnie Maritime de l'Afrique Orientale,1,michel-cote-c
filaturetissagemadagascar,maritimemajunga,Société de filature et de tissage de Madagascar,Compagnie Maritime de Majunga,1,michel-cote-c
filaturetissagemadagascar,navigationmerrouge,Société de filature et de tissage de Madagascar,Compagnie française de Navigation en mer Rouge,1,michel-cote-c
lyonnaisemadagascar,maritimeafriqueorientale,Compagnie Lyonnaise de Madagascar,Compagnie Maritime de l'Afrique Orientale,1,michel-cote-c
lyonnaisemadagascar,maritimemajunga,Compagnie Lyonnaise de Madagascar,Compagnie Maritime de Majunga,1,michel-cote-c
lyonnaisemadagascar,navigationmerrouge,Compagnie Lyonnaise de Madagascar,Compagnie française de Navigation en mer Rouge,1,michel-cote-c
maritimeafriqueorientale,maritimemajunga,Compagnie Maritime de l'Afrique Orientale,Compagnie Maritime de Majunga,1,michel-cote-c
maritimeafriqueorientale,outremer,Compagnie Maritime de l'Afrique Orientale,Compagnie Générale d'Outre-mer,1,michel-cote-c
maritimemajunga,navigationmerrouge,Compagnie Maritime de Majunga,Compagnie française de Navigation en mer Rouge,1,michel-cote-c
maritimemajunga,outremer,Compagnie Maritime de Majunga,Compagnie Générale d'Outre-mer,1,michel-cote-c
navigationmerrouge,outremer,Compagnie française de Navigation en mer Rouge,Compagnie Générale d'Outre-mer,1,michel-cote-c
afriqueorientalemaritimecommerciale,navigationmerrouge,Cie de l'AFRIQUE ORIENTALE MARITIME ET COMMERCIALE,Compagnie française de Navigation en mer Rouge,1,gorchs-chacou-f
afriqueorientalemaritimecommerciale,creditfonciermadagascar,Cie de l'AFRIQUE ORIENTALE MARITIME ET COMMERCIALE,Crédit foncier de Madagascar,1,gimon-c
afriqueorientalemaritimecommerciale,creditfonciermadagascarcreditfonciermadagascarreunion,Cie de l'AFRIQUE ORIENTALE MARITIME ET COMMERCIALE,"Crédit foncier de Madagascar, Crédit foncier de Madagascar et de la Réunion",1,gimon-c
cotesomalis,industrielledjibouti,Compagnie française de la Côte des Somalis,Société Industrielle de Djibouti,1,gimon-c
creditfonciermadagascar,industrielledjibouti,Crédit foncier de Madagascar,Société Industrielle de Djibouti,1,gimon-c
creditfonciermadagascarcreditfonciermadagascarreunion,industrielledjibouti,"Crédit foncier de Madagascar, Crédit foncier de Madagascar et de la Réunion",Société Industrielle de Djibouti,1,gimon-c
cheminferfrancoethiopiendjiboutiaddisabeba,industrielledjibouti,Compagnie du Chemin de fer franco-éthiopien de Djibouti à Addis-Abeba,Société Industrielle de Djibouti,1,homberg-o
cheminferfrancoethiopiendjiboutiaddisabeba,mineraisgrandeile,Compagnie du Chemin de fer franco-éthiopien de Djibouti à Addis-Abeba,Société des Minerais de la Grande-Île,1,homberg-o
cheminferfrancoethiopiendjiboutiaddisabeba,plantesparfumsmadagascar,Compagnie du Chemin de fer franco-éthiopien de Djibouti à Addis-Abeba,Plantes à parfums de Madagascar,1,homberg-o
cheminferfrancoethiopiendjiboutiaddisabeba,salinesdjibouti,Compagnie du Chemin de fer franco-éthiopien de Djibouti à Addis-Abeba,Société des salines de Djibouti,1,homberg-o
cheminferfrancoethiopiendjiboutiaddisabeba,socplantesparfumsmadagascar,Compagnie du Chemin de fer franco-éthiopien de Djibouti à Addis-Abeba,Soc. des PLANTES à PARFUMS de MADAGASCAR,1,homberg-o
industrielledjibouti,mineraisgrandeile,Société Industrielle de Djibouti,Société des Minerais de la Grande-Île,1,homberg-o
industrielledjibouti,plantesparfumsmadagascar,Société Industrielle de Djibouti,Plantes à parfums de Madagascar,1,homberg-o
industrielledjibouti,socplantesparfumsmadagascar,Société Industrielle de Djibouti,Soc. des PLANTES à PARFUMS de MADAGASCAR,1,homberg-o
mineraisgrandeile,salinesdjibouti,Société des Minerais de la Grande-Île,Société des salines de Djibouti,1,homberg-o
mineraisgrandeile,socplantesparfumsmadagascar,Société des Minerais de la Grande-Île,Soc. des PLANTES à PARFUMS de MADAGASCAR,1,homberg-o
plantesparfumsmadagascar,salinesdjibouti,Plantes à parfums de Madagascar,Société des salines de Djibouti,1,homberg-o
salinesdjibouti,socplantesparfumsmadagascar,Société des salines de Djibouti,Soc. des PLANTES à PARFUMS de MADAGASCAR,1,homberg-o
abyssinie,electriciteentreprisesmadagascar,Compagnie Générale d’Abyssinie,Société d'électricité et d'entreprises à Madagascar,1,allain-m
agricolesucrierenossibe,commercialeabyssinie,Compagnie Agricole et Sucrière de Nossi-Bé,Société Commerciale d’Abyssinie,1,schwob-j
banquemadagascarcomores,colonialemadagascar,Banque de Madagascar et des Comores,Compagnie Coloniale Française de Madagascar,1,boyer-p
banquemadagascarcomores,comptoirnationalescompteparis,Banque de Madagascar et des Comores,Comptoir national d'Escompte de Paris,1,boyer-p
banquemadagascarcomores,magasinsgenerauxentrepotsmadagascar,Banque de Madagascar et des Comores,Société des Magasins généraux et entrepôts de Madagascar,1,boyer-p
colonialemadagascar,comptoirnationalescompteparis,Compagnie Coloniale Française de Madagascar,Comptoir national d'Escompte de Paris,1,boyer-p
comptoirnationalescompteparis,magasinsgenerauxentrepotsmadagascar,Comptoir national d'Escompte de Paris,Société des Magasins généraux et entrepôts de Madagascar,1,boyer-p
commerceexterieur,creditfonciermadagascar,Société générale de commerce extérieur,Crédit foncier de Madagascar,1,allain-e
commerceexterieur,creditfonciermadagascarcreditfonciermadagascarreunion,Société générale de commerce extérieur,"Crédit foncier de Madagascar, Crédit foncier de Madagascar et de la Réunion",1,allain-e
commercialetransvaalmadagascar,lyonnaisemadagascar,"Cie Commerciale du Transvaal et de Madagascar, puis Commerciale de Madagascar, puis Commerciale et Minière de Madagascar",Compagnie Lyonnaise de Madagascar,1,prenat-e
commercialetransvaalmadagascar,outremer,"Cie Commerciale du Transvaal et de Madagascar, puis Commerciale de Madagascar, puis Commerciale et Minière de Madagascar",Compagnie Générale d'Outre-mer,1,prenat-e
afriqueorientale,arsenesaupiquet,Compagnie de l'Afrique Orientale,Arsène Saupiquet,1,perben-l
afriqueorientale,madagascar,Compagnie de l'Afrique Orientale,"Compagnie Générale de Madagascar, puis Compagnie générale de Madagascar-France",1,perben-l
agricultureindustriecoloniales,arsenesaupiquet,Compagnie d'Agriculture et d’industrie coloniales,Arsène Saupiquet,1,perben-l
arsenesaupiquet,creditfonciermadagascar,Arsène Saupiquet,Crédit foncier de Madagascar,1,perben-l
arsenesaupiquet,creditfonciermadagascarcreditfonciermadagascarreunion,Arsène Saupiquet,"Crédit foncier de Madagascar, Crédit foncier de Madagascar et de la Réunion",1,perben-l
arsenesaupiquet,entreprisesmaritimesmadagascar,Arsène Saupiquet,Société d'Entreprises Maritimes de Madagascar,1,perben-l
arsenesaupiquet,filaturetissagemadagascar,Arsène Saupiquet,Société de filature et de tissage de Madagascar,1,perben-l
arsenesaupiquet,lyonnaisemadagascar,Arsène Saupiquet,Compagnie Lyonnaise de Madagascar,1,perben-l
arsenesaupiquet,madagascar,Arsène Saupiquet,"Compagnie Générale de Madagascar, puis Compagnie générale de Madagascar-France",1,perben-l
arsenesaupiquet,outremer,Arsène Saupiquet,Compagnie Générale d'Outre-mer,1,perben-l
creditfonciermadagascar,madagascar,Crédit foncier de Madagascar,"Compagnie Générale de Madagascar, puis Compagnie générale de Madagascar-France",1,perben-l
creditfonciermadagascarcreditfonciermadagascarreunion,madagascar,"Crédit foncier de Madagascar, Crédit foncier de Madagascar et de la Réunion","Compagnie Générale de Madagascar, puis Compagnie générale de Madagascar-France",1,perben-l
madagascar,outremer,"Compagnie Générale de Madagascar, puis Compagnie générale de Madagascar-France",Compagnie Générale d'Outre-mer,1,perben-l
betsibokaambatoboeni,commerceexterieur,"La Betsiboka, Ambato-Boéni",Société générale de commerce extérieur,1,amundsen-s
betsibokaambatoboeni,unionminiereindustrielle,"La Betsiboka, Ambato-Boéni","Union minière et industrielle, puis Union de mines et industries annexes",1,amundsen-s
importationsexportationscommission,phoceennecommercecolonial,"Société d'importations, d'exportations et de commission",Cie phocéenne de commerce colonial,1,vouland-l
phoceennecommercecolonial,socindustriellecommercialeemyrne,Cie phocéenne de commerce colonial,Soc. industrielle et commerciale de l'EMYRNE,1,vouland-l
colonialemadagascar,minesorsoavinarivo,Compagnie Coloniale Française de Madagascar,Mines d'or de Soavinarivo,1,thiebaut-v
magasinsgenerauxentrepotsmadagascar,minesorsoavinarivo,Société des Magasins généraux et entrepôts de Madagascar,Mines d'or de Soavinarivo,1,thiebaut-v
energieindustrielle,francomalgacheentreprises,L'Énergie industrielle,Cie Franco-Malgache d'Entreprises,1,durand-e
fonciereminieremadagascar,francomalgacheentreprises,"Compagnie Foncière et Minière de Madagascar, puis Foncière, Industrielle et Commerciale de Madagascar, puis Société malgache d'entreprises industrielles",Cie Franco-Malgache d'Entreprises,1,durand-e
eauxelectricitemadagascar,fonciereminieremadagascar,"Compagnie des Eaux et électricité de Madagascar, puis exploitation directe de l'Énergie industrielle","Compagnie Foncière et Minière de Madagascar, puis Foncière, Industrielle et Commerciale de Madagascar, puis Société malgache d'entreprises industrielles",1,sandrin-l
agricolesucrierenossibe,cotesomalis,Compagnie Agricole et Sucrière de Nossi-Bé,Compagnie française de la Côte des Somalis,1,besson-l-leon
cotesomalis,gmodrin,Compagnie française de la Côte des Somalis,G MODRIN,1,besson-l-leon
bourbonnaisecredit,maritimetransportscoloniaux,Société Bourbonnaise de crédit,Compagnie Maritime de Transports coloniaux,1,auber-j-jules
commissionconsignationcoloniales,cotesomalis,Société de commission et de consignation coloniales,Compagnie française de la Côte des Somalis,1,roubaud-p
commissionconsignationcoloniales,maritimetransportscoloniaux,Société de commission et de consignation coloniales,Compagnie Maritime de Transports coloniaux,1,roubaud-p
commissionconsignationcoloniales,sucreriesmarseillaisesmadagascar,Société de commission et de consignation coloniales,Sucreries marseillaises de Madagascar,1,roubaud-p
commissionconsignationcoloniales,sucreriesmarseillaisesmadagascarnamakia,Société de commission et de consignation coloniales,"Sucreries marseillaises de Madagascar, Namakia",1,roubaud-p
cotesomalis,madagascarautomobile,Compagnie française de la Côte des Somalis,Madagascar-automobile,1,roubaud-p
cotesomalis,madagascarautomobiletananariverenault,Compagnie française de la Côte des Somalis,"Madagascar-Automobile, Tananarive. Renault",1,roubaud-p
maritimetransportscoloniaux,marseillaisemadagascar,Compagnie Maritime de Transports coloniaux,Compagnie Marseillaise de Madagascar,1,roubaud-p
marseillaisemadagascar,sucreriesmarseillaisesmadagascar,Compagnie Marseillaise de Madagascar,Sucreries marseillaises de Madagascar,1,roubaud-p
marseillaisemadagascar,sucreriesmarseillaisesmadagascarnamakia,Compagnie Marseillaise de Madagascar,"Sucreries marseillaises de Madagascar, Namakia",1,roubaud-p
agricolesucrierenossibe,madagascarautomobile,Compagnie Agricole et Sucrière de Nossi-Bé,Madagascar-automobile,1,zafiropulo-g
agricolesucrierenossibe,madagascarautomobiletananariverenault,Compagnie Agricole et Sucrière de Nossi-Bé,"Madagascar-Automobile, Tananarive. Renault",1,zafiropulo-g
gmodrin,madagascarautomobile,G MODRIN,Madagascar-automobile,1,zafiropulo-g
gmodrin,madagascarautomobiletananariverenault,G MODRIN,"Madagascar-Automobile, Tananarive. Renault",1,zafiropulo-g
gmodrin,sucreriesmarseillaisesmadagascar,G MODRIN,Sucreries marseillaises de Madagascar,1,zafiropulo-g
colonialemadagascar,forestiereminieremadagascar,Compagnie Coloniale Française de Madagascar,Compagnie Forestière-Minière à Madagascar,1,delhorbe-l
colonialemadagascar,nosybeenneindustriesagricoles,Compagnie Coloniale Française de Madagascar,Compagnie Nosybéenne d’Industries agricoles,1,delhorbe-l
colonialemadagascar,occidentalemadagascar,Compagnie Coloniale Française de Madagascar,Compagnie Occidentale de Madagascar,1,delhorbe-l
forestiereminieremadagascar,nosybeenneindustriesagricoles,Compagnie Forestière-Minière à Madagascar,Compagnie Nosybéenne d’Industries agricoles,1,delhorbe-l
forestiereminieremadagascar,occidentalemadagascar,Compagnie Forestière-Minière à Madagascar,Compagnie Occidentale de Madagascar,1,delhorbe-l
maritimeafriqueorientale,occidentalemadagascar,Compagnie Maritime de l'Afrique Orientale,Compagnie Occidentale de Madagascar,1,caruel-j
cafesmadagascar,electriciteeauxmadagascar,"Les Cafés de Madagascar, puis Malgache de Gérance et d'exploitation",Électricité et eaux de Madagascar,1,durand-p-pierre
cafesmadagascar,energieindustrielle,"Les Cafés de Madagascar, puis Malgache de Gérance et d'exploitation",L'Énergie industrielle,1,durand-p-pierre
cafesmadagascar,fonciereminieremadagascar,"Les Cafés de Madagascar, puis Malgache de Gérance et d'exploitation","Compagnie Foncière et Minière de Madagascar, puis Foncière, Industrielle et Commerciale de Madagascar, puis Société malgache d'entreprises industrielles",1,durand-p-pierre
ambilobe,graphitesankaratra,AMBILOBE,Société des Graphites et de l'Ankaratra,1,du-boullay-r
agricolemadagascar,madagascar,Société Agricole de Madagascar,"Compagnie Générale de Madagascar, puis Compagnie générale de Madagascar-France",1,boissier-h
ankaratra,madagascar,Société de l'Ankaratra,"Compagnie Générale de Madagascar, puis Compagnie générale de Madagascar-France",1,boissier-h
graphitesankaratra,madagascar,Société des Graphites et de l'Ankaratra,"Compagnie Générale de Madagascar, puis Compagnie générale de Madagascar-France",1,boissier-h
syndicatlyonnaisexplorationmadagascar,syndicatlyonnaismadagascar,Syndicat lyonnais d'exploration à Madagascar,Syndicat lyonnais de Madagascar,1,boussand-l-leon
minesambatobe,wharftamatave,Société des mines d'Ambatobé,Société Wharf de Tamatave,1,bauer-l
tanneriesmadagascar,unionminiereindustrielle,Tanneries de Madagascar,"Union minière et industrielle, puis Union de mines et industries annexes",1,agricoles-e
agricolemadagascar,ambilobe,Société Agricole de Madagascar,AMBILOBE,1,lefebvre-g
agricolemadagascar,etablissementsgratry,Société Agricole de Madagascar,Sté anon. des Établissements Gratry,1,lefebvre-g
ambilobe,etablissementsgratry,AMBILOBE,Sté anon. des Établissements Gratry,1,lefebvre-g
agricolemadagascar,minesitasy,Société Agricole de Madagascar,Mines de l'Itasy,1,mercier-h
ankaratra,exploitationgraphitesmadagascar,Société de l'Ankaratra,Société d'Exploitation des graphites de Madagascar,1,mercier-h
exploitationgraphitesmadagascar,minesitasy,Société d'Exploitation des graphites de Madagascar,Mines de l'Itasy,1,mercier-h
agricoleindustriellemadagascar,wharftamatave,Compagnie Agricole et Industrielle de Madagascar,Société Wharf de Tamatave,1,boussenot-g
marseillaisemadagascar,wharftamatave,Compagnie Marseillaise de Madagascar,Société Wharf de Tamatave,1,boussenot-g
agricolesucrierenossibe,culturescoloniales,Compagnie Agricole et Sucrière de Nossi-Bé,Cie de cultures coloniales,1,chapuis-h
agricolesucrierenossibe,grandeile,Compagnie Agricole et Sucrière de Nossi-Bé,Société La Grande Île,1,chapuis-h
agricolesucrierenossibe,produitsagricolestropicaux,Compagnie Agricole et Sucrière de Nossi-Bé,Produits agricoles tropicaux,1,chapuis-h
agricolesucrierenossibe,sambiranaise,Compagnie Agricole et Sucrière de Nossi-Bé,Compagnie Sambiranaise,1,chapuis-h
culturescoloniales,gmodrin,Cie de cultures coloniales,G MODRIN,1,chapuis-h
gmodrin,grandeile,G MODRIN,Société La Grande Île,1,chapuis-h
gmodrin,nosybeenneindustriesagricoles,G MODRIN,Compagnie Nosybéenne d’Industries agricoles,1,chapuis-h
gmodrin,produitsagricolestropicaux,G MODRIN,Produits agricoles tropicaux,1,chapuis-h
gmodrin,sambiranaise,G MODRIN,Compagnie Sambiranaise,1,chapuis-h
grandeile,produitsagricolestropicaux,Société La Grande Île,Produits agricoles tropicaux,1,chapuis-h
agricolesucrierenossibe,banquespecialemadagascaroceanindien,Compagnie Agricole et Sucrière de Nossi-Bé,"Banque spéciale pour Madagascar Compagnie de l'océan Indien, puis Banque de l'océan Indien, puis Cie de l'océan Indien",1,gueugnier-l
banquespecialemadagascaroceanindien,foncieresudmadagascar,"Banque spéciale pour Madagascar Compagnie de l'océan Indien, puis Banque de l'océan Indien, puis Cie de l'océan Indien",Société Foncière du Sud de Madagascar,1,gueugnier-l
banquespecialemadagascaroceanindien,gmodrin,"Banque spéciale pour Madagascar Compagnie de l'océan Indien, puis Banque de l'océan Indien, puis Cie de l'océan Indien",G MODRIN,1,gueugnier-l
banquespecialemadagascaroceanindien,tanninscoloniaux,"Banque spéciale pour Madagascar Compagnie de l'océan Indien, puis Banque de l'océan Indien, puis Cie de l'océan Indien",Tannins coloniaux,1,gueugnier-l
banquespecialemadagascaroceanindien,tanninscoloniauxsahambavy,"Banque spéciale pour Madagascar Compagnie de l'océan Indien, puis Banque de l'océan Indien, puis Cie de l'océan Indien","Tannins coloniaux, Sahambavy",1,gueugnier-l
foncieresudmadagascar,gmodrin,Société Foncière du Sud de Madagascar,G MODRIN,1,gueugnier-l
agricolesucrierenossibe,minesorandavakoera,Compagnie Agricole et Sucrière de Nossi-Bé,Société des mines d'or de l'Andavakoera,1,hattu-a
minesorandavakoera,nosybeenneindustriesagricoles,Société des mines d'or de l'Andavakoera,Compagnie Nosybéenne d’Industries agricoles,1,hattu-a
sambiranaise,sembirano,Compagnie Sambiranaise,SEMBIRANO,1,thibaud-p
agricolesambirano,cotesomalis,Société Agricole du Sambirano,Compagnie française de la Côte des Somalis,1,tardieu-l
cotesomalis,sambiranaise,Compagnie française de la Côte des Somalis,Compagnie Sambiranaise,1,tardieu-l
agricolesambirano,culturescoloniales,Société Agricole du Sambirano,Cie de cultures coloniales,1,hacault-r
culturescoloniales,sembirano,Cie de cultures coloniales,SEMBIRANO,1,hacault-r
angevinemadagascar,francoantankare,Sté angevine de Madagascar,Société Franco-Antankare,1,dolbois-a
culture,francoantankare,CULTURE,Société Franco-Antankare,1,dolbois-a
cultureelevagemadagascarnord,francoantankare,Société de Culture et d'élevage de Madagascar-Nord,Société Franco-Antankare,1,dolbois-a
nantaiseculturecoloniale,nantaiseculturecolonialemananjary,Sté nantaise de culture coloniale,"Société Nantaise de culture coloniale, Mananjary",1,benoit-a
electriciteeauxmadagascar,produitsalimentaires,Électricité et eaux de Madagascar,Compagnie Générale de produits alimentaires,1,durand-l-louis
electriciteeauxmadagascar,rochefortaiseproduitsalimentaires,Électricité et eaux de Madagascar,"Société Rochefortaise de produits alimentaires, puis Rochefortaise S.A.",1,durand-l-louis
agricoleindustriellemadagascar,emileranarivelo,Compagnie Agricole et Industrielle de Madagascar,Émile Ranarivelo,1,benazeth-l
agricoleindustriellemadagascar,rossignol,Compagnie Agricole et Industrielle de Madagascar,Rossignol,1,benazeth-l
agricoleindustriellemadagascar,rweinberger,Compagnie Agricole et Industrielle de Madagascar,R. Weinberger,1,benazeth-l
emileranarivelo,madagascarautomobile,Émile Ranarivelo,Madagascar-automobile,1,benazeth-l
emileranarivelo,madagascarautomobiletananariverenault,Émile Ranarivelo,"Madagascar-Automobile, Tananarive. Renault",1,benazeth-l
emileranarivelo,marseillaisemadagascar,Émile Ranarivelo,Compagnie Marseillaise de Madagascar,1,benazeth-l
madagascarautomobile,rossignol,Madagascar-automobile,Rossignol,1,benazeth-l
madagascarautomobile,rweinberger,Madagascar-automobile,R. Weinberger,1,benazeth-l
madagascarautomobiletananariverenault,rossignol,"Madagascar-Automobile, Tananarive. Renault",Rossignol,1,benazeth-l
madagascarautomobiletananariverenault,rweinberger,"Madagascar-Automobile, Tananarive. Renault",R. Weinberger,1,benazeth-l
marseillaisemadagascar,rossignol,Compagnie Marseillaise de Madagascar,Rossignol,1,benazeth-l
marseillaisemadagascar,rweinberger,Compagnie Marseillaise de Madagascar,R. Weinberger,1,benazeth-l
banquereunion,saintdenis,Banque de la Réunion,SAINT-DENIS,1,foucque-a
bachel,colonialeagricolecommercialeindustriellesucreriescoloniales,Bachel,"Société coloniale, agricole, commerciale et industrielle Sucreries coloniales",1,tissus
andrelefebvre,salinesdjibouti,André Lefebvre,Société des salines de Djibouti,1,cafe-r
commercialemadagascar,lyonnaisemadagascar,Compagnie Commerciale de Madagascar,Compagnie Lyonnaise de Madagascar,1,blot-a
creditfonciermadagascar,etablissementscoloniauxrhaugou,Crédit foncier de Madagascar,Établissements coloniaux R. Haugou,1,loisy-x
creditfonciermadagascarcreditfonciermadagascarreunion,etablissementscoloniauxrhaugou,"Crédit foncier de Madagascar, Crédit foncier de Madagascar et de la Réunion",Établissements coloniaux R. Haugou,1,loisy-x
etablissementscoloniauxrhaugou,grandsdomainesmadagascar,Établissements coloniaux R. Haugou,Les Grands Domaines de Madagascar,1,loisy-x
minesargentellasyndicatfrancohovareunis,occidentalemadagascar,Mines d'Argentella et Syndicat franco-hova réunis,Compagnie Occidentale de Madagascar,1,favaron-l
ilesmalgaches,socilesmalgaches,"Société des Îles malgaches, puis Syndicat des îles malgaches",Soc. des ÎLES MALGACHES,1,lantz-l
ilesmalgaches,plantesparfumsmadagascar,"Société des Îles malgaches, puis Syndicat des îles malgaches",Plantes à parfums de Madagascar,1,thierry-j
ilesmalgaches,socplantesparfumsmadagascar,"Société des Îles malgaches, puis Syndicat des îles malgaches",Soc. des PLANTES à PARFUMS de MADAGASCAR,1,thierry-j
banquespecialemadagascaroceanindien,wharftamatave,"Banque spéciale pour Madagascar Compagnie de l'océan Indien, puis Banque de l'océan Indien, puis Cie de l'océan Indien",Société Wharf de Tamatave,1,portier-h
salinesmadagascar,tanninsmadagascar,Salines de Madagascar,« Tannins de Madagascar »,1,rey
ambilobe,minesitasy,AMBILOBE,Mines de l'Itasy,1,cosson-e
agricoleindustriellemadagascar,commission,Compagnie Agricole et Industrielle de Madagascar,COMMISSION,1,besson-l
agricolesucrierenossibe,commission,Compagnie Agricole et Sucrière de Nossi-Bé,COMMISSION,1,besson-l
agricolesucrierenossibe,commissionconsignationcoloniales,Compagnie Agricole et Sucrière de Nossi-Bé,Société de commission et de consignation coloniales,1,besson-l
commission,commissionconsignationcoloniales,COMMISSION,Société de commission et de consignation coloniales,1,besson-l
agricolesucrierenossibe,domaineankaratrasucrieremahavavy,Compagnie Agricole et Sucrière de Nossi-Bé,Domaine de l'Ankaratra Société sucrière de la Mahavavy,1,legrand-r
agricolesucrierenossibe,lyonnaisemadagascar,Compagnie Agricole et Sucrière de Nossi-Bé,Compagnie Lyonnaise de Madagascar,1,legrand-r
agricolesucrierenossibe,miniereconcessionsprassoabyssinie,Compagnie Agricole et Sucrière de Nossi-Bé,Société Minière des concessions Prasso en Abyssinie,1,legrand-r
domaineankaratrasucrieremahavavy,gmodrin,Domaine de l'Ankaratra Société sucrière de la Mahavavy,G MODRIN,1,legrand-r
domaineankaratrasucrieremahavavy,grandsdomainesmadagascar,Domaine de l'Ankaratra Société sucrière de la Mahavavy,Les Grands Domaines de Madagascar,1,legrand-r
domaineankaratrasucrieremahavavy,lyonnaisemadagascar,Domaine de l'Ankaratra Société sucrière de la Mahavavy,Compagnie Lyonnaise de Madagascar,1,legrand-r
domaineankaratrasucrieremahavavy,miniereconcessionsprassoabyssinie,Domaine de l'Ankaratra Société sucrière de la Mahavavy,Société Minière des concessions Prasso en Abyssinie,1,legrand-r
gmodrin,lyonnaisemadagascar,G MODRIN,Compagnie Lyonnaise de Madagascar,1,legrand-r
gmodrin,miniereconcessionsprassoabyssinie,G MODRIN,Société Minière des concessions Prasso en Abyssinie,1,legrand-r
grandsdomainesmadagascar,lyonnaisemadagascar,Les Grands Domaines de Madagascar,Compagnie Lyonnaise de Madagascar,1,legrand-r
grandsdomainesmadagascar,miniereconcessionsprassoabyssinie,Les Grands Domaines de Madagascar,Société Minière des concessions Prasso en Abyssinie,1,legrand-r
lyonnaisemadagascar,miniereconcessionsprassoabyssinie,Compagnie Lyonnaise de Madagascar,Société Minière des concessions Prasso en Abyssinie,1,legrand-r
grandsdomainesmadagascar,tanninscoloniaux,Les Grands Domaines de Madagascar,Tannins coloniaux,1,schwob-d-hericourt-g
grandsdomainesmadagascar,tanninscoloniauxsahambavy,Les Grands Domaines de Madagascar,"Tannins coloniaux, Sahambavy",1,schwob-d-hericourt-g
commercialeelevagemassifambre,salinesdiegosuarez,Sté commerciale d'élevage du Massif d'Ambre,Compagnie française des Salines de Diégo-Suarez,1,martin-m-marius
faraonyexploitatonplacersauriferesmadagascar,plantationssakarive,Cie du Faraony pour l'exploitaton de placers aurifères à Madagascar,Sté des plantations de Sakarive,1,martin
agricoleindustrielletextilesmadagascar,entreprisesmaritimesmadagascar,Société agricole et industrielle des textiles de Madagascar,Société d'Entreprises Maritimes de Madagascar,1,velard-e
agricoleindustrielletextilesmadagascar,textilestabacsmadagascar,Société agricole et industrielle des textiles de Madagascar,Société des Textiles et Tabacs de Madagascar,1,velard-e
entreprisesmaritimesmadagascar,textilestabacsmadagascar,Société d'Entreprises Maritimes de Madagascar,Société des Textiles et Tabacs de Madagascar,1,velard-e
entreprisesmaritimesmadagascar,textilestabacsmadagascarparismajungatananarivesuitecivileetudestextilesmadagascarindustrielleagricoletextilesmadagascar,Société d'Entreprises Maritimes de Madagascar,"Textiles et tabacs de Madagascar, Paris, Majunga, Tananarive. Suite de la Société civile d’études des textiles de Madagascar et de la Société industrielle et agricole des textiles de Madagascar",1,velard-e
ileskerguelensaintpaulamsterdam,ileskerguelensaintpaulamsterdamfreresrenehenrybossiere,"Cie générale des Iles Kerguelen, Saint-Paul et Amsterdam","Compagnie Générale des îles Kerguelen, Saint-Paul et Amsterdam . Les frères Réné et Henry Bossière",1,gauthier-p
ileskerguelensaintpaulamsterdamfreresrenehenrybossiere,pechesaustrales,"Compagnie Générale des îles Kerguelen, Saint-Paul et Amsterdam . Les frères Réné et Henry Bossière",Les Pêches australes,1,gauthier-p
industrieparfumsproduitschimiques,pechesaustrales,Société pour l'industrie des parfums et des produits chimiques,Les Pêches australes,1,couvreux-e
bachel,batelagechargeurstamatave,Bachel,Société de batelage des Chargeurs de Tamatave,1,dammann-g
florensorville,graphitessahanavo,Florens Orville,"Société des Graphites de la Sahanavo, puis Sahanavo, société malgache d'exploitations minières",1,ottino-s
florensorville,socindustrielleconstructions,Florens Orville,Soc. industrielle de CONSTRUCTIONS,1,ottino-s
graphitessahanavo,rossignol,"Société des Graphites de la Sahanavo, puis Sahanavo, société malgache d'exploitations minières",Rossignol,1,ottino-s
graphitessahanavo,socindustrielleconstructions,"Société des Graphites de la Sahanavo, puis Sahanavo, société malgache d'exploitations minières",Soc. industrielle de CONSTRUCTIONS,1,ottino-s
rossignol,socindustrielleconstructions,Rossignol,Soc. industrielle de CONSTRUCTIONS,1,ottino-s
florensorville,hydroelectriquereunionhe,Florens Orville,Société hydro-électrique de la Réunion (S.H.E,1,petit-g
hydroelectriquereunionhe,rossignol,Société hydro-électrique de la Réunion (S.H.E,Rossignol,1,petit-g
madagascar,rossignol,"Compagnie Générale de Madagascar, puis Compagnie générale de Madagascar-France",Rossignol,1,vatomandry
andrelefebvre,plantationsanjouan,André Lefebvre,Société de Plantations d’Anjouan,1,vanille
andrelefebvre,rossignol,André Lefebvre,Rossignol,1,vanille
grandsbois,hydroelectriquereunionhe,Société anon. des Grands-Bois,Société hydro-électrique de la Réunion (S.H.E,1,hugot-a-anatole
plantesparfumsmadagascar,salinesdjiboutisfaxmadagascar,Plantes à parfums de Madagascar,"Salines de Djibouti, Sfax et Madagascar",1,bouvier-r
graphites,salinesdjiboutisfaxmadagascar,Société Générale des Graphites,"Salines de Djibouti, Sfax et Madagascar",1,piquet-v
graphites,socglegraphites,Société Générale des Graphites,Soc. gle des GRAPHITES,1,piquet-v
graphites,uniongraphites,Société Générale des Graphites,L'Union des graphites,1,piquet-v
malgachecultures,socglegraphites,Société Malgache de Cultures,Soc. gle des GRAPHITES,1,piquet-v
malgachecultures,uniongraphites,Société Malgache de Cultures,L'Union des graphites,1,piquet-v
mineraisgrandeile,socglegraphites,Société des Minerais de la Grande-Île,Soc. gle des GRAPHITES,1,piquet-v
mineraisgrandelle,salinesdjiboutisfaxmadagascar,Société des Minerais de la Grande-lle,"Salines de Djibouti, Sfax et Madagascar",1,piquet-v
mineraisgrandelle,socglegraphites,Société des Minerais de la Grande-lle,Soc. gle des GRAPHITES,1,piquet-v
salinesdjiboutisfaxmadagascar,socglegraphites,"Salines de Djibouti, Sfax et Madagascar",Soc. gle des GRAPHITES,1,piquet-v
salinesdjiboutisfaxmadagascar,uniongraphites,"Salines de Djibouti, Sfax et Madagascar",L'Union des graphites,1,piquet-v
socglegraphites,tulear,Soc. gle des GRAPHITES,TULÉAR,1,piquet-v
tulear,uniongraphites,TULÉAR,L'Union des graphites,1,piquet-v
creditindustrielafricain,salinsmidisalinesdjibouti,Crédit industriel africain,Cie des Salins du Midi et des Salines de Djibouti,1,rousset-bert-h
africainecommercerepresentation,salinsmidisalinesdjibouti,Société africaine de commerce et de représentation,Cie des Salins du Midi et des Salines de Djibouti,1,lemaignen-r
africainecommercerepresentation,minassian,Société africaine de commerce et de représentation,Minassian et Cie,1,savon-l
entreprisesmaritimesmadagascar,mahajamba,Société d'Entreprises Maritimes de Madagascar,La Mahajamba,1,ravier-c
filaturetissagemadagascar,mahajamba,Société de filature et de tissage de Madagascar,La Mahajamba,1,ravier-c
madagascarautomobile,minierefinancieremadagascar,Madagascar-automobile,Société Minière et Financière de Madagascar,1,piallat-g
madagascarautomobiletananariverenault,minierefinancieremadagascar,"Madagascar-Automobile, Tananarive. Renault",Société Minière et Financière de Madagascar,1,piallat-g
agricoleindustriellemadagascar,banquemadagascarcomores,Compagnie Agricole et Industrielle de Madagascar,Banque de Madagascar et des Comores,1,arnoux-e
banquemadagascarcomores,commissionconsignationcoloniales,Banque de Madagascar et des Comores,Société de commission et de consignation coloniales,1,arnoux-e
banquemadagascarcomores,madagascarautomobile,Banque de Madagascar et des Comores,Madagascar-automobile,1,arnoux-e
banquemadagascarcomores,madagascarautomobiletananariverenault,Banque de Madagascar et des Comores,"Madagascar-Automobile, Tananarive. Renault",1,arnoux-e
banquemadagascarcomores,marseillaisemadagascar,Banque de Madagascar et des Comores,Compagnie Marseillaise de Madagascar,1,arnoux-e
fianarantsoa,miniereconcessionsprassoabyssinie,FIANARANTSOA,Société Minière des concessions Prasso en Abyssinie,1,gianotti-a
domaineankaratrasucrieremahavavy,gemmesmadagascar,Domaine de l'Ankaratra Société sucrière de la Mahavavy,Société des Gemmes de Madagascar,1,rigal-j
domaineankaratrasucrieremahavavy,graphites,Domaine de l'Ankaratra Société sucrière de la Mahavavy,Société Générale des Graphites,1,rigal-j
domaineankaratrasucrieremahavavy,mineraisgrandeile,Domaine de l'Ankaratra Société sucrière de la Mahavavy,Société des Minerais de la Grande-Île,1,rigal-j
domaineankaratrasucrieremahavavy,mineraisgrandelle,Domaine de l'Ankaratra Société sucrière de la Mahavavy,Société des Minerais de la Grande-lle,1,rigal-j
gemmesmadagascar,malgachecultures,Société des Gemmes de Madagascar,Société Malgache de Cultures,1,krafft-l
gemmesmadagascar,tulear,Société des Gemmes de Madagascar,TULÉAR,1,krafft-l
gemmesmadagascar,unioncommercialemadagascar,Société des Gemmes de Madagascar,Union commerciale de Madagascar,1,krafft-l
malgachecultures,unioncommercialemadagascar,Société Malgache de Cultures,Union commerciale de Madagascar,1,krafft-l
tulear,unioncommercialemadagascar,TULÉAR,Union commerciale de Madagascar,1,krafft-l
gemmesmadagascar,uniongraphites,Société des Gemmes de Madagascar,L'Union des graphites,1,lecomte-p
graphites,salinsmidisalinesdjibouti,Société Générale des Graphites,Cie des Salins du Midi et des Salines de Djibouti,1,faye-j
graphitessahanavo,maximedarrieuxfils,"Société des Graphites de la Sahanavo, puis Sahanavo, société malgache d'exploitations minières",Société anon. Maxime Darrieux et Fils,1,darrieux-m
culturescoloniales,sambiranaiseambohimenaparambanja,Cie de cultures coloniales,"Cie Sambiranaise, AMBOHIMENA, par Ambanja",1,de-la-motte-saint-pierre-f
produitsagricolestropicaux,sambiranaiseambohimenaparambanja,Produits agricoles tropicaux,"Cie Sambiranaise, AMBOHIMENA, par Ambanja",1,de-la-motte-saint-pierre-f
cefrancomalgacheentreprises,cotieremadagascar,Ce franco-malgache d'entreprises,Compagnie Côtière de Madagascar,1,morillon-a
mahajamba,produitsagricolestropicaux,La Mahajamba,Produits agricoles tropicaux,1,de-coudenhove-j
mahajamba,tanninscoloniaux,La Mahajamba,Tannins coloniaux,1,legrand-j
mahajamba,tanninscoloniauxsahambavy,La Mahajamba,"Tannins coloniaux, Sahambavy",1,legrand-j
foncieresudmadagascar,messageriesfrancaisesmadagascar,Société Foncière du Sud de Madagascar,Messageries françaises de Madagascar,1,gibus-p
foncieresudmadagascar,socglegraphites,Société Foncière du Sud de Madagascar,Soc. gle des GRAPHITES,1,conquy-j
betsibokaambatoboeni,industrieparfumsproduitschimiques,"La Betsiboka, Ambato-Boéni",Société pour l'industrie des parfums et des produits chimiques,1,fantou
banquemadagascarcomores,charbonnagessakoa,Banque de Madagascar et des Comores,Société des Charbonnages de la Sakoa,1,saurin-h
banquemadagascarcomores,graphites,Banque de Madagascar et des Comores,Société Générale des Graphites,1,saurin-h
banquemadagascarcomores,malgachecultures,Banque de Madagascar et des Comores,Société Malgache de Cultures,1,saurin-h
banquemadagascarcomores,mineraisgrandeile,Banque de Madagascar et des Comores,Société des Minerais de la Grande-Île,1,saurin-h
banquemadagascarcomores,mineraisgrandelle,Banque de Madagascar et des Comores,Société des Minerais de la Grande-lle,1,saurin-h
banquemadagascarcomores,plantesparfumsmadagascar,Banque de Madagascar et des Comores,Plantes à parfums de Madagascar,1,saurin-h
banquemadagascarcomores,tulear,Banque de Madagascar et des Comores,TULÉAR,1,saurin-h
charbonnagessakoa,graphites,Société des Charbonnages de la Sakoa,Société Générale des Graphites,1,saurin-h
charbonnagessakoa,malgachecultures,Société des Charbonnages de la Sakoa,Société Malgache de Cultures,1,saurin-h
charbonnagessakoa,mineraisgrandeile,Société des Charbonnages de la Sakoa,Société des Minerais de la Grande-Île,1,saurin-h
charbonnagessakoa,mineraisgrandelle,Société des Charbonnages de la Sakoa,Société des Minerais de la Grande-lle,1,saurin-h
charbonnagessakoa,plantesparfumsmadagascar,Société des Charbonnages de la Sakoa,Plantes à parfums de Madagascar,1,saurin-h
charbonnagessakoa,tulear,Société des Charbonnages de la Sakoa,TULÉAR,1,saurin-h
graphites,plantesparfumsmadagascar,Société Générale des Graphites,Plantes à parfums de Madagascar,1,saurin-h
mineraisgrandelle,plantesparfumsmadagascar,Société des Minerais de la Grande-lle,Plantes à parfums de Madagascar,1,saurin-h
elevagepecheindustriemadagascar,tananariviennerefrigerationboissonsgazeusesantsirabediegosuareztulear,"Société pour l'Élevage, la pêche et l'industrie à Madagascar","Société Tananarivienne de Réfrigération et de boissons gazeuses, Antsirabé, Diégo-Suarez, Tuléar",1,lelievre-h
produitsalimentaires,tananariviennerefrigerationboissonsgazeusesantsirabediegosuareztulear,Compagnie Générale de produits alimentaires,"Société Tananarivienne de Réfrigération et de boissons gazeuses, Antsirabé, Diégo-Suarez, Tuléar",1,lelievre-h
domaineankaratrasucrieremahavavy,sucreriesmarseillaisesmadagascar,Domaine de l'Ankaratra Société sucrière de la Mahavavy,Sucreries marseillaises de Madagascar,1,de-revel-b
domaineankaratrasucrieremahavavy,sucreriesmarseillaisesmadagascarnamakia,Domaine de l'Ankaratra Société sucrière de la Mahavavy,"Sucreries marseillaises de Madagascar, Namakia",1,de-revel-b
andrelefebvre,florensorville,André Lefebvre,Florens Orville,1,mananjary
cafesmadagascar,fianarantsoa,"Les Cafés de Madagascar, puis Malgache de Gérance et d'exploitation",FIANARANTSOA,1,beurrier-j-jean
cafesmadagascar,leonkrafit,"Les Cafés de Madagascar, puis Malgache de Gérance et d'exploitation",Léon Krafit,1,beurrier-j-jean
cafesmadagascar,minierefoncieremalgache,"Les Cafés de Madagascar, puis Malgache de Gérance et d'exploitation",Société Minière et Foncière Malgache,1,beurrier-j-jean
fianarantsoa,financieremadagascar,FIANARANTSOA,Société Financière de Madagascar,1,beurrier-j-jean
fianarantsoa,leonkrafit,FIANARANTSOA,Léon Krafit,1,beurrier-j-jean
financieremadagascar,leonkrafit,Société Financière de Madagascar,Léon Krafit,1,beurrier-j-jean
financieremadagascar,minierefoncieremalgache,Société Financière de Madagascar,Société Minière et Foncière Malgache,1,beurrier-j-jean
leonkrafit,minierefoncieremalgache,Léon Krafit,Société Minière et Foncière Malgache,1,beurrier-j-jean
agricolesucrierenossibe,banquemadagascarcomores,Compagnie Agricole et Sucrière de Nossi-Bé,Banque de Madagascar et des Comores,1,audren-de-kerdrel-r
banquemadagascarcomores,electriciteeauxmadagascar,Banque de Madagascar et des Comores,Électricité et eaux de Madagascar,1,guinaudeau-h
banquemadagascarcomores,malgachefibrestextilesderives,Banque de Madagascar et des Comores,Sté malgache de fibres textiles et dérivés,1,guinaudeau-h
comptoirnationalescompteparis,socindustrielleconstructions,Comptoir national d'Escompte de Paris,Soc. industrielle de CONSTRUCTIONS,1,denis-p
electriciteeauxmadagascar,financieremadagascar,Électricité et eaux de Madagascar,Société Financière de Madagascar,1,louis-durand-p
agricolesucrierenossibe,charbonnagessakoa,Compagnie Agricole et Sucrière de Nossi-Bé,Société des Charbonnages de la Sakoa,1,jullien-a
filaturetissagemadagascar,industriellefortdauphin,Société de filature et de tissage de Madagascar,Société industrielle de Fort-Dauphin,1,vandesmet-h
industriellefortdauphin,tanninscoloniaux,Société industrielle de Fort-Dauphin,Tannins coloniaux,1,aymar-de-guitaut
industriellefortdauphin,tanninscoloniauxsahambavy,Société industrielle de Fort-Dauphin,"Tannins coloniaux, Sahambavy",1,aymar-de-guitaut
betsibokaambatoboeni,grandeile,"La Betsiboka, Ambato-Boéni",Société La Grande Île,1,pierre
betsibokaambatoboeni,grandelle,"La Betsiboka, Ambato-Boéni",Grande lle,1,pierre
agricolesucrierenossibe,creditfonciermadagascar,Compagnie Agricole et Sucrière de Nossi-Bé,Crédit foncier de Madagascar,1,guerin-j
faraonyexploitatonplacersauriferesmadagascar,malgachecultures,Cie du Faraony pour l'exploitaton de placers aurifères à Madagascar,Société Malgache de Cultures,1,paris
faraonyexploitatonplacersauriferesmadagascar,minesorandavakoera,Cie du Faraony pour l'exploitaton de placers aurifères à Madagascar,Société des mines d'or de l'Andavakoera,1,paris
malgachecultures,minesorandavakoera,Société Malgache de Cultures,Société des mines d'or de l'Andavakoera,1,paris
francoantankare,minesorandavakoera,Société Franco-Antankare,Société des mines d'or de l'Andavakoera,1,grignon
banquespecialemadagascaroceanindien,charbonnagebatelagemadagascar,"Banque spéciale pour Madagascar Compagnie de l'océan Indien, puis Banque de l'océan Indien, puis Cie de l'océan Indien",Compagnie Française de Charbonnage et de batelage de Madagascar,1,gueugnier
banquespecialemadagascaroceanindien,messageriesfrancaisesmadagascar,"Banque spéciale pour Madagascar Compagnie de l'océan Indien, puis Banque de l'océan Indien, puis Cie de l'océan Indien",Messageries françaises de Madagascar,1,gueugnier
charbonnagebatelagemadagascar,messageriesfrancaisesmadagascar,Compagnie Française de Charbonnage et de batelage de Madagascar,Messageries françaises de Madagascar,1,gueugnier
mineraisgrandeile,socindustrielleconstructions,Société des Minerais de la Grande-Île,Soc. industrielle de CONSTRUCTIONS,1,neuilly
gisementsauriferesanasaha,plantesparfumsmadagascar,Société Gisements aurifères d'Anasaha,Plantes à parfums de Madagascar,1,bouvier
gisementsauriferesanasaha,socplantesparfumsmadagascar,Société Gisements aurifères d'Anasaha,Soc. des PLANTES à PARFUMS de MADAGASCAR,1,bouvier
plantesparfumsmadagascar,syndicatlyonnaisexplorationmadagascar,Plantes à parfums de Madagascar,Syndicat lyonnais d'exploration à Madagascar,1,bouvier
socplantesparfumsmadagascar,syndicatlyonnaisexplorationmadagascar,Soc. des PLANTES à PARFUMS de MADAGASCAR,Syndicat lyonnais d'exploration à Madagascar,1,bouvier
francoantankare,imperialecheminsferethiopiens,Société Franco-Antankare,Compagnie Impériale des Chemins de fer éthiopiens,1,lacarriere-h
betsibokaambatoboeni,creditfonciermadagascar,"La Betsiboka, Ambato-Boéni",Crédit foncier de Madagascar,1,oudot-l
betsibokaambatoboeni,mahajamba,"La Betsiboka, Ambato-Boéni",La Mahajamba,1,oudot-l
creditfonciermadagascar,mahajamba,Crédit foncier de Madagascar,La Mahajamba,1,oudot-l
francomalgache,madagaskara,Compagnie Générale Franco-malgache,Madagaskara,1,cousin-a
francoantankare,grandecomore,Société Franco-Antankare,Grande-Comore,1,girard
salinesdiegosuarez,salinesmadagascar,Compagnie française des Salines de Diégo-Suarez,Salines de Madagascar,1,noel-o
