person_id,surname,name_variants,n_companies,n_board_companies,n_observations,top_role,first_year,last_year,sectors
michel-cote-c,Michel-Côte,C. Michel-Cote; C. Michel-Côte; Ch Michel-Côte; Ch. Michel-Cote; Ch. Michel-Côte; Ch. Michel-Côte. 2; Charles Michel-Cote; Charles Michel-Côte,16,16,60,administrateur,1917,1973,"Banques et groupes financiers; Commerce; Documents généraux; Documents généraux (par ordre chronologique); Industries agro-alimentaires; Sociétés; Transports fluviaux, maritimes et aériens"
perben-l,Perben,L. Perben; Louis Perben,11,11,21,administrateur,1920,1973,Banques et groupes financiers; Commerce; Documents généraux; Documents généraux (par ordre chronologique); Industries agro-alimentaires
gimon-c,Gimon,C. Gimon; Ch Gimon; Ch. Gimon; Charles Gimon; Charles Gimon 2,10,10,33,administrateur,1914,1951,"Banques et groupes financiers; Documents généraux; Documents généraux (par ordre chronologique); Sociétés; Transports fluviaux, maritimes et aériens"
roubaud-p,Roubaud,P. Roubaud; Paul Roubaud,10,9,21,administrateur,1919,1973,Documents généraux (par ordre chronologique); Industries agro-alimentaires; Sociétés; Transports terrestres et garages
chiris-g,Chiris,G. Chiris; Georges Chiris,9,9,15,president,1922,1958,Documents généraux; Documents généraux (par ordre chronologique); Sociétés
besson-l,Besson,L. Besson; Lucien Besson; Léon Besson,8,8,10,administrateur,1919,1938,Documents généraux (par ordre chronologique); Industries agro-alimentaires; Sociétés
chapuis-h,Chapuis,H. Chapuis; Henri Chapuis,7,7,20,administrateur,1909,1958,Documents généraux (par ordre chronologique); Industries agro-alimentaires
artaud-a,Artaud,A. Artaud; Adrien Artaud,8,7,19,administrateur,1922,1933,Banques et groupes financiers; Commerce; Documents généraux; Documents généraux (par ordre chronologique); Industries agro-alimentaires; Sociétés diverses
zafiropulo-g,Zafiropulo,G. Zafiropulo; George Zafiropulo; Georges Zafiropulo,7,7,16,administrateur,1922,1973,Documents généraux (par ordre chronologique); Industries agro-alimentaires; Transports terrestres et garages
benazeth-l,Benazeth,Benazeth; L. Benazeth; Louis Benazeth; Louis Bénazeth,8,7,13,administrateur,1926,1973,Documents généraux (par ordre chronologique); Industries agro-alimentaires; Transports terrestres et garages
piquet-v,Piquet,V. Piquet; Victor Piquet,7,7,13,administrateur,1930,1973,Documents généraux; Documents généraux (par ordre chronologique); Industries agro-alimentaires; Mines
homberg-o,Homberg,O. Homberg; Octave Homberg,6,6,16,administrateur,1912,1938,Documents généraux; Documents généraux (par ordre chronologique); Industries agro-alimentaires; Sociétés
briand-g,Briand,G. Briand; Gustave Briand,6,6,15,administrateur,1922,1958,Documents généraux; Documents généraux (par ordre chronologique); Industries agro-alimentaires; Sociétés diverses
allain-e,Allain,E. Allain; É. Allain; Émile Allain,6,6,14,administrateur,1920,1958,Banques et groupes financiers; Commerce; Documents généraux (par ordre chronologique); Industries agro-alimentaires; Mines
arnoux-e,Arnoux,E. Arnoux; Émile Arnoux,6,6,13,administrateur,1937,1973,Banques et groupes financiers; Documents généraux (par ordre chronologique); Industries agro-alimentaires; Transports terrestres et garages
rigal-j,Rigal,Jean Rigal,6,6,12,administrateur,1936,1973,Documents généraux (par ordre chronologique); Industries agro-alimentaires; Mines
gorchs-chacou-f,Gorchs-Chacou,F. Gorchs-Chacou; Félix Gorchs-Chacou; Gorchs-Chacou,6,6,11,administrateur,1919,1926,"Documents généraux; Documents généraux (par ordre chronologique); Sociétés; Transports fluviaux, maritimes et aériens"
loisy-x,Loisy,X. Loisy; Xavier Loisy,6,6,10,administrateur,1920,1938,Banques et groupes financiers; Documents généraux (par ordre chronologique)
saurin-h,Saurin,H. Saurin; Henri Saurin,6,6,10,president,1936,1973,Documents généraux (par ordre chronologique); Industries agro-alimentaires; Mines
boulloche-l,Boulloche,Boulloche; L. Boulloche; Léon Boulloche,6,6,8,president,1912,1922,Documents généraux; Documents généraux (par ordre chronologique); Industries agro-alimentaires; Mines; Sociétés diverses
hachette-r,Hachette,René Hachette; René Hachette1,5,5,16,administrateur,1920,1937,Documents généraux; Documents généraux (par ordre chronologique); Sociétés
rehm-v,Rehm,Rehm; V. Rehm; Victor Rehm,5,5,13,administrateur,1922,1937,Documents généraux; Sociétés diverses
bourdariat-a,Bourdariat,A. Bourdariat; A.-J. Bourdariat; Alexandre Bourdariat; Bourdariat,5,5,11,administrateur,1920,1938,Banques et groupes financiers; Documents généraux (par ordre chronologique); Mines
bouvier-r,Bouvier,René Bouvier,5,5,10,administrateur,1930,1973,Documents généraux; Documents généraux (par ordre chronologique); Industries agro-alimentaires
ravier-c,Ravier,Charles Ravier,5,5,10,administrateur_delegue,1934,1973,Documents généraux (par ordre chronologique); Industries agro-alimentaires
mutignon-e,Mutignon,Eugène Mutignon; Mutignon,5,5,9,administrateur,1922,1930,Documents généraux; Sociétés diverses
rogliano-m,Rogliano,Marcel Rogliano,5,5,9,president,1936,1956,Commerce; Documents généraux (par ordre chronologique); Industries; Industries agro-alimentaires
bontoux-h,Bontoux,Bontoux; H. Bontoux; Henri Bontoux; Henry Bontoux,5,5,8,administrateur,1920,1938,"Banques et groupes financiers; Documents généraux (par ordre chronologique); Transports fluviaux, maritimes et aériens"
gueugnier-l,Gueugnier,L. Gueugnier; Léon Gueugnier; Léon-Pierre-Désiré Gueugnier,5,5,8,president,1919,1937,Banques et groupes financiers; Documents généraux (par ordre chronologique); Industries agro-alimentaires
besson-maufrangeas-l,Besson-Maufrangeas,L. Besson-Maufrangeas; Lucienne Besson-Maufrangeas,5,5,7,administrateur,1948,1973,Documents généraux (par ordre chronologique); Industries agro-alimentaires; Transports terrestres et garages
benard-l,Bénard,L. Bénard; Lucien Bénard; Léonus Bénard,5,5,6,administrateur,1929,1951,Documents généraux; Sociétés diverses
dieppedalle-j,Dieppedalle,Jean Dieppedalle,5,5,6,administrateur,1937,1956,Documents généraux (par ordre chronologique); Industries
beurrier-j,Beurrier,Jean Beurrier; Julien Beurrier,5,5,6,administrateur,1927,1973,Banques et groupes financiers; Documents généraux (par ordre chronologique); Industries agro-alimentaires; Mines
legrand-r,Legrand,René Legrand,5,5,5,administrateur,1926,1973,Documents généraux (par ordre chronologique); Industries agro-alimentaires
boyer-p,Boyer,P.-A. Boyer; Paul Boyer; Paul-Albert Boyer,4,4,13,president,1918,1956,"Banques et groupes financiers; Commerce; Documents généraux (par ordre chronologique); Transports fluviaux, maritimes et aériens"
alexandre-p,Alexandre,P. Alexandre; Paul Alexandre,4,4,12,administrateur,1922,1940,Documents généraux; Documents généraux (par ordre chronologique); Sociétés diverses
buissiere-j,Buissière,J. Buissière; Jean Buissière,6,4,11,administrateur,1913,1958,Commerce; Documents généraux (par ordre chronologique); Industries agro-alimentaires
dieppedalle-g,Dieppedalle,Gaston Dieppedalle,4,4,11,administrateur,1913,1958,Commerce; Documents généraux (par ordre chronologique); Industries agro-alimentaires
velard-e,Velard,Émile Velard,4,4,11,president,1924,1973,"Documents généraux (par ordre chronologique); Industries agro-alimentaires; Transports fluviaux, maritimes et aériens"
durand-p,Durand,P. M. Durand; P.-M. Durand; Pierre Durand; Pierre Roger Durand; Pierre-Louis DURAND; Pierre-Louis Durand,4,4,10,president,1920,1956,"Documents généraux (par ordre chronologique); Eau et assainissement, électricité (Utilities); Industries; Industries agro-alimentaires"
guy-de-la-motte-saint-pierre,Guy de la Motte Saint-Pierre,Guy de la Motte Saint-Pierre; Guy de la Motte-Saint- Pierre,4,4,10,administrateur,1921,1973,Documents généraux (par ordre chronologique); Industries agro-alimentaires
bevillard-p,Bevillard,Pierre Bevillard; Pierre Bévillard,4,4,10,administrateur_delegue,1936,1956,Documents généraux (par ordre chronologique); Mines
krafft-l,Krafft,L. Krafft; Léon Krafft,4,4,10,administrateur,1930,1973,Commerce; Documents généraux (par ordre chronologique); Industries agro-alimentaires; Mines
amundsen-s,Amundsen,AMUNDSEN; S. Amundsen; Sturla Amundsen,4,4,9,administrateur,1922,1958,Commerce; Documents généraux (par ordre chronologique); Industries agro-alimentaires; Mines
vouland-l,Vouland,L. Vouland; Louis Vouland,4,4,9,administrateur,1921,1956,Commerce; Documents généraux (par ordre chronologique)
tardieu-l,Tardieu,L. Tardieu; Léon Tardieu,4,4,9,administrateur,1909,1958,Documents généraux (par ordre chronologique); Industries agro-alimentaires; Sociétés
perie-a,Périé,A. Périe; A. Périé; Albert Périé,5,4,9,president,1913,1958,Commerce; Documents généraux (par ordre chronologique); Industries agro-alimentaires
bonifay-l,Bonifay,L. Bonifay; Louis Bonifay,4,4,8,administrateur,1931,1973,Commerce; Documents généraux (par ordre chronologique); Industries agro-alimentaires; Transports terrestres et garages
lecomte-p,Lecomte,Paul Lecomte,4,4,8,administrateur,1936,1956,Documents généraux (par ordre chronologique); Mines
gueugnier-j,Gueugnier,J. Gueugnier; Jean Gueugnier,4,4,8,administrateur,1931,1973,Documents généraux (par ordre chronologique); Industries agro-alimentaires
guerin-j,Guérin,J. Guérin; Joseph Guérin,4,4,8,administrateur,1929,1973,Banques et groupes financiers; Documents généraux (par ordre chronologique); Industries agro-alimentaires
cunisset-p,Cunisset,P. Cunisset; Pierre Cunisset,4,4,7,administrateur,1922,1958,Documents généraux; Documents généraux (par ordre chronologique); Sociétés
g-philippar,G Philippar,G Philippar,4,4,7,administrateur,1920,1925,Banques et groupes financiers; Documents généraux; Documents généraux (par ordre chronologique); Sociétés
tholozan-c,Tholozan,Ch. Tholozan; Charles Tholozan; Tholozan,4,4,7,administrateur,1921,1937,Commerce; Documents généraux (par ordre chronologique)
gueugnier,Gueugnier,Gueugnier,4,4,7,administrateur,1901,1925,"Banques et groupes financiers; Documents généraux (par ordre chronologique); Industries agro-alimentaires; Transports fluviaux, maritimes et aériens"
bonifay-j,Bonifay,J. Bonifay; Jean Bonifay,4,4,7,administrateur,1937,1973,Documents généraux (par ordre chronologique); Industries agro-alimentaires; Transports terrestres et garages
grandjean-c,Grandjean,Ch. Grandjean; Charles Grandjean,4,4,6,president,1920,1926,Documents généraux; Documents généraux (par ordre chronologique); Sociétés diverses
durand-e,Durand,E. Durand,4,4,6,administrateur,1922,1938,Documents généraux (par ordre chronologique); Industries
schwob-d-hericourt-g,Schwob d'Héricourt,G. Schwob d'Héricourt; Georges Schwob d'Héricourt,4,4,6,administrateur,1925,1937,Documents généraux (par ordre chronologique); Industries agro-alimentaires
gauthier-p,Gauthier,P. Gauthier; Paul Gauthier,4,4,6,administrateur,1912,1943,Documents généraux (par ordre chronologique); Sociétés diverses
lelievre-h,Lelièvre,Henri LELIÈVRE; Henri Lelièvre,4,4,6,administrateur,1937,1973,Documents généraux (par ordre chronologique); Industries agro-alimentaires
gruet-g,Gruet,G. Gruet; Georges Gruet,4,4,5,administrateur,1926,1948,Documents généraux (par ordre chronologique); Sociétés
durand-l,Durand,Louis Durand; Lucien Durand,4,4,5,administrateur,1899,1937,"Documents généraux (par ordre chronologique); Eau et assainissement, électricité (Utilities); Mines"
ottino-s,Ottino,S. Ottino; Salvador Ottino; Salvator Ottino,4,4,5,administrateur,1926,1938,Documents généraux (par ordre chronologique); Mines
de-la-morandiere-l,de la Morandière,Louis de la Morandière,4,4,5,administrateur,1934,1956,Documents généraux (par ordre chronologique); Industries agro-alimentaires
de-revel-b,de Revel,Bernard de Revel,4,4,5,president_directeur_general,1937,1973,Documents généraux (par ordre chronologique); Industries agro-alimentaires
h-saurin,H Saurin,H Saurin,4,4,5,president,1951,1956,Banques et groupes financiers; Documents généraux (par ordre chronologique); Mines
semana-besson-r,Semana-Besson,Renée Semana-Besson; Semana-Besson,4,4,5,administrateur,1950,1973,Documents généraux (par ordre chronologique); Industries agro-alimentaires; Transports terrestres et garages
delhorbe-l,Delhorbe,Delhorbe; L. Delhorbe,4,4,5,administrateur,1899,1925,Commerce; Documents généraux (par ordre chronologique); Mines
carl-du-manoir,Carl du Manoir,Carl du Manoir,4,4,4,administrateur,1937,1937,Documents généraux (par ordre chronologique)
de-la-motte-saint-pierre-f,de la Motte Saint-Pierre,François de la Motte Saint-Pierre; François de la Motte-Saint-Pierre,4,4,4,administrateur,1937,1973,Documents généraux (par ordre chronologique); Industries agro-alimentaires
selon-coston,selon Coston,selon Coston; selon Coston],4,4,4,administrateur,1939,1973,Documents généraux (par ordre chronologique); Industries agro-alimentaires
philippar-g,Philippar,G. Philippar; Georges Philippar,3,3,13,administrateur,1922,1951,"Banques et groupes financiers; Documents généraux; Documents généraux (par ordre chronologique); Sociétés; Transports fluviaux, maritimes et aériens"
thiebaut-v,Thiébaut,V. Thiébaut; Victor Thiébaut,3,3,13,administrateur,1900,1956,"Commerce; Documents généraux (par ordre chronologique); Mines; Transports fluviaux, maritimes et aériens"
boussand-l,Boussand,Lucien Boussand; Léon Boussand,3,3,13,president,1901,1973,Documents généraux (par ordre chronologique); Mines
jacqueminet-a,Jacqueminet,A. Jacqueminet; Aristide Jacqueminet; Jacqueminet,3,3,9,administrateur,1922,1931,Documents généraux; Documents généraux (par ordre chronologique); Sociétés diverses
thibaud-p,Thibaud,P. Thibaud; Pierre Thibaud,3,3,9,administrateur,1909,1958,Documents généraux (par ordre chronologique); Industries agro-alimentaires
neton-a,Néton,A. Neton; A. Néton; Albéric Neton; Albéric Néton; Albérie Néton,3,3,9,administrateur,1937,1973,Documents généraux (par ordre chronologique); Industries agro-alimentaires
semana-j,Semana,J. Semana; Joseph Semana; Semana,3,3,9,administrateur,1919,1956,Commerce; Documents généraux (par ordre chronologique); Industries agro-alimentaires; Sociétés
bouffe-g,Bouffé,G. Bouffé; Gaston Bouffé,3,3,8,administrateur,1920,1937,Documents généraux; Documents généraux (par ordre chronologique); Sociétés
metras-r,Métras,Métras; Romain Métras,3,3,8,administrateur,1913,1958,Commerce; Documents généraux (par ordre chronologique); Industries agro-alimentaires
hattu-a,Hattu,A. Hattu; Albert Hattu; Hattu,3,3,8,administrateur,1920,1968,Documents généraux (par ordre chronologique); Industries agro-alimentaires; Mines
morillon-a,Morillon,A. Morillon; A. Morillon 3,3,3,8,administrateur,1926,1940,"Documents généraux (par ordre chronologique); Industries; Transports fluviaux, maritimes et aériens"
michel-h,Michel,H. Michel; Hubert Michel,3,3,8,administrateur,1920,1937,Banques et groupes financiers; Documents généraux (par ordre chronologique)
moulin-p,Moulin,P. Moulin,3,3,7,administrateur,1920,1926,Documents généraux; Sociétés
boussenot-g,Boussenot,G. Boussenot; Georges Boussenot,3,3,7,administrateur,1922,1956,Documents généraux (par ordre chronologique); Industries agro-alimentaires
vanille,Vanille,Vanille,4,3,7,administrateur,1926,1963,Documents généraux (par ordre chronologique)
legrand-j,Legrand,Jean Legrand,3,3,7,administrateur,1936,1973,Documents généraux (par ordre chronologique); Industries agro-alimentaires
hebert-j,Hébert,J. Hébert,3,3,7,administrateur,1945,1953,Documents généraux; Sociétés
lescot-m,Lescot,Lescot,3,3,7,administrateur,1925,1938,Banques et groupes financiers; Documents généraux (par ordre chronologique)
labarrere-a,Labarrère,Alfred Labarrère; Labarrère,3,3,6,administrateur,1920,1926,Documents généraux; Documents généraux (par ordre chronologique); Sociétés diverses
pilliard-m,Pilliard,Pilliard,3,3,6,administrateur,1922,1937,Banques et groupes financiers; Documents généraux; Sociétés
de-boissieu-j,de Boissieu,Jacques de Boissieu,3,3,6,administrateur,1922,1937,Commerce; Documents généraux (par ordre chronologique); Industries agro-alimentaires
j-dubos-p,J. Dubos,Pierre J. Dubos,3,3,6,administrateur,1920,1973,Documents généraux (par ordre chronologique); Industries
cabrol-c,Cabrol,Ch Cabrol; Ch. Cabrol,3,3,6,administrateur,1912,1922,Documents généraux (par ordre chronologique); Industries agro-alimentaires; Mines
dolbois-a,Dolbois,A. Dolbois; Dolbois,3,3,6,administrateur,1902,1958,Banques et groupes financiers; Documents généraux (par ordre chronologique); Industries agro-alimentaires
verchaly-j,Verchaly,J. Verchaly; Verchaly,3,3,6,administrateur,1922,1958,Documents généraux (par ordre chronologique); Industries agro-alimentaires
giscard-d-estaing-e,Giscard-d'Estaing,E. Giscard-d'Estaing; Edmond Giscard d'Estaing,3,3,6,administrateur,1936,1973,Documents généraux (par ordre chronologique); Industries agro-alimentaires
charbonnel-a,Charbonnel,A. Charbonnel; André Charbonnel,3,3,6,administrateur,1945,1973,Documents généraux (par ordre chronologique); Industries agro-alimentaires
richard-wallwork-j,Richard Wallwork,J. Richard Wallwork; John Richard Wallwork,4,3,5,directeur_general,1903,1938,Documents généraux (par ordre chronologique); Mines
ed-cosson,Ed. Cosson,Ed. Cosson,3,3,5,administrateur,1909,1922,Documents généraux (par ordre chronologique); Industries agro-alimentaires; Mines
duvoisin-h,Duvoisin,H. Duvoisin,3,3,5,administrateur,1909,1922,Documents généraux (par ordre chronologique); Industries agro-alimentaires; Mines
boissier-h,Boissier,Horace Boissier,3,3,5,administrateur,1920,1926,Commerce; Documents généraux (par ordre chronologique); Industries agro-alimentaires
p-thibaud,P Thibaud,P Thibaud,3,3,5,administrateur,1921,1958,Documents généraux (par ordre chronologique); Industries agro-alimentaires
j-dubos-b,J. Dubos,Bernard J. Dubos,3,3,5,administrateur,1920,1973,Documents généraux (par ordre chronologique); Industries
bauer-l,Bauer,Louis Bauer,3,3,5,administrateur,1926,1939,Documents généraux (par ordre chronologique); Mines
e-bossiere-r,E. Bossière,René E. Bossière,3,3,5,administrateur_delegue,1922,1943,Documents généraux (par ordre chronologique); Sociétés diverses
e-bossiere-h,E. Bossière,Henry E. Bossière,3,3,5,administrateur,1922,1943,Documents généraux (par ordre chronologique); Sociétés diverses
hugot-a,Hugot,A. Hugot; Anatole Hugot,3,3,5,administrateur,1926,1937,Documents généraux; Documents généraux (par ordre chronologique)
gibus-p,Gibus,Gibus; Pierre Gibus,3,3,5,administrateur,1906,1937,"Documents généraux (par ordre chronologique); Industries agro-alimentaires; Transports fluviaux, maritimes et aériens"
bouruet-aubertot-j,Bouruet-Aubertot,J. Bouruet-Aubertot; Jean Bouruet-Aubertot,3,3,5,administrateur,1936,1973,Documents généraux (par ordre chronologique); Industries agro-alimentaires
aillaud-a,Aillaud,Albert Aillaud,3,3,5,administrateur,1950,1956,Documents généraux (par ordre chronologique); Industries; Industries agro-alimentaires
auber-j,Auber,Joseph Auber; Jules Auber,3,3,4,administrateur,1922,1926,Documents généraux; Documents généraux (par ordre chronologique); Industries
harrison-smith-j,Harrison Smith,Joseph Harrison Smith,3,3,4,president,1903,1926,Documents généraux (par ordre chronologique); Mines
lefebvre-g,Lefebvre,G. Lefebvre; Georges Lefebvre,3,3,4,administrateur,1920,1937,Documents généraux (par ordre chronologique); Industries agro-alimentaires
fraise,Fraise,Fraise,3,3,4,administrateur,1926,1958,Documents généraux (par ordre chronologique)
cosson-e,Cosson,E. Cosson; Édouard Cosson,3,3,4,administrateur,1910,1937,Documents généraux (par ordre chronologique); Mines
belieres-j,Belières,Belières; Bélières; J. Belières,3,3,4,administrateur,1937,1956,Documents généraux (par ordre chronologique); Industries
tanti-a,Tanti,Antoine Tanti,3,3,4,administrateur,1936,1937,Documents généraux (par ordre chronologique); Industries agro-alimentaires
lelievre-g,Lelièvre,G. Lelièvre; Georges Lelièvre,3,3,4,administrateur,1937,1973,Documents généraux (par ordre chronologique); Industries agro-alimentaires
cerutti-g,Cérutti,G. Cérutti; Gilbert Cérutti,3,3,4,administrateur,1950,1956,"Documents généraux (par ordre chronologique); Eau et assainissement, électricité (Utilities); Industries"
pagnon-r,Pagnon,Roger Pagnon,3,3,4,president,1950,1973,Documents généraux (par ordre chronologique); Industries agro-alimentaires
gougaud-j,Gougaud,J.-A. Gougaud,3,3,4,administrateur,1949,1973,Documents généraux (par ordre chronologique); Industries agro-alimentaires
paris,? Paris,? Paris; Paris. 1,3,3,4,administrateur,1910,1946,Industries agro-alimentaires; Mines
baugnies,Baugnies,Baugnies,3,3,3,administrateur,1922,1922,Documents généraux; Sociétés diverses
jambon-c,Jambon,Ch. Jambon; Charles Jambon,3,3,3,administrateur,1922,1937,Documents généraux
mingois-g,Mingois,G. Mingois; Georges Mingois,3,3,3,administrateur,1922,1937,Documents généraux
clappier-e,Clappier,Clappier; Eugène Clappier; Étienne Clappier,3,3,3,administrateur,1925,1958,Documents généraux (par ordre chronologique)
copillet,Copillet,Copillet,3,3,3,vice_president,1926,1958,Documents généraux (par ordre chronologique)
poucel-f,Poucel,F. Poucel,3,3,3,president,1925,1926,Commerce; Documents généraux (par ordre chronologique)
petit-g,Petit,G. Petit; Georges Petit,3,3,3,administrateur,1926,1937,Documents généraux; Documents généraux (par ordre chronologique)
piallat-g,Piallat,Gaston Piallat,3,3,3,administrateur,1937,1951,Documents généraux (par ordre chronologique); Mines; Transports terrestres et garages
et-rene-hachette,et René Hachette,et René Hachette,3,3,3,administrateur,1919,1937,Documents généraux (par ordre chronologique); Sociétés
aymar-de-guitaut,Aymar de Guitaut,Aymar de Guitaut,3,3,3,administrateur,1939,1973,Documents généraux (par ordre chronologique); Industries agro-alimentaires
pierre,Pierre,Pierre,3,3,3,administrateur,1920,1973,Documents généraux (par ordre chronologique); Industries; Industries agro-alimentaires
ed-philippar,Ed. Philippar,Ed. Philippar,3,3,3,administrateur,1920,1925,Banques et groupes financiers; Documents généraux (par ordre chronologique)
thierry,Thiérry,Thierry; Thiérry,3,3,3,president,1925,1938,Documents généraux (par ordre chronologique); Industries agro-alimentaires
mananjary,Mananjary,Mananjary,4,2,18,administrateur,1937,1963,Documents généraux (par ordre chronologique)
naud-j,Naud,J. Naud; Joseph Naud,2,2,16,administrateur,1920,1953,Documents généraux; Documents généraux (par ordre chronologique); Sociétés
more-m,More,Marcel Moré; More; Moré,2,2,14,administrateur,1920,1973,Documents généraux (par ordre chronologique); Industries agro-alimentaires
nouvion-h,Nouvion,H. Nouvion; Henri Nouvion,2,2,10,administrateur_delegue,1918,1937,"Commerce; Documents généraux (par ordre chronologique); Transports fluviaux, maritimes et aériens"
cafe,Café,Café,3,2,9,administrateur,1926,1963,Documents généraux; Documents généraux (par ordre chronologique)
guionin-h,Guionin,H. Guionin; Hubert Guionin,2,2,8,administrateur,1937,1953,Documents généraux; Sociétés diverses
sescau-j,Sescau,J.-B. Sescau; Sescau,2,2,8,administrateur,1921,1938,Documents généraux (par ordre chronologique); Mines
hacault-r,Hacault,Raoul Hacault,2,2,8,administrateur,1922,1973,Documents généraux (par ordre chronologique); Industries agro-alimentaires
javet-a,Javet,Alexandre Javet; Javet,2,2,8,administrateur,1923,1933,Documents généraux (par ordre chronologique); Mines
faure-beaulieu-b,Faure-Beaulieu,B. Faure- Beaulieu; B. Faure-Beaulieu,2,2,7,administrateur,1937,1953,Documents généraux; Sociétés diverses
marbeau-p,Marbeau,P. Marbeau,2,2,7,administrateur,1937,1953,Documents généraux; Sociétés diverses
lebon-a,Lebon,A. Lebon; André Lebon,2,2,7,president,1920,1933,Banques et groupes financiers; Documents généraux (par ordre chronologique)
vouland-c,Vouland,Ch. Vouland; Charles Vouland,3,2,7,administrateur,1921,1937,Commerce; Documents généraux (par ordre chronologique)
charbonnel-r,Charbonnel,Raoul Charbonnel,2,2,7,administrateur,1921,1958,Documents généraux (par ordre chronologique); Industries agro-alimentaires
delcher-j,Delcher,Delcher; Justin Delcher,2,2,7,administrateur,1925,1933,Documents généraux (par ordre chronologique); Industries; Mines
chenereau-p,Chénereau,Chénereau; P. Chénereau; Paul Chénereau,2,2,7,administrateur,1926,1973,Documents généraux (par ordre chronologique); Industries agro-alimentaires
del-porto-a,Del Porto,Del Porto,2,2,6,administrateur,1922,1933,Documents généraux; Sociétés diverses
level-e,Level,Émile Level,2,2,6,administrateur,1925,1933,Documents généraux; Documents généraux (par ordre chronologique); Sociétés diverses
fromentault,Fromentault,Fromentault,2,2,6,administrateur,1912,1958,Documents généraux; Documents généraux (par ordre chronologique); Sociétés
bergey-j,Bergey,Jean Bergey,2,2,6,administrateur,1924,1956,Commerce; Documents généraux (par ordre chronologique); Mines
cauce-c,Caucé,Ch. Caucé,2,2,6,president,1925,1938,Documents généraux (par ordre chronologique); Mines
de-mones-del-pujol-g,de Monès del Pujol,Gilbert de Mones del Pujol; Gilbert de Monès del Pujol,2,2,5,administrateur,1926,1931,Documents généraux; Documents généraux (par ordre chronologique); Sociétés diverses
baugnies-g,Baugnies,G. Baugnies,2,2,5,administrateur,1926,1933,Documents généraux; Documents généraux (par ordre chronologique); Sociétés diverses
fantauzzi-j,Fantauzzi,J. Fantauzzi,2,2,5,administrateur,1937,1948,Documents généraux; Sociétés diverses
mathieu,Mathieu,Mathieu,2,2,5,administrateur,1912,1958,Documents généraux; Documents généraux (par ordre chronologique); Sociétés
chailloux,Chailloux,Chailloux,2,2,5,administrateur,1912,1958,Documents généraux; Documents généraux (par ordre chronologique); Sociétés
baumann,Baumann,Baumann,2,2,5,administrateur,1912,1958,Documents généraux; Documents généraux (par ordre chronologique); Sociétés
senn-o,Senn,O. Senn,2,2,5,administrateur,1920,1937,Documents généraux; Sociétés
plassard-j,Plassard,Joseph Plassard,2,2,5,president,1900,1937,Commerce; Documents généraux (par ordre chronologique)
costes-f,Costes,Costes; F. Costes; François Costes,2,2,5,directeur,1921,1937,Documents généraux (par ordre chronologique); Mines
estrine-l,Estrine,Estrine; Lucien Estrine,2,2,5,president,1919,1926,Documents généraux (par ordre chronologique); Industries agro-alimentaires; Sociétés
preaubert-e,Préaubert,E. Préaubert; Préaubert,2,2,5,administrateur,1922,1958,Documents généraux (par ordre chronologique); Industries agro-alimentaires
tissus,Tissus,Tissus,2,2,5,administrateur,1922,1951,Documents généraux; Documents généraux (par ordre chronologique)
thierry-j,Thierry,Jean Thierry,2,2,5,administrateur,1925,1973,Documents généraux (par ordre chronologique); Industries agro-alimentaires; Mines
springer-c,Springer,C. Springer,2,2,5,administrateur,1926,1938,Documents généraux (par ordre chronologique); Industries agro-alimentaires
kerr-h,Kerr,Herbert Kerr,2,2,5,president_directeur_general,1926,1973,Documents généraux (par ordre chronologique); Industries agro-alimentaires
cottet-c,Cottet,Camille Cottet,2,2,5,administrateur,1934,1973,Documents généraux (par ordre chronologique); Industries agro-alimentaires
toy-riont-t,Toy-Riont,Théodore Toy- Riont; Théodore Toy-Riont,2,2,5,administrateur,1936,1956,Commerce; Documents généraux (par ordre chronologique)
grandin-l,Grandin,L. Grandin; Léon Grandin,2,2,5,administrateur,1936,1956,Documents généraux (par ordre chronologique); Mines
darrieux-m,Darrieux,Maxime Darrieux,2,2,5,president,1936,1956,Documents généraux (par ordre chronologique); Mines
dequivre-c,Dequivre,C. Dequivre,2,2,5,administrateur,1930,1973,Documents généraux (par ordre chronologique); Industries agro-alimentaires
dumont-c,Dumont,Ch. Dumont,2,2,5,administrateur,1945,1953,Documents généraux; Sociétés
grignon-p,Grignon,Grignon; P. Grignon,2,2,5,administrateur,1902,1931,Banques et groupes financiers; Mines
famin,Famin,Famin,2,2,5,administrateur,1912,1920,Sociétés
nissim-l,Nissim,Léon Nissim,2,2,4,administrateur,1922,1926,Documents généraux; Documents généraux (par ordre chronologique); Sociétés diverses
briand,Briand,Briand,2,2,4,administrateur,1922,1927,Documents généraux; Sociétés diverses
buzon-j,Buzon,J.-P. Buzon,2,2,4,administrateur,1937,1945,Documents généraux; Sociétés diverses
levita-j,Levita,J. Levita,2,2,4,administrateur,1937,1945,Documents généraux; Sociétés diverses
schneider-c,Schneider,Ch. Schneider; Charles Schneider,2,2,4,administrateur,1945,1951,Documents généraux; Sociétés diverses
castelnau-p,Castelnau,P. Castelnau,2,2,4,administrateur,1945,1953,Documents généraux; Sociétés diverses
chabanne-l,Chabanne,L. Chabanne,2,2,4,administrateur,1948,1953,Documents généraux; Sociétés diverses
bourdillat,Bourdillat,Bourdillat,2,2,4,administrateur,1900,1958,Documents généraux; Documents généraux (par ordre chronologique); Sociétés
thery,Théry,Théry,2,2,4,administrateur,1912,1958,Documents généraux; Documents généraux (par ordre chronologique); Sociétés
thomas-f,Thomas,F. Thomas,2,2,4,administrateur,1912,1958,Documents généraux; Documents généraux (par ordre chronologique); Sociétés
martin-a,Martin,A. Martin,2,2,4,administrateur,1912,1958,Documents généraux; Documents généraux (par ordre chronologique); Sociétés
f-gorchs-chacou,F Gorchs-Chacou,F Gorchs- Chacou; F Gorchs-Chacou,2,2,4,administrateur,1922,1922,"Documents généraux; Documents généraux (par ordre chronologique); Transports fluviaux, maritimes et aériens"
coche-e,Coché,Edmond Coche; Edmond Coché,2,2,4,administrateur,1900,1926,Commerce; Documents généraux (par ordre chronologique)
vouland-f,Vouland,F. Vouland,2,2,4,vice_president,1921,1926,Commerce; Documents généraux (par ordre chronologique)
th-toy-riont,Th. Toy- Riont,Th. Toy- Riont; Th. Toy-Riont,2,2,4,administrateur_delegue,1921,1926,Commerce; Documents généraux (par ordre chronologique)
toy-riont-a,Toy-Riont,A. Toy-Riont,2,2,4,administrateur,1921,1926,Commerce; Documents généraux (par ordre chronologique)
cazalet-e,Cazalet,É. Cazalet,2,2,4,administrateur,1918,1922,"Commerce; Documents généraux (par ordre chronologique); Transports fluviaux, maritimes et aériens"
buhan-e,Buhan,Eugène Buhan,2,2,4,president,1920,1926,Documents généraux (par ordre chronologique); Industries
taylor-f,Taylor,Frederik Taylor; Frédérick Taylor,2,2,4,directeur_general,1903,1926,Documents généraux (par ordre chronologique); Mines
j-exbrayat,J Exbrayat,J Exbrayat,2,2,4,administrateur,1922,1938,Documents généraux (par ordre chronologique); Industries agro-alimentaires
dybowski-j,Dybowski,Dybowski; J. Dybowski; Jean Dybowski,2,2,4,administrateur,1909,1968,Documents généraux (par ordre chronologique); Industries agro-alimentaires
lanot-f,Lanot,F. Lanot,2,2,4,administrateur,1921,1958,Documents généraux (par ordre chronologique); Industries agro-alimentaires
allain-m,Allain,Maurice Allain,2,2,4,administrateur,1921,1937,Documents généraux; Documents généraux (par ordre chronologique)
bollee-a,Bollée,André Bollée,2,2,4,administrateur,1926,1937,Documents généraux (par ordre chronologique)
couvreux-e,Couvreux,E. Couvreux; Emmanuel Couvreux,2,2,4,administrateur,1926,1973,Documents généraux (par ordre chronologique); Sociétés diverses
arnoux-a,Arnoux,Albert Arnoux,2,2,4,administrateur,1936,1956,Commerce; Documents généraux (par ordre chronologique)
gallois-a,Gallois,A. Gallois; Augustin Gallois,3,2,4,administrateur,1936,1938,Documents généraux (par ordre chronologique); Industries agro-alimentaires
faye-j,Faye,Jean Faye,2,2,4,administrateur,1937,1956,Documents généraux; Documents généraux (par ordre chronologique); Mines
buhan-a,Buhan,Albert Buhan,2,2,4,administrateur,1920,1973,Documents généraux (par ordre chronologique); Industries
roy-a,Roy,Alain Roy,2,2,4,administrateur,1930,1973,Documents généraux (par ordre chronologique); Industries agro-alimentaires
michel-p,Michel,Pierre Michel,2,2,4,administrateur,1934,1973,Documents généraux (par ordre chronologique); Industries agro-alimentaires
jacotin-a,Jacotin,André Jacotin,2,2,4,administrateur,1934,1973,Documents généraux (par ordre chronologique); Industries agro-alimentaires
delavault-h,Delavault,Henri Delavault,2,2,4,administrateur,1934,1973,Documents généraux (par ordre chronologique); Industries agro-alimentaires
doucet-e,Doucet,Eugène Doucet,2,2,4,administrateur,1929,1973,Documents généraux (par ordre chronologique); Industries agro-alimentaires
duvallet-l,Duvallet,Léon Duvallet,2,2,4,administrateur,1936,1973,Documents généraux (par ordre chronologique); Industries agro-alimentaires
belloy,Belloy,Belloy,2,2,4,administrateur,1948,1953,Documents généraux; Sociétés
mirio,Mirio,Mirio,2,2,4,administrateur,1906,1925,"Documents généraux (par ordre chronologique); Transports fluviaux, maritimes et aériens"
aupetit-a,Aupetit,A. Aupetit; Albert Aupetit,2,2,3,president,1937,1940,Documents généraux; Sociétés diverses
vernes-g,Vernes,G. Vernes,2,2,3,administrateur,1948,1953,Documents généraux; Sociétés diverses
devies-m,Devies,Maurice Devies,2,2,3,president,1937,1951,Documents généraux; Sociétés diverses
grea-p,Gréa,Pierre Gréa,2,2,3,administrateur_delegue,1922,1937,Documents généraux; Documents généraux (par ordre chronologique)
dewitte-g,Dewitte,Georges Dewitte,2,2,3,administrateur,1922,1937,Documents généraux; Documents généraux (par ordre chronologique)
h-bontoux,H Bontoux,H Bontoux,2,2,3,administrateur,1922,1925,Banques et groupes financiers; Documents généraux; Sociétés
schwob-j,Schwob,J. Schwob; James Schwob,2,2,3,administrateur,1920,1953,Documents généraux; Industries agro-alimentaires; Sociétés
prenat-e,Prénat [,Édouard Prénat; Édouard Prénat [,2,2,3,president,1922,1926,Commerce; Documents généraux (par ordre chronologique)
burrus-p,Burrus,P. Burrus; Pierre Burrus,3,2,3,administrateur,1922,1938,Documents généraux (par ordre chronologique)
buissiere,Buissière,Buissière,2,2,3,administrateur,1921,1937,Commerce; Documents généraux (par ordre chronologique)
sandrin-l,Sandrin,L. Sandrin; Louis Sandrin,2,2,3,administrateur,1908,1922,"Documents généraux (par ordre chronologique); Eau et assainissement, électricité (Utilities); Industries"
dubos-b,Dubos,Bernard Dubos,2,2,3,administrateur,1920,1958,Documents généraux (par ordre chronologique); Industries
eug-buhan,Eug. Buhan,Eug. Buhan,2,2,3,president,1920,1958,Documents généraux (par ordre chronologique); Industries
h-boissier,H Boissier,H Boissier,2,2,3,administrateur,1922,1938,Documents généraux (par ordre chronologique); Mines
chapuis,Chapuis,Chapuis,2,2,3,administrateur,1922,1968,Documents généraux (par ordre chronologique); Industries agro-alimentaires
r-hacault,R Hacault,R Hacault,2,2,3,administrateur,1921,1958,Documents généraux (par ordre chronologique); Industries agro-alimentaires
bigeard,Bigeard,Bigeard,2,2,3,president,1958,1958,Documents généraux (par ordre chronologique); Industries agro-alimentaires
durand,Durand,Durand,2,2,3,administrateur,1956,1958,Documents généraux (par ordre chronologique); Industries agro-alimentaires
lamotte-m,Lamotte,Maurice Lamotte,2,2,3,vice_president,1924,1937,Documents généraux; Sociétés
hallot,Hallot,Hallot,2,2,3,administrateur,1902,1937,Commerce; Documents généraux
blot-a,Blot,André Blot; André Blot1,2,2,3,administrateur,1926,1937,Commerce; Documents généraux (par ordre chronologique)
bergey-n,Bergey,Nestor Bergey,2,2,3,president,1925,1932,Commerce; Documents généraux (par ordre chronologique); Mines
laurans,Laurans,Laurans,2,2,3,administrateur,1925,1938,Commerce; Documents généraux (par ordre chronologique)
ed-cazalet,Ed. Cazalet,Ed. Cazalet,2,2,3,administrateur,1923,1926,Commerce; Documents généraux (par ordre chronologique)
ed-llewellyn,Ed. Llewellyn,Ed. Llewellyn,2,2,3,administrateur,1923,1926,Commerce; Documents généraux (par ordre chronologique)
bertrand-c,Bertrand,Charles Bertrand,2,2,3,administrateur,1925,1926,Documents généraux (par ordre chronologique); Mines
eug-j-buhan,Eug. J. Buhan,Eug. J. Buhan; Eug.-J. Buhan,2,2,3,administrateur,1920,1937,Documents généraux (par ordre chronologique); Industries
angoulvant-g,Angoulvant,G. Angoulvant; G. Angoulvant 2; Gabriel Angoulvant,2,2,3,administrateur,1926,1926,"Documents généraux (par ordre chronologique); Transports fluviaux, maritimes et aériens"
bigeard-m,Bigeard,Marc Bigeard,2,2,3,administrateur,1922,1938,Documents généraux (par ordre chronologique); Industries agro-alimentaires
baudry-e,Baudry,Baudry; E. Baudry,2,2,3,administrateur,1926,1937,Documents généraux (par ordre chronologique)
vare-g,Varé,Gaétan Varé; Gaëtan Varé,2,2,3,administrateur,1924,1926,Documents généraux (par ordre chronologique); Industries agro-alimentaires
analakely-tananarive,Analakely-Tananarive,Analakely-Tananarive,3,2,3,administrateur,1926,1937,Documents généraux (par ordre chronologique)
ambositra,Ambositra,Ambositra,3,2,3,administrateur,1902,1937,Commerce; Documents généraux (par ordre chronologique)
moulin-a,Moulin,A. Moulin; Albert Moulin; Alexis Moulin,2,2,3,administrateur,1937,1937,Documents généraux
prenat-h,Prénat,H. Prenat; Henri Prénat,2,2,3,administrateur,1934,1937,Documents généraux (par ordre chronologique); Industries agro-alimentaires
thibaudon-p,Thibaudon,Pierre Thibaudon,2,2,3,administrateur,1937,1973,Documents généraux (par ordre chronologique); Industries agro-alimentaires
laubie-j,Laubié,Joseph Laubie; Joseph Laubié,2,2,3,administrateur,1937,1956,Documents généraux (par ordre chronologique); Transports terrestres et garages
brochard-j,Brochard,Jean-Paul Brochard,2,2,3,administrateur,1936,1956,Commerce; Documents généraux (par ordre chronologique)
allain-p,Allain,Pierre Allain; Pierre Allain 2,2,2,3,administrateur,1937,1956,"Documents généraux (par ordre chronologique); Eau et assainissement, électricité (Utilities)"
maggiar-a,Maggiar,André Maggiar; André Maggiar 3,2,2,3,administrateur,1937,1956,"Documents généraux (par ordre chronologique); Eau et assainissement, électricité (Utilities)"
teissier-du-cros-e,Teissier du Cros,Ernest Teissier du Cros,2,2,3,administrateur,1937,1956,"Documents généraux (par ordre chronologique); Eau et assainissement, électricité (Utilities)"
boyau-j,Boyau,Jean Boyau,2,2,3,administrateur,1937,1956,Documents généraux (par ordre chronologique); Mines
boussand-h,Boussand,Henri Boussand; Henry Boussand,2,2,3,administrateur,1937,1956,Documents généraux (par ordre chronologique)
vogt-p,Vogt,P. Vogt; Pierre Vogt,2,2,3,administrateur,1937,1973,Documents généraux (par ordre chronologique)
binaud-h,Binaud,Henri Binaud,2,2,3,administrateur,1920,1973,Documents généraux (par ordre chronologique); Industries
conquy-j,Conquy,J. Conquy; Jules Conquy,2,2,3,administrateur,1936,1938,Documents généraux (par ordre chronologique); Industries agro-alimentaires
fantou,Fantou,FANTOU; Fantou,2,2,3,administrateur,1928,1973,Documents généraux (par ordre chronologique); Industries agro-alimentaires
froissart-l,Froissart,Louis Froissart,2,2,3,administrateur,1925,1937,Documents généraux (par ordre chronologique); Industries agro-alimentaires
chiris-l,Chiris,L. Chiris; L.-A. Chiris; Léon Chiris,2,2,3,administrateur,1937,1953,Documents généraux; Documents généraux (par ordre chronologique); Sociétés
h-guinaudeau,H Guinaudeau,H Guinaudeau,2,2,3,administrateur,1951,1953,Banques et groupes financiers; Documents généraux (par ordre chronologique)
champion-g,Champion,G. Champion; Gilbert Champion,2,2,3,administrateur,1950,1973,Documents généraux (par ordre chronologique); Industries agro-alimentaires
verdellet-j,Verdellet,Jean Verdellet,2,2,3,administrateur,1956,1956,Documents généraux (par ordre chronologique)
rastoin-e,Rastoin,Édouard Rastoin,2,2,3,administrateur,1951,1956,Documents généraux (par ordre chronologique); Industries
verrier-p,Verrier,Pierre VERRIER; Pierre Verrier,2,2,3,president_directeur_general,1950,1956,Documents généraux (par ordre chronologique); Industries
louis-durand-p,Louis Durand,Pierre- Louis Durand,2,2,3,administrateur,1927,1956,"Banques et groupes financiers; Documents généraux (par ordre chronologique); Eau et assainissement, électricité (Utilities)"
ottino-f,Ottino,François Ottino,3,2,3,administrateur,1920,1973,Documents généraux (par ordre chronologique); Industries
j-le-boulanger,J Le Boulanger,J Le Boulanger,3,2,3,administrateur_delegue,1951,1973,Documents généraux (par ordre chronologique); Industries agro-alimentaires
bureau-h,Bureau,Hippolyte Bureau,2,2,3,vice_president,1930,1973,Documents généraux (par ordre chronologique); Industries agro-alimentaires
jamin-l,Jamin,Léon Jamin,2,2,3,administrateur,1930,1973,Documents généraux (par ordre chronologique); Industries agro-alimentaires
daher-g,Daher,Gabriel DAHER; Gabriel Daher,2,2,3,administrateur,1949,1973,Documents généraux (par ordre chronologique); Industries agro-alimentaires
pallier-j,Pallier,Jean PALLIER; Jean Pallier,2,2,3,administrateur,1949,1973,Documents généraux (par ordre chronologique); Industries agro-alimentaires
reyre-j,Reyre,Jean REYRE; Jean Reyre,2,2,3,administrateur,1949,1973,Documents généraux (par ordre chronologique); Industries agro-alimentaires
tron-l,Tron,Ludovic TRON; Ludovic Tron,2,2,3,administrateur,1949,1973,Documents généraux (par ordre chronologique); Industries agro-alimentaires
mercier-h,Mercier,H. Mercier,2,2,3,administrateur,1909,1913,Mines
l-perben,L Perben,L Perben,2,2,3,administrateur,1922,1925,Banques et groupes financiers; Documents généraux (par ordre chronologique)
e-allain,É Allain,É Allain,2,2,3,administrateur,1922,1938,Banques et groupes financiers; Documents généraux (par ordre chronologique)
ehrmann-h,Ehrmann,Henri Ehrmann,2,2,2,administrateur,1922,1922,Documents généraux; Sociétés diverses
mobiliere-s,mobilière,Sté mobilière,2,2,2,administrateur,1922,1922,Documents généraux; Sociétés diverses
richemond-j,Richemond,J. Richemond; Jean Richemond,2,2,2,administrateur,1933,1937,Documents généraux; Sociétés diverses
barnaud-p,Barnaud,P. Barnaud,2,2,2,administrateur,1950,1951,Documents généraux; Sociétés diverses
veyret-l,Veyret,Louis Veyret,2,2,2,administrateur,1922,1951,Commerce
poinsard-l,Poinsard,Louis Poinsard,2,2,2,administrateur,1922,1951,Commerce
carnot-f,Carnot,Francois Carnot; François Carnot,2,2,2,administrateur,1922,1926,Documents généraux; Documents généraux (par ordre chronologique)
krantz-c,Krantz,C. Krantz; Camille Krantz,2,2,2,administrateur,1917,1922,Documents généraux (par ordre chronologique); Sociétés
burrus-a,Burrus,André Burrus,2,2,2,administrateur,1922,1926,Documents généraux (par ordre chronologique)
vermot-m,Vermot,Maurice Vermot,2,2,2,administrateur,1900,1922,Commerce; Documents généraux (par ordre chronologique)
gabit-c,Gabit,Charles Gabit,2,2,2,administrateur,1900,1922,Commerce; Documents généraux (par ordre chronologique)
caruel-j,Caruel,Jacqueline Caruel,2,2,2,administrateur,1922,1951,Documents généraux; Documents généraux (par ordre chronologique)
guillaume-m,Guillaume,Michel Guillaume,2,2,2,administrateur,1922,1926,Documents généraux (par ordre chronologique)
amaury-de-contes-de-bucamps,Amaury de Contes de Bucamps,Amaury de Contes de Bucamps,2,2,2,administrateur,1922,1926,Documents généraux (par ordre chronologique)
baker-f,Baker,F. W. Baker; F.-W. Baker,2,2,2,administrateur,1922,1926,Documents généraux (par ordre chronologique)
schlesinger-l,Schlesinger,L. G. Schlesinger; L.-G. Schlesinger,2,2,2,administrateur,1922,1926,Documents généraux (par ordre chronologique)
engelhard-e,Engelhard,E. Engelhard,2,2,2,administrateur,1922,1926,Documents généraux (par ordre chronologique)
f-boissier,F Boissier,F Boissier,2,2,2,administrateur,1912,1922,Documents généraux (par ordre chronologique); Mines
agricoles-e,agricoles,Entreprises agricoles,2,2,2,administrateur,1922,1973,Documents généraux (par ordre chronologique)
benoit-a,Benoît,Arthur Benoît,2,2,2,administrateur,1912,1958,Documents généraux (par ordre chronologique); Industries agro-alimentaires
barriquand,Barriquand,Barriquand,2,2,2,president,1926,1958,Documents généraux (par ordre chronologique)
foucque-a,Foucque,Albert Foucque,2,2,2,administrateur,1922,1951,Documents généraux
exp-cafe,Exp.: café,Exp.: café,2,2,2,administrateur,1922,1926,Documents généraux
roussel-f,Roussel,F. Roussel; Félix Roussel. 8,2,2,2,administrateur,1920,1926,Banques et groupes financiers; Documents généraux
guesde-p,Guesde,P. Guesde; Pierre Guesde,2,2,2,administrateur,1926,1937,Documents généraux
dammann-r,Dammann,Raoul Dammann; Raymond Dammann,2,2,2,administrateur,1926,1926,Documents généraux (par ordre chronologique)
palliez-a,Palliez,A. Palliez; Alexandre Palliez,2,2,2,administrateur,1926,1929,"Documents généraux (par ordre chronologique); Eau et assainissement, électricité (Utilities)"
favaron-l,Favaron,Favaron; Louis Favaron,2,2,2,president,1923,1926,Documents généraux (par ordre chronologique); Mines
portier-h,Portier,Henri Portier,2,2,2,administrateur,1919,1926,Banques et groupes financiers; Documents généraux (par ordre chronologique)
fisch-j,Fisch,Jules Fisch,2,2,2,administrateur,1901,1926,Documents généraux (par ordre chronologique); Mines
rey,Rey,REY; Rey,2,2,2,administrateur,1890,1926,Documents généraux (par ordre chronologique); Mines
du-boullay-r,du Boullay,Raymond du Boullay,2,2,2,administrateur,1926,1937,Documents généraux (par ordre chronologique)
boissier-f,Boissier,F. Boissier; Fernand Boissier,2,2,2,administrateur,1922,1926,Documents généraux (par ordre chronologique); Mines
martin-m,Martin,Marius Martin,2,2,2,administrateur,1899,1926,Documents généraux (par ordre chronologique); Mines
thomas,Thomas,Thomas,2,2,2,administrateur,1926,1937,Documents généraux (par ordre chronologique)
martin,Martin,Martin,2,2,2,administrateur,1912,1926,Documents généraux (par ordre chronologique); Mines
fournes-r,Fournès,Raoul Fournès,2,2,2,administrateur,1925,1926,Documents généraux (par ordre chronologique); Industries agro-alimentaires
emm-couvreux,Emm. Couvreux,Emm. Couvreux,2,2,2,administrateur,1923,1926,Documents généraux (par ordre chronologique); Sociétés diverses
dammann-g,Dammann,G. Dammann; Georges Dammann,2,2,2,administrateur,1926,1937,Documents généraux (par ordre chronologique)
rajpar-h,Rajpar,Hachim Rajpar,2,2,2,administrateur,1926,1937,Documents généraux (par ordre chronologique)
bodemer-m,Bodemer,Merley Bodemer,2,2,2,administrateur,1926,1937,Documents généraux (par ordre chronologique)
remorquage,Remorquage,Remorquage,2,2,2,administrateur,1926,1937,Documents généraux (par ordre chronologique)
betafo,Bétafo,Bétafo,2,2,2,administrateur,1926,1937,Documents généraux (par ordre chronologique)
vatomandry,Vatomandry,Vatomandry,2,2,2,administrateur,1902,1926,Commerce; Documents généraux (par ordre chronologique)
tomei-j,Tomeï,Jean Tomei; Jean Tomeï,2,2,2,administrateur,1926,1937,Documents généraux (par ordre chronologique)
payan-l,Payan,Louis Payan,2,2,2,administrateur,1926,1937,Documents généraux (par ordre chronologique)
rasongles-j,Rasongles,J. Rasongles; J. Rasonglès,2,2,2,administrateur,1926,1937,Documents généraux (par ordre chronologique)
vidal-e,Vidal,E. Vidal,2,2,2,administrateur,1926,1937,Documents généraux (par ordre chronologique)
consignation,Consignation,CONSIGNATION; Consignation,2,2,2,administrateur,1926,1938,Documents généraux; Documents généraux (par ordre chronologique)
plion-a,Plion,Antoine Plion; Plion,2,2,2,administrateur,1937,1937,Documents généraux; Documents généraux (par ordre chronologique)
rousset-bert-h,Rousset-Bert,Henri Rousset-Bert; Henry Rousset-Bert,2,2,2,administrateur,1937,1951,Documents généraux
lemaignen-r,Lemaignen,Robert Lemaignen,2,2,2,administrateur,1937,1951,Documents généraux
savon-l,Savon,L. Savon,2,2,2,administrateur,1926,1937,Documents généraux
geraud-l,Géraud,Léon Géraud,2,2,2,administrateur,1937,1956,Documents généraux (par ordre chronologique)
semama-j,Semama,Joseph Semama,2,2,2,administrateur,1937,1937,Documents généraux (par ordre chronologique)
gianotti-a,Gianotti,A. Gianotti; Antonin Gianotti,2,2,2,administrateur,1926,1937,Documents généraux (par ordre chronologique)
queroy-e,Quéroy,E. Quéroy; Ernest Quéroy,2,2,2,administrateur,1937,1951,Documents généraux (par ordre chronologique)
vandesmet-a,Vandesmet,Adolphe Vandesmet,2,2,2,administrateur_delegue,1937,1956,Documents généraux (par ordre chronologique)
decottignies-p,Decottignies,Paul Decottignies,2,2,2,administrateur,1937,1956,Documents généraux (par ordre chronologique)
anduze-faris-g,Anduze-Faris,G. Anduze-Faris,2,2,2,president,1937,1937,Documents généraux (par ordre chronologique); Industries
de-bressieux-r,de Bressieux,de Bressieux,2,2,2,administrateur,1937,1937,Documents généraux (par ordre chronologique); Industries
plasse-g,Plasse,G. Plasse,2,2,2,administrateur,1937,1937,Documents généraux (par ordre chronologique); Industries
de-coudenhove-j,de Coudenhove,Jean de Coudenhove,2,2,2,administrateur,1937,1973,Documents généraux (par ordre chronologique)
ectors-j,Ectors,J. Ectors; Jacques Ectors,2,2,2,administrateur,1928,1937,Documents généraux (par ordre chronologique); Industries agro-alimentaires
daher-p,Daher,Paul Daher,2,2,2,president,1929,1937,Documents généraux (par ordre chronologique); Industries agro-alimentaires
roubaud,Roubaud,Roubaud,2,2,2,administrateur_delegue,1919,1937,Documents généraux (par ordre chronologique); Sociétés
vincent-p,Vincent,Pierre Vincent,2,2,2,vice_president,1936,1937,Documents généraux (par ordre chronologique); Industries agro-alimentaires
hoareau-e,Hoareau,Éloi Hoareau,2,2,2,administrateur,1934,1937,"Documents généraux (par ordre chronologique); Transports fluviaux, maritimes et aériens"
nativel-e,Nativel,E. Nativel; Émery Nativel,2,2,2,administrateur,1934,1937,"Documents généraux (par ordre chronologique); Transports fluviaux, maritimes et aériens"
carnot-e,Carnot,E. Carnot; Ernest Carnot,2,2,2,administrateur,1937,1945,Documents généraux (par ordre chronologique); Sociétés
decler-c,Decler,Charles Decler,2,2,2,administrateur_delegue,1937,1951,Documents généraux
g-le-bret,G Le Bret,G Le Bret,2,2,2,president,1950,1951,Documents généraux; Sociétés
r-audren-de-kerdrel,R Audren de Kerdrel,R Audren de Kerdrel,2,2,2,administrateur,1951,1973,Documents généraux (par ordre chronologique)
denis-p,Denis,P. Denis,2,2,2,administrateur,1938,1951,Documents généraux (par ordre chronologique)
darrieux-y,Darrieux,Yves Darrieux,2,2,2,administrateur,1956,1973,Documents généraux (par ordre chronologique)
pequignot-j,Pequignot,Jean Pequignot; Jean Péquignot,2,2,2,administrateur,1956,1973,Documents généraux (par ordre chronologique)
bordes-g,Bordes,Bordes,2,2,2,administrateur,1950,1956,Documents généraux (par ordre chronologique); Industries
de-meneval-l,de Méneval,Louis de Méneval,2,2,2,administrateur,1950,1956,Documents généraux (par ordre chronologique); Industries
chavanne-a,Chavanne,Albert Chavanne,2,2,2,administrateur,1950,1956,Documents généraux (par ordre chronologique); Industries
gessain-r,Gessain,Robert Gessain,2,2,2,administrateur,1950,1956,Documents généraux (par ordre chronologique); Industries
firminy,Firminy,Firminy,2,2,2,administrateur,1925,1956,Documents généraux (par ordre chronologique)
jullien-a,Jullien,A. Jullien; Armand Jullien,2,2,2,administrateur,1953,1956,Documents généraux (par ordre chronologique); Industries agro-alimentaires
allain-a,Allain,André Allain; André Allain 1,2,2,2,president,1950,1956,"Documents généraux (par ordre chronologique); Eau et assainissement, électricité (Utilities)"
vandesmet-h,Vandesmet,Henry Vandesmet,2,2,2,administrateur,1956,1956,Documents généraux (par ordre chronologique)
bouvier-a,Bouvier,Albert Bouvier,2,2,2,administrateur,1951,1956,Documents généraux (par ordre chronologique); Mines
laurens-p,Laurens,Pierre Laurens,2,2,2,administrateur,1951,1956,Documents généraux (par ordre chronologique); Mines
cochet-c,Cochet,Charles Cochet,2,2,2,president_directeur_general,1956,1973,Documents généraux (par ordre chronologique)
mouscadet-g,Mouscadet,Georges Mouscadet; Georges Mouscadet3,2,2,2,administrateur,1940,1973,Documents généraux (par ordre chronologique); Mines
mouscadet-a,Mouscadet,André Mouscadet; André Mouscadet4,2,2,2,administrateur,1940,1973,Documents généraux (par ordre chronologique); Mines
p-buhan-p,P. Buhan,Paul P. Buhan,2,2,2,president,1920,1973,Documents généraux (par ordre chronologique); Industries
lafont,Lafont,Lafont,2,2,2,vice_president,1920,1973,Documents généraux (par ordre chronologique); Industries
dubos-m,Dubos,Maurice Dubos,2,2,2,administrateur,1920,1973,Documents généraux (par ordre chronologique); Industries
lemoine-ep-daisy-de-buhan-sima-r,Lemoine [ép. Daisy de Buhan. SIMA,René Lemoine [ép. Daisy de Buhan. SIMA,2,2,2,administrateur,1920,1973,Documents généraux (par ordre chronologique); Industries
import-a-bangui,import à Bangui],import à Bangui],2,2,2,administrateur,1920,1973,Documents généraux (par ordre chronologique); Industries
j-buhan-a,J. Buhan,André J. Buhan,2,2,2,administrateur,1920,1973,Documents généraux (par ordre chronologique); Industries
buhan-m,Buhan,Monique Buhan,2,2,2,administrateur,1920,1973,Documents généraux (par ordre chronologique); Industries
lafont-l,Lafont,Louis Lafont,2,2,2,administrateur,1920,1973,Documents généraux (par ordre chronologique); Industries
j-bouruet-aubertot,J Bouruet- Aubertot,J Bouruet- Aubertot; J Bouruet-Aubertot,2,2,2,administrateur,1951,1973,Documents généraux (par ordre chronologique); Industries agro-alimentaires
lemaire-a,Lemaire,André Lemaire,2,2,2,president_directeur_general,1973,1973,Documents généraux (par ordre chronologique); Industries agro-alimentaires
mallet-p,Mallet,Philippe Mallet,2,2,2,administrateur,1973,1973,Documents généraux (par ordre chronologique); Industries agro-alimentaires
mallet-t,Mallet,Thierry Mallet,2,2,2,administrateur,1973,1973,Documents généraux (par ordre chronologique); Industries agro-alimentaires
et-henri-lelievre,et Henri Lelièvre,et Henri Lelièvre,2,2,2,administrateur,1973,1973,Documents généraux (par ordre chronologique); Industries agro-alimentaires
durros-p,Durros,Pierre-Louis Durros,2,2,2,administrateur,1937,1973,Documents généraux (par ordre chronologique); Industries agro-alimentaires
de-fonscolombe-e,de Fonscolombe,Emmanuel de Fonscolombe,2,2,2,administrateur,1950,1973,Documents généraux (par ordre chronologique); Industries agro-alimentaires
faivre-d-arcier-c,Faivre d'Arcier,Ch. Faivre d'Arcier,2,2,2,administrateur,1950,1973,Documents généraux (par ordre chronologique); Industries agro-alimentaires
de-gasquet-b,de Gasquet,Bernard de Gasquet,2,2,2,administrateur,1950,1973,Documents généraux (par ordre chronologique); Industries agro-alimentaires
d-espies-h,d'Espiès,Henri d'Espiès,2,2,2,administrateur,1950,1973,Documents généraux (par ordre chronologique); Industries agro-alimentaires
de-coudenhove-b,de Coudenhove,Bernard de Coudenhove,2,2,2,administrateur,1950,1973,Documents généraux (par ordre chronologique); Industries agro-alimentaires
froissart-bimp-l,Froissart [BIMP,Louis Froissart [BIMP,2,2,2,president_directeur_general,1939,1973,Documents généraux (par ordre chronologique); Industries agro-alimentaires
kolente-y,Kolente],Yonia Kolente],2,2,2,president_directeur_general,1939,1973,Documents généraux (par ordre chronologique); Industries agro-alimentaires
maspetiol-r,Maspetiol,R. Maspetiol,2,2,2,administrateur,1939,1973,Documents généraux (par ordre chronologique); Industries agro-alimentaires
et-de-la-princesse-massena,et de la princesse Masséna],et de la princesse Masséna],2,2,2,administrateur,1939,1973,Documents généraux (par ordre chronologique); Industries agro-alimentaires
rabot-j,Rabot,Jean Rabot; Rabot,2,2,2,president,1951,1951,Documents généraux
cornu-h,Cornu,Henri Cornu,2,2,2,administrateur,1951,1951,Documents généraux
pres-m-g-schwob-d-hericourt,Prés.: M G Schwob d'Héricourt,Prés.: M G Schwob d'Héricourt,2,2,2,administrateur,1938,1938,Documents généraux (par ordre chronologique); Industries agro-alimentaires
l-gueugnier,L Gueugnier,L Gueugnier,2,2,2,vice_president,1938,1938,Documents généraux (par ordre chronologique); Industries agro-alimentaires
adm-mm-l-besson,Adm.: MM. L Besson,Adm.: MM. L Besson,2,2,2,administrateur,1938,1938,Documents généraux (par ordre chronologique); Industries agro-alimentaires
r-legrand,R Legrand,R Legrand,2,2,2,administrateur,1938,1938,Documents généraux (par ordre chronologique); Industries agro-alimentaires
g-zafiropulo,G Zafiropulo,G Zafiropulo,2,2,2,administrateur,1938,1938,Documents généraux (par ordre chronologique); Industries agro-alimentaires
h-mercier,H Mercier],H Mercier; H Mercier],2,2,2,administrateur,1912,1920,Industries agro-alimentaires; Mines
l-tardieu,L Tardieu,L Tardieu,2,2,2,administrateur,1921,1922,Industries agro-alimentaires
maroc,Maroc,Maroc,2,2,2,administrateur,1925,1925,Documents généraux (par ordre chronologique)
madagascar,Madagascar,Madagascar,2,2,2,administrateur,1925,1925,Documents généraux (par ordre chronologique)
service-public-de-transport-entre-tamatave-v,Service public de transport entre Tamatave,Vincent. Service public de transport entre Tamatave,2,2,2,president,1925,1925,"Documents généraux (par ordre chronologique); Transports fluviaux, maritimes et aériens"
dit-canal-des-pangalanes,dit « Canal des Pangalanes »,dit « Canal des Pangalanes »,2,2,2,president,1925,1925,"Documents généraux (par ordre chronologique); Transports fluviaux, maritimes et aériens"
crozier-f,Crozier,François Crozier,2,2,2,administrateur,1925,1925,Documents généraux (par ordre chronologique); Mines
dhe-p,Dhé,Paul Dhé,2,2,2,administrateur,1925,1925,Documents généraux (par ordre chronologique); Mines
cheymal-a,Cheymal,André-Antoine Cheymal,2,2,2,administrateur,1925,1925,Documents généraux (par ordre chronologique); Mines
beliard-h,Béliard,Henri-Jean-Pierre Béliard,2,2,2,administrateur,1925,1925,Documents généraux (par ordre chronologique); Mines
de-lignemare-w,de Lignemare,William de Lignemare,2,2,2,administrateur,1925,1925,Documents généraux (par ordre chronologique); Mines
neuilly,Neuilly,Neuilly,2,2,2,administrateur,1938,1946,Documents généraux (par ordre chronologique); Mines
l-krafft,L Krafft,L Krafft,2,2,2,administrateur,1938,1938,Documents généraux (par ordre chronologique); Mines
j-parmentier,J Parmentier,J Parmentier,2,2,2,president,1938,1938,Documents généraux (par ordre chronologique); Mines
g-de-breteuil,G de Breteuil,G de Breteuil,2,2,2,vice_president,1938,1938,Documents généraux (par ordre chronologique); Mines
adm-del-m-s-ottino,Adm.-dél.: M. S Ottino,Adm.-dél.: M. S Ottino,2,2,2,president,1938,1938,Documents généraux (par ordre chronologique); Mines
adm-mm-c-de-chazal,Adm.: MM. C de Chazal,Adm.: MM. C de Chazal,2,2,2,president,1938,1938,Documents généraux (par ordre chronologique); Mines
deschars,Deschars,Deschars,2,2,2,president,1938,1938,Documents généraux (par ordre chronologique); Mines
joseph,Joseph,Joseph,2,2,2,president,1938,1938,Documents généraux (par ordre chronologique); Mines
faure-le-pere-j,Faure [le père,Jacques Faure [le père,2,2,2,president,1938,1938,Documents généraux (par ordre chronologique); Mines
fondateur-de-la-miniere-du-kanguet,fondateur de la Minière du Kanguet,fondateur de la Minière du Kanguet,2,2,2,president,1938,1938,Documents généraux (par ordre chronologique); Mines
soc-ulysse-gros,Soc. Ulysse Gros,Soc. Ulysse Gros,2,2,2,president,1938,1938,Documents généraux (par ordre chronologique); Mines
darrieux,Darrieux,Darrieux,2,2,2,president,1938,1938,Documents généraux (par ordre chronologique); Mines
a-ambalarondra-e,à Ambalarondra,Exploitations à Ambalarondra,2,2,2,president,1938,1938,Documents généraux (par ordre chronologique); Mines
anivorano,Anivorano,Anivorano,2,2,2,president,1938,1938,Documents généraux (par ordre chronologique); Mines
adm-mm-bouvier,Adm.: MM. Bouvier,Adm.: MM. Bouvier,2,2,2,president,1938,1938,Documents généraux (par ordre chronologique); Industries agro-alimentaires
dufay,Dufay,Dufay,2,2,2,president,1938,1938,Documents généraux (par ordre chronologique); Industries agro-alimentaires
raimbault,Raimbault,Raimbault,2,2,2,president,1938,1938,Documents généraux (par ordre chronologique); Industries agro-alimentaires
rocca,Rocca3,Rocca; Rocca3,2,2,2,president,1938,1938,Documents généraux (par ordre chronologique); Industries agro-alimentaires
tanti,Tanti4,Tanti; Tanti4,2,2,2,president,1938,1938,Documents généraux (par ordre chronologique); Industries agro-alimentaires
objet-l-exploitation,Objet: L'exploitation,Objet: L'exploitation,2,2,2,administrateur,1900,1901,"Industries agro-alimentaires; Transports fluviaux, maritimes et aériens"
couvreux-a,Couvreux,A. Couvreux; Abel Couvreux,2,2,2,administrateur,1912,1922,Sociétés diverses
lacarriere,Lacarrière,Lacarrière,2,2,2,administrateur,1898,1902,Banques et groupes financiers; Sociétés
seyrig-w,Seyrig,Seyrig; W. Seyrig,2,2,2,administrateur,1898,1912,Sociétés
tardieu,Tardieu,Tardieu,2,2,2,administrateur,1919,1968,Industries agro-alimentaires; Sociétés
gimon,Gimon,Gimon,2,2,2,administrateur,1919,1922,"Sociétés; Transports fluviaux, maritimes et aériens"
michel-a,Michel,A. Michel; André Michel,2,2,2,administrateur,1926,1927,"Industries; Transports fluviaux, maritimes et aériens"
julien-bertrand-beurrier,Julien-Bertrand Beurrier,Julien-Bertrand Beurrier,2,2,2,administrateur,1927,1927,Banques et groupes financiers; Industries agro-alimentaires
pres-nevers,près Nevers,près Nevers,2,2,2,administrateur,1927,1927,Banques et groupes financiers; Industries agro-alimentaires
cousin-a,Cousin,Albert Cousin,2,2,2,president,1900,1903,Industries agro-alimentaires; Mines
bouvier,Bouvier,Bouvier,2,2,2,president,1901,1913,Mines
duclaux-monteil,Duclaux-Monteil,Duclaux-Monteil,2,2,2,administrateur,1901,1913,Mines
commissaire-m-canavy,Commissaire: M. Canavy,Commissaire: M. Canavy,2,2,2,administrateur,1901,1913,Mines
l-oudot,L OUDOT,L OUDOT,2,2,2,administrateur,1928,1928,Industries agro-alimentaires
girard,Girard,Girard,2,2,2,administrateur,1902,1915,Banques et groupes financiers; Sociétés
noel-o,NOËL,Octave NOËL; Octave Noël,2,2,2,administrateur,1890,1899,Mines
dugardin,Dugardin,Dugardin,1,1,14,administrateur,1925,1953,Documents généraux; Sociétés
wibratte-l,Wibratte,L. Wibratte; Louis Wibratte,1,1,11,administrateur,1925,1953,Documents généraux; Sociétés
getten,Getten,Getten,1,1,10,administrateur,1917,1933,Documents généraux; Sociétés
berthelier-f,Berthelier,F. Berthelier,1,1,10,administrateur,1914,1937,Documents généraux; Sociétés
lafon-e,Lafon,E. Lafon; Eugène Lafon,1,1,9,administrateur,1925,1945,Documents généraux (par ordre chronologique); Mines
francou-j,Francou,J.-J. Francou; Jean Francou; Jean-Jacques Francou,1,1,8,administrateur,1922,1973,Documents généraux (par ordre chronologique); Industries agro-alimentaires
getten-p,Getten,P. Getten,1,1,8,administrateur,1937,1953,Documents généraux; Sociétés
robaglia-b,Robaglia,B. Robaglia,1,1,8,administrateur,1925,1940,Documents généraux; Sociétés
lanino-e,Lanino,E. Lanino,1,1,8,administrateur,1925,1940,Documents généraux; Sociétés
raindre-j,Raindre,J. Raindre,1,1,8,administrateur,1912,1931,Sociétés
boyer-h,Boyer,H.-E. Boyer,1,1,7,administrateur,1922,1945,Documents généraux; Sociétés
einhorn-s,Einhorn,Einhorn; S. Einhorn,1,1,7,administrateur,1912,1925,Documents généraux; Sociétés
boyer,Boyer,Boyer,1,1,7,administrateur,1917,1933,Sociétés
elphinstone-w,Elphinstone,W. Elphinstone,1,1,7,administrateur,1912,1937,
van-luppen-j,Van Luppen,Joseph Van Luppen; Van Luppen,1,1,6,president,1921,1926,Documents généraux
bourel-h,Bourel,Bourel; Henry Bourel,1,1,6,administrateur,1921,1926,Documents généraux
chalas-e,Chalas,E. Chalas; Émile Chalas,1,1,6,administrateur,1922,1948,Documents généraux (par ordre chronologique); Industries agro-alimentaires
strap-g,Strap,G. Strap,1,1,6,administrateur,1925,1931,Documents généraux (par ordre chronologique); Mines
trochu-e,Trochu,E.-C. Trochu,1,1,6,administrateur,1925,1931,Documents généraux (par ordre chronologique); Mines
jourdan-e,Jourdan,E. Jourdan; E. Jourdan. 7,1,1,6,administrateur,1925,1931,Documents généraux (par ordre chronologique); Mines
deschars-l,Deschars,Léon Deschars,1,1,6,vice_president,1927,1956,Documents généraux (par ordre chronologique); Mines
borduge-m,Borduge,Borduge,1,1,6,president,1940,1953,Documents généraux; Sociétés
bouchy-p,Bouchy,P. Bouchy; Pierre BOUCHY; Pierre Bouchy,1,1,6,administrateur,1945,1973,Documents généraux (par ordre chronologique); Mines
fernandez-g,Fernandez,Gustave Fernandez,1,1,5,administrateur,1921,1926,Documents généraux
consign,Consign,Consign,1,1,5,administrateur,1922,1926,Documents généraux
treboul-g,Tréboul,G. Treboul; Gaston Tréboul,1,1,5,administrateur,1925,1931,Documents généraux (par ordre chronologique); Industries agro-alimentaires
lallemand-c,Lallemand,Ch. Lallemand; Charles Lallemand,1,1,5,administrateur,1929,1937,Documents généraux; Sociétés
senechal-m,Senéchal,Maurice Senéchal; Sénéchal,1,1,5,administrateur,1933,1940,Documents généraux (par ordre chronologique); Mines
leclerc-du-sablon-j,Leclerc du Sablon,J. Leclerc du Sablon; Leclerc du Sablon,1,1,5,administrateur,1945,1953,Documents généraux; Sociétés
peube-locou-h,Peube-Locou,H. Peube-Locou; Henri PEUBE-LOCOU; Henri Peube-Locou,5,1,5,gerant,1950,1973,Documents généraux (par ordre chronologique); Mines
nicolas-c,Nicolas,Ch. Nicolas,1,1,5,administrateur,1945,1973,Documents généraux (par ordre chronologique); Industries agro-alimentaires
pfrimmer-p,Pfrimmer,P. Pfrimmer; Pfrimmer,2,1,5,commissaire_aux_comptes,1940,1948,Commerce; Industries agro-alimentaires
haile-mariam,Haile-Mariam,Haile-Mariam,1,1,5,administrateur,1912,1925,Sociétés
tagagne-t,Tagagne,Tasfaë Tagagne,1,1,5,administrateur,1933,1948,Sociétés
jaujon-p,Jaujon,P. Jaujon; Paul Jaujon,2,1,5,gerant,1927,1933,Commerce; Industries agro-alimentaires
machetou,Machetou,Machetou,1,1,5,administrateur,1925,1933,Mines
ceineray-p,Ceineray,Pierre Ceineray,1,1,4,administrateur,1922,1931,Sociétés diverses
hardt-g,Hardt,G. Hardt,1,1,4,administrateur,1929,1940,Sociétés diverses
devies,Devies,Devies,1,1,4,president,1937,1948,Sociétés diverses
boucard-m,Boucard,Boucard,1,1,4,administrateur,1917,1922,Documents généraux; Sociétés
de-brommer-f,de Brommer,Frédéric de Brommer,1,1,4,administrateur,1922,1926,Documents généraux
gratry-a,Gratry,A. Gratry,1,1,4,administrateur,1922,1956,Documents généraux (par ordre chronologique)
hugot,Hugot,Hugot,1,1,4,administrateur,1922,1956,Documents généraux (par ordre chronologique)
de-la-chesnais-e,de la Chesnais,Édouard de la Chesnais,1,1,4,administrateur,1921,1926,Documents généraux
fougerolle-x,Fougerolle,X. Fougerolle,1,1,4,administrateur,1925,1927,Documents généraux (par ordre chronologique); Mines
schwob-g,Schwob,G. Schwob,1,1,4,president,1922,1933,Documents généraux (par ordre chronologique); Industries agro-alimentaires
pierre-j-dubos,Pierre-J. Dubos,Pierre-J. Dubos,1,1,4,administrateur,1920,1937,Documents généraux (par ordre chronologique); Industries
bizot-h,Bizot,Henri Bizot; Henry Bizot,1,1,4,administrateur,1936,1956,Commerce; Documents généraux (par ordre chronologique)
despres-r,Desprès,Robert Desprès; Robert Després,1,1,4,administrateur,1929,1956,"Documents généraux (par ordre chronologique); Eau et assainissement, électricité (Utilities)"
curmer-j,Curmer,Jean Curmer,1,1,4,administrateur,1930,1956,"Documents généraux (par ordre chronologique); Transports fluviaux, maritimes et aériens"
de-chazal-c,de Chazal,Clément de Chazal,1,1,4,administrateur,1927,1937,Documents généraux (par ordre chronologique); Mines
piaton-r,Piaton,René Piaton,1,1,4,administrateur,1934,1973,Documents généraux (par ordre chronologique); Industries agro-alimentaires
joffreville,Joffreville,Joffreville,1,1,4,administrateur,1937,1963,Documents généraux (par ordre chronologique)
bodin-a,Bodin,A. Bodin,1,1,4,administrateur,1948,1953,Documents généraux; Sociétés
minost-e,Minost,E. Minost,1,1,4,administrateur,1948,1953,Documents généraux; Sociétés
marion-c,Marion,C. Marion; Marion,2,1,4,commissaire_aux_comptes,1937,1956,Documents généraux (par ordre chronologique); Industries agro-alimentaires
beauge-e,Beaugé,E. Beaugé; Ernest Beaugé,1,1,4,administrateur,1945,1973,Documents généraux (par ordre chronologique); Mines
fille-de-leon,fille de Léon],fille de Léon],1,1,4,president,1934,1973,Documents généraux (par ordre chronologique); Industries agro-alimentaires
lafond-e,Lafond,E. Lafond,1,1,4,president,1933,1948,Mines
p-vogt,P Vogt,P Vogt,1,1,4,president,1925,1938,Documents généraux (par ordre chronologique); Mines
j-fisch,J Fisch,J Fisch,1,1,4,president,1925,1938,Documents généraux (par ordre chronologique); Mines
meunier,Meunier,Meunier,1,1,4,administrateur,1912,1920,Sociétés
roma-du-bocage-c,Roma du Bocage,C. Roma du Bocage,1,1,4,administrateur,1912,1923,
oury-l,Oury,L. Oury,1,1,4,administrateur,1912,1923,
philippar-e,Philippar,E. Philippar; Ed Philippar,1,1,4,administrateur,1922,1933,Banques et groupes financiers
clinchard-e,Clinchard,E. Clinchard,1,1,4,administrateur,1929,1937,Banques et groupes financiers
anduze-faris,Anduze-Faris. 18,Anduze-Faris; Anduze-Faris. 18,1,1,4,president,1931,1945,Industries
faure-j,Faure,Jacques Faure; Joseph Faure,1,1,4,administrateur,1927,1928,Mines
potier-j,Potier,J. Potier,1,1,4,commissaire_aux_comptes,1937,1948,Industries agro-alimentaires
rendu-a,Rendu,Ambroise Rendu,1,1,3,administrateur,1922,1931,Sociétés diverses
emden-c,Emden,Charles Emden,1,1,3,administrateur,1930,1931,Sociétés diverses
furst-a,Furst,A. Furst; A. Furst [†],1,1,3,administrateur,1927,1933,Sociétés diverses
leon-n,Léon,N. Léon,1,1,3,administrateur,1927,1933,Sociétés diverses
caquas-j,Caquas,J. Caquas,1,1,3,administrateur,1937,1945,Sociétés diverses
poggioli-a,Poggioli,Ange Poggioli,1,1,3,administrateur,1921,1926,Documents généraux; Sociétés
boussac,Boussac,Boussac,1,1,3,administrateur,1920,1922,Documents généraux; Sociétés
dewavrin-h,Dewavrin,Dewavrin,1,1,3,administrateur,1920,1922,Documents généraux; Sociétés
lorthiois,Lorthiois,Lorthiois,1,1,3,administrateur,1920,1922,Documents généraux; Sociétés
boulle-v,Boullé,Victor Boullé,1,1,3,administrateur_delegue,1922,1926,Documents généraux; Documents généraux (par ordre chronologique)
cauvin-m,Cauvin,Maurice Cauvin,1,1,3,administrateur,1922,1926,Documents généraux; Documents généraux (par ordre chronologique)
achalme-j,Achalme,Jacques Achalme,1,1,3,administrateur,1922,1926,Documents généraux (par ordre chronologique)
gogelein-p,Gogelein,Pierre Gogelein,1,1,3,administrateur,1922,1926,Documents généraux (par ordre chronologique)
plassard-r,Plassard,René Plassard,1,1,3,administrateur,1922,1926,Commerce; Documents généraux (par ordre chronologique)
de-soubeyran-a,de Soubeyran,de Soubeyran,1,1,3,administrateur,1922,1926,Commerce; Documents généraux (par ordre chronologique)
fosse-e,Fosse,E. Fosse,1,1,3,administrateur,1917,1922,Documents généraux (par ordre chronologique); Mines
deakin-c,Deakin,Charles Albert Deakin; Charles-Albert Deakin,3,1,3,directeur_general,1903,1925,Documents généraux (par ordre chronologique); Mines
morisson-l,Morisson,L. Morisson; Louis Morisson,1,1,3,administrateur,1909,1922,Documents généraux (par ordre chronologique); Mines
morisson-p,Morisson,P. Morisson; Pierre Morisson,1,1,3,administrateur,1909,1922,Documents généraux (par ordre chronologique); Mines
wyllie-c,Wyllie,C. Wyllie; Colin Wyllie,1,1,3,administrateur,1909,1922,Documents généraux (par ordre chronologique); Mines
magnan-a,Magnan,Albert Magnan,1,1,3,administrateur,1922,1926,Documents généraux (par ordre chronologique); Industries agro-alimentaires
guillet-de-la-brosse-e,Guillet de la Brosse,Guillet de la Brosse,1,1,3,administrateur,1920,1922,Documents généraux (par ordre chronologique); Industries agro-alimentaires
schmitt-g,Schmitt,G. Schmitt,1,1,3,administrateur,1921,1958,Documents généraux (par ordre chronologique); Industries agro-alimentaires
dauphin-j,Dauphin,J.-B. Dauphin,1,1,3,administrateur,1913,1958,Documents généraux (par ordre chronologique); Industries agro-alimentaires
imp-tissus,Imp.: tissus,Imp.: tissus,1,1,3,administrateur,1922,1937,Documents généraux
exp-sucre,Exp.: sucre,Exp.: sucre,1,1,3,administrateur,1922,1926,Documents généraux
guerindon-e,Guérindon,E. Guérindon; E. Guérindon. 6,1,1,3,administrateur,1921,1937,Documents généraux; Sociétés
lantz-l,Lantz,Lantz; Louis Lantz,1,1,3,administrateur,1925,1926,Documents généraux (par ordre chronologique); Mines
exbrayat-j,Exbrayat,J. Exbrayat,1,1,3,administrateur,1926,1933,Documents généraux (par ordre chronologique); Industries agro-alimentaires
vaucheret-a,Vaucheret,A. Vaucheret,1,1,3,administrateur,1926,1933,Documents généraux (par ordre chronologique); Industries agro-alimentaires
dupont-l,Dupont,Louis Dupont,1,1,3,administrateur,1926,1937,Documents généraux; Documents généraux (par ordre chronologique)
dalais-g,Dalais,Gabriel Dalais,1,1,3,administrateur,1926,1937,Documents généraux; Documents généraux (par ordre chronologique)
meyer-a,Meyer,A. Meyer; André Meyer,1,1,3,administrateur,1937,1940,Documents généraux; Sociétés
amster-b,Amster,Bernard Amster,2,1,3,directeur,1937,1956,Documents généraux (par ordre chronologique)
gautier-m,Gautier,Melchior Gautier,2,1,3,administrateur,1934,1937,Documents généraux (par ordre chronologique); Industries agro-alimentaires
martin-p,Martin,Pierre Martin; Pierre-Victor Martin,2,1,3,president,1936,1937,Commerce; Documents généraux (par ordre chronologique)
metaux,Métaux,Métaux,1,1,3,administrateur,1937,1956,Documents généraux (par ordre chronologique); Mines
de-breteuil-g,de Breteuil,Gaston de Breteuil,1,1,3,administrateur,1927,1937,Documents généraux (par ordre chronologique); Mines
bonnasse-h,Bonnasse,Henri Bonnasse,1,1,3,administrateur,1937,1973,Documents généraux (par ordre chronologique); Industries agro-alimentaires
rocca-j,Rocca,Jean-Baptiste Rocca,1,1,3,administrateur,1937,1973,Documents généraux (par ordre chronologique); Industries agro-alimentaires
rostand-a,Rostand,Auguste Rostand,1,1,3,administrateur,1937,1973,Documents généraux (par ordre chronologique); Industries agro-alimentaires
nossi-be,Nossi-Bé,Nossi-Bé,3,1,3,gerant,1937,1963,Documents généraux (par ordre chronologique)
import,Import,Import,1,1,3,administrateur,1937,1937,Documents généraux
guinaudeau-h,Guinaudeau,Henri Guinaudeau,1,1,3,administrateur,1929,1956,"Documents généraux (par ordre chronologique); Eau et assainissement, électricité (Utilities)"
tabacs-de-madagascar,tabacs de Madagascar,tabacs de Madagascar,1,1,3,administrateur,1930,1956,"Documents généraux (par ordre chronologique); Transports fluviaux, maritimes et aériens"
truffaut-p,Truffaut,P. Truffaut; Pierre Truffaut,1,1,3,president_directeur_general,1951,1973,Documents généraux (par ordre chronologique); Mines
privez-j,Privez,J. Privez; Jean Privez,1,1,3,administrateur,1951,1973,Documents généraux (par ordre chronologique); Mines
pelicier-m,Pélicier,Marc-Georges Pélicier,1,1,3,president,1951,1973,Documents généraux (par ordre chronologique); Mines
guibon-a,Guibon,André Guibon,1,1,3,administrateur,1951,1973,Documents généraux (par ordre chronologique); Mines
kohly-r,Kohly,Robert Kohly,1,1,3,administrateur,1951,1973,Documents généraux (par ordre chronologique); Mines
de-la-motte-saint-pierre-o,de la Motte-Saint-Pierre,Olivier de la Motte-Saint-Pierre,2,1,3,directeur_general,1951,1973,Documents généraux (par ordre chronologique); Industries agro-alimentaires
fassica-apte-mikael-a,Fassica Apte Mikael,Ato Fassica Apte Mikael; Atto Fassica Apte Mikael,1,1,3,administrateur,1925,1931,Sociétés
pedros-j,Pedros,J.-A.-A. Pedros; J.A.A. Pedros,1,1,3,administrateur,1914,1923,
hon-t,Hon,The Hon,1,1,3,administrateur,1925,1937,
mountstuart,Mountstuart,Mountstuart,1,1,3,administrateur,1925,1937,
alberto-de-sousa-pinto-a,Alberto de Sousa Pinto,A. Alberto de Sousa Pinto; Alexandre Alberto de Sousa Pinto,1,1,3,administrateur,1937,1953,
vice-amiral-lacaze,vice-amiral Lacaze,vice-amiral Lacaze,1,1,3,administrateur,1929,1933,Banques et groupes financiers
oudot-l,Oudot,L. Oudot,1,1,3,administrateur,1929,1933,Banques et groupes financiers
plasse,Plasse,Plasse,1,1,3,administrateur,1933,1940,Industries
roose-a,Roose,Alfred Roose; Arthur Roose,1,1,3,administrateur,1900,1914,Industries agro-alimentaires
mougeot-l,Mougeot,L. Mougeot,1,1,3,administrateur,1912,1920,Mines
meilhan-a,Meilhan,Meilhan,1,1,3,administrateur,1912,1920,Mines
brunet-p,Brunet,Paul Brunet,1,1,2,administrateur,1931,1931,Sociétés diverses
baugnies-a,Baugnies,A. Baugnies,1,1,2,administrateur,1923,1925,Sociétés diverses
bouin-g,Bouin,G. Bouin; Georges Bouin,1,1,2,administrateur,1922,1926,Documents généraux; Documents généraux (par ordre chronologique)
regoin-a,Regoin,A. Regoin,1,1,2,administrateur,1922,1926,Documents généraux; Documents généraux (par ordre chronologique)
berthelier,Berthelier,Berthelier,1,1,2,administrateur,1922,1922,Documents généraux; Sociétés
j-naud,J Naud,J Naud,1,1,2,administrateur,1922,1922,Documents généraux; Sociétés
j-raindre,J Raindre,J Raindre,1,1,2,administrateur,1922,1922,Documents généraux; Sociétés
b-robaglia,B Robaglia 1,B Robaglia; B Robaglia 1,1,1,2,administrateur,1922,1922,Documents généraux; Sociétés
ce-allain,ce Allain,ce Allain,1,1,2,administrateur,1922,1925,Documents généraux
f-roussel,F Roussel,F Roussel,1,1,2,directeur_general,1922,1922,Documents généraux; Sociétés
coubeche-a,Coubèche,Ali Coubèche,1,1,2,administrateur,1922,1926,Documents généraux
galula-j,Galula,Galula,1,1,2,administrateur,1920,1922,Documents généraux; Sociétés
kahn-s,Kahn,Stéphane Kahn,1,1,2,administrateur,1920,1922,Documents généraux; Sociétés
carneau-l,Carneau,Louis Carneau,1,1,2,administrateur,1922,1925,Documents généraux (par ordre chronologique)
patron-des-hts-fnx,patron des Hts fnx,patron des Hts fnx,1,1,2,president,1922,1922,Commerce; Documents généraux (par ordre chronologique)
fonderies-de-givors,fonderies de Givors],fonderies de Givors],1,1,2,president,1922,1922,Commerce; Documents généraux (par ordre chronologique)
wolf-l,Wolf,Lazare Wolf,1,1,2,administrateur,1922,1922,Commerce; Documents généraux (par ordre chronologique)
dubois-e,Dubois,E. Dubois,1,1,2,administrateur,1922,1926,Documents généraux (par ordre chronologique)
vandenperre-h,Vandenperre,H. Vandenperre,1,1,2,administrateur,1922,1926,Documents généraux (par ordre chronologique)
debayser-a,Debayser,A. Debayser,1,1,2,administrateur,1922,1926,Documents généraux (par ordre chronologique)
thoresen-t,Thoresen,Thor Thoresen,1,1,2,administrateur,1922,1922,Commerce; Documents généraux (par ordre chronologique)
f-poucel,F Poucel,F Poucel,1,1,2,president,1921,1922,Commerce; Documents généraux (par ordre chronologique)
toy-riont-senateur,Toy-Riont [sénateur,Toy-Riont [sénateur,1,1,2,administrateur,1921,1922,Commerce; Documents généraux (par ordre chronologique)
vote-pp-a-petain,vote PP à Pétain],vote PP à Pétain],1,1,2,administrateur,1921,1922,Commerce; Documents généraux (par ordre chronologique)
jaunez-m,Jaunez,Max Jaunez,1,1,2,president,1922,1926,Documents généraux (par ordre chronologique)
g-de-la-fontaine,G de la Fontaine,G de la Fontaine,1,1,2,administrateur,1921,1922,Commerce; Documents généraux (par ordre chronologique)
aug-ferrouillat,Aug. Ferrouillat,Aug. Ferrouillat,1,1,2,president,1920,1922,Documents généraux (par ordre chronologique); Industries
ricoux-e,Ricoux,E. Ricoux,1,1,2,administrateur,1920,1922,Documents généraux (par ordre chronologique); Industries
grivolas-c,Grivolas,C. Grivolas,1,1,2,administrateur,1922,1926,Documents généraux (par ordre chronologique)
l-de-contenson,L de Contenson,L de Contenson,1,1,2,administrateur,1922,1922,Documents généraux (par ordre chronologique); Mines
b-n,B,N. B,1,1,2,administrateur,1922,1922,Documents généraux (par ordre chronologique); Mines
gendre-de-gustave-eiffel,gendre de Gustave Eiffel,gendre de Gustave Eiffel,1,1,2,president,1922,1922,"Documents généraux (par ordre chronologique); Transports fluviaux, maritimes et aériens"
kchlin,Kœchlin,Kœchlin,1,1,2,administrateur,1922,1922,"Documents généraux (par ordre chronologique); Transports fluviaux, maritimes et aériens"
active-a-oran,active à Oran,active à Oran,1,1,2,administrateur,1922,1922,"Documents généraux (par ordre chronologique); Transports fluviaux, maritimes et aériens"
bauer,Bauer,Bauer,1,1,2,administrateur,1921,1922,Documents généraux (par ordre chronologique); Mines
brard,Brard,Brard,1,1,2,administrateur,1921,1922,Documents généraux (par ordre chronologique); Mines
lazard-m,Lazard,Maurice Lazard,1,1,2,administrateur,1922,1922,Documents généraux (par ordre chronologique); Mines
ste-des-hauts-fourneaux,Sté des hauts fourneaux,Sté des hauts fourneaux,1,1,2,administrateur,1922,1922,Documents généraux (par ordre chronologique); Mines
bonnasse-pdt-bq-privee-lyon-marseille-j,Bonnasse [pdt Bq privée Lyon-Marseille,Joseph Bonnasse [pdt Bq privée Lyon-Marseille,1,1,2,administrateur,1922,1922,Documents généraux (par ordre chronologique); Industries agro-alimentaires
monmeja-r,Monméja,René Monméja,1,1,2,administrateur,1922,1958,Documents généraux (par ordre chronologique); Industries agro-alimentaires
buhan-p,Buhan,Paul Buhan,1,1,2,administrateur,1920,1958,Documents généraux (par ordre chronologique); Industries
meaux-a,Meaux,Augustin Meaux,1,1,2,administrateur,1922,1958,Documents généraux (par ordre chronologique); Industries agro-alimentaires
roy-d,Roy,Donatien Roy,1,1,2,president,1926,1958,Documents généraux (par ordre chronologique)
peneau-a,Peneau,A. Peneau,1,1,2,administrateur,1926,1958,Documents généraux (par ordre chronologique)
ouizille-g,Ouizille,G. Ouizille,1,1,2,administrateur,1926,1958,Documents généraux (par ordre chronologique)
limousin-c,Limousin,C. Limousin,1,1,2,administrateur,1926,1958,Documents généraux (par ordre chronologique)
bertin,Bertin,Bertin,1,1,2,administrateur,1926,1958,Documents généraux (par ordre chronologique)
chouvel-a,Chouvel,Alfred Chouvel,1,1,2,administrateur,1913,1958,Documents généraux (par ordre chronologique); Industries agro-alimentaires
bagnis-g,Bagnis,Gabriel Bagnis,1,1,2,administrateur,1926,1958,Documents généraux (par ordre chronologique)
davin-e,Davin,Édouard Davin,1,1,2,administrateur,1926,1958,Documents généraux (par ordre chronologique)
guigou-v,Guigou,Victor Guigou,1,1,2,administrateur,1926,1958,Documents généraux (par ordre chronologique)
veron-g,Veron,Georges Veron,1,1,2,administrateur,1926,1958,Documents généraux (par ordre chronologique)
desaifres-l,Désaïfres,Désaïfres; Louis Désaïfres,1,1,2,president,1922,1922,Documents généraux
chatel-j,Châtel,J. Châtel,1,1,2,administrateur,1922,1926,Documents généraux
imp-modes,Imp.: modes,Imp.: modes,1,1,2,administrateur,1922,1926,Documents généraux
lagrave,Lagrave,Lagrave,1,1,2,administrateur,1922,1926,Documents généraux
dureault-h,Duréault,Henry Duréault,1,1,2,administrateur,1925,1926,Documents généraux
imp-cotonnades,Imp.: cotonnades,Imp.: cotonnades,1,1,2,administrateur,1926,1926,Documents généraux
cheron-c,Chéron,Charles Chéron,1,1,2,administrateur,1926,1926,Commerce; Documents généraux (par ordre chronologique)
sandoz-a,Sandoz,Alfred Sandoz,1,1,2,administrateur,1925,1926,Commerce; Documents généraux (par ordre chronologique)
fauchere-a,Fauchère,Aimé Fauchère,1,1,2,administrateur,1925,1926,Commerce; Documents généraux (par ordre chronologique)
delvoye-l,Delvoye,L. Delvoye,1,1,2,administrateur_delegue,1926,1937,Documents généraux (par ordre chronologique)
monchicourt-c,Monchicourt,Charles Monchicourt,1,1,2,administrateur,1925,1926,Commerce; Documents généraux (par ordre chronologique)
suppot-reveilhac-y,Suppot-Réveilhac,Yves Suppot-Réveilhac,1,1,2,administrateur,1925,1926,Commerce; Documents généraux (par ordre chronologique)
rennecon-p,Renneçon,Paul Renneçon; Renneçon,1,1,2,administrateur,1925,1926,Documents généraux (par ordre chronologique); Mines
bardinon-j,Bardinon,Jean Bardinon,1,1,2,administrateur,1925,1926,Documents généraux (par ordre chronologique); Industries
bourhis-g,Bourhis,Gaston Bourhis; Gustave Bourhis,1,1,2,administrateur,1925,1926,Documents généraux (par ordre chronologique); Industries
maquart-h,Maquart,Hector Maquart,1,1,2,administrateur,1925,1926,Documents généraux (par ordre chronologique); Industries
metzger-c,Metzger,Charles Metzger,1,1,2,administrateur,1925,1926,Documents généraux (par ordre chronologique); Industries
galoppe-r,Galoppe,Robert Galoppe,1,1,2,president,1925,1926,Documents généraux (par ordre chronologique); Mines
fraser-w,Fraser,William Fraser,1,1,2,administrateur,1925,1926,Documents généraux (par ordre chronologique); Mines
c-wyllie-c,C. Wyllie,Colin C. Wyllie,1,1,2,administrateur,1925,1926,Documents généraux (par ordre chronologique); Mines
agache-e,Agache,Edmond Agache,1,1,2,administrateur,1925,1926,Documents généraux (par ordre chronologique); Mines
aubert-m,Aubert,Maurice Aubert,1,1,2,administrateur,1925,1926,Documents généraux (par ordre chronologique); Mines
mahe-j,Mahé,Jean Mahé,1,1,2,administrateur,1925,1926,Documents généraux (par ordre chronologique); Mines
rey-l,Rey,Louis Rey,1,1,2,administrateur,1926,1937,Documents généraux (par ordre chronologique)
carle-g,Carle,Georges Carle,1,1,2,administrateur,1926,1937,Documents généraux (par ordre chronologique)
gillet-c,Gillet,Charles Gillet,1,1,2,administrateur,1926,1937,Documents généraux (par ordre chronologique)
de-wissocq-f,de Wissocq,Fernand de Wissocq,1,1,2,administrateur,1926,1937,Documents généraux (par ordre chronologique)
lejeune-c,Lejeune,C. Lejeune,2,1,2,directeur_general,1926,1926,Documents généraux (par ordre chronologique)
bernard-j-dubos,Bernard-J. Dubos,Bernard-J. Dubos,1,1,2,administrateur,1920,1926,Documents généraux (par ordre chronologique); Industries
j-buhan-p,J. Buhan,Paul- J. Buhan,1,1,2,administrateur,1920,1926,Documents généraux (par ordre chronologique); Industries
buissiere-l,Buissière,Louis Buissière,1,1,2,administrateur,1926,1937,Documents généraux (par ordre chronologique)
bigeard-p,Bigeard,P. Bigeard,1,1,2,president,1922,1926,Documents généraux (par ordre chronologique); Industries agro-alimentaires
roy-m,Roy,Marcel Roy,1,1,2,president,1926,1937,Documents généraux (par ordre chronologique)
paquet-f,Paquet,F. Paquet; Ferdinand Paquet,1,1,2,administrateur,1926,1937,Documents généraux (par ordre chronologique)
radas,Radas,Radas,1,1,2,administrateur,1926,1943,Documents généraux (par ordre chronologique); Sociétés diverses
ambatolampy-entrepreneur-philibert-truchot,Ambatolampy.— Entrepreneur. Philibert Truchot,Ambatolampy.— Entrepreneur. Philibert Truchot,2,1,2,administrateur,1926,1937,Documents généraux (par ordre chronologique)
schlienger-e,Schlienger,Émile Schlienger,1,1,2,administrateur,1926,1926,Documents généraux; Documents généraux (par ordre chronologique)
chatel-p,Chatel,Paul Chatel,1,1,2,administrateur,1926,1926,Documents généraux; Documents généraux (par ordre chronologique)
de-langlais-r,de Langlais,Roger de Langlais,1,1,2,administrateur,1926,1926,Documents généraux; Documents généraux (par ordre chronologique)
jochaud-de-plessix-j,Jochaud de Plessix,Joseph Jochaud de Plessix,1,1,2,administrateur,1926,1926,Documents généraux; Documents généraux (par ordre chronologique)
bories,Bories,Bories,1,1,2,administrateur,1926,1926,Documents généraux; Documents généraux (par ordre chronologique)
fournier,Fournier,Fournier,1,1,2,administrateur,1926,1926,Documents généraux; Documents généraux (par ordre chronologique)
moreau-g,Moreau,G. Moreau,1,1,2,administrateur,1926,1926,Documents généraux; Documents généraux (par ordre chronologique)
ballu-j,Ballu,J. Ballu,1,1,2,administrateur,1926,1926,Documents généraux; Documents généraux (par ordre chronologique)
mendes-c,Mendes,Chevallier Mendes,1,1,2,administrateur,1926,1926,Documents généraux; Documents généraux (par ordre chronologique)
girard-m,Girard,Max Girard,1,1,2,administrateur,1926,1926,Documents généraux; Documents généraux (par ordre chronologique)
eug-mutignon,Eug. Mutignon,Eug. Mutignon,1,1,2,administrateur,1926,1926,Documents généraux; Documents généraux (par ordre chronologique)
rhem-v,Rhem,Victor Rhem,1,1,2,administrateur,1926,1926,Documents généraux; Documents généraux (par ordre chronologique)
le-vigoureux-v,Le Vigoureux,Victor Le Vigoureux,1,1,2,administrateur,1926,1926,Documents généraux; Documents généraux (par ordre chronologique)
exp-essences,Exp.: essences,Exp.: essences,1,1,2,administrateur,1926,1937,Documents généraux
thamin-j,Thamin,J. Thamin,1,1,2,administrateur,1931,1937,Documents généraux; Sociétés
prunier-c,Prunier,Charles Prunier,1,1,2,administrateur,1937,1937,Documents généraux
capet-g,Capet,Georges Capet,1,1,2,president,1936,1937,Commerce; Documents généraux (par ordre chronologique)
gilquin-f,Gilquin,F. Gilquin; Fernand Gilquin,1,1,2,administrateur,1937,1937,Documents généraux (par ordre chronologique)
van-den-perre-h,Van den Perre,H. Van den Perre,1,1,2,administrateur_delegue,1937,1956,Documents généraux (par ordre chronologique)
garnier-e,Garnier,Émile Garnier,1,1,2,administrateur,1937,1956,Documents généraux (par ordre chronologique)
putois-r,Putois,René Putois,1,1,2,administrateur,1937,1956,Documents généraux (par ordre chronologique)
griffon-g,Griffon,Gustave Griffon,1,1,2,administrateur,1936,1937,Commerce; Documents généraux (par ordre chronologique)
cordier-c,Cordier,Charles Cordier,1,1,2,administrateur,1936,1937,Commerce; Documents généraux (par ordre chronologique)
mougeot-g,Mougeot,Gaston Mougeot,1,1,2,administrateur,1936,1937,Commerce; Documents généraux (par ordre chronologique)
verdeliet-j,Verdeliet,Jean Verdeliet,1,1,2,administrateur,1936,1937,Commerce; Documents généraux (par ordre chronologique)
dieppedale-j,Dieppedale,Jean Dieppedale,1,1,2,administrateur,1936,1937,Commerce; Documents généraux (par ordre chronologique)
imbert,Imbert,Imbert,1,1,2,administrateur,1937,1937,"Documents généraux (par ordre chronologique); Transports fluviaux, maritimes et aériens"
anduze,Anduze,Anduze,1,1,2,administrateur,1937,1937,"Documents généraux (par ordre chronologique); Transports fluviaux, maritimes et aériens"
durand-r,Durand,Roger Durand,1,1,2,administrateur,1929,1937,"Documents généraux (par ordre chronologique); Eau et assainissement, électricité (Utilities)"
siaume-a,Siaume,Amédée Siaume,1,1,2,administrateur,1929,1937,"Documents généraux (par ordre chronologique); Eau et assainissement, électricité (Utilities)"
dubois-l,Dubois,Léon Dubois,1,1,2,president,1937,1956,Documents généraux (par ordre chronologique)
darricau-r,Darricau,Roger Darricau,1,1,2,administrateur,1937,1956,Documents généraux (par ordre chronologique)
ducasse-p,Ducasse,Pierre Ducasse,1,1,2,administrateur,1937,1956,Documents généraux (par ordre chronologique)
heurteau-c,Heurteau,Charles Heurteau,1,1,2,president,1937,1956,Documents généraux (par ordre chronologique)
x-m,»,Métaux »,1,1,2,administrateur,1937,1956,Documents généraux (par ordre chronologique)
laville-a,Laville,André Laville,1,1,2,administrateur,1930,1937,"Documents généraux (par ordre chronologique); Transports fluviaux, maritimes et aériens"
moulin-j,Moulin,Jean Moulin,1,1,2,administrateur,1936,1937,Documents généraux (par ordre chronologique); Mines
croizier-j,Croizier,Joseph Croizier,1,1,2,administrateur,1937,1937,Documents généraux (par ordre chronologique); Mines
gonichon-e,Gonichon,Émile Gonichon,1,1,2,administrateur,1937,1937,Documents généraux (par ordre chronologique); Mines
massinot-a,Massinot,Adrien Massinot,1,1,2,administrateur,1937,1937,Documents généraux (par ordre chronologique); Mines
rheims-j,Rheims,Jean Rheims,1,1,2,president,1934,1937,Documents généraux (par ordre chronologique); Mines
de-naurois-p,de Naurois,Pierre de Naurois,1,1,2,administrateur,1934,1937,Documents généraux (par ordre chronologique); Mines
de-demandolx,de Demandolx,de Demandolx,1,1,2,administrateur,1934,1937,Documents généraux (par ordre chronologique); Mines
fol-g,Fol,Gabriel Fol,1,1,2,administrateur,1934,1937,Documents généraux (par ordre chronologique); Mines
franquin-j,Franquin,J. Franquin; Jean Franquin,1,1,2,administrateur,1937,1940,Documents généraux (par ordre chronologique); Industries agro-alimentaires
produits-agricoles-tropicaux-s-a,« Produits agricoles tropicaux » S. A,« Produits agricoles tropicaux » S. A,1,1,2,administrateur,1937,1937,Documents généraux (par ordre chronologique); Industries agro-alimentaires
schwob-d-hericourt-j,Schwob-d'Héricourt,J. Schwob-d'Héricourt,1,1,2,administrateur,1937,1937,Documents généraux (par ordre chronologique); Industries agro-alimentaires
gautier-p,Gautier,Paul Gautier,1,1,2,administrateur,1934,1937,Documents généraux (par ordre chronologique); Industries agro-alimentaires
forestieres-a-madagascar,forestières à Madagascar,forestières à Madagascar,1,1,2,administrateur,1937,1973,Documents généraux (par ordre chronologique)
paul-p-buhan,Paul-P. Buhan,Paul-P. Buhan,1,1,2,president,1920,1937,Documents généraux (par ordre chronologique); Industries
maurice-b-dubos,Maurice-B. Dubos,Maurice-B. Dubos,1,1,2,administrateur,1920,1937,Documents généraux (par ordre chronologique); Industries
de-laguarrige-e,de Laguarrige,Étienne de Laguarrige,1,1,2,administrateur,1920,1937,Documents généraux (par ordre chronologique); Industries
lafont-p,Lafont,Pierre Lafont,1,1,2,administrateur,1920,1937,Documents généraux (par ordre chronologique); Industries
lemoine-r,Lemoine. 1,René Lemoine. 1; René Lemoine. 4,1,1,2,administrateur,1920,1937,Documents généraux (par ordre chronologique); Industries
nicolle-l,Nicolle,L. NICOLLE; Louis Nicolle,1,1,2,administrateur,1928,1937,Documents généraux (par ordre chronologique); Industries agro-alimentaires
chaber-m,Chaber,Maurice Chaber,1,1,2,administrateur,1936,1937,Documents généraux (par ordre chronologique); Industries agro-alimentaires
de-cherizey,de Cherizey,de Cherizey,1,1,2,administrateur,1936,1937,Documents généraux (par ordre chronologique); Industries agro-alimentaires
otto-p,Otto,Otto; P. Otto,1,1,2,administrateur,1937,1973,Documents généraux (par ordre chronologique)
bussy-a,Bussy,A. Bussy,1,1,2,administrateur,1937,1973,Documents généraux (par ordre chronologique)
mitaranga-m,Mitaranga,Miltiade Mitaranga,1,1,2,administrateur,1937,1937,Documents généraux (par ordre chronologique); Industries agro-alimentaires
guillemin-h,Guillemin,Hubert Guillemin,1,1,2,administrateur,1937,1963,Documents généraux (par ordre chronologique)
ilaka,Ilaka,Ilaka,1,1,2,administrateur,1937,1937,Documents généraux (par ordre chronologique)
maroantsetra,Maroantsetra,Maroantsetra,1,1,2,administrateur,1937,1937,Documents généraux (par ordre chronologique)
gripon-m,Gripon,Gripon; Maurice Gripon,1,1,2,administrateur,1915,1937,Documents généraux (par ordre chronologique); Sociétés
gondran-j,Gondran,J. Gondran,1,1,2,administrateur_delegue,1951,1951,Documents généraux; Sociétés
e-carnot,E Carnot,E Carnot; E Carnot1,1,1,2,administrateur,1951,1951,Documents généraux; Sociétés
chagnaud-ep-maud-dumont-c,Chagnaud [ép. Maud Dumont,Ch Chagnaud [ép. Maud Dumont,1,1,2,administrateur,1951,1951,Documents généraux; Sociétés
fille-de-georges-d,fille de Georges D,fille de Georges D,1,1,2,administrateur,1951,1951,Documents généraux; Sociétés
pdt-ste-algerienne-des-entreprises-leon-chagnaud,pdt Sté algérienne des entreprises Léon Chagnaud…],pdt Sté algérienne des entreprises Léon Chagnaud…],1,1,2,administrateur,1951,1951,Documents généraux; Sociétés
j-frederic-bloch-laine,J.-Frédéric Bloch-Lainé,J.-Frédéric Bloch-Lainé,1,1,2,administrateur,1948,1951,Documents généraux; Sociétés
gonon-m,Gonon,Maurice Gonon,1,1,2,president,1951,1953,Banques et groupes financiers; Documents généraux (par ordre chronologique)
oudot-e,Oudot,Émile Oudot,1,1,2,vice_president,1951,1953,Banques et groupes financiers; Documents généraux (par ordre chronologique)
camerlynck-h,Camerlynck,Henri Camerlynck,1,1,2,administrateur,1951,1953,Banques et groupes financiers; Documents généraux (par ordre chronologique)
latapie-a,Latapie,André Latapie,1,1,2,administrateur,1951,1953,Banques et groupes financiers; Documents généraux (par ordre chronologique)
mary-r,Mary,Raoul Mary,1,1,2,administrateur,1951,1953,Banques et groupes financiers; Documents généraux (par ordre chronologique)
manes-e,Manès,Édouard Manès,1,1,2,administrateur,1951,1953,Banques et groupes financiers; Documents généraux (par ordre chronologique)
rakotomalala-l,Rakotomalala,Louis Rakotomalala,1,1,2,administrateur,1951,1953,Banques et groupes financiers; Documents généraux (par ordre chronologique)
tourqui-ben-charifou-s,Tourqui Ben Charifou,Saïd Tourqui Ben Charifou,1,1,2,administrateur,1951,1953,Banques et groupes financiers; Documents généraux (par ordre chronologique)
commissaires-du-gouv-jean-frecaut,Commissaires du gouv.: Jean Frecaut,Commissaires du gouv.: Jean Frecaut,1,1,2,administrateur,1951,1953,Banques et groupes financiers; Documents généraux (par ordre chronologique)
julienne-r,Julienne,Robert Julienne,1,1,2,administrateur,1951,1953,Banques et groupes financiers; Documents généraux (par ordre chronologique)
sonolet-h,Sonolet,H. Sonolet; Hector Sonolet,1,1,2,vice_president,1937,1951,Banques et groupes financiers; Documents généraux (par ordre chronologique)
delmas-m,Delmas,Marcel DELMAS; Marcel Delmas,2,1,2,directeur_general,1951,1953,Documents généraux (par ordre chronologique); Industries agro-alimentaires
vacherie-a,Vacherie,André Vacherie,1,1,2,administrateur_delegue,1943,1956,Commerce; Documents généraux (par ordre chronologique)
j-houchot-lelievre,J Houchot-Lelièvre,J Houchot-Lelièvre,1,1,2,administrateur,1956,1956,Documents généraux (par ordre chronologique); Industries agro-alimentaires
manaud-j,Manaud,J. Manaud,1,1,2,administrateur,1956,1956,Documents généraux (par ordre chronologique); Industries agro-alimentaires
durand-b,Durand,Barthélémy Durand,1,1,2,administrateur,1951,1956,"Documents généraux (par ordre chronologique); Eau et assainissement, électricité (Utilities)"
grezel-p,Grézel,Pierre Grézel,1,1,2,administrateur,1951,1956,"Documents généraux (par ordre chronologique); Eau et assainissement, électricité (Utilities)"
cl-legoueix,Cl. Legoueix,Cl. Legoueix,1,1,2,administrateur,1951,1956,"Documents généraux (par ordre chronologique); Eau et assainissement, électricité (Utilities)"
rouge-p,Rouge,Pierre Rouge,2,1,2,gerant,1951,1956,Documents généraux (par ordre chronologique)
cornebise-m,Cornebise,Michel CORNEBISE; Michel Cornebise,2,1,2,gerant,1955,1956,Documents généraux (par ordre chronologique); Mines
dieppdaile-g,DieppdaIle,Gaston DieppdaIle,1,1,2,president,1951,1956,Documents généraux (par ordre chronologique); Industries
jacques-r,Jacques,Robert Jacques,1,1,2,administrateur,1951,1956,Documents généraux (par ordre chronologique); Industries
presid-jean-dieppedalle,présid.: Jean Dieppedalle,présid.: Jean Dieppedalle,1,1,2,administrateur,1950,1956,Documents généraux (par ordre chronologique); Industries agro-alimentaires
rastoin-j,Rastoin,Joseph-Édouard Rastoin,1,1,2,administrateur,1950,1956,Documents généraux (par ordre chronologique); Industries agro-alimentaires
verrier-s,Verrier,Simon Verrier,1,1,2,president,1951,1956,Documents généraux (par ordre chronologique); Mines
morel-a,Morel,André Morel,1,1,2,president,1951,1956,Documents généraux (par ordre chronologique); Mines
mace-j,Macé,Jacques Macé,1,1,2,president,1951,1956,Documents généraux (par ordre chronologique); Mines
porte-ass-camat-l,Porte [Ass. CAMAT,Laurent Porte [Ass. CAMAT,1,1,2,president,1951,1956,Documents généraux (par ordre chronologique); Mines
worms,Worms,Worms,1,1,2,president,1951,1956,Documents généraux (par ordre chronologique); Mines
valois-p,Valois,Paul Valois,1,1,2,administrateur,1951,1973,Documents généraux (par ordre chronologique); Mines
gauthier-g,Gauthier,Gaston Gauthier,1,1,2,administrateur,1951,1973,Documents généraux (par ordre chronologique); Mines
g-piallat,G Piallat,G Piallat,1,1,2,administrateur,1951,1973,Documents généraux (par ordre chronologique); Mines
bucquet-a,Bucquet,Anatole Bucquet,1,1,2,president_directeur_general,1951,1973,"Documents généraux (par ordre chronologique); Transports fluviaux, maritimes et aériens"
d-auvigny-r,d'Auvigny,Robert d'Auvigny,1,1,2,administrateur,1951,1973,"Documents généraux (par ordre chronologique); Transports fluviaux, maritimes et aériens"
dumard-h,Dumard,Henri Dumard,1,1,2,administrateur,1951,1973,"Documents généraux (par ordre chronologique); Transports fluviaux, maritimes et aériens"
pignet,Pignet,Pignet,1,1,2,administrateur,1951,1973,"Documents généraux (par ordre chronologique); Transports fluviaux, maritimes et aériens"
ph-simoni,Ph. Simoni,Ph. Simoni,1,1,2,administrateur,1951,1973,"Documents généraux (par ordre chronologique); Transports fluviaux, maritimes et aériens"
zwingelstein,Zwingelstein,Zwingelstein,1,1,2,administrateur,1951,1973,"Documents généraux (par ordre chronologique); Transports fluviaux, maritimes et aériens"
j-guerin,J Guérin,J Guérin,1,1,2,administrateur,1950,1973,Documents généraux (par ordre chronologique); Industries agro-alimentaires
georges,Georges],Georges],1,1,2,administrateur,1950,1973,Documents généraux (par ordre chronologique); Industries agro-alimentaires
agricoles-tropicaux-s-a-p,agricoles tropicaux S. A,Produits agricoles tropicaux S. A,1,1,2,administrateur,1950,1973,Documents généraux (par ordre chronologique); Industries agro-alimentaires
queuille-j,Queuille,Julien Queuille,1,1,2,administrateur,1950,1973,Documents généraux (par ordre chronologique); Industries agro-alimentaires
seibel-g,Seibel,G. Seibel,1,1,2,administrateur,1945,1973,Documents généraux (par ordre chronologique); Industries
de-caplane-h,de Caplane,Henri de Caplane,1,1,2,administrateur,1951,1973,Documents généraux (par ordre chronologique); Industries agro-alimentaires
queille-j,Queille,Jullien Queille,1,1,2,president,1941,1973,Documents généraux (par ordre chronologique); Industries agro-alimentaires
bocquet-j,Bocquet,Jacques Bocquet,1,1,2,administrateur,1941,1973,Documents généraux (par ordre chronologique); Industries agro-alimentaires
de-guillebon-p,de Guillebon,Pierre de Guillebon,1,1,2,administrateur,1941,1973,Documents généraux (par ordre chronologique); Industries agro-alimentaires
leroux-a,Leroux,Alain Leroux,1,1,2,administrateur,1941,1973,Documents généraux (par ordre chronologique); Industries agro-alimentaires
neuhaus-ep-suzanne-gueugnier-j,Neuhaus [ép. Suzanne Gueugnier,Jean Neuhaus [ép. Suzanne Gueugnier,1,1,2,president,1934,1973,Documents généraux (par ordre chronologique); Industries agro-alimentaires
metzinger-j,Metzinger,Jean Metzinger,1,1,2,administrateur,1934,1973,Documents généraux (par ordre chronologique); Industries agro-alimentaires
lafleche-ep-marie-louise-gueugnier-p,Laflèche [ép. Marie-Louise Gueugnier,Pierre Laflèche [ép. Marie-Louise Gueugnier,1,1,2,administrateur,1934,1973,Documents généraux (par ordre chronologique); Industries agro-alimentaires
desouches-p,Desouches,Pierre Desouches,1,1,2,administrateur,1934,1973,Documents généraux (par ordre chronologique); Industries agro-alimentaires
neuhaus-j,Neuhaus,Jacques Neuhaus,1,1,2,administrateur,1934,1973,Documents généraux (par ordre chronologique); Industries agro-alimentaires
hailaust-g,Hailaust,Georges Hailaust,1,1,2,administrateur,1930,1973,Documents généraux (par ordre chronologique); Industries agro-alimentaires
loutrel-j,Loutrel,Jean Loutrel,1,1,2,administrateur,1930,1973,Documents généraux (par ordre chronologique); Industries agro-alimentaires
choppin-de-janvry-j,Choppin de Janvry,Choppin de Janvry,1,1,2,commissaire_aux_comptes,1940,1949,Industries agro-alimentaires
cheret-f,Cheret,F. Cheret,1,1,2,commissaire_aux_comptes,1940,1945,Industries agro-alimentaires
humblot-p,Humblot,P. Humblot,1,1,2,administrateur,1949,1953,Industries agro-alimentaires
chatain-j,Chatain,J. Chatain,1,1,2,administrateur,1933,1937,Mines
croisier-j,Croisier,J. Croisier,1,1,2,administrateur,1933,1940,Mines
brachet-a,Brachet,A. Brachet,1,1,2,administrateur,1937,1940,Mines
mayet-p,Mayet,P. Mayet,1,1,2,commissaire_aux_comptes,1940,1945,Mines
nuger-a,Nuger,A. Nuger; André Nuger,1,1,2,administrateur,1951,1953,Mines
grosos-a,Grosos,André Grosos,2,1,2,directeur_general,1919,1925,Banques et groupes financiers; Documents généraux (par ordre chronologique)
baver-l,Baver,Louis Baver,1,1,2,administrateur_delegue,1925,1925,Documents généraux (par ordre chronologique); Mines
adm-mm-lucien-boussand,Adm.: MM. Lucien Boussand,Adm.: MM. Lucien Boussand,1,1,2,president,1925,1925,Documents généraux (par ordre chronologique); Mines
h-dumenge,H Dumenge,H Dumenge,1,1,2,president,1925,1925,Documents généraux (par ordre chronologique); Mines
actuellement,Actuellement,Actuellement,1,1,2,president,1925,1925,Documents généraux (par ordre chronologique); Mines
vavatenina,Vavatenina,Vavatenina,1,1,2,president,1925,1925,Documents généraux (par ordre chronologique); Mines
l-boussand,L Boussand,L Boussand,1,1,2,president,1938,1938,Documents généraux (par ordre chronologique); Mines
l-bauer,L Bauer,L Bauer,1,1,2,administrateur_delegue,1938,1938,Documents généraux (par ordre chronologique); Mines
adm-mm-l-boussand,Adm.: MM. L Boussand,Adm.: MM. L Boussand,1,1,2,president,1938,1938,Documents généraux (par ordre chronologique); Mines
burgeat-f,Burgeat,F. Burgeat,2,1,2,directeur,1925,1938,Commerce; Documents généraux (par ordre chronologique)
pages-f,Pagès,Fernand Pagès,1,1,2,administrateur,1898,1898,Banques et groupes financiers
tananarive-m,? Tananarive,? Tananarive; Marot ? Tananarive,1,1,2,administrateur,1951,1951,"Transports fluviaux, maritimes et aériens"
besson-commissaires-aux-comptes-mm-rogliano-l,Besson. Commissaires aux comptes: MM. Rogliano,L. Besson Commissaires aux comptes: MM. Rogliano; L. Besson. Commissaires aux comptes: MM. Rogliano,1,1,2,administrateur,1940,1945,Industries agro-alimentaires
boell,Boell,Boell,1,1,2,administrateur,1945,1948,Industries agro-alimentaires
roume-e,Roume,E. Roume,1,1,2,administrateur,1912,1914,Sociétés
boyer-m-boucard,Boyer. M. Boucard,Boyer. M. Boucard,1,1,2,administrateur,1912,1914,Sociétés
carraby-c,Carraby,C. Carraby,1,1,2,administrateur,1912,1914,Sociétés
reverseaux-ch-michel-cote,Reverseaux. Ch. Michel-Côte,Reverseaux. Ch. Michel-Côte,1,1,2,administrateur,1912,1914,Sociétés
berthelier-p,Berthelier,P. Berthelier,1,1,2,administrateur,1937,1940,Sociétés
bevierre-h,Bevierre,H. Bevierre,1,1,2,administrateur,1937,1940,Sociétés
wescat-g,Wescat,G. P. Wescat,1,1,2,administrateur,1945,1948,Sociétés
chefneux,Chefneux,Chefneux,1,1,2,administrateur,1898,1901,Sociétés
a-t,A,Touton A; Touzin A,1,1,2,administrateur,1901,1901,Commerce
antoine-g,Antoine,G. Antoine,1,1,2,administrateur,1945,1948,Sociétés
bouee,Bouée,Bouée,1,1,2,administrateur,1948,1953,Sociétés
dubief-h,Dubief,Dubief; Henri Dubief,1,1,2,administrateur,1900,1900,Commerce
villaca-a,Villaca,A.-E. Villaca,1,1,2,administrateur,1912,1914,
white-comite-de-londres-a-sharpe-j,White. Comité de Londres: A. Sharpe,J.-A. White. Comité de Londres: A. Sharpe,1,1,2,administrateur,1912,1914,
gilmour-t,Gilmour,T. H. Gilmour,1,1,2,administrateur,1912,1914,
correia-e,Correia,E. Correia,1,1,2,administrateur,1917,1923,
zafiropoulo-d,Zafiropoulo,D. Zafiropoulo,1,1,2,administrateur,1917,1923,
white-j,White,J.-A. White,1,1,2,administrateur,1917,1923,
ennes-ulrich-r,Ennes Ulrich,Ruy Ennes Ulrich,1,1,2,administrateur,1925,1933,
luis-vieira-soares-a,Luis Vieira Soares,Augusto Luis Vieira Soares,1,1,2,administrateur,1925,1933,
baptista-de-sousa-a,Baptista de Sousa,Antonio Baptista de Sousa,1,1,2,administrateur,1925,1933,
nuno-de-freitas-queriol,Nuno de Freitas Queriol,Nuno de Freitas Queriol,1,1,2,administrateur,1925,1933,
tomas-de-paiva-raposo,Tomas de Paiva Raposo,Tomas de Paiva Raposo,1,1,2,administrateur,1925,1933,
b-g-teixeira-j,B. G. Teixeira,José B. G. Teixeira,1,1,2,administrateur,1925,1933,
lefevre-vacquerie-p,Lefèvre Vacquerie,P. Lefèvre Vacquerie,1,1,2,administrateur,1925,1933,
g-k,G,K. C. M. G,1,1,2,administrateur,1925,1933,
libert-oury-c,Libert Oury,C. B. Libert Oury,1,1,2,administrateur,1925,1933,
joao-de-azevedo-coutinho-fragoso-de-siqueira,Joao de Azevedo Coutinho Fragoso de Siqueira,Joao de Azevedo Coutinho Fragoso de Siqueira,1,1,2,president,1937,1940,
luiz-vieira-soares-a,Luiz Vieira Soares,Augusto Luiz Vieira Soares,1,1,2,administrateur_delegue,1937,1940,
martins-de-andrade-velez-a,Martins de Andrade Velez,Antonio Martins de Andrade Velez,1,1,2,administrateur,1937,1940,
trajano-vieira-da-rocha-f,Trajano Vieira da Rocha,Filipe Trajano Vieira da Rocha,1,1,2,administrateur,1937,1940,
lima-coelho-de-magalhaes-t,Lima Coelho de Magalhaes,Teofilo Lima Coelho de Magalhaes,1,1,2,administrateur,1937,1940,
augusta-de-sa-carneiro-c,Augusta de Sà Carneiro,Carlos Augusta de Sà Carneiro,1,1,2,administrateur,1937,1940,
ivens-ferraz-g,Ivens Ferraz,Guilherme Ivens Ferraz,1,1,2,administrateur,1937,1940,
guedes-de-vasconcellos-v,Guedes de Vasconcellos,Vasco Guedes de Vasconcellos,1,1,2,administrateur,1937,1940,
brandao-estolano-dias-ribeiro-a,Brandao: Estolano Dias Ribeiro,Arthur Brandao: Estolano Dias Ribeiro,1,1,2,administrateur,1937,1940,
tomaz-de-paiva-raposo,Tomaz de Paiva Raposo,Tomaz de Paiva Raposo,1,1,2,administrateur,1937,1940,
libert-oury-v,Libert Oury,Vivan Libert Oury; Vivian Libert Oury,1,1,2,administrateur,1937,1940,
marques-de-fontes,Marques de Fontes,Marques de Fontes; Marqués de Fontes,1,1,2,president,1945,1953,
lourenco-de-almeida-castelo-branco-j,Lourenço de Almeida Castelo Branco,José Lourenço de Almeida Castelo Branco,1,1,2,president,1945,1953,
prasso-a,Prasso,Adolphe Prasso; Albert Prasso,1,1,2,administrateur,1926,1926,
foucque,Foucque,Foucque,1,1,2,administrateur,1926,1926,"Transports fluviaux, maritimes et aériens"
lavigne-p,Lavigne,P. Lavigne,1,1,2,administrateur,1900,1900,Industries agro-alimentaires
morin,Morin,Morin,1,1,2,administrateur,1931,1933,Industries
brunel-de-montpellier,Brunel de Montpellier,Brunel de Montpellier,1,1,2,administrateur,1900,1900,Industries agro-alimentaires
chavoix-h,Chavoix,H. Chavoix; Henri Chavoix,1,1,2,administrateur,1900,1900,Industries agro-alimentaires
d-heygere-c,d'Heygère,Camille d'Heygere; Camille d'Heygère,1,1,2,administrateur,1900,1914,Industries agro-alimentaires
parmentier-j,Parmentier,Jean Parmentier,1,1,2,administrateur,1927,1928,Mines
duclos-j,DUCLOS,Jean DUCLOS; Jules Duclos,1,1,2,administrateur,1928,1928,Industries agro-alimentaires
impr-e-desfosses,Impr. E. Desfossés,Impr. E. Desfossés,1,1,2,administrateur,1946,1946,Industries agro-alimentaires
gougaud-a,Gougaud,A. Gougaud,1,1,2,administrateur,1945,1948,Industries agro-alimentaires
p-forveille,? P. Forveille,? P. Forveille,1,1,2,administrateur,,,Mines
paris-rodez,Paris-Rodez,Paris-Rodez,1,1,2,administrateur,,,Mines
cegepar,CÉGÉPAR,CÉGÉPAR,1,1,2,administrateur,1958,1958,Industries agro-alimentaires
roure-a,Roure,A. Roure,1,1,2,administrateur,1917,1920,Mines
capdeville,Capdeville,Capdeville,1,1,2,administrateur,1925,1927,Mines
meurs-l,Meurs,Louis Meurs; Meurs,1,1,2,administrateur,1913,1913,Mines
x-a,2,Allain 2; Amundsen 3,1,1,2,administrateur,1923,1923,Mines
pillet-e,Pillet,Edmond Pillet,1,1,2,administrateur,1929,1931,
begouen-m,Begouën,Max Begouën,1,1,2,administrateur,1929,1931,
bonnier-f,Bonnier,Fernand Bonnier,1,1,2,administrateur,1929,1931,
gradis-g,Gradis,Gaston Gradis,1,1,2,administrateur,1929,1931,
chater-e,Chater,Edmond Chater,1,1,1,administrateur,1922,1922,Sociétés diverses
menasche-j,Menasché,Jacques Menasché,1,1,1,administrateur,1922,1922,Sociétés diverses
champsfleur,« Champsfleur »,« Champsfleur »,1,1,1,administrateur,1922,1922,Sociétés diverses
roi-m,Roi,Mesnil-le Roi,1,1,1,administrateur,1922,1922,Sociétés diverses
rendu-m,Rendu,Marcel Rendu,1,1,1,administrateur,1922,1922,Sociétés diverses
bernard-l,Bernard,Lucien Bernard,1,1,1,administrateur,1930,1930,Sociétés diverses
bonnet-p,Bonnet,Paul Bonnet,1,1,1,administrateur,1930,1930,Sociétés diverses
briand-p,Briand,Paul Alexandre. Gustave Briand,1,1,1,administrateur,1931,1931,Sociétés diverses
mutingon-e,Mutingon,Eugène Mutingon,1,1,1,administrateur,1931,1931,Sociétés diverses
benard-eugene-mutignon-ambroise-rendu-l,Bénard. Eugène Mutignon. Ambroise Rendu,Lucien Bénard. Eugène Mutignon. Ambroise Rendu,1,1,1,administrateur,1931,1931,Sociétés diverses
coulisse,Coulisse,Coulisse,1,1,1,administrateur,1931,1931,Sociétés diverses
gouverneur-general-honoraire-des-colonies,gouverneur général honoraire des Colonies,gouverneur général honoraire des Colonies,1,1,1,administrateur,1920,1920,Sociétés diverses
immobiliere,Immobilière,Immobilière,1,1,1,administrateur,1920,1920,Sociétés diverses
grandjean,Grandjean,Grandjean,1,1,1,administrateur,1920,1920,Sociétés diverses
ste-marie-flacourt,Ste-Marie: « Flacourt »,Ste-Marie: « Flacourt »,1,1,1,administrateur,1922,1922,Sociétés diverses
st-paul-vue-belle,St-Paul « Vue Belle »,St-Paul « Vue Belle »,1,1,1,administrateur,1922,1922,Sociétés diverses
de-lesparda-p,de Lesparda,Paul de Lesparda,1,1,1,administrateur,1925,1925,Sociétés diverses
et-eugene-montignon,et Eugène Montignon,et Eugène Montignon,1,1,1,administrateur,1925,1925,Sociétés diverses
p-a,P,Alexandre P,1,1,1,administrateur,1927,1927,Sociétés diverses
benard,Bénard,Bénard,1,1,1,administrateur,1927,1927,Sociétés diverses
grandjean-g,Grandjean,G.-C. Grandjean,1,1,1,administrateur,1927,1927,Sociétés diverses
claudon-l,Claudon,L. Claudon,1,1,1,administrateur,1948,1948,Sociétés diverses
ratier-a,Ratier,A. Ratier,1,1,1,administrateur,1948,1948,Sociétés diverses
p-castelnau,P Castelnau,P Castelnau,1,1,1,administrateur,1950,1950,Sociétés diverses
b-faure-beaulieu,B Faure-Beaulieu,B Faure-Beaulieu,1,1,1,administrateur,1950,1950,Sociétés diverses
g-hersent,G Hersent,G Hersent,1,1,1,administrateur,1950,1950,Sociétés diverses
p-marbeau,P Marbeau,P Marbeau,1,1,1,administrateur,1950,1950,Sociétés diverses
j-de-margerie,J de Margerie,J de Margerie,1,1,1,administrateur,1950,1950,Sociétés diverses
g-vernes,G Vernes,G Vernes,1,1,1,administrateur,1950,1950,Sociétés diverses
jourdain-j,Jourdain,J. Jourdain,1,1,1,president_directeur_general,1953,1953,Sociétés diverses
lemoine-v,Lemoine,V. Lemoine,1,1,1,administrateur,1953,1953,Sociétés diverses
poinsard-a,Poinsard,Alphonse Poinsard,1,1,1,administrateur,1922,1922,Commerce
boucherie-r,Boucherie,René Boucherie,1,1,1,administrateur,1922,1922,Commerce
montangerand-f,Montangerand,Francis Montangerand,1,1,1,administrateur,1922,1922,Commerce
barbotin-p,Barbotin,Pierre Barbotin,1,1,1,administrateur,1922,1922,Commerce
lemerle-r,Lemerle,René Lemerle,1,1,1,administrateur,1922,1922,Commerce
perouse-a,Perouse,A. Perouse,1,1,1,administrateur,1951,1951,Commerce
poinsard-p,Poinsard,Pierre Poinsard,1,1,1,administrateur,1951,1951,Commerce
vachier-a,Vachier,André Vachier,1,1,1,administrateur,1951,1951,Commerce
tabourot-c,Tabourot,Charles Tabourot,1,1,1,administrateur,1951,1951,Commerce
admin-directeur-m-a-decamps,admin. Directeur: M. A. Décamps. 9,admin. Directeur: M. A. Décamps. 9,1,1,1,administrateur,1951,1951,Commerce
robert-j,Robert,Joseph Robert,1,1,1,administrateur,1922,1922,Documents généraux
ewald-r,Ewald,Robert Ewald,1,1,1,administrateur,1922,1922,Documents généraux
salmon-a,Salmon,Albert Salmon,1,1,1,administrateur,1922,1922,Documents généraux
moreau-defarges-j,Moreau-Defarges,Moreau-Defarges,1,1,1,administrateur,1922,1922,Documents généraux
raffard-w,Raffard,William Raffard,1,1,1,administrateur,1922,1922,Documents généraux
carnot-frere-d-ernest-f,Carnot [frère d'Ernest,François Carnot [frère d'Ernest,1,1,1,administrateur,1922,1922,Documents généraux
fille-de-francisque-bonnardel,fille de Francisque Bonnardel,fille de Francisque Bonnardel,1,1,1,administrateur,1922,1922,Documents généraux
fdt-hplm,fdt HPLM],fdt HPLM],1,1,1,administrateur,1922,1922,Documents généraux
prince-l-radziwill,prince L. Radziwill,prince L. Radziwill,1,1,1,administrateur,1922,1922,Documents généraux
rostand-j,Rostand,Jules Rostand,1,1,1,vice_president,1922,1922,Documents généraux (par ordre chronologique)
alex-vacherie,Alex. Vacherie,Alex. Vacherie,1,1,1,administrateur,1922,1922,Documents généraux (par ordre chronologique)
jameson-r,Jameson,Robert Jameson,1,1,1,administrateur,1922,1922,Documents généraux (par ordre chronologique)
lem-g,Lem,Gaston Lem,1,1,1,administrateur,1922,1922,Documents généraux (par ordre chronologique)
simon-s,Simon,Stanislas Simon,1,1,1,administrateur,1922,1922,Documents généraux (par ordre chronologique)
sommier-e,Sommier,Edme Sommier,1,1,1,administrateur,1922,1922,Documents généraux (par ordre chronologique)
e-celier-a,E. Celier,Alexandre E. Celier,1,1,1,administrateur,1922,1922,Documents généraux (par ordre chronologique)
lewandowski-m,Lewandowski,Maurice Lewandowski,1,1,1,administrateur,1922,1922,Documents généraux (par ordre chronologique)
roussei-f,RousseI,Félix RousseI,1,1,1,president,1922,1922,Documents généraux (par ordre chronologique)
castaigne,Castaigne,Castaigne,1,1,1,administrateur,1922,1922,Documents généraux (par ordre chronologique)
henrotin-f,Henrotin,Frédéric Henrotin,1,1,1,administrateur,1922,1922,Documents généraux (par ordre chronologique)
gavanagh-a-domicent-w,Gavanagh A. Domicent,W. Gavanagh A. Domicent,1,1,1,administrateur,1922,1922,Documents généraux (par ordre chronologique)
gavanagh-f,Gavanagh,F. Gavanagh,1,1,1,administrateur,1922,1922,Documents généraux (par ordre chronologique)
domicent-f,Domicent,F. Domicent,1,1,1,administrateur,1922,1922,Documents généraux (par ordre chronologique)
domicent-r,Domicent,Robert Domicent,1,1,1,administrateur,1922,1922,Documents généraux (par ordre chronologique)
touvet-l,Touvet,Léon Touvet,1,1,1,president,1922,1922,Documents généraux (par ordre chronologique)
naef-s,Naef,Siegfried Naef,1,1,1,administrateur,1922,1922,Documents généraux (par ordre chronologique)
j-richmond,J Richmond,J Richmond,1,1,1,administrateur,1922,1922,Documents généraux (par ordre chronologique)
devoye-l,Devoye,L. Devoye,1,1,1,administrateur,1922,1922,Documents généraux (par ordre chronologique)
lelebvre-g,Lelebvre,G. Lelebvre,1,1,1,administrateur,1922,1922,Documents généraux (par ordre chronologique)
jammes-l,Jammes,Léon Jammes,1,1,1,president,1922,1922,Documents généraux (par ordre chronologique)
medalle-j,Médalle,Justin Médalle,1,1,1,administrateur,1922,1922,Documents généraux (par ordre chronologique)
talansier-j,Talansier,Jules Talansier,1,1,1,administrateur,1922,1922,Documents généraux (par ordre chronologique)
v-thiebaut-polytechnicien,V Thiébaut [polytechnicien,V Thiébaut [polytechnicien,1,1,1,administrateur,1922,1922,Documents généraux (par ordre chronologique)
du-boullay-o,du Boullay,Olivier du Boullay,1,1,1,administrateur,1922,1922,Documents généraux (par ordre chronologique)
heuze-m,Heuzé,Maurice Heuzé,1,1,1,administrateur,1922,1922,Documents généraux (par ordre chronologique)
vimont-vicary-r,Vimont-Vicary,Robert Vimont-Vicary,1,1,1,administrateur,1922,1922,Documents généraux (par ordre chronologique)
selon-krner,selon Kœrner],selon Kœrner],1,1,1,administrateur,1922,1922,Documents généraux (par ordre chronologique)
ed-laurent,Ed. Laurent,Ed. Laurent,1,1,1,administrateur,1922,1922,Documents généraux (par ordre chronologique)
th-conilleau,Th. Conilleau,Th. Conilleau,1,1,1,administrateur,1922,1922,Documents généraux (par ordre chronologique)
adm-bandama,adm. Bandama ],adm. Bandama ],1,1,1,administrateur,1922,1922,Documents généraux (par ordre chronologique)
kennerley-hall-morgan-crucible-c,Kennerley Hall [Morgan crucible,Ch. Auguste Kennerley Hall [Morgan crucible,1,1,1,administrateur,1922,1922,Documents généraux (par ordre chronologique)
gb,GB],GB],1,1,1,administrateur,1922,1922,Documents généraux (par ordre chronologique)
villars-l,Villars,Lucien Villars,1,1,1,president,1922,1922,Documents généraux (par ordre chronologique)
deferding-h,Deferding,Henri Deferding,1,1,1,president,1922,1922,Documents généraux (par ordre chronologique)
deutsch-de-la-meurthe-petroles-jupiter-e,Deutsch de la Meurthe [Pétroles Jupiter,E. Deutsch de la Meurthe [Pétroles Jupiter,1,1,1,president,1922,1922,Documents généraux (par ordre chronologique)
filiale-francaise-de-shell,filiale française de Shell],filiale française de Shell],1,1,1,president,1922,1922,Documents généraux (par ordre chronologique)
colijn-h,Colijn,Hendrikus Colijn,1,1,1,administrateur,1922,1922,Documents généraux (par ordre chronologique)
heine-g,Heine,Georges Heine,1,1,1,administrateur,1922,1922,Documents généraux (par ordre chronologique)
viallate-a,Viallate,Achille Viallate,1,1,1,administrateur,1922,1922,Documents généraux (par ordre chronologique)
r-du-boullay,R du Boullay,R du Boullay,1,1,1,administrateur,1922,1922,Documents généraux (par ordre chronologique)
notabilite-de-la-sarthe,notabilité de la Sarthe,notabilité de la Sarthe,1,1,1,administrateur,1922,1922,Documents généraux (par ordre chronologique)
et-de-mme,et de Mme,et de Mme,1,1,1,administrateur,1922,1922,Documents généraux (par ordre chronologique)
bauer-louis-edouard-cosson-aubervilliers,Bauer. Louis Édouard Cosson (Aubervilliers,Bauer. Louis Édouard Cosson (Aubervilliers,1,1,1,administrateur,1922,1922,Documents généraux (par ordre chronologique)
d-or-c,d'Or,Côte d'Or,1,1,1,administrateur,1922,1922,Documents généraux (par ordre chronologique)
et-de-marie-emilie-mellerio,et de Marie Émilie Mellerio,et de Marie Émilie Mellerio,1,1,1,administrateur,1922,1922,Documents généraux (par ordre chronologique)
s-amundsen,S Amundsen,S Amundsen,1,1,1,administrateur,1922,1922,Documents généraux (par ordre chronologique)
acieries-du-chili-iii,aciéries du Chili. III,aciéries du Chili. III,1,1,1,administrateur,1922,1922,Documents généraux (par ordre chronologique)
h-mercier-publiciste,H Mercier [publiciste,H Mercier [publiciste,1,1,1,administrateur,1922,1922,Documents généraux (par ordre chronologique)
lagane-r,Lagane,Rougier- Lagane,1,1,1,administrateur,1922,1922,Documents généraux (par ordre chronologique)
l-besson,L Besson,L Besson,1,1,1,administrateur,1922,1922,Documents généraux (par ordre chronologique)
bq-maurel-freres-m,[Bq Maurel frères,More [Bq Maurel frères,1,1,1,administrateur,1922,1922,Documents généraux (par ordre chronologique)
future-martin-maurel,future Martin- Maurel],future Martin- Maurel],1,1,1,administrateur,1922,1922,Documents généraux (par ordre chronologique)
g-schwob,G Schwob,G Schwob,1,1,1,administrateur,1922,1922,Documents généraux (par ordre chronologique)
h-chapuis,H Chapuis,H Chapuis,1,1,1,administrateur,1958,1958,Documents généraux (par ordre chronologique)
laboria-j,Laboria,Jean Laboria,1,1,1,administrateur,1958,1958,Documents généraux (par ordre chronologique)
cauquelin-j,Cauquelin,J. Cauquelin,1,1,1,administrateur,1958,1958,Documents généraux (par ordre chronologique)
devigny-a,Devigny,A. Devigny,1,1,1,administrateur,1958,1958,Documents généraux (par ordre chronologique)
de-guy,de Guy,de Guy,1,1,1,administrateur,1958,1958,Documents généraux (par ordre chronologique)
mariee-a-bernard-mertian,mariée à Bernard Mertian,mariée à Bernard Mertian,1,1,1,administrateur,1958,1958,Documents généraux (par ordre chronologique)
beau-pere-du-ministre-de-l-interieur-christian-bon,beau-père du ministre de l'intérieur Christian Bonnet,beau-père du ministre de l'intérieur Christian Bonnet,1,1,1,administrateur,1958,1958,Documents généraux (par ordre chronologique)
gilberte,Gilberte,Gilberte,1,1,1,administrateur,1958,1958,Documents généraux (par ordre chronologique)
mariee-a-georges-glandaz,mariée à Georges Glandaz,mariée à Georges Glandaz,1,1,1,administrateur,1958,1958,Documents généraux (par ordre chronologique)
et-marcelle,et Marcelle,et Marcelle,1,1,1,administrateur,1958,1958,Documents généraux (par ordre chronologique)
mariee-a-gaston-laine,mariée à Gaston Lainé,mariée à Gaston Lainé,1,1,1,administrateur,1958,1958,Documents généraux (par ordre chronologique)
x-pts,X-Pts,X-Pts,1,1,1,administrateur,1958,1958,Documents généraux (par ordre chronologique)
renovateur-du-chateau-de-la-roche-courbon,rénovateur du château de La Roche-Courbon],rénovateur du château de La Roche-Courbon],1,1,1,administrateur,1958,1958,Documents généraux (par ordre chronologique)
beau-frere-de-paul-chenereau,beau-frère de Paul Chénereau,beau-frère de Paul Chénereau,1,1,1,administrateur,1958,1958,Documents généraux (par ordre chronologique)
archambaud-de-vencey,Archambaud de Vencey,Archambaud de Vencey,1,1,1,administrateur,1958,1958,Documents généraux (par ordre chronologique)
martin-madagascar-commercants-tananarive-m,Martin. MADAGASCAR Commerçants. TANANARIVE,Marius Martin. MADAGASCAR Commerçants. TANANARIVE,1,1,1,administrateur,1958,1958,Documents généraux (par ordre chronologique)
orsini-j,Orsini,J. Orsini,1,1,1,administrateur,1958,1958,Documents généraux (par ordre chronologique)
hadjar-h,Hadjar,Hachim Hadjar,1,1,1,administrateur,1958,1958,Documents généraux (par ordre chronologique)
merley,Merley,Merley,1,1,1,administrateur,1958,1958,Documents généraux (par ordre chronologique)
bodemet,Bodemet,Bodemet,1,1,1,administrateur,1958,1958,Documents généraux (par ordre chronologique)
bazomanlaga-b,(bazomanlaga,Bois (bazomanlaga,1,1,1,administrateur,1958,1958,Documents généraux (par ordre chronologique)
alph-mas,Alph. Mas,Alph. Mas,1,1,1,president,1922,1922,Documents généraux
gerard-c,Gérard,Camille Gérard,1,1,1,administrateur,1922,1922,Documents généraux
giron-de-la-massuere-l,Giron de la Massuère,Léopold Giron de la Massuère,1,1,1,administrateur,1922,1922,Documents généraux
ant-baret,Ant. Baret,Ant. Baret,1,1,1,administrateur,1922,1922,Documents généraux
vergoz-s,Vergoz,Stéphane Vergoz,1,1,1,administrateur,1922,1922,Documents généraux
direct-m-a-jacqueminet,Direct.: M. A. Jacqueminet,Direct.: M. A. Jacqueminet,1,1,1,administrateur,1922,1922,Documents généraux
blay-a,Blay,André Blay,1,1,1,administrateur,1922,1922,Documents généraux
michel-g,Michel,Georges Michel,1,1,1,administrateur,1922,1922,Documents généraux
de-guigne-a,de Guigné,Adrien de Guigné,1,1,1,administrateur,1922,1922,Documents généraux
immobiliere-commercants-saint-denis-b,immobilière. Commerçants. SAINT-DENIS. B,immobilière. Commerçants. SAINT-DENIS. B,1,1,1,administrateur,1922,1922,Documents généraux
araoux-h,Araoux,H. Araoux,1,1,1,administrateur,1922,1922,Documents généraux
comest,Comest,Comest,1,1,1,administrateur,1922,1922,Documents généraux
liquides-exp-tous-prod-essences,liquides. Exp.: tous prod.: essences,liquides. Exp.: tous prod.: essences,1,1,1,administrateur,1922,1922,Documents généraux
chouchou-albert-blay,chouchou... Albert Blay,chouchou... Albert Blay,1,1,1,administrateur,1922,1922,Documents généraux
nouveaut-exp-essence-geranium,nouveaut. Exp.: essence géranium,nouveaut. Exp.: essence géranium,1,1,1,administrateur,1922,1922,Documents généraux
exp-essences-dadabhaye-moussa,Exp.: essences. Dadabhaye Moussa,Exp.: essences. Dadabhaye Moussa,1,1,1,administrateur,1922,1922,Documents généraux
comest-frederic-dor,comest. Frédéric Dor,comest. Frédéric Dor,1,1,1,administrateur,1922,1922,Documents généraux
imp-aliment,Imp.: aliment,Imp.: aliment,1,1,1,administrateur,1922,1922,Documents généraux
quincaill,Quincaill,Quincaill,1,1,1,administrateur,1922,1922,Documents généraux
imp-tissus-exp-sucre,Imp.: tissus. Exp.: sucre,Imp.: tissus. Exp.: sucre,1,1,1,administrateur,1922,1922,Documents généraux
rhum-gaveaux,rhum. Gaveaux,rhum. Gaveaux,1,1,1,administrateur,1922,1922,Documents généraux
giraud,Giraud,Giraud,1,1,1,administrateur,1922,1922,Documents généraux
rhum-ed-giraud,rhum. Ed. Giraud,rhum. Ed. Giraud,1,1,1,administrateur,1922,1922,Documents généraux
alcool-leonce-giraud,alcool. Léonce Giraud,alcool. Léonce Giraud,1,1,1,administrateur,1922,1922,Documents généraux
nouveautes-a-gunet,nouveautés. A. Gunet,nouveautés. A. Gunet,1,1,1,administrateur,1922,1922,Documents généraux
quincaill-anatole-hugot,Quincaill. Anatole Hugot,Quincaill. Anatole Hugot,1,1,1,administrateur,1922,1922,Documents généraux
rhum-laffon,rhum. Laffon,rhum. Laffon,1,1,1,administrateur,1922,1922,Documents généraux
essences-m-lagrave,essences.. M. Lagrave,essences.. M. Lagrave,1,1,1,administrateur,1922,1922,Documents généraux
prod-madagascar,prod Madagascar,prod Madagascar,1,1,1,administrateur,1922,1922,Documents généraux
alf-s-gyger,Alf. S. Gyger,Alf. S. Gyger,1,1,1,president,1926,1926,Documents généraux
dubail-pere-l,Dubail père,L. Dubail père,1,1,1,administrateur,1926,1926,Documents généraux
huber-a-shanghai-e,Huber à Shanghai,Émile Huber à Shanghai,1,1,1,administrateur,1926,1926,Documents généraux
pays-a-djibouti-a,Pays à Djibouti,A. Pays à Djibouti,1,1,1,administrateur,1926,1926,Documents généraux
maitre-a-casablanca-f,Maître à Casablanca,F. Maître à Casablanca,1,1,1,administrateur,1926,1926,Documents généraux
marceron-m,Marceron,Marceron,1,1,1,administrateur,1926,1926,Documents généraux
lemaignen,Lemaignen,Lemaignen,1,1,1,administrateur,1926,1926,Documents généraux
nemirovsky-l,Nemirovsky,Léon Nemirovsky,1,1,1,administrateur,1926,1926,Documents généraux
dukelsky-dickler-s,Dukelsky-Dickler,Samuel Dukelsky-Dickler,1,1,1,administrateur,1926,1926,Documents généraux
de-la-hautiere-r,de la Hautière,Raymond de la Hautière,1,1,1,administrateur,1926,1926,Documents généraux
provot-g,Provot,G. Provot,1,1,1,administrateur,1926,1926,Documents généraux
prince-l-radzivill,prince L. Radzivill,prince L. Radzivill,1,1,1,administrateur,1926,1926,Documents généraux
cuirs,Cuirs,Cuirs,1,1,1,administrateur,1926,1926,Documents généraux
cotonnades-mohamed,cotonnades. Mohamed,cotonnades. Mohamed,1,1,1,administrateur,1926,1926,Documents généraux
bamismus-a,Bamismus,Abdalla Bamismus,1,1,1,administrateur,1926,1926,Documents généraux
cotonnades-besse,cotonnades. Besse,cotonnades. Besse,1,1,1,administrateur,1926,1926,Documents généraux
exp-clayton,Exp. Clayton,Exp. Clayton,1,1,1,administrateur,1926,1926,Documents généraux
ghaleb,Ghaleb,Ghaleb,1,1,1,administrateur,1926,1926,Documents généraux
exp-l-dubail,exp. L. Dubail,exp. L. Dubail,1,1,1,administrateur,1926,1926,Documents généraux
exp-a-n-kalos,exp. A.-N. Kalos,exp. A.-N. Kalos,1,1,1,administrateur,1926,1926,Documents généraux
cafe-kassapian,café. Kassapian,café. Kassapian,1,1,1,administrateur,1926,1926,Documents généraux
exp-cafes,Exp.: cafés,Exp.: cafés,1,1,1,administrateur,1926,1926,Documents généraux
en-nom-collectif-s,en nom collectif,Sté en nom collectif,1,1,1,administrateur,1926,1926,Documents généraux
harrar-p-marill,Harrar. P. Marill,Harrar. P. Marill,1,1,1,administrateur,1926,1926,Documents généraux
exp-nacres,Exp.: nacres,Exp.: nacres,1,1,1,administrateur,1926,1926,Documents généraux
cire-g-papaconstante,cire. G. Papaconstante,cire. G. Papaconstante,1,1,1,administrateur,1926,1926,Documents généraux
exp-ries,exp. Ries,exp. Ries,1,1,1,administrateur,1926,1926,Documents généraux
fils-j-z-salomon,fils. J.-Z. Salomon,fils. J.-Z. Salomon,1,1,1,administrateur,1926,1926,Documents généraux
soieries,Soieries,Soieries,1,1,1,administrateur,1926,1926,Documents généraux
nouveautes-ed-h-seferian,nouveautés. Ed.-H. Séférian,nouveautés. Ed.-H. Séférian,1,1,1,administrateur,1926,1926,Documents généraux
fauquet-j,Fauquet,Jacques Fauquet,1,1,1,administrateur,1926,1926,Documents généraux (par ordre chronologique)
morel-p,Morel,Pierre Morel,1,1,1,administrateur,1926,1926,Documents généraux (par ordre chronologique)
vallentin-j,Vallentin,Jules Vallentin,1,1,1,administrateur,1926,1926,Documents généraux (par ordre chronologique)
grenier-j,Grenier,J. Grenier,1,1,1,administrateur,1926,1926,Documents généraux (par ordre chronologique)
cottet-b,Cottet,Benoît Cottet,1,1,1,administrateur,1926,1926,Documents généraux (par ordre chronologique)
hallot-c,Hallot,Charles Hallot,1,1,1,administrateur,1926,1926,Documents généraux (par ordre chronologique)
haugou-r,Haugou,René Haugou,1,1,1,administrateur,1926,1926,Documents généraux (par ordre chronologique)
feuillatte-m,Feuillatte,Maurice Feuillatte,1,1,1,administrateur,1926,1926,Documents généraux (par ordre chronologique)
boutard-m,Boutard,Marcel Boutard,1,1,1,administrateur,1926,1926,Documents généraux (par ordre chronologique)
lavagne-p,Lavagne,Paul Lavagne,1,1,1,administrateur,1926,1926,Documents généraux (par ordre chronologique)
raoul-duval-e,Raoul-Duval,E. Raoul-Duval,1,1,1,administrateur,1926,1926,Documents généraux (par ordre chronologique)
burrus-m,Burrus,Maurice Burrus,1,1,1,president,1926,1926,Documents généraux (par ordre chronologique)
leveque-c,Levêque,Charles Levêque,1,1,1,administrateur,1926,1926,Documents généraux (par ordre chronologique)
andre-a,André,Antonin André,1,1,1,administrateur,1926,1926,Documents généraux (par ordre chronologique)
richmond-j,Richmond,J. Richmond,1,1,1,administrateur_delegue,1926,1926,Documents généraux (par ordre chronologique)
houitte-de-la-chesnais,Houïtte de La Chesnais,Houïtte de La Chesnais,1,1,1,administrateur,1926,1926,Documents généraux (par ordre chronologique)
raverat-g,Raverat,Georges Raverat,1,1,1,president,1926,1926,Documents généraux (par ordre chronologique)
veyrin-t,Veyrin,Théodore Veyrin,1,1,1,vice_president,1926,1926,Documents généraux (par ordre chronologique)
siegfried-e,Siegfried,Ernest Siegfried,1,1,1,administrateur,1926,1926,Documents généraux (par ordre chronologique)
mellier-l,Mellier,Lucien Mellier,1,1,1,administrateur,1926,1926,Documents généraux (par ordre chronologique)
augustin-normand-a,Augustin-Normand,Augustin Augustin-Normand,1,1,1,administrateur,1926,1926,Documents généraux (par ordre chronologique)
senn-e,Senn,Édouard Senn,1,1,1,administrateur,1926,1926,Documents généraux (par ordre chronologique)
morin-r,Morin,Robert Morin,1,1,1,administrateur_delegue,1926,1926,Documents généraux (par ordre chronologique)
dammann-l,Dammann,Louis Émile Dammann,1,1,1,president,1926,1926,Documents généraux (par ordre chronologique)
dammann-a,Dammann,André Dammann,1,1,1,administrateur,1926,1926,Documents généraux (par ordre chronologique)
administrateurs-m-f-burgeat,administrateurs. —M. F. Burgeat,administrateurs. —M. F. Burgeat,1,1,1,administrateur,1926,1926,Documents généraux (par ordre chronologique)
lavaux-e,Lavaux,E. Lavaux,1,1,1,administrateur,1926,1926,Documents généraux (par ordre chronologique)
sala,Sala,Sala,1,1,1,administrateur,1926,1926,Documents généraux (par ordre chronologique)
schissele-e,Schisselé,Edmond Schisselé,1,1,1,administrateur_delegue,1926,1926,Documents généraux (par ordre chronologique)
koch-h,Koch,Henri Koch,1,1,1,administrateur,1926,1926,Documents généraux (par ordre chronologique)
de-grandprey-p,de Grandprey,Pierre de Grandprey,1,1,1,administrateur,1926,1926,Documents généraux (par ordre chronologique)
ottino,Ottino,Ottino,1,1,1,administrateur,1926,1926,Documents généraux (par ordre chronologique)
buhot-de-launay-e,Buhot de Launay,E. Buhot de Launay,1,1,1,administrateur,1926,1926,Documents généraux (par ordre chronologique)
montagnon-l,Montagnon,Lucien Montagnon,1,1,1,administrateur,1926,1926,Documents généraux (par ordre chronologique)
de-piessac-j,de Piessac,Jean de Piessac,1,1,1,administrateur,1926,1926,Documents généraux (par ordre chronologique)
sully-h,Sully,Henri Sully,1,1,1,administrateur,1926,1926,Documents généraux (par ordre chronologique)
froget-l,Froget,Louis Froget,1,1,1,administrateur,1926,1926,Documents généraux (par ordre chronologique)
saupiquet-a,Saupiquet,Arsène Saupiquet,1,1,1,administrateur,1926,1926,Documents généraux (par ordre chronologique)
baverey-p,Baverey,Paul Baverey,1,1,1,administrateur,1926,1926,Documents généraux (par ordre chronologique)
bordeaux-j,Bordeaux,Jules Bordeaux,1,1,1,administrateur,1926,1926,Documents généraux (par ordre chronologique)
dugueyt-m,Dugueyt,Maurice Dugueyt,1,1,1,administrateur,1926,1926,Documents généraux (par ordre chronologique)
gilardoni-h,Gilardoni,Henri Gilardoni,1,1,1,administrateur,1926,1926,Documents généraux (par ordre chronologique)
rocher-c,Rocher,Camille Rocher,1,1,1,administrateur,1926,1926,Documents généraux (par ordre chronologique)
capdeville-j,Capdeville,J. Édouard Capdeville,1,1,1,administrateur,1926,1926,Documents généraux (par ordre chronologique)
kennerley-hall-c,Kennerley Hall,Ch. Auguste Kennerley Hall,1,1,1,administrateur,1926,1926,Documents généraux (par ordre chronologique)
guyot,Guyot,Guyot,1,1,1,administrateur,1926,1926,Documents généraux (par ordre chronologique)
brichet-c,Brichet,Brichet,1,1,1,administrateur,1926,1926,Documents généraux (par ordre chronologique)
philippe,Philippe,Philippe,1,1,1,administrateur,1926,1926,Documents généraux (par ordre chronologique)
suberbie,Suberbie,Suberbie,1,1,1,administrateur,1926,1926,Documents généraux (par ordre chronologique)
dessoudeix,Dessoudeix,Dessoudeix,1,1,1,administrateur,1926,1926,Documents généraux (par ordre chronologique)
ratinaud-g,Ratinaud,Gaston Ratinaud,1,1,1,vice_president,1926,1926,Documents généraux (par ordre chronologique)
koechlin-m,Koechlin,Maurice Koechlin,1,1,1,president,1926,1926,Documents généraux (par ordre chronologique)
oltz-h,Oltz,H. Oltz,1,1,1,administrateur,1926,1926,Documents généraux (par ordre chronologique)
de-montserrat-f,de Montserrat,Frédéric de Montserrat,1,1,1,administrateur,1926,1926,Documents généraux (par ordre chronologique)
le-bret-h,Le Bret,Henri Le Bret,1,1,1,administrateur,1926,1926,Documents généraux (par ordre chronologique)
dumenge-h,Dumenge,Hubert Dumenge,1,1,1,administrateur,1926,1926,Documents généraux (par ordre chronologique)
vogt,Vogt,Vogt,1,1,1,administrateur,1926,1926,Documents généraux (par ordre chronologique)
gillet-e,Gillet,Edmond Gillet,1,1,1,president,1926,1926,Documents généraux (par ordre chronologique)
maurice,Maurice,Maurice,1,1,1,administrateur,1926,1926,Documents généraux (par ordre chronologique)
lobstein-e,Lobstein,Émile Lobstein,1,1,1,administrateur,1926,1926,Documents généraux (par ordre chronologique)
fauchere-j,Fauchère,Jules Fauchère,1,1,1,president,1926,1926,Documents généraux (par ordre chronologique)
de-rivaud-r,de Rivaud,René de Rivaud,1,1,1,administrateur,1926,1926,Documents généraux (par ordre chronologique)
bonnasse-j,Bonnasse,Joseph Bonnasse,1,1,1,administrateur,1926,1926,Documents généraux (par ordre chronologique)
moline-m,Moline,Maurice Moline,1,1,1,administrateur,1926,1926,Documents généraux (par ordre chronologique)
d-etigny-l,d'Étigny,Louis d'Étigny,1,1,1,administrateur,1926,1926,Documents généraux (par ordre chronologique)
dybowsky-j,Dybowsky,Jean Dybowsky,1,1,1,administrateur,1926,1926,Documents généraux (par ordre chronologique)
courcelle-j,Courcelle,J. Courcelle,1,1,1,administrateur,1926,1926,Documents généraux (par ordre chronologique)
agricoles-tropicaux-p,agricoles tropicaux,Produits agricoles tropicaux,1,1,1,administrateur,1926,1926,Documents généraux (par ordre chronologique)
archambaud-de-vencay,Archambaud de Vençay,Archambaud de Vençay,1,1,1,administrateur,1926,1926,Documents généraux (par ordre chronologique)
presid-directeur-albert-perie,présid.-directeur: Albert Périé,présid.-directeur: Albert Périé,1,1,1,vice_president,1926,1926,Documents généraux (par ordre chronologique)
brotons-v,Brotons,Vincent Brotons,1,1,1,administrateur,1926,1926,Documents généraux (par ordre chronologique)
dieppedale-g,Dieppedale,Gaston Dieppedale,1,1,1,administrateur,1926,1926,Documents généraux (par ordre chronologique)
douault-a,Douault,Alfred Douault,1,1,1,administrateur,1926,1926,Documents généraux (par ordre chronologique)
chery,Chéry,Chéry,1,1,1,administrateur,1926,1926,Documents généraux (par ordre chronologique)
lelievre,Lelièvre,Lelièvre,1,1,1,president,1926,1926,Documents généraux (par ordre chronologique)
deschamps-covain-p,Deschamps. Covain,Paul Deschamps. Covain,1,1,1,administrateur,1926,1926,Documents généraux (par ordre chronologique)
tissus-maurice-dauphin-quincaillerie,Tissus. Maurice Dauphin. Quincaillerie,Tissus. Maurice Dauphin. Quincaillerie,1,1,1,administrateur,1926,1926,Documents généraux (par ordre chronologique)
consign-emmanuel-deloute,consign. Emmanuel Deloute,consign. Emmanuel Deloute,1,1,1,administrateur,1926,1926,Documents généraux (par ordre chronologique)
bois-de-construction,Bois de construction,Bois de construction,1,1,1,administrateur,1926,1926,Documents généraux (par ordre chronologique)
chaussures-docrat-ismael-cassim,chaussures. Docrat Ismaël Cassim,chaussures. Docrat Ismaël Cassim,1,1,1,administrateur,1926,1926,Documents généraux (par ordre chronologique)
mercerie-drack,mercerie. Drack,mercerie. Drack,1,1,1,administrateur,1926,1926,Documents généraux (par ordre chronologique)
fournitures-de-bateaux-ducommun,fournitures de bateaux. Ducommun,fournitures de bateaux. Ducommun,1,1,1,administrateur,1926,1926,Documents généraux (par ordre chronologique)
frere-imp,frère. Imp,frère. Imp,1,1,1,administrateur,1926,1926,Documents généraux (par ordre chronologique)
graphite-a-golaz-aine,graphite. A. Golaz ainé,graphite. A. Golaz ainé,1,1,1,administrateur,1926,1926,Documents généraux (par ordre chronologique)
exp-produits-du-pays-p-h-golaz,Exp.: produits du pays. P.-H. Golaz,Exp.: produits du pays. P.-H. Golaz,1,1,1,administrateur,1926,1926,Documents généraux (par ordre chronologique)
articles-de-paris,Articles de Paris,Articles de Paris,1,1,1,administrateur,1926,1926,Documents généraux (par ordre chronologique)
orsini-p,Orsini,P. Orsini,1,1,1,administrateur,1926,1926,Documents généraux (par ordre chronologique)
dechargement-des-navires-ch-eline,déchargement des navires. Ch. Eline,déchargement des navires. Ch. Eline,1,1,1,administrateur,1926,1926,Documents généraux (par ordre chronologique)
mecanique-a,mécanique,Atelier mécanique,1,1,1,administrateur,1926,1926,Documents généraux (par ordre chronologique)
forge-m-fazaraly,forge. M. Fazaraly,forge. M. Fazaraly,1,1,1,administrateur,1926,1926,Documents généraux (par ordre chronologique)
fabrique-de-limonade,Fabrique de limonade,Fabrique de limonade,1,1,1,administrateur,1926,1926,Documents généraux (par ordre chronologique)
eaux-gazeuses-folio,eaux gazeuses. Folio,eaux gazeuses. Folio,1,1,1,administrateur,1926,1926,Documents généraux (par ordre chronologique)
charpenterie-de-marine-niveau,Charpenterie de marine. Niveau,Charpenterie de marine. Niveau,1,1,1,administrateur,1926,1926,Documents généraux (par ordre chronologique)
mallet,Mallet,Mallet,1,1,1,administrateur,1926,1926,Documents généraux (par ordre chronologique)
publics-peverelly-atelier-mecanique-e-t,publics. Pévérelly. —- Atelier mécanique. E,Travaux publics. Pévérelly. —- Atelier mécanique. E,1,1,1,administrateur,1926,1926,Documents généraux (par ordre chronologique)
payet-t,Payet,T. Payet,1,1,1,administrateur,1926,1926,Documents généraux (par ordre chronologique)
girofles-toussaint-payet,girofles. Toussaint Payet,girofles. Toussaint Payet,1,1,1,administrateur,1926,1926,Documents généraux (par ordre chronologique)
d-alcool-d,d'alcool,Distillerie d'alcool,1,1,1,administrateur,1926,1926,Documents généraux (par ordre chronologique)
chocolaterie-adrien-veron,chocolaterie. Adrien Véron,chocolaterie. Adrien Véron,1,1,1,administrateur,1926,1926,Documents généraux (par ordre chronologique)
essentielles-girofle-h,essentielles: girofle,Huiles essentielles: girofle,1,1,1,administrateur,1926,1926,Documents généraux (par ordre chronologique)
ylang-tananarive-allain-freres,ylang. Tananarive. Allain frères,ylang. Tananarive. Allain frères,1,1,1,administrateur,1926,1926,Documents généraux (par ordre chronologique)
industrie-du-tabac-jules-allers,Industrie du tabac. Jules Allers,Industrie du tabac. Jules Allers,1,1,1,administrateur,1926,1926,Documents généraux (par ordre chronologique)
scierie-l-bernard,scierie. L. Bernard,scierie. L. Bernard,1,1,1,administrateur,1926,1926,Documents généraux (par ordre chronologique)
isoraka-tananarive,Isoraka-Tananarive,Isoraka-Tananarive,1,1,1,administrateur,1926,1926,Documents généraux (par ordre chronologique)
industrie-du-bois-carbonnel,industrie du bois. Carbonnel,industrie du bois. Carbonnel,1,1,1,administrateur,1926,1926,Documents généraux (par ordre chronologique)
serrurerie,Serrurerie,Serrurerie,1,1,1,administrateur,1926,1926,Documents généraux (par ordre chronologique)
montage-de-machines-jules-clermont,montage de machines. Jules Clermont,montage de machines. Jules Clermont,1,1,1,administrateur,1926,1926,Documents généraux (par ordre chronologique)
fabrique-de-tabacs-cornebois,Fabrique de tabacs. Cornebois,Fabrique de tabacs. Cornebois,1,1,1,administrateur,1926,1926,Documents généraux (par ordre chronologique)
commission-dobert-ducrocq,commission. Dobert Ducrocq,commission. Dobert Ducrocq,1,1,1,administrateur,1926,1926,Documents généraux (par ordre chronologique)
briques-celestin-dussol,briques. Célestin Dussol,briques. Célestin Dussol,1,1,1,administrateur,1926,1926,Documents généraux (par ordre chronologique)
fabrique-de-courroies,Fabrique de courroies,Fabrique de courroies,1,1,1,administrateur,1926,1926,Documents généraux (par ordre chronologique)
publics-faucillon-t,publics. Faucillon,Travaux publics. Faucillon,1,1,1,administrateur,1926,1926,Documents généraux (par ordre chronologique)
briant-suberbie-p,Briant. Suberbie,P. Briant. Suberbie,1,1,1,administrateur,1926,1926,Documents généraux (par ordre chronologique)
mecanique-vierne,Mécanique. Vierne,Mécanique. Vierne,1,1,1,administrateur,1926,1926,Documents généraux (par ordre chronologique)
fabrique-de-tabacs-warnet,Fabrique de tabacs. Warnet,Fabrique de tabacs. Warnet,1,1,1,administrateur,1926,1926,Documents généraux (par ordre chronologique)
ambatolampy,Ambatolampy,Ambatolampy,1,1,1,administrateur,1926,1926,Documents généraux (par ordre chronologique)
transitaire,Transitaire,Transitaire,1,1,1,administrateur,1926,1926,Documents généraux (par ordre chronologique)
trans-ports-j-h-wilson,trans-ports. J. H. Wilson,trans-ports. J. H. Wilson,1,1,1,administrateur,1926,1926,Documents généraux (par ordre chronologique)
minoterie-de-manioc-centres-divers-aujoulat,minoterie de manioc. Centres divers. Aujoulat,minoterie de manioc. Centres divers. Aujoulat,1,1,1,administrateur,1926,1926,Documents généraux (par ordre chronologique)
distillerie-de-canne-lucien-bouts,Distillerie de canne. Lucien Bouts,Distillerie de canne. Lucien Bouts,1,1,1,administrateur,1926,1926,Documents généraux (par ordre chronologique)
fondeur,Fondeur,Fondeur,1,1,1,administrateur,1926,1926,Documents généraux (par ordre chronologique)
industries-du-bois-cussa,industries du bois. Cussa,industries du bois. Cussa,1,1,1,administrateur,1926,1926,Documents généraux (par ordre chronologique)
antsirabe-tannerie-elie,Antsirabe. —. Tannerie. Elie,Antsirabe. —. Tannerie. Elie,1,1,1,administrateur,1926,1926,Documents généraux (par ordre chronologique)
peignage,Peignage,Peignage,1,1,1,administrateur,1926,1926,Documents généraux (par ordre chronologique)
tissage-soie-du-betsileo,tissage soie du Betsiléo,tissage soie du Betsiléo,1,1,1,administrateur,1926,1926,Documents généraux (par ordre chronologique)
cocons-sauvages-etabl-paoletti,cocons sauvages. Etabl. Paoletti,cocons sauvages. Etabl. Paoletti,1,1,1,administrateur,1926,1926,Documents généraux (par ordre chronologique)
preparation-des-peaux-a-l-arsenic-a-grimault,Préparation des peaux à l'arsenic. A. Grimault,Préparation des peaux à l'arsenic. A. Grimault,1,1,1,administrateur,1926,1926,Documents généraux (par ordre chronologique)
ambodimanga-mananjary,Ambodimanga-Mananjary,Ambodimanga-Mananjary,1,1,1,administrateur,1926,1926,Documents généraux (par ordre chronologique)
briqueterie,Briqueterie,Briqueterie,1,1,1,administrateur,1926,1926,Documents généraux (par ordre chronologique)
agricole-lanier,agricole. Lanier,agricole. Lanier,1,1,1,administrateur,1926,1926,Documents généraux (par ordre chronologique)
tuilerie-richard,Tuilerie. Richard,Tuilerie. Richard,1,1,1,administrateur,1926,1926,Documents généraux (par ordre chronologique)
minoterie,Minoterie,Minoterie,1,1,1,administrateur,1926,1926,Documents généraux (par ordre chronologique)
rizerie-rodet,rizerie. Rodet,rizerie. Rodet,1,1,1,administrateur,1926,1926,Documents généraux (par ordre chronologique)
marosiky,Marosiky,Marosiky,1,1,1,administrateur,1926,1926,Documents généraux (par ordre chronologique)
fort-dauphin-gaston-thorez,Fort-Dauphin. Gaston Thorez,Fort-Dauphin. Gaston Thorez,1,1,1,administrateur,1926,1926,Documents généraux (par ordre chronologique)
tamatave-baron,Tamatave. Baron,Tamatave. Baron,1,1,1,administrateur,1926,1926,Documents généraux (par ordre chronologique)
tamatave-barriquand,Tamatave. Barriquand,Tamatave. Barriquand,1,1,1,administrateur,1926,1926,Documents généraux (par ordre chronologique)
morondava-lucien-bouts,Morondava. Lucien Bouts,Morondava. Lucien Bouts,1,1,1,administrateur,1926,1926,Documents généraux (par ordre chronologique)
tamatave-franquin,Tamatave. Franquin,Tamatave. Franquin,1,1,1,administrateur,1926,1926,Documents généraux (par ordre chronologique)
majunga-goldoni,Majunga. Goldoni,Majunga. Goldoni,1,1,1,administrateur,1926,1926,Documents généraux (par ordre chronologique)
dechamp,Déchamp,Déchamp,1,1,1,administrateur,1926,1926,Documents généraux (par ordre chronologique)
fenerive-homsy,Fénerive. Homsy,Fénerive. Homsy,1,1,1,administrateur,1926,1926,Documents généraux (par ordre chronologique)
morondava-jeanson,Morondava. Jeanson,Morondava. Jeanson,1,1,1,administrateur,1926,1926,Documents généraux (par ordre chronologique)
citronnelle-henri-touchais,citronnelle. Henri Touchais,citronnelle. Henri Touchais,1,1,1,administrateur,1926,1926,Documents généraux (par ordre chronologique)
ongoujou,Ongoujou,Ongoujou,1,1,1,administrateur,1926,1926,Documents généraux (par ordre chronologique)
citronnelle-leon-touchais,citronnelle. Léon Touchais,citronnelle. Léon Touchais,1,1,1,administrateur,1926,1926,Documents généraux (par ordre chronologique)
dapany,Dapany,Dapany,1,1,1,administrateur,1926,1926,Documents généraux (par ordre chronologique)
commercants-saint-denis-jh-alezan,COMMERÇANTS Saint-Denis. Jh. Alezan,COMMERÇANTS Saint-Denis. Jh. Alezan,1,1,1,administrateur,1926,1926,Documents généraux
bimbeloterie,Bimbeloterie,Bimbeloterie,1,1,1,administrateur,1926,1926,Documents généraux
coutellerie-h-arnoux,coutellerie. H. Arnoux,coutellerie. H. Arnoux,1,1,1,administrateur,1926,1926,Documents généraux
comestibles,Comestibles,Comestibles,1,1,1,administrateur,1926,1926,Documents généraux
parfumerie-rene-barre,parfumerie. René Barre,parfumerie. René Barre,1,1,1,administrateur,1926,1926,Documents généraux
geranium-albert-blay,géranium. Albert Blay,géranium. Albert Blay,1,1,1,administrateur,1926,1926,Documents généraux
exp-tous-produits-caille-freres,Exp.: tous produits. Caillé frères,Exp.: tous produits. Caillé frères,1,1,1,administrateur,1926,1926,Documents généraux
representation-tous-produits-carrimje-noordbhay,représentation tous produits. Carrimje Noordbhay,représentation tous produits. Carrimje Noordbhay,1,1,1,administrateur,1926,1926,Documents généraux
quincaillerie-chane-hune,quincaillerie. Chane-Hune,quincaillerie. Chane-Hune,1,1,1,administrateur,1926,1926,Documents généraux
imp-alimentation-generale,Imp.: alimentation générale,Imp.: alimentation générale,1,1,1,administrateur,1926,1926,Documents généraux
exp-essence-geranium,Exp.: essence géranium,Exp.: essence géranium,1,1,1,administrateur,1926,1926,Documents généraux
exp-essences-paul-chatel,Exp.: essences. Paul Chatel,Exp.: essences. Paul Chatel,1,1,1,administrateur,1926,1926,Documents généraux
exp-dadabhaye-moussa,exp. Dadabhaye Moussa,exp. Dadabhaye Moussa,1,1,1,administrateur,1926,1926,Documents généraux
comestibles-r-douyere,comestibles. R. Douyère,comestibles. R. Douyère,1,1,1,administrateur,1926,1926,Documents généraux
marceron-lemaignen,Marceron. Lemaignen,Marceron. Lemaignen,1,1,1,administrateur,1937,1937,Documents généraux
boyer-e,Boyer,E. Boyer,1,1,1,vice_president,1937,1937,Documents généraux
wibrate-l,Wibrate,Louis Wibrate,1,1,1,administrateur,1937,1937,Documents généraux
tasfae-tagagne-a,Tasfae Tagagne,Ato Tasfae Tagagne,1,1,1,administrateur,1937,1937,Documents généraux
baudoin-p,Baudoin,Paul Baudoin,1,1,1,administrateur,1937,1937,Documents généraux
conseil-mm-g-l-savon,Conseil: MM. G. L. Savon,Conseil: MM. G. L. Savon,1,1,1,administrateur,1937,1937,Documents généraux
limongelli-e,Limongelli,Emmanuel Limongelli,1,1,1,administrateur,1937,1937,Documents généraux
mege-j,Mège,Joseph Mège,1,1,1,president,1937,1937,Documents généraux (par ordre chronologique)
malaise-a,Malaisé,Alfred Malaisé,1,1,1,administrateur,1937,1937,Documents généraux (par ordre chronologique)
courgey-l,Courgey,Louis Courgey,1,1,1,administrateur,1937,1937,Documents généraux (par ordre chronologique)
vielle-koechlin-c,Vielle-Koechlin,Charles-Léon Vielle-Koechlin,1,1,1,administrateur,1937,1937,Documents généraux (par ordre chronologique)
sandoz-w,Sandoz,Willy Sandoz,1,1,1,administrateur,1937,1937,Documents généraux (par ordre chronologique)
cahen-fuzier-e,Cahen-Fuzier,Edouard Cahen-Fuzier,1,1,1,administrateur,1937,1937,Documents généraux (par ordre chronologique)
tenthorey-v,Tenthorey,Victor Tenthorey,1,1,1,administrateur,1937,1937,Documents généraux (par ordre chronologique)
medicinaux-representee-par-m-leon-chiris,médicinaux (représentée par M. Léon Chiris,médicinaux (représentée par M. Léon Chiris,1,1,1,administrateur,1937,1937,Documents généraux (par ordre chronologique)
representee-par-m-guibourt,représentée par M. Guibourt,représentée par M. Guibourt,1,1,1,administrateur,1937,1937,Documents généraux (par ordre chronologique)
dumont-a,Dumont,Augustin Dumont,1,1,1,administrateur,1937,1937,Documents généraux (par ordre chronologique)
suppot-reveilhac-n-b-y,Suppot-Réveilhac. N. B,Yves Suppot-Réveilhac. N. B,1,1,1,administrateur,1937,1937,Documents généraux (par ordre chronologique)
wandewalle-j,Wandewalle,J. Wandewalle,1,1,1,president,1937,1937,Documents généraux (par ordre chronologique)
borie-a,Borie,André Borie,1,1,1,administrateur,1937,1937,Documents généraux (par ordre chronologique)
lafon,Lafon,Lafon,1,1,1,administrateur,1937,1937,Documents généraux (par ordre chronologique)
berthon-j,Berthon,Jean Berthon,1,1,1,president,1937,1937,Documents généraux (par ordre chronologique)
bouruet-aubertot,Bouruet-Aubertot,Bouruet-Aubertot,1,1,1,administrateur,1937,1937,Documents généraux (par ordre chronologique)
banquet-h,Banquet,Henri Banquet,1,1,1,administrateur,1937,1937,Documents généraux (par ordre chronologique)
caradec-e,Caradec,Édouard Caradec,1,1,1,administrateur,1937,1937,Documents généraux (par ordre chronologique)
villey-e,Villey,Étienne Villey,1,1,1,administrateur,1937,1937,Documents généraux (par ordre chronologique)
macaux-h,Macaux,Henri Macaux,1,1,1,administrateur_delegue,1937,1937,Documents généraux (par ordre chronologique)
jamet-e,Jamet,Eugène Jamet,1,1,1,administrateur,1937,1937,Documents généraux (par ordre chronologique)
electrique-m,électrique,Matériel électrique,1,1,1,administrateur,1937,1937,Documents généraux (par ordre chronologique)
presid-andre-allain,présid.: André Allain,présid.: André Allain,1,1,1,administrateur_delegue,1937,1937,Documents généraux (par ordre chronologique)
vandesmet-g,Vandesmet,Gaston Vandesmet,1,1,1,vice_president,1937,1937,Documents généraux (par ordre chronologique)
bursaux-p,Bursaux,Paul Bursaux,1,1,1,administrateur_delegue,1937,1937,Documents généraux (par ordre chronologique)
jaureguiberry-j,Jauréguiberry,J. Jauréguiberry,1,1,1,administrateur,1937,1937,Documents généraux (par ordre chronologique)
terrasse-n-b-h,Terrasse. N.-B,H. Terrasse. N.-B,1,1,1,administrateur,1937,1937,Documents généraux (par ordre chronologique)
clerc-a,Clerc,André Clerc,1,1,1,administrateur,1937,1937,Documents généraux (par ordre chronologique)
tassart-l,Tassart,Louis Tassart,1,1,1,president,1937,1937,Documents généraux (par ordre chronologique)
gardanez-a,Gardanez,A. Gardanez,1,1,1,administrateur,1937,1937,Documents généraux (par ordre chronologique)
tremeau-m,Trémeau,Maurice Trémeau,1,1,1,administrateur,1937,1937,Documents généraux (par ordre chronologique)
fisch-a,Fisch,André Fisch,1,1,1,administrateur,1937,1937,Documents généraux (par ordre chronologique)
rambaud-s,Rambaud,Sociétéphane Rambaud,1,1,1,administrateur,1937,1937,Documents généraux (par ordre chronologique)
chardin-j,Chardin,Jules Chardin,1,1,1,administrateur,1937,1937,Documents généraux (par ordre chronologique)
de-la-motte-saint-pierre-r,de la Motte Saint-Pierre,Robert de la Motte Saint-Pierre,1,1,1,administrateur,1937,1937,Documents généraux (par ordre chronologique)
verrier,Verrier,Verrier,1,1,1,president,1937,1937,Documents généraux (par ordre chronologique)
natali,Natali,Natali,1,1,1,administrateur,1937,1937,Documents généraux (par ordre chronologique)
exploitation-forestiere-a-fandrarazana,exploitation forestière à Fandrarazana,exploitation forestière à Fandrarazana,1,1,1,administrateur,1937,1937,Documents généraux (par ordre chronologique)
de-caplane-p,de Caplane,Pierre de Caplane,1,1,1,president,1937,1937,Documents généraux (par ordre chronologique)
de-guillebon-g,de Guillebon,Gabriel de Guillebon,1,1,1,administrateur,1937,1937,Documents généraux (par ordre chronologique)
hugot-j,Hugot,Jean-Pierre Hugot,1,1,1,administrateur,1937,1937,Documents généraux (par ordre chronologique)
ambohasary-planches,Ambohasary). Planches,Ambohasary). Planches,1,1,1,administrateur,1937,1937,Documents généraux (par ordre chronologique)
et-robert-de-la-motte-saint-pierre,et Robert de la Motte Saint-Pierre,et Robert de la Motte Saint-Pierre,1,1,1,administrateur,1937,1937,Documents généraux (par ordre chronologique)
alex-moinard,Alex. Moinard,Alex. Moinard,1,1,1,administrateur,1937,1937,Documents généraux (par ordre chronologique)
tissier,Tissier,Tissier,1,1,1,president,1937,1937,Documents généraux (par ordre chronologique)
francois-a,François,A. François,1,1,1,administrateur,1937,1937,Documents généraux (par ordre chronologique)
hemard-a,Hémard,A. Hémard,1,1,1,administrateur,1937,1937,Documents généraux (par ordre chronologique)
fitau-g,Fitau,Gustave Fitau,1,1,1,administrateur,1937,1937,Documents généraux (par ordre chronologique)
decenciere-ferrandiere-e,Décencière-Ferrandière,Étienne Décencière-Ferrandière,1,1,1,administrateur,1937,1937,Documents généraux (par ordre chronologique)
lelievre-neveu-g,Lelièvre neveu,Georges Lelièvre neveu,1,1,1,administrateur,1937,1937,Documents généraux (par ordre chronologique)
zafiropulo-edouard-velten-g,Zafiropulo. Édouard Velten,Georges Zafiropulo. Édouard Velten,1,1,1,administrateur,1937,1937,Documents généraux (par ordre chronologique)
julien-p,Julien,Pierre Julien,1,1,1,administrateur,1937,1937,Documents généraux (par ordre chronologique)
raffineries-de-sucre-de-saint-louis,Raffineries de sucre de Saint-Louis,Raffineries de sucre de Saint-Louis,1,1,1,administrateur,1937,1937,Documents généraux (par ordre chronologique)
daher,Daher,Daher,1,1,1,administrateur_delegue,1937,1937,Documents généraux (par ordre chronologique)
gillet-p,Gillet,Paul Gillet,1,1,1,president,1937,1937,Documents généraux (par ordre chronologique)
isnard-a,Isnard,Augustin Isnard,1,1,1,administrateur,1937,1937,Documents généraux (par ordre chronologique)
barbier-f,Barbier,Fernand Barbier,1,1,1,president,1937,1937,Documents généraux (par ordre chronologique)
alleaume-b,Alleaume,Bernard Alleaume,1,1,1,administrateur,1937,1937,Documents généraux (par ordre chronologique)
juge-f,Juge,Fernand Juge,1,1,1,administrateur,1937,1937,Documents généraux (par ordre chronologique)
loos-j,Loos,Joseph Loos,1,1,1,administrateur,1937,1937,Documents généraux (par ordre chronologique)
embarq,Embarq,Embarq,1,1,1,administrateur,1937,1937,Documents généraux (par ordre chronologique)
marchandises-a-p-bernard,marchandises. A. P. Bernard,marchandises. A. P. Bernard,1,1,1,administrateur,1937,1937,Documents généraux (par ordre chronologique)
particuliers-giraud-vinet,particuliers Giraud-Vinet,particuliers Giraud-Vinet,1,1,1,administrateur,1937,1937,Documents généraux (par ordre chronologique)
rollo-l,Rollo,L. A. Rollo,1,1,1,administrateur,1937,1937,Documents généraux (par ordre chronologique)
payet-vinson-e,Payet. Vinson,Edgard Payet. Vinson,1,1,1,administrateur,1937,1937,Documents généraux (par ordre chronologique)
ateliers-de-forge,Ateliers de forge,Ateliers de forge,1,1,1,administrateur,1937,1937,Documents généraux (par ordre chronologique)
briant-c-savaron-aine-p,Briant. C. Savaron aîné,P. Briant. C. Savaron aîné,1,1,1,administrateur,1937,1937,Documents généraux (par ordre chronologique)
labrousse,Labrousse,Labrousse,1,1,1,administrateur,1937,1937,Documents généraux (par ordre chronologique)
electrique-transports-automobiles-a,électrique. Transports automobiles,Appareillage électrique. Transports automobiles,1,1,1,administrateur,1937,1937,Documents généraux (par ordre chronologique)
subventionnes-de-l-ouest,subventionnés de l'Ouest,subventionnés de l'Ouest,1,1,1,administrateur,1937,1937,Documents généraux (par ordre chronologique)
tananarive-louis-valiton,Tananarive. Louis Valiton,Tananarive. Louis Valiton,1,1,1,administrateur,1937,1937,Documents généraux (par ordre chronologique)
mecanique-j-h-wilson,Mécanique. J. H. Wilson,Mécanique. J. H. Wilson,1,1,1,administrateur,1937,1937,Documents généraux (par ordre chronologique)
minoterie-de-manioc-centres-divers-alers,minoterie de manioc. Centres divers. Alers,minoterie de manioc. Centres divers. Alers,1,1,1,administrateur,1937,1937,Documents généraux (par ordre chronologique)
distillerie-de-canne,Distillerie de canne,Distillerie de canne,1,1,1,administrateur,1937,1937,Documents généraux (par ordre chronologique)
faub-saint-honore,faub. Saint-Honoré,faub. Saint-Honoré,1,1,1,administrateur,1937,1937,Documents généraux (par ordre chronologique)
daudet-l,Daudet,L. Daudet,1,1,1,administrateur,1937,1937,Documents généraux (par ordre chronologique)
financiere-de-madagascar-leon-suberbie,financière de Madagascar. Léon Suberbie,financière de Madagascar. Léon Suberbie,1,1,1,administrateur,1937,1937,Documents généraux (par ordre chronologique)
ampanihy-edouard-cailly,Ampanihy. Édouard Cailly,Ampanihy. Édouard Cailly,1,1,1,administrateur,1937,1937,Documents généraux (par ordre chronologique)
betroka-confolent,Bétroka. Confolent,Bétroka. Confolent,1,1,1,administrateur,1937,1937,Documents généraux (par ordre chronologique)
betroka-roger-decocq,Bétroka. Roger Decocq,Bétroka. Roger Decocq,1,1,1,administrateur,1937,1937,Documents généraux (par ordre chronologique)
fort-dauphin-francois-felli,Fort-Dauphin. François Felli,Fort-Dauphin. François Felli,1,1,1,administrateur,1937,1937,Documents généraux (par ordre chronologique)
jean-felli-b,Jean Felli,Bekily Jean Felli,1,1,1,administrateur,1937,1937,Documents généraux (par ordre chronologique)
bekily-imbert,Bekily. Imbert,Bekily. Imbert,1,1,1,administrateur,1937,1937,Documents généraux (par ordre chronologique)
fort-dauphin-mac-mahon,Fort-Dauphin. Mac-Mahon,Fort-Dauphin. Mac-Mahon,1,1,1,administrateur,1937,1937,Documents généraux (par ordre chronologique)
fort-dauphin,Fort-Dauphin,Fort-Dauphin,1,1,1,administrateur,1937,1937,Documents généraux (par ordre chronologique)
catala-planton-r,Catala. Planton,René Catala. Planton,1,1,1,administrateur,1937,1937,Documents généraux (par ordre chronologique)
guenot,Guénot,Guénot,1,1,1,administrateur,1937,1937,Documents généraux (par ordre chronologique)
mahanoro,Mahanoro,Mahanoro,1,1,1,administrateur,1937,1937,Documents généraux (par ordre chronologique)
cafe-eug-pochard,Café. Eug. Pochard,Café. Eug. Pochard,1,1,1,administrateur,1937,1937,Documents généraux (par ordre chronologique)
p-diego-suarez-julien-poirier,p. Diégo-Suarez. Julien Poirier,p. Diégo-Suarez. Julien Poirier,1,1,1,administrateur,1937,1937,Documents généraux (par ordre chronologique)
joffreville-raoul-poirier,Joffreville. Raoul Poirier,Joffreville. Raoul Poirier,1,1,1,administrateur,1937,1937,Documents généraux (par ordre chronologique)
pollet,Pollet,Pollet,1,1,1,administrateur,1937,1937,Documents généraux (par ordre chronologique)
nossivarika,Nossivarika,Nossivarika,1,1,1,administrateur,1937,1937,Documents généraux (par ordre chronologique)
cafe-poumaroux,Café. Poumaroux,Café. Poumaroux,1,1,1,administrateur,1937,1937,Documents généraux (par ordre chronologique)
cacao-four-rankin,cacao. Four Rankin,cacao. Four Rankin,1,1,1,administrateur,1937,1937,Documents généraux (par ordre chronologique)
antsenavolo,Antsenavolo,Antsenavolo,1,1,1,administrateur,1937,1937,Documents généraux (par ordre chronologique)
rauch-g,Rauch,Georges Rauch,1,1,1,administrateur,1937,1937,Documents généraux (par ordre chronologique)
marovoay,Marovoay,Marovoay,1,1,1,administrateur,1937,1937,Documents généraux (par ordre chronologique)
p-majunga-r-raud,p. Majunga. R. Raud,p. Majunga. R. Raud,1,1,1,administrateur,1937,1937,Documents généraux (par ordre chronologique)
tabac-w,tabac. W,tabac. W,1,1,1,administrateur,1937,1937,Documents généraux (par ordre chronologique)
rawleigh,Rawleigh,Rawleigh,1,1,1,administrateur,1937,1937,Documents généraux (par ordre chronologique)
vanille-auguste-raymond,vanille. Auguste Raymond,vanille. Auguste Raymond,1,1,1,administrateur,1937,1937,Documents généraux (par ordre chronologique)
farafangana-louis-richard,Farafangana. Louis Richard,Farafangana. Louis Richard,1,1,1,administrateur,1937,1937,Documents généraux (par ordre chronologique)
tsivangiana,Tsivangiana,Tsivangiana,1,1,1,administrateur,1937,1937,Documents généraux (par ordre chronologique)
manioc-louis-robert,manioc. Louis Robert,manioc. Louis Robert,1,1,1,administrateur,1937,1937,Documents généraux (par ordre chronologique)
cafe-r,Café.,Robert Café.,1,1,1,administrateur,1937,1937,Documents généraux (par ordre chronologique)
ivondro,Ivondro,Ivondro,1,1,1,administrateur,1937,1937,Documents généraux (par ordre chronologique)
a-sucre-maurice-robert-c,à sucre. Maurice Robert,Canne à sucre. Maurice Robert,1,1,1,administrateur,1937,1937,Documents généraux (par ordre chronologique)
joffreville-robin,Joffreville. Robin,Joffreville. Robin,1,1,1,administrateur,1937,1937,Documents généraux (par ordre chronologique)
vanille-jules-de-roland,vanille. Jules de Roland,vanille. Jules de Roland,1,1,1,administrateur,1937,1937,Documents généraux (par ordre chronologique)
district-sakalava,district Sakalava,district Sakalava,1,1,1,administrateur,1937,1937,Documents généraux (par ordre chronologique)
nossi-be-rolland,Nossi-Bé. Rolland,Nossi-Bé. Rolland,1,1,1,administrateur,1937,1937,Documents généraux (par ordre chronologique)
cafe-a-romain,Café. A. Romain,Café. A. Romain,1,1,1,administrateur,1937,1937,Documents généraux (par ordre chronologique)
cafes,Cafés,Cafés,1,1,1,administrateur,1937,1937,Documents généraux (par ordre chronologique)
sabatier-f,Sabatier,François Sabatier,1,1,1,administrateur,1937,1937,Documents généraux (par ordre chronologique)
maroansetra,Maroansetra,Maroansetra,1,1,1,administrateur,1937,1937,Documents généraux (par ordre chronologique)
betima-vve-salomon,Betima. Vve Salomon,Betima. Vve Salomon,1,1,1,administrateur,1937,1937,Documents généraux (par ordre chronologique)
salvatge-h,Salvatge,H. Salvatge,1,1,1,administrateur,1937,1937,Documents généraux (par ordre chronologique)
a-tannin-a,à tannin,Acacias à tannin,1,1,1,administrateur,1937,1937,Documents généraux (par ordre chronologique)
salvatge-r,Salvatge,Roger Salvatge,1,1,1,administrateur,1937,1937,Documents généraux (par ordre chronologique)
les-bruyeres,« Les Bruyères »,« Les Bruyères »,1,1,1,administrateur,1937,1937,Documents généraux (par ordre chronologique)
ambatolaona-sandoz,Ambatolaona. Sandoz,Ambatolaona. Sandoz,1,1,1,administrateur,1937,1937,Documents généraux (par ordre chronologique)
cafe-jules-sauvant,Café. Jules Sauvant,Café. Jules Sauvant,1,1,1,administrateur,1937,1937,Documents généraux (par ordre chronologique)
cafe-jean-sauze,Café. Jean Sauze,Café. Jean Sauze,1,1,1,administrateur,1937,1937,Documents généraux (par ordre chronologique)
cafe-saver,Café. Saver,Café. Saver,1,1,1,administrateur,1937,1937,Documents généraux (par ordre chronologique)
manioc-schalaire,Manioc. Schalaire,Manioc. Schalaire,1,1,1,administrateur,1937,1937,Documents généraux (par ordre chronologique)
cafe-a,Café. A,Café. A,1,1,1,administrateur,1937,1937,Documents généraux (par ordre chronologique)
septe,Septe,Septe,1,1,1,administrateur,1937,1937,Documents généraux (par ordre chronologique)
cafe-auguste-sevrin,Café. Auguste Sevrin,Café. Auguste Sevrin,1,1,1,administrateur,1937,1937,Documents généraux (par ordre chronologique)
cafe-claude-sixdeniers,Café. Claude Sixdeniers,Café. Claude Sixdeniers,1,1,1,administrateur,1937,1937,Documents généraux (par ordre chronologique)
smadja-h,Smadja,H. Smadja,1,1,1,administrateur,1937,1937,Documents généraux (par ordre chronologique)
cafe-edmond-smith,Café. Edmond Smith,Café. Edmond Smith,1,1,1,administrateur,1937,1937,Documents généraux (par ordre chronologique)
laborde-m,Laborde,Marcel Laborde,1,1,1,administrateur,1937,1937,Documents généraux (par ordre chronologique)
dussol,Dussol,Dussol,1,1,1,administrateur,1937,1937,Documents généraux (par ordre chronologique)
et-planton,Ét. Planton,Ét. Planton,1,1,1,administrateur,1937,1937,Documents généraux (par ordre chronologique)
leguillon,Leguillon,Leguillon,1,1,1,administrateur,1937,1937,Documents généraux (par ordre chronologique)
andzavibe,Andzavibé,Andzavibé,1,1,1,administrateur,1937,1937,Documents généraux (par ordre chronologique)
exp-cacao,Exp.: Cacao,Exp.: Cacao,1,1,1,administrateur,1937,1937,Documents généraux (par ordre chronologique)
prot-p,Prot,Pierre Prot,1,1,1,president,1937,1937,Documents généraux (par ordre chronologique)
tollu-r,Tollu,Roger Tollu,1,1,1,administrateur,1937,1937,Documents généraux (par ordre chronologique)
girard-e,Girard,Émile Girard,1,1,1,administrateur,1937,1937,Documents généraux (par ordre chronologique)
alary,Alary,Alary,1,1,1,administrateur,1937,1937,Documents généraux (par ordre chronologique)
casie,Casié,Casié,1,1,1,administrateur,1937,1937,Documents généraux (par ordre chronologique)
quindroit,Quindroit,Quindroit,1,1,1,administrateur,1937,1937,Documents généraux (par ordre chronologique)
sucre,Sucre,Sucre,1,1,1,administrateur,1937,1937,Documents généraux (par ordre chronologique)
kongo,Kongo,Kongo,1,1,1,administrateur,1937,1937,Documents généraux (par ordre chronologique)
desbief-a,Desbief,André Desbief,1,1,1,administrateur,1937,1937,Documents généraux
breguet-j,Bréguet,Jacques Bréguet,1,1,1,president,1937,1937,Documents généraux
delegue-a-la-reunion,délégué à la Réunion,délégué à la Réunion,1,1,1,administrateur,1937,1937,Documents généraux
heliard-a,Héliard,Athanase Héliard,1,1,1,administrateur,1937,1937,Documents généraux
romer-h,Romer,Henri Romer,1,1,1,administrateur,1937,1937,Documents généraux
de-saint-laumer-j,de Saint- Laumer,Jean de Saint- Laumer,1,1,1,administrateur,1937,1937,Documents généraux
de-tourris-c,de Tourris,Camille de Tourris,1,1,1,administrateur,1937,1937,Documents généraux
incertains-r,incertains,Renseignements incertains,1,1,1,administrateur,1937,1937,Documents généraux
harth-g,Harth,Georges Harth,1,1,1,administrateur,1937,1937,Documents généraux
commercants-saint-denis-paul-alezan,COMMERCANTS Saint-Denis. Paul Alezan,COMMERCANTS Saint-Denis. Paul Alezan,1,1,1,administrateur,1937,1937,Documents généraux
alimentation,Alimentation,Alimentation,1,1,1,administrateur,1937,1937,Documents généraux
articles-de-paris-h-arnoux-comestibles,articles de Paris. H. Arnoux. —- Comestibles,articles de Paris. H. Arnoux. —- Comestibles,1,1,1,administrateur,1937,1937,Documents généraux
chouchou-g-bailly,chouchou. G. Bailly,chouchou. G. Bailly,1,1,1,administrateur,1937,1937,Documents généraux
export-andre-blay,export. André Blay,export. André Blay,1,1,1,administrateur,1937,1937,Documents généraux
exp-tous-produits-jean-chatel,Exp.: tous produits. Jean Chatel,Exp.: tous produits. Jean Chatel,1,1,1,administrateur,1937,1937,Documents généraux
exp-rhum-paul-chatel,Exp.: rhum. Paul Chatel,Exp.: rhum. Paul Chatel,1,1,1,administrateur,1937,1937,Documents généraux
export-sucre,Export.: sucre,Export.: sucre,1,1,1,administrateur,1937,1937,Documents généraux
export-hubert-henry-delisle,export. Hubert-Henry Delisle,export. Hubert-Henry Delisle,1,1,1,administrateur,1937,1937,Documents généraux
williams-j,Williams,J.-B. Williams,1,1,1,president,1937,1937,Documents généraux
nantes-p-hoareau,Nantes. P. Hoareau,Nantes. P. Hoareau,1,1,1,administrateur,1937,1937,Documents généraux
sainte-rose-aristide-beurard,Sainte-Rose. Aristide Beurard,Sainte-Rose. Aristide Beurard,1,1,1,administrateur,1937,1937,Documents généraux
sainte-rose-bertrand-blanchet,Sainte-Rose. Bertrand Blanchet,Sainte-Rose. Bertrand Blanchet,1,1,1,administrateur,1937,1937,Documents généraux
sainte-suzanne-abbe-bruignieres,Sainte-Suzanne. Abbé Bruignières,Sainte-Suzanne. Abbé Bruignières,1,1,1,administrateur,1937,1937,Documents généraux
saint-benoit-clement-galmard,Saint-Benoit. Clément Galmard,Saint-Benoit. Clément Galmard,1,1,1,administrateur,1937,1937,Documents généraux
bellemene-octave-gruchet,Bellemène. Octave Gruchet,Bellemène. Octave Gruchet,1,1,1,administrateur,1937,1937,Documents généraux
saint-paul-louis-hoareau,Saint-Paul. Louis Hoareau,Saint-Paul. Louis Hoareau,1,1,1,administrateur,1937,1937,Documents généraux
saint-benoit-louis-latge,Saint-Benoît. Louis Latgé,Saint-Benoît. Louis Latgé,1,1,1,administrateur,1937,1937,Documents généraux
saint-denis-augustin-lucas,Saint-Denis. Augustin Lucas,Saint-Denis. Augustin Lucas,1,1,1,administrateur,1937,1937,Documents généraux
saint-paul-jules-nauche,Saint-Paul. Jules Nauche,Saint-Paul. Jules Nauche,1,1,1,administrateur,1937,1937,Documents généraux
saint-denis-fleury-nirlo,Saint-Denis. Fleury Nirlo,Saint-Denis. Fleury Nirlo,1,1,1,administrateur,1937,1937,Documents généraux
bellemene-alexis-paniandy,Bellemène. Alexis Paniandy,Bellemène. Alexis Paniandy,1,1,1,administrateur,1937,1937,Documents généraux
sainte-suzanne-edgard-payet,Sainte-Suzanne. Edgard Payet,Sainte-Suzanne. Edgard Payet,1,1,1,administrateur,1937,1937,Documents généraux
saint-andre-camille-riviere,Saint-André. Camille Rivière,Saint-André. Camille Rivière,1,1,1,administrateur,1937,1937,Documents généraux
saint-leu-piere-roger,Saint-Leu. Piere Roger,Saint-Leu. Piere Roger,1,1,1,administrateur,1937,1937,Documents généraux
saint-leu-raphael-vidot,Saint-Leu. Raphaël Vidot,Saint-Leu. Raphaël Vidot,1,1,1,administrateur,1937,1937,Documents généraux
saint-andre-m,Saint-André,Saint-André,1,1,1,administrateur,1937,1937,Documents généraux
de-fages-de-latour-l,de Fages de Latour,Louis de Fages de Latour,1,1,1,president_directeur_general,1951,1951,Documents généraux
arcelin-p,Arcelin,Pierre Arcelin,1,1,1,administrateur,1951,1951,Documents généraux
fuyet-a,Fuyet,André Fuyet,1,1,1,administrateur,1951,1951,Documents généraux
urbaine-fonciere-africaine-s,urbaine foncière africaine,Sté urbaine foncière africaine,1,1,1,administrateur,1951,1951,Documents généraux
r-goury-du-roslan,R Goury du Roslan,R Goury du Roslan,1,1,1,vice_president,1951,1951,Documents généraux
lamotte,Lamotte,Lamotte,1,1,1,vice_president,1951,1951,Documents généraux
moreau-neret-a,Moreau-Néret,André Moreau-Néret,1,1,1,president,1951,1951,Documents généraux
verhille-h,Verhille,Henri Verhille,1,1,1,administrateur,1951,1951,Documents généraux
bernard-p,Bernard,Paul Bernard,1,1,1,administrateur,1951,1951,Documents généraux
boissonnas-r,Boissonnas,Rémi Boissonnas,1,1,1,administrateur,1951,1951,Documents généraux
d-eichthal-r,d'Eichthal,Robert d'Eichthal,1,1,1,administrateur,1951,1951,Documents généraux
de-flers-f,de Flers,François de Flers,1,1,1,administrateur,1951,1951,Documents généraux
henry-greard-o,Henry-Gréard,Octave Henry-Gréard,1,1,1,administrateur,1951,1951,Documents généraux
laurent-j,Laurent,Jean Laurent,1,1,1,administrateur,1951,1951,Documents généraux
hure-j,Huré,J. Huré,1,1,1,administrateur,1926,1926,Documents généraux
vidal-j,Vidal,J. Vidal,1,1,1,administrateur,1926,1926,Documents généraux
lepanot-p,Lepanot,P. Lepanot,1,1,1,administrateur,1926,1926,Documents généraux
gronier-a,Gronier,A. Gronier,1,1,1,administrateur,1926,1926,Documents généraux
prunier-trombettas-c,Prunier. Trombettas,Charles Prunier. Trombettas,1,1,1,administrateur,1926,1926,Documents généraux
gaz-valendis-freres-b,gaz. Valendis frères,Boissons gaz. Valendis frères,1,1,1,administrateur,1926,1926,Documents généraux
celier-a,Celier,A. Celier,1,1,1,president,1951,1951,Documents généraux (par ordre chronologique)
gaussel-g,Gaussel,G. Gaussel,1,1,1,president,1951,1951,Documents généraux (par ordre chronologique)
farnier-c,Farnier,Ch. Farnier,1,1,1,vice_president,1951,1951,Documents généraux (par ordre chronologique)
laurent-c,Laurent,Ch. Laurent,1,1,1,vice_president,1951,1951,Documents généraux (par ordre chronologique)
boissard-h,Boissard,H. Boissard,1,1,1,administrateur,1951,1951,Documents généraux (par ordre chronologique)
borredon-g,Borredon,G. Borredon,1,1,1,administrateur,1951,1951,Documents généraux (par ordre chronologique)
chassy-g,Chassy,G. Chassy,1,1,1,administrateur,1951,1951,Documents généraux (par ordre chronologique)
h-davezac,H Davezac,H Davezac,1,1,1,administrateur,1951,1951,Documents généraux (par ordre chronologique)
pernot-a,Pernot,A. Pernot,1,1,1,administrateur,1951,1951,Documents généraux (par ordre chronologique)
guiraud-cnep-j,Guiraud [CNEP,Jules Guiraud [CNEP,1,1,1,president,1951,1951,Documents généraux (par ordre chronologique)
coloniale-a-casablanca,coloniale à Casablanca,coloniale à Casablanca,1,1,1,administrateur,1951,1951,Documents généraux (par ordre chronologique)
savary-a,Savary,A. Savary,1,1,1,administrateur,1956,1956,Documents généraux (par ordre chronologique)
langlois-j,Langlois,J. Langlois,1,1,1,administrateur,1956,1956,Documents généraux (par ordre chronologique)
piccon-l,Piccon,Louis Piccon,1,1,1,administrateur,1956,1956,Documents généraux (par ordre chronologique)
parrot-j,Parrot,J. Parrot,1,1,1,administrateur,1956,1956,Documents généraux (par ordre chronologique)
gaillard-l,Gaillard,L. Gaillard,1,1,1,administrateur,1956,1956,Documents généraux (par ordre chronologique)
passerat-de-la-chapelle-p,Passerat de la Chapelle,Paul Passerat de la Chapelle,1,1,1,vice_president,1956,1956,Documents généraux (par ordre chronologique)
pouget-a,Pouget,Antoine Pouget,1,1,1,administrateur,1956,1956,Documents généraux (par ordre chronologique)
lyon-direction-exploitation-paris,LYON. Direction-exploitation: PARIS,LYON. Direction-exploitation: PARIS,1,1,1,administrateur,1956,1956,Documents généraux (par ordre chronologique)
admin-del-raoul-audren-de-kerdrel,admin.-dél.: Raoul Audren de Kerdrel,admin.-dél.: Raoul Audren de Kerdrel,1,1,1,administrateur,1956,1956,Documents généraux (par ordre chronologique)
bertaux-e,Bertaux,Édouard Bertaux,1,1,1,administrateur,1956,1956,Documents généraux (par ordre chronologique)
cottet-bq-cottet-c,Cottet [Bq Cottet,Camille Cottet [Bq Cottet,1,1,1,administrateur,1956,1956,Documents généraux (par ordre chronologique)
lyon-adm-huileries-du-sahel-tunisien,Lyon. Adm. Huileries du Sahel tunisien…],Lyon. Adm. Huileries du Sahel tunisien…],1,1,1,administrateur,1956,1956,Documents généraux (par ordre chronologique)
ravier-vve-morin-pons-caic-c,Ravier [Vve Morin-Pons*> CAIC,Charles Ravier [Vve Morin-Pons*> CAIC,1,1,1,administrateur,1956,1956,Documents généraux (par ordre chronologique)
salci,Salci… ],Salci… ],1,1,1,administrateur,1956,1956,Documents généraux (par ordre chronologique)
l-occidentale-africaine-s,L'Occidentale Africaine,Sté L'Occidentale Africaine,1,1,1,administrateur,1956,1956,Documents généraux (par ordre chronologique)
roubaud-huileries-marseillaises-p,Roubaud [Huileries marseillaises,Paul Roubaud [Huileries marseillaises,1,1,1,president,1956,1956,Documents généraux (par ordre chronologique)
chaudun-p,Chaudun,Pierre Chaudun,1,1,1,administrateur,1956,1956,Documents généraux (par ordre chronologique)
vedel-l,Vedel,Léonce Vedel,1,1,1,president,1956,1956,Documents généraux (par ordre chronologique)
cany-r,Cany,Robert Cany,1,1,1,administrateur_delegue,1956,1956,Documents généraux (par ordre chronologique)
coutan-l,Coutan,Louis Coutan,1,1,1,administrateur,1956,1956,Documents généraux (par ordre chronologique)
rouland-l,Rouland,Louis Rouland,1,1,1,president_directeur_general,1956,1956,Documents généraux (par ordre chronologique)
pfeiffer-c,Pfeiffer°,Claude Pfeiffer°,1,1,1,president,1956,1956,Documents généraux (par ordre chronologique)
de-chiris-l,de Chiris,Léon Antoine de Chiris,1,1,1,administrateur,1956,1956,Documents généraux (par ordre chronologique)
ste-de-participation,Sté de participation,Sté de participation,1,1,1,administrateur,1956,1956,Documents généraux (par ordre chronologique)
diego-suarez-bureaux-en-france,Diégo-Suarez. Bureaux en France: 14,Diégo-Suarez. Bureaux en France: 14,1,1,1,administrateur,1956,1956,Documents généraux (par ordre chronologique)
benazet-l,Bénazet,Louis Bénazet,1,1,1,president_directeur_general,1956,1956,Documents généraux (par ordre chronologique)
piallal-g,Piallal,Gaston Piallal,1,1,1,administrateur,1956,1956,Documents généraux (par ordre chronologique)
darrieux-f,Darrieux,François Darrieux,1,1,1,administrateur,1956,1956,Documents généraux (par ordre chronologique)
darrieux-b,Darrieux,Bernard Darrieux,1,1,1,administrateur,1956,1956,Documents généraux (par ordre chronologique)
de-bayser-a,de Bayser,André de Bayser,1,1,1,administrateur,1956,1956,Documents généraux (par ordre chronologique)
g-de-ia-chesnais-vve-gratry,G de Ia Chesnais [Vve Gratry,G de Ia Chesnais [Vve Gratry,1,1,1,administrateur,1956,1956,Documents généraux (par ordre chronologique)
descendant-de-francisque-bonnardel,descendant de Francisque Bonnardel,descendant de Francisque Bonnardel,1,1,1,administrateur,1956,1956,Documents généraux (par ordre chronologique)
gratry-c,Gratry,Ch. Gratry,1,1,1,administrateur,1956,1956,Documents généraux (par ordre chronologique)
le-sourd-p,Le Sourd,P. Le Sourd,1,1,1,administrateur,1956,1956,Documents généraux (par ordre chronologique)
gibault-a,Gibault,André Gibault,1,1,1,president,1956,1956,Documents généraux (par ordre chronologique)
support-reveilhac-y,Support-Réveilhac,Yves Support-Réveilhac,1,1,1,administrateur,1956,1956,Documents généraux (par ordre chronologique)
j-plassard-v,J Plassard. 17,Vve J Plassard. 17,1,1,1,administrateur,1956,1956,Documents généraux (par ordre chronologique)
eynaud-bo-g,Eynaud-Bô,Georges Eynaud-Bô,1,1,1,administrateur,1956,1956,Documents généraux (par ordre chronologique)
labourier-s,Labourier,Serge Labourier,1,1,1,administrateur,1956,1956,Documents généraux (par ordre chronologique)
presid-cafes-maurice-a-toulon,présid. Cafés Maurice à Toulon,présid. Cafés Maurice à Toulon,1,1,1,administrateur,1956,1956,Documents généraux (par ordre chronologique)
docks-de-l-alimentation,Docks de l'Alimentation,Docks de l'Alimentation,1,1,1,administrateur,1956,1956,Documents généraux (par ordre chronologique)
cahors,Cahors,Cahors,1,1,1,administrateur,1956,1956,Documents généraux (par ordre chronologique)
michaud-p,Michaud,Michaud,1,1,1,administrateur,1956,1956,Documents généraux (par ordre chronologique)
moulins,Moulins,Moulins,1,1,1,administrateur,1956,1956,Documents généraux (par ordre chronologique)
theillier-pailliez-p,Theillier- Pailliez,Paul Theillier- Pailliez,1,1,1,administrateur,1956,1956,Documents généraux (par ordre chronologique)
valenciennes,Valenciennes,Valenciennes,1,1,1,administrateur,1956,1956,Documents généraux (par ordre chronologique)
minault,Minault,Minault,1,1,1,administrateur,1956,1956,Documents généraux (par ordre chronologique)
tours,Tours,Tours,1,1,1,administrateur,1956,1956,Documents généraux (par ordre chronologique)
dominici-p,Dominici,Pierre Dominici,1,1,1,administrateur,1956,1956,Documents généraux (par ordre chronologique)
de-peretti-c,de Peretti,Christian de Peretti,1,1,1,administrateur,1956,1956,Documents généraux (par ordre chronologique)
brochard-hec-j,Brochard [HEC,Jean-Paul Brochard [HEC,1,1,1,administrateur,1956,1956,Documents généraux (par ordre chronologique)
selon-ww,selon WW 67],selon WW 67],1,1,1,administrateur,1956,1956,Documents généraux (par ordre chronologique)
admin-agent-general-a-madagascar,admin. Agent général à Madagascar,admin. Agent général à Madagascar,1,1,1,administrateur,1956,1956,Documents généraux (par ordre chronologique)
vatie-m,Vatié,Marcel Vatié,1,1,1,president_directeur_general,1956,1956,Documents généraux (par ordre chronologique)
kruerr-r,Kruerr,Robert Kruerr,1,1,1,administrateur,1956,1956,Documents généraux (par ordre chronologique)
anon-saint-freres-s,anon. Saint frères,Sté anon. Saint frères,1,1,1,administrateur,1956,1956,Documents généraux (par ordre chronologique)
anon-robert-descendre-s,anon. Robert Descendre,Sté anon. Robert Descendre,1,1,1,administrateur,1956,1956,Documents généraux (par ordre chronologique)
saint-d,Saint,Daniel Saint,1,1,1,administrateur,1956,1956,Documents généraux (par ordre chronologique)
stim-d,[STIM,Delpech [STIM,1,1,1,president,1956,1956,Documents généraux (par ordre chronologique)
lucia,LUCIA…],LUCIA…],1,1,1,president,1956,1956,Documents généraux (par ordre chronologique)
x-t,[ > 4,Teissier [ > 4,1,1,1,administrateur,1956,1956,Documents généraux (par ordre chronologique)
flynn,Flynn,Flynn,1,1,1,administrateur,1956,1956,Documents généraux (par ordre chronologique)
trochon-ste-gale-g,Trochon [Sté Gale,Georges Trochon [Sté Gale,1,1,1,administrateur,1956,1956,Documents généraux (par ordre chronologique)
af-caution-officielle-m,af. = caution officielle,Msg af. = caution officielle,1,1,1,administrateur,1956,1956,Documents généraux (par ordre chronologique)
g-lelievre,G Lelièvre,G Lelièvre,1,1,1,administrateur,1956,1956,Documents généraux (par ordre chronologique)
v-presid-j-d-anglejan,-v.-présid.: J d'Anglejan,-v.-présid.: J d'Anglejan,1,1,1,administrateur_delegue,1956,1956,Documents généraux (par ordre chronologique)
michel-cote-petit-fils-de-cesar-michel-a,Michel-Cote: petit-fils de César Michel,A. Michel-Cote: petit-fils de César Michel,1,1,1,administrateur,1956,1956,Documents généraux (par ordre chronologique)
missionne-par-pechiney,missionné par Péchiney,missionné par Péchiney,1,1,1,administrateur,1956,1956,Documents généraux (par ordre chronologique)
commissaire-aux-comptes-des-phosphates-de-l-oceani,commissaire aux comptes des Phosphates de l'Océanie,commissaire aux comptes des Phosphates de l'Océanie,1,1,1,administrateur,1956,1956,Documents généraux (par ordre chronologique)
secretaire-general-de-l-association-cotonniere-col,secrétaire général de l'Association cotonnière coloniale…,secrétaire général de l'Association cotonnière coloniale…,1,1,1,administrateur,1956,1956,Documents généraux (par ordre chronologique)
banquet-pere-de-jean-marc-h,Banquet [père de Jean-Marc,Henri Banquet [père de Jean-Marc,1,1,1,administrateur,1956,1956,Documents généraux (par ordre chronologique)
delord-b,Delord,Bernard Delord,1,1,1,administrateur,1956,1956,Documents généraux (par ordre chronologique)
gellos-p,Gellos,Paul Gellos,1,1,1,administrateur,1956,1956,Documents généraux (par ordre chronologique)
depoux-r,Depoux,Raymond Depoux,1,1,1,administrateur,1956,1956,Documents généraux (par ordre chronologique)
jacques-desportes-j,Jacques Desportes,Jean- Jacques Desportes,1,1,1,administrateur,1956,1956,Documents généraux (par ordre chronologique)
duchemin-g,Duchemin,Georges Duchemin,1,1,1,administrateur,1956,1956,Documents généraux (par ordre chronologique)
hermil-a,Hermil,André Hermil,1,1,1,administrateur,1956,1956,Documents généraux (par ordre chronologique)
minerais,« Minerais,« Minerais,1,1,1,administrateur,1956,1956,Documents généraux (par ordre chronologique)
dev-sofragi,dev. SOFRAGI ],dev. SOFRAGI ],1,1,1,administrateur,1956,1956,Documents généraux (par ordre chronologique)
diego-suarez-siege-administratif,DIÉGO-SUAREZ. Siège administratif:13,DIÉGO-SUAREZ. Siège administratif:13,1,1,1,administrateur,1956,1956,Documents généraux (par ordre chronologique)
parls,PARlS,PARlS,1,1,1,administrateur,1956,1956,Documents généraux (par ordre chronologique)
filiale-de-bppb,filiale de BPPB,filiale de BPPB,1,1,1,president,1956,1956,Documents généraux (par ordre chronologique)
conchon-quinette,Conchon-Quinette],Conchon-Quinette],1,1,1,administrateur,1973,1973,Documents généraux (par ordre chronologique)
g-h-smadja,G.- H. Smadja,G.- H. Smadja,1,1,1,administrateur,1973,1973,Documents généraux (par ordre chronologique)
philippon-p,Philippon,Pierre Philippon,1,1,1,president,1973,1973,Documents généraux (par ordre chronologique)
des-graviers-f,des Graviers,François des Graviers,1,1,1,administrateur,1973,1973,Documents généraux (par ordre chronologique)
maucorps-j,Maucorps,Jean Maucorps,1,1,1,administrateur,1973,1973,Documents généraux (par ordre chronologique)
le-nay-h,Le Nay,Hélène Le Nay,1,1,1,administrateur,1973,1973,Documents généraux (par ordre chronologique)
blancard-j,Blancard,J. Blancard,1,1,1,administrateur,1973,1973,Documents généraux (par ordre chronologique)
presid-dir-gen-voir-pierre-pean,présid.-dir.-gén. [voir Pierre Péan,présid.-dir.-gén. [voir Pierre Péan,1,1,1,administrateur,1973,1973,Documents généraux (par ordre chronologique)
africaines-a,africaines,Affaires africaines,1,1,1,administrateur,1973,1973,Documents généraux (par ordre chronologique)
ste-de-recherches-minieres,Sté de recherches minières,Sté de recherches minières,1,1,1,administrateur,1973,1973,Documents généraux (par ordre chronologique)
barthes,Barthes,Barthes,1,1,1,administrateur,1973,1973,Documents généraux (par ordre chronologique)
dumas-c,Dumas,Ch. Dumas,1,1,1,administrateur,1973,1973,Documents généraux (par ordre chronologique)
bollee-ingenieur-a,Bollée [ingénieur,André Bollée [ingénieur,1,1,1,administrateur,1973,1973,Documents généraux (par ordre chronologique)
r-de-wissocq,R de Wissocq,R de Wissocq,1,1,1,administrateur,1973,1973,Documents généraux (par ordre chronologique)
pdt-d-hutchinson,pdt d'Hutchinson,pdt d'Hutchinson,1,1,1,administrateur,1973,1973,Documents généraux (par ordre chronologique)
f-sicard-batonnier-avocats-madagascar,F Sicard [bâtonnier avocats Madagascar,F Sicard [bâtonnier avocats Madagascar,1,1,1,administrateur,1973,1973,Documents généraux (par ordre chronologique)
frere-aine-de-jean-bauer-ep-rageot,frère aîné de Jean Bauer ép. Rageot],frère aîné de Jean Bauer ép. Rageot],1,1,1,president_directeur_general,1973,1973,Documents généraux (par ordre chronologique)
joubert-e,Joubert,Edmond Joubert,1,1,1,administrateur,1973,1973,Documents généraux (par ordre chronologique)
darrieux-s,Darrieux,S. A. Maxime Darrieux,1,1,1,administrateur,1973,1973,Documents généraux (par ordre chronologique)
fils,Fils,Fils,1,1,1,administrateur,1973,1973,Documents généraux (par ordre chronologique)
barroussel-pdg-pierre-e-barroussel-p,Barroussel [PDG Pierre E. Barroussel,Pierre Barroussel [PDG Pierre E. Barroussel,1,1,1,administrateur,1973,1973,Documents généraux (par ordre chronologique)
brun-g,Brun,Gustave Brun,1,1,1,administrateur,1973,1973,Documents généraux (par ordre chronologique)
guillard-r,Guillard,Roger Guillard,1,1,1,administrateur,1973,1973,Documents généraux (par ordre chronologique)
fille-de-louis-de-vogue,fille de Louis de Vogüé,fille de Louis de Vogüé,1,1,1,president,1973,1973,Documents généraux (par ordre chronologique)
de-la-motte-st-pierre-f,de la Motte St-Pierre,François de la Motte St-Pierre,1,1,1,president,1973,1973,Documents généraux (par ordre chronologique)
ste-des-produits-agricoles-tropicaux,Sté des Produits agricoles tropicaux,Sté des Produits agricoles tropicaux,1,1,1,administrateur,1973,1973,Documents généraux (par ordre chronologique)
greissier,Greissier,Greissier,1,1,1,president,1973,1973,Documents généraux (par ordre chronologique)
trocard,Trocard,Trocard,1,1,1,administrateur,1973,1973,Documents généraux (par ordre chronologique)
herrenschmidt-p,Herrenschmidt,P. Herrenschmidt,1,1,1,administrateur,1973,1973,Documents généraux (par ordre chronologique)
scierie,Scierie,Scierie,1,1,1,administrateur,1973,1973,Documents généraux (par ordre chronologique)
admin-g-modrin-exploitation-forestiere,admin. G. Modrin. Exploitation forestière,admin. G. Modrin. Exploitation forestière,1,1,1,administrateur,1973,1973,Documents généraux (par ordre chronologique)
feculerie-a-madagascar,féculerie à Madagascar,féculerie à Madagascar,1,1,1,administrateur,1973,1973,Documents généraux (par ordre chronologique)
de-seze-o,de Sèze,Olivier de Sèze,1,1,1,administrateur,1973,1973,Documents généraux (par ordre chronologique)
melin-a,Melin,A. Melin,1,1,1,administrateur,1973,1973,Documents généraux (par ordre chronologique)
reinmann-p,Reinmann,P. Reinmann,1,1,1,administrateur,1973,1973,Documents généraux (par ordre chronologique)
caput-h,Caput,H. Caput,1,1,1,administrateur,1973,1973,Documents généraux (par ordre chronologique)
loutrel-jean-gueugnier-frere-d-alberte-gueugnier-j,Loutrel. Jean Gueugnier: frère d'Alberte Gueugnier,Jean Loutrel. Jean Gueugnier: frère d'Alberte Gueugnier,1,1,1,administrateur,1973,1973,Documents généraux (par ordre chronologique)
mariee-a-jean-h-sonolet,mariée à Jean H. Sonolet,mariée à Jean H. Sonolet,1,1,1,administrateur,1973,1973,Documents généraux (par ordre chronologique)
mitaranga-g,Mitaranga,Georges Mitaranga,1,1,1,administrateur,1973,1973,Documents généraux (par ordre chronologique)
fr-ottino,Fr. Ottino,Fr. Ottino,1,1,1,administrateur,1951,1951,Documents généraux (par ordre chronologique)
chez-m-georges-cartier,chez M. Georges Cartier,chez M. Georges Cartier,1,1,1,administrateur,1963,1963,Documents généraux (par ordre chronologique)
morondava,Morondava,Morondava,1,1,1,administrateur,1963,1963,Documents généraux (par ordre chronologique)
gt-georges-cartier-eug-pochard,Gt: Georges Cartier. Eug. Pochard,Gt: Georges Cartier. Eug. Pochard,1,1,1,administrateur,1963,1963,Documents généraux (par ordre chronologique)
p-diego-suarez-poumaroux,p. Diégo-Suarez. Poumaroux,p. Diégo-Suarez. Poumaroux,1,1,1,administrateur,1963,1963,Documents généraux (par ordre chronologique)
raka,Raka,Raka,1,1,1,administrateur,1963,1963,Documents généraux (par ordre chronologique)
foucque-e,Foucque,Eugène Foucque,1,1,1,administrateur,1951,1951,Documents généraux
dupuis-rieul,Dupuis-Rieul,Dupuis-Rieul,1,1,1,administrateur,1951,1951,Documents généraux
payet-r,Payet,Roger Roger Payet,1,1,1,administrateur,1951,1951,Documents généraux
martiff-a,Martiff,André Martiff,1,1,1,administrateur,1951,1951,Documents généraux
dussac-e,Dussac,Étienne Dussac,1,1,1,administrateur,1951,1951,Documents généraux
isautier-a,Isautier,Alfred Isautier,1,1,1,administrateur,1951,1951,Documents généraux
repiquet-g,Repiquet,G. Repiquet,1,1,1,administrateur,1951,1951,Documents généraux
hanning,Hanning,Hanning,1,1,1,administrateur,1951,1951,Documents généraux
cerneau,Cerneau,Cerneau,1,1,1,administrateur,1951,1951,Documents généraux
gaultier-f,Gaultier,Gaultier,1,1,1,administrateur,1951,1951,Documents généraux
marx-p,Marx,Marx,1,1,1,administrateur,1951,1951,Documents généraux
kichenin,Kichenin,Kichenin,1,1,1,administrateur,1951,1951,Documents généraux
pinguet-j,Pinguet,Jean Pinguet,1,1,1,administrateur,1951,1951,Documents généraux
hersent-g,Hersent,G. Hersent,1,1,1,administrateur,1951,1951,Documents généraux
mercerie-andre-barbot,mercerie. André Barbot,mercerie. André Barbot,1,1,1,administrateur,1951,1951,Documents généraux
essences-bata-s-a,essences. Bata (S. A.},essences. Bata (S. A.},1,1,1,administrateur,1951,1951,Documents généraux
chaussures,Chaussures,Chaussures,1,1,1,administrateur,1951,1951,Documents généraux
chateau-les-desvallieres,château les Desvallières,château les Desvallières,1,1,1,administrateur,1920,1920,Industries agro-alimentaires
et-guy-de-la-motte-saint-pierre,et Guy de la Motte Saint-Pierre,et Guy de la Motte Saint-Pierre,1,1,1,administrateur,1920,1920,Industries agro-alimentaires
fille-de-louis,fille de Louis,fille de Louis,1,1,1,president,1950,1950,Industries agro-alimentaires
niece-de-robert-ep-lucie-sommier,nièce de Robert ép. Lucie Sommier,nièce de Robert ép. Lucie Sommier,1,1,1,president,1950,1950,Industries agro-alimentaires
potier-de-la-morandiere-l,Potier de la Morandière,L. Potier de la Morandière,1,1,1,president,1953,1953,Industries agro-alimentaires
duvaux,Duvaux,Duvaux,1,1,1,vice_president,1913,1913,Industries agro-alimentaires
merciers,Merciers,Merciers,1,1,1,vice_president,1913,1913,Industries agro-alimentaires
colson,Colson,Colson,1,1,1,administrateur,1913,1913,Industries agro-alimentaires
paris-encre-lorilleux-procede-special,Paris. Encre Lorilleux. Procédé spécial,Paris. Encre Lorilleux. Procédé spécial,1,1,1,administrateur,1910,1910,Mines
h-buhot,H Buhot,H Buhot,1,1,1,administrateur,1911,1911,Mines
groselier-j,Groselier,J.-V. Groselier,1,1,1,administrateur,1911,1911,Mines
j-riollot,J Riollot,J Riollot,1,1,1,administrateur,1911,1911,Mines
sacaze-p,Sacaze. 4,P. Sacaze. 4,1,1,1,administrateur,1911,1911,Mines
fantome-deficits-en-serie-mine-noyee,FANTÔME DÉFICITS EN SÉRIE MINE NOYÉE,FANTÔME DÉFICITS EN SÉRIE MINE NOYÉE,1,1,1,administrateur,1921,1921,Mines
lauriat-e,Lauriat,E. Lauriat,1,1,1,administrateur,1933,1933,Mines
gonichon-commissaires-des-comptes-l-rousseau-e,Gonichon. Commissaires des comptes: L. Rousseau,E. Gonichon. Commissaires des comptes: L. Rousseau,1,1,1,administrateur,1937,1937,Mines
privez-commissaires-des-comptes-a-brachet-j,Privez. Commissaires des comptes: A. Brachet,J. Privez. Commissaires des comptes: A. Brachet,1,1,1,administrateur,1945,1945,Mines
privez-commissaires-des-comptes-p-mayet-j,Privez. Commissaires des comptes: P. Mayet,J. Privez. Commissaires des comptes: P. Mayet,1,1,1,administrateur,1948,1948,Mines
payer,Payer,Payer,1,1,1,administrateur,1948,1948,Mines
th-brugiere,Th. Brugière,Th. Brugière,1,1,1,administrateur,1953,1953,Mines
heckly-p,HECKLY,Pierre HECKLY,1,1,1,president_directeur_general,1953,1953,Mines
karinthy-j,KARINTHY. 10,Joseph KARINTHY. 10,1,1,1,administrateur,1953,1953,Mines
deposes-chez-me-dumesnil-s,déposés chez Me Dumesnil,Statuts déposés chez Me Dumesnil,1,1,1,administrateur,1909,1909,Mines
thor-succursales-a-tananarive-t,Thor. Succursales à: Tananarive,Toresen Thor. Succursales à: Tananarive,1,1,1,administrateur,1925,1925,Documents généraux (par ordre chronologique)
majunga-agences-a-marseille,Majunga. Agences à Marseille,Majunga. Agences à Marseille,1,1,1,administrateur,1925,1925,Documents généraux (par ordre chronologique)
orientale-a,orientale,Afrique orientale,1,1,1,administrateur,1925,1925,Documents généraux (par ordre chronologique)
norvege,Norvège,Norvège,1,1,1,administrateur,1925,1925,Documents généraux (par ordre chronologique)
cunisset,Cunisset,Cunisset,1,1,1,administrateur,1925,1925,Documents généraux (par ordre chronologique)
coulaux-j,Coulaux,Julien Coulaux,1,1,1,administrateur,1925,1925,Documents généraux (par ordre chronologique)
dumuis,Dumuis,Dumuis,1,1,1,administrateur,1925,1925,Documents généraux (par ordre chronologique)
bideau,Bideau,Bideau,1,1,1,administrateur,1925,1925,Documents généraux (par ordre chronologique)
douvreleur,Douvreleur,Douvreleur,1,1,1,administrateur,1925,1925,Documents généraux (par ordre chronologique)
herve-gruyer,Hervé-Gruyer,Hervé-Gruyer,1,1,1,administrateur,1925,1925,Documents généraux (par ordre chronologique)
muller-coulaux,Muller-Coulaux,Muller-Coulaux,1,1,1,administrateur,1925,1925,Documents généraux (par ordre chronologique)
noetinger-l,Noetinger,Louis Noetinger,1,1,1,administrateur,1925,1925,Documents généraux (par ordre chronologique)
romazzotti,Romazzotti,Romazzotti,1,1,1,administrateur,1925,1925,Documents généraux (par ordre chronologique)
klingenthal,Klingenthal,Klingenthal,1,1,1,administrateur,1925,1925,Documents généraux (par ordre chronologique)
gresswiller,Gresswiller,Gresswiller,1,1,1,administrateur,1925,1925,Documents généraux (par ordre chronologique)
cites-ouvrieres-depots,cités ouvrières. Dépôts: 56,cités ouvrières. Dépôts: 56,1,1,1,administrateur,1925,1925,Documents généraux (par ordre chronologique)
buenos-aires,Buenos-Aires,Buenos-Aires,1,1,1,administrateur,1925,1925,Documents généraux (par ordre chronologique)
santiago,Santiago,Santiago,1,1,1,administrateur,1925,1925,Documents généraux (par ordre chronologique)
madrid,Madrid,Madrid,1,1,1,administrateur,1925,1925,Documents généraux (par ordre chronologique)
etc-aciers-lamines-en-bandes,etc. Aciers laminés en bandes,etc. Aciers laminés en bandes,1,1,1,administrateur,1925,1925,Documents généraux (par ordre chronologique)
serpes-outils-a-travailler-le-bois-bedanes,serpes. Outils à travailler le bois: bédanes,serpes. Outils à travailler le bois: bédanes,1,1,1,administrateur,1925,1925,Documents généraux (par ordre chronologique)
etc-outils-pour-marechaux-outils-pour-macons,etc. Outils pour maréchaux. Outils pour maçons,etc. Outils pour maréchaux. Outils pour maçons,1,1,1,administrateur,1925,1925,Documents généraux (par ordre chronologique)
etc-scies-montees-de-jardiniers,etc. Scies montées de jardiniers,etc. Scies montées de jardiniers,1,1,1,administrateur,1925,1925,Documents généraux (par ordre chronologique)
petites-scies-a-pierre,petites. Scies à pierre,petites. Scies à pierre,1,1,1,administrateur,1925,1925,Documents généraux (par ordre chronologique)
scies-a-ruban-scies-circulaires,scies à ruban. Scies circulaires,scies à ruban. Scies circulaires,1,1,1,administrateur,1925,1925,Documents généraux (par ordre chronologique)
limes,Limes,Limes,1,1,1,administrateur,1925,1925,Documents généraux (par ordre chronologique)
rapes-limes-a-scies-taillanderie,râpes. Limes à scies. Taillanderie,râpes. Limes à scies. Taillanderie,1,1,1,administrateur,1925,1925,Documents généraux (par ordre chronologique)
couperets-couteaux-de-tanneurs,couperets. Couteaux de tanneurs,couperets. Couteaux de tanneurs,1,1,1,administrateur,1925,1925,Documents généraux (par ordre chronologique)
couteaux-a-sucre-couteaux,couteaux à sucre. Couteaux,couteaux à sucre. Couteaux,1,1,1,administrateur,1925,1925,Documents généraux (par ordre chronologique)
tranchets-pour-cordonniers-voir-annonces,tranchets pour cordonniers.. Voir annonces: 35,tranchets pour cordonniers.. Voir annonces: 35,1,1,1,administrateur,1925,1925,Documents généraux (par ordre chronologique)
lebon-pdt-cfat-a,Lebon [pdt CFAT,André Lebon [pdt CFAT,1,1,1,president,1925,1925,Documents généraux (par ordre chronologique)
herve,Hervé,Hervé,1,1,1,administrateur,1925,1925,Documents généraux (par ordre chronologique)
a-germaine-gouin-m,à Germaine Goüin,marié à Germaine Goüin,1,1,1,administrateur,1925,1925,Documents généraux (par ordre chronologique)
missionne-par-pec,missionné par Péc,missionné par Péc,1,1,1,administrateur,1925,1925,Documents généraux (par ordre chronologique)
pres-mm-f-vouland-v,prés.: MM. F. Vouland,Vice- prés.: MM. F. Vouland,1,1,1,president,1925,1925,Documents généraux (par ordre chronologique)
adm-delegue-m-th-toy-riont,Adm.-délégué: M. Th. Toy-Riont,Adm.-délégué: M. Th. Toy-Riont,1,1,1,president,1925,1925,Documents généraux (par ordre chronologique)
toy-riont-a-toy-riont,Toy-Riont. A. Toy-Riont,Toy-Riont. A. Toy-Riont,1,1,1,administrateur,1925,1925,Documents généraux (par ordre chronologique)
confitures-de-fruits-exotiques-sous-produits,confitures de fruits exotiques. Sous-produits,confitures de fruits exotiques. Sous-produits,1,1,1,administrateur,1925,1925,Documents généraux (par ordre chronologique)
vanille-importateurs-de-cacaos,vanille. Importateurs de cacaos,vanille. Importateurs de cacaos,1,1,1,president,1925,1925,Documents généraux (par ordre chronologique)
cires-d-abeilles-de-madagascar,cires d'abeilles de Madagascar,cires d'abeilles de Madagascar,1,1,1,president,1925,1925,Documents généraux (par ordre chronologique)
qu-louis-xviii,qu. Louis-XVIII,qu. Louis-XVIII,1,1,1,president,1925,1925,Documents généraux (par ordre chronologique)
lieber,Lieber,Lieber,1,1,1,president,1925,1925,Documents généraux (par ordre chronologique)
i-a,I,A. I,1,1,1,president,1925,1925,Documents généraux (par ordre chronologique)
mazagan,Mazagan,Mazagan,1,1,1,president,1925,1925,Documents généraux (par ordre chronologique)
meknes-centre-d-elevage-a-camp-marchand-exportatio,Meknès. Centre d'élevage à Camp-Marchand. Exportation,Meknès. Centre d'élevage à Camp-Marchand. Exportation,1,1,1,president,1925,1925,Documents généraux (par ordre chronologique)
commission-commerce-des-vins,commission. Commerce des vins,commission. Commerce des vins,1,1,1,president,1925,1925,Documents généraux (par ordre chronologique)
rhums-maroc,rhums: Maroc,rhums: Maroc,1,1,1,president,1925,1925,Documents généraux (par ordre chronologique)
reunion,Réunion,Réunion,1,1,1,president,1925,1925,Documents généraux (par ordre chronologique)
aubert,Aubert,Aubert,1,1,1,administrateur,1925,1925,Documents généraux (par ordre chronologique)
mahe-exploitations-aux-iles-juan-de-nova,Mahé. Exploitations aux îles Juan de Nova,Mahé. Exploitations aux îles Juan de Nova,1,1,1,administrateur,1925,1925,Documents généraux (par ordre chronologique)
europa,Europa,Europa,1,1,1,administrateur,1925,1925,Documents généraux (par ordre chronologique)
vernay,VERNAY,VERNAY,1,1,1,administrateur,1925,1925,Documents généraux (par ordre chronologique)
senegal,Sénégal,Sénégal,1,1,1,administrateur,1925,1925,Documents généraux (par ordre chronologique)
egypte,Egypte,Egypte,1,1,1,administrateur,1925,1925,Documents généraux (par ordre chronologique)
turquie,Turquie,Turquie,1,1,1,administrateur,1925,1925,Documents généraux (par ordre chronologique)
syrie,Syrie,Syrie,1,1,1,administrateur,1925,1925,Documents généraux (par ordre chronologique)
etc-depots-paris,etc. Dépôts: Paris,etc. Dépôts: Paris,1,1,1,administrateur,1925,1925,Documents généraux (par ordre chronologique)
corriges-pour-ecoles-piqures,corrigés pour écoles. Piqûres,corrigés pour écoles. Piqûres,1,1,1,administrateur,1925,1925,Documents généraux (par ordre chronologique)
rases-pour-comptes-bloc-notes,rasés pour comptes. Bloc-notes,rasés pour comptes. Bloc-notes,1,1,1,administrateur,1925,1925,Documents généraux (par ordre chronologique)
ed-cazalet-direction-a-tananarive-graphites,Ed. Cazalet. Direction à Tananarive. Graphites,Ed. Cazalet. Direction à Tananarive. Graphites,1,1,1,president,1925,1925,Documents généraux (par ordre chronologique)
riz-madagascar-messageries-francaises-de-madagasca,riz.. * MADAGASCAR MESSAGERIES FRANÇAISES DE MADAGASCAR,riz.. * MADAGASCAR MESSAGERIES FRANÇAISES DE MADAGASCAR,1,1,1,president,1925,1925,Documents généraux (par ordre chronologique)
adm-mm-frederick-taylor,Adm.: MM. Frederick Taylor,Adm.: MM. Frederick Taylor,1,1,1,president,1925,1925,Documents généraux (par ordre chronologique)
pierres-l,Pierres,Lytham Pierres,1,1,1,president,1925,1925,Documents généraux (par ordre chronologique)
metaux-precieux-nantaise-de-culture-coloniale,métaux précieux.. NANTAISE de CULTURE COLONIALE,métaux précieux.. NANTAISE de CULTURE COLONIALE,1,1,1,president,1925,1925,Documents généraux (par ordre chronologique)
mougeot,Mougeot,Mougeot,1,1,1,president,1925,1925,Documents généraux (par ordre chronologique)
adm-mm-fosse,Adm.: MM. Fosse,Adm.: MM. Fosse,1,1,1,president,1925,1925,Documents généraux (par ordre chronologique)
roure-siege-central-a-tananarive,Roure. Siège central à Tananarive,Roure. Siège central à Tananarive,1,1,1,president,1925,1925,Documents généraux (par ordre chronologique)
a-maevatanana-a,à: Maevatanana,Agences à: Maevatanana,1,1,1,president,1925,1925,Documents généraux (par ordre chronologique)
tamatave-exploitation-aurifere,Tamatave. Exploitation aurifère,Tamatave. Exploitation aurifère,1,1,1,president,1925,1925,Documents généraux (par ordre chronologique)
exportation-materiel,Exportation: matériel,Exportation: matériel,1,1,1,president,1925,1925,Documents généraux (par ordre chronologique)
cassaigne,Cassaigne,Cassaigne,1,1,1,administrateur,1925,1925,Documents généraux (par ordre chronologique)
kuder-agences-casablanca-l,Kuder. Agences: Casablanca,Louis Kuder. Agences: Casablanca,1,1,1,administrateur,1925,1925,Documents généraux (par ordre chronologique)
francaise-g,française,Guyane française,1,1,1,administrateur,1925,1925,Documents généraux (par ordre chronologique)
andavabato,Andavabato,Andavabato,1,1,1,administrateur,1925,1925,Documents généraux (par ordre chronologique)
ambataofo,Ambataofo,Ambataofo,1,1,1,administrateur,1925,1925,Documents généraux (par ordre chronologique)
beravina,Béravina,Béravina,1,1,1,administrateur,1925,1925,Documents généraux (par ordre chronologique)
ambalafotuka-g,Ambalafotuka,Géraud Ambalafotuka,1,1,1,administrateur,1925,1925,Documents généraux (par ordre chronologique)
pres-m-raoul-charbonnel,Prés.: M. Raoul Charbonnel,Prés.: M. Raoul Charbonnel,1,1,1,administrateur,1925,1925,Documents généraux (par ordre chronologique)
adm-mm-g-schmitt,Adm.: MM. G. Schmitt,Adm.: MM. G. Schmitt,1,1,1,administrateur,1925,1925,Documents généraux (par ordre chronologique)
jura,Jura,Jura,1,1,1,president,1925,1925,Documents généraux (par ordre chronologique)
gendre-de-louis-bauer,gendre de Louis Bauer,gendre de Louis Bauer,1,1,1,president,1925,1925,Documents généraux (par ordre chronologique)
couleurs-en-poudre-tous-produits-de-madagascar,couleurs en poudre. Tous produits de Madagascar,couleurs en poudre. Tous produits de Madagascar,1,1,1,administrateur,1938,1938,Documents généraux (par ordre chronologique)
pres-m-h-berger,Prés.: M. H. Berger,Prés.: M. H. Berger,1,1,1,administrateur,1938,1938,Documents généraux (par ordre chronologique)
janny-l,Janny,L. Janny,1,1,1,administrateur_delegue,1938,1938,Documents généraux (par ordre chronologique)
adm-mm-p-blanchard,Adm.: MM. P. Blanchard,Adm.: MM. P. Blanchard,1,1,1,administrateur,1938,1938,Documents généraux (par ordre chronologique)
coupaye-l,Coupaye,L. Coupaye,1,1,1,administrateur,1938,1938,Documents généraux (par ordre chronologique)
viroflay,Viroflay,Viroflay,1,1,1,administrateur,1938,1938,Documents généraux (par ordre chronologique)
dennece,Dennecé,Dennecé,1,1,1,administrateur,1938,1938,Documents généraux (par ordre chronologique)
fouque-e,Fouqué,E. Fouqué,1,1,1,administrateur,1938,1938,Documents généraux (par ordre chronologique)
ottino-j,Ottino,J. Ottino,1,1,1,administrateur,1938,1938,Documents généraux (par ordre chronologique)
tezenas-l,Tezenas,L. Tezenas,1,1,1,administrateur,1938,1938,Documents généraux (par ordre chronologique)
h-m,H,Michel H,1,1,1,administrateur,1938,1938,Documents généraux (par ordre chronologique)
pres-m-bigeard,Prés.: M. Bigeard,Prés.: M. Bigeard,1,1,1,administrateur,1938,1938,Documents généraux (par ordre chronologique)
adm-mm-dolbois,Adm.: MM. Dolbois,Adm.: MM. Dolbois,1,1,1,administrateur,1938,1938,Documents généraux (par ordre chronologique)
preaulbert,Préaulbert,Préaulbert,1,1,1,administrateur,1938,1938,Documents généraux (par ordre chronologique)
bananes-riz,bananes. Riz,bananes. Riz,1,1,1,administrateur,1938,1938,Documents généraux (par ordre chronologique)
arachides-kapok,arachides. Kapok,arachides. Kapok,1,1,1,administrateur,1938,1938,Documents généraux (par ordre chronologique)
adm-del-m-p-m-durand,Adm.-dél.: M. P. M. Durand,Adm.-dél.: M. P. M. Durand,1,1,1,president,1938,1938,Documents généraux (par ordre chronologique)
adm-mm-r-durand,Adm.: MM. R. Durand,Adm.: MM. R. Durand,1,1,1,president,1938,1938,Documents généraux (par ordre chronologique)
pechadre-a,Péchadre,A. Péchadre,1,1,1,president,1938,1938,Documents généraux (par ordre chronologique)
gisement-de-chaux-franco-malgache-de-commission,gisement de chaux.. FRANCO-MALGACHE de COMMISSION,gisement de chaux.. FRANCO-MALGACHE de COMMISSION,1,1,1,president,1938,1938,Documents généraux (par ordre chronologique)
p-lancrenon,P Lancrenon,P Lancrenon,1,1,1,administrateur,1938,1938,Documents généraux (par ordre chronologique)
tamatave-graphite-en-paillettes-haguenauer-aine,Tamatave. Graphite en paillettes.. * HAGUENAUER aîné,Tamatave. Graphite en paillettes.. * HAGUENAUER aîné,1,1,1,president,1938,1938,Documents généraux (par ordre chronologique)
agences,Agences,Agences,1,1,1,president,1938,1938,Documents généraux (par ordre chronologique)
depots-tamatave,dépôts: Tamatave,dépôts: Tamatave,1,1,1,president,1938,1938,Documents généraux (par ordre chronologique)
tananarive-peintures,Tananarive. Peintures,Tananarive. Peintures,1,1,1,president,1938,1938,Documents généraux (par ordre chronologique)
n-bergey,N Bergey,N Bergey,1,1,1,administrateur,1938,1938,Documents généraux (par ordre chronologique)
j-bergey,J Bergey,J Bergey,1,1,1,administrateur,1938,1938,Documents généraux (par ordre chronologique)
minieres-e,minières,Exploitations minières,1,1,1,administrateur,1938,1938,Documents généraux (par ordre chronologique)
pres-m-j-harrison-smith,Prés.: M. J. Harrison Smith,Prés.: M. J. Harrison Smith,1,1,1,administrateur,1938,1938,Documents généraux (par ordre chronologique)
adm-mm-f-taylor,Adm.: MM. F. Taylor,Adm.: MM. F. Taylor,1,1,1,administrateur,1938,1938,Documents généraux (par ordre chronologique)
burrus,Burrus,Burrus,1,1,1,president,1938,1938,Documents généraux (par ordre chronologique)
adm-mm-a-burius,Adm.: MM. A. Burius,Adm.: MM. A. Burius,1,1,1,president,1938,1938,Documents généraux (par ordre chronologique)
muller-importation-exportation-petroles-de-madagas-e,Muller. Importation. Exportation.. PÉTROLES de MADAGASCAR,E. Muller. Importation. Exportation.. PÉTROLES de MADAGASCAR,1,1,1,president,1938,1938,Documents généraux (par ordre chronologique)
valentigney-t-montbeliard,Valentigney. T. Montbéliard,Valentigney. T. Montbéliard,1,1,1,president,1938,1938,Documents généraux (par ordre chronologique)
pour-charpentiers-o,pour charpentiers,Outils pour charpentiers,1,1,1,president,1938,1938,Documents généraux (par ordre chronologique)
rosalie-de-roux,Rosalie de Roux,Rosalie de Roux,1,1,1,administrateur,1938,1938,Documents généraux (par ordre chronologique)
tassy,Tassy,Tassy,1,1,1,administrateur,1938,1938,Documents généraux (par ordre chronologique)
vice-presidee-par-emilien-rocca,vice-présidée par Émilien Rocca,vice-présidée par Émilien Rocca,1,1,1,administrateur,1938,1938,Documents généraux (par ordre chronologique)
goubeche-a,Goubèche,Ali Goubèche,1,1,1,administrateur,1921,1921,Sociétés
gouin-e,Goüin,Edmond Goüin,1,1,1,administrateur,1898,1898,Banques et groupes financiers
agricoles-ou-commerciales-dans-l-ile-de-madagascar,agricoles ou commerciales dans l'île de Madagascar,agricoles ou commerciales dans l'île de Madagascar,1,1,1,administrateur,1898,1898,Banques et groupes financiers
social-cent-vingt-mille-francs-c,social: Cent vingt mille francs,Capital social: Cent vingt mille francs,1,1,1,administrateur,1898,1898,Banques et groupes financiers
parts-de-fondateurs,Parts de fondateurs,Parts de fondateurs,1,1,1,administrateur,1898,1898,Banques et groupes financiers
grosot,Grosot,Grosot,1,1,1,administrateur,1919,1919,Banques et groupes financiers
portier-statuts-chez-me-dufour-a-paris,Portier. Statuts chez Me Dufour à Paris,Portier. Statuts chez Me Dufour à Paris,1,1,1,administrateur,1919,1919,Banques et groupes financiers
federation-des-industriels,Fédération des industriels,Fédération des industriels,1,1,1,administrateur,1930,1930,Banques et groupes financiers
chantiers-dubigeon-a,Chantiers Dubigeon,Anciens Chantiers Dubigeon,1,1,1,administrateur,1930,1930,Banques et groupes financiers
regionale-de-l-ouest-a,régionale de l'Ouest,Alliance régionale de l'Ouest,1,1,1,administrateur,1930,1930,Banques et groupes financiers
electrique-de-la-basse-loire-e,électrique de la Basse-Loire,Énergie électrique de la Basse-Loire,1,1,1,administrateur,1930,1930,Banques et groupes financiers
fill-c,Fill,Carburateur Fill,1,1,1,administrateur,1930,1930,Banques et groupes financiers
sicard-f,SICARD,Fernand SICARD,1,1,1,administrateur,1953,1953,Industries agro-alimentaires
tulear,Tuléar,Tuléar,1,1,1,administrateur,1953,1953,Industries agro-alimentaires
francou-p,Francou,Paul Jean-Jacques Francou,1,1,1,administrateur,1922,1922,Industries agro-alimentaires
aux-comptes-mm-pfrimmer-c,aux comptes: MM. Pfrimmer,Commissaires aux comptes: MM. Pfrimmer,1,1,1,administrateur,1948,1948,Industries agro-alimentaires
jacques-francou-j,Jacques Francou,Jean- Jacques Francou,1,1,1,administrateur,1950,1950,Industries agro-alimentaires
de-fontbrune-h,de Fontbrune,Henri de Fontbrune,1,1,1,administrateur,1925,1925,Industries
et-gaston-ratinaud,et Gaston Ratinaud,et Gaston Ratinaud,1,1,1,administrateur,1925,1925,Industries
hotre,Hotre,Hotre,1,1,1,administrateur,1912,1912,Sociétés
general-famin-i,général Famin,Ie général Famin,1,1,1,president,1922,1922,Sociétés
fassica-a,Fassica,Ato Fassica,1,1,1,administrateur,1927,1927,Sociétés
mikael-a,Mikael,Apte Mikael,1,1,1,administrateur,1927,1927,Sociétés
commissaires-des-comptes-m-henrion,Commissaires des comptes: M. Henrion,Commissaires des comptes: M. Henrion,1,1,1,administrateur,1937,1937,Sociétés
wibratte-commissaires-des-comptes-m-henrion-l,Wibratte. Commissaires des comptes: M. Henrion,Louis Wibratte. Commissaires des comptes: M. Henrion,1,1,1,administrateur,1940,1940,Sociétés
gerbal-a,Gerbal,A. Gerbal,1,1,1,administrateur,1945,1945,Sociétés
wascat-g,Wascat,G. P. Wascat,1,1,1,administrateur,1953,1953,Sociétés
debrun,Debrun,Debrun,1,1,1,administrateur,1901,1901,"Transports fluviaux, maritimes et aériens"
lavigne,Lavigne,Lavigne,1,1,1,administrateur,1901,1901,"Transports fluviaux, maritimes et aériens"
cordonnier,Cordonnier,Cordonnier,1,1,1,administrateur,1901,1901,"Transports fluviaux, maritimes et aériens"
morineau-c,Morineau,Morineau,1,1,1,administrateur,1901,1901,"Transports fluviaux, maritimes et aériens"
verspieren,Verspieren,Verspieren,1,1,1,administrateur,1901,1901,"Transports fluviaux, maritimes et aériens"
social-cinq-cent-mille-francs-c,social: Cinq cent mille francs,Capital social: Cinq cent mille francs,1,1,1,administrateur,1901,1901,"Transports fluviaux, maritimes et aériens"
cote-c,Cote,Ch. Michel Cote,1,1,1,president,1925,1925,Sociétés
rouffe-g,Rouffé,G. Rouffé,1,1,1,administrateur,1925,1925,Sociétés
aden-consignation-de-navires,Aden. Consignation de navires,Aden. Consignation de navires,1,1,1,administrateur,1925,1925,Sociétés
transit-a-djibouti,transit à Djibouti,transit à Djibouti,1,1,1,administrateur,1925,1925,Sociétés
bertin-p,Bertin,P. Bertin,1,1,1,administrateur,1912,1912,Mines
thiriaux-a,Thiriaux,A. Thiriaux,1,1,1,administrateur,1912,1912,Mines
dewulf-f,Dewulf,F. Dewulf,1,1,1,administrateur,1912,1912,Sociétés diverses
bossiere-h,Bossière,H. Bossière,1,1,1,administrateur,1912,1912,Sociétés diverses
canu-e,Canu,E. Canu,1,1,1,administrateur,1912,1912,Sociétés diverses
dewulf-p,Dewulf,Pierre Dewulf,1,1,1,administrateur,1922,1922,Sociétés diverses
a-i,A,Ilg A,1,1,1,administrateur,1898,1898,Sociétés
r-baudouy,R Baudouy,R Baudouy,1,1,1,administrateur,1898,1898,Sociétés
caro,Caro,Caro,1,1,1,administrateur,1898,1898,Sociétés
docks-de-constantinople,Docks de Constantinople,Docks de Constantinople,1,1,1,administrateur,1898,1898,Sociétés
denisane,Denisane,Denisane,1,1,1,administrateur,1898,1898,Sociétés
deves,Devès,Devès,1,1,1,administrateur,1898,1898,Sociétés
langsdorff,Langsdorff,Langsdorff,1,1,1,administrateur,1898,1898,Sociétés
les-etudes,3° Les études,3° Les études,1,1,1,administrateur,1898,1898,Sociétés
h-lacarriere,H Lacarrière,H Lacarrière,1,1,1,administrateur,1901,1901,Sociétés
r-denisane,R Denisane,R Denisane,1,1,1,administrateur,1901,1901,Sociétés
ilg-a,Ilg,A. Ilg,1,1,1,administrateur,1901,1901,Sociétés
ed-caro,Ed. Caro,Ed. Caro,1,1,1,administrateur,1901,1901,Sociétés
t-seyrig,T Seyrig,T Seyrig,1,1,1,administrateur,1901,1901,Sociétés
teillard-h,Teillard,H. Teillard,1,1,1,administrateur,1901,1901,Sociétés
secretaire-general-modifications-siege-social,secrétaire général. MODIFICATIONS Siège social: 80,secrétaire général. MODIFICATIONS Siège social: 80,1,1,1,administrateur,1901,1901,Sociétés
paris-administrateurs-mm-r-denisane,Paris. Administrateurs: MM. R Denisane,Paris. Administrateurs: MM. R Denisane,1,1,1,administrateur,1901,1901,Sociétés
le-ballastage,64. Le ballastage,64. Le ballastage,1,1,1,administrateur,1905,1905,Sociétés
l-installation-des-ateliers-de-reparation-de-dire-,l'installation des ateliers de réparation de Diré-Daoua,l'installation des ateliers de réparation de Diré-Daoua,1,1,1,administrateur,1905,1905,Sociétés
savoir-ces-comptes,savoir: Ces comptes,savoir: Ces comptes,1,1,1,administrateur,1914,1914,Sociétés
ed-prenat,Ed. Prénat,Ed. Prénat,1,1,1,administrateur,1902,1902,Commerce
l-wolff,L Wolff,L Wolff,1,1,1,administrateur,1902,1902,Commerce
l-souchon,L Souchon,L Souchon,1,1,1,administrateur,1902,1902,Commerce
gautier,Gautier,Gautier,1,1,1,administrateur,1902,1902,Commerce
delegues-a,délégués,Administrateurs délégués,1,1,1,administrateur,1902,1902,Commerce
pagnoud-c,Pagnoud,Ch. Pagnoud,1,1,1,administrateur,1902,1902,Commerce
montee-des-carmelites,montée des Carmélites,montée des Carmélites,1,1,1,administrateur,1902,1902,Commerce
et-ch-hallot,et Ch. Hallot,et Ch. Hallot,1,1,1,administrateur,1902,1902,Commerce
imbert-l,Imbert,L. Imbert,1,1,1,administrateur,1902,1902,Commerce
capital-deux-millions-de-francs,Capital: Deux millions de francs,Capital: Deux millions de francs,1,1,1,administrateur,1902,1902,Commerce
soit-a-mm-pagnoud,soit à MM. Pagnoud,soit à MM. Pagnoud,1,1,1,administrateur,1902,1902,Commerce
assemblee-novembre,Assemblée: novembre,Assemblée: novembre,1,1,1,administrateur,1902,1902,Commerce
bilan-decembre,Bilan: décembre,Bilan: décembre,1,1,1,administrateur,1902,1902,Commerce
dividendes-des-cinq-dernieres-annees-p,Dividendes des cinq dernières années: p,Dividendes des cinq dernières années: p,1,1,1,administrateur,1902,1902,Commerce
lagarde-g,Lagarde,Georges Lagarde,1,1,1,administrateur,1901,1901,Commerce
eric-c,Eric,Cassaët Eric,1,1,1,administrateur,1901,1901,Commerce
a-b,A,Buisson A,1,1,1,administrateur,1901,1901,Commerce
f-s,F,Sengès F,1,1,1,administrateur,1901,1901,Commerce
got,Got,Got,1,1,1,administrateur,1901,1901,Commerce
sise-aux-environs-de-majunga,sise aux environs de Majunga,sise aux environs de Majunga,1,1,1,administrateur,1901,1901,Commerce
l-chiris,L.. Chiris,L.. Chiris,1,1,1,administrateur,1945,1945,Sociétés
le-bret-commissaires-mm-thielland-g,Le Bret. Commissaires: MM. Thielland,G. Le Bret. Commissaires: MM. Thielland,1,1,1,administrateur,1945,1945,Sociétés
le-bret-g,Le Bret,G. Le Bret,1,1,1,administrateur,1948,1948,Sociétés
l-a-chiris,L -A Chiris,L -A Chiris,1,1,1,administrateur,1950,1950,Sociétés
p-cunisset,P Cunisset,P Cunisset,1,1,1,administrateur,1950,1950,Sociétés
guy-le-bret,Guy Le Bret,Guy Le Bret,1,1,1,president_directeur_general,1953,1953,Sociétés
bouee-service-financier-bnci,Bouée. Service financier: B.N.C.I,Bouée. Service financier: B.N.C.I,1,1,1,administrateur,1953,1953,Sociétés
th-mante,Th. Mante,Th. Mante,1,1,1,administrateur,1900,1900,Commerce
chaudruc-de-crazannes,Chaudruc de Crazannes,Chaudruc de Crazannes,1,1,1,administrateur,1900,1900,Commerce
laffon-e,Laffon,E. Laffon,1,1,1,administrateur,1900,1900,Commerce
galuld,Galuld,Galuld,1,1,1,administrateur,1920,1920,Sociétés
guigniony-g,Guigniony,Guigniony,1,1,1,administrateur,1920,1920,Sociétés
kahn,Kahn,Kahn,1,1,1,administrateur,1920,1920,Sociétés
ruyters,Ruyters,Ruyters,1,1,1,administrateur,1920,1920,Sociétés
poullot-m,Poullot,Marcel Poullot,1,1,1,administrateur,,,Commerce
h-dubief,H Dubief,H Dubief,1,1,1,administrateur,1893,1893,Commerce
gindre,Gindre,Gindre,1,1,1,administrateur,1893,1893,Commerce
moret,Moret,Moret,1,1,1,administrateur,1893,1893,Commerce
prenat,Prénat,Prénat,1,1,1,administrateur,1893,1893,Commerce
p-soufflot,P Soufflot,P Soufflot,1,1,1,administrateur,1893,1893,Commerce
tourreil,Tourreil,Tourreil,1,1,1,administrateur,1893,1893,Commerce
voye,Voyé,Voyé,1,1,1,administrateur,1893,1893,Commerce
et-davis,et Davis,et Davis,1,1,1,administrateur,1893,1893,Commerce
ach-lignon,Ach. Lignon,Ach. Lignon,1,1,1,administrateur,1900,1900,Commerce
h-pensa,H Pensa,H Pensa,1,1,1,administrateur,1900,1900,Commerce
l-servajean,L Servajean,L Servajean,1,1,1,administrateur,1900,1900,Commerce
g-tourreil,G Tourreil. 4,G Tourreil. 4,1,1,1,administrateur,1900,1900,Commerce
madeiro-pinto-e,Madeiro Pinto,E. Madeiro Pinto,1,1,1,administrateur,1912,1912,
continho-a,Continho,A. Continho,1,1,1,administrateur,1914,1914,
white-comite-de-paris-t-mante-j,White. Comité de Paris: T. Mante,J.-A. White. Comité de Paris: T. Mante,1,1,1,administrateur,1914,1914,
maria-coelho-m,Maria Coelho,Manuel Maria Coelho,1,1,1,administrateur,1925,1925,
jaime-da-fonseca-monteiro,Jaime da Fonseca Monteiro,Jaime da Fonseca Monteiro,1,1,1,administrateur,1925,1925,
ferraz-l,Ferraz,L. Ferraz,1,1,1,administrateur,1933,1933,
basto-p,Basto,Pinto Basto,1,1,1,administrateur,1933,1933,
soares-v,Soares,V. Soares,1,1,1,administrateur,1933,1933,
charpe-a,Charpe,A. Charpe,1,1,1,administrateur,1933,1933,
de-seguier,de Séguier,de Séguier,1,1,1,administrateur,1933,1933,
joao-de-almeida,Joao de Almeida,Joao de Almeida,1,1,1,administrateur,1937,1937,
pedro-de-barbosa,Pedro de Barbosa,Pedro de Barbosa,1,1,1,administrateur,1937,1937,
falcao-de-azevedo-e-bourbon,Falcao de Azevedo e Bourbon,Falcao de Azevedo e Bourbon,1,1,1,administrateur,1937,1937,
obe,O.B.E,O.B.E,1,1,1,administrateur,1937,1937,
de-fontes-pereira-de-melo-a,de Fontes Pereira de Melo,Antonio Maria de Fontes Pereira de Melo,1,1,1,president,1945,1945,
cabrai-de-oliveira-e-castro-a,Cabrai de Oliveira E Castro,A. Cabrai de Oliveira E Castro,1,1,1,president,1953,1953,
dos-santos-quelhas-lima-j,Dos Santos Quelhas Lima,J. Dos Santos Quelhas Lima,1,1,1,president,1953,1953,
eduardo-da-costa-lobo-a,Eduardo Da Costa Lobo,A. Eduardo Da Costa Lobo,1,1,1,president,1953,1953,
cazes,Cazes,Cazes,1,1,1,president,1953,1953,
thieux-g,Thieux,G. Thieux,1,1,1,president,1953,1953,
oury-v,Oury,V. L. Oury,1,1,1,president,1953,1953,
van-der-vurst-h,Van der Vurst,Henri Van der Vurst,1,1,1,administrateur,1953,1953,
maria-fontes-pereira-de-melo-a,Maria Fontes Pereira de Melo,Antoni Maria Fontes Pereira de Melo,1,1,1,conseil_surveillance,1953,1953,
lourneco-de-almeida-castelo-branco-j,Lourneço de Almeida Castelo Branco,José Lourneço de Almeida Castelo Branco,1,1,1,conseil_surveillance,1953,1953,
sommer-e,Sommer,E. Sommer,1,1,1,administrateur,1928,1928,Sociétés
levi-g,Lévi,Gaston Lévi,1,1,1,administrateur,1928,1928,Sociétés
gompel-r,Gompel,Robert Gompel,1,1,1,administrateur,1928,1928,Sociétés
levi-a,Lévi,Abel Lévi,1,1,1,administrateur,1928,1928,Sociétés
meunier-r,Meunier,René Meunier,1,1,1,administrateur,1928,1928,Sociétés
delompre-m,Delompré,Delompré,1,1,1,administrateur,1928,1928,Sociétés
barthelemy-l,Barthélémy,Louis Barthélémy,1,1,1,administrateur,1899,1899,Sociétés
carriere-mm-paul-simeon-a,Carrière. MM. Paul Siméon,Alfred Carrière. MM. Paul Siméon,1,1,1,administrateur,1899,1899,Sociétés
defrance-e,Defrance,Edmond Defrance,1,1,1,administrateur,1899,1899,Sociétés
de-la-colonie,DE LA COLONIE,DE LA COLONIE,1,1,1,administrateur,1913,1913,Sociétés
hotel-g,Hôtel,Grand Hôtel,1,1,1,administrateur,1926,1926,
promenade-des-anglais,promenade des Anglais,promenade des Anglais,1,1,1,administrateur,1926,1926,
hirsch-m,Hirsch,Marcel Hirsch,1,1,1,administrateur,1926,1926,
dit-marcel-hutin,dit Marcel Hutin,dit Marcel Hutin,1,1,1,administrateur,1926,1926,
roudy-a,Roudy,Anathase Roudy,1,1,1,administrateur,1926,1926,
caudrelier-e,Caudrelier,Étienne Caudrelier,1,1,1,administrateur,1926,1926,
et-charles-thomas-couture,et Charles-Thomas Couture,et Charles-Thomas Couture,1,1,1,administrateur,1926,1926,
miniere-des-concessions-prasso-en-abyssinie,Minière des Concessions Prasso en Abyssinie,Minière des Concessions Prasso en Abyssinie,1,1,1,administrateur,1936,1936,
edwards-h,Edwards,H. Edwards,1,1,1,administrateur,1937,1937,
prince-j-j-borghese,prince J.-J. Borghese,prince J.-J. Borghese,1,1,1,administrateur,1937,1937,
jacopo-gasparini-s,Jacopo Gasparini,S.-E. Jacopo Gasparini,1,1,1,administrateur,1937,1937,
la-francesca-e,La Francesca,E. La Francesca,1,1,1,administrateur,1937,1937,
marescalchi-a,Marescalchi,A. Marescalchi,1,1,1,administrateur,1937,1937,
poitou-c,Poitou,C. Poitou,1,1,1,administrateur,1937,1937,
rosetti,Rosetti,Rosetti,1,1,1,administrateur,1937,1937,
arlotta-commissaires-aux-comptes-g-cronnier,Arlotta. Commissaires aux comptes: G. Cronnier,Arlotta. Commissaires aux comptes: G. Cronnier,1,1,1,administrateur,1937,1937,
penacchio,Penacchio,Penacchio,1,1,1,administrateur,1937,1937,
besson,Besson,Besson,1,1,1,administrateur,1919,1919,Sociétés
michel-cote,Michel-Cote,Michel-Cote,1,1,1,administrateur,1919,1919,Sociétés
hachette-statuts-chez-me-dufour,Hachette. Statuts chez Me Dufour,Hachette. Statuts chez Me Dufour,1,1,1,administrateur,1919,1919,Sociétés
ann-parisiennes,Ann. Parisiennes,Ann. Parisiennes,1,1,1,administrateur,1919,1919,Sociétés
gouverneur-general-des-colonies-en-retraite,gouverneur général des Colonies en retraite,gouverneur général des Colonies en retraite,1,1,1,administrateur,1926,1926,"Transports fluviaux, maritimes et aériens"
commissaire-general-de-l-exposition-coloniale-inte,commissaire général de l'Exposition coloniale internationale,commissaire général de l'Exposition coloniale internationale,1,1,1,administrateur,1926,1926,"Transports fluviaux, maritimes et aériens"
perinaud-c,Périnaud,Ch. Périnaud,1,1,1,administrateur,1926,1926,"Transports fluviaux, maritimes et aériens"
lerinand-c,Lérinand,Charles Lérinand,1,1,1,administrateur,1926,1926,"Transports fluviaux, maritimes et aériens"
moullin-a,Moullin,Albert Moullin,1,1,1,administrateur,1926,1926,"Transports fluviaux, maritimes et aériens"
demaison-a,Demaison,André Demaison,1,1,1,administrateur,1926,1926,"Transports fluviaux, maritimes et aériens"
agent-commercial-a-majunga,agent commercial à Majunga,agent commercial à Majunga,1,1,1,administrateur,1926,1926,"Transports fluviaux, maritimes et aériens"
bartholome-j,Bartholomé,J. Bartholomé,1,1,1,administrateur,1920,1920,Banques et groupes financiers
ch-m-cote,Ch.-M. Cote,Ch.-M. Cote,1,1,1,administrateur,1920,1920,Banques et groupes financiers
bontoux-pdt-maritime-de-l-af-orient-h,Bontoux [pdt Maritime de l'Af. Orient,Henri Bontoux [pdt Maritime de l'Af. Orient,1,1,1,administrateur_delegue,1922,1922,Banques et groupes financiers
maritime-de-l-af-orient,Maritime de l'Af. Orient. ],Maritime de l'Af. Orient. ],1,1,1,administrateur_delegue,1922,1922,Banques et groupes financiers
x-loisy,X Loisy,X Loisy,1,1,1,administrateur,1922,1922,Banques et groupes financiers
dufourcq-lagelouse-l,Dufourcq-Lagelouse,L. Dufourcq-Lagelouse,1,1,1,administrateur,1929,1929,Banques et groupes financiers
lacaze-l,Lacaze,L. Lacaze,1,1,1,administrateur,1937,1937,Banques et groupes financiers
pannetier-g,Pannetier,G. Pannetier,1,1,1,administrateur,1937,1937,Banques et groupes financiers
ferrouillat-a,Ferrouillat,Auguste Ferrouillat,1,1,1,president,1908,1908,"Eau et assainissement, électricité (Utilities)"
hutin-m,Hutin,Maurice Hutin,1,1,1,administrateur_delegue,1908,1908,"Eau et assainissement, électricité (Utilities)"
mury-l,Mury,Léon Mury,1,1,1,administrateur,1908,1908,"Eau et assainissement, électricité (Utilities)"
mme-robert-drouineau-s,(Mme Robert Drouineau,Suzanne (Mme Robert Drouineau,1,1,1,administrateur,1908,1908,"Eau et assainissement, électricité (Utilities)"
alombert-p,Alombert,Paul Claude Alombert,1,1,1,administrateur,1929,1929,"Eau et assainissement, électricité (Utilities)"
mordacq-h,Mordacq,Henri Mordacq,1,1,1,administrateur,1929,1929,"Eau et assainissement, électricité (Utilities)"
sarrade-f,Sarrade,Francis Sarrade,1,1,1,administrateur,1929,1929,"Eau et assainissement, électricité (Utilities)"
act-a-donne-voix,act. A donne voix,act. A donne voix,1,1,1,administrateur,1929,1929,"Eau et assainissement, électricité (Utilities)"
orosdi-l,Orosdi,L. Orosdi,1,1,1,administrateur,1900,1900,Industries agro-alimentaires
carnaud-j,Carnaud,J.-J. Carnaud,1,1,1,administrateur,1900,1900,Industries agro-alimentaires
helbronner-a,Helbronner,A. Helbronner,1,1,1,administrateur,1900,1900,Industries agro-alimentaires
frot-h,Frot,H. Frot,1,1,1,administrateur,1900,1900,Industries agro-alimentaires
laillet-e,Laillet,E. Laillet,1,1,1,administrateur,1900,1900,Industries agro-alimentaires
social-deux-millions-de-francs-c,social: Deux millions de francs,Capital social: Deux millions de francs,1,1,1,administrateur,1900,1900,Industries agro-alimentaires
martin-c,Martin,Ch. Martin,1,1,1,administrateur,1912,1912,Mines
deposes-chez-me-rocagel-s,déposés chez Me Rocagel,Statuts déposés chez Me Rocagel,1,1,1,administrateur,1912,1912,Mines
et-adolphe-marie-protard,et Adolphe-Marie Protard,et Adolphe-Marie Protard,1,1,1,administrateur,1927,1927,Banques et groupes financiers
e-durand,E Durand,E Durand,1,1,1,administrateur,1920,1920,Industries
carrie-p,CARRIÉ,Paul CARRIÉ,1,1,1,administrateur,1950,1950,Industries
pavillon-p,PAVILLON,Paul PAVILLON,1,1,1,administrateur,1950,1950,Industries
poltou-m,POlTOU,Marcel POlTOU,1,1,1,administrateur,1950,1950,Industries
saint-martin-p,SAINT-MARTIN,Pierre SAINT-MARTIN,1,1,1,administrateur,1950,1950,Industries
metzinger-l,Metzinger,Lucien Metzinger,1,1,1,administrateur,1936,1936,Industries agro-alimentaires
hego,Hégo,Hégo,1,1,1,administrateur,1899,1899,Mines
issaverdens-e,Issaverdens,Eugène Issaverdens,1,1,1,administrateur,1899,1899,Mines
michelin,Michelin,Michelin,1,1,1,administrateur,1899,1899,Mines
minieres-ou-autres-dans-l-ile-de-madagascar,minières ou autres dans l'île de Madagascar,minières ou autres dans l'île de Madagascar,1,1,1,administrateur,1899,1899,Mines
trousselle-r,Trousselle,Trousselle,1,1,1,administrateur,1927,1927,Industries
combes-f,Combes,F. Combes,1,1,1,administrateur,1927,1927,Industries
bigot-g,Bigot,Bigot,1,1,1,administrateur,1927,1927,Industries
auge,Augé,Augé,1,1,1,administrateur,1927,1927,Industries
kollitchs,Kollitchs,Kollitchs,1,1,1,administrateur,1927,1927,Industries
machtou,Machtou,Machtou,1,1,1,administrateur,1927,1927,Industries
plase,Plase,Plase,1,1,1,administrateur,1931,1931,Industries
faures-a,Faurès,A. Faurès,1,1,1,administrateur,1933,1933,Industries
boucher-e,Boucher,Boucher,1,1,1,administrateur,1937,1937,Industries
henonin-a,Hénonin,A. Hénonin,1,1,1,administrateur,1940,1940,Industries
plasse-p,Plasse,P. Plasse,1,1,1,administrateur,1945,1945,Industries
christol-l,Christol,L. Christol,1,1,1,administrateur,1945,1945,Industries
plassard-fils-de-louis-r,Plassard [fils de Louis,René Plassard [fils de Louis,1,1,1,administrateur,1900,1900,Commerce
verberckmoes-s,Verberckmoës,S.-J. Verberckmoës,1,1,1,administrateur,1899,1899,Mines
a-courmes,-A. Courmes,-A. Courmes,1,1,1,administrateur,1899,1899,Mines
l-grandin,L Grandin,L Grandin,1,1,1,administrateur,1938,1938,Mines
p-lancrenon-exploitation-de-pierres-precieuses,P Lancrenon. Exploitation de pierres précieuses,P Lancrenon. Exploitation de pierres précieuses,1,1,1,administrateur,1938,1938,Mines
et-frederic-de-brommer,et Frédéric de Brommer,et Frédéric de Brommer,1,1,1,administrateur,1921,1921,
allain,Allain,Allain,1,1,1,administrateur,1921,1921,
fernandez,Fernandez,Fernandez,1,1,1,administrateur,1921,1921,
goupil,Goupil,Goupil,1,1,1,administrateur,1921,1921,
industrielle-c,industrielle,Chronique industrielle,1,1,1,administrateur,1921,1921,
boissier,Boissier,Boissier,1,1,1,administrateur,1924,1924,Commerce
nestor,Nestor,Nestor,1,1,1,administrateur,1924,1924,Commerce
adamoli-a-marseille-c,Adamoli à Marseille,Carlo Adamoli à Marseille,1,1,1,administrateur,1932,1932,Mines
vieille-koechlin-a-montmorency-c,Vieille-Koechlin à Montmorency,Charles-Léon Vieille-Koechlin à Montmorency,1,1,1,administrateur,1932,1932,Mines
richemond-p,Richemond,Philippe Richemond,1,1,1,administrateur_delegue,1900,1900,Industries agro-alimentaires
guynet-w,Guynet,Wiliiam Guynet,1,1,1,administrateur,1900,1900,Industries agro-alimentaires
ehrmann,Ehrmann,Ehrmann,1,1,1,administrateur,1900,1900,Industries agro-alimentaires
richemond,Richemond,Richemond,1,1,1,administrateur,1900,1900,Industries agro-alimentaires
alf-roose,Alf. Roose,Alf. Roose,1,1,1,administrateur,1900,1900,Industries agro-alimentaires
commissaire-p-fuchs,Commissaire: P. Fuchs,Commissaire: P. Fuchs,1,1,1,administrateur,1900,1900,Industries agro-alimentaires
objet-l-exploitation-du-sol,Objet: L'exploitation du sol,Objet: L'exploitation du sol,1,1,1,administrateur,1900,1900,Industries agro-alimentaires
commercial-l-exportation-des-produits-de-l-ile,commercial. L'exportation des produits de l'île,commercial. L'exportation des produits de l'île,1,1,1,administrateur,1900,1900,Industries agro-alimentaires
au-s-e,2) au S.-E,2) au S.-E,1,1,1,administrateur,1900,1900,Industries agro-alimentaires
hage-orban-de-xivry-h,Hage Orban de Xivry,Henri Hage Orban de Xivry,1,1,1,administrateur,1914,1914,Industries agro-alimentaires
collet-a,Collet,Auguste Collet,1,1,1,administrateur,1914,1914,Industries agro-alimentaires
ad-bero,Ad. Bero,Ad. Bero,1,1,1,administrateur,1914,1914,Industries agro-alimentaires
gust-bruneel-de-montpellier,Gust. Bruneel de Montpellier,Gust. Bruneel de Montpellier,1,1,1,administrateur,1914,1914,Industries agro-alimentaires
weisshoff-grav-impr-paris,? Weisshoff grav.-impr. Paris,? Weisshoff grav.-impr. Paris,1,1,1,administrateur,,,Mines
bilan-juin,Bilan: juin,Bilan: juin,1,1,1,administrateur,1901,1901,Mines
x-d,»,Darrieux »,1,1,1,administrateur,1927,1927,Mines
de-breteuil,de Breteuil,de Breteuil,1,1,1,president,1928,1928,Mines
firme-ulysse-gros,firme Ulysse Gros,firme Ulysse Gros,1,1,1,administrateur,1928,1928,Mines
darrieux-commissaires-des-comptes-mm-henri-guinaud,Darrieux. Commissaires des comptes: MM. Henri Guinaudeau,Darrieux. Commissaires des comptes: MM. Henri Guinaudeau,1,1,1,administrateur,1928,1928,Mines
au-conseil-le-solde,3° % au conseil. Le solde,3° % au conseil. Le solde,1,1,1,administrateur,1928,1928,Mines
tamatave-graphite-en-paillettes,Tamatave. Graphite en paillettes,Tamatave. Graphite en paillettes,1,1,1,president,1938,1938,Mines
filiale-de-paribas,filiale de Paribas,filiale de Paribas,1,1,1,president,1951,1951,Mines
duparchy,Duparchy,Duparchy,1,1,1,administrateur,1899,1899,Sociétés
vigouroux,Vigouroux,Vigouroux,1,1,1,administrateur,1899,1899,Sociétés
senevez,] Senevez,] Senevez,1,1,1,administrateur,1899,1899,Sociétés
senevoz-e,Senevoz,E. Senevoz,1,1,1,administrateur_delegue,1899,1899,Sociétés
herrissant-a,Herrissant. —,A. Herrissant. —,1,1,1,administrateur,1899,1899,Sociétés
baron-de-serlay-i,baron de Serlay,Ie baron de Serlay,1,1,1,president,1921,1921,Sociétés
allegre,ALLÈGRE,ALLÈGRE,1,1,1,administrateur,1928,1928,Industries agro-alimentaires
ectors-des-caoutchoucs-du-mekong,ECTORS [des Caoutchoucs du Mékong,ECTORS [des Caoutchoucs du Mékong,1,1,1,administrateur,1928,1928,Industries agro-alimentaires
flipo,FLIPO,FLIPO,1,1,1,administrateur,1928,1928,Industries agro-alimentaires
mille-p,MILLE,Pierre MILLE,1,1,1,administrateur,1928,1928,Industries agro-alimentaires
administrateurs-camille-charles-andre-lejeune,administrateurs. Camille Charles André LEJEUNE,administrateurs. Camille Charles André LEJEUNE,1,1,1,administrateur,1928,1928,Industries agro-alimentaires
et-de-aimee-castelli,et de Aimée Castelli,et de Aimée Castelli,1,1,1,administrateur,1928,1928,Industries agro-alimentaires
allegre-l,Allègre,Léon-Louis Allègre,1,1,1,administrateur,1928,1928,Industries agro-alimentaires
sturla-a,Sturla,Amundsen Sturla,1,1,1,administrateur,1928,1928,Industries agro-alimentaires
flipo-p,Flipo,Pierre Flipo,1,1,1,administrateur,1928,1928,Industries agro-alimentaires
fantou-l,Fantou,Louis Fantou,1,1,1,administrateur,1928,1928,Industries agro-alimentaires
lejeune-h,Lejeune,Henri Lejeune,1,1,1,administrateur,1928,1928,Industries agro-alimentaires
mille-louis-p,Mille. Louis,Pierre Mille. Louis,1,1,1,administrateur,1928,1928,Industries agro-alimentaires
marie,Marie,Marie,1,1,1,administrateur,1928,1928,Industries agro-alimentaires
fantou-j,FANTOU,Joseph FANTOU,1,1,1,administrateur,1928,1928,Industries agro-alimentaires
binaud-ep-pia-dubos-h,Binaud [ép. Pia Dubos,Henri Binaud [ép. Pia Dubos,1,1,1,administrateur,1920,1920,Industries
fille-de-pierre-jean,fille de Pierre-Jean],fille de Pierre-Jean],1,1,1,administrateur,1920,1920,Industries
merlin-m,Merlin,Martial Merlin,1,1,1,administrateur,1928,1928,Industries agro-alimentaires
j-de-coudenhove,J de COUDENHOVE,J de COUDENHOVE,1,1,1,administrateur,1928,1928,Industries agro-alimentaires
g-de-guillebon,G de GUILLEBON,G de GUILLEBON,1,1,1,administrateur,1928,1928,Industries agro-alimentaires
j-p-hugot,J P HUGOT,J P HUGOT,1,1,1,administrateur,1928,1928,Industries agro-alimentaires
j-legrand,J LEGRAND,J LEGRAND,1,1,1,administrateur,1928,1928,Industries agro-alimentaires
caille-a,Caille,Alfred-Clément Caille,1,1,1,administrateur,1928,1928,Sociétés diverses
foulon-r,Foulon,René-Félix Foulon,1,1,1,administrateur,1928,1928,Sociétés diverses
mallet-c,Mallet,Charles-Edmond Mallet,1,1,1,administrateur,1928,1928,Sociétés diverses
parc-de-montretout,parc de Montretout,parc de Montretout,1,1,1,administrateur,1928,1928,Sociétés diverses
lemee-p,Lemée,Pierre-Louis Lemée,1,1,1,administrateur,1928,1928,Sociétés diverses
saint-paul,Saint-Paul,Saint-Paul,1,1,1,administrateur,1928,1928,Sociétés diverses
amsterdam,Amsterdam,Amsterdam,1,1,1,administrateur,1928,1928,Sociétés diverses
goldoni-a,GOLDONI1,A. GOLDONI1,1,1,1,administrateur,1955,1955,Mines
de-brugada-h,de BRUGADA,Henri de BRUGADA,1,1,1,administrateur,1955,1955,Mines
ste-du-quartz-de-madagascar,Sté du Quartz de Madagascar,Sté du Quartz de Madagascar,1,1,1,administrateur,1955,1955,Mines
soost,Soost,Soost,1,1,1,administrateur,1903,1903,Mines
u-harrassowitz,U Harrassowitz,U Harrassowitz,1,1,1,administrateur,1903,1903,Mines
et-m-louis-saint-martin,et M. Louis Saint-Martin,et M. Louis Saint-Martin,1,1,1,administrateur,1903,1903,Mines
reprendre-sa-marche-en-avant-vous-possedez,reprendre sa marche en avant. Vous possédez,reprendre sa marche en avant. Vous possédez,1,1,1,administrateur,1908,1908,Mines
cristallise-notre-situation-financiere-le-bilan,cristallise notre situation financière. Le bilan,cristallise notre situation financière. Le bilan,1,1,1,administrateur,1908,1908,Mines
a-vos-statuts-c,à vos statuts,Conformément à vos statuts,1,1,1,administrateur,1910,1910,Mines
tanta-a,Tanta. 4,A. Tanta. 4,1,1,1,administrateur,1930,1930,Industries agro-alimentaires
e-giscard-d-estaing,E Giscard-d'Estaing,E Giscard-d'Estaing,1,1,1,administrateur,1951,1951,Industries agro-alimentaires
impr-chaix,? Impr. Chaix,? Impr. Chaix,1,1,1,administrateur,1952,1952,Industries agro-alimentaires
et-maurice-denis,et Maurice Denis,et Maurice Denis,1,1,1,administrateur,1927,1927,Industries agro-alimentaires
ou-son-frere-robert-de-boysson,ou son frère Robert de Boysson,ou son frère Robert de Boysson,1,1,1,administrateur,1951,1951,Sociétés
remorquage-de-l-indochine,remorquage de l'Indochine],remorquage de l'Indochine],1,1,1,administrateur,1951,1951,Sociétés
cote-m,Cote,Michel- Cote,1,1,1,administrateur,1922,1922,"Transports fluviaux, maritimes et aériens"
philippar,Philippar,Philippar,1,1,1,administrateur,1922,1922,"Transports fluviaux, maritimes et aériens"
kastler,Kastler,Kastler,1,1,1,administrateur,1922,1922,"Transports fluviaux, maritimes et aériens"
et-pierre-de-saboulin-bollena,et Pierre de Saboulin-Bollena,et Pierre de Saboulin-Bollena,1,1,1,administrateur,1922,1922,"Transports fluviaux, maritimes et aériens"
guillauton-a,Guillauton,A. Guillauton,1,1,1,administrateur,1951,1951,"Transports fluviaux, maritimes et aériens"
vincent,Vincent,Vincent,1,1,1,administrateur,1906,1906,"Transports fluviaux, maritimes et aériens"
chandora-e,Chandora,Chandora,1,1,1,administrateur,1906,1906,"Transports fluviaux, maritimes et aériens"
williams,Williams,Williams,1,1,1,administrateur,1906,1906,"Transports fluviaux, maritimes et aériens"
portier,Portier,Portier,1,1,1,administrateur,1906,1906,"Transports fluviaux, maritimes et aériens"
chasles,Chasles,Chasles,1,1,1,administrateur,1906,1906,"Transports fluviaux, maritimes et aériens"
angelby-commissaires-mm-charpentier,Angelby. Commissaires: MM. Charpentier,Angelby. Commissaires: MM. Charpentier,1,1,1,administrateur,1906,1906,"Transports fluviaux, maritimes et aériens"
divers-autres-petits-travaux-a-andevorante,divers autres petits travaux. À. Andevorante,divers autres petits travaux. À. Andevorante,1,1,1,administrateur,1906,1906,"Transports fluviaux, maritimes et aériens"
mis-en-service-en-novembre-de-plus,mis en service en novembre. De plus,mis en service en novembre. De plus,1,1,1,administrateur,1912,1912,"Transports fluviaux, maritimes et aériens"
charpentier,Charpentier,Charpentier,1,1,1,administrateur,1912,1912,"Transports fluviaux, maritimes et aériens"
porges-c,Porgès,Charles Porgès,1,1,1,administrateur,1895,1895,
benard-a,Bénard,Adrien-Léon Bénard,1,1,1,administrateur,1895,1895,
jarislowsky,Jarislowsky,Jarislowsky,1,1,1,administrateur,1895,1895,
ochs-g,Ochs,Georges Ochs,1,1,1,administrateur,1895,1895,
associes-de-la-maison-ochs-freres,associés de la maison Ochs frères,associés de la maison Ochs frères,1,1,1,administrateur,1895,1895,
deledicque-a,Deledicque,A. Deledicque,1,1,1,administrateur,1910,1910,Mines
dupleix-j,Dupleix,J. Dupleix,1,1,1,administrateur,1910,1910,Mines
grandidier-g,Grandidier,G. Grandidier,1,1,1,administrateur,1910,1910,Mines
deposes-chez-me-jules-rocagel-s,déposés chez Me Jules Rocagel,Statuts déposés chez Me Jules Rocagel,1,1,1,administrateur,1910,1910,Mines
rougier-lagane-g,Rougier-Lagane3,Rougier-Lagane3,1,1,1,administrateur,1920,1920,Mines
moncorge-l,Moncorgé,L. Moncorgé,1,1,1,administrateur,1910,1910,Mines
franche-c,Franche,C. Franche,1,1,1,administrateur,1910,1910,Mines
moncorge-f-devraud-c,Moncorgé. F. Devraud,Ch. Moncorgé. F. Devraud,1,1,1,administrateur,1910,1910,Mines
j-g-deveaud,J.- G. Deveaud,J.- G. Deveaud,1,1,1,administrateur,1910,1910,Mines
moncorge-p,Moncorgé,P. Moncorgé,1,1,1,administrateur,1910,1910,Mines
deposes-chez-me-chavanis-s,déposés chez Me Chavanis,Statuts déposés chez Me Chavanis,1,1,1,administrateur,1910,1910,Mines
smith-j,Smith,Joseph Smith,1,1,1,administrateur,1903,1903,Mines
watson-g,Watson,Georges Watson,1,1,1,administrateur,1903,1903,Mines
macalpine,Macalpine,Macalpine,1,1,1,administrateur,1903,1903,Mines
hudson-c,Hudson,Charles Hudson,1,1,1,administrateur,1903,1903,Mines
lawson-g,Lawson,Georges Lawson,1,1,1,administrateur,1903,1903,Mines
mante-t,Mante,Théodore Mante,1,1,1,administrateur,1905,1905,Mines
roux-c,Roux,Charles Roux,1,1,1,administrateur,1905,1905,Mines
daleas-p,Daléas,Daléas,1,1,1,administrateur,1905,1905,Mines
de-saboulin-bollena-p,de Saboulin-Bollena,Pierre de Saboulin-Bollena,1,1,1,administrateur,1924,1924,Sociétés
chapuis-a,Chapuis,A. Chapuis,1,1,1,administrateur,1931,1931,Industries agro-alimentaires
thibaud,Thibaud,Thibaud,1,1,1,administrateur,1968,1968,Industries agro-alimentaires
industrielle-de-madagascar,industrielle de Madagascar,industrielle de Madagascar,1,1,1,administrateur,1968,1968,Industries agro-alimentaires
bryde-j,Bryde,J. Bryde,1,1,1,administrateur,1910,1910,Sociétés diverses
chenantais-l,Chenantais,L. Chenantais,1,1,1,administrateur,1910,1910,Sociétés diverses
gutzeit-c,Gutzeit,C. Gutzeit,1,1,1,administrateur,1910,1910,Sociétés diverses
duros-h,Duros,H. Duros,1,1,1,administrateur,1910,1910,Sociétés diverses
daste,Dasté,Dasté,1,1,1,administrateur,1910,1910,Sociétés diverses
deposes-chez-me-lavoignat-s,déposés chez Me Lavoignat,Statuts déposés chez Me Lavoignat,1,1,1,administrateur,1910,1910,Sociétés diverses
laurent,Laurent,Laurent,1,1,1,administrateur,1900,1900,Sociétés
fievet-p,Fievet,Fievet,1,1,1,administrateur,1900,1900,Sociétés
laseaux,Laseaux,Laseaux,1,1,1,administrateur,1900,1900,Sociétés
objet-exploitation-de-concessions,Objet: exploitation de concessions,Objet: exploitation de concessions,1,1,1,administrateur,1900,1900,Sociétés
droit-de-timbre-acquitte-par-abonnement-p,? Droit de timbre acquitté par abonnement,? Droit de timbre acquitté par abonnement,1,1,1,administrateur,,,Industries agro-alimentaires
imbert-p,Imbert,Paul Imbert,1,1,1,administrateur,1934,1934,"Transports fluviaux, maritimes et aériens"
batellet,Batellet,Batellet,1,1,1,vice_president,1934,1934,"Transports fluviaux, maritimes et aériens"
entrepots-de-tamatave,Entrepôts de Tamatave,Entrepôts de Tamatave,1,1,1,vice_president,1934,1934,"Transports fluviaux, maritimes et aériens"
liotard-a,Liotard,Liotard,1,1,1,vice_president,1934,1934,"Transports fluviaux, maritimes et aériens"
krafft,Krafft,Krafft,1,1,1,vice_president,1934,1934,"Transports fluviaux, maritimes et aériens"
aubry,Aubry,Aubry,1,1,1,vice_president,1934,1934,"Transports fluviaux, maritimes et aériens"
l-a-rollo,L A. Rollo,L A. Rollo,1,1,1,vice_president,1934,1934,"Transports fluviaux, maritimes et aériens"
generaux-m,généraux,Magasins généraux,1,1,1,vice_president,1934,1934,"Transports fluviaux, maritimes et aériens"
chp,CHP,CHP,1,1,1,vice_president,1934,1934,"Transports fluviaux, maritimes et aériens"
line-c,Line,Clan Line,1,1,1,vice_president,1934,1934,"Transports fluviaux, maritimes et aériens"
ch-e-chalas,Ch.-E. Chalas,Ch.-E. Chalas,1,1,1,administrateur,1912,1912,Industries agro-alimentaires
deposes-chez-me-p-brault-s,déposés chez Me P. Brault,Statuts déposés chez Me P. Brault,1,1,1,administrateur,1912,1912,Industries agro-alimentaires
garnier,Garnier,Garnier,1,1,1,administrateur,1915,1915,Sociétés
prot,Prot,Prot,1,1,1,administrateur,1915,1915,Sociétés
fontana,Fontana,Fontana,1,1,1,administrateur,1915,1915,Sociétés
deposes-chez-me-lardy-s,déposés chez Me Lardy,Statuts déposés chez Me Lardy,1,1,1,administrateur,1915,1915,Sociétés
delafosse-blanche-j,DELAFOSSE BLANCHE,Jules DELAFOSSE BLANCHE,1,1,1,administrateur,1890,1890,Mines
saint-georges-d-armstrong,SAINT-GEORGES D'ARMSTRONG,SAINT-GEORGES D'ARMSTRONG,1,1,1,administrateur,1890,1890,Mines
vte-de-potiche,Vte de POTICHE,Vte de POTICHE,1,1,1,administrateur,1890,1890,Mines
etc-jules-delafosse-depute-du-calvados,etc.). Jules Delafosse: député du Calvados,etc.). Jules Delafosse: député du Calvados,1,1,1,administrateur,1890,1890,Mines
julliot-l,Julliot,Louis Julliot,1,1,1,administrateur,,,Industries agro-alimentaires
jean,Jean,Jean,1,1,1,administrateur,,,Industries agro-alimentaires
froger-a,Froger,Froger,1,1,1,administrateur,1902,1902,Banques et groupes financiers
audoy,Audoy,Audoy,1,1,1,administrateur,1902,1902,Banques et groupes financiers
lafarge-f,Lafarge,Lafarge,1,1,1,administrateur,1902,1902,Banques et groupes financiers
dauge,Dauge,Dauge,1,1,1,administrateur,1902,1902,Banques et groupes financiers
mesnard,Mesnard,Mesnard,1,1,1,administrateur,1902,1902,Banques et groupes financiers
febvre-h,Febvre,H. Febvre,1,1,1,administrateur,1902,1902,Banques et groupes financiers
de-terves-l,de Terves,Léonce de Terves,1,1,1,administrateur,1902,1902,Banques et groupes financiers
commissaires-mm-bougere,Commissaires: MM. Bougère,Commissaires: MM. Bougère,1,1,1,administrateur,1902,1902,Banques et groupes financiers
cordier-h,Cordier,H. Cordier,1,1,1,administrateur,1902,1902,Banques et groupes financiers
deposes-chez-me-aron-s,déposés chez Me Aron,Statuts déposés chez Me Aron,1,1,1,administrateur,1909,1909,Mines
degoix-l,Degoix,Léopold Degoix,1,1,1,administrateur,1899,1899,Mines
guffroy-a,Guffroy,Armand Guffroy,1,1,1,administrateur,1899,1899,Mines
de-faymoreau-d-arquistade-a,de Faymoreau d'Arquistade,Arthur de Faymoreau d'Arquistade,1,1,1,administrateur,1899,1899,Mines
lee-h,Lée,Henry Lée,1,1,1,administrateur,1899,1899,Mines
pichon-l,Pichon,Louis Pichon,1,1,1,administrateur,1899,1899,Mines
pignot-h,Pignot,Henri Pignot,1,1,1,administrateur,1899,1899,Mines
richou-g,Richou,Gabriel Richou,1,1,1,administrateur,1899,1899,Mines
girard-l,Girard,Louis Girard,1,1,1,administrateur,1899,1899,Mines
renevey-e,Renevey,Eugène Renevey,1,1,1,administrateur,1899,1899,Mines
objet-exploitation-des-salines,Objet: exploitation des salines,Objet: exploitation des salines,1,1,1,administrateur,1899,1899,Mines
indes,Indes,Indes,1,1,1,administrateur,1899,1899,Mines
clere-a,Clere,André Clere,1,1,1,administrateur,1934,1934,Mines
fabre-luce-p,Fabre-Luce,Pierre Fabre-Luce,1,1,1,administrateur,1934,1934,Mines
bourcy-l,Bourcy,Louis Bourcy,1,1,1,administrateur,1951,1951,Mines
smadja-g,Smadja,G.-H. Smadja,1,1,1,administrateur,1940,1940,Mines
x-h,[…],Hugues […],1,1,1,administrateur,1958,1958,Industries agro-alimentaires
dentz-a,DENTZ,André DENTZ,1,1,1,administrateur,1958,1958,Industries agro-alimentaires
fives-lille-cail-s,Fives-Lille-Cail,Sté Fives-Lille-Cail,1,1,1,administrateur,1958,1958,Industries agro-alimentaires
africaine-de-participation-s,africaine de participation,Sté africaine de participation,1,1,1,administrateur,1958,1958,Industries agro-alimentaires
famin-g,Famin,G. Famin,1,1,1,administrateur,1912,1912,Mines
binger-g,Binger,Binger,1,1,1,administrateur,1912,1912,Mines
morel-l,Morel,L. Morel,1,1,1,administrateur,1912,1912,Mines
ardillier-g,Ardillier,G. Ardillier,1,1,1,administrateur,1912,1912,Mines
henry-e,Henry,E. Henry,1,1,1,administrateur,1917,1917,Mines
lavigne-g,Lavigne,G. Lavigne,1,1,1,administrateur,1917,1917,Mines
bouliol,Bouliol. 32,Bouliol. 32,1,1,1,administrateur,1920,1920,Mines
bernheim,Bernheim,Bernheim,1,1,1,administrateur,1923,1923,Mines
guedes,Guédès,Guédès,1,1,1,administrateur,1923,1923,Mines
mopin-a,Mopin,A. Mopin,1,1,1,administrateur,1923,1923,Mines
bonan-g,Bonan,G. Bonan,1,1,1,administrateur,1933,1933,Mines
bourgougnon-j,Bourgougnon,Jules Bourgougnon,1,1,1,administrateur,1929,1929,Industries agro-alimentaires
grawitz-a,Grawitz,Auguste Grawitz,1,1,1,administrateur,1929,1929,Industries agro-alimentaires
et-georges-zafiropulo,et Georges Zafiropulo,et Georges Zafiropulo,1,1,1,administrateur,1929,1929,Industries agro-alimentaires
au-decembre-b,au décembre,Bilan au décembre,1,1,1,administrateur,1913,1913,Mines
publicite-noirclerc,publicité Noirclerc,publicité Noirclerc,1,1,1,president,1938,1938,Mines
toulon-bolzard-de-guise,Toulon. BOlZARD DE GUISE,Toulon. BOlZARD DE GUISE,1,1,1,administrateur,1939,1939,Mines
rue-de-monplaisir-g,rue de Monplaisir,Grande rue de Monplaisir,1,1,1,administrateur,1939,1939,Mines
travaux,TRAVAUX,TRAVAUX,1,1,1,administrateur,1939,1939,Mines
traitement,TRAITEMENT,TRAITEMENT,1,1,1,administrateur,1939,1939,Mines
a-ciel-ouvert-de-graphite-e,à ciel ouvert de graphite,Exploitations à ciel ouvert de graphite,1,1,1,administrateur,1939,1939,Mines
minerais-divers-traitement,minerais divers. Traitement,minerais divers. Traitement,1,1,1,administrateur,1939,1939,Mines
calcination-force-motrice-hydro-electrique-chemin-,calcination. Force motrice hydro-électrique. Chemin de fer,calcination. Force motrice hydro-électrique. Chemin de fer,1,1,1,administrateur,1939,1939,Mines
tamatave-nature-des-produits-graphite-g,Tamatave. NATURE DES PRODUITS Graphite,Gare Tamatave. NATURE DES PRODUITS Graphite,1,1,1,administrateur,1939,1939,Mines
devaux-l,Devaux,Lucien Devaux,1,1,1,administrateur,1925,1925,Industries agro-alimentaires
dubosc-g,Dubosc,Georges Dubosc,1,1,1,administrateur,1925,1925,Industries agro-alimentaires
et-pierre-vincent,et Pierre Vincent,et Pierre Vincent,1,1,1,administrateur,1925,1925,Industries agro-alimentaires
a-j,A,J. S. S. F. P. A,1,1,1,administrateur,1925,1925,Industries agro-alimentaires
et-raoul-fournes,et Raoul Fournès,et Raoul Fournès,1,1,1,administrateur,1924,1924,Industries agro-alimentaires
acieries-du-chili,aciéries du Chili,aciéries du Chili,1,1,1,administrateur,1922,1922,Mines
lazard,Lazard,Lazard,1,1,1,administrateur,1923,1923,Mines
forges,Forges,Forges,1,1,1,administrateur,1923,1923,Mines
delattre-g,Delattre,Georges Delattre,1,1,1,administrateur,1922,1922,Commerce
edan-a,Edan,Albert Edan,1,1,1,administrateur,1922,1922,Commerce
levi-h,Lévi,Henri Lévi,1,1,1,administrateur,1922,1922,Commerce
mourot-p,Mourot,Pierre Mourot,1,1,1,administrateur,1922,1922,Commerce
faquin-f,Faquin,Fernand Faquin,1,1,1,administrateur,1922,1922,Commerce
rey-j,Rey,Jules-Marcel Rey,1,1,1,administrateur,1922,1922,Commerce
et-samuel-stephany,et Samuel Stephany,et Samuel Stephany,1,1,1,administrateur,1922,1922,Commerce
girod-j,Girod,J. Girod,1,1,1,president,1930,1930,Commerce
krafft-f,Krafft,François Krafft,1,1,1,administrateur,1930,1930,Commerce
durand-huardel-l,Durand-Huardel,L. Durand-Huardel,1,1,1,administrateur,1930,1930,Commerce
lancrenon-p,Lancrenon,Paul Lancrenon,1,1,1,administrateur,,,Mines
chr-thams,Chr. Thams,Chr. Thams,1,1,1,administrateur,1929,1929,
de-bernonville-p,de Bernonville,Pierre de Bernonville,1,1,1,administrateur,1929,1929,
jaloustre-g,Jaloustre. 6,Georges Jaloustre. 6,1,1,1,administrateur,1929,1929,
thams-c,Thams,Ch. Thams,1,1,1,administrateur,1931,1931,
jaloustre-statuts-jo-somalis-g,Jaloustre (Statuts J.O. Somalis,Georges Jaloustre (Statuts J.O. Somalis,1,1,1,administrateur,1931,1931,
fecule,Fécule,Fécule,2,0,4,gerant,1937,1937,Documents généraux (par ordre chronologique)
selon-doc-af,selon Doc af,selon Doc af,4,0,4,gerant,1956,1963,Documents généraux (par ordre chronologique)
mc-cann-j,Mc Cann,John Mc Cann,3,0,3,directeur_general,1903,1925,Documents généraux (par ordre chronologique); Mines
pector-d,Pector,Désiré Pector,2,0,3,directeur_general,1903,1926,Documents généraux (par ordre chronologique); Mines
bonnefon-l,Bonnefon,L. E. Bonnefon,1,0,3,directeur,1922,1926,Documents généraux; Documents généraux (par ordre chronologique)
boell-l,Boell,L. Boell,1,0,3,commissaire_aux_comptes,1940,1948,Commerce
bruey-g,Bruey,G. Bruey,1,0,2,directeur,1921,1922,Commerce; Documents généraux (par ordre chronologique)
delahalle-m,Delahalle,Maurice Delahalle,1,0,2,gerant,1937,1956,Documents généraux (par ordre chronologique)
l-s,L,S. A. R. L,2,0,2,gerant,1937,1937,Documents généraux (par ordre chronologique)
riz,Riz,Riz,2,0,2,gerant,1937,1963,Documents généraux (par ordre chronologique)
sucriere-de-nossi-be-amode-khan,sucrière de Nossi-Bé. Amode Khan,sucrière de Nossi-Bé. Amode Khan,1,0,2,gerant,1937,1937,Documents généraux (par ordre chronologique)
tamatave-etabl-payet-freres,Tamatave. Établ. Payet frères,Tamatave. Établ. Payet frères,1,0,2,gerant,1937,1937,Documents généraux (par ordre chronologique)
miandrivazo,Miandrivazo,Miandrivazo,2,0,2,gerant,1937,1963,Documents généraux (par ordre chronologique)
dannet-p,Dannet,Paul Dannet,2,0,2,directeur,1956,1956,Documents généraux (par ordre chronologique)
laprade-l,Laprade,Louis Laprade,2,0,2,gerant,1956,1956,Documents généraux (par ordre chronologique)
et-michel-cornebise,et Michel Cornebise,et Michel Cornebise,2,0,2,gerant,1950,1973,Documents généraux (par ordre chronologique); Mines
arnoux-j,Arnoux,Jean Arnoux,1,0,2,directeur_general,1950,1973,Documents généraux (par ordre chronologique); Industries agro-alimentaires
coste,Coste,Coste,1,0,2,directeur,1925,1925,Documents généraux (par ordre chronologique); Mines
cotte-or-en-poudre,Cotte. Or en poudre,Cotte. Or en poudre,1,0,2,directeur,1938,1938,Documents généraux (par ordre chronologique); Mines
proprietaires-de-actions-mm-a-artaud,propriétaires de actions. MM. A. Artaud,propriétaires de actions. MM. A. Artaud,1,0,2,gerant,1927,1933,Commerce
proprietaires-de-actions-mm-l-estrine,propriétaires de actions. MM. L. Estrine,propriétaires de actions. MM. L. Estrine,1,0,2,gerant,1929,1931,Commerce
berger-j,BERGER,Jacques BERGER,1,0,1,gerant,1952,1952,Commerce
poinsard-s,Poinsard,Sté Poinsard,1,0,1,gerant,1952,1952,Commerce
veyret-associe-ste-poinsard,Veyret. Associé: Sté Poinsard,Veyret. Associé: Sté Poinsard,1,0,1,gerant,1952,1952,Commerce
de-poinsard,6 % de Poinsard,6 % de Poinsard,1,0,1,gerant,1952,1952,Commerce
veyret-repr-hennessy,Veyret. Repr. Hennessy,Veyret. Repr. Hennessy,1,0,1,gerant,1952,1952,Commerce
mors,Mors,Mors,1,0,1,gerant,1952,1952,Commerce
facom,FACOM,FACOM,1,0,1,gerant,1952,1952,Commerce
far,FAR,FAR,1,0,1,gerant,1952,1952,Commerce
batteries-steco,batteries STECO,batteries STECO,1,0,1,gerant,1952,1952,Commerce
origo-c,Origo,Crics Origo,1,0,1,gerant,1952,1952,Commerce
goodyear-agences-yaounde,Goodyear. Agences Yaoundé,Goodyear. Agences Yaoundé,1,0,1,gerant,1952,1952,Commerce
n-kongsamba,N'Kongsamba,N'Kongsamba,1,0,1,gerant,1952,1952,Commerce
garoua,Garoua,Garoua,1,0,1,gerant,1952,1952,Commerce
dubail-fils-a-porrentruy-l,Dubail fils à Porrentruy,Louis Dubail fils à Porrentruy,1,0,1,directeur,1926,1926,Documents généraux
gantier-m,Gantier,Melchior Gantier,1,0,1,secretaire,1926,1926,Documents généraux (par ordre chronologique)
thevenin-l,Thévenin,Louis Thévenin,1,0,1,directeur,1937,1937,Documents généraux (par ordre chronologique)
lallier-du-coudray-a,Lallier du Coudray,A. Lallier du Coudray,1,0,1,directeur,1937,1937,Documents généraux (par ordre chronologique)
administrateurs-m-jean-brochard,administrateurs. M. Jean Brochard,administrateurs. M. Jean Brochard,1,0,1,directeur,1937,1937,Documents généraux (par ordre chronologique)
alain-c,Alain,Célestin Alain,1,0,1,gerant,1937,1937,Documents généraux (par ordre chronologique)
combeau-e,Combeau,Combeau,1,0,1,directeur,1937,1937,Documents généraux (par ordre chronologique)
mignet-m,Mignet,Maurice Mignet,1,0,1,directeur,1937,1937,Documents généraux (par ordre chronologique)
eynard-c,Eynard,Eynard,1,0,1,secretaire,1937,1937,Documents généraux (par ordre chronologique)
toulorge-tortel-e,Toulorge). Tortel,Émile Toulorge). Tortel,1,0,1,gerant,1937,1937,Documents généraux (par ordre chronologique)
produits-chimiques-a-verpillot,produits chimiques. A. Verpillot,produits chimiques. A. Verpillot,1,0,1,gerant,1937,1937,Documents généraux (par ordre chronologique)
transit,Transit,Transit,1,0,1,gerant,1937,1937,Documents généraux (par ordre chronologique)
commission-planches,commission. Planches,commission. Planches,1,0,1,gerant,1937,1937,Documents généraux (par ordre chronologique)
farines-d-australie,farines d'Australie,farines d'Australie,1,0,1,gerant,1937,1937,Documents généraux (par ordre chronologique)
mayer-charles-martin-p,Mayer. Charles Martin,Percy Mayer. Charles Martin,1,0,1,gerant,1937,1937,Documents généraux (par ordre chronologique)
a-vapeur-d,à vapeur,Distillerie à vapeur,1,0,1,gerant,1937,1937,Documents généraux (par ordre chronologique)
decortiquerie,Décortiquerie,Décortiquerie,1,0,1,gerant,1937,1937,Documents généraux (par ordre chronologique)
minoterie-e-micouin,minoterie. E. Micouin,minoterie. E. Micouin,1,0,1,gerant,1937,1937,Documents généraux (par ordre chronologique)
pochard-e,Pochard,E. Pochard,1,0,1,gerant,1937,1937,Documents généraux (par ordre chronologique)
rizerie,Rizerie,Rizerie,1,0,1,gerant,1937,1937,Documents généraux (par ordre chronologique)
fecules-a-normand,fécules. A. Normand,fécules. A. Normand,1,0,1,gerant,1937,1937,Documents généraux (par ordre chronologique)
confolent,Confolent,Confolent,1,0,1,gerant,1937,1937,Documents généraux (par ordre chronologique)
hell-ville,Hell-Ville,Hell-Ville,1,0,1,gerant,1937,1937,Documents généraux (par ordre chronologique)
mines-vouillaume,Mines. Vouillaume,Mines. Vouillaume,1,0,1,gerant,1937,1937,Documents généraux (par ordre chronologique)
tamatave-electricite,Tamatave: « Électricité,Tamatave: « Électricité,1,0,1,gerant,1937,1937,Documents généraux (par ordre chronologique)
eaux-de-madagascar,eaux de Madagascar »,eaux de Madagascar »,1,0,1,gerant,1937,1937,Documents généraux (par ordre chronologique)
concessionnaire-fianarantsoa-electricite,concessionnaire. Fianarantsoa: « Électricité,concessionnaire. Fianarantsoa: « Électricité,1,0,1,gerant,1937,1937,Documents généraux (par ordre chronologique)
octobre-majunga-electricite,octobre). Majunga: « Électricité,octobre). Majunga: « Électricité,1,0,1,gerant,1937,1937,Documents généraux (par ordre chronologique)
eaux-de-madagascar-antsirabe-electricite,eaux de Madagascar. Antsirabé: « Electricité,eaux de Madagascar. Antsirabé: « Electricité,1,0,1,gerant,1937,1937,Documents généraux (par ordre chronologique)
maunier-h,Maunier,H. Maunier,1,0,1,gerant,1937,1937,Documents généraux (par ordre chronologique)
negrel-christian-roussel-j,Négrel. Christian Roussel,J. Négrel. Christian Roussel,1,0,1,gerant,1937,1937,Documents généraux (par ordre chronologique)
ambatosoratra,Ambatosoratra,Ambatosoratra,1,0,1,gerant,1937,1937,Documents généraux (par ordre chronologique)
rizerie-j-venot,Rizerie. J. Venot,Rizerie. J. Venot,1,0,1,gerant,1937,1937,Documents généraux (par ordre chronologique)
mananjary-j-h-wilson,Mananjary. J.-H. Wilson,Mananjary. J.-H. Wilson,1,0,1,gerant,1937,1937,Documents généraux (par ordre chronologique)
farine-de-mais,Farine de maïs,Farine de maïs,1,0,1,gerant,1937,1937,Documents généraux (par ordre chronologique)
riz-principales-feculeries,riz. Principales féculeries,riz. Principales féculeries,1,0,1,gerant,1937,1937,Documents généraux (par ordre chronologique)
laroque-freres-r,Laroque frères,Romain. Laroque frères,1,0,1,gerant,1937,1937,Documents généraux (par ordre chronologique)
tapioca-e-pochard,tapioca. E. Pochard,tapioca. E. Pochard,1,0,1,gerant,1937,1937,Documents généraux (par ordre chronologique)
tananarive-g-modrin,Tananarive. G. Modrin,Tananarive. G. Modrin,1,0,1,gerant,1937,1937,Documents généraux (par ordre chronologique)
ambodinifody,Ambodinifody,Ambodinifody,1,0,1,gerant,1937,1937,Documents généraux (par ordre chronologique)
tapioca-j-b-payet,tapioca. J.-B. Payet,tapioca. J.-B. Payet,1,0,1,gerant,1937,1937,Documents généraux (par ordre chronologique)
tapioca,Tapioca,Tapioca,1,0,1,gerant,1937,1937,Documents généraux (par ordre chronologique)
tapioca-j-venot,tapioca. J. Venot,tapioca. J. Venot,1,0,1,gerant,1937,1937,Documents généraux (par ordre chronologique)
farine,Farine,Farine,1,0,1,gerant,1937,1937,Documents généraux (par ordre chronologique)
tamatave-i,Tamatave,Ivondro- Tamatave,1,0,1,gerant,1937,1937,Documents généraux (par ordre chronologique)
voilava-de-lastelle-du-pre,Voilava. De Lastelle du Pré,Voilava. De Lastelle du Pré,1,0,1,gerant,1937,1937,Documents généraux (par ordre chronologique)
tamatave-louis-leroux,Tamatave. Louis Leroux,Tamatave. Louis Leroux,1,0,1,gerant,1937,1937,Documents généraux (par ordre chronologique)
ambila-irohono-golbert-maillot,Ambila-Irohono. Golbert Maillot,Ambila-Irohono. Golbert Maillot,1,0,1,gerant,1937,1937,Documents généraux (par ordre chronologique)
ampasinambo-du-mesnil-d-engente,Ampasinambo. Du Mesnil d'Engente,Ampasinambo. Du Mesnil d'Engente,1,0,1,gerant,1937,1937,Documents généraux (par ordre chronologique)
tamatave-moinard,Tamatave. Moinard,Tamatave. Moinard,1,0,1,gerant,1937,1937,Documents généraux (par ordre chronologique)
diego-suarez-edgar-payet,Diégo-Suarez. Edgar Payet,Diégo-Suarez. Edgar Payet,1,0,1,gerant,1937,1937,Documents généraux (par ordre chronologique)
ambodimolaina,Ambodimolaina,Ambodimolaina,1,0,1,gerant,1937,1937,Documents généraux (par ordre chronologique)
payet-e,Payet,Edgar Payet,1,0,1,gerant,1937,1937,Documents généraux (par ordre chronologique)
ambodizaraina-edouard-payet,Ambodizaraina. Édouard Payet,Ambodizaraina. Édouard Payet,1,0,1,gerant,1937,1937,Documents généraux (par ordre chronologique)
boanamary,Boanamary,Boanamary,1,0,1,gerant,1937,1937,Documents généraux (par ordre chronologique)
frigo-v,frigo,Viande frigo,1,0,1,gerant,1937,1937,Documents généraux (par ordre chronologique)
antongombato,Antongombato,Antongombato,1,0,1,gerant,1937,1937,Documents généraux (par ordre chronologique)
conserves-de-buf-ferre,Conserves de bœuf. Ferré,Conserves de bœuf. Ferré,1,0,1,gerant,1937,1937,Documents généraux (par ordre chronologique)
ambohimanakana,Ambohimanakana,Ambohimanakana,1,0,1,gerant,1937,1937,Documents généraux (par ordre chronologique)
salaisons-de-porc-georger,Salaisons de porc. Georger,Salaisons de porc. Georger,1,0,1,gerant,1937,1937,Documents généraux (par ordre chronologique)
industrie-du-porc-marcel-laborde,Industrie du porc. Marcel Laborde,Industrie du porc. Marcel Laborde,1,0,1,gerant,1937,1937,Documents généraux (par ordre chronologique)
ambohimahasoa,Ambohimahasoa,Ambohimahasoa,1,0,1,gerant,1937,1937,Documents généraux (par ordre chronologique)
conserves-de-porc,Conserves de porc,Conserves de porc,1,0,1,gerant,1937,1937,Documents généraux (par ordre chronologique)
gallois-tabaco-manandaza-a,Gallois. Tabaco Manandaza,Auguste Gallois. Tabaco Manandaza,1,0,1,gerant,1937,1937,Documents généraux (par ordre chronologique)
trunzler-marc-taoutchy,Trunzler. Marc Taoutchy,Trunzler. Marc Taoutchy,1,0,1,gerant,1937,1937,Documents généraux (par ordre chronologique)
mananika,Mananika,Mananika,1,0,1,gerant,1937,1937,Documents généraux (par ordre chronologique)
bazil-g,Bazil,Gaston Bazil,1,0,1,secretaire,1951,1951,Documents généraux
ries-p,Riès,Paul Riès,1,0,1,gerant,1951,1951,Documents généraux
ries-m,Riès,Maurice Riès,1,0,1,gerant,1951,1951,Documents généraux
ries-b,Riès,Bernard Riès,1,0,1,gerant,1951,1951,Documents généraux
hamar-p,Hamar,Patrice Hamar,1,0,1,gerant,1926,1926,Documents généraux
audier-b,Audier,Bruno Audier,1,0,1,gerant,1956,1956,Documents généraux (par ordre chronologique)
freres-b,frères,Barday frères,1,0,1,gerant,1956,1956,Documents généraux (par ordre chronologique)
a-antsirabe-a-fianarantsoa-c,à ANTSIRABÉ à FIANARANTSOA,Charcuterie à ANTSIRABÉ à FIANARANTSOA,1,0,1,gerant,1956,1956,Documents généraux (par ordre chronologique)
dalberto-j,Dalberto,J. Dalberto,1,0,1,gerant,1956,1956,Documents généraux (par ordre chronologique)
piazza-j,Piazza,J. Piazza,1,0,1,directeur,1956,1956,Documents généraux (par ordre chronologique)
girot-j,Girot,Joseph Girot,1,0,1,gerant,1956,1956,Documents généraux (par ordre chronologique)
poulet,Poulet,Poulet,1,0,1,gerant,1956,1956,Documents généraux (par ordre chronologique)
a-saigon-z,à Saïgon,Zeltner à Saïgon,1,0,1,gerant,1956,1956,Documents généraux (par ordre chronologique)
penh-confection-malgache-p,Penh + Confection malgache,Pnom Penh + Confection malgache,1,0,1,gerant,1956,1956,Documents généraux (par ordre chronologique)
eymard-c,Eymard,Eymard,1,0,1,gerant,1956,1956,Documents généraux (par ordre chronologique)
glenn-dir-orientale-af-l,Glenn [dir Orientale af,Lewis Glenn [dir Orientale af,1,0,1,gerant,1956,1956,Documents généraux (par ordre chronologique)
ant-raoult,Ant. Raoult,Ant. Raoult,1,0,1,gerant,1956,1956,Documents généraux (par ordre chronologique)
darcis-g,Darcis,Georges Darcis,1,0,1,gerant,1956,1956,Documents généraux (par ordre chronologique)
hyais-pierre-hyais-j,Hyais [> Pierre Hyais,Jean Hyais [> Pierre Hyais,1,0,1,gerant,1956,1956,Documents généraux (par ordre chronologique)
chatel-r,Chatel,Rémy Chatel,1,0,1,gerant,1956,1956,Documents généraux (par ordre chronologique)
bailliard-m,Bailliard,Michel Bailliard,1,0,1,gerant,1956,1956,Documents généraux (par ordre chronologique)
ramuz-a-madagascar-a,Ramuz à Madagascar,André Ramuz à Madagascar,1,0,1,gerant,1956,1956,Documents généraux (par ordre chronologique)
laprade-a-paris-l,Laprade à Paris,Louis Laprade à Paris,1,0,1,gerant,1956,1956,Documents généraux (par ordre chronologique)
hubert-o,Hubert,Octave Hubert,1,0,1,gerant,1956,1956,Documents généraux (par ordre chronologique)
gallois-comm-a,Gallois [ > Comm,Augustin Gallois [ > Comm,1,0,1,gerant,1956,1956,Documents généraux (par ordre chronologique)
cornebise-b,Cornebise,B. Cornebise,1,0,1,gerant,1956,1956,Documents généraux (par ordre chronologique)
neutre-m,Neutre,Marceau Neutre,1,0,1,directeur_general,1973,1973,Documents généraux (par ordre chronologique)
borsa-c,Borsa,Carlo Borsa,1,0,1,gerant,1973,1973,Documents généraux (par ordre chronologique)
albuchet-l,Albuchet,Louis Albuchet,1,0,1,gerant,1973,1973,Documents généraux (par ordre chronologique)
gallois-a-tabur-a,Gallois. A. Tabur,Auguste Gallois. A. Tabur,1,0,1,gerant,1963,1963,Documents généraux (par ordre chronologique)
carre-d,Carré,D. Carré,1,0,1,gerant,1963,1963,Documents généraux (par ordre chronologique)
million-fr-c-f-a,million fr. C. F. A,million fr. C. F. A,1,0,1,gerant,1963,1963,Documents généraux (par ordre chronologique)
impex-a-antalaha,impex à Antalaha,impex à Antalaha,1,0,1,gerant,1963,1963,Documents généraux (par ordre chronologique)
mananika-charles-j-thibault,Mananika. Charles J. Thibault,Mananika. Charles J. Thibault,1,0,1,gerant,1963,1963,Documents généraux (par ordre chronologique)
manankovana,Manankovana,Manankovana,1,0,1,gerant,1963,1963,Documents généraux (par ordre chronologique)
cafe-thiry,Café. Thiry,Café. Thiry,1,0,1,gerant,1963,1963,Documents généraux (par ordre chronologique)
cafe-j-m-tinayre,Café. J.-M. Tinayre,Café. J.-M. Tinayre,1,0,1,gerant,1963,1963,Documents généraux (par ordre chronologique)
maroantsetra-cafe-trepier,Maroantsetra. Café. Trépier,Maroantsetra. Café. Trépier,1,0,1,gerant,1963,1963,Documents généraux (par ordre chronologique)
manombo,Manombo,Manombo,1,0,1,gerant,1963,1963,Documents généraux (par ordre chronologique)
pois-du-cap,pois du Cap,pois du Cap,1,0,1,gerant,1963,1963,Documents généraux (par ordre chronologique)
manioc-a-valentin,manioc. A. Valentin,manioc. A. Valentin,1,0,1,gerant,1963,1963,Documents généraux (par ordre chronologique)
cafe-vassilacos-vassilis,Café. Vassilacos-Vassilis,Café. Vassilacos-Vassilis,1,0,1,gerant,1963,1963,Documents généraux (par ordre chronologique)
vanille-jules-venot,Vanille. Jules Venot,Vanille. Jules Venot,1,0,1,gerant,1963,1963,Documents généraux (par ordre chronologique)
etc-julien-vergoz,etc. Julien Vergoz,etc. Julien Vergoz,1,0,1,gerant,1963,1963,Documents généraux (par ordre chronologique)
sainte-marie-g,Sainte-Marie,Sainte-Marie,1,0,1,gerant,1963,1963,Documents généraux (par ordre chronologique)
girofle-j-vernet,girofle. J. Vernet,girofle. J. Vernet,1,0,1,gerant,1963,1963,Documents généraux (par ordre chronologique)
ankebo-mananjary,Ankebo-Mananjary,Ankebo-Mananjary,1,0,1,gerant,1963,1963,Documents généraux (par ordre chronologique)
cafe-wickers,Café. Wickers,Café. Wickers,1,0,1,gerant,1963,1963,Documents généraux (par ordre chronologique)
girofle-p-william,girofle P. William,girofle P. William,1,0,1,gerant,1963,1963,Documents généraux (par ordre chronologique)
cafe-p-winter,Café. P. Winter,Café. P. Winter,1,0,1,gerant,1963,1963,Documents généraux (par ordre chronologique)
cafe-zeimar-antalaha,Café. ZeImar. Antalaha,Café. ZeImar. Antalaha,1,0,1,gerant,1963,1963,Documents généraux (par ordre chronologique)
rousseau-l,Rousseau,Lucien Rousseau,1,0,1,commissaire_aux_comptes,1919,1919,Mines
perrot-e,Perrot,Émile Perrot,1,0,1,commissaire_aux_comptes,1919,1919,Mines
sinnamary,Sinnamary,Sinnamary,1,0,1,directeur,1925,1925,Documents généraux (par ordre chronologique)
comptoirs-bordeaux,comptoirs: Bordeaux,comptoirs: Bordeaux,1,0,1,directeur,1925,1925,Documents généraux (par ordre chronologique)
mana,Mana,Mana,1,0,1,directeur,1925,1925,Documents généraux (par ordre chronologique)
regina,Régina,Régina,1,0,1,directeur,1925,1925,Documents généraux (par ordre chronologique)
of-spain-p,of Spain,Port of Spain,1,0,1,directeur,1925,1925,Documents généraux (par ordre chronologique)
georgetown,Georgetown,Georgetown,1,0,1,directeur,1925,1925,Documents généraux (par ordre chronologique)
demerara,Demerara,Demerara,1,0,1,directeur,1925,1925,Documents généraux (par ordre chronologique)
paramaribo,Paramaribo,Paramaribo,1,0,1,directeur,1925,1925,Documents généraux (par ordre chronologique)
caracas,Caracas,Caracas,1,0,1,directeur,1925,1925,Documents généraux (par ordre chronologique)
baranquilla,Baranquilla,Baranquilla,1,0,1,directeur,1925,1925,Documents généraux (par ordre chronologique)
bogota,Bogota,Bogota,1,0,1,directeur,1925,1925,Documents généraux (par ordre chronologique)
amboditavolo,Amboditavolo,Amboditavolo,1,0,1,directeur,1925,1925,Documents généraux (par ordre chronologique)
maraanisetra,Maraanisetra,Maraanisetra,1,0,1,directeur,1925,1925,Documents généraux (par ordre chronologique)
st-denis,St-Denis,St-Denis,1,0,1,directeur,1925,1925,Documents généraux (par ordre chronologique)
shangai,Shangaï,Shangaï,1,0,1,directeur,1925,1925,Documents généraux (par ordre chronologique)
hankow,Hankow,Hankow,1,0,1,directeur,1925,1925,Documents généraux (par ordre chronologique)
importation-des-produits-coloniaux-suivants-riz,importation des produits coloniaux suivants: Riz,importation des produits coloniaux suivants: Riz,1,0,1,directeur,1925,1925,Documents généraux (par ordre chronologique)
poids-du-cap,poids du Cap,poids du Cap,1,0,1,directeur,1925,1925,Documents généraux (par ordre chronologique)
pignons-d-inde,pignons d'Inde,pignons d'Inde,1,0,1,directeur,1925,1925,Documents généraux (par ordre chronologique)
pector-sieges-d-exploitation-tsaratanana-d,Pector. Sièges d'exploitation: Tsaratanana,Désiré Pector. Sièges d'exploitation: Tsaratanana,1,0,1,directeur_general,1925,1925,Documents généraux (par ordre chronologique)
ouest-de-madagascar-c,Ouest de Madagascar,Côte Ouest de Madagascar,1,0,1,directeur_general,1925,1925,Documents généraux (par ordre chronologique)
mozambique,Mozambique,Mozambique,1,0,1,directeur_general,1925,1925,Documents généraux (par ordre chronologique)
est-de-madagascar-c,Est de Madagascar,Côte Est de Madagascar,1,0,1,directeur_general,1925,1925,Documents généraux (par ordre chronologique)
ile-m,île,Maurice île,1,0,1,directeur_general,1925,1925,Documents généraux (par ordre chronologique)
roubaud-rizeries-p,Roubaud. Rizeries,P. Roubaud. Rizeries,1,0,1,directeur,1938,1938,Documents généraux (par ordre chronologique)
pike-h,Pike,H. Pike,1,0,1,secretaire,1938,1938,Documents généraux (par ordre chronologique)
pector-sieges-d-exploitation-tsaratanana-or-d,Pector. Sièges d'exploitation: Tsaratanana. Or,D. Pector. Sièges d'exploitation: Tsaratanana. Or,1,0,1,directeur,1938,1938,Documents généraux (par ordre chronologique)
dubuisson-f,Dubuisson,Fernand Dubuisson,1,0,1,commissaire_aux_comptes,1898,1898,Banques et groupes financiers
tonnelier-g,Tonnelier,G. Tonnelier,1,0,1,commissaire_aux_comptes,1898,1898,Banques et groupes financiers
henrion,Henrion,Henrion,1,0,1,commissaire_aux_comptes,1933,1933,Sociétés
besson-h,Besson,H. Besson,1,0,1,commissaire_aux_comptes,1933,1933,Sociétés
guerard,Guérard,Guérard,1,0,1,commissaire_aux_comptes,1901,1901,"Transports fluviaux, maritimes et aériens"
neuthon-elie-alberic-neton-a,Neuthon. Élie Albéric Neton,A. Neuthon. Élie Albéric Neton,1,0,1,gerant,1933,1933,Commerce
thielland-j,Thielland,J. Thielland,1,0,1,commissaire_aux_comptes,1953,1953,Sociétés
fevela,Févela,Févela,1,0,1,commissaire_aux_comptes,1900,1900,Commerce
dalery,Daléry,Daléry,1,0,1,commissaire_aux_comptes,1900,1900,Commerce
principalement-au-transvaal,principalement au Transvaal,principalement au Transvaal,1,0,1,commissaire_aux_comptes,1900,1900,Commerce
brandao-a,Brandão,A. Brandão,1,0,1,directeur,1953,1953,
bougenaux,Bougenaux,Bougenaux,1,0,1,commissaire_aux_comptes,1899,1899,Mines
martini,Martini,Martini,1,0,1,commissaire_aux_comptes,1927,1927,Commerce
et-m-esteve,et M. Estève,et M. Estève,1,0,1,commissaire_aux_comptes,1927,1927,Commerce
mention-j-favre,mention: J. FAVRE,mention: J. FAVRE,1,0,1,commissaire_aux_comptes,1927,1927,Commerce
de-keyser-h,de Keyser,Henri de Keyser,1,0,1,commissaire_aux_comptes,1900,1900,Industries agro-alimentaires
mussely-j,Mussely,Jules Mussely,1,0,1,commissaire_aux_comptes,1914,1914,Industries agro-alimentaires
d-udekem-d-acoz-a,d'Udekem d'Acoz,Arnold d'Udekem d'Acoz,1,0,1,commissaire_aux_comptes,1914,1914,Industries agro-alimentaires
de-coen-v,de Coen,Victor de Coen,1,0,1,commissaire_aux_comptes,1914,1914,Industries agro-alimentaires
ed-aubert,Ed. Aubert,Ed. Aubert,1,0,1,commissaire_aux_comptes,1899,1899,Sociétés
pottier,Pottier,Pottier,1,0,1,commissaire_aux_comptes,1909,1909,Industries agro-alimentaires
jehan-j,Jehan,Jehan,1,0,1,commissaire_aux_comptes,1909,1909,Industries agro-alimentaires
p-e,P,E. C. P,1,0,1,commissaire_aux_comptes,1909,1909,Industries agro-alimentaires
no-suppleant-m-jezequel,no 39. Suppléant: M. Jezéquel,no 39. Suppléant: M. Jezéquel,1,0,1,commissaire_aux_comptes,1909,1909,Industries agro-alimentaires
eugene,Eugène,Eugène,1,0,1,commissaire_aux_comptes,1909,1909,Industries agro-alimentaires
no-statuts-deposes-chez-me-moyne,no 7. Statuts déposés chez Me Moyne,no 7. Statuts déposés chez Me Moyne,1,0,1,commissaire_aux_comptes,1909,1909,Industries agro-alimentaires
potier-service-financier-bnci-j,Potier. Service financier: B.N.C.I,J. Potier. Service financier: B.N.C.I,1,0,1,commissaire_aux_comptes,1953,1953,Industries agro-alimentaires
f-a-andoy,F.- A. Andoy,F.- A. Andoy,1,0,1,directeur,1902,1902,Banques et groupes financiers
watteville,Watteville,Watteville,1,0,1,commissaire_aux_comptes,1899,1899,Mines
guffroy-m,Guffroy,Maurice Guffroy,1,0,1,commissaire_aux_comptes,1899,1899,Mines
