person_id,name_clean,chambers,both_chambers,constituencies,n_constituencies,also_minister,first_year,last_year,tenure_years,n_snapshots,snapshots,key_ambiguous,in_network,n_companies,n_proxy_firms,territories,n_territories,evidence
a-abelin-pierre,A ABELIN Pierre,Chamber of Deputies,0,Vienne,1,0,,,,0,,0,0,0,0,,0,mention
a-armengaud-andre,A ARMENGAUD André,Senate,0,,0,0,,,,0,,0,0,0,0,,0,mention
a-de-montebello,A de Montebello,Chamber of Deputies,0,,0,0,,,,0,,0,0,0,0,,0,mention
a-monsieur-ernest-outrey,À Monsieur Ernest Outrey,Chamber of Deputies,0,Cochinchine,1,0,,,,0,,0,0,0,0,,0,mention
a-monsieur-le-herisse,À Monsieur Le Hérissé,Chamber of Deputies,0,,0,0,,,,0,,0,0,0,0,,0,mention
abel,Abel,Chamber of Deputies,0,Toulon,1,1,,,,0,,1,0,0,0,,0,mention
abel-b,Bernard Abel,Chamber of Deputies,0,,0,0,,,,0,,0,1,1,0,Guinée Conakry,1,mention
abelin-p,Pierre Abelin,Chamber of Deputies,0,Vienne,1,0,,,,1,1954,0,1,1,0,Empire (transversal),1,roster
abli-f,Frédéric Abli,Chamber of Deputies,0,Grand-Bassam,1,0,,,,0,,0,0,0,0,,0,mention
accambray-l,Léon Accambray,Chamber of Deputies,0,Aisne,1,0,1914,1932,18,3,1924; 1930; 1932,0,1,2,0,Afrique occidentale française,1,mention; roster
aclocque-p,Paul Aclocque,Chamber of Deputies,0,,0,0,1871,1877,6,0,,0,0,0,0,,0,mention
ad-pedebidou,Ad. Pédebidou,Senate,0,Hautes-Pyrénées,1,0,,,,0,,0,0,0,0,,0,mention
adam,Adam,Chamber of Deputies,0,,0,0,,,,0,,1,1,5,0,Afrique occidentale française; Chine; Côte d'Ivoire; Empire (transversal),4,mention
adam-a,Achille Adam,Chamber of Deputies,0,Pas-de-Calais,1,0,1889,1906,17,0,,0,1,6,0,Afrique occidentale française; Afrique équatoriale française; Brésil; Madagascar; Maroc,5,mention
adam-e,Edmond Adam,Chamber of Deputies,0,,0,0,,,,0,,0,0,0,0,,0,mention
additions-d,Dernières Additions,Chamber of Deputies,0,Seine-Inférieure,1,0,,,,1,1932,0,0,0,0,,0,roster
adenis-g,Gabriel ADENIS,Chamber of Deputies,0,Creuse,1,0,,,,1,1930,0,0,0,0,,0,mention; roster
aine-d-olivier-f,Frère aîné d'Olivier,Chamber of Deputies,0,,0,0,1863,1869,6,0,,0,0,0,0,,0,mention
ajam,Ajam,Chamber of Deputies,0,Sarthe,1,0,,,,0,,1,1,1,0,Abyssinie ou Ethiopie,1,mention
ajam-m,Maurice Ajam,Chamber of Deputies,0,La; Sarthe,2,0,,,,1,1924,0,0,0,0,,0,mention; roster
albert-christophle,[Albert] Christophle,Chamber of Deputies,0,Orne,1,0,1871,1902,31,0,,0,0,0,0,,0,mention
albert-hauet,[Albert] Hauet,Chamber of Deputies,0,Aisne,1,0,,,,0,,0,0,0,0,,0,mention
albert-sorel-j,Jean Albert-Sorel,Chamber of Deputies,0,Indépendants,1,0,1958,1962,4,0,,0,0,0,0,,0,mention
albertin,Albertin,Chamber of Deputies,0,,0,0,,,,0,,1,0,0,0,,0,mention
alberto-ferreira-pinto-c,Carlos Alberto Ferreira Pinto,Chamber of Deputies,0,,0,0,,,,0,,0,0,0,0,,0,mention
allegre,Allègre,Senate,0,Martinique,1,0,,,,0,,1,1,3,0,Afrique occidentale française; Madagascar; Syrie-Liban,3,mention
allemane,Allemane,Chamber of Deputies,0,,0,0,,,,0,,1,0,0,0,,0,mention
altorffer-c,Charles ALTORFFER,Chamber of Deputies,0,Bas-Rhin,1,0,,,,1,1930,0,0,0,0,,0,mention; roster
alype-p,Pierre Alype,Chamber of Deputies,0,Inde; Indes,2,0,,,,0,,0,0,0,0,,0,mention
amaury-de-la-grange,Amaury de la Grange,Senate,0,Nord,1,0,1930,1930,0,0,,0,1,2,0,Algérie; Empire (transversal),2,mention
amedee-descubes,[Amédée] Descubes,Chamber of Deputies,0,,0,0,,,,0,,0,0,0,0,,0,mention
amic-j,Jean Amic,Senate,0,Alpes-Maritimes,1,0,,,,1,1924,0,1,2,0,Empire (transversal); Maroc,2,roster
amidieu-du-clos-p,Pierre Amidieu du Clos,Chamber of Deputies,0,Meurthe-et-Moselle,1,0,1928,1936,8,3,1930; 1932; 1936,0,1,3,0,Afrique occidentale française; Algérie,2,roster
amilhau-p,Paul Amilhau,Chamber of Deputies; Senate,1,,0,0,1871,1879,8,0,,0,0,0,0,,0,mention
amodru-e,Ernest AMODRU,Chamber of Deputies,0,Seine-et-Oise,1,0,,,,1,1930,0,0,0,0,,0,mention; roster
ancel-g,Georges ANCEL,Chamber of Deputies,0,Seine-Inférieure,1,0,1912,1928,16,2,1924; 1930,0,1,4,0,Algérie; Empire (transversal); Indochine,3,mention; roster
andigne-g,Geoffroy Andigne,Chamber of Deputies,0,Maine-et-Loire,1,0,,,,1,1932,0,0,0,0,,0,roster
andigne-geoffroy,ANDIGNE Geoffroy,Chamber of Deputies,0,Maine-et-Loire,1,0,,,,0,,0,0,0,0,,0,mention
andre-a-antonin,Alfred André,Chamber of Deputies,0,Seine,1,0,1871,1876,5,0,,0,1,1,0,Madagascar,1,mention
andre-d,David André,Chamber of Deputies,0,Toulouse,1,0,,,,0,,0,0,0,0,,0,mention
andre-hesse-o,Olry André-Hesse,Chamber of Deputies,0,Charente-Inférieure,1,1,1910,1936,26,3,1930; 1932; 1936,0,0,0,2,,0,mention; roster
andre-j-breton,André-J Breton,Chamber of Deputies,0,Cher,1,0,,,,1,1936,0,0,0,0,,0,roster
andre-m-michel,Max ANDRÉ,Senate,0,,0,0,,,,0,,0,1,2,0,Afrique équatoriale française; Sénégal,2,mention
andre-p-pierre,Pierre André,Chamber of Deputies,0,Meurthe-et-Moselle,1,0,,,,1,1954,0,1,1,0,Afrique équatoriale française,1,roster
andrieu-e,Édouard Andrieu,Senate,0,Tarn,1,0,,,,2,1930; 1932,0,1,1,0,Maroc,1,roster
andrieux-j,Andrieux,Chamber of Deputies,0,,0,0,,,,0,,1,1,7,0,Afrique occidentale française; Empire (transversal); Maroc,3,mention
andrieux-l,Louis Andrieux,Chamber of Deputies,0,Basses-Alpes,1,0,,,,1,1924,0,0,0,0,,0,roster
angoulvant,Angoulvant,Chamber of Deputies,0,Inde,1,0,,,,0,,1,1,8,0,Afrique occidentale française; Côte d'Ivoire; Indochine,3,mention
angoulvant-g-georges,Gabriel ANGOULVANT,Chamber of Deputies,0,Etablissements; Inde,2,0,,,,1,1930,0,1,7,0,Afrique occidentale française; Indochine; Madagascar; Syrie-Liban,4,mention; roster
anquetil-p,Paul Anquetil,Chamber of Deputies,0,Seine-Inférieure,1,0,1919,1932,13,3,1924; 1930; 1932,0,1,2,0,Empire (transversal); Indochine,2,roster
anteriou-l,Louis ANTERIOU,Chamber of Deputies,0,Ardèche; Ardéche,2,0,1919,1931,12,2,1930; 1932,0,0,0,0,,0,mention; roster
anthonioz-m,Marcel ANTHONIOZ,Chamber of Deputies,0,Ain,1,0,,,,1,1954,0,0,0,0,,0,mention; roster
antoine-abel-gabriel-prevot-dit-ellen-prevot,"Antoine, Abel, Gabriel Prévot dit Ellen-Prévot",Chamber of Deputies,0,SFIO,1,0,1910,1919,9,0,,0,0,0,0,,0,mention
antoine-colonna,[Antoine] Colonna,Senate,0,R.G.R,1,0,,,,0,,0,0,0,0,,0,mention
antonelli,Antonelli,Chamber of Deputies,0,Haute-Savoie,1,0,,,,0,,1,0,0,0,,0,mention
antonelli-e,Étienne Antonelli,Chamber of Deputies,0,Haute-Savoie,1,0,,,,0,,0,0,0,0,,0,mention
antonetti-e,Étienne Antonetti,Chamber of Deputies,0,Haute-Savoie,1,0,,,,0,,0,0,0,0,,0,mention
appell-p,Pierre Appell,Chamber of Deputies,0,Manche,1,0,1928,1936,8,3,1930; 1932; 1936,0,1,2,0,Empire (transversal); Maroc,2,roster
arago-f,François Arago,Chamber of Deputies,0,Alpes-Maritimes,1,0,,,,1,1924,0,0,0,0,,0,roster
aramon-b,Bertrand Aramon,Chamber of Deputies,0,Seine,1,0,1910,1942,32,3,1930; 1932; 1936,0,1,2,0,Afrique occidentale française; Empire (transversal),2,roster
arbel-l,Lucien Arbel,Senate,0,,0,0,,,,0,,0,1,3,0,Empire (transversal),1,mention
arbouin-g,Gaston Arbouin,Chamber of Deputies,0,,0,0,,,,0,,0,0,0,0,,0,mention
archer-j,Joseph Archer,Chamber of Deputies,0,Puy-de-Dôme,1,0,1935,1939,4,1,1936,0,0,0,0,,0,roster
archimbaud,Archimbaud,Chamber of Deputies,0,,0,0,,,,0,,1,0,0,0,,0,mention
archimbaud-l,Léon Archimbaud,Chamber of Deputies,0,Drôme,1,1,1919,1942,23,3,1930; 1932; 1936,0,0,0,0,,0,mention; roster
armengaud-a,André Armengaud,Senate,0,,0,0,,,,1,1954,0,0,0,0,,0,roster
arnaudeau,Arnaudeau,Senate,0,,0,0,,,,0,,1,0,0,0,,0,mention
arrivee-de-jean-de-beaumont,Arrivée de Jean de Beaumont,Chamber of Deputies,0,,0,0,,,,0,,0,0,0,0,,0,mention
artaud-a-andre,Adrien Artaud,Chamber of Deputies,0,Bouches-du-Rhône; Marseille,2,0,1919,1924,5,1,1924,0,1,8,0,Afrique occidentale française; Afrique équatoriale française; Cameroun; Empire (transversal); Indochine; La Réunion,6,mention; roster
astier,Astier,Chamber of Deputies,0,Ardèche,1,1,,,,0,,1,0,0,0,,0,mention
astier-e,Emmanuel Astier,Chamber of Deputies,0,Ille-el-Vilaine,1,0,,,,1,1954,0,0,0,0,,0,roster
auber,Auber,Senate,0,Réunion,1,0,,,,1,1924,1,0,0,0,,0,mention; roster
auber-j-joseph,Jules AUBER,Senate,0,Réunion,1,0,,,,1,1930,0,1,1,0,Madagascar,1,mention; roster
aubert-l,Louis Aubert,Chamber of Deputies,0,Vendée,1,0,1932,1942,10,1,1936,0,1,8,0,Afrique équatoriale française; Algérie; Empire (transversal); Maroc; Tunisie,5,roster
aubriot-p,Paul AUBRIOT,Chamber of Deputies,0,Seine,1,0,,,,1,1930,0,0,0,0,,0,mention; roster
aubrun-j,Jules Aubrun,Chamber of Deputies,0,Seine,1,0,1951,1955,4,0,,0,1,4,0,Afrique équatoriale française; Chine; Indochine; Maroc,4,mention
aubry,Aubry,Senate,0,,0,0,,,,0,,1,1,4,0,Afrique occidentale française; Algérie; Madagascar; Maroc,4,mention
audiffred,Audiffred,Chamber of Deputies,0,,0,0,,,,0,,1,0,0,0,,0,mention
audinot-a,André Audinot,Chamber of Deputies,0,Somme,1,0,,,,0,,0,0,0,0,,0,mention
augagneur,Augagneur,Chamber of Deputies,0,,0,0,,,,0,,1,0,0,0,,0,mention
augagneur-v,Victor Augagneur,Chamber of Deputies,0,Rhône,1,1,,,,0,,0,0,0,0,,0,mention
auge-f,Fernand Augé,Chamber of Deputies,0,Seine-et-Marne,1,0,1924,1936,12,3,1930; 1932; 1936,0,0,0,0,,0,roster
aumeran,Aumeran,Chamber of Deputies,0,Algérie,1,0,,,,0,,1,0,0,0,,0,mention
aumeran-a,Adolphe Aumeran,Chamber of Deputies,0,Alger,1,0,1929,1929,0,1,1954,0,1,4,0,Algérie; Empire (transversal),2,roster
auriol-h,Henri AURIOL,Chamber of Deputies,0,Haute-Garonne,1,0,,,,0,,0,0,0,0,,0,mention
ayme-de-la-chevreliere-c,Charles Aymé de la Chevrelière,Chamber of Deputies,0,Deux,1,0,1898,1902,4,0,,0,0,0,0,,0,mention
aynard,Aynard,Chamber of Deputies,0,Rhône,1,0,,,,0,,1,0,0,0,,0,mention
babaud-lacroze-l,Léonide Babaud-Lacroze,Chamber of Deputies,0,,0,0,,,,0,,0,0,0,0,,0,mention
babet-r,Raphaël Babet,Chamber of Deputies,0,Réunion,1,0,,,,1,1954,0,0,0,0,,0,roster
babin-chevaye-j,Jean Babin Chevaye,Chamber of Deputies; Senate,1,Loire-Atlantique; Loire-Inférieure,2,0,1920,1936,16,4,1924; 1930; 1932; 1936,0,1,10,0,Afrique équatoriale française; Algérie; Cameroun; Indochine; Madagascar,5,mention; roster
bacquet-p,Paul Bacquet,Chamber of Deputies,0,Pas-de-Calais,1,0,1932,1940,8,1,1936,0,0,0,0,,0,roster
ballande,Ballande,Chamber of Deputies,0,Gironde,1,0,,,,0,,1,1,3,0,Empire (transversal); Nouvelle-Calédonie (Mélanésie); Tahiti (Polynésie),3,mention
ballande-a,André Ballande,Chamber of Deputies,0,Bordeaux; Gironde,2,0,1902,1924,22,1,1924,0,1,11,0,Afrique occidentale française; Empire (transversal); Indochine; Nouvelle-Calédonie (Mélanésie); Tahiti (Polynésie),5,mention; roster
balliste-p,Paul BALLISTE,Senate,0,,0,0,,,,0,,0,0,0,0,,0,mention
bardi-de-fourtou-o,Oscar Bardi de Fourtou,Chamber of Deputies,0,,0,1,,,,0,,0,0,0,0,,0,mention
bardoux-j,Jacques-Achille Bardoux,Chamber of Deputies; Senate,1,Puy-de-Dôme,1,0,1938,1955,17,1,1954,0,1,14,0,Afrique occidentale française; Algérie; Empire (transversal); Indochine; Maroc,5,mention; roster
bares-c,Charles Barès,Chamber of Deputies,0,Haute-Garonne,1,0,,,,1,1924,0,0,0,0,,0,mention; roster
barety,Barety,Chamber of Deputies,0,,0,1,,,,0,,1,0,0,0,,0,mention
barety-l,Léon Baréty,Chamber of Deputies,0,Alpes-Maritimes; Bouches-du-Rhône,2,0,1919,1942,23,4,1924; 1930; 1932; 1936,0,1,8,0,Afrique occidentale française; Algérie; Empire (transversal),3,mention; roster
bariac-a,Adrien Bariac,Chamber of Deputies,0,Orne,1,0,,,,1,1924,0,0,0,0,,0,roster
baron-c,Charles Baron,Chamber of Deputies,0,Basses-Alpes,1,0,,,,1,1924,0,1,1,0,Syrie-Liban,1,mention; roster
baron-g,Gabriel Baron,Chamber of Deputies,0,Bouches-du-Rhône,1,0,,,,0,,0,0,0,0,,0,mention
barres-m,Maurice Barrès,Chamber of Deputies,0,Paris,1,0,,,,0,,0,0,0,0,,0,mention
barres-p,Philippe Barrés,Chamber of Deputies,0,Meurthe-etMoselle,1,0,,,,1,1954,0,1,1,0,Afrique occidentale française,1,roster
barrot-f-ferdinand,Ferdinand Barrot,Senate,0,,0,1,1860,1863,3,0,,0,1,2,0,Algérie,1,mention
barthe,Barthe,Chamber of Deputies,0,Hérault,1,0,,,,0,,1,1,1,0,Guyane française,1,mention
barthe-e,Édouard Barthe,Chamber of Deputies,0,Hérault,1,0,1910,1942,32,3,1930; 1932; 1936,0,1,1,0,Tunisie,1,mention; roster
barthelemy,Barthélémy,Chamber of Deputies,0,,0,0,,,,0,,1,1,4,0,Cameroun; Djibouti; Empire (transversal); Maroc,4,mention
barthelemy-g,Georges Barthélemy,Chamber of Deputies,0,Pas-de-Calais,1,0,,,,1,1924,0,0,0,0,,0,mention; roster
bartholoni,Bartholoni,Chamber of Deputies,0,Haute-Savoie,1,0,,,,0,,1,1,2,0,Algérie; Indochine,2,mention
bartholoni-j,Jean Bartholoni,Chamber of Deputies,0,Savoie,1,0,,,,0,,0,1,3,0,Afrique équatoriale française; Indochine; Maroc,3,mention
bartholoni-r,René Bartholoni,Chamber of Deputies,0,Haute-Savoie,1,0,1919,1924,5,1,1924,0,1,5,0,Afrique équatoriale française; Indochine,2,mention; roster
barthou-l-louis,Louis Barthou,Chamber of Deputies; Senate,1,Basses-Pyrénées,1,0,1889,1934,45,3,1924; 1930; 1932,0,1,4,0,Afrique occidentale française; Empire ottoman/Turquie; Indochine,3,roster
bartissol-e,Edmond Bartissol,Chamber of Deputies,0,Pyrénées; Pyrénées-Orientales,2,0,,,,0,,0,1,3,0,Macédoine; Mozambique,2,mention
bascou-o,Olivier Bascou,Chamber of Deputies,0,Gers,1,0,1893,1932,39,2,1930; 1932,0,1,3,0,Algérie; Empire (transversal),2,roster
bataille-v,Victor Bataille,Chamber of Deputies,0,Cantal; Saône-et-Loire,2,0,1919,1942,23,2,1924; 1936,0,0,0,0,,0,mention; roster
baudin-p,Pierre Baudin,Senate,0,,0,1,,,,0,,0,0,0,0,,0,mention
baudry-d-asson-a,Armand Baudry d'Asson,Chamber of Deputies,0,Vendée,1,0,,,,1,1954,0,0,0,0,,0,roster
baylet-j,Jean BAYLET,Chamber of Deputies,0,Tarn-et-Garonne,1,0,,,,1,1954,0,0,0,0,,0,mention; roster
bayol,Bayol,Senate,0,,0,0,,,,0,,1,0,0,0,,0,mention
bayrou,Bayrou,Chamber of Deputies,0,Moyen-Congo,1,0,,,,0,,1,0,0,0,,0,mention
bazile-g,Gaston Bazile,Chamber of Deputies,0,Gard,1,0,1924,1932,8,3,1930; 1932; 1936,0,0,0,0,,0,roster
beauguitte,Beauguitte,Chamber of Deputies,0,,0,1,,,,0,,1,0,0,0,,0,mention
beaumont-j,Jean BEAUMONT,Senate,0,Allier,1,0,,,,0,,0,0,0,0,,0,mention
beauquier,Beauquier,Chamber of Deputies,0,,0,0,,,,0,,1,0,0,0,,0,mention
beauquier-c,Charles Beauquier,Chamber of Deputies,0,,0,0,,,,0,,0,0,0,0,,0,mention
beauregard-p,Paul Beauregard,Chamber of Deputies,0,,0,0,,,,0,,0,0,0,0,,0,mention
bejarry,Bejarry,Senate,0,Vendée,1,0,,,,0,,1,0,0,0,,0,mention
bellanger-r,Robert-Bernard Bellanger,Chamber of Deputies,0,IIle-et-Vilaine,1,0,1928,1932,4,3,1930; 1932; 1936,0,0,0,0,,0,roster
benard-l,Léonus Bénard,Senate,0,Réunion,1,0,,,,3,1930; 1932; 1936,0,1,13,0,Afrique occidentale française; Algérie; Empire (transversal); La Réunion,4,roster
benazet-p,Paul Bénazet,Chamber of Deputies; Senate,1,Indre,1,0,1905,1932,27,4,1924; 1930; 1932; 1936,0,1,10,0,Afrique occidentale française; Algérie; Empire (transversal),3,mention; roster
bene-m,Maurice BÉNÉ,Chamber of Deputies,0,Seine-et-Oise,1,0,1936,1936,0,1,1954,0,0,0,0,,0,mention; roster
berenger,Bérenger,Senate,0,Guadeloupe,1,1,,,,0,,1,1,2,0,Indochine; Maroc,2,mention
berenger-h,Henry Bérenger,Senate,0,Guadeloupe,1,0,1912,1940,28,4,1924; 1930; 1932; 1936,0,1,1,0,Afrique occidentale française,1,mention; roster
bergeon,Bergeon,Chamber of Deputies; Senate,1,Marseille,1,0,,,,0,,1,1,2,0,Afrique occidentale française; Indochine,2,mention
bergeon-c,Charles Bergeon,Senate,0,Bouches-du-Rhône,1,0,,,,1,1924,0,1,1,0,Tunisie,1,roster
berger-g,Georges Berger,Chamber of Deputies,0,Seine,1,0,1889,1910,21,0,,0,1,2,0,Empire (transversal); Madagascar,2,mention
berger-p,Philippe Berger,Senate,0,Belfort,1,0,,,,0,,0,0,0,0,,0,mention
bergerot-a,Auguste Bergerot,Chamber of Deputies,0,Nord,1,0,1928,1928,0,2,1930; 1932,0,0,0,0,,0,roster
berlet,Berlet,Senate,0,,0,1,,,,0,,1,0,0,0,,0,mention
bernard-c,Charles Bernard,Chamber of Deputies,0,Seine,1,1,,,,0,,0,0,0,0,,0,mention
bernard-g-gaston,Georges Bernard,Senate,0,Eure,1,0,,,,1,1954,0,1,6,0,Empire (transversal); Guyane française; Maroc,3,roster
bernier-j,Joseph Bernier,Chamber of Deputies,0,Ain,1,0,,,,1,1924,0,1,2,0,Empire (transversal),1,roster
bert-p,Paul Bert,Chamber of Deputies,0,Vendée,1,0,1906,1914,8,0,,0,1,1,0,Algérie,1,mention
berthelot-a,André Berthelot,Chamber of Deputies; Senate,1,Seine,1,0,,,,1,1924,0,1,15,0,Afrique occidentale française; Algérie; Chine; Empire ottoman/Turquie; Indochine; Java et Sumatra (Indes néerlandaises),6,mention; roster
berthoulat-g,Georges Berthoulat,Chamber of Deputies; Senate,1,Seine; Seine-et-Oise,2,0,1902,1906,4,3,1924; 1930; 1932,0,1,4,0,Afrique équatoriale française; Algérie; Empire (transversal),3,mention; roster
bertier-de-sauvigny,BERTIER DE SAUVIGNY,Senate,0,Moselle,1,0,1922,1926,4,1,1924,0,1,2,0,Algérie; Indochine,2,mention; roster
bertrand-c,Charles BERTRAND,Chamber of Deputies,0,Seine,1,0,1918,1929,11,2,1924; 1930,0,1,2,0,Afrique équatoriale française; Madagascar,2,mention; roster
bertrand-w,William Bertrand,Chamber of Deputies,0,Charente-Inférieure,1,1,,,,1,1924,0,0,0,0,,0,mention; roster
besnard-r,René Besnard,Senate,0,Indre-et-Loire,1,0,,,,2,1932; 1936,0,0,0,0,,0,roster
bessonneau-j,Julien Bessonneau,Chamber of Deputies,0,Angers; Maine-et-Loire,2,0,,,,1,1924,0,1,5,0,Algérie; Empire (transversal); Maroc,3,mention; roster
bessonneau-l,Louis Bessonneau,Chamber of Deputies,0,Maine-et-Loire,1,0,,,,0,,0,0,0,0,,0,mention
bessonneau-p,P. Bessonneau,Chamber of Deputies,0,Angers,1,0,1919,1924,5,0,,0,0,0,0,,0,mention
bettencourt-a,André Bettencourt,Chamber of Deputies,0,Seine-Inférieure,1,0,,,,1,1954,0,0,0,0,,0,roster
bichet-r,Robert Bichet,Chamber of Deputies,0,Seine-et-Oise,1,0,,,,1,1954,0,0,0,0,,0,roster
bietry-p,Pierre Biétry,Chamber of Deputies,0,Finistère,1,0,,,,0,,0,0,0,0,,0,mention
bignon-p,Paul BIGNON,Chamber of Deputies; Senate,1,Seine-Inférieure,1,0,1902,1927,25,3,1924; 1930; 1932,0,1,2,0,Afrique équatoriale française; Empire (transversal),2,mention; roster
binder-m,Maurice Binder,Chamber of Deputies,0,Landes,1,0,,,,1,1924,0,1,2,0,Empire (transversal); Nouvelles-Hébrides (Mélanésie),2,roster
binet,Binet,Chamber of Deputies,0,Creuse,1,1,,,,0,,1,0,0,0,,0,mention
binet-f,François BINET,Chamber of Deputies; Senate,1,Creuse,1,0,1908,1914,6,3,1924; 1930; 1932,0,0,0,0,,0,mention; roster
bischoffsheim,Bischoffsheim,Chamber of Deputies,0,,0,0,,,,1,1893,1,1,4,0,Afrique occidentale française; Algérie; Empire (transversal); Maroc,4,mention; roster
blachette-g,Georges Blachette,Chamber of Deputies,0,Alger,1,0,,,,1,1954,0,1,2,0,Algérie; Maroc,2,roster
blacque-belair-a,Aimery Blacque-Belair,Chamber of Deputies,0,Seine,1,0,1928,1936,8,3,1930; 1932; 1936,0,1,1,0,Empire (transversal),1,roster
blanc-a,Antoine BLANC,Chamber of Deputies,0,Ain,1,0,,,,1,1930,0,1,7,0,Afrique occidentale française; Afrique équatoriale française; Empire (transversal),3,mention; roster
blanc-p,Prosper Blanc,Chamber of Deputies,0,DE,1,0,,,,0,,0,1,4,0,Afrique occidentale française; Empire (transversal); Indochine,3,mention
blanchet-v,Victor Blanchet,Chamber of Deputies,0,Isère,1,0,1919,1924,5,1,1924,0,1,6,3,Algérie; Indochine,2,mention; roster
blancsube,Blancsubé,Chamber of Deputies,0,,0,0,,,,0,,1,0,0,0,,0,mention
bloch-p,Pierre Bloch,Chamber of Deputies,0,Aisne,1,0,,,,0,,0,1,3,0,Empire (transversal); Maroc,2,mention
blois-l,Louis Blois,Senate,0,Maine-et-Loire,1,0,,,,3,1930; 1932; 1936,0,1,2,0,Empire (transversal),1,roster
blondel-e,Edmond Blondel,Chamber of Deputies,0,Seine-Inférieure,1,0,1928,1932,4,2,1930; 1932,0,1,1,0,Maroc,1,roster
bloud-e,Edmond Bloud,Chamber of Deputies,0,Seine,1,0,1928,1936,8,3,1930; 1932; 1936,0,0,0,0,,0,roster
bluysen,Bluysen,Chamber of Deputies,0,,0,0,,,,0,,1,0,0,0,,0,mention
bluysen-p,Paul Bluysen,Chamber of Deputies,0,Inde; Indes,2,1,1910,1914,4,1,1924,0,1,1,0,Algérie,1,mention; roster
bocher-e,Édouard Bocher,Senate,0,,0,0,,,,0,,0,0,0,0,,0,mention
boisde-r,Raymond Boisdé,Chamber of Deputies,0,Cher,1,0,,,,1,1954,0,1,4,0,Empire (transversal); Indochine,2,roster
boisneuf,Boisneuf,Chamber of Deputies,0,Guadeloupe,1,0,,,,1,1924,1,0,0,0,,0,mention; roster
boisneuf-r,René Boisneuf,Chamber of Deputies,0,Guadeloupe,1,0,1914,1924,10,0,,0,0,0,0,,0,mention
boivin-champaux,Boivin-Champaux,Senate,0,Calvados,1,0,,,,1,1924,1,0,0,0,,0,roster
boivin-champeaux-j,Boivin-Champeaux,Senate,0,,0,0,,,,0,,1,1,2,0,Afrique occidentale française; Empire (transversal),2,mention
bokanovski-m,Michel-Maurice BOKANOVSKI,Chamber of Deputies,0,Seine,1,0,,,,1,1954,0,0,0,0,,0,mention; roster
bompard,Bompard,Senate,0,,0,0,,,,0,,1,0,0,0,,0,mention
bon,Bon,Senate,0,,0,0,,,,0,,1,1,1,0,Indochine,1,mention
bon-l,Léon Bon,Senate,0,Bouches-du-Rhône,1,0,,,,1,1936,0,1,2,0,Empire (transversal),1,mention; roster
bonnaure-g,Gaston Bonnaure,Chamber of Deputies,0,Seine,1,0,,,,1,1936,0,0,0,0,,0,roster
bonnefous-e,Édouard BONNEFOUS,Chamber of Deputies,0,Seine-et-Oise,1,0,,,,1,1954,0,1,1,0,Guinée Conakry,1,mention; roster
bonnet-j,Joseph-Louis Bonnet,Chamber of Deputies,0,Seine,1,0,,,,0,,0,1,4,0,Empire (transversal),1,mention
borel-a,Antoine Borel,Senate,0,Savoie,1,1,,,,0,,0,0,0,0,,0,mention
boret-v,Victor Boret,Senate,0,Vienne,1,0,,,,1,1936,0,0,0,0,,0,roster
borgeaud-h,Henri Borgeaud,Senate,0,Alger,1,0,,,,1,1954,0,1,14,0,Algérie; Empire (transversal); Indochine; Maroc,4,roster
borlot-a,André Borlot,Chamber of Deputies,0,Loir-et-Cher,1,0,,,,1,1954,0,0,0,0,,0,roster
borrel-a,Antoine Borrel,Chamber of Deputies,0,Savoie,1,0,1909,1931,22,3,1930; 1932; 1936,0,0,0,0,,0,roster
bosquette-m,Maurice BOSQUETTE,Chamber of Deputies,0,Ardennes,1,0,,,,1,1930,0,0,0,0,,0,mention; roster
boucher,Boucher,Chamber of Deputies,0,Vosges,1,0,,,,0,,1,1,3,0,Indochine; Madagascar; Russie,3,mention
boucher-m,Marcel Boucher,Chamber of Deputies,0,Vosges,1,0,,,,0,,0,0,0,0,,0,mention
boudenoot,Boudenoot,Chamber of Deputies,0,,0,0,,,,0,,1,1,1,0,Algérie,1,mention
bouesse,Bouesse,Chamber of Deputies,0,,0,1,,,,0,,1,0,0,0,,0,mention
bouge,Bouge,Chamber of Deputies,0,Marseille,1,0,,,,0,,1,0,0,0,,0,mention
bougere-f,Ferdinand Bougère,Chamber of Deputies,0,Maine-et-Loire,1,0,1898,1933,35,3,1924; 1930; 1932,0,1,1,0,Afrique occidentale française,1,mention; roster
bouilloux-laffont-m,Maurice Bouilloux-Laffont,Chamber of Deputies,0,Finistère,1,0,,,,0,,0,1,1,0,Indochine,1,mention
bouilloux-lafont,Bouilloux-Lafont,Chamber of Deputies,0,Finistère,1,0,,,,1,1924,1,1,9,0,Afrique occidentale française; Algérie; Congo-Brazzaville ou Moyen-Congo; Empire (transversal); Maroc,5,roster
bouilloux-lafont-m-marcel,Maurice Bouilloux-Lafont,Chamber of Deputies,0,Finistère,1,0,1914,1932,18,2,1930; 1932,0,1,7,0,Afrique occidentale française; Algérie; Empire (transversal); Indochine; Maroc,5,mention; roster
bouisson-f,Fernand Bouisson,Chamber of Deputies,0,Bouches-du-Rhône,1,0,1909,1942,33,3,1930; 1932; 1936,0,1,2,0,Empire (transversal); Tunisie,2,mention; roster
boulanger,Boulanger,Senate,0,,0,0,,,,0,,1,0,0,0,,0,mention
bouquet,Bouquet,Chamber of Deputies,0,Marseille,1,0,,,,0,,1,1,1,0,Guinée Conakry,1,mention
bouret-h,Henri Bouret,Chamber of Deputies,0,Côtes-du-Nord,1,0,,,,0,,0,0,0,0,,0,mention
bourgeois,Bourgeois,Senate,0,Haut-Rhin,1,0,,,,0,,1,1,16,0,Afrique occidentale française; Algérie; Empire (transversal); Indochine; La Réunion,5,mention
bourgeois-r,Robert Bourgeois,Senate,0,Haut-Rhin,1,0,,,,3,1924; 1930; 1932,0,0,0,0,,0,roster
bourges-maunoury-m,Maurice Bourgès-Maunoury,Chamber of Deputies,0,Haute-Garonne,1,0,,,,1,1954,0,0,0,0,,0,roster
bourlon-de-rouvre,Bourlon de Rouvre,Chamber of Deputies,0,,0,0,,,,0,,0,0,0,0,,0,mention
bourrat,Bourrat,Chamber of Deputies,0,Pyrénées-Orientales,1,1,,,,0,,1,0,0,0,,0,mention
bourrat-j,Jean Bourrat,Chamber of Deputies,0,La,1,0,,,,0,,0,0,0,0,,0,mention
bourre-e,Édouard Bourre,Chamber of Deputies,0,,0,0,,,,0,,0,1,2,0,Égypte,1,mention
bousquet,Bousquet,Chamber of Deputies,0,,0,0,,,,0,,1,1,11,0,Afrique occidentale française; Afrique équatoriale française; Algerie; Algérie; Gabon; Guinée Conakry; Maroc; Syrie-Liban; Tunisie,9,mention
boussenot,Boussenot,Chamber of Deputies,0,Réunion,1,0,,,,0,,1,1,3,0,Afrique occidentale française; Afrique équatoriale française; Indochine,3,mention
boussenot-g,Georges Boussenot,Chamber of Deputies,0,Réunion,1,1,,,,1,1924,0,1,14,0,Afrique occidentale française; Afrique équatoriale française; Congo-Brazzaville ou Moyen-Congo; Guadeloupe et Martinique; Indochine; Madagascar,6,mention; roster
bouteille-d,Désiré-Alfred Bouteille,Chamber of Deputies,0,Oise,1,0,1919,1932,13,2,1930; 1932,0,0,0,0,,0,roster
boutemy-a,André BOUTEMY,Senate,0,Seine-et-Marne,1,0,,,,1,1954,0,0,0,0,,0,mention; roster
bouvart-p,Paul Bouvart,Senate,0,Eure-et-Loir,1,0,,,,2,1930; 1932,0,1,1,0,Empire (transversal),1,roster
bouvet-m,Maurice Bouvet,Chamber of Deputies,0,Jura,1,0,1919,1924,5,1,1924,0,0,0,1,,0,roster
bouvier,Bouvier,Chamber of Deputies,0,,0,1,,,,0,,1,1,15,0,Afrique équatoriale française; Algérie; Congo-Brazzaville ou Moyen-Congo; Empire (transversal); Indochine; Madagascar,6,mention
bouvier-o-cottereau-j,Jean-Marie Bouvier O'Cottereau,Chamber of Deputies,0,,0,0,1945,1955,10,0,,0,0,0,0,,0,mention
bouyssou-l,Léo Bouyssou,Chamber of Deputies,0,Landes,1,0,,,,0,,0,0,0,0,,0,mention
boyer-a-amedee,Antide Boyer,Chamber of Deputies,0,Bouches-du-Rhône,1,0,,,,0,,0,1,6,0,Empire (transversal); Indochine; Maroc,3,mention
boyer-e-etienne,Edmond Boyer,Chamber of Deputies,0,Maine-et-Loire,1,0,1924,1932,8,2,1930; 1932,0,1,5,0,Algérie; Guinée Conakry; Indochine,3,roster
boyer-m,Marius Boyer,Chamber of Deputies,0,Bouches-du-Rhône,1,0,,,,0,,0,1,6,0,Afrique équatoriale française; Empire (transversal); Indochine; Syrie-Liban,4,mention
bozerian-j,Jules Bozérian,Chamber of Deputies; Senate,1,,0,0,1871,1893,22,0,,0,1,1,0,Empire (transversal),1,mention
brelay-e,Émile Brelay,Chamber of Deputies,0,Paris; Seine,2,0,,,,0,,0,1,3,0,Empire (transversal); Indochine,2,mention
bret-g,Georges Bret,Chamber of Deputies,0,Ille,1,0,1924,1942,18,3,1930; 1932; 1936,0,1,3,0,Empire (transversal); Sénégal,2,roster
breteau-d,Breteau,Chamber of Deputies; Senate,1,Sarthe,1,0,1924,1927,3,2,1930; 1932,1,1,2,0,Algérie; Maroc,2,roster
breton,Breton,Senate,0,Cher,1,0,,,,2,1924; 1930,1,1,11,0,Afrique occidentale française; Indochine,2,roster
breton-a,André Breton,Chamber of Deputies,0,Cher,1,0,,,,1,1932,0,1,2,0,Afrique occidentale française; Indochine,2,roster
brice-r,René Brice,Chamber of Deputies,0,Ille-et-Vilaine,1,0,1871,1921,50,0,,0,1,1,0,Afrique occidentale française,1,mention
brincard,Brincard,Chamber of Deputies,0,,0,0,,,,0,,1,1,2,0,Afrique occidentale française; Afrique équatoriale française,2,mention
brindeau,Brindeau,Senate,0,,0,1,,,,0,,1,1,1,0,Empire (transversal),1,mention
brindeau-l,Louis Brindeau,Chamber of Deputies; Senate,1,,0,0,1895,1912,17,2,1930; 1932,0,0,0,0,,0,mention; roster
bringer,Bringer,Chamber of Deputies,0,Lozère,1,0,,,,1,1924,1,1,1,0,Maroc,1,roster
bringer-l,Louis-Pierre-Marie Bringer,Chamber of Deputies,0,Lozère,1,0,1919,1932,13,3,1930; 1932; 1936,0,0,0,0,,0,roster
briquet-c,Camille Briquet,Chamber of Deputies,0,Eure,1,0,,,,0,,0,0,0,0,,0,mention
brizard-r,Robert BRIZARD,Senate,0,Eure-et-Loir,1,0,,,,1,1954,0,0,0,0,,0,mention; roster
brocard,Brocard,Chamber of Deputies,0,Paris,1,1,,,,0,,1,0,0,0,,0,mention
brocard-f,Félix-Antonin-Gabriel Brocard,Chamber of Deputies,0,Isère; Seine,2,0,1924,1936,12,3,1930; 1932; 1936,0,0,0,0,,0,roster
brogly-m,Médard Brogly,Chamber of Deputies; Senate,1,Haut-Rhin,1,0,,,,2,1932; 1936,0,0,0,0,,0,roster
brom-j,Joseph Brom,Chamber of Deputies,0,,0,0,1924,1936,12,3,1930; 1932; 1936,0,0,0,0,,0,roster
broussais,Broussais,Chamber of Deputies,0,Alger,1,0,,,,0,,1,0,0,0,,0,mention
bruce-ahli-komlan-robert,BRUCE AHLI Komlan Robert,Chamber of Deputies,0,,0,0,,,,0,,0,0,0,0,,0,mention
brun-f,Fernand Brun,Chamber of Deputies,0,Cantal,1,0,1898,1919,21,2,1930; 1932,0,1,1,0,Indochine,1,roster
brunet,Brunet,Chamber of Deputies,0,Charleroi; Réunion,2,0,,,,0,,1,1,6,0,Afrique occidentale française; Empire (transversal); Indochine,3,mention
brunet-a,Auguste Brunet,Chamber of Deputies,0,La; Réunion,2,1,,,,0,,0,1,1,0,Indochine,1,mention
brunet-f,Frédéric Brunet,Chamber of Deputies,0,Seine,1,0,1914,1919,5,2,1930; 1932,0,0,0,0,,0,roster
brunet-l,Louis Brunet,Chamber of Deputies,0,Seine,1,0,,,,0,,0,1,1,0,Empire (transversal),1,mention
buhan,Buhan,Senate,0,Gironde,1,0,,,,0,,1,0,0,0,,0,mention
buhan-e,Eugène Buhan,Senate,0,Gironde,1,0,1920,1933,13,3,1924; 1930; 1932,0,1,3,0,Madagascar; Maroc,2,mention; roster
buhan-j,Joseph Marie Antoine Eugène Buhan,Senate,0,Gironde,1,0,1924,1936,12,0,,0,0,0,0,,0,mention
bui-huy-tin,Bùi-Huy-Tín,Chamber of Deputies,0,Hanoï,1,0,,,,0,,1,0,0,0,,0,mention
buisson-f,Ferdinand Buisson,Chamber of Deputies,0,,0,1,,,,0,,0,1,1,0,Indochine,1,mention
bureau-g,Georges Bureau,Chamber of Deputies,0,,0,0,,,,0,,0,1,2,0,Empire (transversal),1,mention
burger-g,Gustave BURGER,Chamber of Deputies,0,Haut-Rhin,1,0,,,,1,1930,0,0,0,0,,0,mention; roster
burrus-m,Maurice Burrus,Chamber of Deputies,0,Haut-Rhin,1,0,,,,1,1936,0,1,4,0,Algérie; Empire (transversal); Madagascar,3,roster
butin,Butin,Chamber of Deputies,0,,0,0,,,,0,,1,1,1,0,Indochine,1,mention
butin-o,Octave Butin,Chamber of Deputies,0,Oise,1,0,1906,1919,13,0,,0,1,1,0,Algérie,1,mention
c-c-n-weiller-l,Lazare C. C. N. Weiller,Senate,0,,0,0,,,,0,,0,0,0,0,,0,mention
cadilhon-c,Charles Cadilhon,Senate,0,Landes,1,0,,,,2,1930; 1932,0,1,1,0,Empire (transversal),1,roster
caffort-c,Charles Caffort,Chamber of Deputies,0,Hérault,1,0,1914,1932,18,2,1930; 1932,0,0,0,0,,0,roster
caillat,Caillat,Chamber of Deputies,0,Hautes-Alpes,1,0,,,,1,1924,1,1,3,0,Empire (transversal); Madagascar,2,roster
caillaux-j,Joseph Caillaux,Chamber of Deputies,0,,0,0,1898,1919,21,3,1930; 1932; 1936,0,1,1,0,Afrique occidentale française,1,roster
caillavet,Caillavet,Chamber of Deputies,0,,0,0,,,,0,,1,0,0,0,,0,mention
caitucoli-m,Marc-Célestin CAITUCOLI,Chamber of Deputies,0,Corse,1,0,,,,1,1930,0,0,0,0,,0,mention; roster
calary-de-lamaziere,Calary de Lamazière,Chamber of Deputies,0,Seine,1,0,,,,1,1924,0,1,7,0,Afrique occidentale française; Afrique équatoriale française; Algérie; Chine; Maroc,5,mention; roster
calary-de-lamaziere-r,Raoul Marie Louis Calary de Lamazière,Chamber of Deputies,0,Seine,1,0,1919,1924,5,1,1924,0,1,3,0,Afrique occidentale française; Maroc,2,mention; roster
callies-a,Alexis Calliès,Chamber of Deputies,0,Haute-Savoie,1,0,1928,1932,4,2,1930; 1932,0,0,0,0,,0,roster
camescasse,Camescasse,Senate,0,,0,1,,,,0,,1,0,0,0,,0,mention
campinchi,Campinchi,Chamber of Deputies,0,,0,0,,,,0,,1,0,0,0,,0,mention
candace,Candace,Chamber of Deputies,0,,0,1,,,,0,,1,0,0,0,,0,mention
candace-g,Gratien Candace,Chamber of Deputies,0,Guadeloupe,1,0,1912,1942,30,3,1930; 1932; 1936,0,0,0,0,,0,mention; roster
carbuccia-h,Horace Carbuccia,Chamber of Deputies,0,Corse,1,0,,,,1,1936,0,0,0,0,,0,roster
carl-ferdinand-von-stumm-halberg,Carl-Ferdinand von Stumm-Halberg,Chamber of Deputies,0,,0,0,,,,0,,0,0,0,0,,0,mention
carlier-caffieri-j,Jules Carlier-Caffiéri,Chamber of Deputies,0,Nord,1,0,1926,1932,6,2,1930; 1932,0,0,0,0,,0,roster
carnot-e,Ernest Carnot,Chamber of Deputies,0,Côte-d'Or; Côte-d’Or; Côte-d’or,3,0,1895,1898,3,0,,0,1,14,0,Afrique occidentale française; Afrique équatoriale française; Algérie; Comores; Empire (transversal); Indochine; Tunisie,7,mention
carnot-f,François Carnot,Chamber of Deputies,0,Côte,1,0,1902,1910,8,0,,0,1,3,0,Comores; Indochine,2,mention
carnot-j,Jean Carnot,Chamber of Deputies,0,Charente,1,0,,,,1,1930,0,1,5,0,Afrique occidentale française; Afrique équatoriale française; Cameroun; Maroc,4,mention; roster
carpot,Carpot,Chamber of Deputies,0,Sénégal,1,1,,,,0,,1,0,0,0,,0,mention
carpot-f,François Carpot,Chamber of Deputies,0,Sénégal,1,0,1902,1914,12,0,,0,0,0,0,,0,mention
castelin,Castelin,Chamber of Deputies,0,Aisne,1,0,,,,0,,1,0,0,0,,0,mention
castellani-j,J. CASTELLANI,Chamber of Deputies,0,,0,0,,,,0,,0,0,0,0,,0,mention
catalogne-d,Damien Catalogne,Chamber of Deputies,0,,0,0,1902,1906,4,2,1930; 1932,0,0,0,0,,0,roster
catrice-j,Jean Catrice,Chamber of Deputies,0,Nord,1,0,,,,1,1954,0,0,0,0,,0,roster
causeret-p,Paul CAUSERET,Chamber of Deputies,0,Haute-Saône,1,0,,,,1,1930,0,0,0,0,,0,mention; roster
cautru-c,Camille Cautru,Chamber of Deputies,0,Calvados,1,0,1919,1936,17,3,1930; 1932; 1936,0,0,0,0,,0,roster
cavillon-deneux-e,Edmond Cavillon-Deneux,Senate,0,Somme,1,0,,,,2,1930; 1932,0,0,0,0,,0,roster
cayrel,Cayrel,Chamber of Deputies,0,,0,0,,,,0,,1,0,0,0,,0,mention
caze,Caze,Chamber of Deputies,0,Haute-Garonne,1,0,,,,0,,1,0,0,0,,0,mention
caze-e,Edmond Caze,Chamber of Deputies,0,,0,0,,,,0,,0,1,2,0,Algérie; Gabon,2,mention
cazeneuve-a,Cazeneuve,Senate,0,,0,0,,,,0,,1,1,3,0,Afrique équatoriale française; Algérie; Empire (transversal),3,mention
cci-saint-malo,CCI Saint-Malo,Chamber of Deputies,0,Ille-et-Vilaine,1,0,1878,1889,11,0,,0,0,0,0,,0,mention
ceccaldi,Ceccaldi,Chamber of Deputies,0,Aisne,1,0,,,,0,,1,1,2,0,Algérie,1,mention
ceccaldi-p,Pascal Ceccaldi,Chamber of Deputies,0,Aisne,1,0,,,,0,,0,0,0,0,,0,mention
celle-de-m-cayrel,Celle de M Cayrel,Chamber of Deputies,0,S,1,0,,,,0,,0,0,0,0,,0,mention
cg-orne,CG Orne,Chamber of Deputies,0,,0,0,,,,0,,0,0,0,0,,0,mention
chabaud-latour,Chabaud-Latour,Chamber of Deputies; Senate,1,Gard,1,1,1805,1891,86,0,,1,0,0,0,,0,mention
chader,Chader,Chamber of Deputies,0,,0,1,,,,0,,1,0,0,0,,0,mention
chagnaud-l,Léon CHAGNAUD,Senate,0,Creuse,1,0,,,,2,1924; 1930,0,1,7,0,Algérie; Côte d'Ivoire; Empire (transversal); Maroc,4,mention; roster
chailley,Chailley,Chamber of Deputies,0,,0,0,,,,0,,1,1,1,0,Maroc,1,mention
chailley-j,Joseph Chailley,Chamber of Deputies,0,Vendée,1,0,1906,1914,8,0,,0,1,7,0,Afrique occidentale française; Algérie; Indochine; Maroc,4,mention
chambrun-c,Charles-Louis-Pierre-Antoine-Gilbert Chambrun,Chamber of Deputies,0,,0,0,1898,1933,35,1,1936,0,0,0,0,,0,roster
champetier-de-ribes,Champetier de Ribes,Senate,0,,0,0,,,,0,,0,0,0,0,,0,mention
chanal-e,Eugène Chanal,Senate,0,Ain,1,0,,,,1,1936,0,1,1,0,Empire (transversal),1,mention; roster
chappedelaine-l,Louis Chappedelaine,Chamber of Deputies,0,Côtes-du-Nord,1,0,,,,1,1936,0,0,0,0,,0,roster
chapsal,Chapsal,Senate,0,Charente-Inférieure,1,1,,,,0,,1,1,8,0,Algérie; Empire (transversal); Indochine,3,mention
chapsal-f,Fernand Chapsal,Senate,0,Charente-Inférieure,1,1,1921,1939,18,3,1930; 1932; 1936,0,1,6,0,Algérie; Indochine,2,mention; roster
charabot-e,Eugène Charabot,Senate,0,Alpes-Maritimes,1,0,,,,3,1930; 1932; 1936,0,0,0,0,,0,roster
charles-leroux,Charles-Leroux,Chamber of Deputies,0,,0,0,,,,0,,1,0,0,0,,0,mention
charles-roux-j,Jules Charles-Roux,Chamber of Deputies,0,Marseille,1,0,1889,1898,9,0,,0,1,6,0,Afrique occidentale française; Algérie; Maroc; Égypte,4,mention
charles-savary,Ch[arles] Savary,Chamber of Deputies,0,,0,0,,,,0,,0,0,0,0,,0,mention
charlot-e,Étienne Charlot,Chamber of Deputies,0,Côte-d'Or,1,0,1919,1932,13,2,1930; 1932,0,1,1,0,Indochine,1,roster
charruyer-e,Édouard Charruyer,Chamber of Deputies,0,,0,0,1893,1906,13,0,,0,0,0,0,,0,mention
chassaigne-goyon-p,Paul Chassaigne-Goyon,Chamber of Deputies,0,Seine,1,0,1919,1936,17,3,1924; 1930; 1932,0,1,4,0,Afrique équatoriale française; Algérie; Empire (transversal),3,mention; roster
chastellain-j,Jacques Chastellain,Chamber of Deputies,0,Seine-Inférieure,1,0,,,,1,1954,0,1,1,0,Empire (transversal),1,roster
chastenet-g,Guillaume Chastenet,Chamber of Deputies; Senate,1,Gironde,1,0,1897,1912,15,3,1924; 1930; 1932,0,0,0,0,,0,mention; roster
chatenay-v,Victor Chatenay,Chamber of Deputies,0,Maine-et-Loire,1,0,,,,1,1954,0,1,1,0,Empire (transversal),1,roster
chaudey,Chaudey,Chamber of Deputies,0,,0,0,,,,0,,1,0,0,0,,0,mention
chaumet,Chaumet,Chamber of Deputies,0,,0,0,,,,0,,1,1,4,0,Afrique occidentale francaise; Afrique occidentale française; Empire (transversal),3,mention
chaumet-c,Charles Chaumet,Chamber of Deputies; Senate,1,Gironde,1,1,1902,1932,30,3,1924; 1930; 1932,0,1,4,0,Afrique occidentale française; Empire (transversal); Maroc,3,mention; roster
chaumie-p,Pierre Chaumié,Senate,0,Lot-et-Garonne,1,0,,,,1,1936,0,0,0,0,,0,roster
chautard-p,Paul Chautard,Chamber of Deputies,0,Seine,1,0,1906,1910,4,0,,0,1,6,0,Afrique occidentale française; Algérie; Chine; Empire (transversal); Maroc,5,mention
chautemps,Chautemps,Chamber of Deputies; Senate,1,Paris,1,1,,,,0,,1,0,0,0,,0,mention
chautemps-f,Félix Chautemps,Chamber of Deputies,0,Savoie,1,0,,,,0,,0,0,0,0,,0,mention
chavagnes-r,René Chavagnes,Chamber of Deputies,0,Loir-et-Cher,1,0,,,,0,,0,0,0,0,,0,mention
chavoix-h,Henri CHAVOIX,Chamber of Deputies,0,Dordogne,1,0,,,,0,,0,1,2,0,Madagascar; Tunisie,2,mention
chenebenoit-l,Léon CHENEBENOIT,Senate,0,Aisne,1,0,,,,2,1930; 1932,0,0,0,0,,0,mention; roster
cheneboit,Chêneboit,Senate,0,Aisne,1,0,,,,1,1924,1,0,0,0,,0,roster
cheron-a,Adolphe Chéron,Chamber of Deputies,0,Seine,1,0,1919,1936,17,4,1924; 1930; 1932; 1936,0,0,0,0,,0,mention; roster
cherpin,Cherpin,Senate,0,,0,0,,,,0,,1,0,0,0,,0,mention
chevalier-p,Paul Chevalier,Senate,0,Meuse,1,0,,,,3,1924; 1930; 1932,0,1,1,0,Tunisie,1,roster
chevallier-j,Jack Chevallier,Chamber of Deputies,0,,0,0,,,,0,,0,1,4,0,Algérie,1,mention
chevenement-j,Jean-Pierre Chevènement,Chamber of Deputies,0,,0,0,1979,1989,10,0,,0,0,0,0,,0,mention
chevigne-p,Pierre Chevigné,Chamber of Deputies,0,Basses,1,0,,,,1,1954,0,0,0,0,,0,roster
cie-riotteau,Cie. Riotteau,Chamber of Deputies,0,Manche,1,0,,,,0,,0,0,0,0,,0,mention
clapiper-e,Étienne Clapiper,Chamber of Deputies,0,Seine-et-Marne,1,0,1857,1870,13,0,,0,0,0,0,,0,mention
claudinon,Claudinon,Chamber of Deputies,0,Loire,1,0,,,,0,,1,0,0,0,,0,mention
claus-e,E. Claus,Senate,0,Gard,1,1,,,,0,,0,0,0,0,,0,mention
clemenceau,Clemenceau,Chamber of Deputies,0,,0,1,,,,0,,1,1,1,0,Algérie,1,mention
clementel,Clémentel,Chamber of Deputies,0,Puy-de-Dôme,1,0,,,,0,,1,0,0,0,,0,mention
clementel-e,Étienne Clémentel,Chamber of Deputies; Senate,1,Puy-de-Dôme,1,0,1900,1919,19,3,1924; 1930; 1932,0,1,4,0,Afrique occidentale française; Empire (transversal); Indochine,3,roster
clostermann-p,Pierre-Henri Clostermann,Chamber of Deputies,0,Marne,1,0,,,,1,1954,0,0,0,0,,0,roster
coache-j,Jean Coache,Chamber of Deputies,0,Somme,1,0,1932,1936,4,1,1936,0,0,0,0,,0,mention; roster
cochin-d,Denys Cochin,Chamber of Deputies,0,,0,0,,,,0,,0,0,0,0,,0,mention
codet-j,Jean Codet,Chamber of Deputies; Senate,1,,0,0,1883,1920,37,0,,0,1,1,0,Afrique occidentale française,1,mention
coignet-j,Jean Coignet,Senate,0,Rhône,1,0,,,,1,1924,0,1,2,0,Algérie; Maroc,2,roster
cointreau-a,André Cointreau,Chamber of Deputies,0,Maine-et-Loire,1,0,,,,1,1936,0,0,0,0,,0,roster
coirre-p,Paul Coirre,Chamber of Deputies,0,Seine,1,0,,,,1,1954,0,0,0,0,,0,roster
colin,Colin,Senate,0,Algérie,1,0,,,,0,,1,0,0,0,,0,mention
colliard,Colliard,Chamber of Deputies,0,,0,0,,,,0,,1,0,0,0,,0,mention
collignon-c,Charles Collignon,Chamber of Deputies,0,Meurthe,1,0,,,,0,,0,0,0,0,,0,mention
colrat-de-montrozier-m,Maurice Colrat de Montrozier,Chamber of Deputies,0,Seine-et-Oise,1,0,,,,1,1924,0,1,1,0,Afrique occidentale française,1,mention; roster
colrat-m,Maurice COLRAT,Chamber of Deputies,0,Seine-et-Oise,1,0,,,,1,1930,0,0,0,0,,0,mention; roster
combrouze,Combrouze,Chamber of Deputies,0,Gironde,1,0,1906,1924,18,1,1924,1,0,0,0,,0,roster
combrouze-g,Gabriel Combrouze,Chamber of Deputies,0,Gironde,1,0,1906,1924,18,0,,0,1,1,0,Afrique occidentale française,1,mention
comite-du-transsaharien,Comité du Transsaharien,Chamber of Deputies,0,Meurthe-et-Moselle,1,0,,,,0,,0,0,0,0,,0,mention
compere-morel-j,Jean Compere-Morel,Chamber of Deputies,0,Gard,1,0,1909,1936,27,3,1930; 1932; 1936,0,0,0,0,,0,roster
connevot-h,Henri Connevot,Chamber of Deputies,0,Allier,1,0,,,,0,,0,0,0,0,,0,mention
constans,Constans,Chamber of Deputies,0,,0,0,,,,0,,1,0,0,0,,0,mention
constant-v,Victor Constant,Senate,0,Seine,1,0,,,,0,,0,0,0,0,,0,mention
coquelle-f,Félix Coquelle,Chamber of Deputies,0,Nord,1,0,1926,1928,2,1,1930,0,1,6,0,Afrique occidentale française; Afrique équatoriale française; Indochine; Maroc,4,mention; roster
cordebaine-e,Édouard Cordebaine,Senate,0,Moselle,1,0,,,,1,1936,0,0,0,0,,0,roster
cordier-a,Alphonse Cordier,Chamber of Deputies; Senate,1,,0,0,,,,0,,0,0,0,0,,0,mention
cornet-l,Lucien CORNET,Senate,0,Yonne,1,0,,,,0,,0,0,0,0,,0,mention
cornu-a,André Cornu,Chamber of Deputies; Senate,1,Côtes-du-Nord,1,0,1932,1936,4,0,,0,1,1,0,Algérie,1,mention
corsin-h,Henry Corsin,Chamber of Deputies,0,Loire,1,0,1932,1936,4,0,,0,1,1,0,Madagascar,1,mention
cosnier-h,Henri Cosnier,Chamber of Deputies; Senate,1,Gauche; Indre; Les,3,0,1851,1935,84,3,1924; 1930; 1932,0,1,2,0,Afrique occidentale française,1,mention; roster
coste-floret-a,Alfred Coste-Floret,Chamber of Deputies,0,M.R.P,1,0,,,,0,,0,0,0,0,,0,mention
couchard,Couchard,Chamber of Deputies,0,Sénégal,1,0,,,,0,,1,0,0,0,,0,mention
couhe,Couhe,Chamber of Deputies,0,Pas-de-Calais,1,0,,,,1,1930,1,1,1,0,Syrie-Liban,1,roster
couhe-l,COUHE L,Chamber of Deputies,0,Pas-de-Calais,1,0,,,,0,,0,0,0,0,,0,mention
courtier-j,Joseph Courtier,Chamber of Deputies,0,Wassy,1,0,1919,1924,5,3,1930; 1932; 1936,0,0,0,0,,0,mention; roster
couyba-c,Charles Couyba,Senate,0,,0,1,,,,0,,0,0,0,0,,0,mention
cravoisier,Cravoisier,Chamber of Deputies,0,,0,0,,,,0,,1,0,0,0,,0,mention
cravoisier-h,Henry Cravoisier,Chamber of Deputies,0,Seine-et-Marne,1,0,1928,1932,4,2,1930; 1932,0,1,1,0,Maroc,1,mention; roster
cremieux-f,Fernand Crémieux,Chamber of Deputies; Senate,1,,0,0,1885,1928,43,0,,0,1,1,0,"Soudan français (Mali, Haute-Volta — ou Burkina-Fasso — et Niger)",1,mention
crespel,Crespel,Chamber of Deputies,0,Nord,1,0,,,,1,1930,1,0,0,0,,0,roster
crespel-a,CRESPEL A,Chamber of Deputies,0,Nord,1,0,,,,0,,0,0,0,0,,0,mention
croizat-a,Ambroise Croizat,Chamber of Deputies,0,,0,0,,,,0,,0,1,1,0,Algérie,1,mention
cross-m,Military Cross,Chamber of Deputies; Senate,1,Meurthe-et; Puy-de-Dôme,2,1,,,,1,1954,0,1,1,0,Empire (transversal),1,mention; roster
cuny-p,Paul Cuny,Chamber of Deputies,0,,0,0,1910,1914,4,0,,0,0,0,0,,0,mention
cuttoli,Cuttoli,Senate,0,,0,0,,,,0,,1,0,0,0,,0,mention
cuttoli-j,Jules Cuttoli,Chamber of Deputies,0,Algérie,1,0,1928,1936,8,0,,0,1,1,0,Algérie,1,mention
cuttoli-p,Paul Cuttoli,Chamber of Deputies; Senate,1,Constantine,1,0,1906,1919,13,3,1930; 1932; 1936,0,0,0,0,,0,mention; roster
d-andigne-g,Geoffroy d'Andigné,Chamber of Deputies,0,Maine-et-Loire,1,0,1924,1932,8,1,1930,0,0,0,0,,0,roster
d-andlau,d'Andlau,Senate,0,Bas-Rhin,1,0,,,,2,1930; 1932,1,0,0,0,,0,roster
d-ariste,D'Ariste,Chamber of Deputies,0,Basses-Pyrénées,1,0,,,,0,,1,0,0,0,,0,mention
d-asson-b,Baudry d'Asson,Chamber of Deputies; Senate,1,Vendée,1,0,,,,2,1924; 1932,0,0,0,0,,0,roster
d-audiffret-pasquier-e,Étienne d'Audiffret-Pasquier,Chamber of Deputies,0,Orne,1,0,1919,1942,23,3,1930; 1932; 1936,0,1,4,0,Afrique occidentale française; Algérie,2,mention; roster
d-donon-m,Marcel D. DONON,Senate,0,Loiret,1,0,,,,0,,0,0,0,0,,0,mention
d-emile-marchegay-c,Cousin d'Émile Marchegay,Chamber of Deputies,0,Vendée,1,0,1895,1898,3,0,,0,0,0,0,,0,mention
dahlet-c,Camille Dahlet,Chamber of Deputies,0,Bas-Rhin,1,0,1928,1942,14,3,1930; 1932; 1936,0,0,0,0,,0,roster
daladier-g,Daladier,Chamber of Deputies,0,Vaucluse,1,0,,,,1,1924,1,1,2,0,Indochine; Maroc,2,roster
dalimier,Dalimier,Chamber of Deputies,0,,0,0,,,,0,,1,0,0,0,,0,mention
damour,Damour,Chamber of Deputies,0,Landes,1,0,,,,0,,1,1,3,0,Algérie; Empire (transversal); Maroc,3,mention
damour-m,Maurice Damour,Chamber of Deputies,0,,0,0,,,,0,,0,0,0,0,,0,mention
dariac-a,Adrien Dariac,Chamber of Deputies,0,Orne,1,0,1910,1942,32,3,1930; 1932; 1936,0,0,0,0,,0,roster
dassault-m,Marcel Dassault,Chamber of Deputies,0,Alpes-Maritimes,1,0,,,,1,1954,0,1,2,0,Empire (transversal),1,roster
daudet-l,Léon Daudet,Chamber of Deputies,0,Seine,1,0,,,,0,,0,1,1,0,Madagascar,1,mention
dausset,Dausset,Senate,0,Seine,1,0,,,,1,1924,1,0,0,0,,0,roster
dausset-l,Louis DAUSSET,Senate,0,,0,0,,,,0,,0,1,3,0,Afrique occidentale française; Afrique équatoriale française; Guinée Conakry,3,mention
dauzon-p,PHILIPPE DAUZON,Chamber of Deputies,0,,0,0,,,,0,,0,0,0,0,,0,mention
david-f,Fernand David,Chamber of Deputies; Senate,1,Haute-Savoie,1,1,1898,1935,37,2,1930; 1932,0,0,0,0,,0,mention; roster
david-j,Jean-Paul David,Chamber of Deputies,0,Auch; Gers; Paris; Seine-et-Oise,4,0,,,,1,1954,0,1,2,0,Empire (transversal); Indochine,2,mention; roster
david-r,Robert David,Chamber of Deputies,0,Dordogne,1,0,1910,1910,0,0,,0,1,3,0,Afrique occidentale française; Algérie,2,mention
de-barante,DE BARANTE,Senate,0,,0,0,,,,0,,0,0,0,0,,0,mention
de-bartolini,de Bartolini,Chamber of Deputies,0,Toulon,1,1,,,,0,,0,0,0,0,,0,mention
de-baudry-d-asson,de Baudry d'Asson,Senate,0,Vendée,1,0,,,,1,1930,0,0,0,0,,0,roster
de-beaumont,de Beaumont,Chamber of Deputies,0,Cochinchine,1,1,,,,0,,0,1,5,0,Afrique occidentale française; Algérie; Guyane française; Indochine,4,mention
de-beaumont-j,Jean de Beaumont,Chamber of Deputies,0,Cochinchine,1,1,,,,0,,0,1,15,0,Afrique occidentale française; Afrique équatoriale française; Algérie; Indochine; Java et Sumatra (Indes néerlandaises),5,mention
de-blois,DE BLOIS,Senate,0,,0,0,,,,0,,0,0,0,0,,0,mention
de-blois-l,LOUIS DE BLOIS,Senate,0,Maine-et-Loire,1,0,,,,0,,0,0,0,0,,0,mention
de-casabianca,DE CASABIANCA,Chamber of Deputies,0,,0,0,,,,0,,0,0,0,0,,0,mention
de-castellane-j,Jean de Castellane,Chamber of Deputies,0,,0,0,,,,0,,0,0,0,0,,0,mention
de-crequi-de-montfort-de-courtivron-p,Paul de Créqui de Montfort de Courtivron,Chamber of Deputies,0,,0,0,,,,0,,0,0,0,0,,0,mention
de-douville-maillefeu,de Douville-Maillefeu,Chamber of Deputies,0,,0,0,,,,0,,0,0,0,0,,0,mention
de-fels-a,André de Fels,Chamber of Deputies,0,,0,0,1928,1932,4,0,,0,0,0,0,,0,mention
de-fourment-a,Auguste de Fourment,Chamber of Deputies,0,,0,0,1878,1878,0,0,,0,0,0,0,,0,mention
de-gontaut-biron-j,Joseph de Gontaut-Biron,Chamber of Deputies,0,,0,0,,,,0,,0,0,0,0,,0,mention
de-haut-p,Pierre de Haut,Chamber of Deputies,0,Nord,1,0,1928,1936,8,1,1930,0,0,0,0,,0,roster
de-heredia-s,S. de Héredia,Chamber of Deputies,0,,0,1,,,,0,,0,0,0,0,,0,mention
de-juigne,DE JUIGNÉ,Chamber of Deputies,0,,0,0,,,,0,,0,0,0,0,,0,mention
de-keratry-e,Émile de Kératry,Chamber of Deputies,0,Finistère,1,0,1869,1869,0,0,,0,1,2,0,Empire (transversal); Venezuela,2,mention
de-kerguezec-g,Gustave de Kerguezec,Senate,0,,0,0,,,,0,,0,0,0,0,,0,mention
de-kerjegu,de Kerjégu,Chamber of Deputies,0,,0,0,,,,0,,0,0,0,0,,0,mention
de-kerquezec-g,Gustave de Kerquezec,Senate,0,Côtes-du-Nord,1,0,,,,1,1936,0,1,2,0,Algérie; Empire (transversal),2,roster
de-la-chevreliere-c,Charles de la Chevrelière,Chamber of Deputies,0,Deux-Sèvres,1,0,1898,1902,4,0,,0,0,0,0,,0,mention
de-la-porte,De La Porte,Chamber of Deputies,0,,0,0,,,,0,,0,0,0,0,,0,mention
de-la-riboisiere-fernand,de La RIBOISIÈRE Fernand,Chamber of Deputies,0,Ille-et-Vilaine,1,0,,,,0,,0,0,0,0,,0,mention
de-landevoisin-lauraine-a,A. DE LANDEVOISIN-LAURAINE,Chamber of Deputies,0,,0,0,,,,0,,0,0,0,0,,0,mention
de-lanessan,de Lanessan,Chamber of Deputies,0,Seine,1,0,,,,0,,0,0,0,0,,0,mention
de-lanessan-j,J. de Lanessan,Chamber of Deputies,0,,0,0,,,,0,,0,0,0,0,,0,mention
de-lareinty,de Lareinty,Senate,0,,0,0,,,,0,,0,1,1,0,Algérie,1,mention
de-laroche-joubert-e,Edgard de Laroche-Joubert,Chamber of Deputies,0,Charente,1,0,1884,1906,22,0,,0,1,3,0,Afrique équatoriale française; Algérie,2,mention
de-lasteyrie-c,Charles de Lasteyrie,Chamber of Deputies,0,Corrèze,1,0,,,,1,1924,0,0,0,0,,0,mention; roster
de-lasteyrie-du-saillant-c,Charles de Lasteyrie du Saillant,Chamber of Deputies,0,Corrèze,1,1,1919,1924,5,0,,0,0,0,0,,0,mention
de-laurens-castelet-o,Olivier de Laurens-Castelet,Chamber of Deputies,0,Aude,1,0,1902,1906,4,0,,0,0,0,0,,0,mention
de-lavergne-de-cerval-f,Fernand de Lavergne de Cerval,Chamber of Deputies,0,Corrèze,1,1,,,,0,,0,0,0,0,,0,mention
de-lesseps-t,Théodore de Lesseps,Senate,0,,0,0,,,,0,,0,0,0,0,,0,mention
de-lestapis-s,Samuel de Lestapis,Chamber of Deputies,0,,0,0,,,,0,,0,0,0,0,,0,mention
de-loys-chandieu-h,Henry de Loys-Chandieu,Chamber of Deputies,0,Haut-Rhin,1,0,1802,1865,63,0,,0,0,0,0,,0,mention
de-mahy,DE MAHY,Chamber of Deputies,0,Réunion,1,1,,,,0,,0,0,0,0,,0,mention
de-marcere-e,Émile de Marcère,Chamber of Deputies; Senate,1,,0,0,1876,1918,42,0,,0,0,0,0,,0,mention
de-menthon-bernard,de MENTHON Bernard,Chamber of Deputies,0,Haute-Saône,1,0,,,,1,1930,0,0,0,0,,0,mention; roster
de-monpezat,de Monpezat,Chamber of Deputies,0,Saigon,1,0,,,,0,,0,0,0,0,,0,mention
de-monplanet-h,Henri de Monplanet,Chamber of Deputies,0,,0,0,,,,0,,0,1,6,0,Algérie; Empire (transversal),2,mention
de-montebello-a,Adrien de Montebello,Chamber of Deputies,0,Reims,1,0,,,,0,,0,1,1,0,Gabon,1,mention
de-montgolfier-p,Pierre-Louis-Adrien de Montgolfier,Senate,0,,0,0,,,,0,,0,0,0,0,,0,mention
de-monti-de-reze,de Monti de Rézé,Chamber of Deputies,0,,0,1,,,,0,,0,0,0,0,,0,mention
de-monzie,De Monzie,Chamber of Deputies; Senate,1,Lot,1,0,,,,0,,0,0,0,0,,0,mention
de-monzie-a,A. de Monzie,Chamber of Deputies,0,,0,1,,,,0,,0,0,0,0,,0,mention
de-moustier,De Moustier,Chamber of Deputies; Senate,1,Doubs,1,0,,,,0,,0,0,0,0,,0,mention
de-mun-a,Adrien Albert Marie de Mun,Chamber of Deputies,0,,0,0,1861,1944,83,0,,0,1,1,0,Chili,1,mention
de-mun-bertrand,de MUN Bertrand,Chamber of Deputies,0,Marne,1,0,,,,1,1930,0,0,0,0,,0,mention; roster
de-naleche-l,Louis de Nalèche,Chamber of Deputies,0,,0,0,1876,1879,3,0,,0,0,0,0,,0,mention
de-ramel-f,François de Ramel,Chamber of Deputies,0,Gard,1,0,,,,1,1936,0,1,1,0,Empire (transversal),1,roster
de-rouvre,de Rouvre,Chamber of Deputies,0,,0,0,,,,0,,0,0,0,0,,0,mention
de-rouvre-c,Charles de Rouvre,Chamber of Deputies,0,,0,0,,,,0,,0,1,3,0,Afrique occidentale française; Maroc,2,mention
de-saint-quentin,De Saint-Quentin,Senate,0,Calvados,1,0,,,,1,1930,0,0,0,0,,0,mention; roster
de-seynes-e,Étienne de Seynes,Chamber of Deputies,0,Gard,1,0,,,,1,1924,0,0,0,0,,0,mention; roster
de-solages-j,Jérôme Ludovic de Solages,Chamber of Deputies,0,Tarn,1,0,1889,1892,3,0,,0,0,0,0,,0,mention
de-soubeyran-g,Georges de Soubeyran,Chamber of Deputies,0,Loudun,1,0,1863,1893,30,0,,0,0,0,0,,0,mention
de-tastes,de Tastes,Chamber of Deputies,0,Paris,1,0,,,,0,,0,0,0,0,,0,mention
de-tastes-l,L. de Tastes,Chamber of Deputies,0,Paris,1,0,,,,0,,0,1,1,0,Indochine,1,mention
de-tessan-f,F. de Tessan,Chamber of Deputies,0,,0,0,,,,0,,0,0,0,0,,0,mention
de-thomasson-r,Raoul de Thomasson,Chamber of Deputies,0,Maine-et-Loire,1,0,1881,1893,12,0,,0,0,0,0,,0,mention
de-tinguy-du-pouet-j,Jean de Tinguy du Pouët,Chamber of Deputies,0,Vendée,1,0,,,,0,,0,0,0,0,,0,mention
de-verninac,de Verninac,Senate,0,,0,0,,,,0,,0,1,1,0,Indochine,1,mention
de-vogue-f,François de Vogüé,Chamber of Deputies,0,Fédération,1,0,1919,1932,13,0,,0,1,2,0,Maroc,1,mention
de-warren,de Warren,Chamber of Deputies,0,Meurthe-et-Moselle,1,0,,,,0,,0,0,0,0,,0,mention
de-warren-e,Édouard de Warren,Chamber of Deputies,0,Meurthe-et-Moselle,1,0,,,,1,1924,0,1,1,0,Algérie,1,mention; roster
de-warren-edouard,de Warren Edouard,Chamber of Deputies,0,,0,0,,,,0,,0,0,0,0,,0,mention
de-wendel-f,FRANÇOIS DE WENDEL,Chamber of Deputies; Senate,1,Meurthe-et-Moselle,1,0,1914,1933,19,2,1932; 1936,0,1,9,0,Empire (transversal); Indochine; Maroc,3,mention; roster
debierre-c,Charles Debierre,Senate,0,Nord,1,0,,,,2,1930; 1932,0,1,2,0,Empire (transversal); Maroc,2,mention; roster
debre-m,Michel Debré,Senate,0,Indre-et-Loire,1,0,,,,1,1954,0,1,1,0,Empire (transversal),1,roster
decauville,Decauville,Senate,0,,0,0,,,,0,,1,0,0,0,,0,mention
decauville-p-pierre,Paul Decauville,Senate,0,,0,1,,,,0,,0,1,1,0,Empire (transversal),1,mention
dechelette-j,Joannès Déchelette,Chamber of Deputies,0,Loire,1,0,1912,1914,2,0,,0,1,2,0,Maroc; Tunisie,2,mention
decker-d,DAVID DECKER,Chamber of Deputies,0,,0,0,,,,0,,0,0,0,0,,0,mention
decker-david,Decker-David,Senate,0,,0,0,,,,0,,1,0,0,0,,0,mention
decrais-a,Albert Decrais,Chamber of Deputies; Senate,1,,0,1,1897,1915,18,0,,0,0,0,0,,0,mention
defarge,Defarge,Senate,0,,0,0,,,,0,,1,0,0,0,,0,mention
dehen-a,Albert Dehen,Chamber of Deputies,0,La,1,0,,,,0,,0,0,0,0,,0,mention
delafosse-j,Jules Delafosse,Chamber of Deputies,0,Calvados,1,0,1878,1916,38,0,,0,0,0,0,,0,mention
delamarre-e,Émile Delamarre,Chamber of Deputies,0,,0,0,,,,0,,0,0,0,0,,0,mention
delanoue-puis-edmond-thierry-delanoue-t,"Thierry Delanoue, puis Edmond Thierry-Delanoue",Chamber of Deputies,0,Aube,1,0,1902,1906,4,0,,0,0,0,0,,0,mention
delaroche,Delaroche,Chamber of Deputies,0,,0,0,,,,0,,1,0,0,0,,0,mention
delaunay,Delaunay,Chamber of Deputies,0,,0,0,,,,0,,1,1,1,0,Indochine,1,mention
delaunay-r,Raphaël Delaunay,Chamber of Deputies,0,,0,0,,,,0,,0,1,2,0,Empire (transversal); Inde (Comptoirs français de l’),2,mention
delaune-m,Marcel Delaune,Chamber of Deputies,0,Nord,1,0,,,,0,,0,1,3,0,Afrique occidentale française; Empire (transversal); Maroc,3,mention
delay,Delay,Senate,0,Loire,1,0,,,,1,1932,1,0,0,0,,0,roster
delesalle-c,Charles Delesalle,Chamber of Deputies; Senate,1,Pas-de-Calais,1,0,,,,2,1932; 1936,0,0,0,0,,0,roster
deligne-m,Maurice Deligne,Chamber of Deputies,0,Nord,1,0,1928,1936,8,2,1932; 1936,0,1,1,0,Empire (transversal),1,roster
della-torre-dr-luigi,Della Torre Dr. Luigi,Senate,0,,0,0,,,,0,,0,0,0,0,,0,mention
delmont,Delmont,Chamber of Deputies,0,,0,0,,,,0,,1,0,0,0,,0,mention
delmont-a,Alcide Delmont,Chamber of Deputies,0,Martinique,1,1,,,,0,,0,0,0,0,,0,mention
deloncle,Deloncle,Chamber of Deputies; Senate,1,Cochinchine; Indo-Chine,2,1,,,,0,,1,1,1,0,Maroc,1,mention
deloncle-c,Charles Deloncle,Chamber of Deputies,0,,0,0,1904,1914,10,2,1930; 1932,0,1,1,0,Empire ottoman/Turquie,1,roster
deloncle-f,François Deloncle,Chamber of Deputies,0,Basses-Alpes; Cochinchine; Indo-Chine,3,1,1889,1910,21,0,,0,0,0,0,,0,mention
delpech,Delpech,Chamber of Deputies,0,,0,0,,,,0,,1,1,8,0,Afrique occidentale française; Indochine; Madagascar; Maroc,4,mention
delpech-a,Auguste Delpech,Senate,0,Gauche,1,0,1894,1912,18,0,,0,1,1,0,Algérie,1,mention
delpech-l,Louis Delpech,Chamber of Deputies,0,Vaucluse,1,0,1889,1893,4,0,,0,0,0,0,,0,mention
demellier-l,Louis Demellier,Chamber of Deputies,0,,0,0,1906,1919,13,3,1930; 1932; 1936,0,0,0,0,,0,roster
denais-j,Joseph DENAIS,Chamber of Deputies,0,Seine,1,0,1911,1955,44,4,1930; 1932; 1936; 1954,0,1,3,0,Afrique occidentale française; Empire (transversal); Syrie-Liban,3,mention; roster
denecheau,Denécheau,Chamber of Deputies,0,,0,0,,,,0,,1,0,0,0,,0,mention
denis,Denis,Chamber of Deputies,0,,0,0,,,,0,,1,1,9,0,Afrique occidentale française; Afrique équatoriale française; Algérie; Empire (transversal); Indochine; Maroc,6,mention
denise-p,Paul Denise,Chamber of Deputies,0,,0,1,1919,1924,5,0,,0,0,0,0,,0,mention
denormandie-e,Ernest Denormandie,Chamber of Deputies; Senate,1,Seine,1,0,1871,1881,10,0,,0,0,0,0,,0,mention
deproge,Deproge,Chamber of Deputies,0,Martinique,1,0,,,,0,,1,0,0,0,,0,mention
depute-de-l-eure,Député de l'Eure,Chamber of Deputies,0,Eure,1,0,1902,1910,8,0,,0,0,0,0,,0,mention
deregnaucourt-j,Jules Deregnaucourt,Chamber of Deputies,0,Nord,1,0,1871,1876,5,0,,0,0,0,0,,0,mention
dernieres-additions-anquetil-paul,DERNIÈRES ADDITIONS ANQUETIL Paul,Chamber of Deputies,0,Seine-Inférieure,1,0,,,,0,,0,0,0,0,,0,mention
des-rotours-g,Guillaume des Rotours,Chamber of Deputies; Senate,1,,0,0,1919,1942,23,0,,0,1,1,0,Maroc,1,mention
desbons-j,Jean Desbons,Chamber of Deputies,0,,0,0,,,,0,,0,0,0,0,,0,mention
deschanel-p,Paul Deschanel,Chamber of Deputies,0,,0,0,,,,0,,0,1,2,0,Algérie; Indochine,2,mention
descubes-a,A. Descubes,Chamber of Deputies,0,,0,0,,,,0,,0,0,0,0,,0,mention
desfosses,Desfossés,Senate,0,Aisne; Maine-et-Loire,2,0,,,,3,1930; 1932; 1936,1,0,0,0,,0,roster
desgranges-p,Pierre DESGRANGES,Chamber of Deputies,0,Loire,1,0,,,,1,1954,0,0,0,0,,0,mention; roster
desjardins-c,Charles Desjardins,Senate,0,Aisne,1,0,,,,1,1936,0,0,0,0,,0,roster
desmons,Desmons,Senate,0,,0,0,,,,0,,1,0,0,0,,0,mention
develle-e,Edmond Develle,Chamber of Deputies; Senate,1,,0,0,1879,1879,0,0,,0,1,3,0,Algérie; Empire (transversal),2,mention
deves,Devès,Senate,0,,0,1,,,,0,,1,1,8,0,Afrique occidentale française; Afrique équatoriale française; Algérie; Bolivie; Djibouti; Gabon,6,mention
deves-p,Paul Devès,Chamber of Deputies; Senate,1,Cantal; Hérault,2,1,1876,1899,23,0,,0,1,9,0,Afrique occidentale francaise; Afrique occidentale française; Algérie,3,mention
devinat-p,Paul Devinat,Chamber of Deputies,0,Saône-et-Loire,1,0,1935,1935,0,1,1954,0,0,0,0,,0,roster
deyron-l,Léon Deyron,Chamber of Deputies,0,,0,0,1945,1946,1,0,,0,1,6,0,Algérie; Tunisie,2,mention
dg-plm,DG PLM,Chamber of Deputies,0,Hautes-Alpes,1,0,1919,1923,4,0,,0,0,0,0,,0,mention
diagne-b,Blaise Diagne,Chamber of Deputies,0,Sénégal,1,0,1914,1934,20,3,1924; 1930; 1932,0,1,5,0,Afrique occidentale française,1,mention; roster
diebolt-weber-m,Michel Diebolt-Weber,Senate,0,Bas-Rhin; Haut-Rhin,2,0,,,,3,1924; 1930; 1932,0,1,3,0,Empire (transversal),1,mention; roster
diethelm,Diethelm,Senate,0,,0,0,,,,0,,1,1,4,0,Indochine,1,mention
dietz-monin,Dietz-Monin,Chamber of Deputies,0,,0,0,,,,0,,1,0,0,0,,0,mention
dietz-monnin-c,Charles Dietz-Monnin,Chamber of Deputies; Senate,1,Seine,1,0,1871,1882,11,0,,0,0,0,0,,0,mention
dieudonne-bacot-de-romand-j,Jules Dieudonné Bacot de Romand,Chamber of Deputies,0,Indre-et-Loire,1,0,,,,0,,0,0,0,0,,0,mention
dion-a,Albert Dion,Senate,0,Loire-Inférieure,1,0,,,,1,1936,0,1,1,0,Empire (transversal),1,roster
dior-l-louis,Lucien Dior,Chamber of Deputies,0,Manche,1,1,1906,1932,26,3,1924; 1930; 1932,0,1,2,2,Algérie; Empire (transversal),2,mention; roster
diouf-g,Galandou Diouf,Chamber of Deputies,0,Sénégal,1,0,,,,0,,0,0,0,0,,0,mention
djimeco-kogbevi-d,Delonix Djimèco Kogbévi,Chamber of Deputies,0,,0,0,,,,0,,0,0,0,0,,0,mention
dommange-r,René Dommange,Chamber of Deputies,0,Paris; Seine,2,0,,,,1,1936,0,0,0,0,,0,mention; roster
donadei-a,Alfred Donadei,Chamber of Deputies,0,,0,0,1906,1914,8,2,1930; 1932,0,1,1,0,Afrique équatoriale française,1,roster
donnes-modifications-aux-noms-deja,DONNÉS Modifications Aux Noms Déjà,Senate,0,Seine,1,0,,,,1,1924,0,0,0,0,,0,roster
donon,Donon,Senate,0,Loiret,1,0,,,,1,1924,1,1,2,0,Empire (transversal),1,roster
donon-m,Marcel Donon,Senate,0,Loiret,1,1,1920,1941,21,3,1930; 1932; 1936,0,1,3,0,Empire (transversal); Syrie-Liban,2,mention; roster
dormoy-m,Marx Dormoy,Senate,0,,0,1,,,,0,,0,0,0,0,,0,mention
doumer-p,Paul Doumer,Chamber of Deputies; Senate,1,Corse,1,0,1912,1931,19,2,1924; 1930,0,1,4,0,Chine; Empire (transversal); Indochine,3,mention; roster
doumergue-g,Doumergue,Chamber of Deputies,0,Gard,1,0,,,,0,,1,1,3,0,Afrique occidentale française; Empire (transversal); Indochine,3,mention
dreyfus-c,Camille Dreyfus,Chamber of Deputies,0,Seine,1,0,,,,0,,0,1,1,0,Algérie,1,mention
dreyfus-l,Louis Dreyfus,Chamber of Deputies,0,Alpes-Maritimes,1,0,,,,2,1932; 1936,0,1,2,2,Empire (transversal); Tunisie,2,roster
drouhet,Drouhet,Senate,0,Réunion,1,1,,,,0,,1,0,0,0,,0,mention
du-breil-de-pontbriand,DU BREIL DE PONTBRIAND,Chamber of Deputies,0,,0,0,,,,0,,0,0,0,0,,0,mention
du-gabon-a,A. du Gabon,Senate,0,Communauté,1,0,1959,1961,2,0,,0,0,0,0,,0,mention
dubief-f,Fernand Dubief,Chamber of Deputies,0,Saône-et-Loire,1,1,1893,1919,26,0,,0,0,0,0,,0,mention
duboin,Duboin,Chamber of Deputies,0,,0,1,,,,0,,1,1,3,0,Empire (transversal); Maroc,2,mention
duboin-j,Jacques DUBOIN,Chamber of Deputies,0,Haute-Savoie,1,0,,,,2,1924; 1930,0,1,8,0,Empire (transversal); Indochine; Maroc,3,mention; roster
dubois-l,Louis Dubois,Chamber of Deputies,0,,0,1,,,,0,,0,1,4,0,Afrique occidentale française; Algérie; Congo-Brazzaville ou Moyen-Congo; Madagascar,4,mention
dubost-a,Antonin Dubost,Senate,0,Isère,1,1,,,,0,,0,0,0,0,,0,mention
duchesne-fournet-p,Pierre Duchesne-Fournet,Chamber of Deputies,0,Calvados,1,0,1932,1942,10,1,1936,0,1,3,0,Afrique occidentale française; Sénégal,2,mention; roster
duchet-r,Roger DUCHET,Senate,0,Côte-d’Or,1,1,,,,1,1954,0,0,0,0,,0,mention; roster
duclerc,Duclerc,Senate,0,,0,0,,,,0,,1,1,2,0,Algérie,1,mention
dufour-p-pierre,Paul Dufour,Chamber of Deputies,0,,0,0,1876,1889,13,0,,0,1,2,0,Empire (transversal); Maroc,2,mention
dugue-de-la-fauconnerie,Dugué de la Fauconnerie,Chamber of Deputies,0,Orne,1,0,1869,1893,24,0,,0,1,1,0,Indochine,1,mention
dugue-de-la-fauconnerie-h,Henri Dugué de la Fauconnerie,Chamber of Deputies,0,Orne,1,0,1869,1881,12,0,,0,0,0,0,,0,mention
dugueyt-p,Paul Dugueyt,Chamber of Deputies,0,Isère,1,0,1919,1924,5,1,1924,0,1,4,1,Afrique occidentale française; Afrique équatoriale française,2,mention; roster
dulin-a,André Dulin,Senate,0,Charente-Maritime,1,0,,,,1,1954,0,1,1,0,Empire (transversal),1,roster
duluc,Duluc,Senate,0,,0,0,,,,0,,1,0,0,0,,0,mention
duluc-h,Henrique Duluc,Chamber of Deputies; Senate,1,Cochinchine,1,0,,,,0,,0,0,0,0,,0,mention
duluc-l,Louis Duluc,Chamber of Deputies,0,Inde,1,0,1898,1906,8,0,,0,0,0,0,,0,mention
dumat-l,Louis Dumat,Chamber of Deputies,0,Seine,1,0,1928,1932,4,2,1930; 1932,0,0,0,0,,0,roster
dumont,Dumont,Chamber of Deputies,0,Indre,1,0,,,,0,,1,1,3,0,Algérie; Macédoine,2,mention
dumont-c,Charles Dumont,Chamber of Deputies; Senate,1,Jura,1,1,,,,4,1924; 1930; 1932; 1936,0,1,5,0,Afrique occidentale française; Algérie; Comores; Indochine,4,mention; roster
dunaime-h,Henri DUNAIME,Chamber of Deputies,0,Ardennes,1,0,,,,1,1930,0,0,0,0,,0,mention; roster
dupont-f,F. Dupont,Chamber of Deputies,0,Paris,1,0,,,,0,,0,1,4,0,Afrique équatoriale française; Empire (transversal),2,mention
dupraz-j,Johannès Dupraz,Chamber of Deputies,0,Indre-et-Loire; M,2,0,,,,1,1954,0,1,4,0,Empire (transversal); Indochine; Tunisie,3,mention; roster
dupraz-joannes,DUPRAZ Joannès,Chamber of Deputies,0,Indre-et-Loire,1,0,,,,0,,0,0,0,0,,0,mention
dupuy,Dupuy,Chamber of Deputies,0,Inde,1,0,,,,0,,1,1,7,0,Afrique occidentale française; Algérie; Empire (transversal); Indochine,4,mention
dupuy-p-pierre,Pierre DUPUY,Chamber of Deputies,0,Inde; Seine,2,0,,,,2,1930; 1936,0,1,1,0,Empire (transversal),1,mention; roster
durand-j,Julien Durand,Chamber of Deputies; Senate,1,Aude,1,1,,,,4,1924; 1930; 1932; 1936,0,1,3,0,Empire (transversal),1,mention; roster
durand-reville-l,Luc Durand-Reville,Senate,0,Gabon,1,0,,,,1,1954,0,1,11,0,Afrique occidentale française; Afrique équatoriale française; Côte d'Ivoire; Indochine,4,roster
durand-reville-luc,DURAND-REVILLE Luc,Senate,0,Gabon,1,0,,,,0,,0,0,0,0,,0,mention
dureau-de-vautcomte,Dureau de Vautcomte,Chamber of Deputies,0,Réunion,1,1,,,,0,,0,0,0,0,,0,mention
durieux,Durieux,Senate,0,Pas-de-Calais,1,0,,,,0,,1,0,0,0,,0,mention
duroux-j,Duroux,Senate,0,Alger,1,1,,,,0,,1,0,0,0,,0,mention
duroux-j-jean,Jacques Duroux,Senate,0,Alger,1,0,,,,3,1930; 1932; 1936,0,1,2,0,Algérie,1,roster
dutreil-m,Maurice Dutreil,Chamber of Deputies,0,Mayenne,1,0,1902,1928,26,2,1924; 1930,0,1,4,0,Afrique equatoriale francaise; Afrique occidentale française; Empire (transversal),3,mention; roster
duval-arnould-l,Louis DUVAL-ARNOULD,Chamber of Deputies,0,Seine,1,0,1919,1936,17,3,1922; 1924; 1930,0,1,1,0,Indochine,1,mention; roster
duvaux,Duvaux,Chamber of Deputies,0,M.R.P,1,0,,,,0,,1,1,2,0,Algérie; Madagascar,2,mention
e-estebe-paul,E ESTÈBE Paul,Chamber of Deputies,0,Gironde,1,0,,,,0,,0,0,0,0,,0,mention
eccard-f-frederic,François Eccard,Senate,0,Bas-Rhin,1,0,,,,3,1924; 1930; 1932,0,1,1,0,Afrique occidentale française,1,roster
economique-t,Tribune Economique,Chamber of Deputies,0,,0,0,1945,1958,13,0,,0,0,0,0,,0,mention
edm-caze,Edm. Caze,Chamber of Deputies,0,,0,0,1890,1893,3,0,,0,1,1,0,Gabon,1,mention
edmond-leblanc,Ed[mond] Leblanc,Chamber of Deputies,0,Mayenne,1,0,,,,0,,0,0,0,0,,0,mention
edouard-flaminio-corniglion-molinier,Édouard-Flaminio Corniglion-Molinier,Senate,0,,0,0,,,,1,1954,0,0,0,0,,0,roster
elbel-p,Paul Elbel,Chamber of Deputies,0,Vosges,1,1,,,,1,1936,0,0,0,0,,0,mention; roster
elby-j,Jules Elby,Senate,0,Pas-de-Calais,1,0,1923,1933,10,3,1924; 1930; 1932,0,1,2,0,Algérie; Tunisie,2,roster
ellen-prevot-g,Gabriel Ellen-Prévot,Chamber of Deputies,0,Haute-Garonne,1,0,,,,0,,0,1,1,0,Maroc,1,mention
elu-perchot,Elu. Perchot,Chamber of Deputies,0,,0,0,,,,0,,0,0,0,0,,0,mention
emile-brelay,[Émile] BRELAY,Chamber of Deputies,0,Paris,1,0,,,,0,,0,0,0,0,,0,mention
emile-delmas,[Émile] DELMAS,Chamber of Deputies,0,Charente-Inférieure,1,0,,,,0,,0,0,0,0,,0,mention
en-angleterre-e,Et en Angleterre,Chamber of Deputies,0,Deux-Sèvres,1,0,1893,1898,5,0,,0,0,0,0,,0,mention
engerand-f,Fernand Engerand,Chamber of Deputies,0,Calvados,1,0,1902,1936,34,2,1930; 1932,0,0,0,0,,0,roster
ert-de-montaigu,ERT. DE MONTAIGU,Chamber of Deputies,0,Loire-Inférieure,1,0,,,,0,,0,0,0,0,,0,mention
escartefigue-m,Marius Escartefigue,Chamber of Deputies,0,Var,1,0,1932,1942,10,2,1930; 1932,0,0,0,0,,0,roster
escudier-p,Paul ESCUDIER,Chamber of Deputies,0,Seine,1,0,1910,1931,21,3,1924; 1930; 1932,0,1,2,0,Empire (transversal); Empire ottoman/Turquie,2,mention; roster
espivent-de-la-villesboisnet-a,Arthur Espivent de la Villesboisnet,Chamber of Deputies,0,Morbihan,1,0,1914,1919,5,0,,0,1,3,0,Afrique occidentale française; Chine; Indochine,3,mention
estebe-p,Paul Estèbe,Chamber of Deputies,0,Gironde,1,0,,,,1,1954,0,0,0,0,,0,roster
estournelles-de-constant,ESTOURNELLES de CONSTANT,Chamber of Deputies; Senate,1,Sarthe,1,1,,,,0,,0,0,0,0,,0,mention
et-haute-volta-louis-proust,ET HAUTE-VOLTA Louis Proust,Chamber of Deputies,0,,0,0,,,,0,,0,0,0,0,,0,mention
etienne,Étienne,Chamber of Deputies,0,Oran,1,0,,,,0,,1,1,5,0,Afrique occidentale française; Empire (transversal); Indochine; Tunisie,4,mention
etienne-e,Eugène Étienne,Chamber of Deputies; Senate,1,Oran,1,1,,,,0,,0,0,0,0,,0,mention
eug-reveillaud,Eug. Réveillaud,Chamber of Deputies; Senate,1,Chte-Mme,1,0,,,,0,,0,1,1,0,Maroc,1,mention
evain-de-vendeuvre,Évain de Vendeuvre,Chamber of Deputies,0,,0,0,,,,0,,0,0,0,0,,0,mention
even-p,Pierre Even,Senate,0,Côtes-du-Nord,1,0,,,,1,1936,0,0,0,0,,0,roster
expert-bezancon-c,Charles Expert-Bezançon,Senate,0,,0,0,1900,1900,0,0,,0,1,1,0,"Soudan français (Mali, Haute-Volta — ou Burkina-Fasso — et Niger)",1,mention
extreme-orient-ernest-haudos,Extrême-Orient Ernest Haudos,Chamber of Deputies,0,Marne,1,0,,,,0,,0,0,0,0,,0,mention
fabre-u,Ulysse Fabre,Senate,0,,0,0,,,,0,,0,0,0,0,,0,mention
faisant-j,Joseph Faisant,Chamber of Deputies,0,,0,0,,,,0,,0,1,2,0,Indochine,1,mention
falcoz,Falcoz,Chamber of Deputies,0,Savoie,1,0,,,,0,,1,0,0,0,,0,mention
falcoz-h,Henri Falcoz,Chamber of Deputies,0,Savoie,1,0,1924,1936,12,2,1932; 1936,0,0,0,0,,0,mention; roster
fao-jean-maurice-le-corbeiller,FAO. Jean-Maurice Le Corbeiller,Chamber of Deputies,0,Seine,1,0,1921,1936,15,0,,0,0,0,0,,0,mention
farjon-r,Roger Farjon,Senate,0,Pas-de-Calais,1,0,1920,1942,22,3,1930; 1932; 1936,0,1,3,0,Empire (transversal); Indochine,2,roster
faure-e,Émile-André Faure,Chamber of Deputies,0,Indre-et-Loire,1,0,1910,1936,26,3,1930; 1932; 1936,0,1,2,0,Nouvelle-Calédonie (Mélanésie),1,mention; roster
faure-f-francois,Félix Faure,Chamber of Deputies,0,Havre; Seine-Inférieure,2,1,1881,1895,14,0,,0,1,5,0,Algérie; Empire (transversal); Indochine; Tunisie,4,mention
favre-a,Albert Favre,Chamber of Deputies,0,Charente-Inférieure,1,0,,,,1,1924,0,1,1,0,Empire (transversal),1,roster
felix-granet,[Félix] Granet,Chamber of Deputies,0,,0,1,,,,0,,0,0,0,0,,0,mention
fels-a,André Fels,Chamber of Deputies,0,Seine-et-Oise,1,0,1928,1932,4,2,1930; 1932,0,1,1,0,Maroc,1,roster
feray,Feray,Senate,0,,0,0,,,,0,,1,0,0,0,,0,mention
feray-j,Jacques Feray,Chamber of Deputies; Senate,1,,0,0,1871,1891,20,0,,0,1,4,0,Empire ottoman/Turquie; Maroc,2,mention
fernand-laurent-j,Jean Fernand-Laurent,Chamber of Deputies,0,Seine,1,0,1932,1942,10,1,1936,0,0,0,0,,0,roster
ferri-p-paul,Pierre Ferri,Chamber of Deputies,0,Seine,1,0,1947,1947,0,1,1954,0,1,1,0,Afrique occidentale française,1,roster
fiancette-e,Eugène Fiancette,Chamber of Deputies,0,Seine,1,0,1929,1936,7,3,1930; 1932; 1936,0,1,1,0,Empire (transversal),1,roster
fils-de-joseph-thierry,Fils de Joseph Thierry,Chamber of Deputies,0,Bouches-du-Rhône,1,1,,,,0,,0,0,0,0,,0,mention
fiori,Fiori,Chamber of Deputies,0,Alger,1,0,,,,0,,1,0,0,0,,0,mention
flaissieres,Flaissières,Senate,0,,0,0,,,,0,,1,0,0,0,,0,mention
flaissieres-s,S. Flaissières,Senate,0,,0,0,,,,0,,0,0,0,0,,0,mention
flandin-p,Pierre-Étienne Flandin,Chamber of Deputies,0,Yonne,1,0,,,,3,1930; 1932; 1936,0,0,0,0,,0,roster
flayelle,Flayelle,Chamber of Deputies,0,,0,0,,,,1,1924,1,0,0,0,,0,mention; roster
flayelle-m,Maurice Flayelle,Chamber of Deputies,0,Vosges,1,0,1904,1926,22,4,1924; 1930; 1932; 1936,0,1,1,0,Madagascar,1,roster
fleurot-p,Paul Fleurot,Senate,0,Seine,1,0,,,,1,1936,0,1,2,0,Afrique équatoriale française,1,mention; roster
fleury-m,Marcel Fleury,Chamber of Deputies,0,Orne,1,0,,,,1,1936,0,1,3,0,Empire (transversal),1,roster
fleury-ravarin,Fleury-Ravarin,Chamber of Deputies,0,Rhône,1,0,,,,1,1924,1,0,0,0,,0,mention; roster
florent-guillain,[Florent] Guillain,Chamber of Deputies,0,Nord,1,1,1896,1910,14,0,,0,0,0,0,,0,mention
flory-c,Charles Flory,Senate,0,,0,0,,,,0,,0,1,2,0,Afrique occidentale française; Empire ottoman/Turquie,2,mention
fontanier,Fontanier,Chamber of Deputies,0,Cantal,1,1,1924,1928,4,0,,1,0,0,0,,0,mention
fontanier-h,Henry Fontanier,Chamber of Deputies,0,Cantal,1,0,,,,0,,0,0,0,0,,0,mention
forgemol-de-bostquenard-e,Edmond Forgemol de Bostquenard,Chamber of Deputies; Senate,1,,0,0,1900,1914,14,0,,0,0,0,0,,0,mention
forgeot-p,Pierre Forgeot,Chamber of Deputies,0,Marne,1,0,1914,1936,22,3,1930; 1932; 1936,0,1,1,0,Empire (transversal),1,roster
fouchier-j,Jacques Fouchier,Chamber of Deputies,0,,0,0,,,,0,,0,0,0,0,,0,mention
fougere,Fougère,Chamber of Deputies,0,,0,0,,,,0,,1,0,0,0,,0,mention
fougere-e,ÉTIENNE FOUGÈRE,Chamber of Deputies,0,Loire; L’Européen,2,0,1928,1932,4,2,1930; 1932,0,0,0,0,,0,mention; roster
fougere-h,Henry Fougère,Chamber of Deputies,0,,0,0,,,,0,,0,0,0,0,,0,mention
fould-a,Achille Fould,Chamber of Deputies,0,Basses-Pyrénées; Hautes-Pyrénées,2,0,1919,1942,23,4,1924; 1930; 1932; 1936,0,1,3,0,Afrique occidentale française,1,roster
fourcade-j,Jacques Fourcade,Chamber of Deputies,0,,0,0,,,,0,,0,0,0,0,,0,mention
fourcand-e,E. Fourcand,Senate,0,,0,0,,,,0,,0,1,1,0,Empire (transversal),1,mention
fournier-p-paul,Pierre Fournier,Chamber of Deputies,0,,0,0,,,,0,,0,1,8,0,Afrique occidentale française; Algérie; Empire (transversal); Empire ottoman/Turquie; Indochine; Madagascar,6,mention
fournier-sarloveze-r,Robert Fournier-Sarlovèze,Chamber of Deputies,0,Oise,1,0,1910,1932,22,3,1924; 1930; 1932,0,1,5,0,Afrique occidentale française; Empire (transversal); Empire ottoman/Turquie,3,roster
francois-deloncle,[François] Deloncle,Chamber of Deputies,0,Basses-Alpes,1,0,,,,0,,0,0,0,0,,0,mention
francois-gastu,[François] Gastu,Chamber of Deputies,0,Alger,1,0,,,,0,,0,1,2,0,Algérie,1,mention
francois-marsal-f,Frédéric FRANÇOIS-MARSAL,Senate,0,Cantal,1,1,,,,2,1924; 1930,0,1,11,0,Afrique occidentale française; Afrique équatoriale française; Algérie; Empire (transversal); Maroc; Syrie-Liban,6,mention; roster
francois-poncet-a-andre,André François-Poncet,Chamber of Deputies,0,Seine,1,0,1924,1932,8,2,1930; 1932,0,1,2,0,Algérie; Empire (transversal),2,roster
franklin-bouillon-h,Henry Franklin-Bouillon,Chamber of Deputies,0,Seine-et-Oise,1,0,1910,1936,26,4,1924; 1930; 1932; 1936,0,1,2,0,Algérie; Empire (transversal),2,mention; roster
frederic-dupont,Frédéric-Dupont,Chamber of Deputies,0,P.R.L,1,0,,,,0,,1,0,0,0,,0,mention
freissineng,Freissineng,Chamber of Deputies,0,,0,0,,,,1,1924,1,0,0,0,,0,roster
fremy-l,Louis Frémy,Chamber of Deputies,0,Yonne,1,0,1849,1869,20,0,,0,1,2,0,Algérie,1,mention
fribourg-a,ANDRÉ FRIBOURG,Chamber of Deputies,0,,0,0,1919,1936,17,2,1932; 1936,0,0,0,0,,0,mention; roster
froja,Froja,Senate,0,,0,0,,,,0,,1,0,0,0,,0,mention
frossard-l,Ludovic-Oscar Frossard,Chamber of Deputies,0,Martinique; Réunion,2,0,1928,1928,0,3,1930; 1932; 1936,0,1,3,0,Chine; Empire (transversal),2,roster
fruchier,Fruchier,Chamber of Deputies,0,,0,0,,,,0,,1,0,0,0,,0,mention
fruchier-r,Raoul Fruchier,Senate,0,,0,0,,,,0,,0,0,0,0,,0,mention
furaud-j,Jacques FURAUD,Chamber of Deputies,0,Charente,1,0,,,,1,1954,0,1,1,0,Afrique occidentale française,1,mention; roster
gabiat-c,C. Gabiat,Chamber of Deputies,0,,0,0,,,,0,,0,0,0,0,,0,mention
gaborit-f,Félix Gaborit,Chamber of Deputies,0,Seine-et-Marne,1,0,,,,1,1924,0,1,1,0,Afrique équatoriale française,1,roster
gaebele,Gaebelé,Senate,0,Inde,1,0,,,,1,1924,1,0,0,0,,0,roster
galmot-j,Jean Galmot,Chamber of Deputies,0,Guyane,1,0,,,,0,,0,1,1,0,Guyane française,1,mention
garnier-p,Paul Garnier,Senate,0,IIle-et-Vilaine,1,0,,,,2,1930; 1932,0,1,2,0,Empire (transversal),1,roster
gasconi,Gasconi,Chamber of Deputies,0,Sénégal,1,0,,,,0,,1,0,0,0,,0,mention
gasnier,Gasnier,Chamber of Deputies,0,Saint-Nazaire,1,0,,,,0,,1,0,0,0,,0,mention
gasparin,Gasparin,Chamber of Deputies,0,Réunion,1,1,,,,1,1924,1,0,0,0,,0,mention; roster
gasparin-l,Lucien Gasparin,Chamber of Deputies,0,La; Réunion,2,0,1906,1942,36,3,1930; 1932; 1936,0,1,2,0,Afrique occidentale française,1,mention; roster
gasser-j,J. Gasser,Senate,0,Oran,1,0,1881,1952,71,0,,0,0,0,0,,0,mention
gast-e,Edmond Gast,Chamber of Deputies,0,Seine-et-Oise,1,0,,,,0,,0,0,0,0,,0,mention
gaston-vidal-i,Industrielle Gaston Vidal,Chamber of Deputies,0,Allier,1,1,1919,1924,5,0,,0,0,0,0,,0,mention
gastu,Gastu,Chamber of Deputies,0,Alger,1,0,,,,0,,1,1,4,0,Afrique occidentale française; Algérie,2,mention
gastu-f-felix,François Gastu,Chamber of Deputies,0,Alger,1,0,1876,1881,5,0,,0,1,1,0,Algérie,1,mention
gaudin-de-villaine,Gaudin de Villaine,Senate,0,Manche,1,0,,,,0,,0,0,0,0,,0,mention
gaulle-p,Pierre Gaulle,Chamber of Deputies,0,Seine,1,0,,,,1,1954,0,1,3,0,Afrique occidentale française; Afrique équatoriale française; Empire (transversal),3,roster
gautherot,Gautherot,Senate,0,,0,0,,,,0,,1,0,0,0,,0,mention
gautherot-g,Gustave Gautherot,Senate,0,Loire-Inférieure,1,1,,,,1,1936,0,1,1,0,Indochine,1,mention; roster
gauthier,Gauthier,Senate,0,Aude,1,0,,,,0,,1,1,9,0,Afrique équatoriale française; Algérie; Empire (transversal); Indochine; Maroc,5,mention
gauvin,Gauvin,Senate,0,Loir-et-Cher,1,0,,,,3,1924; 1930; 1932,1,0,0,0,,0,roster
gauvin-e,GAUVIN E,Senate,0,Loir-et-Cher,1,0,,,,0,,0,0,0,0,,0,mention
gavazzi-l,Louis Gavazzi,Senate,0,,0,0,,,,0,,0,1,1,0,Tunisie,1,mention
gavini-j,Jacques Gavini,Chamber of Deputies,0,Corse,1,0,,,,1,1954,0,0,0,0,,0,roster
gegauff-s,Sébastien Gegauff,Senate,0,Haut-Rhin,1,0,1920,1935,15,3,1924; 1930; 1932,0,0,0,0,,0,roster
geisidoerfer-m,Michel Geisidoerfer,Chamber of Deputies,0,Côtes-du-Nord,1,0,,,,0,,0,0,0,0,,0,mention
geistdoerfer-m,Michel Geistdoerfer,Chamber of Deputies,0,Côtes-du-Nord,1,0,,,,0,,0,0,0,0,,0,mention
genet,Genet,Senate,0,,0,0,,,,0,,1,0,0,0,,0,mention
gentin-f,Fernand Gentin,Chamber of Deputies,0,Aude,1,0,,,,1,1936,0,0,0,0,,0,roster
geo-gerald,Géo-Gérald,Chamber of Deputies,0,Charente,1,0,,,,1,1924,1,0,0,0,,0,roster
geo-gerald-g,Georges Géo-Gérald,Chamber of Deputies,0,Charente,1,0,1901,1924,23,0,,0,0,0,0,,0,mention
george,George,Senate,0,,0,0,,,,0,,1,0,0,0,,0,mention
george-b,Barthélemy George,Chamber of Deputies,0,,0,0,,,,0,,0,0,0,0,,0,mention
georges-b,Barthélémy Georges,Chamber of Deputies,0,,0,0,,,,0,,0,1,1,0,Afrique équatoriale française,1,mention
georges-boussenot,[Georges] Boussenot,Chamber of Deputies,0,,0,0,,,,0,,0,0,0,0,,0,mention
gerald-g,Geo Gerald,Chamber of Deputies,0,,0,0,,,,0,,0,0,0,0,,0,mention
gerard-a-auguste,Albert Gérard,Senate,0,Ardennes,1,0,1903,1930,27,2,1924; 1930,0,1,3,0,Afrique équatoriale française; Empire (transversal); Empire ottoman/Turquie,3,mention; roster
gerard-f,François Gérard,Chamber of Deputies,0,Calvados,1,0,,,,2,1924; 1930,0,1,2,0,Algérie; Empire (transversal),2,mention; roster
gerard-g-georges,Gaston Gérard,Chamber of Deputies,0,Dijon,1,0,,,,0,,0,1,1,0,Maroc,1,mention
gerault-richard,Gérault-Richard,Chamber of Deputies,0,Guadeloupe,1,0,,,,0,,1,0,0,0,,0,mention
gerente,Gérente,Senate,0,Alger,1,1,,,,0,,1,0,0,0,,0,mention
germain,Germain,Senate,0,,0,0,,,,0,,1,1,9,0,Afrique occidentale française; Algérie; Empire (transversal); Indochine; Tunisie,5,mention
germain-martin,Germain-Martin,Chamber of Deputies,0,Hérault,1,1,,,,2,1932; 1936,1,0,0,0,,0,mention; roster
germain-martin-l,Louis Germain-Martin,Chamber of Deputies,0,Hérault,1,0,1928,1936,8,1,1930,0,0,0,0,,0,roster
gernez-r,Raymond Gernez,Chamber of Deputies,0,Nord,1,0,,,,0,,0,0,0,0,,0,mention
gervais,Gervais,Senate,0,Seine,1,1,,,,0,,1,1,1,0,Empire (transversal),1,mention
gervais-a,A. Gervais,Chamber of Deputies; Senate,1,Seine,1,0,,,,0,,0,1,1,0,Algérie,1,mention
gerville-reache,Gerville-Réache,Chamber of Deputies,0,Guadeloupe,1,0,,,,0,,1,0,0,0,,0,mention
gevelot-j,J. Gévelot,Chamber of Deputies,0,,0,1,,,,0,,0,0,0,0,,0,mention
gianotti-a,Antonin Gianotti,Chamber of Deputies,0,Alpes-Maritimes,1,0,1928,1932,4,3,1930; 1932; 1936,0,1,4,0,Abyssinie ou Ethiopie,1,roster
gignoux,Gignoux,Chamber of Deputies,0,Loire,1,0,1928,1932,4,2,1930; 1932,1,1,1,0,Empire (transversal),1,roster
giordan-j,Joseph Giordan,Chamber of Deputies; Senate,1,Corse,1,0,1931,1931,0,3,1930; 1932; 1936,0,0,0,0,,0,mention; roster
giordan-p,Giordan,Chamber of Deputies,0,Corse,1,0,,,,0,,1,1,2,0,Empire (transversal),1,mention
girard-r,Raoul Girard,Chamber of Deputies,0,Jura,1,0,,,,1,1936,0,0,0,0,,0,roster
giraud-h-henry,Hubert Giraud,Chamber of Deputies,0,B; Bouches-du; Bouches-du-Rhône,3,0,1919,1924,5,1,1924,0,1,6,0,Afrique occidentale française; Empire (transversal); Maroc,3,mention; roster
girod,Girod,Chamber of Deputies,0,Doubs,1,0,,,,1,1924,1,1,7,0,Afrique équatoriale française; Algérie; Empire ottoman/Turquie; Indochine; Tunisie,5,mention; roster
girod-a,Adolphe GIROD,Chamber of Deputies,0,Doubs,1,0,,,,2,1924; 1930,0,0,0,0,,0,mention; roster
girod-l,Louis Girod,Chamber of Deputies,0,Seine-et-Marne,1,0,,,,0,,0,1,1,0,Côte d'Ivoire,1,mention
giscard-d-estaing-e,Edmond Giscard d'Estaing,Chamber of Deputies,0,Cochinchine,1,0,1936,1942,6,0,,0,1,23,0,Afrique occidentale française; Afrique équatoriale française; Algérie; Chine; Empire (transversal); Indochine; Madagascar; Maroc,8,mention
goblet-r,René Goblet,Chamber of Deputies,0,,0,0,1881,1881,0,0,,0,0,0,0,,0,mention
gobron-g,Gustave Gobron,Chamber of Deputies; Senate,1,Ardennes,1,0,1885,1911,26,0,,0,0,0,0,,0,mention
godard-j,Justin Godard,Senate,0,,0,1,,,,0,,0,1,2,0,Algérie,1,mention
godart-j,Julien Godart,Chamber of Deputies; Senate,1,Rhône,1,1,,,,1,1936,0,0,0,0,,0,mention; roster
godin,Godin,Senate,0,,0,0,,,,0,,1,1,1,0,Tunisie,1,mention
goirand-l,Léopold Goirand,Chamber of Deputies; Senate,1,Deux-Sèvres,1,0,1887,1920,33,0,,0,1,2,0,Algérie; Indochine,2,mention
gore-a,Alexandre Goré,Senate,0,Oise,1,0,,,,1,1936,0,0,0,0,,0,roster
goude,Goude,Chamber of Deputies,0,,0,0,,,,0,,1,0,0,0,,0,mention
goude-f,F. Goude,Chamber of Deputies,0,Finistère,1,0,,,,0,,0,0,0,0,,0,mention
goujat-c,Claude Goujat,Chamber of Deputies,0,,0,0,,,,0,,0,0,0,0,,0,mention
goujon-l,Lazare Goujon,Chamber of Deputies,0,Rhône,1,0,,,,1,1936,0,0,0,0,,0,roster
gounin,Gounin,Chamber of Deputies; Senate,1,Charente,1,0,,,,0,,1,0,0,0,,0,mention
gounin-r,René Gounin,Senate,0,,0,0,,,,0,,0,0,0,0,,0,mention
gounouilhou,Gounouilhou,Chamber of Deputies,0,Gers,1,0,,,,1,1924,1,1,1,0,Maroc,1,roster
gourdeau-g,Gaston Gourdeau,Chamber of Deputies,0,Sarthe,1,0,1928,1936,8,3,1930; 1932; 1936,0,1,3,0,Afrique occidentale française; Empire (transversal),2,roster
goy-j,Jean Goy,Chamber of Deputies,0,Seine,1,0,1924,1942,18,3,1930; 1932; 1936,0,0,0,0,,0,roster
graeve-e,Eugène Graeve,Chamber of Deputies,0,Guadeloupe,1,0,1928,1936,8,3,1930; 1932; 1936,0,1,1,0,Guadeloupe et Martinique,1,mention; roster
grammont-lesparre,Grammont-Lesparre,Chamber of Deputies,0,Sarthe,1,0,1928,1932,4,2,1930; 1932,1,0,0,0,,0,roster
granet,Granet,Chamber of Deputies,0,,0,1,,,,0,,1,0,0,0,,0,mention
granet-f,Félix Granet,Chamber of Deputies,0,Bouches-du-Rhône,1,0,1881,1893,12,0,,0,1,1,0,Empire ottoman/Turquie,1,mention
gratien-a,Auguste Gratien,Chamber of Deputies,0,Seine,1,0,1928,1936,8,3,1930; 1932; 1936,0,0,0,0,,0,roster
grinda-e,Édouard Grinda,Chamber of Deputies,0,Alpes-Maritimes,1,0,1919,1932,13,3,1924; 1930; 1932,0,1,1,0,Afrique équatoriale française,1,roster
grisoni-a,André Grisoni,Chamber of Deputies,0,Seine,1,0,1932,1936,4,1,1936,0,1,1,0,Maroc,1,roster
gros-l,Louis Gros,Senate,0,,0,0,,,,0,,0,1,1,0,Tunisie,1,mention
grosdidier-r,Réné Grosdidier,Senate,0,,0,0,,,,0,,0,1,1,0,Maroc,1,mention
groussau-c,Constant Groussau,Chamber of Deputies,0,Nord,1,0,1902,1936,34,3,1930; 1932; 1936,0,0,0,0,,0,roster
guastavino,Guastavino,Chamber of Deputies,0,,0,0,,,,0,,1,0,0,0,,0,mention
guenin-de-suares-comte-d-aulan-f,"François Guénin de Suarès, comte d'Aulan",Chamber of Deputies,0,Drôme,1,0,1898,1902,4,0,,0,0,0,0,,0,mention
guernier,Guernier,Chamber of Deputies,0,,0,0,,,,0,,1,1,3,0,Afrique occidentale française; Indochine; Maroc,3,mention
guernier-c,Charles Guernier,Chamber of Deputies,0,Ille-et-Vilaine,1,1,1853,1942,89,4,1924; 1930; 1932; 1936,0,0,0,0,,0,mention; roster
guglielmo-marconi,Guglielmo-Marconi,Senate,0,,0,0,,,,0,,1,0,0,0,,0,mention
guibert-d,Denis Guibert,Chamber of Deputies,0,Martinique,1,0,1898,1902,4,0,,0,0,0,0,,0,mention
guichard,Guichard,Chamber of Deputies,0,Yonne,1,0,,,,0,,1,1,3,0,Empire (transversal); Indochine; Maroc,3,mention
guieysse,Guieysse,Chamber of Deputies,0,,0,1,,,,0,,1,0,0,0,,0,mention
guieysse-p,Paul Guieysse,Chamber of Deputies,0,,0,0,,,,0,,0,1,9,0,Afrique occidentale française; Empire (transversal),2,mention
guillain,Guillain,Chamber of Deputies,0,,0,1,,,,0,,1,1,2,0,Algérie; Indochine,2,mention
guillain-f,F. Guillain,Chamber of Deputies,0,,0,1,,,,0,,0,0,0,0,,0,mention
guillemin-e,Ernest Guillemin,Chamber of Deputies,0,Nord,1,0,1876,1885,9,0,,0,0,0,0,,0,mention
guilloteaux,Guilloteaux,Senate,0,Morbihan,1,0,,,,0,,1,0,0,0,,0,mention
guist-hau-g,Gabriel Guist'hau,Chamber of Deputies,0,Loire-Inférieure,1,0,,,,1,1924,0,0,0,0,,0,roster
guy-de-wendel,Guy de Wendel,Chamber of Deputies,0,Moselle,1,0,1919,1927,8,3,1924; 1932; 1936,0,1,6,0,Algérie; Empire (transversal); Maroc; Syrie-Liban,4,roster
guy-h,Henri Guy,Chamber of Deputies,0,Haute-Saône,1,0,1928,1932,4,2,1930; 1932,0,0,0,0,,0,roster
guy-la-chambre,Guy La Chambre,Chamber of Deputies,0,,0,1,,,,0,,0,0,0,0,,0,mention
hachette,Hachette,Senate,0,,0,0,,,,0,,1,1,2,0,Djibouti; Maroc,2,mention
hachette-r-roger,René Hachette,Senate,0,Aisne,1,0,1891,1969,78,1,1936,0,1,1,0,Afrique occidentale française,1,mention; roster
hamani-diori,[Hamani] Diori,Chamber of Deputies,0,Niger,1,1,,,,0,,0,0,0,0,,0,mention
harent-j,Joseph Harent,Senate,0,Somme,1,0,,,,1,1936,0,0,0,0,,0,roster
harty-de-pierrebourg-o,Olivier Harty de Pierrebourg,Chamber of Deputies,0,Creuse,1,0,,,,1,1954,0,0,0,0,,0,roster
haudes-e,Ernest HAUDES,Senate,0,Marne,1,0,,,,0,,0,0,0,0,,0,mention
haudos,Haudos,Chamber of Deputies,0,Marne,1,0,,,,0,,1,0,0,0,,0,mention
haudos-e,Ernest Haudos,Chamber of Deputies; Senate,1,Marne,1,0,,,,0,,0,0,0,0,,0,mention
hauet-a,Albert Hauet,Chamber of Deputies,0,Aisne; DE,2,0,1906,1942,36,4,1924; 1930; 1932; 1936,0,1,3,0,Empire (transversal); Indochine; Maroc,3,mention; roster
haut-de-sigy-p,Pierre Haut de Sigy,Chamber of Deputies,0,Jura,1,0,1928,1932,4,2,1930; 1932,0,1,1,0,Empire (transversal),1,roster
haye-h,Henry Haye,Senate,0,Beaumont,1,1,,,,0,,0,0,0,0,,0,mention
hayez-p,Paul Hayez,Chamber of Deputies; Senate,1,Nord,1,0,1893,1898,5,3,1924; 1930; 1932,0,1,1,0,Empire (transversal),1,roster
hebrard,Hébrard,Senate,0,,0,0,,,,0,,1,0,0,0,,0,mention
hebrard-j,Jacques Hébrard,Senate,0,Inde,1,1,,,,0,,0,0,0,0,,0,mention
helmer-a,Albert-Paul HELMER,Senate,0,Haut-Rhin,1,0,,,,2,1924; 1930,0,0,0,0,,0,mention; roster
helmer-p,Paul-Albert Helmer,Senate,0,Haut-Rhin; Rhin,2,0,,,,1,1924,0,1,1,0,Empire (transversal),1,mention; roster
hely-d-oissel-j,Jean Léonce Frédéric Hély d'Oissel,Chamber of Deputies,0,Seine-et-Oise,1,0,1889,1893,4,0,,0,0,0,0,,0,mention
hennessy-j,James Hennessy,Chamber of Deputies,0,Charente,1,0,1906,1932,26,3,1930; 1932; 1936,0,0,0,0,,0,roster
henri-cosnier-m,Madagascar Henri COSNIER,Chamber of Deputies,0,Indre,1,0,,,,0,,0,0,0,0,,0,mention
henri-iv-david-l,Lycée Henri IV. DAVID,Chamber of Deputies,0,Dordogne,1,1,1910,1924,14,0,,0,0,0,0,,0,mention
henri-joseph-dugue-de-la-fauconnerie,"Henri, Joseph Dugué de la Fauconnerie",Chamber of Deputies,0,Orne,1,0,1869,1881,12,0,,0,0,0,0,,0,mention
henri-lorin,[Henri] Lorin,Chamber of Deputies,0,Gironde,1,0,1919,1932,13,0,,0,0,0,0,,0,mention
henriot-p,Philippe Henriot,Chamber of Deputies,0,Gironde,1,0,,,,0,,0,0,0,0,,0,mention
henrique-duluc-l,Louis Henrique-Duluc,Chamber of Deputies,0,Inde,1,0,,,,0,,0,0,0,0,,0,mention
henrique-l,Louis Henrique,Chamber of Deputies,0,Inde,1,0,,,,0,,0,0,0,0,,0,mention
herriot-e,Édouard Herriot,Chamber of Deputies; Senate,1,Rhône,1,0,1919,1957,38,3,1930; 1932; 1936,0,0,0,0,,0,mention; roster
herve-d,Dont Hervé,Chamber of Deputies,0,Ille-et-Vilaine,1,0,1932,1932,0,0,,0,0,0,0,,0,mention
hervey,HERVEY,Senate,0,Le,1,0,,,,0,,1,1,1,0,Algérie,1,mention
hervey-m,Maurice Hervey,Senate,0,Eure,1,0,1912,1936,24,4,1924; 1930; 1932; 1936,0,1,3,1,Algérie; Indochine,2,mention; roster
hesse-a,André HESSE,Chamber of Deputies,0,Charente-Inférieure,1,0,,,,0,,0,0,0,0,,0,mention
hettier-de-boislambert-c,Claude Hettier de Boislambert,Chamber of Deputies,0,Manche,1,0,,,,1,1954,0,0,0,0,,0,roster
heuzey-c,Charles Heuzey,Chamber of Deputies,0,Château-Chinon; Mayenne; Nièvre,3,0,1910,1934,24,0,,0,1,5,0,Afrique occidentale française; Afrique équatoriale française; Algérie; Maroc,4,mention
hirschauer,Hirschauer,Senate,0,Moselle,1,0,1920,1942,22,3,1930; 1932; 1936,1,0,0,0,,0,roster
honel,Honel,Chamber of Deputies,0,PCF,1,0,,,,0,,1,0,0,0,,0,mention
honnorat-a,André Honnorat,Chamber of Deputies; Senate,1,Basses-Alpes,1,0,1910,1921,11,3,1930; 1932; 1936,0,0,0,0,,0,roster
honnore-g,Honnoré,Senate,0,Meuse,1,0,1879,1886,7,0,,1,1,2,0,Afrique occidentale française; Maroc,2,mention
horie,Horie,Senate,0,,0,0,,,,0,,1,0,0,0,,0,mention
hoube,Houbé,Chamber of Deputies,0,Alger,1,0,,,,0,,1,0,0,0,,0,mention
hovius-a,Auguste Hovius,Chamber of Deputies,0,,0,0,,,,0,,0,0,0,0,,0,mention
hubbard,Hubbard,Chamber of Deputies,0,,0,0,,,,0,,1,0,0,0,,0,mention
hubert,Hubert,Chamber of Deputies,0,,0,0,,,,0,,1,1,2,0,Afrique occidentale française; Empire (transversal),2,mention
hubert-l,Lucien Hubert,Chamber of Deputies; Senate,1,Ardennes,1,1,,,,0,,0,1,1,0,Empire (transversal),1,mention
hugues-le-roux,Hugues Le Roux,Senate,0,Seine-et-Oise,1,0,,,,0,,0,1,1,0,Algérie,1,mention
humbert-c,Charles Humbert,Senate,0,Meuse,1,0,,,,0,,0,0,0,0,,0,mention
humbert-g,Gustave Humbert,Senate,0,,0,0,,,,0,,0,0,0,0,,0,mention
humbert-l,Louis Humbert,Chamber of Deputies,0,Metz,1,0,,,,0,,0,0,0,0,,0,mention
humblot-f,F. Humblot,Senate,0,,0,0,,,,0,,0,0,0,0,,0,mention
hurard,Hurard,Chamber of Deputies,0,Martinique,1,1,,,,0,,1,0,0,0,,0,mention
husson-j,Jean-François Husson,Senate,0,Meurthe-et-Moselle,1,0,,,,0,,0,0,0,0,,0,mention
hymans-m,Max Hymans,Chamber of Deputies,0,Indre,1,0,,,,0,,0,1,4,0,Afrique occidentale française; Empire (transversal); Maroc,3,mention
iftikar-n,Nichant Iftikar,Senate,0,Meuse,1,0,,,,0,,0,0,0,0,,0,mention
iii-n,Napoléon III,Chamber of Deputies,0,,0,0,1854,1866,12,0,,0,0,0,0,,0,mention
inabata-k,Katsutaro Inabata,Senate,0,,0,0,,,,0,,0,0,0,0,,0,mention
industrielle-c,Compagnie Industrielle,Chamber of Deputies,0,État de Santa-Catharina,1,0,,,,0,,0,0,0,0,,0,mention
inferieure-s,Seine- Inférieure,Senate,0,,0,1,1932,1942,10,0,,0,0,0,0,,0,mention
interne-des-hopitaux-de-paris-a,Ancien interne des hôpitaux de Paris,Chamber of Deputies; Senate,1,,0,0,1913,1929,16,0,,0,0,0,0,,0,mention
intervention-de-robert-thoumyre,Intervention de Robert Thoumyre,Chamber of Deputies,0,Seine-Inférieure,1,0,,,,0,,0,0,0,0,,0,mention
isaac,Isaac,Senate,0,Guadeloupe,1,0,,,,0,,1,1,3,0,Indochine; Maroc,2,mention
isaac-a,Auguste Isaac,Chamber of Deputies,0,Rhône,1,0,,,,1,1924,0,1,1,0,Afrique occidentale française,1,roster
isoard,Isoard,Chamber of Deputies,0,Forcalquier,1,0,,,,0,,1,0,0,0,,0,mention
israel-a,Alexandre Israël,Chamber of Deputies,0,,0,0,1880,1957,77,1,1924,0,0,0,1,,0,roster
j-rouillon-a,Alfredo J. Rouillon,Chamber of Deputies,0,,0,0,,,,0,,0,1,1,0,Empire (transversal),1,mention
jacques-duboin,[Jacques] Duboin,Chamber of Deputies,0,Haute-Saône,1,0,1919,1928,9,0,,0,1,1,0,Maroc,1,mention
jacques-hebrard,[Jacques] Hébrard,Senate,0,Corse,1,0,,,,0,,0,0,0,0,,0,mention
jacques-mathieu-damien,[Jacques Mathieu] Damien,Chamber of Deputies,0,,0,0,1902,1906,4,0,,0,0,0,0,,0,mention
jacques-palotte-e,Émile Jacques-Palotte,Chamber of Deputies; Senate,1,,0,0,1871,1876,5,0,,0,0,0,0,,0,mention
japy,Japy,Senate,0,Doubs,1,0,,,,1,1924,1,0,0,0,,0,roster
japy-g,Gaston Japy,Senate,0,Doubs,1,0,,,,3,1930; 1932; 1936,0,1,1,0,Empire (transversal),1,roster
jean-carnot,[Jean] CARNOT,Chamber of Deputies,0,Charente,1,0,1924,1928,4,0,,0,0,0,0,,0,mention
jean-moreau,Jean-Moreau,Chamber of Deputies,0,Auxerre,1,0,,,,0,,1,0,0,0,,0,mention
jean-thureau-dangin,[Jean] Thureau-Dangin,Chamber of Deputies,0,Seine-Inférieure,1,0,,,,0,,0,0,0,0,,0,mention
jeanneney,Jeanneney,Senate,0,,0,0,,,,0,,1,0,0,0,,0,mention
jenouvrier,Jenouvrier,Senate,0,Ille-et-Vilaine,1,0,1905,1905,0,0,,1,0,0,0,,0,mention
jenouvrier-l,Léon Jenouvrier,Senate,0,IIle-et-Vilaine,1,0,1907,1932,25,2,1930; 1932,0,1,1,0,Algérie,1,roster
join-lambert-a,André Join-Lambert,Chamber of Deputies,0,Eure,1,0,1919,1936,17,3,1924; 1930; 1936,0,1,2,2,Empire (transversal); Indochine,2,roster
josse,Josse,Senate,0,Eure,1,0,,,,1,1924,1,1,9,0,Afrique occidentale française; Afrique équatoriale française; Empire (transversal); Empire ottoman/Turquie; Indochine,5,roster
josse-p,Prosper Josse,Chamber of Deputies; Senate,1,Eure,1,0,1900,1942,42,1,1930,0,1,5,0,Afrique occidentale française; Afrique équatoriale française,2,mention; roster
jourdain,Jourdain,Senate,0,Haut-Rhin,1,1,,,,0,,1,1,2,0,Afrique équatoriale française; La Réunion,2,mention
jourdain-p,Paul Jourdain,Chamber of Deputies; Senate,1,Haut-Rhin,1,1,,,,4,1924; 1930; 1932; 1936,0,1,5,0,Afrique occidentale française; Algérie; Empire (transversal),3,mention; roster
jovelet-a,Anatole Jovelet,Senate,0,Somme,1,0,,,,3,1930; 1932; 1936,0,0,0,0,,0,roster
judet-v,Victor Judet,Chamber of Deputies,0,,0,1,,,,0,,0,0,0,0,,0,mention
julien-j,Jules Julien,Chamber of Deputies,0,Rhône,1,0,,,,1,1936,0,1,1,0,Empire (transversal),1,roster
julien-rouland,[Julien] Rouland,Chamber of Deputies,0,Seine-Inférieure,1,0,,,,0,,0,0,0,0,,0,mention
kaya-bey-c,Chukri Kaya Bey,Chamber of Deputies,0,,0,0,,,,0,,0,0,0,0,,0,mention
kerguezec-g,Gustave Kerguézec,Senate,0,Côtes-du-Nord,1,0,,,,2,1930; 1932,0,0,0,0,,0,roster
krantz-c,Camille Krantz,Chamber of Deputies,0,Vosges; Épinal,2,1,1891,1910,19,0,,0,1,9,0,Afrique occidentale française; Algérie; Indochine; Madagascar; Maroc; Égypte,6,mention
l-lachomette-jean,L LACHOMETTE Jean,Senate,0,Haute-Loire,1,0,,,,0,,0,0,0,0,,0,mention
l-oceanie-francaise,L'Océanie Française,Chamber of Deputies,0,,0,0,,,,0,,0,0,0,0,,0,mention
labat,Labat,Chamber of Deputies,0,Gironde,1,0,,,,0,,1,0,0,0,,0,mention
labbe,Labbé,Senate,0,,0,0,,,,0,,1,1,2,0,Indochine; Tunisie,2,mention
labes-e,Édouard LABES,Chamber of Deputies,0,Morbihan,1,0,,,,1,1930,0,0,0,0,,0,mention; roster
labroue-h,Henri LABROUE,Chamber of Deputies,0,Gironde,1,1,,,,0,,0,0,0,0,,0,mention
labrousse-l,Louis Labrousse,Chamber of Deputies,0,Madagascar,1,0,1951,1955,4,1,1954,0,0,0,0,,0,mention; roster
lachomette-j,Jean Lachomette,Senate,0,Haute-Loire,1,0,,,,1,1954,0,0,0,0,,0,roster
lafagette-r,Roger Lafagette,Chamber of Deputies,0,,0,0,,,,0,,0,0,0,0,,0,mention
lafarge-r,René LAFARGE,Chamber of Deputies,0,Corrèze,1,0,,,,1,1930,0,1,1,0,Empire (transversal),1,mention; roster
lafont-e,Ernest Lafont,Chamber of Deputies,0,,0,0,,,,0,,0,0,0,0,,0,mention
lagarrosse-g,Gaston LAGARROSSE,Senate,0,Côte,1,0,,,,1,1954,0,1,2,0,Afrique occidentale française; Afrique équatoriale française,2,mention; roster
lagrosilliere,Lagrosillière,Chamber of Deputies,0,Martinique,1,0,,,,0,,1,0,0,0,,0,mention
lagrosilliere-j,Joseph Lagrosillière,Chamber of Deputies,0,Martinique,1,0,1910,1942,32,2,1924; 1936,0,0,0,0,,0,mention; roster
laisant,Laisant,Chamber of Deputies,0,,0,0,,,,0,,1,1,1,0,Algérie,1,mention
laisant-c,Charles-Ange Laisant,Chamber of Deputies,0,,0,0,1876,1876,0,0,,0,0,0,0,,0,mention
lalanne,Lalanne,Senate,0,,0,0,,,,0,,1,1,2,0,Afrique équatoriale française,1,mention
lambert-c,Charles Lambert,Chamber of Deputies,0,Rhône,1,0,1924,1932,8,2,1930; 1932,0,1,7,0,Empire (transversal); Indochine,2,roster
lambert-e,Émile Lambert,Senate,0,Ardennes; Gérard,2,0,1931,1931,0,0,,0,1,13,0,Afrique occidentale française; Afrique équatoriale française; Algérie; Empire (transversal); Indochine; Maroc,6,mention
lamoureux,Lamoureux,Chamber of Deputies,0,,0,0,,,,0,,1,0,0,0,,0,mention
lamoureux-l,Lucien Lamoureux,Chamber of Deputies,0,Allier,1,1,1919,1942,23,1,1936,0,0,0,0,,0,mention; roster
lancien,Lancien,Senate,0,Finistère,1,0,,,,0,,1,0,0,0,,0,mention
lancien-f,Fernand Lancien,Senate,0,Finistère,1,0,,,,3,1930; 1932; 1936,0,0,0,0,,0,roster
lanet-j,Joseph Lanet,Chamber of Deputies,0,Seine,1,0,1951,1955,4,1,1954,0,0,0,0,,0,mention; roster
langlois-m,Maurice LANGLOIS,Senate,0,Oise,1,0,1924,1933,9,2,1930; 1932,0,1,5,0,Indochine,1,mention; roster
laniel-j,Joseph Laniel,Chamber of Deputies,0,Calvados,1,0,1954,1954,0,2,1936; 1954,0,0,0,0,,0,roster
laniel-r,René Laniel,Senate,0,Orne,1,0,,,,1,1954,0,0,0,0,,0,roster
lanne,Lanne,Chamber of Deputies,0,,0,0,,,,0,,1,0,0,0,,0,mention
lannelongue,Lannelongue,Senate,0,,0,0,,,,0,,1,0,0,0,,0,mention
lannes-de-montebello,Lannes de Montebello,Chamber of Deputies,0,MRP des Deux-Sèvres,1,0,1868,1868,0,0,,0,0,0,0,,0,mention
lapie-o,O. LAPIE,Chamber of Deputies,0,Nancy,1,0,,,,0,,0,0,0,0,,0,mention
larche-g,Georges Larché,Senate,0,Communauté,1,0,,,,0,,0,1,3,0,Afrique occidentale française; Empire (transversal),2,mention
largier-e,Edmond Largier,Chamber of Deputies,0,Ardèche,1,0,1928,1932,4,2,1930; 1932,0,1,1,0,Empire (transversal),1,roster
laroche-h,Hippolyte Laroche,Chamber of Deputies,0,,0,0,,,,0,,0,1,4,0,Maroc,1,mention
laroche-joubert,Laroche-Joubert,Chamber of Deputies,0,,0,0,,,,0,,1,1,2,0,Empire (transversal); Maroc,2,mention
laroche-joubert-e,Edmond Laroche-Joubert,Chamber of Deputies,0,Bloc; Charente,2,0,1924,1928,4,1,1930,0,1,1,0,Afrique équatoriale française,1,mention; roster
laroche-joubert-j,Jean-Edmond Laroche-Joubert,Chamber of Deputies,0,Charente,1,0,,,,0,,0,0,0,0,,0,mention
laroze-p,Pierre Laroze,Chamber of Deputies,0,Gironde,1,0,1893,1902,9,0,,0,1,2,0,Afrique occidentale française; Afrique équatoriale française,2,mention
las-cases-e,Emmanuel Las Cases,Senate,0,Lozère,1,0,1903,1933,30,2,1930; 1932,0,0,0,0,,0,roster
laserve,Laserve,Chamber of Deputies,0,Réunion,1,0,,,,0,,1,0,0,0,,0,mention
lassalle,Lassalle,Chamber of Deputies,0,,0,0,,,,0,,1,0,0,0,,0,mention
lassalle-r,Robert Lassalle,Chamber of Deputies,0,Landes,1,0,,,,0,,0,0,0,0,,0,mention
lasserre-m,Maurice Lasserre,Chamber of Deputies,0,Tarn-et-Garonne,1,0,,,,0,,0,1,1,0,Afrique équatoriale française,1,mention
lasteyrie-c,Charles Lasteyrie,Chamber of Deputies,0,Corrèze,1,0,1919,1924,5,3,1930; 1932; 1936,0,1,1,0,Empire (transversal),1,roster
laur-f,F. Laur,Chamber of Deputies,0,Loire,1,0,,,,0,,0,0,0,0,,0,mention
laurencon-l,Léon Laurençon,Chamber of Deputies,0,Hautes-Alpes,1,0,1877,1906,29,0,,0,0,0,0,,0,mention
laurent-eynac,Laurent-Eynac,Chamber of Deputies,0,,0,1,,,,0,,1,0,0,0,,0,mention
lautier-e,Eugène Lautier,Chamber of Deputies,0,Guyane,1,1,1924,1932,8,2,1930; 1932,0,1,6,0,Afrique équatoriale française; Algérie; Empire ottoman/Turquie; Maroc; Syrie-Liban,5,mention; roster
lauvray-l,Léon Lauvray,Chamber of Deputies,0,,0,0,,,,0,,0,1,1,0,Algérie,1,mention
lavoinne-a,André Lavoinne,Senate,0,Seine-Inférieure,1,0,,,,3,1930; 1932; 1936,0,0,0,0,,0,roster
law-b,Bonar LAW,Chamber of Deputies,0,,0,0,,,,0,,0,0,0,0,,0,mention
le-cesne-j-jules,Jules Le Cesne,Chamber of Deputies,0,Havre,1,0,,,,0,,0,1,3,0,Afrique occidentale française,1,mention
le-cour-grandmaison-h,Henri Le Cour Grandmaison,Senate,0,,0,0,,,,0,,0,0,0,0,,0,mention
le-herisse-r,René Le Hérissé,Chamber of Deputies,0,,0,0,,,,0,,0,0,0,0,,0,mention
le-provost-de-launay-g,Gaston Le Provost de Launay,Chamber of Deputies,0,Charente-Inférieure; Chte-Mme,2,0,,,,0,,0,1,4,0,Afrique équatoriale française; Indochine,2,mention
leb-m,Marcel Leb,Senate,0,Nièvre,1,0,,,,1,1936,0,0,0,0,,0,roster
lebaudy,Lebaudy,Chamber of Deputies,0,,0,0,,,,0,,1,0,0,0,,0,mention
lebaudy-p,Paul Lebaudy,Chamber of Deputies,0,,0,0,1890,1910,20,0,,0,0,0,0,,0,mention
leblanc-e-eugene,Edmond Leblanc,Chamber of Deputies; Senate,1,,0,0,1906,1942,36,3,1930; 1932; 1936,0,1,2,0,Afrique occidentale française; Empire (transversal),2,mention; roster
lebon-a-alfred,André Lebon,Chamber of Deputies,0,Deux-Sèvres,1,1,,,,0,,0,1,13,0,Afrique occidentale française; Algérie; Empire (transversal); Indochine; Madagascar; Maroc,6,mention
lebon-p,Pierre Lebon,Chamber of Deputies,0,Deux-Sèvres,1,0,1924,1924,0,1,1954,0,1,13,0,Algérie; Empire (transversal); Empire ottoman/Turquie; Maroc,4,roster
leboucq,Leboucq,Chamber of Deputies,0,Paris,1,0,,,,0,,1,0,0,0,,0,mention
leboucq-c,CHARLES LEBOUCQ,Chamber of Deputies,0,Paris; Seine,2,0,,,,2,1924; 1930,0,0,0,0,,0,mention; roster
lebrun-a,Albert Lebrun,Chamber of Deputies; Senate,1,Meurthe-et-Moselle,1,1,1900,1920,20,3,1924; 1930; 1932,0,1,5,0,Empire (transversal); Maroc,2,mention; roster
leconte-a,Alfred Leconte,Chamber of Deputies,0,,0,0,,,,0,,0,0,0,0,,0,mention
lecourtier,Lecourtier,Chamber of Deputies; Senate,1,,0,0,1919,1924,5,1,1932,1,0,0,0,,0,mention; roster
lecourtier-g,Georges Lecourtier,Senate,0,Meuse,1,0,,,,1,1936,0,0,0,0,,0,roster
lecrepel-a,Achille Lecrépel,Senate,0,,0,0,,,,0,,0,0,0,0,,0,mention
lederlin,Lederlin,Senate,0,,0,1,1862,1942,80,0,,1,1,3,0,Empire (transversal); Guadeloupe et Martinique; Indochine,3,mention
lederlin-c,C. C. N. Lederlin,Senate,0,,0,0,,,,0,,0,0,0,0,,0,mention
lederlin-p,Paul Lederlin,Senate,0,Corse; Vosges,2,0,1919,1927,8,3,1924; 1932; 1936,0,1,1,0,Indochine,1,mention; roster
leenhardt-f,Francis Leenhardt,Chamber of Deputies,0,Bouches-du-Rhône,1,0,,,,1,1954,0,0,0,0,,0,roster
lefebvre-du-prey-e,Edmond Lefebvre du Prey,Chamber of Deputies; Senate,1,Pas-de-Calais,1,0,,,,3,1930; 1932; 1936,0,0,0,0,,0,mention; roster
lefevre-pontalis-a,Amédée Lefèvre-Pontalis,Chamber of Deputies,0,Châteaudun,1,0,1871,1876,5,0,,0,1,1,0,Algérie,1,mention
legrand,Legrand,Chamber of Deputies,0,,0,0,,,,0,,1,1,12,0,Afrique occidentale française; Afrique équatoriale française; Empire (transversal); Guinée Conakry; Indochine; Maroc; Tunisie,7,mention
legrand-l,Louis Legrand,Chamber of Deputies,0,,0,0,1876,1882,6,0,,0,1,3,0,Empire (transversal); Madagascar; Maroc,3,mention
lemaire-j,J. Lemaire,Chamber of Deputies,0,Inde,1,0,,,,0,,0,1,2,0,Empire (transversal),1,mention
lemery,Lémery,Senate,0,Martinique,1,0,,,,0,,1,0,0,0,,0,mention
lenail-p,Pierre Lenail,Chamber of Deputies,0,,0,0,,,,0,,0,0,0,0,,0,mention
lenoir-c,Camille LENOIR,Chamber of Deputies,0,Marne,1,0,,,,1,1930,0,0,0,0,,0,mention; roster
leon-mougeot,[Léon] Mougeot,Chamber of Deputies; Senate,1,Haute-Marne,1,0,1893,1921,28,0,,0,0,0,0,,0,mention
leonardi-cattolica-p,Pascal Leonardi Cattolica,Senate,0,,0,0,,,,0,,0,1,1,0,Tunisie,1,mention
leroux-p,Paul Leroux,Senate,0,Vendée,1,0,,,,1,1924,0,0,0,0,,0,roster
leroy-a,Arthur Leroy,Chamber of Deputies,0,,0,0,,,,0,,0,0,0,0,,0,mention
lesache,Lesaché,Senate,0,Aube,1,0,,,,0,,1,0,0,0,,0,mention
lesache-v,Victor Lesaché,Chamber of Deputies; Senate,1,Aube,1,0,,,,4,1924; 1930; 1932; 1936,0,1,4,0,Afrique occidentale française; Empire (transversal); Indochine,3,roster
lesueur-g,Georges Lesueur,Senate,0,,0,0,1888,1897,9,0,,0,1,1,0,Empire (transversal),1,mention
letellier,Letellier,Chamber of Deputies,0,,0,0,,,,0,,1,1,3,0,Afrique équatoriale française; Empire (transversal); Indochine,3,mention
letellier-a,Alfred Letellier,Chamber of Deputies,0,,0,0,,,,0,,0,0,0,0,,0,mention
levacher-f,François Levacher,Chamber of Deputies,0,Eure-et-Loir,1,0,,,,1,1954,0,0,0,0,,0,roster
levasseur-a,Arthur LEVASSEUR,Chamber of Deputies,0,Seine,1,0,,,,1,1930,0,1,1,0,Empire (transversal),1,mention; roster
levecque,Lévecque,Chamber of Deputies,0,,0,0,,,,0,,1,1,1,0,Indochine,1,mention
levecque-e,Ernest Fernand Levecque,Chamber of Deputies,0,Amiens; Somme,2,0,1893,1897,4,0,,0,0,0,0,,0,mention
leveille,Leveillé,Chamber of Deputies,0,,0,0,,,,0,,1,0,0,0,,0,mention
levy-alphandery-g,Georges Lévy-Alphandéry,Chamber of Deputies,0,Haute-Marne,1,0,1924,1942,18,3,1930; 1932; 1936,0,0,0,0,,0,roster
levy-m-marcel,Moïse Levy,Senate,0,Haute-Saône,1,0,,,,1,1936,0,1,3,0,Algérie; Maroc,2,roster
levy-r-raymond,Raphaël-Georges Lévy,Senate,0,Seine,1,0,,,,1,1924,0,1,1,0,Maroc,1,mention; roster
lhopiteau-g,Gustave LHOPITEAU,Senate,0,Eure-et-Loir,1,0,,,,2,1924; 1930,0,1,1,0,Afrique occidentale française,1,mention; roster
liautey-a,André Liautey,Chamber of Deputies,0,Haute-Saône,1,0,,,,1,1936,0,0,0,0,,0,roster
lidorikis-g,G. P. Lidorikis,Chamber of Deputies,0,,0,0,,,,0,,0,1,1,0,Grèce,1,mention
lillaz-h,Henri Lillaz,Chamber of Deputies,0,Basses-Pyrénées,1,0,1928,1936,8,3,1930; 1932; 1936,0,0,0,0,,0,roster
linyer-l,Louis Linyer,Senate,0,Loire-Inférieure,1,0,,,,3,1930; 1932; 1936,0,0,0,0,,0,roster
lionel-de-tastes,Lionel de Tastes,Chamber of Deputies,0,Seine,1,0,1928,1936,8,0,,0,0,0,0,,0,mention
lippens-a,Arthur Lippens,Senate,0,Gironde,1,0,,,,0,,0,1,1,0,Empire (transversal),1,mention
lisette-g,Gabriel LISETTE,Chamber of Deputies,0,Tchad,1,0,,,,0,,0,0,0,0,,0,mention
livry-level-p,Philippe Livry-Level,Chamber of Deputies,0,MRP,1,0,1946,1951,5,0,,0,1,2,0,Afrique occidentale française; Indochine,2,mention
londres-depute-de-la-sarthe,Londres; député de la Sarthe,Chamber of Deputies; Senate,1,Sarthe,1,0,1895,1904,9,0,,0,0,0,0,,0,mention
long-m,Maurice Long,Chamber of Deputies,0,Drôme,1,1,,,,0,,0,0,0,0,,0,mention
longchambon-h,Henri Longchambon,Senate,0,R.G.R,1,1,1947,1969,22,1,1954,0,1,2,0,Afrique équatoriale française; Maroc,2,mention; roster
lorgere-a,André Lorgère,Chamber of Deputies,0,Côtes-du-Nord,1,0,,,,1,1936,0,1,4,0,Afrique équatoriale française; Chine; Empire (transversal); Tunisie,4,roster
lorin-h,Henri Lorin,Chamber of Deputies,0,Gironde,1,0,1919,1932,13,2,1930; 1932,0,1,4,0,Afrique occidentale française; Maroc,2,mention; roster
loste-h,Henry Loste,Senate,0,Wallis et Futuna; Wallis-et-Futuna,2,0,1962,1971,9,0,,0,1,14,0,Afrique occidentale française; Algérie; Empire (transversal); Inde (Comptoirs français de l’); Indochine; Nouvelle-Calédonie (Mélanésie),6,mention
loubet-j,Joseph Loubet,Senate,0,Lot,1,0,,,,3,1930; 1932; 1936,0,0,0,0,,0,roster
loucheur,Loucheur,Chamber of Deputies,0,Nord,1,1,,,,1,1930,1,0,0,0,,0,mention; roster
loucheur-l,Louis LOUCHEUR,Chamber of Deputies,0,Nord,1,0,1919,1931,12,2,1930; 1932,0,0,0,0,,0,mention; roster
louis-boudenoot-p,Probablement Louis Boudenoot,Chamber of Deputies; Senate,1,,0,0,1889,1922,33,0,,0,0,0,0,,0,mention
louis-dreyfus-l,Louis Louis-Dreyfus,Chamber of Deputies,0,Alpes-Maritimes,1,0,,,,0,,0,0,0,0,,0,mention
louis-lucien-klotz-d,Dont Louis-Lucien Klotz,Chamber of Deputies,0,,0,1,1895,1925,30,0,,0,0,0,0,,0,mention
lourties,Lourties,Senate,0,,0,0,,,,0,,1,0,0,0,,0,mention
lourties-v,Victor Lourties,Senate,0,Landes,1,0,,,,1,1936,0,0,0,0,,0,roster
louvel-j,Jean-Marie Louvel,Chamber of Deputies,0,Calvados,1,0,,,,1,1954,0,0,0,0,,0,roster
loze-h,Henry Lozé,Chamber of Deputies,0,JORF,1,0,,,,0,,0,0,0,0,,0,mention
lubersac-g,Guy Lubersac,Senate,0,Aisne,1,0,1920,1932,12,2,1930; 1932,0,0,0,0,,0,roster
lucien-arbel,[Lucien] Arbel,Senate,0,,0,0,,,,0,,0,1,1,0,Empire (transversal),1,mention
luigi-della-torre,Luigi Della Torre,Senate,0,,0,0,,,,0,,0,1,1,0,Empire (transversal),1,mention
luquot-j,J. Luquot,Chamber of Deputies,0,Gironde,1,0,,,,0,,0,0,0,0,,0,mention
m-zaita,M'Zaïta,Chamber of Deputies,0,,0,0,,,,0,,1,0,0,0,,0,mention
machet-g,Georges-Émile MACHET,Senate,0,Savoie,1,0,,,,2,1930; 1932,0,0,0,0,,0,mention; roster
maginot-a,André MAGINOT,Chamber of Deputies,0,Meuse,1,0,1910,1932,22,2,1930; 1932,0,1,1,0,Maroc,1,mention; roster
magny-p,Paul Magny,Senate,0,Seine,1,0,,,,1,1924,0,0,0,0,,0,roster
mahieu,Mahieu,Chamber of Deputies,0,,0,0,,,,0,,1,1,2,0,Empire (transversal); Tunisie,2,mention
mahieu-a,Albert Mahieu,Senate,0,Nord,1,0,1924,1940,16,3,1930; 1932; 1936,0,1,1,0,Indochine,1,mention; roster
maitre-h,Henri MAITRE,Chamber of Deputies,0,Saône-et-Loire; Saône-et-Loire et Mme,2,0,1910,1924,14,2,1924; 1930,0,1,1,0,Indochine,1,mention; roster
malingre,Malingre,Chamber of Deputies,0,Seine,1,0,,,,0,,1,0,0,0,,0,mention
manaut-a,A. Frédéric Manaut,Chamber of Deputies,0,Pyrénées-Orientales,1,0,1910,1914,4,0,,0,0,0,0,,0,mention
manaut-f,Frédéric-Victor-Adolphe MANAUT,Chamber of Deputies,0,Pyrénées-Orientales,1,0,1910,1914,4,0,,0,1,3,0,Afrique occidentale française; Empire (transversal),2,mention
manaut-r,René-Victor Manaut,Chamber of Deputies,0,Pyrénées-Orientales,1,0,1919,1932,13,2,1930; 1932,0,1,3,0,Afrique occidentale française; Empire (transversal),2,roster
manceau-a,Anatole Manceau,Senate,0,Maine-et-Loire,1,0,,,,3,1930; 1932; 1936,0,0,0,0,,0,roster
manceau-b,Bernard MANCEAU,Chamber of Deputies,0,Maine-et-Loire,1,0,,,,1,1954,0,0,0,0,,0,mention; roster
mangon-h,Hervé Mangon,Chamber of Deputies,0,,0,0,,,,0,,0,0,0,0,,0,mention
marcel-delaune,[Marcel] Delaune,Chamber of Deputies,0,Nord,1,0,1898,1910,12,0,,0,0,0,0,,0,mention
marchandeau-p,Paul Marchandeau,Chamber of Deputies,0,Marne,1,0,1926,1942,16,3,1930; 1932; 1936,0,0,0,0,,0,roster
marchegay-l,Louis Marchegay,Chamber of Deputies,0,La,1,0,1895,1998,103,0,,0,1,2,0,Algérie; Indochine,2,mention
marconi-g,Guillaume Marconi,Senate,0,,0,0,,,,0,,0,1,1,0,Tunisie,1,mention
marcou-d,Désiré MARCOU,Senate,0,Guinée,1,0,,,,1,1954,0,1,2,0,Afrique occidentale française,1,mention; roster
maret-h,Henry Maret,Chamber of Deputies,0,,0,0,,,,0,,0,0,0,0,,0,mention
marguerie,Marguerie,Senate,0,Moselle,1,0,1920,1933,13,2,1930; 1932,1,0,0,0,,0,roster
marin-l,Louis Marin,Chamber of Deputies,0,Meurthe-et-Moselle,1,1,1905,1951,46,3,1930; 1932; 1936,0,1,3,0,Afrique occidentale française; Afrique équatoriale française; Syrie-Liban,3,mention; roster
marmottan,Marmottan,Chamber of Deputies,0,,0,0,,,,0,,1,0,0,0,,0,mention
maroger-j,Jean Maroger,Senate,0,Aveyron,1,0,,,,1,1954,0,1,8,0,Afrique occidentale française; Algérie; Empire (transversal); Indochine; Tunisie,5,roster
maroselli-a,André Maroselli,Chamber of Deputies,0,Haute-Saône,1,0,,,,0,,0,0,0,0,,0,mention
marot-e,Émile Marot,Senate,0,Deux-Sèvres,1,0,,,,1,1924,0,0,0,0,,0,roster
marquet-a,Adrien Marquet,Chamber of Deputies,0,Bordeaux,1,0,,,,0,,0,0,0,0,,0,mention
marraud-p,Pierre Marraud,Senate,0,Lot-et-Garonne,1,0,1920,1933,13,3,1924; 1930; 1932,0,1,2,0,Afrique occidentale française,1,mention; roster
martin-binachon,Martin-Binachon,Senate,0,Haute-Loire,1,0,,,,1,1930,1,0,0,0,,0,roster
martin-binachon-r,Régis Martin-Binachon,Senate,0,Haute-Loire,1,0,,,,1,1936,0,1,1,0,Empire (transversal),1,roster
martin-m,Marius Martin,Chamber of Deputies,0,Seine,1,0,1889,1893,4,0,,0,1,2,0,Empire (transversal); Indochine,2,mention
martineau,Martineau,Chamber of Deputies,0,,0,0,,,,0,,1,0,0,0,,0,mention
marty-a,André Marty,Chamber of Deputies,0,Seine-et-Oise,1,0,,,,0,,0,1,1,0,Indochine,1,mention
mascuraud,Mascuraud,Senate,0,,0,0,,,,0,,1,1,1,0,Algérie,1,mention
masse-a,Auguste Massé,Chamber of Deputies; Senate,1,Cher; Nièvre,2,1,1924,1932,8,1,1930,0,0,0,0,,0,mention; roster
masse-e,Émile Massé,Chamber of Deputies,0,Puy-de-Dôme,1,0,1928,1942,14,2,1932; 1936,0,0,0,0,,0,roster
masse-p,Pierre Masse,Senate,0,,0,1,,,,0,,0,1,1,0,Algérie,1,mention
masson-h,H. Masson,Chamber of Deputies,0,Finistère,1,0,,,,0,,0,0,0,0,,0,mention
mathe-p,Pierre Mathé,Chamber of Deputies,0,,0,0,,,,0,,0,0,0,0,,0,mention
mathis-e,Édouard Mathis,Chamber of Deputies,0,Vosges,1,0,,,,1,1924,0,0,0,0,,0,roster
matte-g,Georges Matte,Chamber of Deputies,0,,0,1,,,,0,,0,0,0,0,,0,mention
mauger-e,Émile Mauger,Chamber of Deputies,0,,0,0,1881,1885,4,0,,0,1,2,0,Algérie; Empire (transversal),2,mention
maurel,Maurel,Chamber of Deputies,0,Var,1,0,,,,0,,1,1,6,0,Afrique occidentale francaise; Afrique occidentale française; Algérie; Empire (transversal); Indochine; Maroc,6,mention
maury-e,Eugenio Maury,Chamber of Deputies,0,,0,0,,,,0,,0,0,0,0,,0,mention
mayer-r,René Mayer,Chamber of Deputies,0,Constantine,1,1,,,,1,1954,0,1,4,0,Afrique occidentale française; Empire (transversal); Tahiti (Polynésie),3,mention; roster
mazerand-g,Georges Mazerand,Chamber of Deputies,0,Meurthe-et-Moselle,1,0,,,,1,1936,0,1,1,0,Empire (transversal),1,roster
meck-h,Henri Meck,Chamber of Deputies,0,Bas-Rhin,1,0,,,,1,1936,0,0,0,0,,0,roster
mege-h,Henri Mège,Chamber of Deputies,0,Dordogrie,1,0,,,,1,1936,0,1,1,0,Algérie,1,roster
mejan-l,Louis Mejan,Senate,0,Gard,1,0,,,,1,1930,0,0,0,0,,0,roster
mejean-l,Louis MEJEAN,Senate,0,Gard,1,0,,,,1,1932,0,0,0,0,,0,mention; roster
menier-g,Gaston Menier,Chamber of Deputies; Senate,1,Meaux; Seine-et-Marne,2,0,1898,1909,11,3,1924; 1930; 1932,0,0,0,0,,0,mention; roster
menthon-f,François Menthon,Chamber of Deputies,0,Haute-Savoie,1,0,,,,1,1954,0,0,0,0,,0,roster
merlant-f,Francis Merlant,Chamber of Deputies,0,Loire-Inférieure,1,0,1924,1936,12,3,1930; 1932; 1936,0,1,2,0,Empire (transversal); Indochine,2,roster
merlin-f,Fernand Merlin,Senate,0,,0,0,,,,0,,0,0,0,0,,0,mention
messimy-a,Adolphe-Marie Messimy,Chamber of Deputies; Senate,1,Ain,1,0,1919,1935,16,3,1924; 1930; 1932,0,1,7,0,Afrique occidentale française; Afrique équatoriale française; Algérie; Maroc,4,mention; roster
metayer,Métayer,Chamber of Deputies,0,Rouen,1,0,,,,0,,1,1,4,0,Algérie; Empire (transversal),2,mention
metin-a,Albert Métin,Chamber of Deputies,0,Doubs,1,0,,,,0,,0,0,0,0,,0,mention
meunier,Meunier,Chamber of Deputies,0,Bloc,1,0,,,,0,,1,1,4,0,Algérie; Empire (transversal),2,mention
meunier-a,Albert Meunier,Senate,0,Ardennes,1,0,,,,3,1930; 1932; 1936,0,1,5,0,Afrique occidentale française; Empire (transversal); Maroc; Tahiti (Polynésie),4,roster
meunier-c-charles,Charles Meunier,Senate,0,Côtes-du-Nord,1,0,,,,1,1936,0,1,4,0,Afrique occidentale française; Afrique équatoriale française; Empire (transversal),3,roster
meunier-p,Paul Meunier,Chamber of Deputies,0,,0,1,,,,0,,0,1,1,0,Empire (transversal),1,mention
meyer-l,Léon Meyer,Chamber of Deputies,0,Havre; Seine-Inférieure,2,0,1919,1942,23,3,1930; 1932; 1936,0,1,2,0,Algérie,1,mention; roster
michaut-h,Henri Michaut,Senate,0,Meurthe-et-Moselle,1,0,1920,1933,13,3,1924; 1930; 1932,0,1,2,0,Algérie; Maroc,2,roster
michaux,Michaux,Senate,0,Martinique,1,0,,,,0,,1,1,7,0,Afrique occidentale française; Algérie; Nouvelle-Calédonie (Mélanésie); Sénégal,4,mention
michel,Michel,Chamber of Deputies; Senate,1,,0,0,,,,0,,1,1,10,0,Afrique occidentale française; Algérie; Empire (transversal); Indochine; Madagascar; Maroc; Syrie-Liban,7,mention
michel-c,Charles Michel,Chamber of Deputies; Senate,1,,0,1,1893,1920,27,0,,0,1,27,0,Afrique occidentale française; Algérie; Empire (transversal); Indochine; Maroc; Tunisie,6,mention
michel-h,Henri Michel,Chamber of Deputies; Senate,1,Basse-Alpes; Basses-Alpes,2,0,,,,0,,0,1,2,0,Indochine; Madagascar,2,mention
michel-l-ludovic,Louis Michel,Senate,0,Meurthe-et-Moselle,1,0,1920,1936,16,4,1924; 1930; 1932; 1936,0,1,2,0,Empire (transversal); Maroc,2,mention; roster
michelot-l,Lucien Michelot,Chamber of Deputies,0,Cochinchine,1,0,,,,0,,0,1,3,0,Afrique équatoriale française; Algérie; Chine,3,mention
michels-c,Charles Michels,Chamber of Deputies,0,Paris,1,0,,,,0,,0,0,0,0,,0,mention
milan-f,François Milan,Senate,0,Savoie,1,0,,,,2,1932; 1936,0,1,5,0,Algérie; Empire (transversal); Syrie-Liban,3,roster
mill-l,Louis Mill,Chamber of Deputies,0,Pas-de-Calais,1,0,1865,1906,41,0,,0,1,5,0,Algérie; Empire ottoman/Turquie; Maroc,3,mention
millerand,Millerand,Chamber of Deputies,0,Seine,1,1,,,,0,,1,0,0,0,,0,mention
milliard-v,Victor Milliard,Chamber of Deputies; Senate,1,Eure,1,1,1887,1921,34,0,,0,0,0,0,,0,mention
millies-lacroix-e,Eugène Milliès-Lacroix,Senate,0,Landes,1,0,,,,1,1936,0,0,0,0,,0,roster
mimerel,Mimerel,Senate,0,,0,0,,,,0,,1,1,1,0,Afrique équatoriale française,1,mention
minvielle-p,Prosper Minvielle,Chamber of Deputies,0,Basses-Pyrénées,1,0,1928,1932,4,1,1932,0,0,0,0,,0,roster
mir-e,Eugène Mir,Senate,0,,0,0,,,,0,,0,0,0,0,,0,mention
mireaux-e,Eugène Mireaux,Senate,0,Hautes-Pyrénées,1,0,,,,1,1936,0,0,0,0,,0,roster
mirman,Mirman,Chamber of Deputies,0,Marne,1,0,,,,0,,1,0,0,0,,0,mention
mirman-l,Léon Mirman,Chamber of Deputies,0,,0,0,1893,1905,12,0,,0,0,0,0,,0,mention
mistler,Mistler,Chamber of Deputies,0,,0,0,,,,0,,1,0,0,0,,0,mention
mistral-p,Paul Mistral,Chamber of Deputies,0,Isère,1,0,1910,1932,22,1,1930,0,0,0,0,,0,roster
molinie-j,Jean Molinié,Chamber of Deputies,0,Aveyron,1,0,1919,1936,17,3,1930; 1932; 1936,0,1,1,0,Nouvelle-Calédonie (Mélanésie),1,roster
mollard-m,Maurice Mollard,Senate,0,Savoie,1,0,,,,4,1924; 1930; 1932; 1936,0,1,1,0,Tunisie,1,roster
moncelle-e,Édouard Moncelle,Chamber of Deputies,0,Moselle,1,0,1924,1942,18,1,1936,0,1,1,0,Afrique équatoriale française,1,roster
monet,Monet,Chamber of Deputies,0,Indochine,1,0,,,,0,,1,1,1,0,Indochine,1,mention
monfeuillart-e,Ernest Monfeuillart,Chamber of Deputies,0,,0,0,1898,1906,8,2,1930; 1932,0,1,1,0,Empire (transversal),1,roster
monicault-de-villardeau-p,Pierre Monicault de Villardeau,Chamber of Deputies,0,Ain,1,0,1919,1932,13,2,1930; 1932,0,0,0,0,,0,roster
monjauvis,Monjauvis,Chamber of Deputies,0,,0,0,,,,0,,1,0,0,0,,0,mention
monory,Monory,Senate,0,Loudun,1,1,,,,0,,1,0,0,0,,0,mention
monory-r,René Monory,Senate,0,Loudun,1,1,,,,0,,0,0,0,0,,0,mention
mons,MONS,Chamber of Deputies,0,,0,0,,,,0,,1,0,0,0,,0,mention
monsservin-j,Joseph Monsservin,Senate,0,Aveyron,1,0,,,,2,1932; 1936,0,0,0,0,,0,roster
montaigu-h,Hubert Montaigu,Chamber of Deputies; Senate,1,Loire-Inférieure,1,0,1910,1942,32,4,1924; 1930; 1932; 1936,0,1,2,0,Afrique équatoriale française; Maroc,2,roster
monti-de-reze,MONTI de RÉZÉ,Chamber of Deputies,0,Mayenne,1,0,1906,1924,18,0,,0,0,0,0,,0,mention
monti-de-reze-h,Henri Monti de Rézé,Chamber of Deputies; Senate,1,Mayenne,1,0,1906,1941,35,3,1930; 1932; 1936,0,1,1,0,Maroc,1,mention; roster
montigny-j,Jean Montigny,Chamber of Deputies,0,,0,0,,,,0,,0,1,1,0,Maroc,1,mention
monzie-a,Anatole Monzie,Chamber of Deputies,0,Lot,1,0,1909,1942,33,3,1930; 1932; 1936,0,0,0,0,,0,roster
morel-j,Jean Morel,Senate,0,,0,1,,,,0,,0,1,3,0,Afrique occidentale française; Algérie; Empire (transversal),3,mention
morel-v,Victor Morel,Chamber of Deputies,0,,0,0,,,,0,,0,0,0,0,,0,mention
morin-p,Paul Morin,Chamber of Deputies,0,Seine,1,0,1871,1875,4,0,,0,1,1,0,Empire (transversal),1,mention
morinaud,Morinaud,Chamber of Deputies,0,Constantine,1,0,,,,0,,1,0,0,0,,0,mention
morinaud-e,Émile Morinaud,Chamber of Deputies,0,Constantine,1,0,1898,1942,44,3,1930; 1932; 1936,0,0,0,0,,0,mention; roster
morisson-p,Pierre Morisson,Senate,0,,0,0,,,,0,,0,1,5,0,Indochine; Madagascar; Maroc,3,mention
mortier-p,Pierre Mortier,Chamber of Deputies,0,Seine-et-Marne,1,0,1932,1936,4,1,1936,0,1,1,0,Brésil,1,roster
mottu-a,André Mottu,Chamber of Deputies,0,Seine-et-Oise,1,0,1928,1932,4,2,1930; 1932,0,0,0,0,,0,roster
mougeot,Mougeot,Chamber of Deputies; Senate,1,,0,1,,,,0,,1,1,7,0,Afrique occidentale française; Afrique équatoriale française; Algérie; Indochine; Tunisie,5,mention
mounie-a,Auguste Mounie,Senate,0,Seine,1,0,,,,1,1936,0,0,0,0,,0,roster
mourer-j,Jean-Pierre Mourer,Chamber of Deputies,0,Bas-Rhin,1,0,1928,1942,14,3,1930; 1932; 1936,0,0,0,0,,0,roster
moustier,Moustier,Chamber of Deputies,0,Doubs,1,0,1889,1921,32,2,1930; 1932,1,0,0,0,,0,roster
moustier-l,Léonel Moustier,Chamber of Deputies,0,Doubs,1,0,1928,1940,12,3,1930; 1932; 1936,0,0,0,0,,0,roster
moustier-r,Roland MOUSTIER,Chamber of Deputies,0,Doubs,1,0,,,,1,1954,0,1,1,0,Algérie,1,mention; roster
moutet-m,Marius Moutet,Chamber of Deputies,0,,0,1,,,,0,,0,0,0,0,,0,mention
muller-e,Édouard Muller,Chamber of Deputies,0,Loches,1,0,1890,1893,3,0,,0,1,1,0,Empire (transversal),1,mention
muteau-h,Henri Muteau,Chamber of Deputies,0,Côte-d'Or,1,0,,,,0,,0,0,0,0,,0,mention
mutter-a,André Mutter,Chamber of Deputies,0,Aube,1,0,,,,1,1954,0,0,0,0,,0,roster
muzet-a,Alexis Muzet,Chamber of Deputies,0,Seine,1,0,1898,1902,4,0,,0,1,2,0,Empire (transversal); Empire ottoman/Turquie,2,mention
n-nisse-robert,N NISSE Robert,Chamber of Deputies,0,Nord,1,0,,,,0,,0,0,0,0,,0,mention
naggear-s,Sélim Naggear,Senate,0,,0,0,,,,0,,0,0,0,0,,0,mention
naudin,Naudin,Chamber of Deputies,0,Nièvre,1,0,,,,0,,1,0,0,0,,0,mention
navale-e,École Navale,Chamber of Deputies,0,Tarn,1,0,1899,1914,15,0,,0,0,0,0,,0,mention
navarin-f,Feuvry Navarin,Chamber of Deputies,0,Rhône,1,0,,,,0,,0,0,0,0,,0,mention
nds-georges-graux,NDS. GEORGES GRAUX,Chamber of Deputies,0,,0,0,,,,0,,0,0,0,0,,0,mention
neron-e,Édouard Néron,Chamber of Deputies; Senate,1,Haute-Loire; Haute-Loiret; Haute-Saône; Loire,4,0,,,,4,1924; 1930; 1932; 1936,0,0,0,0,,0,mention; roster
nicolle-l,Louis Nicolle,Chamber of Deputies,0,Nord,1,0,1924,1936,12,3,1930; 1932; 1936,0,1,3,0,Empire (transversal); Madagascar,2,mention; roster
nisse-r,Robert Nisse,Chamber of Deputies,0,Nord,1,0,,,,1,1954,0,0,0,0,,0,roster
noblemaire,Noblemaire,Chamber of Deputies,0,,0,0,,,,0,,1,1,1,0,Algérie,1,mention
noel-l-leon,Léon NOËL,Chamber of Deputies,0,Yonne,1,0,1935,1935,0,1,1954,0,1,3,0,Afrique occidentale française; Empire (transversal); Maroc,3,roster
nogaro,Nogaro,Chamber of Deputies,0,Gers,1,1,,,,0,,1,1,1,0,Algérie,1,mention
nogueres-l,Louis Noguères,Chamber of Deputies,0,S.F.I.O,1,0,,,,0,,0,0,0,0,,0,mention
nomine-h,Henri Nominé,Chamber of Deputies,0,Moselle,1,0,1928,1936,8,3,1930; 1932; 1936,0,0,0,0,,0,roster
nouelle,Nouelle,Chamber of Deputies,0,,0,0,1857,1930,73,1,1924,1,0,0,0,,0,mention; roster
nouelle-g,Georges Nouelle,Chamber of Deputies,0,Saône-et-Loire,1,0,,,,0,,0,1,1,0,Congo-Brazzaville ou Moyen-Congo,1,mention
nouette-g,Georges Nouette,Chamber of Deputies,0,Saône-et-Loire,1,0,,,,0,,0,0,0,0,,0,mention
noulens-j,Noulens,Chamber of Deputies,0,,0,0,,,,0,,1,1,3,0,Empire (transversal); Maroc,2,mention
oberkirch-a,Alfred Oberkirch,Chamber of Deputies,0,Bas-Rhin,1,0,1919,1946,27,2,1932; 1936,0,0,0,0,,0,roster
odin-j,Jean Odin,Senate,0,Gironde,1,0,,,,0,,0,0,0,0,,0,mention
officier-de-leopold-g,Grand Officier de Léopold,Chamber of Deputies,0,Côtes-du-Nord,1,1,,,,0,,0,0,0,0,,0,mention
oissel-c,Commentry- Oissel,Senate,0,Basses-Alpes,1,0,,,,0,,0,0,0,0,,0,mention
ollier-c,Claude Ollier,Chamber of Deputies,0,Isère,1,0,1924,1936,12,1,1936,0,0,0,0,,0,roster
ordinaire,Ordinaire,Chamber of Deputies,0,,0,0,,,,0,,1,0,0,0,,0,mention
ordinaire-m,Maurice Ordinaire,Chamber of Deputies; Senate,1,Doubs,1,0,,,,2,1930; 1932,0,0,0,0,,0,mention; roster
ordre-du-nil,Ordre du Nil,Chamber of Deputies,0,Seine,1,0,1947,1947,0,0,,0,0,0,0,,0,mention
oriol-b,Benoit Oriol,Chamber of Deputies,0,,0,0,,,,0,,0,0,0,0,,0,mention
ossola-j,Jean Ossola,Chamber of Deputies,0,,0,0,,,,0,,0,0,0,0,,0,mention
othenin-d-haussonville-p,Paul Gabriel Othenin d'Haussonville,Chamber of Deputies,0,Seine-et-Marne,1,0,1871,1876,5,0,,0,0,0,0,,0,mention
ould-babana-h,Horma Ould Babana,Chamber of Deputies,0,,0,0,,,,0,,0,0,0,0,,0,mention
outrey,Outrey,Chamber of Deputies,0,Bloc; Cochinchine; Indo-Chine,3,1,,,,0,,1,1,3,0,Grèce; Indochine,2,mention
outrey-e,Ernest Outrey,Chamber of Deputies,0,Cochinchine,1,1,1914,1936,22,4,1924; 1930; 1932; 1936,0,1,19,0,Afrique occidentale française; Chine; Indochine,3,mention; roster
outrey-m,Max OUTREY,Chamber of Deputies,0,Cochinchine,1,0,1914,1936,22,0,,0,1,1,0,Indochine,1,mention
paes-de-carvalho-j,José Paes de Carvalho,Senate,0,,0,0,,,,0,,0,0,0,0,,0,mention
paganon-j,Joseph Paganon,Chamber of Deputies,0,Isère,1,0,1924,1936,12,3,1930; 1932; 1936,0,1,1,0,Maroc,1,roster
painleve-p,Paul Painlevé,Chamber of Deputies,0,Seine,1,0,1910,1933,23,3,1924; 1930; 1932,0,0,0,0,,0,roster
palotte-j,J. PALOTTE,Senate,0,Creuse,1,0,,,,0,,0,1,2,0,Empire (transversal),1,mention
paquin-i,Isidore Paquin,Chamber of Deputies,0,,0,0,,,,0,,0,1,2,0,Afrique équatoriale française; Indochine,2,mention
pares,Parès,Chamber of Deputies,0,,0,0,,,,0,,1,0,0,0,,0,mention
paris-l,L. C. P. Pâris,Chamber of Deputies,0,,0,0,,,,0,,0,1,3,0,Empire ottoman/Turquie; Maroc; Sénégal,3,mention
paris-p,Pierre-Paul Pâris,Chamber of Deputies,0,Cochinchine,1,0,1910,1914,4,0,,0,1,2,0,Indochine,1,mention
pasquet-l,Louis PASQUET,Senate,0,Bouches-du-Rhône,1,0,,,,2,1930; 1932,0,1,1,0,Afrique occidentale française,1,mention; roster
pasquier-a,Audiffret- Pasquier,Chamber of Deputies,0,,0,1,,,,0,,0,1,3,0,Afrique occidentale française; Tunisie,2,mention
passy-l,Louis Passy,Chamber of Deputies,0,Eure,1,1,1871,1913,42,0,,0,1,2,0,Algérie,1,mention
pate,Paté,Chamber of Deputies,0,Seine,1,0,,,,1,1924,1,0,0,0,,0,roster
pate-h,Henry Paté,Chamber of Deputies,0,Seine,1,0,1910,1936,26,3,1930; 1932; 1936,0,1,3,0,Afrique occidentale française; Empire (transversal),2,mention; roster
patenotre-desnoyers,Patenôtre-Desnoyers,Chamber of Deputies,0,Seine-et-Oise,1,0,1928,1936,8,2,1932; 1936,1,0,0,0,,0,roster
patenotre-r,Raymond Patenôtre,Chamber of Deputies,0,Seine-et-Oise,1,0,1928,1942,14,3,1930; 1932; 1936,0,1,1,0,Empire (transversal),1,roster
paui-guieysse,PauI Guieysse,Chamber of Deputies,0,,0,1,,,,0,,0,0,0,0,,0,mention
paul,Paul,Senate,0,,0,0,,,,0,,1,1,4,0,Indochine; Maroc,2,mention
paul-benazet,[Paul] Bénazet,Chamber of Deputies,0,Indre,1,0,,,,0,,0,0,0,0,,0,mention
paul-deves,[Paul] Devès,Senate,0,Cantal,1,0,,,,0,,0,1,1,0,Algérie,1,mention
paul-fleurot,[Paul] Fleurot,Senate,0,,0,0,,,,0,,0,0,0,0,,0,mention
paul-gerente-p,Probablement Paul Gérente,Senate,0,,0,0,1894,1913,19,0,,0,0,0,0,,0,mention
paul-guieysse,[Paul] Guieysse,Chamber of Deputies,0,Morbihan,1,1,,,,0,,0,0,0,0,,0,mention
paul-paris,[Paul] Pâris,Chamber of Deputies,0,Cochinchine,1,0,1910,1914,4,0,,0,0,0,0,,0,mention
pavin-de-lafarge-h,Henri Pavin de Lafarge,Senate,0,Ardèche,1,0,1929,1942,13,3,1930; 1932; 1936,0,1,3,0,Algérie; Empire (transversal),2,roster
payen-e,Édouard Payen,Chamber of Deputies,0,Bloc; Loir-et-Cher,2,0,1920,1924,4,0,,0,0,0,0,,0,mention
payer-a,André Payer,Chamber of Deputies,0,Seine,1,0,1919,1932,13,2,1930; 1932,0,0,0,0,,0,roster
pechadre-a,Adhémar Péchadre,Chamber of Deputies,0,,0,0,1906,1919,13,0,,0,1,4,0,Indochine; Madagascar; Nouvelle-Calédonie (Mélanésie),3,mention
pechin,Péchin,Chamber of Deputies,0,Paris,1,0,,,,0,,1,0,0,0,,0,mention
pechin-c,Charles Pechin,Chamber of Deputies,0,Seine,1,0,1928,1936,8,3,1930; 1932; 1936,0,0,0,0,,0,roster
pedebidou,Pédebidou,Senate,0,Hautes-Pyrénées,1,0,,,,0,,1,0,0,0,,0,mention
peirotes-j,Jacques Peirotes,Chamber of Deputies,0,Bas-Rhin,1,0,1924,1932,8,2,1930; 1932,0,0,0,0,,0,roster
pelisse-p,Paul Pelisse,Senate,0,Hérault,1,0,,,,3,1930; 1932; 1936,0,0,0,0,,0,roster
pelle-m,Pellé,Chamber of Deputies,0,,0,1,,,,0,,1,1,5,0,Algérie; Empire (transversal); Tunisie,3,mention
penancier-e,Eugène Penancier,Senate,0,Seine-et-Marne,1,0,,,,2,1930; 1932,0,0,0,0,,0,roster
perchot,Perchot,Chamber of Deputies; Senate,1,Basses-Alpes,1,0,,,,1,1924,1,1,4,0,Afrique occidentale française; Afrique équatoriale française; Maroc,3,mention; roster
perchot-j,Justin Perchot,Chamber of Deputies; Senate,1,Basses-Alpes; Seine,2,0,,,,1,1930,0,1,8,0,Afrique occidentale française; Afrique équatoriale française; Algérie; Chine; Maroc,5,mention; roster
peret-r,Raoul Péret,Senate,0,Vienne,1,1,,,,2,1930; 1932,0,0,0,0,,0,mention; roster
perinard,Perinard,Chamber of Deputies,0,,0,0,,,,0,,1,0,0,0,,0,mention
pernolet-a,Arthur Pernolet,Chamber of Deputies,0,Cher,1,0,,,,0,,0,0,0,0,,0,mention
perreau-pradier,Perreau-Pradier,Chamber of Deputies,0,Yonne,1,0,,,,1,1924,1,0,0,0,,0,mention; roster
perreau-pradier-p,Pierre Perreau- Pradier,Chamber of Deputies,0,Yonne,1,0,1912,1942,30,3,1930; 1932; 1936,0,0,0,0,,0,mention; roster
perrier-e,Edmond Perrier,Senate,0,,0,0,,,,0,,0,0,0,0,,0,mention
perrier-l,Léon Perrier,Chamber of Deputies; Senate,1,Isère; VIsère,2,0,,,,1,1936,0,1,2,0,Algérie; Empire (transversal),2,mention; roster
perrin,Perrin,Chamber of Deputies,0,Nièvre,1,0,,,,0,,1,1,7,0,Afrique occidentale française; Algérie; Empire (transversal); Indochine; Maroc,5,mention
peten,Peten,Chamber of Deputies,0,Limbourg,1,0,,,,0,,1,0,0,0,,0,mention
petit-c,Claude Petit,Chamber of Deputies,0,,0,0,,,,0,,0,1,13,0,Afrique occidentale française; Algérie; Empire (transversal); Empire ottoman/Turquie; Indochine; Maroc,6,mention
petitbien,Petitbien,Chamber of Deputies,0,Toul,1,0,,,,0,,1,0,0,0,,0,mention
petitfils,Petitfils,Chamber of Deputies,0,Ardennes,1,0,,,,0,,1,0,0,0,,0,mention
petitfils-e,Edmond PETITFILS,Chamber of Deputies,0,Ardennes,1,0,,,,1,1930,0,0,0,0,,0,mention; roster
petitier-l,Louis PETITIER,Chamber of Deputies,0,Meurthe-et-Moselle,1,0,,,,1,1930,0,0,0,0,,0,mention; roster
petitjean,Petitjean,Chamber of Deputies,0,Seine,1,0,,,,1,1924,1,1,4,0,Afrique occidentale francaise; Afrique occidentale française; Algérie; Guinée Conakry,4,roster
peyronnet-a,Albert-Pierre Peyronnet,Senate,0,Allier,1,1,1912,1940,28,3,1930; 1932; 1936,0,1,10,0,Afrique occidentale française; Algérie; Empire (transversal); Madagascar; Maroc,5,mention; roster
peyroux-a,Amédée Peyroux,Chamber of Deputies,0,,0,0,,,,0,,0,0,0,0,,0,mention
pezet-e,Ernest Pezet,Senate,0,,0,0,,,,1,1954,0,0,0,0,,0,roster
pfleger,Pfleger,Chamber of Deputies,0,Haut-Rhin,1,0,1919,1929,10,2,1930; 1932,1,0,0,0,,0,roster
philip-j,Jean Philip,Senate,0,Gers,1,0,,,,0,,0,0,0,0,,0,mention
picot,Picot,Chamber of Deputies,0,Gironde,1,1,1849,1938,89,2,1930; 1932,1,1,1,0,Tahiti (Polynésie),1,mention; roster
pierre-a,ANDRÉ Pierre,Chamber of Deputies,0,Meurthe-et-Moselle,1,0,,,,0,,0,1,2,0,Afrique équatoriale française; Empire (transversal),2,mention
pierre-perreau-pradier,[Pierre] Perreau-Pradier,Chamber of Deputies,0,Yonne,1,0,,,,0,,0,0,0,0,,0,mention
pietri,Piétri,Chamber of Deputies,0,,0,1,,,,0,,1,1,3,0,Afrique occidentale française; Maroc,2,mention
pietri-f,François Pietri,Chamber of Deputies,0,Corse,1,1,1924,1942,18,3,1930; 1932; 1936,0,1,4,0,Algérie; Indochine,2,mention; roster
pinay-a,Antoine Pinay,Chamber of Deputies,0,Loire,1,0,,,,1,1954,0,0,0,0,,0,roster
pineton-chambrun,PINETON Chambrun,Chamber of Deputies,0,Lozère,1,0,1898,1933,35,2,1930; 1932,0,0,0,0,,0,roster
piot,Piot,Senate,0,,0,0,,,,0,,1,1,10,0,Afrique occidentale française; Afrique équatoriale française; Indochine; Maroc,4,mention
piot-e,Edme Piot,Senate,0,Côte-d’Or,1,0,1897,1909,12,0,,0,0,0,0,,0,mention
piton,Piton,Chamber of Deputies,0,,0,0,,,,0,,1,1,1,0,Indochine,1,mention
piton-a,Aimé Piton,Chamber of Deputies,0,Vosges,1,1,,,,0,,0,0,0,0,,0,mention
planche,Planche,Chamber of Deputies,0,Hautes; Hautes-Alpes,2,0,,,,0,,1,1,1,0,Congo-Brazzaville ou Moyen-Congo,1,mention
planche-g-gustave,Gilbert Planche,Chamber of Deputies,0,Hautes-Alpes,1,0,,,,1,1924,0,1,2,0,Indochine,1,mention; roster
plancke,Plancke,Chamber of Deputies,0,Nord,1,0,,,,0,,1,0,0,0,,0,mention
plancke-g,Gabriel Plancke,Chamber of Deputies,0,Nord,1,0,1936,1942,6,0,,0,0,0,0,,0,mention
pleven-r,René Pleven,Chamber of Deputies,0,Côtes-du-Nord,1,0,,,,1,1954,0,0,0,0,,0,roster
plichon-j,Jean Plichon,Chamber of Deputies,0,Nord,1,0,1889,1936,47,4,1924; 1930; 1932; 1936,0,1,8,0,Algérie; Empire (transversal); Indochine; Maroc,4,roster
poillot-j,Jules Poillot,Chamber of Deputies,0,Côte-d'Or,1,0,1928,1936,8,3,1930; 1932; 1936,0,0,0,0,,0,roster
poitou-duplessy,Poitou-Duplessy,Chamber of Deputies,0,,0,0,,,,1,1924,1,0,0,0,,0,roster
poittevin-g,Gaston Poittevin,Chamber of Deputies,0,Marne,1,0,1919,1936,17,3,1930; 1932; 1936,0,0,0,0,,0,roster
pomaret-c,Charles Pomaret,Chamber of Deputies,0,Lozère,1,0,1928,1942,14,3,1930; 1932; 1936,0,1,1,0,Empire (transversal),1,roster
poncet-p,Paul Poncet,Chamber of Deputies,0,Seine,1,0,1914,1936,22,3,1930; 1932; 1936,0,0,0,0,,0,roster
port-d-etat-auguste-brunet,PORT D'ÉTAT Auguste Brunet,Chamber of Deputies,0,Réunion,1,0,,,,0,,0,0,0,0,,0,mention
port-gentil,Port-Gentil,Chamber of Deputies,0,,0,0,,,,0,,1,0,0,0,,0,mention
possehl-e,E. Possehl,Senate,0,,0,0,,,,0,,0,0,0,0,,0,mention
poti-a,Auguste Poti,Senate,0,Nord,1,0,,,,1,1936,0,0,0,0,,0,roster
potie-a,Auguste Potié,Senate,0,Nord,1,0,,,,3,1924; 1930; 1932,0,0,0,0,,0,roster
pourquery-de-boisserin,Pourquery de Boisserin,Chamber of Deputies,0,,0,0,,,,0,,0,0,0,0,,0,mention
poussineau,Poussineau,Chamber of Deputies,0,Ille-et-Vilaine,1,0,,,,2,1924; 1930,1,0,0,0,,0,roster
poussineau-g,POUSSINEAU G,Chamber of Deputies,0,Ille-et-Vilaine,1,0,,,,0,,0,0,0,0,,0,mention
prat,Prat,Chamber of Deputies,0,Seine-et-Oise,1,0,,,,0,,1,1,3,0,Algérie; Empire (transversal); Madagascar,3,mention
pretavoine,Prétavoine,Chamber of Deputies,0,,0,0,,,,0,,1,0,0,0,,0,mention
pretavoine-g,Germain Prétavoine,Chamber of Deputies,0,,0,0,1871,1876,5,0,,0,0,0,0,,0,mention
prevet,Prevet,Chamber of Deputies; Senate,1,Seine-et-Marne,1,0,,,,0,,1,1,2,0,Empire (transversal); Tunisie,2,mention
prevet-c,Charles Prevet,Chamber of Deputies; Senate,1,,0,0,,,,0,,0,1,1,0,Nouvelle-Calédonie (Mélanésie),1,mention
prevet-j,Jules PREVET,Chamber of Deputies,0,Seine-et-Marne,1,0,,,,1,1930,0,1,6,0,Algérie; Malaisie; Nouvelle-Calédonie (Mélanésie),3,mention; roster
prosper-josse,[Prosper] Josse,Senate,0,,0,0,,,,0,,0,1,1,0,Afrique occidentale française,1,mention
proust-l,Louis Proust,Chamber of Deputies,0,Indre-et-Loir; Indre-et-Loire,2,1,1919,1936,17,3,1930; 1932; 1936,0,1,2,0,Madagascar; Tunisie,2,mention; roster
puech,Puech,Chamber of Deputies,0,Paris,1,1,,,,0,,1,1,5,0,Algérie; Nouvelle-Calédonie (Mélanésie),2,mention
puech-l,Louis Puech,Chamber of Deputies,0,Seine,1,0,1898,1928,30,0,,0,1,2,0,Algérie; Maroc,2,mention
pugliesi-conti,Pugliesi-Conti,Chamber of Deputies,0,Paris,1,1,,,,0,,1,0,0,0,,0,mention
puis-a,Auguste Puis,Senate,0,Tarn-et-Garonne,1,0,1927,1934,7,2,1930; 1932,0,0,0,0,,0,roster
python-j,Joseph PYTHON,Chamber of Deputies,0,Puy-de-Dôme,1,0,,,,0,,0,0,0,0,,0,mention
queuille-h,Henri Queuille,Chamber of Deputies,0,Corrèze,1,0,,,,1,1936,0,0,0,0,,0,roster
quinson,Quinson,Chamber of Deputies,0,,0,0,,,,0,,1,0,0,0,,0,mention
rameil-p,Pierre Rameil,Chamber of Deputies,0,,0,0,,,,0,,0,0,0,0,,0,mention
raoul-calary-de-lamaziere,[Raoul Calary de] Lamazière,Chamber of Deputies,0,Seine,1,0,,,,0,,0,0,0,0,,0,mention
ratier-a,Antony Ratier,Senate,0,Indre,1,0,,,,2,1930; 1932,0,1,4,0,Empire (transversal); La Réunion,2,roster
rattier,Rattier,Senate,0,,0,0,,,,0,,1,0,0,0,,0,mention
raude-e,Eugène Raude,Chamber of Deputies,0,Morbihan,1,0,,,,1,1936,0,0,0,0,,0,roster
rauline,Rauline,Chamber of Deputies,0,Manche,1,0,,,,0,,1,0,0,0,,0,mention
raynaldy,Raynaldy,Senate,0,Aveyron,1,1,,,,0,,1,0,0,0,,0,mention
raynaldy-e,Eugène Raynaldy,Chamber of Deputies; Senate,1,Aveyron,1,1,1919,1928,9,3,1930; 1932; 1936,0,0,0,0,,0,mention; roster
raynaud-m-michel,Maurice Raynaud,Chamber of Deputies,0,Charente,1,1,1906,1924,18,1,1924,0,1,1,0,Indochine,1,mention; roster
raynaud-p,Paul Raynaud,Chamber of Deputies,0,,0,0,,,,0,,0,0,0,0,,0,mention
reache-g,Gerville- Réache,Chamber of Deputies,0,Guadeloupe,1,0,,,,0,,0,0,0,0,,0,mention
recevez,Recevez,Senate,0,,0,0,,,,1,1924,1,0,0,0,,0,roster
regnier-m,Marcel Régnier,Chamber of Deputies; Senate,1,Allier,1,1,1903,1939,36,3,1930; 1932; 1936,0,0,0,0,,0,mention; roster
reille-a,Amédée Reille,Chamber of Deputies,0,Tarn,1,0,1899,1914,15,0,,0,1,5,0,Afrique occidentale française; Algérie; Empire (transversal); Géorgie,4,mention
reille-r,René Reille,Chamber of Deputies,0,,0,0,,,,0,,0,0,0,0,,0,mention
reille-soult-d,Dalmatie Reille-Soult,Chamber of Deputies,0,Tarn,1,0,1919,1958,39,1,1936,0,0,0,0,,0,roster
reille-soult-f,François Reille-Soult,Chamber of Deputies,0,Tarn,1,0,,,,1,1954,0,0,0,0,,0,roster
reille-x,Xavier Reille,Chamber of Deputies,0,,0,0,,,,0,,0,1,6,0,Afrique occidentale française; Algérie; Empire (transversal); Géorgie; Indochine,5,mention
reinach-j,Joseph Reinach,Chamber of Deputies,0,Basses-Alpes,1,1,,,,0,,0,0,0,0,,0,mention
renaitour-j,Jean-Michel Renaitour,Chamber of Deputies,0,,0,0,,,,0,,0,0,0,0,,0,mention
renaud-f,Félix Renaud,Chamber of Deputies,0,Saône-et-Loire,1,0,1871,1876,5,0,,0,1,4,0,Afrique occidentale française; Algérie; Indochine,3,mention
rene-hachette,[René] Hachette,Senate,0,Aisne,1,0,,,,0,,0,0,0,0,,0,mention
renoult-r,René Renoult,Senate,0,,0,1,,,,0,,0,0,0,0,,0,mention
repiquet-g,G. Repiquet,Senate,0,,0,0,,,,0,,0,1,3,0,Afrique occidentale française; Empire (transversal); Empire ottoman/Turquie,3,mention
reveillaud-e,Eugène Réveillaud,Chamber of Deputies; Senate,1,,0,0,1902,1921,19,0,,0,0,0,0,,0,mention
revillon-t,Tony Revillon,Senate,0,,0,0,,,,0,,0,0,0,0,,0,mention
reynald-g,Georges REYNALD,Senate,0,Ariège,1,0,,,,1,1930,0,0,0,0,,0,mention; roster
reynaud-p,Paul Reynaud,Chamber of Deputies,0,Basses-Alpes,1,0,1919,1924,5,3,1930; 1932; 1936,0,0,0,0,,0,roster
reynaud-s,Simon Reynaud,Chamber of Deputies,0,Loire,1,0,,,,1,1930,0,0,0,0,,0,mention; roster
reynaud-simon,REYNAUD Simon,Chamber of Deputies,0,Loire,1,0,,,,0,,0,0,0,0,,0,mention
ribeyre-p,Paul Ribeyre,Chamber of Deputies,0,Ardèche,1,0,,,,1,1954,0,0,0,0,,0,roster
ricci-g,Gaston Ricci,Chamber of Deputies,0,,0,0,,,,0,,0,0,0,0,,0,mention
richard-a,Adrien Richard,Senate,0,Vosges,1,0,,,,3,1930; 1932; 1936,0,1,5,0,Empire (transversal),1,roster
riche-e,Étienne Riche,Chamber of Deputies,0,Ardennes,1,0,1928,1934,6,2,1930; 1932,0,1,2,0,Algérie; Indochine,2,mention; roster
ricklin-e,Ernest Ricklin,Chamber of Deputies,0,Haut-Rhin,1,0,,,,2,1930; 1932,0,0,0,0,,0,roster
rimaud-monsieur-audiffred-n,Nancy Rimaud Monsieur Audiffred,Senate,0,Ia,1,0,,,,0,,0,0,0,0,,0,mention
rimbert-f,Fernand Rimbert,Chamber of Deputies,0,Seine-Inférieure,1,0,1924,1936,12,3,1930; 1932; 1936,0,0,0,0,,0,roster
rio,Rio,Senate,0,,0,1,,,,0,,1,0,0,0,,0,mention
rio-a,Alphonse Rio,Chamber of Deputies; Senate,1,Morbihan,1,0,1919,1924,5,3,1930; 1932; 1936,0,0,0,0,,0,roster
riotteau,Riotteau,Chamber of Deputies; Senate,1,Manche,1,0,1876,1927,51,0,,1,0,0,0,,0,mention
rispal,Rispal,Senate,0,Seine-Inférieure,1,0,,,,0,,1,0,0,0,,0,mention
rives-p,Paul RIVES,Chamber of Deputies,0,,0,0,,,,0,,0,0,0,0,,0,mention
riviere-a-andre,ARMAND RIVIÈRE,Chamber of Deputies,0,Indre-et-Loire,1,0,,,,0,,0,1,6,0,Afrique équatoriale française; Empire (transversal); Indochine; Maroc,4,mention
robaglia-b,Barthélémy Robaglia,Chamber of Deputies,0,Paris; Seine,2,0,1924,1928,4,1,1930,0,1,9,0,Afrique occidentale française; Algérie; Indochine; Maroc; Venezuela,5,mention; roster
robbe-f-ferdinand,Fernand Robbe,Chamber of Deputies,0,PSF,1,0,1936,1942,6,0,,0,1,3,0,Algérie; Empire (transversal),2,mention
robert-p-paul,Pierre Robert,Senate,0,Loire,1,0,,,,1,1936,0,1,2,0,Afrique équatoriale française,1,roster
robledo-r,Romero Robledo,Chamber of Deputies,0,,0,1,,,,0,,0,1,1,0,Empire (transversal),1,mention
rocca-serra-c,Camille Rocca-Serra,Chamber of Deputies,0,Corse,1,0,1928,1942,14,1,1936,0,0,0,0,,0,roster
roche-j,Jules Roche,Chamber of Deputies,0,,0,0,,,,0,,0,1,1,0,Empire (transversal),1,mention
rocher-c,Camille Rocher,Chamber of Deputies,0,Isère,1,0,1919,1924,5,0,,0,1,1,0,Afrique équatoriale française,1,mention
rochereau-v,Victor Rochereau,Chamber of Deputies,0,Vendée,1,0,1914,1942,28,3,1930; 1932; 1936,0,1,2,0,Afrique équatoriale française; Oubangui-Chari (Centrafrique),2,roster
roger-duveau,[Roger] Duveau,Chamber of Deputies,0,UDSR de Madagascar,1,0,,,,0,,0,0,0,0,,0,mention
rollin-l,Louis Rollin,Chamber of Deputies,0,Paris; Seine,2,1,1919,1952,33,3,1930; 1932; 1936,0,1,2,0,Maroc; Syrie-Liban,2,mention; roster
romastin-t,Théophile Romastin,Chamber of Deputies,0,Sarthe,1,0,,,,0,,0,0,0,0,,0,mention
rosse-j,Joseph Rossé,Chamber of Deputies,0,Haut-Rhin,1,0,,,,2,1932; 1936,0,0,0,0,,0,roster
rossi-c,Cesare Rossi,Senate,0,,0,0,,,,0,,0,1,1,0,Tunisie,1,mention
rothschild-m,Maurice Rothschild,Senate,0,Hautes-Alpes,1,0,,,,3,1930; 1932; 1936,0,0,0,0,,0,roster
rotours-g,Guillaume Rotours,Chamber of Deputies,0,Nord,1,0,1919,1935,16,3,1930; 1932; 1936,0,0,0,0,,0,roster
rouatan-m,Mario Rouatan,Senate,0,Hérault,1,1,,,,0,,0,0,0,0,,0,mention
rouland-j,Julien Rouland,Chamber of Deputies; Senate,1,Seine-Inférieure,1,0,1898,1927,29,1,1924,0,1,10,0,Afrique occidentale française; Algérie; Empire (transversal); Indochine,4,mention; roster
roulleaux-dugage-h,Henry Roulleaux-Dugage,Chamber of Deputies,0,Orne,1,0,1910,1930,20,1,1930,0,1,3,0,Afrique occidentale française; Algérie; Sénégal,3,mention; roster
rouquier-l,Louis Rouquier,Chamber of Deputies,0,Seine,1,0,,,,1,1932,0,0,0,0,,0,roster
rousseau-j,Jules Rousseau,Chamber of Deputies,0,,0,0,,,,0,,0,1,1,0,Empire (transversal),1,mention
roussel-e,Émile Roussel,Senate,0,Aisne,1,0,,,,2,1930; 1932,0,1,1,0,Empire (transversal),1,roster
roustan-m-marcel,Mario Roustan,Senate,0,Hérault,1,1,,,,0,,0,1,1,0,Afrique occidentale française,1,mention
roux-c-clement,Charles Roux,Chamber of Deputies,0,,0,0,,,,0,,0,1,2,0,Empire (transversal); Indochine,2,mention
roux-fressineng,Roux-Fressineng,Chamber of Deputies; Senate,1,Oran,1,1,,,,0,,1,0,0,0,,0,mention
roux-freyssineng,Roux-Freyssineng,Chamber of Deputies,0,Oran,1,0,,,,0,,1,0,0,0,,0,mention
roy-h,Henri Roy,Senate,0,Loiret,1,0,,,,1,1936,0,0,0,0,,0,mention; roster
rozet-a,Albin Rozet,Chamber of Deputies,0,,0,0,,,,0,,0,0,0,0,,0,mention
rubio-m,Mariano Rubio,Chamber of Deputies,0,,0,0,,,,0,,0,0,0,0,,0,mention
ruellan-c,Ch. Ruellan,Chamber of Deputies,0,,0,1,1919,1924,5,0,,0,1,2,0,Afrique équatoriale française; Empire (transversal),2,mention
rumagny-j,J. Rumagny,Senate,0,,0,0,,,,0,,0,0,0,0,,0,mention
sabatier-a,Auguste Sabatier,Chamber of Deputies,0,Seine,1,0,1928,1932,4,2,1930; 1932,0,1,1,0,Syrie-Liban,1,roster
sabiani-s,Simon Sabiani,Chamber of Deputies,0,,0,0,,,,0,,0,0,0,0,,0,mention
saint-germain,SAINT-GERMAIN,Chamber of Deputies; Senate,1,Constantine; Oran,2,0,,,,0,,1,1,8,0,Algérie; Congo-Brazzaville ou Moyen-Congo; Empire (transversal),3,mention
saint-germain-m,Marcel Saint- Germain,Chamber of Deputies; Senate,1,Algérie; Oran,2,0,1889,1920,31,0,,0,1,7,0,Algérie; Empire (transversal); Indochine,3,mention
salette-l,Lucien SALETTE,Chamber of Deputies,0,Hérault,1,0,,,,0,,0,0,0,0,,0,mention
salis,Salis,Chamber of Deputies,0,,0,0,,,,0,,1,0,0,0,,0,mention
santoliquido-r,Rocco Santoliquido,Chamber of Deputies,0,,0,0,,,,0,,0,0,0,0,,0,mention
saone-et-loire,Saône-et-Loire,Chamber of Deputies; Senate,1,Gard,1,0,1924,1932,8,0,,1,0,0,0,,0,mention
sari,Sari,Senate,0,,0,0,,,,0,,1,0,0,0,,0,mention
sarraut,Sarraut,Chamber of Deputies,0,,0,0,,,,0,,1,0,0,0,,0,mention
sarraut-a,Albert Sarraut,Chamber of Deputies; Senate,1,Aune; Secrétaire,2,1,,,,0,,0,1,1,0,Indochine,1,mention
sarraut-m,Maurice Sarraut,Senate,0,Aube,1,0,,,,0,,0,0,0,0,,0,mention
satineau-m,Maurice Satineau,Chamber of Deputies,0,Guadeloupe,1,0,1936,1940,4,0,,0,0,0,0,,0,mention
saurin,Saurin,Chamber of Deputies,0,,0,1,,,,0,,1,1,2,0,Madagascar; Syrie-Liban,2,mention
savary-c,Charles Savary,Chamber of Deputies,0,Manche,1,1,1871,1883,12,0,,0,1,1,0,Empire (transversal),1,mention
scalini-h,Henri Scalini,Senate,0,,0,0,,,,0,,0,0,0,0,,0,mention
schleiter-f,François Schleiter,Senate,0,Meuse,1,0,,,,1,1954,0,1,1,0,Afrique équatoriale française,1,roster
schleiter-v,Victor Schleiter,Chamber of Deputies,0,Meuse,1,0,1924,1933,9,2,1930; 1932,0,0,0,0,,0,roster
schmidt-j,Jammy SCHMIDT,Chamber of Deputies,0,Oise,1,0,,,,0,,0,0,0,0,,0,mention
schneider-e,Eugène Schneider,Chamber of Deputies,0,,0,1,,,,0,,0,1,3,0,Afrique occidentale française; Côte d'Ivoire; Indochine,3,mention
schneiter-p,Pierre Schneiter,Chamber of Deputies,0,Marne,1,0,,,,1,1954,0,1,1,0,Empire (transversal),1,roster
schoelcher,Schoelcher,Senate,0,,0,0,,,,0,,1,0,0,0,,0,mention
schrameck,Schrameck,Senate,0,Bouches-du-Rhône,1,0,,,,0,,1,0,0,0,,0,mention
sclafer-j,James Sclafer,Chamber of Deputies,0,Charente-Inférieure,1,0,1924,1939,15,3,1930; 1932; 1936,0,0,0,0,,0,roster
scouloudi,Scouloudi,Chamber of Deputies,0,,0,0,,,,0,,1,0,0,0,,0,mention
secretaire-de-leon-archimbaud,Secrétaire de Léon Archimbaud,Chamber of Deputies,0,Drôme,1,0,1919,1942,23,0,,0,0,0,0,,0,mention
sellier-h,Henri Sellier,Senate,0,Seine,1,0,,,,1,1936,0,1,1,0,Empire (transversal),1,roster
senateurs-deves,SÉNATEURS Devès,Chamber of Deputies; Senate,1,Cantal; Hérault,2,0,,,,0,,0,0,0,0,,0,mention
serot-r,Robert Serot,Chamber of Deputies,0,Moselle,1,0,,,,3,1930; 1932; 1936,0,0,0,0,,0,roster
serre-l,Louis Serre,Senate,0,Vaucluse,1,1,,,,2,1930; 1932,0,0,0,0,,0,mention; roster
sevaistre-l,Léon Sevaistre,Chamber of Deputies,0,Eure,1,0,,,,0,,0,0,0,0,,0,mention
sever-j,Jacques Sever,Chamber of Deputies,0,Nord,1,0,1895,1898,3,0,,0,0,0,0,,0,mention
severe,Sévère,Chamber of Deputies,0,Martinique,1,0,,,,0,,1,0,0,0,,0,mention
severe-v,Victor Sévère,Chamber of Deputies,0,Martinique,1,0,1906,1942,36,0,,0,0,0,0,,0,mention
sicard-m,Martial Sicard,Chamber of Deputies,0,,0,0,,,,0,,0,1,2,0,Empire (transversal); Maroc,2,mention
siegfried,Siegfried,Chamber of Deputies; Senate,1,Havre,1,0,,,,0,,1,1,4,0,Afrique occidentale française; Afrique équatoriale française; Algérie; Empire (transversal),4,mention
siegfried-j-jules,Jules Siegfried,Chamber of Deputies,0,,0,1,,,,0,,0,1,1,0,Afrique occidentale française,1,mention
simon-h,Henry Simon,Chamber of Deputies,0,,0,1,,,,0,,0,1,2,0,Empire (transversal); Maroc,2,mention
simon-s,San Simon,Senate,0,,0,0,,,,0,,0,1,17,0,Afrique occidentale française; Afrique équatoriale française; Algérie; Empire ottoman/Turquie; Indochine; Maroc,6,mention
sizaire-h,Henry Sizaire,Chamber of Deputies,0,Tarn,1,0,1924,1932,8,2,1930; 1932,0,0,0,0,,0,roster
societe-du-pacifique,Société du Pacifique,Chamber of Deputies,0,Seine,1,0,1919,1924,5,0,,0,0,0,0,,0,mention
sonnery-l,Louis Sonnery,Chamber of Deputies,0,Rhône,1,0,,,,0,,0,0,0,0,,0,mention
sonnery-martin-l,Louis Sonnery-Martin,Chamber of Deputies,0,Rhône,1,0,1893,1898,5,0,,0,0,0,0,,0,mention
sonnery-r,René Sonnery,Chamber of Deputies,0,Rhône,1,0,1893,1898,5,0,,0,1,4,0,Algérie; Indochine; Tunisie,3,mention
sorel-j,Jean-Louis-Albert Sorel,Chamber of Deputies,0,,0,0,1958,1962,4,0,,0,1,1,0,Algérie,1,mention
soulie-l,Louis Soulié,Senate,0,Loire,1,0,,,,2,1930; 1932,0,0,0,0,,0,roster
soulier-e,Édouard Soulier,Chamber of Deputies,0,Paris,1,0,,,,0,,0,0,0,0,,0,mention
steeg-t,Théodore Steeg,Senate,0,,0,1,,,,0,,0,0,0,0,,0,mention
stern-j,Jacques Stern,Chamber of Deputies,0,Basses-Alpes,1,0,1914,1936,22,3,1930; 1932; 1936,0,1,1,0,Nouvelle-Calédonie (Mélanésie),1,roster
sthul-j,Jean Sthul,Senate,0,Moselle,1,0,,,,3,1930; 1932; 1936,0,1,1,0,Afrique occidentale française,1,roster
stoian-i,Ion Stoian,Chamber of Deputies,0,,0,0,,,,0,,0,0,0,0,,0,mention
stuhl,Stuhl,Senate,0,Moselle,1,0,,,,0,,1,0,0,0,,0,mention
sucriere-du-gol,Sucrière du Gol,Senate,0,Léonus,1,0,,,,0,,0,0,0,0,,0,mention
sultan-f,Fouad Sultan,Chamber of Deputies,0,,0,1,,,,0,,0,0,0,0,,0,mention
surcouf-r,Robert Surcouf,Chamber of Deputies; Senate,1,,0,0,,,,0,,0,1,7,0,Afrique équatoriale française; Empire (transversal); Indochine; Maroc,4,mention
susset,Susset,Chamber of Deputies,0,,0,0,,,,0,,1,1,1,0,Afrique occidentale française,1,mention
susset-r,Raymond Susset,Chamber of Deputies,0,Seine,1,0,,,,0,,0,0,0,0,,0,mention
taiittinger-p,Pierre Taiittinger,Chamber of Deputies,0,Paris,1,0,,,,0,,0,0,0,0,,0,mention
taillandier,Taillandier,Chamber of Deputies,0,,0,0,,,,0,,1,1,1,0,Indochine,1,mention
taittinger-p,Pierre Taittinger,Chamber of Deputies,0,Charente-Inférieure; Chte-Inf; Paris,3,0,1919,1924,5,4,1924; 1930; 1932; 1936,0,1,1,0,Empire (transversal),1,mention; roster
talabot-p,Paulin Talabot,Chamber of Deputies,0,,0,0,,,,0,,0,1,3,0,Algérie; Empire (transversal); Maroc,3,mention
tapponnier,Tapponnier,Chamber of Deputies,0,,0,1,,,,0,,1,0,0,0,,0,mention
tapponnier-p,Paul Tapponnier,Chamber of Deputies,0,,0,1,,,,0,,0,0,0,0,,0,mention
tardieu-a,André Tardieu,Chamber of Deputies,0,Seine-et-Oise,1,0,,,,3,1930; 1932; 1936,0,0,0,0,,0,mention; roster
tasso,Tasso,Chamber of Deputies,0,Bouches-du-Rhône,1,0,,,,0,,1,0,0,0,,0,mention
tasso-h,Henri Tasso,Chamber of Deputies,0,,0,0,,,,0,,0,1,1,0,Afrique occidentale française,1,mention
tastes-l,Lionel Tastes,Chamber of Deputies,0,Seine,1,0,1928,1936,8,3,1930; 1932; 1936,0,0,0,2,,0,roster
taudiere,Taudière,Chamber of Deputies,0,Deux-Sèvres,1,0,,,,0,,1,0,0,0,,0,mention
taudiere-e,Émile Taudière,Chamber of Deputies,0,Deux-Sèvres,1,0,1928,1946,18,3,1930; 1932; 1936,0,0,0,0,,0,mention; roster
teisserenc-de-bort-e,Edmond Teisserenc de Bort,Chamber of Deputies; Senate,1,Hérault,1,0,1846,1888,42,0,,0,0,0,0,,0,mention
teisserenc-de-bort-l,TEISSERENC DE BORT,Senate,0,Haute-Vienne,1,0,,,,0,,0,1,2,0,Algérie,1,mention
temple-e,Emmanuel Temple,Chamber of Deputies,0,Aveyron,1,0,,,,0,,0,0,0,0,,0,mention
ternisien,Ternisien,Chamber of Deputies,0,Cochinchine,1,0,,,,0,,1,0,0,0,,0,mention
ternynck-l,Louis Ternynck,Senate,0,Aisne,1,0,,,,1,1954,0,0,0,0,,0,roster
tessan-f,François Tessan,Chamber of Deputies,0,Seine-et-Marne,1,0,,,,1,1936,0,0,0,0,,0,roster
testu,Testu,Chamber of Deputies,0,,0,0,,,,0,,1,0,0,0,,0,mention
theodore-steeg,[Théodore] Steeg,Senate,0,Seine,1,0,,,,0,,0,0,0,0,,0,mention
thibout-d,Thibout,Chamber of Deputies,0,Seine,1,0,,,,1,1924,1,1,5,0,Afrique occidentale française; Empire (transversal),2,mention; roster
thibout-g,Georges Thibout,Chamber of Deputies,0,,0,0,1919,1924,5,0,,0,0,0,0,,0,mention
thierry-j,Joseph Thierry,Chamber of Deputies,0,Bouches-du-Rhône,1,1,1898,1918,20,0,,0,1,11,0,Afrique occidentale française; Algérie; Indochine; Madagascar,4,mention
thion-de-la-chaume-r-robert,René Thion de la Chaume,Chamber of Deputies; Senate,1,,0,0,1914,1942,28,0,,0,1,9,0,Afrique occidentale française; Côte d'Ivoire; Indochine,3,mention
thivrier-i,Isidore Thivrier,Chamber of Deputies,0,Allier,1,0,1924,1942,18,3,1930; 1932; 1936,0,0,0,0,,0,roster
thomas-e-eugene,Eugène Thomas,Chamber of Deputies; Senate,1,Nord,1,0,,,,0,,0,1,1,0,Algérie,1,mention
thomson,Thomson,Chamber of Deputies,0,Bône; Constantine,2,0,,,,0,,1,0,0,0,,0,mention
thomson-g,G. Thomson,Chamber of Deputies,0,Constantine,1,0,,,,0,,0,0,0,0,,0,mention
thoumyre-r,Robert Thoumyre,Chamber of Deputies; Senate,1,Seine; Seine-Inférieure,2,1,1919,1942,23,3,1930; 1932; 1936,0,1,3,0,Algérie; Empire (transversal),2,mention; roster
thureau-dangin-j,Jean Thureau-Dangin,Chamber of Deputies,0,,0,0,1929,1935,6,1,1932,0,1,2,0,Afrique occidentale française,1,roster
tirman-a,Alfred Louis Tirman,Senate,0,,0,0,1892,1899,7,0,,0,1,1,0,Algérie,1,mention
tisseyre-c,Charles Tisseyre,Chamber of Deputies,0,Saône-et-Loire,1,0,,,,1,1924,0,0,0,0,,0,roster
tissier-l,Louis Tissier,Senate,0,Vaucluse,1,0,,,,2,1930; 1932,0,0,0,0,,0,roster
tonnerre-francois-c,Clermont Tonnerre François,Chamber of Deputies,0,Somme,1,0,,,,0,,0,0,0,0,,0,mention
tournan-i,Isidore Tournan,Chamber of Deputies; Senate,1,Gers,1,0,1910,1939,29,3,1930; 1932; 1936,0,1,2,0,Afrique occidentale française,1,mention; roster
toussaint,Toussaint,Chamber of Deputies,0,,0,0,,,,0,,1,1,9,0,Afrique occidentale française; Algérie; Maroc,3,mention
toy-riont-m,Maurice Toy-Riont,Chamber of Deputies; Senate,1,,0,0,1910,1914,4,3,1930; 1932; 1936,0,1,3,0,Afrique occidentale française; Empire (transversal); Madagascar,3,mention; roster
tran-thien-vang,Tran-thien-Vang,Chamber of Deputies,0,Mytho,1,0,,,,0,,1,0,0,0,,0,mention
trarieux,Trarieux,Senate,0,Gironde,1,1,,,,0,,1,1,4,0,Afrique équatoriale française; Oubangui-Chari (Centrafrique),2,mention
travot,Travot,Chamber of Deputies,0,,0,0,,,,0,,1,1,1,0,Empire (transversal),1,mention
treille,Treille,Chamber of Deputies,0,,0,0,,,,0,,1,0,0,0,,0,mention
trystram-j,Jean-Baptiste Trystram,Chamber of Deputies; Senate,1,Nord,1,0,1876,1889,13,0,,0,0,0,0,,0,mention
ulmo-g,Georges Ulmo,Senate,0,Haute-Marne,1,0,,,,1,1936,0,0,0,0,,0,roster
ulver-h,Henri Ulver,Chamber of Deputies,0,Seine,1,0,,,,1,1954,0,0,0,0,,0,roster
urs-waddington,URS. WADDINGTON,Chamber of Deputies,0,,0,0,,,,0,,0,0,0,0,,0,mention
valadier-e,Édouard Valadier,Senate,0,Eure-et-Loir,1,0,,,,3,1930; 1932; 1936,0,1,5,0,Afrique équatoriale française; Empire (transversal); Indochine; La Réunion,4,roster
vallat-x,Xavier Vallat,Chamber of Deputies,0,,0,0,,,,0,,0,0,0,0,,0,mention
vallette-viallard-p,Pierre Vallette-Viallard,Chamber of Deputies,0,Ardèche,1,0,1919,1942,23,1,1936,0,0,0,0,,0,roster
valude,Valude,Chamber of Deputies,0,,0,0,,,,0,,1,1,1,0,Afrique occidentale française,1,mention
valude-p,Pierre Valude,Chamber of Deputies,0,Cher,1,1,1919,1928,9,0,,0,1,1,0,Afrique occidentale française,1,mention
vandame-g,Georges Vandame,Chamber of Deputies,0,Nord,1,0,1906,1924,18,0,,0,0,0,0,,0,mention
varenne-a,Alexandre Varenne,Chamber of Deputies,0,,0,0,,,,0,,0,0,0,0,,0,mention
vayssiere-m,Marcel Vayssière,Senate,0,Gironde,1,0,1920,1920,0,0,,0,0,0,0,,0,mention
vendroux-j,Jacques VENDROUX,Chamber of Deputies,0,Pas-de-Calais,1,0,,,,1,1954,0,0,0,0,,0,mention; roster
vercruysse-a,Aster Vercruysse,Senate,0,,0,0,,,,0,,0,1,1,0,Empire (transversal),1,mention
veron-e,Édouard Véron,Senate,0,Haute-Loire,1,0,,,,0,,0,0,0,0,,0,mention
victor-marie-travot,[Victor-Marie] Travot,Chamber of Deputies,0,,0,0,,,,0,,0,0,0,0,,0,mention
vidal-g,Gaston Vidal,Chamber of Deputies,0,,0,1,,,,0,,0,1,1,0,Guyane française,1,mention
vidal-j,Joseph Vidal,Chamber of Deputies,0,Bouches-du-Rhône,1,0,,,,0,,0,1,8,0,Afrique équatoriale française; Algérie; Djibouti; Empire (transversal); Maroc; Tahiti (Polynésie),6,mention
vidal-r,Raymond Vidal,Chamber of Deputies,0,,0,0,,,,0,,0,1,2,0,Empire (transversal); Maroc,2,mention
vieillard-l,Louis Vieillard,Senate,0,Belfort,1,0,,,,3,1930; 1932; 1936,0,1,3,0,Empire (transversal),1,roster
viellard-l,Louis Viellard,Senate,0,Belfort,1,0,,,,0,,0,1,1,0,Maroc,1,mention
vigerie-e,Emmanuel VIGERIE,Chamber of Deputies,0,Ille-el-Vilaine,1,0,,,,0,,0,0,0,0,,0,mention
villain-h,Henri Villain,Chamber of Deputies,0,Aisne,1,0,1871,1886,15,0,,0,1,1,0,Algérie,1,mention
villette,Villette,Chamber of Deputies,0,,0,0,,,,0,,1,0,0,0,,0,mention
villoutreys-de-brignac-p,Pierre Villoutreys de Brignac,Senate,0,Maine-et-Loire,1,0,,,,1,1954,0,0,0,0,,0,roster
vincent,Vincent,Chamber of Deputies,0,,0,0,,,,0,,1,1,13,0,Afrique occidentale française; Afrique équatoriale française; Algérie; Empire (transversal); Empire ottoman/Turquie; Guyane française; Indochine; Madagascar; Maroc,9,mention
vincent-a,Adolphe Vincent,Chamber of Deputies,0,Pas-de-Calais,1,0,,,,0,,0,1,20,0,Afrique occidentale française; Algérie; Empire (transversal); Guyane française; Indochine; Maroc; Tunisie,7,mention
vincent-d,Daniel Vincent,Senate,0,Nord,1,1,,,,3,1930; 1932; 1936,0,0,0,0,,0,mention; roster
viollette-m,Maurice VIOLLETTE,Chamber of Deputies; Senate,1,Eure-et-Loir,1,0,1902,1939,37,0,,0,1,2,0,Afrique équatoriale française; Empire (transversal),2,mention
waddington-r,Richard Waddington,Senate,0,,0,0,,,,0,,0,1,5,0,Maroc,1,mention
wallach-a,Alfred Wallach,Chamber of Deputies,0,Haut-Rhin,1,0,,,,1,1936,0,1,1,0,Algérie,1,roster
walter-m,Michel Walter,Chamber of Deputies,0,Bas-Rhin,1,0,1919,1942,23,3,1930; 1932; 1936,0,0,0,0,,0,roster
warren-e,Édouard Warren,Chamber of Deputies,0,Meurthe-et-Moselle,1,0,1919,1932,13,2,1930; 1932,0,0,0,0,,0,roster
weill-g,Georges WEILL,Chamber of Deputies,0,Bas-Rhin,1,0,1928,1928,0,2,1930; 1936,0,1,1,0,Tunisie,1,mention; roster
weiller-l,Lazare Weiller,Senate,0,Bas-Rhin,1,0,,,,1,1924,0,0,0,0,,0,roster
wendel-f,François Wendel,Chamber of Deputies,0,Meurthe-et-Moselle,1,0,1914,1933,19,1,1930,0,1,5,0,Empire (transversal); Indochine; Maroc,3,roster
wendel-g,Guy Wendel,Chamber of Deputies,0,,0,0,1919,1927,8,1,1930,0,1,3,0,Algérie; Empire (transversal),2,roster
wickersheimer-e,Émile Wickersheimer,Chamber of Deputies,0,Aude,1,0,1885,1889,4,0,,0,0,0,0,,0,mention
wilson,Wilson,Chamber of Deputies,0,,0,0,,,,0,,1,0,0,0,,0,mention
wolowski-l,Louis Wolowski,Chamber of Deputies,0,Paris,1,0,1848,1875,27,0,,0,0,0,0,,0,mention
ybarnegaray-j,Jean Ybarnégaray,Chamber of Deputies,0,Basses-Pyrénées; Pyrénées-Atlantiques,2,0,1914,1942,28,3,1930; 1932; 1936,0,0,0,0,,0,mention; roster
zay-j,Jean Zay,Chamber of Deputies,0,Orléans,1,0,,,,0,,0,0,0,0,,0,mention
zele-j,Jacques Zele,Senate,0,Togo,1,0,,,,1,1954,0,1,2,0,Afrique occidentale française; Togo,2,roster
