doc_id,pdf_url,entry_type,name_normalised,sector,country,region,year_start,year_end,title_raw
afrique-du-nord-merite-agricole-aof-93e0e4,https://entreprises-coloniales.fr/afrique-du-nord/Merite_agricole-AOF.pdf,source_document,Mérite agricole,Documents généraux (par ordre chronologique),Afrique occidentale française,Afrique occidentale francaise,,,Mérite agricole : titulaires aoéfiens
afrique-equatoriale-ceca-gabon-a2b1b2,https://entreprises-coloniales.fr/afrique-equatoriale/CECA-Gabon.pdf,company,Compagnie d'Exploitations commerciales africaines,Commerce,Côte d'Ivoire,Afrique occidentale francaise,1933,,"Exploitations commerciales africaines (Compagnie d')(S.A., 1933) : Gabon, Congo, Côte d'Ivoire, Haute-Volta"
afrique-equatoriale-credit-foncier-aef-7d5b4f,https://entreprises-coloniales.fr/afrique-equatoriale/Credit_foncier_AEF.pdf,company,"Crédit foncier de l'Afrique équatoriale française, Brazzaville, puis Crédit foncier de l'Afrique française",Banque,Sénégal,Afrique occidentale francaise,1928,,"Crédit foncier de l'Afrique équatoriale française (1928), Brazzaville, puis Crédit foncier de l'Afrique française (1935), Dakar"
afrique-equatoriale-francmacs-joef-aof-521322,https://entreprises-coloniales.fr/afrique-equatoriale/Francmacs-JOEF-AOF.pdf,source_document,Liste des francs-maçons d'AOF et du Togo stigmatisés par le régime de Vichy,Documents généraux (par ordre chronologique),Afrique occidentale française,Afrique occidentale francaise,,,Liste des francs-maçons d'AOF et du Togo stigmatisés par le régime de Vichy
afrique-occidentale-abattoir-conserverie-lyndiane-96b76b,https://entreprises-coloniales.fr/afrique-occidentale/Abattoir+conserverie-Lyndiane.pdf,company,"Société Française d'Alimentation de Chanaud & Cie, puis Coloniale d'alimentation frigorifique",Industries agro-alimentaires,Sénégal,Afrique occidentale francaise,1912,1918,"Française d'Alimentation de Chanaud & Cie (Société), puis Coloniale d'alimentation frigorifique (Société)(1912-1918) : abattoir industriel et conserverie de Lyndiane"
afrique-occidentale-abcd-j-aubert-4bba17,https://entreprises-coloniales.fr/afrique-occidentale/ABCD_J._Aubert.pdf,company,ABCD J. Aubert & Cie,,Dahomey (Bénin),Afrique occidentale francaise,,,"ABCD J. Aubert & Cie, Porto-Novo"
afrique-occidentale-abidjan-troisieme-capitale-2f43b4,https://entreprises-coloniales.fr/afrique-occidentale/Abidjan_troisieme_capitale.pdf,source_document,"Abidjan, troisième capitale de la Côte-d'Ivoire, par le texte et par l'image. Par Jacques Bobée",Documents généraux (par ordre chronologique),Côte d'Ivoire,Afrique occidentale francaise,1934,1983,"Abidjan, troisième capitale de la Côte-d'Ivoire (1934-1983), par le texte et par l'image. Par Jacques Bobée (210 p.)"
afrique-occidentale-acajous-cote-d-ivoire-55a92d,https://entreprises-coloniales.fr/afrique-occidentale/Acajous_Cote-d'Ivoire.pdf,company,Compagnie des Acajous de la Côte-d'Ivoire,Industries,Côte d'Ivoire,Afrique occidentale francaise,1922,1928,Acajous de la Côte-d'Ivoire (Compagnie des)(1922-1928)
afrique-occidentale-acaof-b1825f,https://entreprises-coloniales.fr/afrique-occidentale/ACAOF.pdf,company,Agricole et Commerciale de l'Afrique occidentale française,Commerce,Côte d'Ivoire,Afrique occidentale francaise,,,Agricole et Commerciale de l'Afrique occidentale française (S. A.)(ACAOF)
afrique-occidentale-adulessa-company-ltd-dc3864,https://entreprises-coloniales.fr/afrique-occidentale/Adulessa_Company_Ltd.pdf,company,The Côte-d'Ivoire and Adulessa Company Ltd,Mines,Côte d'Ivoire,Afrique occidentale francaise,1902,,Côte-d'Ivoire and Adulessa Company Ltd (The)(1902)
afrique-occidentale-aec-1922-aof-togo-9cef7c,https://entreprises-coloniales.fr/afrique-occidentale/AEC_1922-AOF-Togo.pdf,source_document,Annuaire des entreprises coloniales 1922,Documents généraux (par ordre chronologique),Afrique occidentale française,Afrique occidentale francaise,,,Annuaire des entreprises coloniales 1922 : AOF+Togo
afrique-occidentale-aec-1926-aof-togo-b4d838,https://entreprises-coloniales.fr/afrique-occidentale/AEC_1926-AOF-Togo.pdf,source_document,Annuaire des entreprises coloniales 1926,Documents généraux (par ordre chronologique),Afrique occidentale française,Afrique occidentale francaise,,,Annuaire des entreprises coloniales 1926 : AOF+Togo
afrique-occidentale-aec-1937-aof-togo-879c40,https://entreprises-coloniales.fr/afrique-occidentale/AEC_1937-AOF-Togo.pdf,source_document,Annuaire des entreprises coloniales 1937,Documents généraux (par ordre chronologique),Afrique occidentale française,Afrique occidentale francaise,,,Annuaire des entreprises coloniales 1937 : AOF+Togo
afrique-occidentale-aec-1949-aof-togo-9b7c17,https://entreprises-coloniales.fr/afrique-occidentale/AEC_1949-AOF-Togo.pdf,source_document,Annuaire des entreprises coloniales 1949,Documents généraux (par ordre chronologique),Afrique occidentale française,Afrique occidentale francaise,,,Annuaire des entreprises coloniales 1949 : AOF+Togo
afrique-occidentale-aec-1951-aof-togo-9a864d,https://entreprises-coloniales.fr/afrique-occidentale/AEC_1951-AOF-Togo.pdf,source_document,Annuaire des entreprises coloniales 1951,Documents généraux (par ordre chronologique),Afrique occidentale française,Afrique occidentale francaise,,,Annuaire des entreprises coloniales 1951 : AOF+Togo
afrique-occidentale-aec-1951-cote-ivoire-9a27f1,https://entreprises-coloniales.fr/afrique-occidentale/AEC_1951-Cote_Ivoire.pdf,source_document,Annuaire des entreprises coloniales 1951-Côte d’Ivoire,Documents généraux (par ordre chronologique),Côte d'Ivoire,Afrique occidentale francaise,,,Annuaire des entreprises coloniales 1951-Côte d’Ivoire : sociétés locales
afrique-occidentale-aec-1951-guinee-c7cf01,https://entreprises-coloniales.fr/afrique-occidentale/AEC_1951-Guinee.pdf,company,Annuaire des entreprises coloniales 1951-Guinée,,Guinée Conakry,Afrique occidentale francaise,,,Annuaire des entreprises coloniales 1951-Guinée : sociétés locales
afrique-occidentale-aec-1951-senegal-b71d8d,https://entreprises-coloniales.fr/afrique-occidentale/AEC_1951-Senegal.pdf,company,Annuaire des entreprises coloniales 1951-Sénégal,,Sénégal,Afrique occidentale francaise,,,Annuaire des entreprises coloniales 1951-Sénégal : sociétés locales
afrique-occidentale-aero-club-d-abidjan-7a707a,https://entreprises-coloniales.fr/afrique-occidentale/Aero-club_d_Abidjan.pdf,company,Aéro-Club d'Abidjan,Transports,Côte d'Ivoire,Afrique occidentale francaise,1935,,Aéro-Club d'Abidjan (1935)
afrique-occidentale-aerodrome-d-abidjan-bf5e95,https://entreprises-coloniales.fr/afrique-occidentale/Aerodrome_d_Abidjan.pdf,company,Aérodrome d'Abidjan Port-Bouët,Transports,Côte d'Ivoire,Afrique occidentale francaise,1940,,Aérodrome d'Abidjan Port-Bouët (1940)
afrique-occidentale-africaine-credit-mobilier-ca9e5f,https://entreprises-coloniales.fr/afrique-occidentale/Africaine_Credit_mobilier.pdf,company,Société Africaine de crédit mobilier,Banque,Sénégal,Afrique occidentale francaise,1912,,"Africaine de crédit mobilier (Société)(Chérion, Sabourault et Cie)(1912) : mont-de-piété à Dakar"
afrique-occidentale-africaine-de-commerce-c36cd3,https://entreprises-coloniales.fr/afrique-occidentale/Africaine_de_Commerce.pdf,company,Compagnie Africaine de Commerce,Commerce,Afrique occidentale française,Afrique occidentale francaise,1920,1927,"Africaine de Commerce (Compagnie)(Anciens Établissements A. Lecomte) (1920-1927) : Sénegal, Dahomey, Togo, Cameroun, Gold Coast"
afrique-occidentale-africaine-de-sisal-3002bf,https://entreprises-coloniales.fr/afrique-occidentale/Africaine_de_Sisal.pdf,company,"Compagnie Africaine de Sisal, Oyenbam, par Rufisque",Industries agro-alimentaires,Sénégal,Afrique occidentale francaise,,,"Africaine de Sisal (Compagnie), Oyenbam, par Rufisque"
afrique-occidentale-africaine-electricite-1922-1930-8f70e5,https://entreprises-coloniales.fr/afrique-occidentale/Africaine_electricite_1922-1930.pdf,company,"Société Africaine d'électricité, Saint-Louis-du-Sénégal",Industries,Sénégal,Afrique occidentale francaise,1922,1930,"Africaine d'électricité (Société)(1922-1930), Saint-Louis-du-Sénégal"
afrique-occidentale-africaine-francaise-c31f8d,https://entreprises-coloniales.fr/afrique-occidentale/Africaine_francaise.pdf,company,L'Africaine française,Commerce,Afrique occidentale française,Afrique occidentale francaise,,,Africaine française (L')(Société d'exploitation des produits africains)
afrique-occidentale-agric-forest-cote-ivoire-736462,https://entreprises-coloniales.fr/afrique-occidentale/Agric._forest._Cote_Ivoire.pdf,company,Société Agricole et Forestière de la Côte-d'Ivoire,Industries,Côte d'Ivoire,Afrique occidentale francaise,1911,,Agricole et Forestière de la Côte-d'Ivoire (Société)(1911)
afrique-occidentale-agricole-de-la-cote-d-ivoire-9c8644,https://entreprises-coloniales.fr/afrique-occidentale/Agricole_de_la_Cote_d_Ivoire.pdf,company,Société Agricole de la Côte d'Ivoire,"Agro-alimentaire, cultures industrielles",Côte d'Ivoire,Afrique occidentale francaise,,,"Agricole de la Côte d'Ivoire (Société)(juillet-oct. 1919), Paris"
afrique-occidentale-agricole-de-la-kilissi-1befed,https://entreprises-coloniales.fr/afrique-occidentale/Agricole_de_la_Kilissi.pdf,company,Société agricole de la Kilissi,Agro-alimentaire,Guinée Conakry,Afrique occidentale francaise,1928,1933,Kilissi (Société agricole de la)(1928-1933) : bananes
afrique-occidentale-agricole-guinee-francaise-b10d24,https://entreprises-coloniales.fr/afrique-occidentale/Agricole_Guinee_francaise.pdf,company,"Cie Agricole de la Guinée française, puis Agricole de Guinée",Agro-alimentaire,Guinée Conakry,Afrique occidentale francaise,1923,,"Agricole de la Guinée française (Cie)(1923), puis Agricole de Guinée (Cie)(1927) : bananeraies de Foulaya"
afrique-occidentale-aime-olivier-de-sanderval-8a09ee,https://entreprises-coloniales.fr/afrique-occidentale/Aime_Olivier_de_Sanderval.pdf,person,"Olivier, vicomte de Sanderval",Commerce,Guinée Conakry,Afrique occidentale francaise,,,"Olivier (Aimé), vicomte de Sanderval (1840-1919) : négociant, explorateur du Fouta-Djallon, roi du Kahel"
afrique-occidentale-alangoua-and-comoe-goldfields-b44442,https://entreprises-coloniales.fr/afrique-occidentale/Alangoua_and_Comoe_Goldfields.pdf,company,"The Alangoua and Comoë Goldfields, Londres-Paris",Mines,Côte d'Ivoire,Afrique occidentale francaise,1903,,"Alangoua and Comoë Goldfields (The)(1903), Londres-Paris : or"
afrique-occidentale-albaric-afrique-199442,https://entreprises-coloniales.fr/afrique-occidentale/Albaric-Afrique.pdf,company,Albaric-Afrique,Industries,Sénégal,Afrique occidentale francaise,1949,,"Albaric-Afrique (Sarl, 1949), Dakar : travaux publics"
afrique-occidentale-amedee-bretigniere-bfe80b,https://entreprises-coloniales.fr/afrique-occidentale/Amedee_Bretigniere.pdf,person,Bretignière,Industries,Côte d'Ivoire,Afrique occidentale francaise,,,Bretignière (Amédée)(1856-1890)
afrique-occidentale-anc-etablissements-pascal-01bf09,https://entreprises-coloniales.fr/afrique-occidentale/Anc._Etablissements_Pascal.pdf,company,Anciens Établissements Pascal,,Dahomey (Bénin),Afrique occidentale francaise,,,"Pascal (Anciens Établissements), Cotonou : import-export"
afrique-occidentale-angoulvant-1908-1916-f6cab1,https://entreprises-coloniales.fr/afrique-occidentale/Angoulvant-1908-1916.pdf,source_document,La Côte d’Ivoire sous le lieutenant-gouverneur Gabriel Angoulvant,Documents généraux (par ordre chronologique),Côte d'Ivoire,Afrique occidentale francaise,1908,1916,La Côte d’Ivoire sous le lieutenant-gouverneur Gabriel Angoulvant (1908-1916)(477 p.)
afrique-occidentale-ann-indus-1925-aof-2ae958,https://entreprises-coloniales.fr/afrique-occidentale/Ann._indus._1925-AOF.pdf,source_document,Annuaire industriel 1925,Documents généraux (par ordre chronologique),Afrique occidentale française,Afrique occidentale francaise,,,Annuaire industriel 1925 : sociétés de l'AOF et administrateurs. Ingénieurs
afrique-occidentale-ann-indus-1938-aof-4cb9be,https://entreprises-coloniales.fr/afrique-occidentale/Ann._indus._1938-AOF.pdf,source_document,Annuaire industriel 1938,Documents généraux (par ordre chronologique),Afrique occidentale française,Afrique occidentale francaise,,,Annuaire industriel 1938 : AOF
afrique-occidentale-antonetti-1918-1924-c815c7,https://entreprises-coloniales.fr/afrique-occidentale/Antonetti-1918-1924.pdf,source_document,La Côte d’Ivoire sous le lieutenant-gouverneur Raphaël Antonetti,Documents généraux (par ordre chronologique),Côte d'Ivoire,Afrique occidentale francaise,1918,1924,La Côte d’Ivoire sous le lieutenant-gouverneur Raphaël Antonetti (1918-1924)(43 p.)
afrique-occidentale-armandon-et-compagnie-11e0f8,https://entreprises-coloniales.fr/afrique-occidentale/Armandon_et_Compagnie.pdf,company,Armandon & Cie,,Dahomey (Bénin),Afrique occidentale francaise,1893,1917,"Armandon & Cie (1893-1917), Marseille, Porto-Novo"
afrique-occidentale-arthur-verdier-db38c9,https://entreprises-coloniales.fr/afrique-occidentale/Arthur_Verdier.pdf,person,Verdier,Industries,Côte d'Ivoire,Afrique occidentale francaise,,,Verdier (Arthur)(1835-1898)
afrique-occidentale-bananeraies-guineennes-fb4c18,https://entreprises-coloniales.fr/afrique-occidentale/Bananeraies_guineennes.pdf,company,Société des Bananeraies guinéennes,Agro-alimentaire,Guinée Conakry,Afrique occidentale francaise,,,"Bananeraies guinéennes (Société des), Friguiagbé"
afrique-occidentale-bananeraies-kin-san-6f7e08,https://entreprises-coloniales.fr/afrique-occidentale/Bananeraies_Kin-San.pdf,company,Société des Cultures et bananeraies du Kin-San,Agro-alimentaire,Guinée Conakry,Afrique occidentale francaise,,,"Cultures et bananeraies du Kin-San (Société des)(SCBKS), Linsan"
afrique-occidentale-bananeries-africaines-74d23c,https://entreprises-coloniales.fr/afrique-occidentale/Bananeries_africaines.pdf,company,Bananeries africaines,Agro-alimentaire,Guinée Conakry,Afrique occidentale francaise,,,"Bananeries africaines : bananerie à Dubréka (Conakry), citronniers à La Kolenté (Kindia)"
afrique-occidentale-banjul-breweries-d013bd,https://entreprises-coloniales.fr/afrique-occidentale/Banjul_Breweries.pdf,company,Banjul Breweries,,Gambie,Afrique occidentale francaise,,,Banjul Breweries
afrique-occidentale-banque-afrique-occidentale-435553,https://entreprises-coloniales.fr/afrique-occidentale/Banque_Afrique_occidentale.pdf,company,Banque de l'Afrique occidentale,Banque,Sénégal,Afrique occidentale francaise,1901,1965,"Banque de l'Afrique occidentale (BAO)(1901-1965), Dakar : privilège d'émission en AOF et AEF"
afrique-occidentale-banque-du-senegal-41db0b,https://entreprises-coloniales.fr/afrique-occidentale/Banque_du_Senegal.pdf,company,Banque du Sénégal,Banque,Sénégal,Afrique occidentale francaise,1853,1901,"Banque du Sénégal (1853-1901), Saint-Louis"
afrique-occidentale-baoule-ivory-coast-6f666a,https://entreprises-coloniales.fr/afrique-occidentale/Baoule_Ivory_Coast.pdf,company,"The Baoule Consolidated mines, limited",Mines,Côte d'Ivoire,Afrique occidentale francaise,1902,1907,"Baoule (Ivory Coast) Consolidated mines, limited (The)(1902-1907) : or"
afrique-occidentale-barthes-et-guiraud-faa372,https://entreprises-coloniales.fr/afrique-occidentale/Barthes_et_Guiraud.pdf,company,Barthès et Guiraud,Commerce,Sénégal,Afrique occidentale francaise,,,"Barthès et Guiraud (SNC, 1901), Rufisque"
afrique-occidentale-bauxites-du-midi-kassa-bf2880,https://entreprises-coloniales.fr/afrique-occidentale/Bauxites_du_Midi-Kassa.pdf,company,"Société des Bauxites du Midi, Kassa",Mines,Guinée Conakry,Afrique occidentale francaise,,,"Bauxites du Midi (Société des), Kassa"
afrique-occidentale-bca-1924-1963-b31da7,https://entreprises-coloniales.fr/afrique-occidentale/BCA_1924-1963.pdf,company,Banque commerciale africaine,Banque,Sénégal,Afrique occidentale francaise,1924,1963,Banque commerciale africaine (1924-1963)
afrique-occidentale-bergougnan-guinee-206d97,https://entreprises-coloniales.fr/afrique-occidentale/Bergougnan-Guinee.pdf,company,Société Coloniale des Comptoirs Bergougnan,Commerce,Guinée Conakry,Afrique occidentale francaise,,,Coloniale des Comptoirs Bergougnan (Société) : Siguiri et Kankan (Guinée) Maninian (Côte-d'Ivoire)
afrique-occidentale-berry-aof-1956-1957-0ac4a6,https://entreprises-coloniales.fr/afrique-occidentale/Berry_AOF_1956-1957.pdf,source_document,"L'A.O.F. vue de l'A.O.F., par André et Madeleine Berry",Documents généraux (par ordre chronologique),Afrique occidentale française,Afrique occidentale francaise,,,"L'A.O.F. vue de l'A.O.F., par André et Madeleine Berry (21 articles dans « Combat », 28 juin 1956-27 juillet 1957)"
afrique-occidentale-binger-1893-1896-2ed6bd,https://entreprises-coloniales.fr/afrique-occidentale/Binger-1893-1896.pdf,source_document,La Côte d’Ivoire sous le gouverneur Gustave Binger,Documents généraux (par ordre chronologique),Côte d'Ivoire,Afrique occidentale francaise,1893,1896,La Côte d’Ivoire sous le gouverneur Gustave Binger (1893-1896)(91 p.) : arrivée de Samory dans le pays de Kong (1894)
afrique-occidentale-binger-bamako-grand-bassam-a6b835,https://entreprises-coloniales.fr/afrique-occidentale/Binger_Bamako_Grand-Bassam.pdf,source_document,Gustave Binger,Documents généraux (par ordre chronologique),Côte d'Ivoire,Afrique occidentale francaise,,,Gustave Binger : de la boucle du Niger au golfe de Guinée : première liaison par un Européen entre Bamako (Mali) et Grand-Bassam (Côte d'Ivoire)(1887-1889). Suivi de Francis Simonis : une lecture critique de Binger (1996)
afrique-occidentale-bingerville-3e6f58,https://entreprises-coloniales.fr/afrique-occidentale/Bingerville.pdf,source_document,"Bingerville, deuxième capitale de la Côte-d'Ivoire, par le texte et par l'image. Cartes postales réunies par Jacques Bobée",Documents généraux (par ordre chronologique),Côte d'Ivoire,Afrique occidentale francaise,1900,1934,"Bingerville, deuxième capitale de la Côte-d'Ivoire (1900-1934), par le texte et par l'image. Cartes postales réunies par Jacques Bobée (85 p.)"
afrique-occidentale-blohorn-abidjan-af18c6,https://entreprises-coloniales.fr/afrique-occidentale/Blohorn-Abidjan.pdf,company,"Blohorn-Huilerie et savonnerie des lagunes, et filiales","Agro-alimentaire, cultures industrielles",Côte d'Ivoire,Afrique occidentale francaise,,,"Blohorn-Huilerie et savonnerie des lagunes, et filiales (Mécanembal, etc.), Abidjan"
afrique-occidentale-bobee-exploitation-forestiere-104449,https://entreprises-coloniales.fr/afrique-occidentale/Bobee_Exploitation_forestiere.pdf,source_document,La forêt ivoirienne et son exploitation,Documents généraux (par ordre chronologique),Côte d'Ivoire,Afrique occidentale francaise,,,La forêt ivoirienne et son exploitation : exposition organisée par Jacques Bobée (1992)(59 p.)
afrique-occidentale-bois-de-la-cote-d-ivoire-0266b1,https://entreprises-coloniales.fr/afrique-occidentale/Bois_de_la_Cote_d_Ivoire.pdf,company,Compagnie des Bois de la Côte-d'Ivoire,Industries,Côte d'Ivoire,Afrique occidentale francaise,1923,1928,Bois de la Côte-d'Ivoire (Compagnie des)(1923-1928)(Anciens Établissements Plagelat et Charrière)
afrique-occidentale-bois-de-sassandra-b7c1ff,https://entreprises-coloniales.fr/afrique-occidentale/Bois_de_Sassandra.pdf,company,Société des Bois de Sassandra,Industries,Côte d'Ivoire,Afrique occidentale francaise,,,Bois de Sassandra (Société des)
afrique-occidentale-bordelaise-comptoirs-afric-5b6c0b,https://entreprises-coloniales.fr/afrique-occidentale/Bordelaise_Comptoirs_afric.pdf,company,Compagnie Bordelaise des Comptoirs africains,Commerce,Afrique occidentale française,Afrique occidentale francaise,1909,1924,"Bordelaise des Comptoirs africains (Compagnie)(CBCA)(1909-1924) : Sénégal, Côte d'Ivoire, Gold Coast, Nigeria, Cameroun"
afrique-occidentale-borremans-grand-bassam-6a9240,https://entreprises-coloniales.fr/afrique-occidentale/Borremans_Grand-Bassam.pdf,source_document,"Borremans, Précis d'histoire de Grand-Bassam",Documents généraux (par ordre chronologique),Côte d'Ivoire,Afrique occidentale francaise,1982,,"Borremans (Raymond), Précis d'histoire de Grand-Bassam (1982)"
afrique-occidentale-bracodi-b5e1d7,https://entreprises-coloniales.fr/afrique-occidentale/BRACODI.pdf,company,Société des Brasseries de la Côte-d'Ivoire,"Agro-alimentaire, cultures industrielles",Côte d'Ivoire,Afrique occidentale francaise,1949,1994,"Brasseries de la Côte-d'Ivoire (Société des)(Bracodi)(1949-1994), Abidjan"
afrique-occidentale-bramali-5077b2,https://entreprises-coloniales.fr/afrique-occidentale/BRAMALI.pdf,company,"Brasseries du Mali, Bamako. Absorption de la Société malienne des boissons gazeuses . Nouvelle dénomination",Industrie,"Soudan français (Mali, Haute-Volta — ou Burkina-Fasso — et Niger)",Afrique occidentale francaise,1985,,"Brasseries du Mali (Bramali)(1985), Bamako. Absorption de la Société malienne des boissons gazeuses (1995). Nouvelle dénomination : Boissons rafraîchissantes du Mali (2023)"
afrique-occidentale-braniger-d42998,https://entreprises-coloniales.fr/afrique-occidentale/BRANIGER.pdf,company,"Société de Brasserie et de boissons gazeuses du Niger, Niamey",Industrie,"Soudan français (Mali, Haute-Volta — ou Burkina-Fasso — et Niger)",Afrique occidentale francaise,1967,2019,"Brasserie et de boissons gazeuses du Niger (Société de)(Braniger)(1967-2019), Niamey"
afrique-occidentale-brasserie-du-benin-lome-e2df87,https://entreprises-coloniales.fr/afrique-occidentale/Brasserie_du_Benin-Lome.pdf,company,"Brasserie du Bénin, BB Lomé, Boissons rafraîchissantes d'Afrique",Industrie,Togo,Afrique occidentale francaise,1964,,"Brasserie du Bénin (1964), BB Lomé, Boissons rafraîchissantes d'Afrique (BB Lomé)(2023), Lomé"
afrique-occidentale-brasseries-de-bouake-e9ee83,https://entreprises-coloniales.fr/afrique-occidentale/Brasseries_de_Bouake.pdf,company,Société des Brasseries de Bouaké,"Agro-alimentaire, cultures industrielles",Côte d'Ivoire,Afrique occidentale francaise,1971,,"Brasseries de Bouaké (Société des)(S.A., 1971)"
afrique-occidentale-bravolta-e32c47,https://entreprises-coloniales.fr/afrique-occidentale/BRAVOLTA.pdf,company,"Brasserie de la Haute-Volta, Bobo-Dioulasso, Brakina, Ouagadougou, puis Boissons rafraîchissantes du Burkina Faso",Industrie,"Soudan français (Mali, Haute-Volta — ou Burkina-Fasso — et Niger)",Afrique occidentale francaise,1962,,"Brasserie de la Haute-Volta (Bravolta)(1962), Bobo-Dioulasso, Brakina (1992), Ouagadougou, puis Boissons rafraîchissantes du Burkina Faso (2021)"
afrique-occidentale-breteuil-afrique-noire-fddcfe,https://entreprises-coloniales.fr/afrique-occidentale/Breteuil-Afrique_noire.pdf,company,le groupe de Breteuil,Presse,Afrique occidentale française,Afrique occidentale francaise,,,"le groupe de Breteuil : Paris-Dakar, Abidjan-Matin, La Presse du Cameroun et Bingo"
afrique-occidentale-brevie-islamisme-c-naturisme-soudan-5a35a7,https://entreprises-coloniales.fr/afrique-occidentale/Brevie_Islamisme_c_naturisme_Soudan.pdf,company,"Jules Brévié, Islamisme contre naturisme au Soudan français, 1923, 320 p.",Généralités,"Soudan français (Mali, Haute-Volta — ou Burkina-Fasso — et Niger)",Afrique occidentale francaise,,,"Jules Brévié (directeur des affaires politiques et administratives au gouvernement général de l'AOF), Islamisme contre naturisme au Soudan français, 1923, 320 p."
afrique-occidentale-briqueteries-de-bamako-ac85b4,https://entreprises-coloniales.fr/afrique-occidentale/Briqueteries_de_Bamako.pdf,company,Briqueteries de Bamako,Industrie,"Soudan français (Mali, Haute-Volta — ou Burkina-Fasso — et Niger)",Afrique occidentale francaise,,,Briqueteries de Bamako
afrique-occidentale-cabotage-vapeur-senegal-f3b792,https://entreprises-coloniales.fr/afrique-occidentale/Cabotage_vapeur_Senegal.pdf,company,Société française de Cabotage à vapeur du Sénégal et des Rivières du Sud,Transports,Sénégal,Afrique occidentale francaise,1891,1895,Cabotage à vapeur du Sénégal et des Rivières du Sud (Société française de)(1891-1895)
afrique-occidentale-cacia-3f07f1,https://entreprises-coloniales.fr/afrique-occidentale/CACIA.pdf,company,"Cie d'Agriculture, de commerce et d'industrie d’Afrique",Agro-alimentaire,Guinée Conakry,Afrique occidentale francaise,,,"Agriculture, de commerce et d'industrie d’Afrique (Cie d')(CACIA), Kindia : bananes, ananas"
afrique-occidentale-cacib-263f94,https://entreprises-coloniales.fr/afrique-occidentale/CACIB.pdf,company,"Compagnie Agricole, Commerciale et Industrielle de Badikaha CACIB)",Industries,Côte d'Ivoire,Afrique occidentale francaise,,,"Agricole, Commerciale et Industrielle de Badikaha (Compagnie)CACIB)"
afrique-occidentale-cais-sisal-5c24a5,https://entreprises-coloniales.fr/afrique-occidentale/CAIS_sisal.pdf,company,"Compagnie Agricole et Industrielle du Soudan, puis Agricole et Industrielle de l'Ouest africain",Industrie,"Soudan français (Mali, Haute-Volta — ou Burkina-Fasso — et Niger)",Afrique occidentale francaise,1929,,"Agricole et Industrielle du Soudan (Compagnie)(CAIS)(1929), puis Agricole et Industrielle de l'Ouest africain (Compagnie)(1948-1951) : sisal"
afrique-occidentale-caoutchouc-du-rio-compony-911963,https://entreprises-coloniales.fr/afrique-occidentale/Caoutchouc_du_Rio-Compony.pdf,company,Société de Plantations de caoutchouc du Rio-Compony,Agro-alimentaire,Guinée Conakry,Afrique occidentale francaise,1900,1904,Plantations de caoutchouc du Rio-Compony (Société de)(1900-1904)
afrique-occidentale-caoutchoucs-de-casamance-2a719b,https://entreprises-coloniales.fr/afrique-occidentale/Caoutchoucs_de_Casamance.pdf,company,Compagnie des Caoutchoucs de Casamance,Industries,Sénégal,Afrique occidentale francaise,1898,1904,Caoutchoucs de Casamance (Compagnie des)(1898-1904)
afrique-occidentale-cathedrale-abidjan-e14900,https://entreprises-coloniales.fr/afrique-occidentale/Cathedrale-Abidjan.pdf,source_document,La cathédrale Saint-Paul d'Abidjan,Documents généraux (par ordre chronologique),Côte d'Ivoire,Afrique occidentale francaise,,,"La cathédrale Saint-Paul d'Abidjan : sa construction (1980-1985), sa consécration par Jean-Paul II. Par Jacques Bobée, 36 p."
afrique-occidentale-ccgaf-3491ef,https://entreprises-coloniales.fr/afrique-occidentale/CCGAF.pdf,company,Compagnie de Constructions générales en Afrique française,Industries,Côte d'Ivoire,Afrique occidentale francaise,1930,,"Constructions générales en Afrique française (Compagnie de)(CCGAF)(1930), Dakar, puis Abidjan"
afrique-occidentale-cfci-grand-bassam-bac16d,https://entreprises-coloniales.fr/afrique-occidentale/CFCI_Grand-Bassam.pdf,company,Compagnie Française de la Côte d'Ivoire,Commerce,Côte d'Ivoire,Afrique occidentale francaise,,,"Française de la Côte d'Ivoire (Compagnie)(CFCI), Grand-Bassam : Côte d'Ivoire, Haute-Volta"
afrique-occidentale-charbonnages-de-dakar-1b087a,https://entreprises-coloniales.fr/afrique-occidentale/Charbonnages_de_Dakar.pdf,company,Compagnie française des Charbonnages de Dakar,Transports,Sénégal,Afrique occidentale francaise,1898,,"Charbonnages de Dakar (Compagnie française des)(S.A., 1898)"
afrique-occidentale-charles-perinaud-abidjan-29591d,https://entreprises-coloniales.fr/afrique-occidentale/Charles_Perinaud-Abidjan.pdf,company,Éts Charles Périnaud,Commerce,Côte d'Ivoire,Afrique occidentale francaise,,,"Périnaud (Éts Charles)(Anc. Éts Pozzo di Borgo), Abidjan"
afrique-occidentale-chaux-ciments-a-o-f-735df9,https://entreprises-coloniales.fr/afrique-occidentale/Chaux_ciments_A.-O.F.pdf,company,Société coloniale — puis commerciale — des Chaux et ciments de l'A.-O.F.,Industries,Sénégal,Afrique occidentale francaise,,,Chaux et ciments de l'A.-O.F. (Société coloniale — puis commerciale — des)(SOCOCIM)
afrique-occidentale-chaux-ciments-senegal-00bdca,https://entreprises-coloniales.fr/afrique-occidentale/Chaux_ciments_Senegal.pdf,company,Chaux et ciments du Sénégal,Industries,Sénégal,Afrique occidentale francaise,1928,1934,Chaux et ciments du Sénégal (1928-1934)
afrique-occidentale-chavanel-1879-1966-0989ae,https://entreprises-coloniales.fr/afrique-occidentale/Chavanel_1879-1966.pdf,company,Chavanel et Cie,Commerce,Sénégal,Afrique occidentale francaise,1879,1966,Chavanel et Cie (1879-1966)
afrique-occidentale-chdfer-conakry-niger-225610,https://entreprises-coloniales.fr/afrique-occidentale/Chdfer_Conakry-Niger.pdf,company,Chemin de fer de Conakry au Niger,Transports,Guinée Conakry,Afrique occidentale francaise,,,Chemin de fer de Conakry au Niger
afrique-occidentale-chemin-fer-cote-d-ivoire-cf770a,https://entreprises-coloniales.fr/afrique-occidentale/Chemin_fer_Cote_d_Ivoire.pdf,company,Chemin de fer de la Côte-d’Ivoire,Transports,Côte d'Ivoire,Afrique occidentale francaise,,,Chemin de fer de la Côte-d’Ivoire (Abidjan-Niger)(192 p.) : nombreuses cartes postales et documents de la collection Jacques Bobée
afrique-occidentale-chemins-fer-aof-1927-b1dc08,https://entreprises-coloniales.fr/afrique-occidentale/Chemins_fer_AOF-1927.pdf,source_document,Les Chemins de fer de l'A.O.F. en 1927,Documents généraux (par ordre chronologique),Afrique occidentale française,Afrique occidentale francaise,,,Chemins de fer de l'A.O.F. en 1927 (Les)
afrique-occidentale-chemins-fer-dahomey-a961d2,https://entreprises-coloniales.fr/afrique-occidentale/Chemins_fer_Dahomey.pdf,company,Compagnie française de Chemins de fer au Dahomey ou Central-Dahoméen,,Dahomey (Bénin),Afrique occidentale francaise,,,Chemins de fer au Dahomey (Compagnie française de) ou Central-Dahoméen
afrique-occidentale-chemins-fer-est-dahomeen-669927,https://entreprises-coloniales.fr/afrique-occidentale/Chemins_fer_Est-Dahomeen.pdf,company,Chemin de fer Est-Dahoméen,,Dahomey (Bénin),Afrique occidentale francaise,,,Chemin de fer Est-Dahoméen
afrique-occidentale-chfer-dakar-saint-louis-4be6bc,https://entreprises-coloniales.fr/afrique-occidentale/Chfer_Dakar-Saint-Louis.pdf,company,Compagnie du Chemin de fer de Dakar à Saint-Louis,Transports,Sénégal,Afrique occidentale francaise,1883,1933,Chemin de fer de Dakar à Saint-Louis (Compagnie du)(1883-1933) : 264 km
afrique-occidentale-chfer-thies-niger-50b513,https://entreprises-coloniales.fr/afrique-occidentale/Chfer_Thies-Niger.pdf,company,Chemin de fer Thiès-Niger,Transports,Sénégal,Afrique occidentale francaise,,,Chemin de fer Thiès-Niger : 1.291 km
afrique-occidentale-choa-8712d6,https://entreprises-coloniales.fr/afrique-occidentale/CHOA.pdf,company,Compagnie Hôtelière de l'Ouest Africain CHOA),Commerce,Sénégal,Afrique occidentale francaise,1929,,"Hôtelière de l'Ouest Africain (Compagnie)CHOA)(S.A., 1929), Dakar : café Protêt, hôtels Métropole, du Palais et Colbert"
afrique-occidentale-cie-africaine-entreprises-8e7e06,https://entreprises-coloniales.fr/afrique-occidentale/Cie_africaine_entreprises.pdf,company,Compagnie Africaine d'Entreprises . Siège,Industries,Côte d'Ivoire,Afrique occidentale francaise,1922,1931,"Africaine d'Entreprises (Compagnie)(1922-1931). Siège : Dakar, puis Abidjan"
afrique-occidentale-cie-coloniale-cote-d-ivoire-b56f9b,https://entreprises-coloniales.fr/afrique-occidentale/Cie_coloniale_Cote_d_Ivoire.pdf,company,Compagnie Coloniale de la Côte-d’Ivoire,Commerce,Côte d'Ivoire,Afrique occidentale francaise,1925,1936,"Coloniale de la Côte-d’Ivoire (Compagnie)(1925-1936), Paris, Sassandra"
afrique-occidentale-cie-coloniale-dahomey-9fcefe,https://entreprises-coloniales.fr/afrique-occidentale/Cie_coloniale_Dahomey.pdf,company,Compagnie Coloniale du Dahomey,,Dahomey (Bénin),Afrique occidentale francaise,1902,1904,Coloniale du Dahomey (Compagnie)(1902-1904)
afrique-occidentale-cie-coloniale-du-bandama-572235,https://entreprises-coloniales.fr/afrique-occidentale/Cie_coloniale_du_Bandama.pdf,company,Compagnie Coloniale du Bandama,"Agro-alimentaire, cultures industrielles",Côte d'Ivoire,Afrique occidentale francaise,1928,,Coloniale du Bandama (Compagnie)(1928) : exploitation forestière
afrique-occidentale-cie-coloniale-fr-africaine-231a98,https://entreprises-coloniales.fr/afrique-occidentale/Cie_coloniale_fr.-africaine.pdf,company,Compagnie Coloniale Franco-Africaine,Commerce,Sénégal,Afrique occidentale francaise,1894,1898,Coloniale Franco-Africaine (Compagnie)(1894-1898) : concessionnaire du Rio-Compony (Guinée)
afrique-occidentale-cie-coloniale-peche-et-commerce-5c998d,https://entreprises-coloniales.fr/afrique-occidentale/Cie_coloniale_peche_et_commerce.pdf,company,Compagnie Coloniale de pêche et commerce,Industries diverses,Mauritanie,Afrique occidentale francaise,1907,1911,Coloniale de pêche et commerce (Compagnie)(1907-1911)
afrique-occidentale-cie-du-niger-francais-b5e422,https://entreprises-coloniales.fr/afrique-occidentale/Cie_du_Niger_francais.pdf,company,Compagnie du Niger français,Commerce,Afrique occidentale française,Afrique occidentale francaise,,,"Niger français (Compagnie du) : Sénégal, Soudan, Niger, Guinée"
afrique-occidentale-cie-elevage-niger-89d9d9,https://entreprises-coloniales.fr/afrique-occidentale/Cie_elevage_Niger.pdf,company,"Compagnie d'Élevage du Niger, Diré",Industrie,"Soudan français (Mali, Haute-Volta — ou Burkina-Fasso — et Niger)",Afrique occidentale francaise,1928,1938,"Élevage du Niger (Compagnie d')(1928-1938), Diré : ovins"
afrique-occidentale-cie-fonciere-de-l-afrique-6e4646,https://entreprises-coloniales.fr/afrique-occidentale/Cie_fonciere_de_l_Afrique.pdf,company,"Compagnie Foncière de l'Ouest-Africain, puis Foncière de l'Afrique",Foncier et immobilier,Sénégal,Afrique occidentale francaise,,,"Foncière de l'Ouest-Africain, puis Foncière de l'Afrique (Compagnie)"
afrique-occidentale-cie-forestiere-de-sassandra-5494a7,https://entreprises-coloniales.fr/afrique-occidentale/Cie_forestiere_de_Sassandra.pdf,company,Compagnie Forestière de Sassandra,Industries,Côte d'Ivoire,Afrique occidentale francaise,1928,,Forestière de Sassandra (Compagnie)(1928)
afrique-occidentale-cie-frse-du-haut-niger-d13398,https://entreprises-coloniales.fr/afrique-occidentale/Cie_frse_du_Haut-Niger.pdf,company,Compagnie française du Haut-Niger (1899-1902,Commerce,"Soudan français (Mali, Haute-Volta — ou Burkina-Fasso — et Niger)",Afrique occidentale francaise,,,Haut-Niger (Compagnie française du)(1899-1902
afrique-occidentale-cie-frse-du-togo-59daa0,https://entreprises-coloniales.fr/afrique-occidentale/Cie_frse_du_Togo.pdf,company,Compagnie française du Togo,Agriculture,Togo,Afrique occidentale francaise,1921,1929,Compagnie française du Togo (1921-1929)
afrique-occidentale-cie-frse-niger-lobi-1963a1,https://entreprises-coloniales.fr/afrique-occidentale/Cie_frse_Niger-Lobi.pdf,company,Compagnie de Française du Niger-Lobi,Industrie,"Soudan français (Mali, Haute-Volta — ou Burkina-Fasso — et Niger)",Afrique occidentale francaise,1911,1913,Française du Niger-Lobi (Compagnie de)(1911-1913) : exploitation de gisements aurifères
afrique-occidentale-cie-miniere-de-conakry-09b654,https://entreprises-coloniales.fr/afrique-occidentale/Cie_miniere_de_Conakry.pdf,company,Compagnie Minière de Conakry,Agro-alimentaire,Guinée Conakry,Afrique occidentale francaise,1947,,"Minière de Conakry (Compagnie)(S.A., 1947) : fer"
afrique-occidentale-cie-miniere-de-conakry-628880,https://entreprises-coloniales.fr/afrique-occidentale/Cie_minière_de_Conakry.pdf,company,Compagnie Minière de Conakry,Mines,Guinée Conakry,Afrique occidentale francaise,1947,,Minière de Conakry (Compagnie)(1947) : fer
afrique-occidentale-cie-miniere-de-l-afema-395c96,https://entreprises-coloniales.fr/afrique-occidentale/Cie_miniere_de_l_Afema.pdf,company,Compagnie Minière de l’Afema,Mines,Côte d'Ivoire,Afrique occidentale francaise,1938,,Minière de l’Afema (Compagnie)(1938) : recherches aurifères
afrique-occidentale-cie-miniere-guinee-frse-bb2bd3,https://entreprises-coloniales.fr/afrique-occidentale/Cie_miniere_Guinee_frse.pdf,company,Compagnie Minière de la Guinée française,Mines,Guinée Conakry,Afrique occidentale francaise,1919,,Minière de la Guinée française (Compagnie)(1919) : fer de la presqu’île du Kaloum
afrique-occidentale-cie-miniere-haute-volta-47dc27,https://entreprises-coloniales.fr/afrique-occidentale/Cie_miniere_Haute-Volta.pdf,company,Compagnie Minière de la Haute-Volta,Mines,"Soudan français (Mali, Haute-Volta — ou Burkina-Fasso — et Niger)",Afrique occidentale francaise,1928,1938,Minière de la Haute-Volta (Compagnie)(1928-1938)
afrique-occidentale-cieci-284531,https://entreprises-coloniales.fr/afrique-occidentale/CIECI.pdf,company,Comptoir d'importation et d'exportation de la Côte-d’Ivoire,Commerce,Côte d'Ivoire,Afrique occidentale francaise,1926,1930,Comptoir d'importation et d'exportation de la Côte-d’Ivoire (1926-1930)
afrique-occidentale-cmoa-0176bc,https://entreprises-coloniales.fr/afrique-occidentale/CMOA.pdf,company,"Compagnie Minière ouest-africaine, Aboisso",Mines,Côte d'Ivoire,Afrique occidentale francaise,1935,,"Minière ouest-africaine (Compagnie)(S.A., 1935), Aboisso"
afrique-occidentale-coaf-abidjan-de731f,https://entreprises-coloniales.fr/afrique-occidentale/COAF-Abidjan.pdf,company,La Commerciale de l'Afrique française,Commerce,Côte d'Ivoire,Afrique occidentale francaise,1939,,"Commerciale de l'Afrique française (La)(COAF), Abidjan (1939), puis Douala (1952)"
afrique-occidentale-coflumaroa-c07460,https://entreprises-coloniales.fr/afrique-occidentale/CoflumarOA.pdf,company,Compagnie fluviale et maritime de l’Ouest-Africain,Transports,Côte d'Ivoire,Afrique occidentale francaise,1928,,Compagnie fluviale et maritime de l’Ouest-Africain (1928)
afrique-occidentale-cohen-freres-4c9c40,https://entreprises-coloniales.fr/afrique-occidentale/Cohen_freres.pdf,company,Cohen frères,Commerce,Guinée Conakry,Afrique occidentale francaise,,,"Cohen frères : Guinée, Côte-d'Ivoire, Maroc"
afrique-occidentale-coloniale-automobile-dakar-42de7e,https://entreprises-coloniales.fr/afrique-occidentale/Coloniale_Automobile-Dakar.pdf,company,Coloniale Automobile,Transports,Sénégal,Afrique occidentale francaise,1932,,"Coloniale Automobile (S.A., 1932), Dakar"
afrique-occidentale-coloniale-de-la-bia-bce6e1,https://entreprises-coloniales.fr/afrique-occidentale/Coloniale_de_la_Bia.pdf,company,Compagnie Coloniale de la Bia,Commerce,Côte d'Ivoire,Afrique occidentale francaise,1920,1929,"Coloniale de la Bia (Compagnie)(Anc. Éts Beynis frères)(1920-1929) : Côte-d'Ivoire, Guinée"
afrique-occidentale-coloniale-du-fouta-djaion-b3339d,https://entreprises-coloniales.fr/afrique-occidentale/Coloniale_du_Fouta-DjaIon.pdf,company,Société Coloniale du Fouta-Djalon,Commerce,Guinée Conakry,Afrique occidentale francaise,1919,1922,Coloniale du Fouta-Djalon (Société)(1919-1922)
afrique-occidentale-comite-assistance-troupes-noires-986975,https://entreprises-coloniales.fr/afrique-occidentale/Comite_assistance_troupes_noires.pdf,source_document,Comité d'assistance aux troupes noires,Documents généraux (par ordre chronologique),Afrique occidentale française,Afrique occidentale francaise,1915,,Comité d'assistance aux troupes noires (1915)(109 p.)
afrique-occidentale-commerce-africain-9433b9,https://entreprises-coloniales.fr/afrique-occidentale/Commerce_africain.pdf,company,Le Commerce africain,Commerce,Sénégal,Afrique occidentale francaise,1921,1966,Commerce africain (Le)(Anc. Éts Barthès & Lesieur)(1921-1966)
afrique-occidentale-commerciale-agricole-casamance-b3b575,https://entreprises-coloniales.fr/afrique-occidentale/Commerciale_Agricole_Casamance.pdf,company,Compagnie des Commerciale et Agricole de la Casamance,Industries,Sénégal,Afrique occidentale francaise,1890,1898,Commerciale et Agricole de la Casamance (Compagnie des)(1890-1898)
afrique-occidentale-commerciale-agricole-guinee-a7cd72,https://entreprises-coloniales.fr/afrique-occidentale/Commerciale+agricole_Guinee.pdf,company,Société Commerciale et agricole de Guinée,Agro-alimentaire,Guinée Conakry,Afrique occidentale francaise,,,Commerciale et agricole de Guinée (Société)(SCAG)
afrique-occidentale-commerciale-des-produits-d-afrique-e3fffb,https://entreprises-coloniales.fr/afrique-occidentale/Commerciale_des_produits_d_Afrique.pdf,company,Société Commerciale des Produits d'Afrique,Commerce,Côte d'Ivoire,Afrique occidentale francaise,1928,,"Commerciale des Produits d'Afrique (Société)(1928), Bouaké"
afrique-occidentale-commerciale-et-agricole-du-niger-e4f935,https://entreprises-coloniales.fr/afrique-occidentale/Commerciale_et_Agricole_du_Niger.pdf,company,"Société commerciale et agricole du Niger, Mopti",Commerce,"Soudan français (Mali, Haute-Volta — ou Burkina-Fasso — et Niger)",Afrique occidentale francaise,1925,1931,"Société commerciale et agricole du Niger (1925-1931), Mopti, Bamako"
afrique-occidentale-compagnie-agricole-au-dahomey-4cac3e,https://entreprises-coloniales.fr/afrique-occidentale/Compagnie_agricole_au_Dahomey.pdf,company,Compagnie Agricole au Dahomey Colonisation alsacienne-lorraine A. Saudemont et Cie,,Dahomey (Bénin),Afrique occidentale francaise,1897,1908,"Agricole au Dahomey (Compagnie) Colonisation alsacienne-lorraine A. Saudemont et Cie, Paris (1897-1908)"
afrique-occidentale-compagnie-du-senegal-1925-3a2024,https://entreprises-coloniales.fr/afrique-occidentale/Compagnie_du_Senegal-1925.pdf,company,Compagnie du Sénégal,Industries agro-alimentaires,Sénégal,Afrique occidentale francaise,1925,,"Compagnie du Sénégal (1925), Marseille, Ziguinchor"
afrique-occidentale-compagnie-du-senegal-verminck-00fc9f,https://entreprises-coloniales.fr/afrique-occidentale/Compagnie_du_Senegal_Verminck.pdf,company,Compagnie du Sénégal et de la Côte occidentale d’Afrique,Commerce,Afrique occidentale française,Afrique occidentale francaise,1882,1887,"Compagnie du Sénégal et de la Côte occidentale d’Afrique (Ancienne maison C.-A. Verminck)(1882-1887), Paris, Marseille"
afrique-occidentale-compagnie-soudanaise-4fb1a2,https://entreprises-coloniales.fr/afrique-occidentale/Compagnie_Soudanaise.pdf,company,Compagnie Soudanaise,Industrie,"Soudan français (Mali, Haute-Volta — ou Burkina-Fasso — et Niger)",Afrique occidentale francaise,,,"Compagnie Soudanaise, Kayes, Bamako"
afrique-occidentale-compagnie-transafricaine-583593,https://entreprises-coloniales.fr/afrique-occidentale/Compagnie_transafricaine.pdf,company,"S.A., 1948 Compagnie transafricaine",Transports,"Soudan français (Mali, Haute-Volta — ou Burkina-Fasso — et Niger)",Afrique occidentale francaise,,,"Compagnie transafricaine (groupe Société anonyme de gérance et d'armement)(S.A., 1948), Bobo-Dioulasso : transports routiers et fluviaux en A.O.F. et A.E.F.>"
afrique-occidentale-comptoir-general-frs-afrique-occ-4a0abe,https://entreprises-coloniales.fr/afrique-occidentale/Comptoir_general_frs_Afrique_occ.pdf,company,Comptoir général français de l'Afrique Occidentale,Commerce,Côte d'Ivoire,Afrique occidentale francaise,1912,1926,Comptoir général français de l'Afrique Occidentale (1912-1926)
afrique-occidentale-comptoirs-huileries-dahomey-07f8aa,https://entreprises-coloniales.fr/afrique-occidentale/Comptoirs+huileries_Dahomey.pdf,company,Comptoirs et huileries du Dahomey,,Dahomey (Bénin),Afrique occidentale francaise,1927,1929,Comptoirs et huileries du Dahomey (1927-1929)
afrique-occidentale-comptoirs-placers-haut-niger-a7e3ac,https://entreprises-coloniales.fr/afrique-occidentale/Comptoirs&placers_Haut-Niger.pdf,person,Comptoirs et placers du Haut-Niger,Mines,Guinée Conakry,Afrique occidentale francaise,,,Comptoirs et placers du Haut-Niger (S.A.)(1900)
afrique-occidentale-comptoirs-reunis-impex-59a53c,https://entreprises-coloniales.fr/afrique-occidentale/Comptoirs_reunis_impex.pdf,company,"Comptoir africain de la Falélé, puis Comptoirs réunis d'importation et d'exportation et d'entreprises coloniales",Commerce,"Soudan français (Mali, Haute-Volta — ou Burkina-Fasso — et Niger)",Afrique occidentale francaise,1895,,"Comptoir africain de la Falélé (Abbona,Girard et Cie)(1895), puis Comptoirs réunis d'importation et d'exportation et d'entreprises coloniales (1898-1900)"
afrique-occidentale-comptoirs-reunis-ouest-afr-4f86c8,https://entreprises-coloniales.fr/afrique-occidentale/Comptoirs_reunis_Ouest-Afr.pdf,company,Comptoirs réunis de l'Ouest-Africain,,Dahomey (Bénin),Afrique occidentale francaise,,,"Comptoirs réunis de l'Ouest-Africain (CROA), Cotonou"
afrique-occidentale-comptoirs-senegalais-a4efc9,https://entreprises-coloniales.fr/afrique-occidentale/Comptoirs_senegalais.pdf,company,Comptoirs sénégalais,Commerce,Sénégal,Afrique occidentale francaise,1924,1930,"Comptoirs sénégalais (1924-1930), Dakar"
afrique-occidentale-consolidated-goldfields-ivory-coast-a90aec,https://entreprises-coloniales.fr/afrique-occidentale/Consolidated_Goldfields_Ivory_Coast.pdf,company,The Consolidated Goldfields of the Ivory Coast,Mines,Côte d'Ivoire,Afrique occidentale francaise,,,Consolidated Goldfields of the Ivory Coast (The) : or
afrique-occidentale-convention-collective-aof-1946-405672,https://entreprises-coloniales.fr/afrique-occidentale/Convention_collective_AOF_1946.pdf,source_document,Convention collective fixant les règles générales d'emploi des travailleurs européens des entreprises commerciales de l'A. O. F.,Documents généraux (par ordre chronologique),Afrique occidentale française,Afrique occidentale francaise,,,Convention collective fixant les règles générales d'emploi des travailleurs européens des entreprises commerciales de l'A. O. F. (20 déc. 1946)
afrique-occidentale-cote-d-ivoire-1896-1908-2b3270,https://entreprises-coloniales.fr/afrique-occidentale/Cote_d_Ivoire_1896-1908.pdf,source_document,"La Côte d’Ivoire sous les gouverneurs Mouttet, Roberdeau et Clozel",Documents généraux (par ordre chronologique),Côte d'Ivoire,Afrique occidentale francaise,1896,1908,"La Côte d’Ivoire sous les gouverneurs Mouttet, Roberdeau et Clozel (1896-1908)(146 p.) : la guerre contre Samory. Sa capture (1898)"
afrique-occidentale-cote-de-guinee-9b7652,https://entreprises-coloniales.fr/afrique-occidentale/Cote_de_Guinee.pdf,company,Société Coloniale française de la Côte de Guinée,Commerce,Côte d'Ivoire,Afrique occidentale francaise,1891,1909,Coloniale française de la Côte de Guinée (Société)(1891-1909)
afrique-occidentale-cote-ivoire-hautevolta-71d8a7,https://entreprises-coloniales.fr/afrique-occidentale/Cote_Ivoire&Hautevolta.pdf,company,Société Coloniale de la Côte-d’Ivoire et de la Haute-Volta,Commerce,Côte d'Ivoire,Afrique occidentale francaise,1926,1928,"Coloniale de la Côte-d’Ivoire et de la Haute-Volta (Société)(1926-1928), Lyon"
afrique-occidentale-cotoa-ddb0a0,https://entreprises-coloniales.fr/afrique-occidentale/Cotoa.pdf,company,Compagnie cotonnière ouest-africaine,Agriculture,Togo,Afrique occidentale francaise,1925,1929,Compagnie cotonnière ouest-africaine (Cotoa)(1925-1929)
afrique-occidentale-cotomib-d932ae,https://entreprises-coloniales.fr/afrique-occidentale/COTOMIB.pdf,company,"Société Minière du Bénin, puis Togolaise des Mines du Bénin",,Dahomey (Bénin),Afrique occidentale francaise,1954,,"Minière du Bénin (Société)(1954), puis Togolaise des Mines du Bénin (Compagnie)(COTOMIB)(1957) : phosphates"
afrique-occidentale-cred-fonc-ouest-afr-0dfe37,https://entreprises-coloniales.fr/afrique-occidentale/Cred._fonc._Ouest-Afr.pdf,company,Crédit foncier de l'Ouest-Africain,Banque,Sénégal,Afrique occidentale francaise,1928,,"Crédit foncier de l'Ouest-Africain (1928), Dakar"
afrique-occidentale-credit-foncier-afrique-88e1dd,https://entreprises-coloniales.fr/afrique-occidentale/Credit_foncier_Afrique.pdf,company,"groupe Bouilloux-Lafont Crédit foncier du Sénégal, puis Crédit foncier d'Afrique",Banque,Sénégal,Afrique occidentale francaise,1923,,"Crédit foncier du Sénégal (1923), puis Crédit foncier d'Afrique (1929)(groupe Bouilloux-Lafont)"
afrique-occidentale-culture-coton-niger-9036ba,https://entreprises-coloniales.fr/afrique-occidentale/Culture_coton_Niger.pdf,company,"Compagnie de Culture cotonnière du Niger, puis Compagnie générale du Niger",Industrie,"Soudan français (Mali, Haute-Volta — ou Burkina-Fasso — et Niger)",Afrique occidentale francaise,,,"Culture cotonnière du Niger (Compagnie de)(CICONNIC), puis Compagnie générale du Niger"
afrique-occidentale-cultures-africaines-ferkessedougou-b46492,https://entreprises-coloniales.fr/afrique-occidentale/Cultures_africaines-Ferkessedougou.pdf,person,"Cultures africaines, Ferkessédougou","Agro-alimentaire, cultures industrielles",Côte d'Ivoire,Afrique occidentale francaise,,,"Cultures africaines (S.A. des)(1929), Ferkessédougou : kapokiers"
afrique-occidentale-cultures-de-diakandape-e8a73e,https://entreprises-coloniales.fr/afrique-occidentale/Cultures_de_Diakandape.pdf,company,Cultures de Diakandapé,Industrie,"Soudan français (Mali, Haute-Volta — ou Burkina-Fasso — et Niger)",Afrique occidentale francaise,1919,,"Cultures de Diakandapé (S.A., 1919), Kayes : sisal, coton, arachide"
afrique-occidentale-cultures-tropicales-afrique-75bffc,https://entreprises-coloniales.fr/afrique-occidentale/Cultures_tropicales_Afrique.pdf,company,"Compagnie de Cultures tropicales en Afrique, coton, puis sisal",Industries agro-alimentaires,Sénégal,Afrique occidentale francaise,1925,,"Cultures tropicales en Afrique (Compagnie de)(CCTA)(S.A., 1925), coton, puis sisal"
afrique-occidentale-domaine-de-kokumbo-79ac5c,https://entreprises-coloniales.fr/afrique-occidentale/Domaine_de_Kokumbo.pdf,company,Compagnie du Domaine de Kokumbo,Mines,Côte d'Ivoire,Afrique occidentale francaise,1937,,Domaine de Kokumbo (Compagnie du)(1937) : exploitation aurifère
afrique-occidentale-dragages-auriferes-tinkisso-7a3d48,https://entreprises-coloniales.fr/afrique-occidentale/Dragages_auriferes_Tinkisso.pdf,company,Société des Dragages aurifères du Tinkisso,Mines,Guinée Conakry,Afrique occidentale francaise,1904,1913,Dragages aurifères du Tinkisso (Société des)(1904-1913)
afrique-occidentale-drogueries-africaines-2c183e,https://entreprises-coloniales.fr/afrique-occidentale/Drogueries_africaines.pdf,company,"Drogueries africaines, puis Drogueries africaines et manufactures de matières colorantes Belga réunies",Commerce,Côte d'Ivoire,Afrique occidentale francaise,,,"Drogueries africaines, puis Drogueries africaines et manufactures de matières colorantes Belga réunies"
afrique-occidentale-eeoa-e18c51,https://entreprises-coloniales.fr/afrique-occidentale/EEOA.pdf,company,Eaux et électricité de l'Ouest-Africain,Industries,Sénégal,Afrique occidentale francaise,1929,,Eaux et électricité de l'Ouest-Africain (EEOA)(1929- )
afrique-occidentale-efaci-21edba,https://entreprises-coloniales.fr/afrique-occidentale/EFACI.pdf,company,Exploitations forestières et agricoles de la Côte d’Ivoire,"Agro-alimentaire, cultures industrielles",Côte d'Ivoire,Afrique occidentale francaise,,,"Exploitations forestières et agricoles de la Côte d’Ivoire (E. F. A. С. I.)(Anciens Etabl. R. Hamilton et J.-A. Pujol réunis), Grand-Bassam : acajou, cacao, café, bananes…"
afrique-occidentale-elec-indus-du-baol-41c194,https://entreprises-coloniales.fr/afrique-occidentale/Elec&indus_du_Baol.pdf,company,"Société Électrique et Industrielle du Baol, Diourbel",Industries agro-alimentaires,Sénégal,Afrique occidentale francaise,,,"Électrique et Industrielle du Baol (Société), Diourbel : électricité, huilerie"
afrique-occidentale-electricite-senegal-1910-1930-ba5b32,https://entreprises-coloniales.fr/afrique-occidentale/Electricite_Senegal_1910-1930.pdf,company,Compagnie d'Électricité du Sénégal,Industries,Sénégal,Afrique occidentale francaise,1910,1930,"Électricité du Sénégal (Compagnie d')(1910-1930), Dakar"
afrique-occidentale-energie-electrique-cote-ivoire-c5d754,https://entreprises-coloniales.fr/afrique-occidentale/Energie_electrique_Cote_Ivoire.pdf,company,Énergie électrique de la Côte-d'Ivoire,Industries,Côte d'Ivoire,Afrique occidentale francaise,1952,,Énergie électrique de la Côte-d'Ivoire (1952) : barrages d'Ayamé I (1960) et II (1965)
afrique-occidentale-entreprise-morosini-conakry-ae51f3,https://entreprises-coloniales.fr/afrique-occidentale/Entreprise_Morosini-Conakry.pdf,company,Entreprise Morosini,Industrie,Guinée Conakry,Afrique occidentale francaise,1919,1922,"Entreprise Morosini (Société anonyme coloniale de l')(1919-1922), Conakry, Grand-Bassam"
afrique-occidentale-entreprises-du-soudan-6db22b,https://entreprises-coloniales.fr/afrique-occidentale/Entreprises_du_Soudan.pdf,company,Société d'Entreprises du Soudan,Industrie,"Soudan français (Mali, Haute-Volta — ou Burkina-Fasso — et Niger)",Afrique occidentale francaise,1930,1935,"Entreprises du Soudan (Société d')(1930-1935)(Anc. Entreprises Chassain), Bamako"
afrique-occidentale-entreprises-transatlantiques-4c7977,https://entreprises-coloniales.fr/afrique-occidentale/Entreprises_transatlantiques.pdf,company,Entreprises transatlantiques,,Dahomey (Bénin),Afrique occidentale francaise,,,"Entreprises transatlantiques (ENTRA), Cotonou"
afrique-occidentale-etablissements-salagna-e30b39,https://entreprises-coloniales.fr/afrique-occidentale/Etablissements_Salagna.pdf,company,Établissements Salagna,Commerce,Sénégal,Afrique occidentale francaise,1909,1922,"Salagna (Établissements)(1909-1922), Bordeaux : Casamance, Côte-d'Ivoire, Guinées"
afrique-occidentale-ethnies-de-la-cote-d-ivoire-5322f1,https://entreprises-coloniales.fr/afrique-occidentale/Ethnies_de_la_Cote_d_Ivoire.pdf,source_document,"Ethnies de la Côte-d'Ivoire, par Jacques Bobée",Documents généraux (par ordre chronologique),Côte d'Ivoire,Afrique occidentale francaise,,,"Ethnies de la Côte-d'Ivoire, par Jacques Bobée (inédit)(185 p.)"
afrique-occidentale-ets-emile-d-hubert-d7e741,https://entreprises-coloniales.fr/afrique-occidentale/Ets_Emile_d_Hubert.pdf,person,Établissements Émile d’Hubert,Industries,Côte d'Ivoire,Afrique occidentale francaise,,,Établissements Émile d’Hubert (S.A. des)(1917-1927)
afrique-occidentale-ets-robert-gonfreville-c05212,https://entreprises-coloniales.fr/afrique-occidentale/Ets_Robert_Gonfreville.pdf,company,Établissements Robert Gonfreville,Industries,Côte d'Ivoire,Afrique occidentale francaise,,,Gonfreville (Établissements Robert)(E.R.G.) : dossier
afrique-occidentale-etudes-de-l-ouest-africain-6e5788,https://entreprises-coloniales.fr/afrique-occidentale/Etudes_de_l_Ouest-Africain.pdf,company,Société d'Études de l'Ouest-Africain,Commerce,Côte d'Ivoire,Afrique occidentale francaise,1891,,Études de l'Ouest-Africain (Société d')(1891) : Voituret et Papillon
afrique-occidentale-etudes-et-exploration-soudan-1d37fc,https://entreprises-coloniales.fr/afrique-occidentale/Etudes_et_exploration_Soudan.pdf,company,Société d'Études et d’exploration du Soudan,Industrie,"Soudan français (Mali, Haute-Volta — ou Burkina-Fasso — et Niger)",Afrique occidentale francaise,1899,1901,Études et d’exploration du Soudan (Société d')(1899-1901)
afrique-occidentale-exploitation-port-etienne-sepe-1e3f30,https://entreprises-coloniales.fr/afrique-occidentale/Exploitation_Port-Etienne-SEPE.pdf,company,Société d'Exploitation du port et des services publics de Port-Étienne . Suivi de Rezzous sur Port-Étienne,Industries diverses,Mauritanie,Afrique occidentale francaise,1925,1942,Exploitation du port et des services publics de Port-Étienne (Société d')(1925-1942). Suivi de Rezzous sur Port-Étienne
afrique-occidentale-exploitation-produits-coloniaux-f73aa0,https://entreprises-coloniales.fr/afrique-occidentale/Exploitation_produits_coloniaux.pdf,company,Société d'Exploitation de produits coloniaux,Industries,Côte d'Ivoire,Afrique occidentale francaise,1927,,"Exploitation de produits coloniaux (Société d')(S.A., 1927)(Anciens Éts Georges Lachmann), Abidjan : exploitation forestière, sciage, plantations de café et cacao"
afrique-occidentale-exploration-cote-ivoire-1ca4c0,https://entreprises-coloniales.fr/afrique-occidentale/Exploration_Cote-Ivoire.pdf,company,Compagnie d'Exploration de la Côte-d'Ivoire,Mines,Côte d'Ivoire,Afrique occidentale francaise,,,Exploration de la Côte-d'Ivoire (Compagnie d') : or
afrique-occidentale-exploration-ouest-africain-e396ee,https://entreprises-coloniales.fr/afrique-occidentale/Exploration_Ouest-Africain.pdf,company,Société d'Exploration de l'Ouest-Africain français,Mines,Côte d'Ivoire,Afrique occidentale francaise,,,Exploration de l'Ouest-Africain français (Société d') : or
afrique-occidentale-faidherbe-1818-1889-0ac829,https://entreprises-coloniales.fr/afrique-occidentale/Faidherbe_1818-1889.pdf,person,"Faidherbe, polytechnicien, gouverneur du Sénégal, par Jacques Bobée et Alain Léger",,Sénégal,Afrique occidentale francaise,,,"Faidherbe (Léon)(1818-1889), polytechnicien, gouverneur du Sénégal (1854-1861, 1863-1865), par Jacques Bobée et Alain Léger (312 p.)"
afrique-occidentale-faleme-gambie-e989de,https://entreprises-coloniales.fr/afrique-occidentale/Faleme-Gambie.pdf,company,Compagnie des Mines de Falémé-Gambie,Mines,Sénégal,Afrique occidentale francaise,1911,1953,Mines de Falémé-Gambie (Compagnie des)(1911-1953) : or
afrique-occidentale-faleme-golden-valley-b01522,https://entreprises-coloniales.fr/afrique-occidentale/Faleme_Golden_Valley.pdf,company,Faleme Golden Valley,Mines,Sénégal,Afrique occidentale francaise,1896,,Faleme Golden Valley (Vallée d'or de la Falémé)(1896) : or
afrique-occidentale-federale-soudanaise-f5b724,https://entreprises-coloniales.fr/afrique-occidentale/Federale_Soudanaise.pdf,company,Compagnie Fédérale Soudanaise,Transports,"Soudan français (Mali, Haute-Volta — ou Burkina-Fasso — et Niger)",Afrique occidentale francaise,,,"Fédérale Soudanaise (Compagnie), Bamako"
afrique-occidentale-finuma-koumassi-247091,https://entreprises-coloniales.fr/afrique-occidentale/FINUMA-Koumassi.pdf,company,"Fabrique ivoirienne de nuoc-mam, Koumassi . Restaurant les Baguettes d'ivoire","Agro-alimentaire, cultures industrielles",Côte d'Ivoire,Afrique occidentale francaise,1964,1990,"Fabrique ivoirienne de nuoc-mam (FINUMA)(Adrien Faubeau)(1964-1990), Koumassi (Abidjan). Restaurant les Baguettes d'ivoire (Marie Lignon)"
afrique-occidentale-flers-exportation-guinee-a07ee0,https://entreprises-coloniales.fr/afrique-occidentale/Flers-Exportation-Guinee.pdf,company,Flers-Exportation,Commerce,Guinée Conakry,Afrique occidentale francaise,,,"Flers-Exportation, Conakry"
afrique-occidentale-flers-exportation-senegal-f23851,https://entreprises-coloniales.fr/afrique-occidentale/Flers-Exportation-Senegal.pdf,company,"Flers-Exportation, Sénégal",Commerce,Sénégal,Afrique occidentale francaise,,,"Flers-Exportation, Sénégal"
afrique-occidentale-flers-exportation-soudan-fef9e8,https://entreprises-coloniales.fr/afrique-occidentale/Flers-Exportation-Soudan.pdf,company,Flers-Exportation,Commerce,"Soudan français (Mali, Haute-Volta — ou Burkina-Fasso — et Niger)",Afrique occidentale francaise,,,"Flers-Exportation, Kayes"
afrique-occidentale-fonciere-cote-afrique-4cc4eb,https://entreprises-coloniales.fr/afrique-occidentale/Fonciere_Cote_Afrique.pdf,company,Foncière de la Côte d'Afrique,Foncier et immobilier,Sénégal,Afrique occidentale francaise,1929,,"Foncière de la Côte d'Afrique (1929), Dakar"
afrique-occidentale-forestiere-afrique-frse-8488bf,https://entreprises-coloniales.fr/afrique-occidentale/Forestiere_Afrique_frse.pdf,company,Compagnie Forestière de l'Afrique française,Industries,Côte d'Ivoire,Afrique occidentale francaise,1911,1930,Forestière de l'Afrique française (Compagnie)(1911-1930)
afrique-occidentale-forestiere-du-bandama-7e1912,https://entreprises-coloniales.fr/afrique-occidentale/Forestiere_du_Bandama.pdf,company,Société Forestière du Bandama,Industries,Côte d'Ivoire,Afrique occidentale francaise,1919,,"Forestière du Bandama (Société)(S.A., 1919)"
afrique-occidentale-forestiere-equatoriale-e02236,https://entreprises-coloniales.fr/afrique-occidentale/Forestiere_equatoriale.pdf,company,Compagnie Forestière équatoriale,Industries,Côte d'Ivoire,Afrique occidentale francaise,1928,,Forestière équatoriale (Compagnie)(1928)
afrique-occidentale-forestiere-indenie-fe3978,https://entreprises-coloniales.fr/afrique-occidentale/Forestiere_Indenie.pdf,company,Compagnie Forestière de l'Indénié,Industries,Côte d'Ivoire,Afrique occidentale francaise,1924,,Forestière de l'Indénié (Compagnie)(1924)
afrique-occidentale-francaise-du-dahomey-3ebd27,https://entreprises-coloniales.fr/afrique-occidentale/Francaise_du_Dahomey.pdf,company,Société Française du Dahomey,,Dahomey (Bénin),Afrique occidentale francaise,1920,1930,Française du Dahomey (Société)(1920-1930)
afrique-occidentale-franco-belge-du-senegal-3ce3f9,https://entreprises-coloniales.fr/afrique-occidentale/Franco-Belge_du_Senegal.pdf,company,Société Franco-Belge du Sénégal et du Niger,Commerce,Sénégal,Afrique occidentale francaise,1926,1928,"Franco-Belge du Sénégal et du Niger (Société)(1926-1928), Dakar : import-export"
afrique-occidentale-franco-coloniale-des-bois-cf0d31,https://entreprises-coloniales.fr/afrique-occidentale/Franco-Coloniale_des_Bois.pdf,company,Franco-Coloniale des Bois,Industries,Côte d'Ivoire,Afrique occidentale francaise,,,"Franco-Coloniale des Bois : Grand-Bassam (1942), puis Douala (1946)"
afrique-occidentale-frontiere-cote-ivoire-ghana-a12ce4,https://entreprises-coloniales.fr/afrique-occidentale/Frontiere_Cote_Ivoire-Ghana.pdf,source_document,Délimitation de la frontière entre la Côte d'Ivoire et le Ghana,Documents généraux (par ordre chronologique),Côte d'Ivoire,Afrique occidentale francaise,1890,,Délimitation de la frontière entre la Côte d'Ivoire et le Ghana (1890)
afrique-occidentale-generale-afrique-frse-ff46ab,https://entreprises-coloniales.fr/afrique-occidentale/Generale_Afrique_frse.pdf,company,Compagnie Générale de l'Afrique française,Commerce,Afrique occidentale française,Afrique occidentale francaise,1911,1931,"Générale de l'Afrique française (Compagnie)(Anciens Éts Marcel Plantey)(1911-1931) : Côte-d'Ivoire, Sénégal, Gold Coast, Dahomey, Maroc"
afrique-occidentale-generale-comptoirs-afric-45bd26,https://entreprises-coloniales.fr/afrique-occidentale/Generale_Comptoirs_afric.pdf,company,Compagnie Générale des Comptoirs africains,Commerce,Afrique occidentale française,Afrique occidentale francaise,,,Générale des Comptoirs africains (Compagnie)
afrique-occidentale-generale-comptoirs-franco-afr-e9c2b8,https://entreprises-coloniales.fr/afrique-occidentale/Generale_Comptoirs_franco-afr.pdf,company,Société générale des Comptoirs franco-africains,,Dahomey (Bénin),Afrique occidentale francaise,,,Comptoirs franco-africains (Société générale des) : suite des Comptoirs Pierre May en Guinée Bissau
afrique-occidentale-gisements-auriferes-comoe-696e7a,https://entreprises-coloniales.fr/afrique-occidentale/Gisements_auriferes_Comoe.pdf,company,Compagnie française des Gisements aurifères du Comoé et affluents,Mines,Côte d'Ivoire,Afrique occidentale francaise,,,Gisements aurifères du Comoé et affluents (Compagnie française des)
afrique-occidentale-gonfreville-par-dubresson-26173d,https://entreprises-coloniales.fr/afrique-occidentale/Gonfreville_par_Dubresson.pdf,company,Établissements Robert Gonfreville par Alain Dubresson,Industries,Côte d'Ivoire,Afrique occidentale francaise,1988,,Gonfreville (Établissements Robert)(E.R.G.) par Alain Dubresson (1988) : filature-tissage à Bouaké
afrique-occidentale-grand-bassam-cbba32,https://entreprises-coloniales.fr/afrique-occidentale/Grand-Bassam.pdf,source_document,"Grand-Bassam, première capitale de la Côte-d'Ivoire, par le texte et par l'image. Cartes postales réunies par Jacques Bobée, dont 14 issues de la mission Eysséric de 1897",Documents généraux (par ordre chronologique),Côte d'Ivoire,Afrique occidentale francaise,1893,1900,"Grand-Bassam, première capitale de la Côte-d'Ivoire (1893-1900), par le texte et par l'image. Cartes postales réunies par Jacques Bobée, dont 14 issues de la mission Eysséric de 1897 (208 p.)"
afrique-occidentale-grande-imprimerie-africaine-ffd8ad,https://entreprises-coloniales.fr/afrique-occidentale/Grande_Imprimerie_africaine.pdf,company,Grande Imprimerie africaine,Industries,Sénégal,Afrique occidentale francaise,1917,,"Grande Imprimerie africaine (S.A., 1917), Dakar"
afrique-occidentale-grands-travaux-africains-59801c,https://entreprises-coloniales.fr/afrique-occidentale/Grands_Travaux_africains.pdf,company,Grands Travaux africains,Industrie,Guinée Conakry,Afrique occidentale francaise,1928,1951,"Grands Travaux africains (Ancienne Entreprise Buffet et Herbelin)(1928-1951), Conakry"
afrique-occidentale-guieysse-1899-1986-cccb96,https://entreprises-coloniales.fr/afrique-occidentale/Guieysse_1899-1986.pdf,person,"Guieysse, administrateur de sociétés",,Sénégal,Afrique occidentale francaise,,,"Guieysse (Pierre)(1899-1986), administrateur de sociétés"
afrique-occidentale-guinee-aurifere-1908-1909-fe359b,https://entreprises-coloniales.fr/afrique-occidentale/Guinee_aurifere_1908-1909.pdf,company,Société Française de la Guinée aurifère,Mines,Guinée Conakry,Afrique occidentale francaise,1908,1909,Française de la Guinée aurifère (Société)(1908-1909)
afrique-occidentale-guinee-niger-940c2c,https://entreprises-coloniales.fr/afrique-occidentale/Guinee-Niger.pdf,company,Compagnie Guinée-Niger,Commerce,Guinée Conakry,Afrique occidentale francaise,,,"Guinée-Niger (Compagnie)(Anc. Ets Garrigues, Chichignoud & Cie) : Kankan"
afrique-occidentale-guinee-sous-frezouls-ec8234,https://entreprises-coloniales.fr/afrique-occidentale/Guinee_sous-Frezouls.pdf,company,La Guinée sous le lieutenant-gouverneur Antonin Frézouls,,Guinée Conakry,Afrique occidentale francaise,1904,1906,La Guinée sous le lieutenant-gouverneur Antonin Frézouls (1904-1906)
afrique-occidentale-guineenne-de-culture-3d0290,https://entreprises-coloniales.fr/afrique-occidentale/Guineenne_de_Culture.pdf,company,Société Guinéenne de Culture,Agro-alimentaire,Guinée Conakry,Afrique occidentale francaise,,,"Guinéenne de Culture (Société), Friguiagbé"
afrique-occidentale-hamon-mf3-aof-f6e1f7,https://entreprises-coloniales.fr/afrique-occidentale/Hamon-MF3-AOF.pdf,source_document,"Augustin Hamon, Les maîtres de la France, t. 3, 1938",Documents généraux (par ordre chronologique),Afrique occidentale française,Afrique occidentale francaise,,,"Augustin Hamon, Les maîtres de la France, t. 3, 1938 : AOF"
afrique-occidentale-hsoa-dakar-3ad0fb,https://entreprises-coloniales.fr/afrique-occidentale/HSOA_Dakar.pdf,company,"Huileries et savonneries de l'Ouest-africain, suite d'Alminko",Industries agro-alimentaires,Sénégal,Afrique occidentale francaise,1941,1959,"Huileries et savonneries de l'Ouest-africain (HSOA)(1941-1959), suite d'Alminko (1930), Dakar"
afrique-occidentale-huguet-en-plein-effort-6b4900,https://entreprises-coloniales.fr/afrique-occidentale/Huguet-En_plein_effort.pdf,source_document,"Huguet, En plein effort",Documents généraux (par ordre chronologique),Côte d'Ivoire,Afrique occidentale francaise,,,"Huguet (P.), En plein effort (vers 1950) : la Côte d'Ivoire en 19 dessins humoristiques"
afrique-occidentale-huileries-africaines-67eb16,https://entreprises-coloniales.fr/afrique-occidentale/Huileries_africaines.pdf,company,"Société des Huileries africaines, Drewin","Agro-alimentaire, cultures industrielles",Côte d'Ivoire,Afrique occidentale francaise,1920,1928,"Huileries africaines (Société des)(1920-1928), Drewin"
afrique-occidentale-huileries-plantations-cote-ivoire-9ad6b1,https://entreprises-coloniales.fr/afrique-occidentale/Huileries&plantations_Cote_Ivoire.pdf,company,Société française des Huileries et plantations de la Côte-d’Ivoire,"Agro-alimentaire, cultures industrielles",Côte d'Ivoire,Afrique occidentale francaise,1911,1920,Huileries et plantations de la Côte-d’Ivoire (Société française des)(1911-1920)
afrique-occidentale-huileries-rizeries-guinee-b5b8fb,https://entreprises-coloniales.fr/afrique-occidentale/Huileries-rizeries_Guinee.pdf,company,Société des Huileries-rizeries de Guinée,Agro-alimentaire,Guinée Conakry,Afrique occidentale francaise,,,Huileries-rizeries de Guinée (Société des)
afrique-occidentale-huileries-rizeries-ouest-afr-234437,https://entreprises-coloniales.fr/afrique-occidentale/Huileries+rizeries_ouest-afr.pdf,company,Société des Huileries et rizeries ouest-africaines,Industries agro-alimentaires,Sénégal,Afrique occidentale francaise,,,Huileries et rizeries ouest-africaines (Société des)(SHROA)
afrique-occidentale-importation-bois-exotiques-6208aa,https://entreprises-coloniales.fr/afrique-occidentale/Importation_bois_exotiques.pdf,company,Société d'Importation de bois exotiques,Industries,Côte d'Ivoire,Afrique occidentale francaise,1919,,Importation de bois exotiques (Société d')(SIBE)(1919) : scierie à Aboisso
afrique-occidentale-indus-comm-soudan-frs-ac715a,https://entreprises-coloniales.fr/afrique-occidentale/Indus.+comm._Soudan_frs.pdf,company,Société Industrielle et Commerciale du Soudan français,Industrie,"Soudan français (Mali, Haute-Volta — ou Burkina-Fasso — et Niger)",Afrique occidentale francaise,1898,1903,Industrielle et Commerciale du Soudan français (Société)(1898-1903)
afrique-occidentale-industrialisation-cote-ivoire-1953-10d193,https://entreprises-coloniales.fr/afrique-occidentale/Industrialisation_Cote_Ivoire-1953.pdf,source_document,L'essor industriel de la Côte d'Ivoire,Documents généraux (par ordre chronologique),Côte d'Ivoire,Afrique occidentale francaise,1953,,L'essor industriel de la Côte d'Ivoire (1953)
afrique-occidentale-industrielle-de-ceramiques-dakar-0cff66,https://entreprises-coloniales.fr/afrique-occidentale/Industrielle_de_Ceramiques-Dakar.pdf,company,Société Industrielle de Céramiques,Industries,Sénégal,Afrique occidentale francaise,1949,,"Industrielle de Céramiques (Société)(Sarl, 1949), Dakar : tuilerie-briqueterie"
afrique-occidentale-institut-pasteur-dakar-9daae7,https://entreprises-coloniales.fr/afrique-occidentale/Institut_Pasteur-Dakar.pdf,company,Institut Pasteur,Santé,Sénégal,Afrique occidentale francaise,,,"Institut Pasteur, Saint-Louis, puis Dakar"
afrique-occidentale-institut-pasteur-kindia-0c4b2f,https://entreprises-coloniales.fr/afrique-occidentale/Institut_Pasteur-Kindia.pdf,company,Institut Pasteur,Santé,Guinée Conakry,Afrique occidentale francaise,,,"Institut Pasteur, Kindia : expérimentations sur les singes, production de sérums et vaccins"
afrique-occidentale-intercoloniale-africaine-699b8f,https://entreprises-coloniales.fr/afrique-occidentale/Intercoloniale_Africaine.pdf,company,"Éts Alphonse Lecomte, Cie intercoloniale africaine",Commerce,Sénégal,Afrique occidentale francaise,,,"Lecomte (Éts Alphonse), Cie intercoloniale africaine : Sénégal, Soudan français, Togo"
afrique-occidentale-intercontinentale-entrep-d10d6f,https://entreprises-coloniales.fr/afrique-occidentale/Intercontinentale_Entrep.pdf,company,Société Intercontinentale d'entreprises réunies,,Dahomey (Bénin),Afrique occidentale francaise,,,Intercontinentale d'entreprises réunies (Société) : négoce de bois et d'oléagineux au Dahomey et au Congo
afrique-occidentale-intertropicale-cote-d-ivoire-87d946,https://entreprises-coloniales.fr/afrique-occidentale/Intertropicale_Cote-d'Ivoire.pdf,company,Société Intertropicale d’Exploitations de la Côte-d'Ivoire,Industries,Côte d'Ivoire,Afrique occidentale francaise,1927,,Intertropicale d’Exploitations de la Côte-d'Ivoire (Société)(1927)
afrique-occidentale-iran-abidjan-e9c83c,https://entreprises-coloniales.fr/afrique-occidentale/IRAN-Abidjan.pdf,company,Industries réunies de l'Afrique noire à Abidjan-Vridi,"Agro-alimentaire, cultures industrielles",Côte d'Ivoire,Afrique occidentale francaise,1966,,"Industries réunies de l'Afrique noire (IRAN)(1966) à Abidjan-Vridi : boissons gazeuses, marque Seven Up"
afrique-occidentale-irrigation-niger-1919-1931-85b755,https://entreprises-coloniales.fr/afrique-occidentale/Irrigation_Niger-1919-1931.pdf,company,Mise en valeur de la vallée du Niger,Industrie,"Soudan français (Mali, Haute-Volta — ou Burkina-Fasso — et Niger)",Afrique occidentale francaise,1919,1931,Mise en valeur de la vallée du Niger (1919-1931) : canal et barrage de Sotuba
afrique-occidentale-ivory-coast-goldfields-48f2b8,https://entreprises-coloniales.fr/afrique-occidentale/Ivory_Coast_Goldfields.pdf,company,Ivory Coast Goldfields,Mines,Côte d'Ivoire,Afrique occidentale francaise,,,Ivory Coast Goldfields : or
afrique-occidentale-ivory-coast-rubber-estates-ltd-e17973,https://entreprises-coloniales.fr/afrique-occidentale/Ivory_Coast_Rubber_Estates_Ltd.pdf,company,Ivory Coast Rubber Estates Limited,"Agro-alimentaire, cultures industrielles",Côte d'Ivoire,Afrique occidentale francaise,1909,,Ivory Coast Rubber Estates Limited (1909)
afrique-occidentale-jobel-dakar-5a89b1,https://entreprises-coloniales.fr/afrique-occidentale/Jobel-Dakar.pdf,company,Jobel,Commerce,Sénégal,Afrique occidentale francaise,1949,,"Jobel (1949), Dakar : import-export"
afrique-occidentale-kayes-bank-100bf8,https://entreprises-coloniales.fr/afrique-occidentale/Kayes-Bank.pdf,company,Kayes-Bank,Banque,"Soudan français (Mali, Haute-Volta — ou Burkina-Fasso — et Niger)",Afrique occidentale francaise,1911,1920,Kayes-Bank (1911-1920)
afrique-occidentale-kokumbo-ivory-coast-cy-728b1f,https://entreprises-coloniales.fr/afrique-occidentale/Kokumbo_Ivory_Coast_Cy.pdf,company,"Kokumbo, Ltd",Mines,Côte d'Ivoire,Afrique occidentale francaise,,,"Kokumbo (Ivory Coast Company), Ltd : or"
afrique-occidentale-kong-1894-1923-e608f3,https://entreprises-coloniales.fr/afrique-occidentale/Kong_1894-1923.pdf,company,Compagnie française de Kong,Industries,Côte d'Ivoire,Afrique occidentale francaise,1894,1923,Compagnie française de Kong (1894-1923)
afrique-occidentale-l-ilmenite-c9939e,https://entreprises-coloniales.fr/afrique-occidentale/L_Ilmenite.pdf,company,"L'Ilmènite, Diogué",Mines,Sénégal,Afrique occidentale francaise,1927,,"Ilmènite (L')(S.A., 1927), Diogué (Casamance)"
afrique-occidentale-l-occidentale-africaine-6d0333,https://entreprises-coloniales.fr/afrique-occidentale/L_Occidentale_Africaine.pdf,company,L'Occidentale Africaine,Commerce,Côte d'Ivoire,Afrique occidentale francaise,1919,,"Occidentale Africaine (L')(S.A., 1919)"
afrique-occidentale-la-camayenne-1909-1923-02b57d,https://entreprises-coloniales.fr/afrique-occidentale/La_Camayenne-1909-1923.pdf,company,La Camayenne,Agro-alimentaire,Guinée Conakry,Afrique occidentale francaise,1909,1923,Camayenne (La)(1909-1923) : pionnier de la banane
afrique-occidentale-la-senegalaise-1871-1881-2b7ddc,https://entreprises-coloniales.fr/afrique-occidentale/La_Senegalaise_1871-1881.pdf,company,Compagnie anonyme La Sénégalaise,Transports,Sénégal,Afrique occidentale francaise,1871,1881,"Sénégalaise (Compagnie anonyme La)(1871-1881) : transports fluviaux, remorquage, cabotage"
afrique-occidentale-lagriffe-et-rivet-973cbe,https://entreprises-coloniales.fr/afrique-occidentale/Lagriffe_et_Rivet.pdf,company,"Établissements Lagriffe et Rivet, Nantes, Dakar, Kaolack",Commerce,Sénégal,Afrique occidentale francaise,1928,1935,"Lagriffe et Rivet (Établissements)(1928-1935), Nantes, Dakar, Kaolack : import-export"
afrique-occidentale-larose-et-lucard-f9292c,https://entreprises-coloniales.fr/afrique-occidentale/Larose_et_Lucard.pdf,company,Larose et Lucard,Commerce,Côte d'Ivoire,Afrique occidentale francaise,1932,,"Larose et Lucard (Sarl, 1932), Paris"
afrique-occidentale-laurent-gsell-tombouctou-399b9e,https://entreprises-coloniales.fr/afrique-occidentale/Laurent-Gsell_Tombouctou.pdf,company,"Laurent-Gsell, Tombouctou",Généralités,"Soudan français (Mali, Haute-Volta — ou Burkina-Fasso — et Niger)",Afrique occidentale francaise,,,"Laurent-Gsell, Tombouctou : dessins, tableaux, récit (1913)"
afrique-occidentale-le-croissant-dakar-894261,https://entreprises-coloniales.fr/afrique-occidentale/Le_Croissant-Dakar.pdf,company,Usine de produits chimiques « Le Croissant »,Industries,Sénégal,Afrique occidentale francaise,1949,,"Usine de produits chimiques « Le Croissant » (1949), Dakar"
afrique-occidentale-legion-honneur-1931-aof-a20781,https://entreprises-coloniales.fr/afrique-occidentale/Legion_honneur_1931-AOF.pdf,source_document,Légions d'honneur A.-O.F.,Documents généraux (par ordre chronologique),Afrique occidentale française,Afrique occidentale francaise,,,Légions d'honneur A.-O.F. : promotion de l'Exposition coloniale de 1931
afrique-occidentale-lesieur-afrique-dakar-6eb571,https://entreprises-coloniales.fr/afrique-occidentale/Lesieur-Afrique-Dakar.pdf,company,Lesieur-Afrique,Industries agro-alimentaires,Sénégal,Afrique occidentale francaise,,,"Lesieur-Afrique, Dakar"
afrique-occidentale-lorraine-cote-d-ivoire-48aec0,https://entreprises-coloniales.fr/afrique-occidentale/Lorraine_Cote_d_Ivoire.pdf,company,"Société Lorraine de la Côte d'Ivoire, Nancy",Industries,Côte d'Ivoire,Afrique occidentale francaise,1912,1926,"Lorraine de la Côte d'Ivoire (Forestière et Commerciale)(Société)(1912-1926), Nancy : exploitation forestière, acajou"
afrique-occidentale-lyonnaise-auriferes-guinee-03e358,https://entreprises-coloniales.fr/afrique-occidentale/Lyonnaise_Auriferes_Guinee.pdf,company,Compagnie des Lyonnaise des Gisements aurifères en Guinée,Mines,Guinée Conakry,Afrique occidentale francaise,1908,1913,Lyonnaise des Gisements aurifères en Guinée (Compagnie des)(1908-1913)
afrique-occidentale-macina-niger-87a6e4,https://entreprises-coloniales.fr/afrique-occidentale/Macina-Niger.pdf,company,Macina-Niger,Commerce,"Soudan français (Mali, Haute-Volta — ou Burkina-Fasso — et Niger)",Afrique occidentale francaise,1906,1936,"Macina-Niger, Toulouse (1906-1936) : Bamako, Mopti"
afrique-occidentale-magasins-appontements-dahomey-bf0828,https://entreprises-coloniales.fr/afrique-occidentale/Magasins_appontements_Dahomey.pdf,company,Compagnie des Magasins généraux et appontements du Dahomey,,Dahomey (Bénin),Afrique occidentale francaise,1902,1908,Magasins généraux et appontements du Dahomey (Compagnie des)(1902-1908) : magasins généraux de Cotonou
afrique-occidentale-magasins-generaux-du-benin-127640,https://entreprises-coloniales.fr/afrique-occidentale/Magasins_generaux_du_Benin.pdf,company,Société des Magasins généraux du Bénin,,Dahomey (Bénin),Afrique occidentale francaise,1894,1902,Magasins généraux du Bénin (Société des)(1894-1902) : magasins généraux de Cotonou
afrique-occidentale-mangin-races-aof-8ff83d,https://entreprises-coloniales.fr/afrique-occidentale/Mangin_Races_AOF.pdf,source_document,"Mangin, Races de l’Afrique occidentale française .",Documents généraux (par ordre chronologique),Afrique occidentale française,Afrique occidentale francaise,1911,1924,"Mangin (Charles), Races de l’Afrique occidentale française (1911-1924)(Revues des troupes coloniales, 1924-1933)(156 p.)."
afrique-occidentale-manue-irrigation-niger-1934-aa32d8,https://entreprises-coloniales.fr/afrique-occidentale/Manue-Irrigation_Niger-1934.pdf,company,"Les travaux d'irrigation du Niger, par Georges R.-Manue",Industrie,"Soudan français (Mali, Haute-Volta — ou Burkina-Fasso — et Niger)",Afrique occidentale francaise,,,"Les travaux d'irrigation du Niger, par Georges R.-Manue (L'Illustration, 1934)"
afrique-occidentale-manutention-africaine-dakar-3ea05a,https://entreprises-coloniales.fr/afrique-occidentale/Manutention_Africaine-Dakar.pdf,company,Manutention africaine,Commerce,Sénégal,Afrique occidentale francaise,1928,,"Manutention africaine (S.A., 1928)(suite de Philippe Delmas), Dakar : services maritimes (1928-1936), chantiers de réparations navales, concession Renault, représentation industrielle (Caterpillar, Hyster… ), assurances, fours à chaux, boulangerie"
afrique-occidentale-mci-cote-ivoire-1932-f6ffad,https://entreprises-coloniales.fr/afrique-occidentale/MCI-Cote_Ivoire-1932.pdf,source_document,"Une colonie de grand avenir, la Côte d’Ivoire",Documents généraux (par ordre chronologique),Côte d'Ivoire,Afrique occidentale francaise,,,"Une colonie de grand avenir, la Côte d’Ivoire (Le Monde colonial illustré, février 1932)"
afrique-occidentale-merlaud-ponty-cote-d-ivoire-1909-62ca18,https://entreprises-coloniales.fr/afrique-occidentale/Merlaud-Ponty_Cote_d_Ivoire_1909.pdf,source_document,"Voyage à la Côte d’Ivoire de William Merlaud-Ponty, gouverneur général de l'AOF",Documents généraux (par ordre chronologique),Côte d'Ivoire,Afrique occidentale francaise,,,"Voyage à la Côte d’Ivoire de William Merlaud-Ponty, gouverneur général de l'AOF (7-15 mars 1909)(Numéro exceptionnel de « La Côte-d'Ivoire », de Charles Ostench)"
afrique-occidentale-messageries-africaines-7664ea,https://entreprises-coloniales.fr/afrique-occidentale/Messageries_africaines.pdf,company,Messageries africaines,Transports,Sénégal,Afrique occidentale francaise,1907,,"Messageries africaines (S.A., 1907) : transports fluviaux"
afrique-occidentale-messageries-du-senegal-0354a7,https://entreprises-coloniales.fr/afrique-occidentale/Messageries_du_Senegal.pdf,company,Messageries du Sénégal,Transports,Sénégal,Afrique occidentale francaise,1936,,Messageries du Sénégal (1936) : transports fluviaux
afrique-occidentale-messageries-fluviales-niger-3dadb0,https://entreprises-coloniales.fr/afrique-occidentale/Messageries_fluviales_Niger.pdf,company,Compagnie des Messageries fluviales du Niger et des dragages aurifères de la Guinée,Mines,Guinée Conakry,Afrique occidentale francaise,1908,,Messageries fluviales du Niger et des dragages aurifères de la Guinée (Compagnie des)(1908)
afrique-occidentale-micuma-1953-1958-71e827,https://entreprises-coloniales.fr/afrique-occidentale/Micuma_1953-1958.pdf,company,Micuma /Somima,Mines,Mauritanie,Afrique occidentale francaise,1953,1958,Micuma (1953-1958)/Somima (1970-1975) : mine de cuivre d’Akjoujt
afrique-occidentale-miferma-1952-1974-9b803c,https://entreprises-coloniales.fr/afrique-occidentale/Miferma_1952-1974.pdf,company,Mines de fer de Mauritanie,Mines,Mauritanie,Afrique occidentale francaise,1952,1974,Mines de fer de Mauritanie (Miferma)(1952-1974)
afrique-occidentale-min-indus-immob-cote-iv-570c5e,https://entreprises-coloniales.fr/afrique-occidentale/Min.-indus.-immob.-Cote-Iv.pdf,company,"Minière, Industrielle et Immobilière de la Côte-d'Ivoire",Mines,Côte d'Ivoire,Afrique occidentale francaise,,,"Minière, Industrielle et Immobilière de la Côte-d'Ivoire (MICI) : or, scierie, cacao, café, comptoir"
afrique-occidentale-minafro-ba202f,https://entreprises-coloniales.fr/afrique-occidentale/MINAFRO.pdf,company,Exploitations minières en Afrique Occidentale,Mines,Guinée Conakry,Afrique occidentale francaise,1934,,"Exploitations minières en Afrique Occidentale (Société anonyme d')(MINAFRO)(1934), Paris : diamants"
afrique-occidentale-mincom-satadougou-467ecd,https://entreprises-coloniales.fr/afrique-occidentale/Mincom._Satadougou.pdf,company,Société Minière et Commerciale de Satadougou,Mines,"Soudan français (Mali, Haute-Volta — ou Burkina-Fasso — et Niger)",Afrique occidentale francaise,1898,,Minière et Commerciale de Satadougou (Société)(1898)
afrique-occidentale-mines-d-or-aof-a886c6,https://entreprises-coloniales.fr/afrique-occidentale/Mines_d_or_AOF.pdf,company,Compagnie des Mines d’or de l'Afrique occidentale française,Mines,Côte d'Ivoire,Afrique occidentale francaise,1909,1911,Mines d’or de l'Afrique occidentale française (Compagnie des)(1909-1911)
afrique-occidentale-mines-d-or-indenie-9146a1,https://entreprises-coloniales.fr/afrique-occidentale/Mines_d_or_Indenie.pdf,company,Société des Mines d’or de l'Indénié,Mines,Côte d'Ivoire,Afrique occidentale francaise,1902,1905,Mines d’or de l'Indénié (Société des)(1902-1905)
afrique-occidentale-mines-de-senegambie-f1a4b6,https://entreprises-coloniales.fr/afrique-occidentale/Mines_de_Senegambie.pdf,company,Compagnie des Mines de Sénégambie,Mines,Sénégal,Afrique occidentale francaise,1908,1919,Mines de Sénégambie (Compagnie des)(1908-1919) : or
afrique-occidentale-mines-de-siguiri-cd736a,https://entreprises-coloniales.fr/afrique-occidentale/Mines_de_Siguiri.pdf,company,Compagnie des Mines de Siguiri,Mines,Guinée Conakry,Afrique occidentale francaise,1907,1931,Mines de Siguiri (Compagnie des)(1907-1931) : exploitations aurifères
afrique-occidentale-mines-et-placers-biano-f6f486,https://entreprises-coloniales.fr/afrique-occidentale/Mines_et_placers_Biano.pdf,company,Mines d’or et placers de Biano,Mines,Côte d'Ivoire,Afrique occidentale francaise,1902,1904,Mines d’or et placers de Biano (1902-1904)
afrique-occidentale-mines-haute-guinee-fe20d6,https://entreprises-coloniales.fr/afrique-occidentale/Mines_Haute-Guinee.pdf,company,Société des Mines de la Haute-Guinée,Mines,Guinée Conakry,Afrique occidentale francaise,1907,1913,Mines de la Haute-Guinée (Société des)(1907-1913) : exploitations aurifères
afrique-occidentale-mines-manganese-grand-lahou-d88d33,https://entreprises-coloniales.fr/afrique-occidentale/Mines_manganese_Grand-Lahou.pdf,company,Mines de manganèse de Grand-Lahou,Mines,Côte d'Ivoire,Afrique occidentale francaise,1962,1969,Grand-Lahou (Mines de manganèse de)(1962-1969) : diversification du groupe Mokta-el-Hadid
afrique-occidentale-mines-or-boure-sieke-78d67b,https://entreprises-coloniales.fr/afrique-occidentale/Mines_or_Boure-Sieke.pdf,company,Compagnie des Mines d'or de Bouré-Siéké et l'Afrique occidentale française,Mines,Guinée Conakry,Afrique occidentale francaise,1906,1914,Mines d'or de Bouré-Siéké et l'Afrique occidentale française (Compagnie des)(1906-1914) : exploitations aurifères
afrique-occidentale-miniere-afrique-occidentale-d5f34a,https://entreprises-coloniales.fr/afrique-occidentale/Miniere_Afrique_occidentale.pdf,company,Société Minière de l'Afrique occidentale,Mines,Côte d'Ivoire,Afrique occidentale francaise,1901,1905,Minière de l'Afrique occidentale (Société)(1901-1905) : exploitations aurifères
afrique-occidentale-miniere-bas-sanwi-b3065d,https://entreprises-coloniales.fr/afrique-occidentale/Miniere_Bas-Sanwi.pdf,company,Compagnie Minière du Bas-Sanwi et de la Côte-d’Ivoire,Mines,Côte d'Ivoire,Afrique occidentale francaise,1902,1914,Minière du Bas-Sanwi et de la Côte-d’Ivoire (Compagnie)(1902-1914) : or
afrique-occidentale-miniere-coloniale-ouest-africain-a53e02,https://entreprises-coloniales.fr/afrique-occidentale/Miniere+coloniale-Ouest-Africain.pdf,company,Société Minière et coloniale de l'Ouest-Africain,Mines,Guinée Conakry,Afrique occidentale francaise,,,Minière et coloniale de l'Ouest-Africain (Société) : exploitations aurifères
afrique-occidentale-miniere-cote-ivoire-610586,https://entreprises-coloniales.fr/afrique-occidentale/Miniere_Cote_Ivoire.pdf,company,Société Minière de la Côte-d'Ivoire,Mines,Côte d'Ivoire,Afrique occidentale francaise,1901,1912,Minière de la Côte-d'Ivoire (Société)(1901-1912) : exploitations aurifères
afrique-occidentale-miniere-de-guinee-6b2282,https://entreprises-coloniales.fr/afrique-occidentale/Miniere_de_Guinee.pdf,company,Compagnie Minière de Guinée,Mines,Guinée Conakry,Afrique occidentale francaise,1906,1930,Minière de Guinée (Compagnie)(1906-1930) : exploitations aurifères
afrique-occidentale-miniere-de-l-alangoua-ac6a09,https://entreprises-coloniales.fr/afrique-occidentale/Miniere_de_l_Alangoua.pdf,company,Compagnie Minière de l’Alangoua et de la Côte-d’Ivoire,Mines,Côte d'Ivoire,Afrique occidentale francaise,,,Minière de l’Alangoua et de la Côte-d’Ivoire (Compagnie) : or
afrique-occidentale-miniere-de-l-indenie-03065e,https://entreprises-coloniales.fr/afrique-occidentale/Miniere_de_l_Indenie.pdf,company,Compagnie Minière de l’Indénié et de la Côte-d’Ivoire,Mines,Côte d'Ivoire,Afrique occidentale francaise,1902,1906,Minière de l’Indénié et de la Côte-d’Ivoire (Compagnie)(1902-1906) : or
afrique-occidentale-miniere-du-bondoukou-b2ab17,https://entreprises-coloniales.fr/afrique-occidentale/Miniere_du_Bondoukou.pdf,company,Compagnie Minière du Bondoukou et de la Côte-d'Ivoire,Mines,Côte d'Ivoire,Afrique occidentale francaise,1902,1914,Minière du Bondoukou et de la Côte-d'Ivoire (Compagnie)(1902-1914) : or
afrique-occidentale-miniere-du-dahomey-niger-529dd9,https://entreprises-coloniales.fr/afrique-occidentale/Miniere_du_Dahomey-Niger.pdf,company,"Société Minière du Dahomey, puis du Dahomey-Niger",,Dahomey (Bénin),Afrique occidentale francaise,1941,,"Minière du Dahomey, puis du Dahomey-Niger (Société)(1941) : or à Perma, cassitérite dans l'Aïr"
afrique-occidentale-miniere-du-sanwi-87280f,https://entreprises-coloniales.fr/afrique-occidentale/Miniere_du_Sanwi.pdf,company,Société Minière du Sanwi et de la Côte-d'Ivoire,Mines,Côte d'Ivoire,Afrique occidentale francaise,,,Minière du Sanwi et de la Côte-d'Ivoire (Société) : or
afrique-occidentale-miniere-fonciere-bandama-5fe543,https://entreprises-coloniales.fr/afrique-occidentale/Miniere&fonciere_Bandama.pdf,company,Société minière et foncière du Bandama,Mines,Côte d'Ivoire,Afrique occidentale francaise,,,Bandama (Société minière et foncière du) : or
afrique-occidentale-miniere-koba-balato-c35f9a,https://entreprises-coloniales.fr/afrique-occidentale/Miniere_Koba_Balato.pdf,company,Société Minière du Koba de Balato,Mines,Guinée Conakry,Afrique occidentale francaise,1907,1913,Minière du Koba de Balato (Société)(1907-1913) : exploitations aurifères
afrique-occidentale-miniere-niger-guinee-8b74a3,https://entreprises-coloniales.fr/afrique-occidentale/Miniere_Niger-Guinee.pdf,company,Société Minière Niger-Guinée,Mines,Guinée Conakry,Afrique occidentale francaise,1907,,Minière Niger-Guinée (Société)(1907)
afrique-occidentale-miniere-soudan-francais-24e812,https://entreprises-coloniales.fr/afrique-occidentale/Miniere_Soudan_francais.pdf,company,Société Minière du Soudan français,Mines,"Soudan français (Mali, Haute-Volta — ou Burkina-Fasso — et Niger)",Afrique occidentale francaise,1901,,Minière du Soudan français (Société)(1901)
afrique-occidentale-mondon-1936-1939-5c359d,https://entreprises-coloniales.fr/afrique-occidentale/Mondon-1936-1939.pdf,source_document,La Côte d’Ivoire sous le gouverneur Gaston Mondon,Documents généraux (par ordre chronologique),Côte d'Ivoire,Afrique occidentale francaise,,,La Côte d’Ivoire sous le gouverneur Gaston Mondon (nov. 1936-janv. 1939)
afrique-occidentale-niger-et-soudan-85cfbf,https://entreprises-coloniales.fr/afrique-occidentale/Niger_et_Soudan.pdf,company,"Anciens Établissements Pillet, Colas et Cie Niger et Soudan",Commerce,"Soudan français (Mali, Haute-Volta — ou Burkina-Fasso — et Niger)",Afrique occidentale francaise,1900,1909,"Niger et Soudan (Anciens Établissements Pillet, Colas et Cie)(1900-1909) : import-export"
afrique-occidentale-nosal-rufisque-065ced,https://entreprises-coloniales.fr/afrique-occidentale/Nosal-Rufisque.pdf,company,Nosal,Industries,Sénégal,Afrique occidentale francaise,1949,,"Nosal (Sarl, 1949), Rufisque : exploitation forestière"
afrique-occidentale-nosoco-e5bb35,https://entreprises-coloniales.fr/afrique-occidentale/NOSOCO.pdf,company,"Nouvelle Société commerciale africaine, suite de Pascal Buhan et Cie",Commerce,Sénégal,Afrique occidentale francaise,1908,,"Nouvelle Société commerciale africaine (NOSOCO)(1908), suite de Pascal Buhan et Cie, Bordeaux : Sénégal, Casamance, Guinée portugaise"
afrique-occidentale-nouvelle-cie-frse-de-kong-3c9551,https://entreprises-coloniales.fr/afrique-occidentale/Nouvelle_Cie_frse_de_Kong.pdf,company,Nouvelle Compagnie française de Kong,Industries,Côte d'Ivoire,Afrique occidentale francaise,1923,,"Nouvelle Compagnie française de Kong (S.A., 1er mai 1923) : société commerciale et holding"
afrique-occidentale-office-du-niger-1932-1943-6337fc,https://entreprises-coloniales.fr/afrique-occidentale/Office_du_Niger-1932-1943.pdf,company,L'Office du Niger,Industrie,"Soudan français (Mali, Haute-Volta — ou Burkina-Fasso — et Niger)",Afrique occidentale francaise,1932,1943,L'Office du Niger (1932-1943) : le règne de l'ingénieur Belime
afrique-occidentale-office-du-niger-dumont-179415,https://entreprises-coloniales.fr/afrique-occidentale/Office_du_Niger-Dumont.pdf,company,L'Office du Niger vu par René Dumont,Industrie,"Soudan français (Mali, Haute-Volta — ou Burkina-Fasso — et Niger)",Afrique occidentale francaise,,,"L'Office du Niger vu par René Dumont (1962, 1973)"
afrique-occidentale-omnium-franco-africain-d7fd80,https://entreprises-coloniales.fr/afrique-occidentale/Omnium_franco-africain.pdf,company,Omnium franco-africain,Commerce,Afrique occidentale française,Afrique occidentale francaise,1924,1933,"Omnium franco-africain (1924-1933) : Côte d'Ivoire, Guinée, Togo, Cameroun"
afrique-occidentale-oueme-dahomey-0cbf7a,https://entreprises-coloniales.fr/afrique-occidentale/Oueme-Dahomey.pdf,company,Compagnie de Ouémé-Dahomey,,Dahomey (Bénin),Afrique occidentale francaise,1899,,"Ouémé-Dahomey (Compagnie de)(S.A., 1899) : concession de 136.000 hectares. Cueillette du caoutchouc, plantations de ceara et coton."
afrique-occidentale-ouest-africain-francais-f27cc1,https://entreprises-coloniales.fr/afrique-occidentale/Ouest-Africain_francais.pdf,company,Compagnie de l'Ouest-Africain français [Compagnie de l'Ouest-Africain français],Mines,Côte d'Ivoire,Afrique occidentale francaise,1907,1914,"Ouest-Africain français (Compagnie de l')[Compagnie de l'Ouest-Africain français](1907-1914) : Ahinda, Akrizi, les mines d'or mirifiques du banquier Charles Victor"
afrique-occidentale-palmador-dakar-1b9df5,https://entreprises-coloniales.fr/afrique-occidentale/Palmador-Dakar.pdf,company,Société Palmador,Commerce,Sénégal,Afrique occidentale francaise,1921,1929,"Palmador (Société)(1921-1929), Dakar : rhum, denrées coloniales"
afrique-occidentale-palmeraies-africaines-0ae908,https://entreprises-coloniales.fr/afrique-occidentale/Palmeraies_africaines.pdf,company,"Société commerciale, industrielle et agricole des Palmeraies africaines","Agro-alimentaire, cultures industrielles",Côte d'Ivoire,Afrique occidentale francaise,1920,1932,"Palmeraies africaines (Société commerciale, industrielle et agricole des)(SCIPA)(1920-1932)"
afrique-occidentale-parisienne-a-la-cote-d-ivoire-e7cbc8,https://entreprises-coloniales.fr/afrique-occidentale/Parisienne_a_la_Cote-d'Ivoire.pdf,source_document,Germaine Thomann,Documents généraux (par ordre chronologique),Côte d'Ivoire,Afrique occidentale francaise,,,Germaine Thomann : Une Parisienne à la Côte-d'Ivoire. Tournée dans le Samvi (1908)
afrique-occidentale-pecheries-ouest-africain-febd5d,https://entreprises-coloniales.fr/afrique-occidentale/Pecheries_Ouest-africain.pdf,company,"Compagnie Industrielle des Pêcheries de l'Ouest-africain, Las Palmas",Industries diverses,Mauritanie,Afrique occidentale francaise,1912,,"Industrielle des Pêcheries de l'Ouest-africain (Compagnie)(1912), Las Palmas"
afrique-occidentale-phosphates-de-taiba-c42c99,https://entreprises-coloniales.fr/afrique-occidentale/Phosphates_de_Taiba.pdf,company,Compagnie sénégalaise des Phosphates de Taïba,Mines,Sénégal,Afrique occidentale francaise,1957,,Phosphates de Taïba (Compagnie sénégalaise des)(1957) : suite de la Société d’études et de recherches minières au Sénégal (SERMIS)(1952)
afrique-occidentale-pierre-herve-afrique-1949-3f98ca,https://entreprises-coloniales.fr/afrique-occidentale/Pierre_Herve_Afrique_1949.pdf,source_document,Afrique noire,Documents généraux (par ordre chronologique),Afrique occidentale française,Afrique occidentale francaise,,,"Afrique noire : un grand reportage de Pierre Hervé (L'Humanité, 1er-23 mai 1949)"
afrique-occidentale-plancke-cote-d-ivoire-1939-948704,https://entreprises-coloniales.fr/afrique-occidentale/Plancke_Cote-d-Ivoire-1939.pdf,source_document,"Plancke, député d'Hazebrouck",Documents généraux (par ordre chronologique),Côte d'Ivoire,Afrique occidentale francaise,,,"Plancke (Gabriel), député d'Hazebrouck (Nord) : l'Effort français en Côte d’Ivoire (1938-1939)"
afrique-occidentale-plantations-d-ambidedi-7a10f8,https://entreprises-coloniales.fr/afrique-occidentale/Plantations_d_Ambidedi.pdf,company,"Société des Plantations d'Ambidedi, sisal",Industrie,"Soudan français (Mali, Haute-Volta — ou Burkina-Fasso — et Niger)",Afrique occidentale francaise,1928,1937,"Plantations d'Ambidedi (Société des)(1928-1937), sisal"
afrique-occidentale-plantations-d-elima-d5ccf6,https://entreprises-coloniales.fr/afrique-occidentale/Plantations_d'Elima.pdf,company,"Société des Plantations d'Élima, caféiers à Aboisso","Agro-alimentaire, cultures industrielles",Côte d'Ivoire,Afrique occidentale francaise,,,"Plantations d'Élima (Société des), caféiers à Aboisso"
afrique-occidentale-plantations-d-imperie-0efeae,https://entreprises-coloniales.fr/afrique-occidentale/Plantations_d_Imperie.pdf,company,Plantations d'Impérié,"Agro-alimentaire, cultures industrielles",Côte d'Ivoire,Afrique occidentale francaise,,,"Plantations d'Impérié : palmeraies, huileries"
afrique-occidentale-plantations-de-casamance-36df49,https://entreprises-coloniales.fr/afrique-occidentale/Plantations_de_Casamance.pdf,company,"Société des Plantations de Casamance, Kolda",Industries agro-alimentaires,Sénégal,Afrique occidentale francaise,1928,1948,"Plantations de Casamance (Société des)(1928-1948), Kolda : sisal"
afrique-occidentale-plantations-de-kayes-n-di-345bf8,https://entreprises-coloniales.fr/afrique-occidentale/Plantations_de_Kayes-N_Di.pdf,company,"Société des Plantations de Kayes-N'Di, sisal",Industrie,"Soudan français (Mali, Haute-Volta — ou Burkina-Fasso — et Niger)",Afrique occidentale francaise,1928,1937,"Plantations de Kayes-N'Di (Société des)(1928-1937), sisal"
afrique-occidentale-plantations-de-la-haute-volta-c32a50,https://entreprises-coloniales.fr/afrique-occidentale/Plantations_de_la_Haute-Volta.pdf,company,"Société des Plantations de la Haute-Volta, sisal",Industrie,"Soudan français (Mali, Haute-Volta — ou Burkina-Fasso — et Niger)",Afrique occidentale francaise,1929,1937,"Plantations de la Haute-Volta (Société des)(1929-1937), sisal"
afrique-occidentale-plantations-de-sorotona-30cbc7,https://entreprises-coloniales.fr/afrique-occidentale/Plantations_de_Sorotona.pdf,company,Société des Plantations de Sorotona,"Agro-alimentaire, cultures industrielles",Côte d'Ivoire,Afrique occidentale francaise,,,Plantations de Sorotona (Société des) : caféiers
afrique-occidentale-plantations-eloka-d3b1e6,https://entreprises-coloniales.fr/afrique-occidentale/Plantations_Eloka.pdf,company,Plantations de l'Afrique occidentale à Éloka,"Agro-alimentaire, cultures industrielles",Côte d'Ivoire,Afrique occidentale francaise,,,Plantations de l'Afrique occidentale (P.A.O.) à Éloka
afrique-occidentale-plantations-exploitations-coloniales-79fd20,https://entreprises-coloniales.fr/afrique-occidentale/Plantations&exploitations_coloniales.pdf,company,"Société de Plantations et d'exploitations coloniales, Bingerville","Agro-alimentaire, cultures industrielles",Côte d'Ivoire,Afrique occidentale francaise,1919,,"Plantations et d'exploitations coloniales (Société de)(S.A., 1919-)(Plantation Pélissier), Bingerville : café, cacao, huile de palme, bois"
afrique-occidentale-plantations-guinee-francaise-ec85b6,https://entreprises-coloniales.fr/afrique-occidentale/Plantations_Guinee_francaise.pdf,company,"Plantations de la Guinée française, Sanankoroni",Agro-alimentaire,Guinée Conakry,Afrique occidentale francaise,1929,1952,"Plantations de la Guinée française (Société anonyme des)(1929-1952), Sanankoroni (cercle de Kankan) : sisal"
afrique-occidentale-plantations-tanoe-dc68e5,https://entreprises-coloniales.fr/afrique-occidentale/Plantations-Tanoe.pdf,company,"Plantations de la Tanoé, caféiers","Agro-alimentaire, cultures industrielles",Côte d'Ivoire,Afrique occidentale francaise,,,"Plantations de la Tanoé, caféiers"
afrique-occidentale-ponts-faidherbe-08349f,https://entreprises-coloniales.fr/afrique-occidentale/Ponts_Faidherbe.pdf,company,Ponts Faidherbe à Saint-Louis du Sénégal,Transports,Sénégal,Afrique occidentale francaise,,,"Ponts Faidherbe à Saint-Louis du Sénégal : le pont de bateaux (1865), le pont en fer à travée tournante (1897)"
afrique-occidentale-port-d-abidjan-5f3d68,https://entreprises-coloniales.fr/afrique-occidentale/Port_d_Abidjan.pdf,company,Port d'Abidjan-Vridi,Transports,Côte d'Ivoire,Afrique occidentale francaise,1950,,Port d'Abidjan-Vridi (1950)
afrique-occidentale-port-de-conakry-0b98a2,https://entreprises-coloniales.fr/afrique-occidentale/Port_de_Conakry.pdf,company,Port de Conakry,Transports,Guinée Conakry,Afrique occidentale francaise,,,Port de Conakry
afrique-occidentale-port-de-dakar-ac8411,https://entreprises-coloniales.fr/afrique-occidentale/Port_de_Dakar.pdf,company,Port de Dakar,Transports,Sénégal,Afrique occidentale francaise,,,Port de Dakar
afrique-occidentale-port-etienne-fondation-5e6d43,https://entreprises-coloniales.fr/afrique-occidentale/Port-Etienne_Fondation.pdf,company,Port-Étienne,Industries diverses,Mauritanie,Afrique occidentale francaise,,,"Port-Étienne (actuel Nouadhibou) : antécédents, fondation (1906), dénomination (juillet 1907), les missions du professeur Gruvel"
afrique-occidentale-ports-aof-1931-faeea5,https://entreprises-coloniales.fr/afrique-occidentale/Ports_AOF-1931.pdf,source_document,Les ports de l'Afrique occidentale française,Documents généraux (par ordre chronologique),Afrique occidentale française,Afrique occidentale francaise,,,"Les ports de l'Afrique occidentale française (Exposition coloniale de Paris, 1931)"
afrique-occidentale-ports-coloniaux-dakar-d1960d,https://entreprises-coloniales.fr/afrique-occidentale/Ports_coloniaux-Dakar.pdf,company,Société des Ports coloniaux,,Dahomey (Bénin),Afrique occidentale francaise,,,Ports coloniaux (Société des) : vaines visées sur le wharf de Cotonou
afrique-occidentale-poulaine-cote-ivoire-1935-6762e1,https://entreprises-coloniales.fr/afrique-occidentale/Poulaine-Cote_Ivoire-1935.pdf,source_document,"Côte d’Ivoire, terre promise, par Madeleine Poulaine",Documents généraux (par ordre chronologique),Côte d'Ivoire,Afrique occidentale francaise,,,"Côte d’Ivoire, terre promise, par Madeleine Poulaine (Le Temps, 1935)"
afrique-occidentale-pozzo-di-borgo-marseille-8bb353,https://entreprises-coloniales.fr/afrique-occidentale/Pozzo_di_Borgo-Marseille.pdf,company,Établissements Pozzo di Borgo,,Dahomey (Bénin),Afrique occidentale francaise,1913,1926,"Pozzo di Borgo (Établissements)(1913-1926), Marseille : Dahomey, Côte-d'Ivoire"
afrique-occidentale-ppdaof-947390,https://entreprises-coloniales.fr/afrique-occidentale/PPDAOF.pdf,company,Société des Plantations et produits dérivés de l'Afrique occidentale,Industries agro-alimentaires,Sénégal,Afrique occidentale francaise,1926,1939,"Plantations et produits dérivés de l'Afrique occidentale (Société des)(1926-1939), Dakar, Ziguinchor"
afrique-occidentale-proa-ffdae6,https://entreprises-coloniales.fr/afrique-occidentale/PROA.pdf,company,Plantations réunies de l'Ouest-Africain,"Agro-alimentaire, cultures industrielles",Côte d'Ivoire,Afrique occidentale francaise,1926,,"Plantations réunies de l'Ouest-Africain (PROA)(S.A., 1926)"
afrique-occidentale-prospection-cote-ivoire-ff19f1,https://entreprises-coloniales.fr/afrique-occidentale/Prospection_Cote-Ivoire.pdf,company,Société de Prospection de la Côte-d’Ivoire,Mines,Côte d'Ivoire,Afrique occidentale francaise,1902,1904,Prospection de la Côte-d’Ivoire (Société de)(1902-1904) : or
afrique-occidentale-qui-etes-vous-1924-aof-16f94e,https://entreprises-coloniales.fr/afrique-occidentale/Qui_etes-vous_1924-AOF.pdf,source_document,Qui êtes-vous ? 1924,Documents généraux (par ordre chronologique),Afrique occidentale française,Afrique occidentale francaise,,,Qui êtes-vous ? 1924 : AOF. Notices complétées et mises à jour.
afrique-occidentale-raymond-eychenne-7390ef,https://entreprises-coloniales.fr/afrique-occidentale/Raymond_Eychenne.pdf,company,Éts Raymond Eychenne,Commerce,Togo,Afrique occidentale francaise,1932,1951,Eychenne (Éts Raymond)(1932-1951) : import-export
afrique-occidentale-realites-boucle-du-niger-1948-bdf100,https://entreprises-coloniales.fr/afrique-occidentale/Realites-Boucle_du_Niger-1948.pdf,company,La boucle du Niger,Industrie,"Soudan français (Mali, Haute-Volta — ou Burkina-Fasso — et Niger)",Afrique occidentale francaise,,,"La boucle du Niger (Réalités, 1948)"
afrique-occidentale-rec-1910-aof-75b2a7,https://entreprises-coloniales.fr/afrique-occidentale/REC_1910-AOF.pdf,source_document,Répertoire des entreprises coloniales 1910,Documents généraux (par ordre chronologique),Afrique occidentale française,Afrique occidentale francaise,,,Répertoire des entreprises coloniales 1910 : AOF
afrique-occidentale-rech-minieres-po-tenkodogo-ee3dae,https://entreprises-coloniales.fr/afrique-occidentale/Rech._minieres_Po-Tenkodogo.pdf,company,Société de Recherches minières de Po-Tenkodogo,Mines,"Soudan français (Mali, Haute-Volta — ou Burkina-Fasso — et Niger)",Afrique occidentale francaise,1938,,Recherches minières de Po-Tenkodogo (Société de)(1938)
afrique-occidentale-recueil-stes-1900-aof-1f91bf,https://entreprises-coloniales.fr/afrique-occidentale/Recueil_stes_1900-AOF.pdf,source_document,Recueil des sociétés coloniales et maritimes,Documents généraux (par ordre chronologique),Afrique occidentale française,Afrique occidentale francaise,1900,,Recueil des sociétés coloniales et maritimes (1900) : AOF
afrique-occidentale-rouchard-saer-5d7edb,https://entreprises-coloniales.fr/afrique-occidentale/Rouchard-SAER.pdf,company,"Rouchard, puis S.A. des Éts Rouchard",Commerce,Guinée Conakry,Afrique occidentale francaise,1907,1948,"Rouchard (maison Léonce), puis S.A. des Éts Rouchard (1907-1948), Conakry : import-export"
afrique-occidentale-roux-baudrand-fr-430608,https://entreprises-coloniales.fr/afrique-occidentale/Roux-Baudrand_fr.pdf,company,"Roux-Baudrand frères, Paris, Vichy",Industries,Côte d'Ivoire,Afrique occidentale francaise,,,"Roux-Baudrand frères, Paris, Vichy, Le Havre, Bruxelles, Sassandra : parquets"
afrique-occidentale-ruee-vers-or-ivoirien-88ae73,https://entreprises-coloniales.fr/afrique-occidentale/Ruee_vers_or_ivoirien.pdf,company,La ruée vers l'or ivoirien,Mines,Côte d'Ivoire,Afrique occidentale francaise,1900,1904,La ruée vers l'or ivoirien (1900-1904) : des permis par centaines
afrique-occidentale-s-a-o-rahm-3d6d9f,https://entreprises-coloniales.fr/afrique-occidentale/S.A.O._Rahm.pdf,company,Société Commerciale et Industrielle de l’Afrique Occidentale,,Nigéria,Afrique occidentale francaise,1918,,"Commerciale et Industrielle de l’Afrique Occidentale (Société)(1918) : import-export, étain"
afrique-occidentale-sacaof-sotuba-8f1109,https://entreprises-coloniales.fr/afrique-occidentale/SACAOF-Sotuba.pdf,company,Société Agricole et Commerciale de l'Afrique Occidentale française,Industrie,"Soudan français (Mali, Haute-Volta — ou Burkina-Fasso — et Niger)",Afrique occidentale francaise,,,Agricole et Commerciale de l'Afrique Occidentale française (Société) : construction abandonnée d'une conserverie de viande à Sotuba
afrique-occidentale-sadem-abidjan-37b2b0,https://entreprises-coloniales.fr/afrique-occidentale/SADEM-Abidjan.pdf,company,Société Africaine des Eaux minérales,"Agro-alimentaire, cultures industrielles",Côte d'Ivoire,Afrique occidentale francaise,1979,,"Africaine des Eaux minérales (Société)(SADEM)(1979), Abidjan : marque AWA"
afrique-occidentale-salci-ff0ecd,https://entreprises-coloniales.fr/afrique-occidentale/Salci.pdf,company,Société Alsacienne de la Côte d’Ivoire,"Agro-alimentaire, cultures industrielles",Côte d'Ivoire,Afrique occidentale francaise,1919,,"Alsacienne de la Côte d’Ivoire (Société)(Salci)(1919), Abidjan, puis Paris : exploitation forestière, puis conserverie d'ananas"
afrique-occidentale-salins-du-cap-vert-3b2379,https://entreprises-coloniales.fr/afrique-occidentale/Salins_du_Cap_Vert.pdf,company,Salins du Cap Vert,Mines,Sénégal,Afrique occidentale francaise,1919,,"Salins du Cap Vert (S.A., 1919) : île portugaise de Sal"
afrique-occidentale-salins-du-sine-saloum-936ef8,https://entreprises-coloniales.fr/afrique-occidentale/Salins_du_Sine-Saloum.pdf,company,Salins du Sine Saloum,Mines,Sénégal,Afrique occidentale francaise,1914,,"Salins du Sine Saloum (S.A., 1914)"
afrique-occidentale-saremci-30eb26,https://entreprises-coloniales.fr/afrique-occidentale/SAREMCI.pdf,company,"Société de Recherches et d'exploitations minières de la Côte d'Ivoire, Tortiya",Mines,Côte d'Ivoire,Afrique occidentale francaise,1945,,"Recherches et d'exploitations minières de la Côte d'Ivoire (Société de)(SAREMCI)(1945), Tortiya : diamants"
afrique-occidentale-scaci-93346a,https://entreprises-coloniales.fr/afrique-occidentale/SCACI.pdf,company,Société Coloniale Agricole Commerciale et Industrielle,"Agro-alimentaire, cultures industrielles",Côte d'Ivoire,Afrique occidentale francaise,,,Coloniale Agricole Commerciale et Industrielle (Société)(SCACI) : cacao
afrique-occidentale-scaei-grand-bassam-359993,https://entreprises-coloniales.fr/afrique-occidentale/SCAEI-Grand_Bassam.pdf,company,Société Commerciale Africaine d'Exportation et d'importation,Commerce,Côte d'Ivoire,Afrique occidentale francaise,1920,,"Commerciale Africaine d'Exportation et d'importation (Société)(1920), Grand-Bassam"
afrique-occidentale-scieries-africaines-9fe119,https://entreprises-coloniales.fr/afrique-occidentale/Scieries_africaines.pdf,company,Compagnie des Scieries africaines,Industries,Côte d'Ivoire,Afrique occidentale francaise,1918,,"Scieries africaines (Compagnie des)(Anc. Éts J. Vizioz et Cie)(Scaf)(1918), Grand-Bassam"
afrique-occidentale-sciom-df1e4a,https://entreprises-coloniales.fr/afrique-occidentale/SCIOM.pdf,company,Société Commerciale et Industrielle d’Outre-Mer,Industries,Sénégal,Afrique occidentale francaise,1919,1922,Commerciale et Industrielle d’Outre-Mer (Société)(1919-1922) : décortiquage des arachides
afrique-occidentale-scpa-bouake-295783,https://entreprises-coloniales.fr/afrique-occidentale/SCPA_Bouake.pdf,company,Société Commerciale des Produits africains,Commerce,Côte d'Ivoire,Afrique occidentale francaise,1927,,"Commerciale des Produits africains (Société)(1927), Bouaké"
afrique-occidentale-seemaf-a72274,https://entreprises-coloniales.fr/afrique-occidentale/SEEMAF.pdf,company,"Société d'Exploration et d'exploitation minières de l’Afrique française, puis Essika",Mines,Côte d'Ivoire,Afrique occidentale francaise,1902,,"Exploration et d'exploitation minières de l’Afrique française (Société d')(1902), puis Essika (1909) : or"
afrique-occidentale-sekou-watara-e1652f,https://entreprises-coloniales.fr/afrique-occidentale/Sekou_Watara.pdf,source_document,"Sékou Watara, roi de Kong",Documents généraux (par ordre chronologique),Côte d'Ivoire,Afrique occidentale francaise,1710,1745,"Sékou Watara, roi de Kong (1710-1745)"
afrique-occidentale-semaf-guinee-24a8f0,https://entreprises-coloniales.fr/afrique-occidentale/SEMAF-Guinee.pdf,company,Société d’Études minières de l’Afrique française,Mines,Guinée Conakry,Afrique occidentale francaise,1912,1923,Études minières de l’Afrique française (Société d’)(SEMAF)(1912-1923)
afrique-occidentale-semci-473c49,https://entreprises-coloniales.fr/afrique-occidentale/SEMCI.pdf,company,Société d'Études minières de la Côte-d'Ivoire,Mines,Côte d'Ivoire,Afrique occidentale francaise,1929,1936,Études minières de la Côte-d'Ivoire (Société d')(Semci)(1929-1936)
afrique-occidentale-senegal-mazout-dda7f8,https://entreprises-coloniales.fr/afrique-occidentale/Senegal-Mazout.pdf,company,Sénégal,Transports,Sénégal,Afrique occidentale francaise,1909,,"Sénégal (S.A., 1909), Dakar : ravitaillement des navires en combustibles (houille, mazout)"
afrique-occidentale-senegalaise-late-mengue-055eec,https://entreprises-coloniales.fr/afrique-occidentale/Senegalaise-Late-Mengue.pdf,company,Société Sénégalaise de Cultures Late-Mengué,Industries agro-alimentaires,Sénégal,Afrique occidentale francaise,,,"Sénégalaise de Cultures Late-Mengué (Société) : manioc, arachides, sisal"
afrique-occidentale-senegalaise-voies-economiques-99f44c,https://entreprises-coloniales.fr/afrique-occidentale/Senegalaise_voies_economiques.pdf,company,Compagnie Sénégalaise de voies économiques,Transports,Sénégal,Afrique occidentale francaise,1914,,"Sénégalaise de voies économiques (Compagnie)(S.A., 1914), Rufisque"
afrique-occidentale-setao-abidjan-1158d7,https://entreprises-coloniales.fr/afrique-occidentale/SETAO-Abidjan.pdf,company,Société d'Études et de travaux pour l’Afrique Occidentale,Industries,Côte d'Ivoire,Afrique occidentale francaise,1950,,"Études et de travaux pour l’Afrique Occidentale (Société d')(SETAO)(1950), Abidjan"
afrique-occidentale-sfci-fraissinet-7390be,https://entreprises-coloniales.fr/afrique-occidentale/SFCI-Fraissinet.pdf,company,Société Française de la Côte d'Ivoire,Commerce,Côte d'Ivoire,Afrique occidentale francaise,1894,1897,Française de la Côte d'Ivoire (Société)(Adrien Fraissinet et Compagnie)(1894-1897)
afrique-occidentale-sfpco-1914-71c2ec,https://entreprises-coloniales.fr/afrique-occidentale/SFPCO-1914.pdf,company,Société française des Pêcheries de la Côte-d'Ivoire,"Agro-alimentaire, cultures industrielles",Côte d'Ivoire,Afrique occidentale francaise,1914,,Pêcheries de la Côte-d'Ivoire (Société française des)(1914) : sur la lagune Ebrié et au large de Port-Bouët
afrique-occidentale-sggg-togo-db061e,https://entreprises-coloniales.fr/afrique-occidentale/SGGG-Togo.pdf,company,Société générale du Golfe de Guinée,Commerce,Togo,Afrique occidentale francaise,,,"Société générale du Golfe de Guinée, Lomé"
afrique-occidentale-sgofa-maurin-de3c9d,https://entreprises-coloniales.fr/afrique-occidentale/SGOFA-Maurin.pdf,company,Société Générale de l’Ouest franco-africain,Transports,Sénégal,Afrique occidentale francaise,1900,,Générale de l’Ouest franco-africain (Société)(Anciens Établissements E. Maurin et Cie)(1900)
afrique-occidentale-siacam-d38755,https://entreprises-coloniales.fr/afrique-occidentale/SIACAM.pdf,company,"Société Industrielle, Agricole et Commerciale de l'Afrique occidentale française « Afrique et métropole »",Commerce,Côte d'Ivoire,Afrique occidentale francaise,,,"Industrielle, Agricole et Commerciale de l'Afrique occidentale française (Société)(SIACAM) « Afrique et métropole »"
afrique-occidentale-sicagf-8a8462,https://entreprises-coloniales.fr/afrique-occidentale/SICAGF.pdf,company,"Société Industrielle, Commerciale et Agricole de la Guinée Française",Commerce,Guinée Conakry,Afrique occidentale francaise,1922,1923,"Industrielle, Commerciale et Agricole de la Guinée Française (Société)(1922-1923)"
afrique-occidentale-silico-calcaire-africaine-3829f4,https://entreprises-coloniales.fr/afrique-occidentale/Silico-Calcaire_africaine.pdf,company,La Silico-Calcaire africaine,Industries,Sénégal,Afrique occidentale francaise,,,"Silico-Calcaire africaine (La), Dakar : chaux"
afrique-occidentale-siph-ghana-ac7a23,https://entreprises-coloniales.fr/afrique-occidentale/SIPH-Ghana.pdf,company,SIPH-Ghana,"Agro-alimentaire, cultures industrielles",Côte d'Ivoire,Afrique occidentale francaise,,,SIPH-Ghana
afrique-occidentale-siph-liberia-a3c80c,https://entreprises-coloniales.fr/afrique-occidentale/SIPH-Liberia.pdf,company,SIPH-Liberia,"Agro-alimentaire, cultures industrielles",Côte d'Ivoire,Afrique occidentale francaise,,,SIPH-Liberia
afrique-occidentale-siph-nigeria-5bfed8,https://entreprises-coloniales.fr/afrique-occidentale/SIPH-Nigeria.pdf,company,SIPH-Nigeria,"Agro-alimentaire, cultures industrielles",Côte d'Ivoire,Afrique occidentale francaise,,,SIPH-Nigeria
afrique-occidentale-siph-saph-5a5cde,https://entreprises-coloniales.fr/afrique-occidentale/SIPH-SAPH.pdf,company,Société africaine de plantations d'hévéas,"Agro-alimentaire, cultures industrielles",Côte d'Ivoire,Afrique occidentale francaise,,,Société africaine de plantations d'hévéas (SAPH) : plantations à Toupah et Bongo
afrique-occidentale-sisaleraies-carburants-afr-9e342c,https://entreprises-coloniales.fr/afrique-occidentale/Sisaleraies+carburants_afr.pdf,company,Sisaleraies et carburants africains,Industrie,"Soudan français (Mali, Haute-Volta — ou Burkina-Fasso — et Niger)",Afrique occidentale francaise,1928,,Sisaleraies et carburants africains (1928)
afrique-occidentale-smaci-9cbbed,https://entreprises-coloniales.fr/afrique-occidentale/SMACI.pdf,company,"Société Minière et Agricole de Marcory, puis Minière et Agricole de la Côte-d'Ivoire","Agro-alimentaire, cultures industrielles",Côte d'Ivoire,Afrique occidentale francaise,1924,,"Minière et Agricole de Marcory (1924), puis Minière et Agricole de la Côte-d'Ivoire (Société)(SMAC)(1928-1934) : huilerie de palme sur l'île de Petit-Bassam (concession Tourillon de 1915)"
afrique-occidentale-smith-krafft-dakar-b8c536,https://entreprises-coloniales.fr/afrique-occidentale/Smith&Krafft-Dakar.pdf,company,Smith et Krafft,Transports,Sénégal,Afrique occidentale francaise,,,"Smith et Krafft (S.N.C., 1931), Dakar : agence maritime, import-export, camionnage…"
afrique-occidentale-snoa-dakar-b77097,https://entreprises-coloniales.fr/afrique-occidentale/SNOA-Dakar.pdf,company,Société Navale de l’Ouest-africain,Transports,Sénégal,Afrique occidentale francaise,1947,,"Navale de l’Ouest-africain (Société)(S.A., 1947), Dakar"
afrique-occidentale-soaem-dakar-e47457,https://entreprises-coloniales.fr/afrique-occidentale/SOAEM-Dakar.pdf,company,Société Ouest-Africaine d’Entreprises maritimes,Transports,Sénégal,Afrique occidentale francaise,1941,1952,"Ouest-Africaine d’Entreprises maritimes (Société)(SOAEM)(1941-1952), Dakar"
afrique-occidentale-sobebra-0fc6a1,https://entreprises-coloniales.fr/afrique-occidentale/SOBEBRA.pdf,company,"Société Béninoise de Brasserie, puis Béninoise de Boissons gazeuses",,Dahomey (Bénin),Afrique occidentale francaise,1992,,"Béninoise de Brasserie (Société)(SOBEBRA)(1992), puis Béninoise de Boissons gazeuses (mai 2023), Cotonou"
afrique-occidentale-soboa-665814,https://entreprises-coloniales.fr/afrique-occidentale/SOBOA.pdf,company,Société des Brasseries de l'Ouest Africain,Industries agro-alimentaires,Sénégal,Afrique occidentale francaise,1928,,"Brasseries de l'Ouest Africain (Société des)(SOBOA)(1928), Dakar"
afrique-occidentale-soboci-abidjan-2f0bd0,https://entreprises-coloniales.fr/afrique-occidentale/SOBOCI-Abidjan.pdf,company,Société des Boissons hygiéniques de Côte d'Ivoire,"Agro-alimentaire, cultures industrielles",Côte d'Ivoire,Afrique occidentale francaise,1949,,"Boissons hygiéniques de Côte d'Ivoire (Société des)(SOBOCI)(1949), Abidjan : Coca-cola, Fanta, Sprite, Youki, Judor, Spark, sirops La Gazelle"
afrique-occidentale-sobragui-5f0096,https://entreprises-coloniales.fr/afrique-occidentale/SOBRAGUI.pdf,company,Société de Brasserie de Guinée,Agro-alimentaire,Guinée Conakry,Afrique occidentale francaise,1958,,"Brasserie de Guinée (Société de)(SOBRAGUI)(1958), Conakry : suite d'une chaîne d'embouteillage de la SOBOA, Dakar"
afrique-occidentale-soc-auriferes-ci-1903-6864dc,https://entreprises-coloniales.fr/afrique-occidentale/Soc._auriferes_CI-1903.pdf,source_document,Sociétés aurifères en Côte-d'Ivoire,Mines,Côte d'Ivoire,Afrique occidentale francaise,1903,,"Sociétés aurifères en Côte-d'Ivoire (1903) : 28 françaises, 17 anglaises. Notices. La Côte-d'Ivoire en 1908, par Francis Dortet"
afrique-occidentale-soc-commerciale-casamance-09acac,https://entreprises-coloniales.fr/afrique-occidentale/Soc._commerciale_Casamance.pdf,company,"Société Commerciale de la Casamance, puis Commerciale Soller",Commerce,Sénégal,Afrique occidentale francaise,1901,,"Commerciale de la Casamance (Société)(1901), puis Commerciale Soller (Société)(1909)"
afrique-occidentale-soc-commerciale-du-dahomey-53a45e,https://entreprises-coloniales.fr/afrique-occidentale/Soc._commerciale_du_Dahomey.pdf,company,Société Commerciale du Dahomey,,Dahomey (Bénin),Afrique occidentale francaise,1926,1930,Commerciale du Dahomey (Société)(1926-1930)
afrique-occidentale-soc-du-coton-africain-0766ec,https://entreprises-coloniales.fr/afrique-occidentale/Soc._du_coton_africain.pdf,company,"Société du Coton africain, puis Coton et des textiles africains",Industrie,"Soudan français (Mali, Haute-Volta — ou Burkina-Fasso — et Niger)",Afrique occidentale francaise,1925,,"Coton africain (Société du)(1925), puis Coton et des textiles africains (Société du)(1927-1928)"
afrique-occidentale-soc-etudes-colonies-frses-27cebe,https://entreprises-coloniales.fr/afrique-occidentale/Soc._etudes_colonies_frses.pdf,company,Société d'Études des colonies françaises,Mines,Côte d'Ivoire,Afrique occidentale francaise,,,Études des colonies françaises (Société d') : recherches aurifères
afrique-occidentale-soc-etudes-irrig-vallee-niger-35c429,https://entreprises-coloniales.fr/afrique-occidentale/Soc._etudes_irrig._vallee_Niger.pdf,company,Compagnie générale des colonies Société d'études pour l'irrigation de la vallée du Niger,Industrie,"Soudan français (Mali, Haute-Volta — ou Burkina-Fasso — et Niger)",Afrique occidentale francaise,,,Société d'études pour l'irrigation de la vallée du Niger (Compagnie générale des colonies)
afrique-occidentale-soc-frse-exploration-afric-3a25e1,https://entreprises-coloniales.fr/afrique-occidentale/Soc._frse_exploration_afric.pdf,company,Société Française d'Exploration africaine,Mines,Côte d'Ivoire,Afrique occidentale francaise,1901,1909,Française d'Exploration africaine (Société)(1901-1909) : or
afrique-occidentale-soc-frse-exploration-coloniale-74fc3a,https://entreprises-coloniales.fr/afrique-occidentale/Soc._frse_exploration_coloniale.pdf,company,Société Française d'Exploration coloniale,Mines,Côte d'Ivoire,Afrique occidentale francaise,1898,1903,Française d'Exploration coloniale (Société)(1898-1903) : or
afrique-occidentale-soc-generale-electricite-bamako-b8aefd,https://entreprises-coloniales.fr/afrique-occidentale/Soc._generale_electricite-Bamako.pdf,company,"Société Générale d'électricité, Bamako, Ségou",Industrie,"Soudan français (Mali, Haute-Volta — ou Burkina-Fasso — et Niger)",Afrique occidentale francaise,,,"Générale d'électricité (Société), Bamako, Ségou"
afrique-occidentale-soc-immobiliere-de-thies-7a0222,https://entreprises-coloniales.fr/afrique-occidentale/Soc._immobiliere_de_Thies.pdf,company,"Société Immobilière de Thiès, puis Établissements français de l’Ouest-Africain",Foncier et immobilier,Sénégal,Afrique occidentale francaise,1921,1925,"Immobilière de Thiès (Société)(1921-1925), puis Établissements français de l’Ouest-Africain (1925-1931)"
afrique-occidentale-soc-immobiliere-du-senegal-118f2e,https://entreprises-coloniales.fr/afrique-occidentale/Soc._immobiliere_du_Senegal.pdf,company,Société Immobilière du Sénégal,Foncier et immobilier,Sénégal,Afrique occidentale francaise,1929,,"Immobilière du Sénégal (Société)(S.A., 1929), Dakar"
afrique-occidentale-soc-miniere-de-kemon-953248,https://entreprises-coloniales.fr/afrique-occidentale/Soc._miniere_de_Kemon.pdf,company,Société Minière de Kémon,Mines,"Soudan français (Mali, Haute-Volta — ou Burkina-Fasso — et Niger)",Afrique occidentale francaise,,,Minière de Kémon (Société) : exploitations aurifères
afrique-occidentale-soc-miniere-du-niger-frs-c8e173,https://entreprises-coloniales.fr/afrique-occidentale/Soc._miniere_du Niger_frs.pdf,company,Société Minière du Niger français,Mines,Guinée Conakry,Afrique occidentale francaise,1926,,Minière du Niger français (Société)(1926)
afrique-occidentale-societe-agricole-africaine-cd7d47,https://entreprises-coloniales.fr/afrique-occidentale/Societe_agricole_africaine.pdf,company,Société Agricole Africaine,"Agro-alimentaire, cultures industrielles",Côte d'Ivoire,Afrique occidentale francaise,1928,1932,"Agricole Africaine (Société)(1928-1932) : huile de palme, bananes…"
afrique-occidentale-societe-d-anyama-e31aff,https://entreprises-coloniales.fr/afrique-occidentale/Societe_d_Anyama.pdf,company,Société d'Anyama,Industries,Côte d'Ivoire,Afrique occidentale francaise,1909,1912,Anyama (Société d')(1909-1912) : concessions forestières et agricoles
afrique-occidentale-societe-de-bamako-502db2,https://entreprises-coloniales.fr/afrique-occidentale/Societe_de_Bamako.pdf,company,Société de Bamako,Commerce,"Soudan français (Mali, Haute-Volta — ou Burkina-Fasso — et Niger)",Afrique occidentale francaise,1909,1949,"Société de Bamako (1909-1949) : transports sur le Haut-Niger, comptoirs"
afrique-occidentale-societe-du-koba-923fb7,https://entreprises-coloniales.fr/afrique-occidentale/Societe_du_Koba.pdf,company,"Société du Koba, Tatéma",Agro-alimentaire,Guinée Conakry,Afrique occidentale francaise,1934,1951,"Koba (Société du)(1934-1951), Tatéma : bananeraie (728 hectares)"
afrique-occidentale-societe-francaise-de-petrole-limited-08a75f,https://entreprises-coloniales.fr/afrique-occidentale/Societe_francaise_de_petrole_Limited.pdf,company,Société Française de pétrole Limited,Mines,Côte d'Ivoire,Afrique occidentale francaise,1905,,"Française de pétrole Limited (Société)(1905), Londres : forages à Eboinda (Côte d'Ivoire) et à Samkita (Gabon)"
afrique-occidentale-societe-france-senegal-c1e138,https://entreprises-coloniales.fr/afrique-occidentale/Societe_France-Senegal.pdf,company,Société France-Sénégal,Commerce,Sénégal,Afrique occidentale francaise,1927,,"France-Sénégal (Société)(S.A. 1927)(Anc. Éts Compain et Turbert), Dakar : import-export"
afrique-occidentale-societe-industrielle-africaine-600da2,https://entreprises-coloniales.fr/afrique-occidentale/Societe_industrielle_africaine.pdf,company,Société Industrielle Africaine,Industries agro-alimentaires,Sénégal,Afrique occidentale francaise,1919,1925,"Industrielle Africaine (Société)(1919-1925), Rufisque : décorticage des arachides"
afrique-occidentale-societe-palme-cotonou-550f35,https://entreprises-coloniales.fr/afrique-occidentale/Societe_Palme-Cotonou.pdf,company,Société Palme,,Dahomey (Bénin),Afrique occidentale francaise,1932,,"Société Palme (1932), Cotonou : transport en vrac de l'huile de palme"
afrique-occidentale-socopao-c712f0,https://entreprises-coloniales.fr/afrique-occidentale/SOCOPAO.pdf,company,"Société Commerciale des Ports africains, Dakar, Abidjan, Douala. Manutention, consignation, transit, charbons…",Transports,Sénégal,Afrique occidentale francaise,1926,,"Commerciale des Ports africains (Société)(SOCOPAO)(S.A., 1926), Dakar, Abidjan, Douala. Manutention, consignation, transit, charbons…"
afrique-occidentale-socosac-dakar-7e853a,https://entreprises-coloniales.fr/afrique-occidentale/SOCOSAC-Dakar.pdf,company,"Société Coloniale du sac, puis Société commerciale et industrielle du sac",Industries,Sénégal,Afrique occidentale francaise,1938,,"Coloniale du sac (Société)(SOCOSAC)(S.A., 1938), puis Société commerciale et industrielle du sac, Dakar"
afrique-occidentale-sofabecao-39e711,https://entreprises-coloniales.fr/afrique-occidentale/Sofabecao.pdf,company,"Fabrication du beurre de cacao, Abidjan-Dimbroko","Agro-alimentaire, cultures industrielles",Côte d'Ivoire,Afrique occidentale francaise,1950,1956,"Fabrication du beurre de cacao (Société anonyme pour la)(Sofabecao)(1950-1956), Abidjan-Dimbroko"
afrique-occidentale-sogetra-dakar-07dbed,https://entreprises-coloniales.fr/afrique-occidentale/SOGETRA-Dakar.pdf,company,Société Générale de Travaux africains,Industries,Sénégal,Afrique occidentale francaise,1941,,"Générale de Travaux africains (Société)(Sogetra)(S.A., 1941), Dakar"
afrique-occidentale-soguinex-415099,https://entreprises-coloniales.fr/afrique-occidentale/Soguinex.pdf,company,Société Guinéenne de Recherches et d'exploitations minières,Mines,Guinée Conakry,Afrique occidentale francaise,1936,,"Guinéenne de Recherches et d'exploitations minières (Société)(Soguinex)(1936), Dakar : diamants"
afrique-occidentale-solibra-abidjan-6dca5c,https://entreprises-coloniales.fr/afrique-occidentale/Solibra-Abidjan.pdf,company,"Société des Limonaderies et glaces d’Abidjan, Limonaderies et brasseries d’Afrique, Limonaderies et boissons rafraîchissantes d’Afrique","Agro-alimentaire, cultures industrielles",Côte d'Ivoire,Afrique occidentale francaise,1955,,"Limonaderies et glaces d’Abidjan (Soliglace)(1955), Limonaderies et brasseries d’Afrique (Solibra)(1960), Limonaderies et boissons rafraîchissantes d’Afrique (Société des)(juin 2023)"
afrique-occidentale-somair-uranium-356b41,https://entreprises-coloniales.fr/afrique-occidentale/Somair-uranium.pdf,company,"Société des Mines de l'Aïr, Niger",Mines,"Soudan français (Mali, Haute-Volta — ou Burkina-Fasso — et Niger)",Afrique occidentale francaise,,,"Mines de l'Aïr (Société des)(Somaïr), Niger : uranium"
afrique-occidentale-soremac-51f132,https://entreprises-coloniales.fr/afrique-occidentale/SOREMAC.pdf,company,Société de Recherches et d'études minières pour l'Afrique centrale,Mines,Côte d'Ivoire,Afrique occidentale francaise,,,"Recherches et d'études minières pour l'Afrique centrale (Société de)(SOREMAC)(vers 1947), Abidjan"
afrique-occidentale-soudan-niger-ee05c3,https://entreprises-coloniales.fr/afrique-occidentale/Soudan-Niger.pdf,company,Compagnie du Soudan-Niger,Commerce,"Soudan français (Mali, Haute-Volta — ou Burkina-Fasso — et Niger)",Afrique occidentale francaise,1927,1932,"Soudan-Niger (Compagnie du)(1927-1932), Kayes : ancienne société en commandite simple Chevalier, Guiho et Cie"
afrique-occidentale-sovinci-abidjan-cf4979,https://entreprises-coloniales.fr/afrique-occidentale/SOVINCI-Abidjan.pdf,company,Société des Vins de la Côte d'Ivoire,"Agro-alimentaire, cultures industrielles",Côte d'Ivoire,Afrique occidentale francaise,1952,,"Vins de la Côte d'Ivoire (Société des)(SOVINCI)(S.A., 1952), Abidjan"
afrique-occidentale-sovobra-3376f8,https://entreprises-coloniales.fr/afrique-occidentale/SOVOBRA.pdf,company,"Société Voltaïque de brasseries, puis Burkinabè de Brasserie",Industrie,"Soudan français (Mali, Haute-Volta — ou Burkina-Fasso — et Niger)",Afrique occidentale francaise,1974,,"Voltaïque de brasseries (Société)(SOVOBRA)(1974), puis Burkinabè de Brasserie (SOBBRA)(1984-1992), Ouagadougou"
afrique-occidentale-sphb-2c4d56,https://entreprises-coloniales.fr/afrique-occidentale/SPHB.pdf,company,Société des Plantations et huileries de Bingerville,"Agro-alimentaire, cultures industrielles",Côte d'Ivoire,Afrique occidentale francaise,1926,,"Plantations et huileries de Bingerville (Société des)(S.A., 1926)"
afrique-occidentale-srmao-b3f4b5,https://entreprises-coloniales.fr/afrique-occidentale/SRMAO.pdf,company,Société de Recherches minières de l'Afrique Occidentale,Mines,Guinée Conakry,Afrique occidentale francaise,1909,,Recherches minières de l'Afrique Occidentale (Société de)(1909)
afrique-occidentale-ste-immobiliere-financ-afr-1e54ab,https://entreprises-coloniales.fr/afrique-occidentale/Ste_immobiliere+financ._afr.pdf,company,Société Immobilière et financière africaine,Banque,Sénégal,Afrique occidentale francaise,,,Immobilière et financière africaine (Société)(SIFA)
afrique-occidentale-syndicat-ouest-africain-03051c,https://entreprises-coloniales.fr/afrique-occidentale/Syndicat_Ouest-Africain.pdf,company,Syndicat Ouest-Africain,Mines,Côte d'Ivoire,Afrique occidentale francaise,,,Syndicat Ouest-Africain (nov. 1901)
afrique-occidentale-syndicat-soudan-francais-d57315,https://entreprises-coloniales.fr/afrique-occidentale/Syndicat_Soudan_francais.pdf,company,Syndicat du Soudan français,Commerce,"Soudan français (Mali, Haute-Volta — ou Burkina-Fasso — et Niger)",Afrique occidentale francaise,1889,1914,Syndicat du Soudan français (1889-1914)
afrique-occidentale-technique-exploitation-bananiere-ad9d07,https://entreprises-coloniales.fr/afrique-occidentale/Technique_Exploitation_bananiere.pdf,company,Société Technique d'Exploitation bananiere,Agro-alimentaire,Guinée Conakry,Afrique occidentale francaise,,,"Technique d'Exploitation bananiere (Société), Linsan"
afrique-occidentale-tonic-afric-dakar-5dda05,https://entreprises-coloniales.fr/afrique-occidentale/Tonic_Afric-Dakar.pdf,company,Tonic Afric,Industries agro-alimentaires,Sénégal,Afrique occidentale francaise,1958,,"Tonic Afric (S.A., 1958), Dakar : bières Pélican, Pepsi, Schweppes, O.K. Tip Top"
afrique-occidentale-tractor-dakar-35d346,https://entreprises-coloniales.fr/afrique-occidentale/Tractor-Dakar.pdf,company,"Tractor, Bordeaux-Paris-Dakar",Commerce,Sénégal,Afrique occidentale francaise,,,"Tractor (Anciennement Société Malleville et Pigeon), Bordeaux-Paris-Dakar : machinisme agricole"
afrique-occidentale-transit-de-grand-lahou-2b065c,https://entreprises-coloniales.fr/afrique-occidentale/Transit_de_Grand-Lahou.pdf,company,Société de Transit de Grand-Lahou,Transports,Côte d'Ivoire,Afrique occidentale francaise,1925,,Transit de Grand-Lahou (Société de)(1925)
afrique-occidentale-transports-afrique-occidentale-232be3,https://entreprises-coloniales.fr/afrique-occidentale/Transports_Afrique_Occidentale.pdf,company,Société des Transports de l'Afrique occidentale,Transports,Sénégal,Afrique occidentale francaise,1926,1938,Transports de l'Afrique occidentale (Société des)(1926-1938)
afrique-occidentale-transports-automobiles-soudan-b3016b,https://entreprises-coloniales.fr/afrique-occidentale/Transports_automobiles_Soudan.pdf,company,Transports par automobiles au Soudan français,Transports,"Soudan français (Mali, Haute-Volta — ou Burkina-Fasso — et Niger)",Afrique occidentale francaise,,,Transports par automobiles au Soudan français
afrique-occidentale-transports-et-remorquages-africains-9ba987,https://entreprises-coloniales.fr/afrique-occidentale/Transports_et_remorquages_africains.pdf,company,Transports et remorquages africains,,Dahomey (Bénin),Afrique occidentale francaise,1928,1931,"Transports et remorquages africains(1928-1931), Paris, Porto-Novo"
afrique-occidentale-travaux-ouest-africain-838519,https://entreprises-coloniales.fr/afrique-occidentale/Travaux_Ouest-Africain.pdf,person,Travaux de l'Ouest-Africain,Industrie,"Soudan français (Mali, Haute-Volta — ou Burkina-Fasso — et Niger)",Afrique occidentale francaise,,,Travaux de l'Ouest-Africain (S.A. des)(1928-ca 1948)
afrique-occidentale-treich-laplene-marcel-d42203,https://entreprises-coloniales.fr/afrique-occidentale/Treich-Laplene_Marcel.pdf,source_document,Treich-Laplène,Documents généraux (par ordre chronologique),Côte d'Ivoire,Afrique occidentale francaise,1860,1890,"Treich-Laplène (Marcel)(1860-1890) : explorateur du pays de Kong, résident de Grand-Bassam"
afrique-occidentale-tropicale-gyrafrique-0a9564,https://entreprises-coloniales.fr/afrique-occidentale/Tropicale_Gyrafrique.pdf,company,Compagnie Tropicale Gyrafrique,Transports,Guinée Conakry,Afrique occidentale francaise,1957,,"Tropicale Gyrafrique (Compagnie)(S.A., 1957), Conakry"
afrique-occidentale-tsf-en-aof-ee1536,https://entreprises-coloniales.fr/afrique-occidentale/TSF_en_AOF.pdf,source_document,Les Débuts de la télégraphie sans fil en A.O.F.,Documents généraux (par ordre chronologique),Afrique occidentale française,Afrique occidentale francaise,1912,,Les Débuts de la télégraphie sans fil (TSF) en A.O.F. (1912)
afrique-occidentale-un-coloniale-d-electricite-d60206,https://entreprises-coloniales.fr/afrique-occidentale/Un._coloniale_d_electricite.pdf,company,Union coloniale d'électricité,Industries,Côte d'Ivoire,Afrique occidentale francaise,1929,1935,"Union coloniale d'électricité (1929-1935) : Bamako, Abidjan"
afrique-occidentale-un-tropicale-plant-db7aeb,https://entreprises-coloniales.fr/afrique-occidentale/Un._tropicale_plant.pdf,company,"Union tropicale de plantations, Grand-Dewin, puis Union tropicale de participations et Union de titres et de particiaptions","Agro-alimentaire, cultures industrielles",Côte d'Ivoire,Afrique occidentale francaise,1928,,"Union tropicale de plantations (1928), Grand-Dewin, puis Union tropicale de participations et Union de titres et de particiaptions (1960), Djibouti"
afrique-occidentale-unicomer-8e60ca,https://entreprises-coloniales.fr/afrique-occidentale/Unicomer.pdf,company,Union des comptoirs d'outre-mer,Commerce,Guinée Conakry,Afrique occidentale francaise,,,"Union des comptoirs d'outre-mer (Unicomer), Conakry : import-export"
afrique-occidentale-union-bananiere-de-guinee-dbe48a,https://entreprises-coloniales.fr/afrique-occidentale/Union_bananiere_de_Guinee.pdf,company,Union bananière de Guinée,Agro-alimentaire,Guinée Conakry,Afrique occidentale francaise,1932,,"Union bananière de Guinée (S.A., 1932) : bananes"
afrique-occidentale-union-coloniale-afrique-occidentale-e24d3f,https://entreprises-coloniales.fr/afrique-occidentale/Union_coloniale_Afrique_occidentale.pdf,company,Union coloniale de l'Afrique Occidentale,Commerce,Côte d'Ivoire,Afrique occidentale francaise,1921,,"Union coloniale de l'Afrique Occidentale (S.A, 1921), Bordeaux : comptoirs à Bouaké, Béoumi et Katiola"
afrique-occidentale-union-entreprises-coloniales-b7171a,https://entreprises-coloniales.fr/afrique-occidentale/Union_entreprises_coloniales.pdf,company,Union d'entreprises coloniales,Industries,Côte d'Ivoire,Afrique occidentale francaise,1931,,"Union d'entreprises coloniales (UDEC)(S.A., 1931), Abidjan"
afrique-occidentale-usima-78c4fa,https://entreprises-coloniales.fr/afrique-occidentale/USIMA.pdf,company,Union sénégalaise d'industries maritimes,Transports,Sénégal,Afrique occidentale francaise,1936,,"Union sénégalaise d'industries maritimes (Usima)(S.A., 1936), Dakar"
afrique-occidentale-van-leer-vridi-d58107,https://entreprises-coloniales.fr/afrique-occidentale/Van_Leer-Vridi.pdf,company,"Établissements Van Leer, Vridi",Industries,Côte d'Ivoire,Afrique occidentale francaise,,,"Van Leer (Établissements), Vridi (Abidjan) : fûts métalliques"
afrique-occidentale-vincent-goux-dakar-362c28,https://entreprises-coloniales.fr/afrique-occidentale/Vincent_Goux-Dakar.pdf,company,Établissements Vincent Goux,Industries agro-alimentaires,Sénégal,Afrique occidentale francaise,1927,,"Vincent Goux (Établissements)(S.A., 1927), Dakar : huilerie"
afrique-occidentale-vivet-cote-d-ivoire-1946-0c23d4,https://entreprises-coloniales.fr/afrique-occidentale/Vivet_Cote-d'Ivoire-1946.pdf,source_document,"Côte d'Ivoire, par Jean-Pierre Vivet",Documents généraux (par ordre chronologique),Côte d'Ivoire,Afrique occidentale francaise,,,"Côte d'Ivoire, par Jean-Pierre Vivet (Combat, 20-26 juillet 1946) : forestiers et planteurs face à l'abolition du travail forcé"
afrique-occidentale-voyage-millies-lacroix-aof-47eef7,https://entreprises-coloniales.fr/afrique-occidentale/Voyage_Millies-Lacroix_AOF.pdf,source_document,"Le voyage en A.O.F. de Milliès-Lacroix, ministre des colonies",Documents généraux (par ordre chronologique),Afrique occidentale française,Afrique occidentale francaise,,,"Le voyage en A.O.F. de Milliès-Lacroix, ministre des colonies (13 avril-21 mai 1908) : Sénégal, Côte-d'Ivoire, Dahomey, Guinée. Cartes postales de la collection Jacques Bobée. 117 pages"
afrique-occidentale-wharf-de-cotonou-1891-1902-f0c7a2,https://entreprises-coloniales.fr/afrique-occidentale/Wharf_de_Cotonou_1891-1902.pdf,company,Société française du Wharf de Cotonou,,Dahomey (Bénin),Afrique occidentale francaise,1891,1902,Wharf de Cotonou (Société française du)(1891-1902)
afrique-occidentale-wharf-de-cotonou-30c144,https://entreprises-coloniales.fr/afrique-occidentale/Wharf_de_Cotonou.pdf,company,Wharf de Cotonou,,Dahomey (Bénin),Afrique occidentale francaise,1910,1930,Wharf de Cotonou (1910-1930)
afrique-occidentale-wharf-port-bouet-56ae1c,https://entreprises-coloniales.fr/afrique-occidentale/Wharf_Port-Bouet.pdf,company,Wharf de Port-Bouët et précédents ouvrages emportés par les tempêtes,Transports,Côte d'Ivoire,Afrique occidentale francaise,1930,,Wharf de Port-Bouët (1930) et précédents ouvrages emportés par les tempêtes
afrique-occidentale-wharfs-grand-bassam-2c6aaf,https://entreprises-coloniales.fr/afrique-occidentale/Wharfs_Grand-Bassam.pdf,company,Wharfs de Grand-Bassam,Transports,Côte d'Ivoire,Afrique occidentale francaise,,,Wharfs de Grand-Bassam (1901 et 1922)
afrique-occidentale-yamoussoukro-quatrieme-capitale-b5c5cf,https://entreprises-coloniales.fr/afrique-occidentale/Yamoussoukro-quatrieme_capitale.pdf,source_document,"Yamoussoukro, quatrième capitale de la Côte-d'Ivoire, par le texte et par l'image. Illustrations réunies par Jacques Bobée",Documents généraux (par ordre chronologique),Côte d'Ivoire,Afrique occidentale francaise,1983,,"Yamoussoukro, quatrième capitale de la Côte-d'Ivoire (1983), par le texte et par l'image. Illustrations réunies par Jacques Bobée"
afrique-occidentale-yaoure-a-bouafle-db7caf,https://entreprises-coloniales.fr/afrique-occidentale/Yaoure_a_Bouafle.pdf,company,Société des Mines d'or de Yaouré à Bouaflé,Mines,Côte d'Ivoire,Afrique occidentale francaise,1935,,Mines d'or de Yaouré à Bouaflé (Société des)(1935)
afrique-occidentale-yonia-kolente-b0526f,https://entreprises-coloniales.fr/afrique-occidentale/Yonia-Kolente.pdf,company,La Yonia-Kolenté,Agro-alimentaire,Guinée Conakry,Afrique occidentale francaise,1929,,"Yonia-Kolenté (La)(S.A., 1929) : bananes"
inde-indochine-coloniale-d-exportation-757d29,https://entreprises-coloniales.fr/inde-indochine/Coloniale_d_Exportation.pdf,company,"Cie Coloniale d'Exportation, Guinée Conakry, Guinée Bissau, Casamance…",Commerce,Guinée Conakry,Afrique occidentale francaise,1896,1915,"Coloniale d'Exportation (Cie)(1896-1915), Guinée Conakry, Guinée Bissau, Casamance…"
inde-indochine-cultures-d-extreme-orient-891b7c,https://entreprises-coloniales.fr/inde-indochine/Cultures_d_Extreme-Orient.pdf,company,"Cie française des Cultures d'Extrême-Orient et d'Afrique, puis Compagnie générale africaine","Agro-alimentaire, cultures industrielles",Côte d'Ivoire,Afrique occidentale francaise,,,"Cultures d'Extrême-Orient et d'Afrique (Cie française des), puis Compagnie générale africaine : café, cacao, hévéas"
inde-indochine-societe-du-pacifique-5e42b9,https://entreprises-coloniales.fr/inde-indochine/Societe_du_Pacifique.pdf,company,"Société maritime et commerciale du Pacifique, puis Société du Pacifique",Commerce,Sénégal,Afrique occidentale francaise,,,"Société maritime et commerciale du Pacifique (SMCP), puis Société du Pacifique : comptoirs au Sénégal"
