doc_id,company_key,company_name,member_key,name_clean,role,year,source_ref,sector,country,region
afrique-equatoriale-ceca-gabon-a2b1b2,exploitationscommercialesafricaines,Compagnie d'Exploitations commerciales africaines,entreprisesindustrielles,Société d'entreprises industrielles,administrateur,1950,"L'Information financière, économique et politique, 31 octobre 1950",Commerce,Côte d'Ivoire,Afrique occidentale francaise
afrique-occidentale-aec-1922-aof-togo-9cef7c,comptoirsafricains,Cie générale des comptoirs africains,parismaroc,Société Paris-Maroc,administrateur,1925,"JORF, 17 janvier 1925",Documents généraux (par ordre chronologique),Afrique occidentale française,Afrique occidentale francaise
afrique-occidentale-aec-1922-aof-togo-9cef7c,comptoirafriqueoccidentale,Comptoir général français de l'Afrique occidentale,plantationsguineeandrelanglois,de plantations en Guinée. André Langlois,administrateur,1925,"JORF, 17 janvier 1925",Documents généraux (par ordre chronologique),Afrique occidentale française,Afrique occidentale francaise
afrique-occidentale-aec-1922-aof-togo-9cef7c,electricitesenegal,Cie d'électricité du Sénégal,unionengrais,Union française d'engrais,administrateur,1975,"Paris, 1874-Paris, 1975",Documents généraux (par ordre chronologique),Afrique occidentale française,Afrique occidentale francaise
afrique-occidentale-aec-1922-aof-togo-9cef7c,senegal10,« Sénégal » 10,cdtdionighibiancardi,Cdt Dionighi Biancardi,administrateur,1975,"Paris, 1874-Paris, 1975",Documents généraux (par ordre chronologique),Afrique occidentale française,Afrique occidentale francaise
afrique-occidentale-aec-1922-aof-togo-9cef7c,senegal10,« Sénégal » 10,cdtdomenicobrunelli,Cdt Domenico Brunelli,administrateur,1975,"Paris, 1874-Paris, 1975",Documents généraux (par ordre chronologique),Afrique occidentale française,Afrique occidentale francaise
afrique-occidentale-aec-1922-aof-togo-9cef7c,senegal10,« Sénégal » 10,cdtmichelefileti,Cdt Michele Fileti,administrateur,1975,"Paris, 1874-Paris, 1975",Documents généraux (par ordre chronologique),Afrique occidentale française,Afrique occidentale francaise
afrique-occidentale-aec-1922-aof-togo-9cef7c,senegal10,« Sénégal » 10,cdtgiuseppeparatore,Cdt Giuseppe Paratore,administrateur,1975,"Paris, 1874-Paris, 1975",Documents généraux (par ordre chronologique),Afrique occidentale française,Afrique occidentale francaise
afrique-occidentale-aec-1922-aof-togo-9cef7c,minierefoncierebandama,Société minière et foncière du Bandama,alexandregrammontetsgrammont,Alexandre Grammont [Éts Grammont,administrateur,1975,"Paris, 1874-Paris, 1975",Documents généraux (par ordre chronologique),Afrique occidentale française,Afrique occidentale francaise
afrique-occidentale-aec-1922-aof-togo-9cef7c,etablissementsemilehubert,Société anon. des Établissements Émile d'Hubert,franconeerlandaiseculture,de la Société franco-néerlandaise de culture,administrateur,1929,"Lyon, 15 février 1873-Paris XVIe, 17 décembre 1929",Documents généraux (par ordre chronologique),Afrique occidentale française,Afrique occidentale francaise
afrique-occidentale-aec-1922-aof-togo-9cef7c,etablissementsemilehubert,Société anon. des Établissements Émile d'Hubert,agricoleannam,de la Cie agricole d'Annam …,administrateur,1929,"Lyon, 15 février 1873-Paris XVIe, 17 décembre 1929",Documents généraux (par ordre chronologique),Afrique occidentale française,Afrique occidentale francaise
afrique-occidentale-aec-1922-aof-togo-9cef7c,boisafricains,Société des bois africains,commerciale,Société commerciale,administrateur,1929,"Lyon, 15 février 1873-Paris XVIe, 17 décembre 1929",Documents généraux (par ordre chronologique),Afrique occidentale française,Afrique occidentale francaise
afrique-occidentale-aec-1922-aof-togo-9cef7c,silicocalcaireafricaine,Silico-Calcaire africaine,galmessimy,Gal Messimy,president,1929,"Lyon, 15 février 1873-Paris XVIe, 17 décembre 1929",Documents généraux (par ordre chronologique),Afrique occidentale française,Afrique occidentale francaise
afrique-occidentale-aec-1922-aof-togo-9cef7c,senegalaisevoieseconomiques,Cie sénégalaise de voies économiques,theophilecangranusinegbaysz,Théophile Cangran Usine G. Baysz,administrateur,1929,"Lyon, 15 février 1873-Paris XVIe, 17 décembre 1929",Documents généraux (par ordre chronologique),Afrique occidentale française,Afrique occidentale francaise
afrique-occidentale-aec-1922-aof-togo-9cef7c,senegalaisevoieseconomiques,Cie sénégalaise de voies économiques,usineelectr,Usine électr,administrateur,1929,"Lyon, 15 février 1873-Paris XVIe, 17 décembre 1929",Documents généraux (par ordre chronologique),Afrique occidentale française,Afrique occidentale francaise
afrique-occidentale-aec-1926-aof-togo-b4d838,commerceinternationalcolonial,Cie française de commerce international et colonial,comtejeanchabannespalice,Comte Jean de Chabannes La Palice,administrateur,1926,Annuaire des entreprises coloniales,Documents généraux (par ordre chronologique),Afrique occidentale française,Afrique occidentale francaise
afrique-occidentale-aec-1926-aof-togo-b4d838,commercialeindustrielleafriqueoccidentale,Société commerciale et industrielle de l'Afrique occidentale,banqueindustriellechine,Banque industrielle de Chine,administrateur,1926,Annuaire des entreprises coloniales,Documents généraux (par ordre chronologique),Afrique occidentale française,Afrique occidentale francaise
afrique-occidentale-aec-1926-aof-togo-b4d838,senegal,« Sénégal »,cdtdionighibiancardi,Cdt Dionighi Biancardi,administrateur,1926,Annuaire des entreprises coloniales,Documents généraux (par ordre chronologique),Afrique occidentale française,Afrique occidentale francaise
afrique-occidentale-aec-1926-aof-togo-b4d838,senegal,« Sénégal »,cdtdomenicobrunelli,Cdt Domenico Brunelli,administrateur,1926,Annuaire des entreprises coloniales,Documents généraux (par ordre chronologique),Afrique occidentale française,Afrique occidentale francaise
afrique-occidentale-aec-1926-aof-togo-b4d838,senegal,« Sénégal »,cdtmichelefileti,Cdt Michele Fileti,administrateur,1926,Annuaire des entreprises coloniales,Documents généraux (par ordre chronologique),Afrique occidentale française,Afrique occidentale francaise
afrique-occidentale-aec-1926-aof-togo-b4d838,senegal,« Sénégal »,cdtgiuseppeparatore,Cdt Giuseppe Paratore,administrateur,1926,Annuaire des entreprises coloniales,Documents généraux (par ordre chronologique),Afrique occidentale française,Afrique occidentale francaise
afrique-occidentale-aec-1926-aof-togo-b4d838,briqueteriesbamako,Société des briqueteries de Bamako,banquecolonialeetudes,Banque Coloniale d'études,administrateur,1926,Annuaire des entreprises coloniales,Documents généraux (par ordre chronologique),Afrique occidentale française,Afrique occidentale francaise
afrique-occidentale-aec-1926-aof-togo-b4d838,cotonniereouestafricaincotoa,Cie cotonnière de l'Ouest africain « La Cotoa»,banquecolonialeetudes,Banque coloniale d'études,administrateur,1926,Annuaire des entreprises coloniales,Documents généraux (par ordre chronologique),Afrique occidentale française,Afrique occidentale francaise
afrique-occidentale-aec-1926-aof-togo-b4d838,ouestafricainecabotage,Compagnie Ouest-Africaine de cabotage,banqueafriquesoudancommercants,Banque française de l'Afrique. SOUDAN FRANÇAIS COMMERÇANTS,administrateur,1926,Annuaire des entreprises coloniales,Documents généraux (par ordre chronologique),Afrique occidentale française,Afrique occidentale francaise
afrique-occidentale-aec-1926-aof-togo-b4d838,comptoircommercialfrancoafricain,Comptoir commercial franco-africain,plantationsbananiersmaneahchambaud,plantations de bananiers à Manéah. Chambaud,administrateur,1926,Annuaire des entreprises coloniales,Documents généraux (par ordre chronologique),Afrique occidentale française,Afrique occidentale francaise
afrique-occidentale-aec-1926-aof-togo-b4d838,comptoircommercialfrancoafricain,Comptoir commercial franco-africain,bananesagriculture,Bananes. Cie d'agriculture,administrateur,1926,Annuaire des entreprises coloniales,Documents généraux (par ordre chronologique),Afrique occidentale française,Afrique occidentale francaise
afrique-occidentale-aec-1926-aof-togo-b4d838,comptoircommercialfrancoafricain,Comptoir commercial franco-africain,nomcollectif,Société en nom collectif,administrateur,1926,Annuaire des entreprises coloniales,Documents généraux (par ordre chronologique),Afrique occidentale française,Afrique occidentale francaise
afrique-occidentale-aec-1926-aof-togo-b4d838,comptoircommercialfrancoafricain,Comptoir commercial franco-africain,plantations,Plantations,administrateur,1926,Annuaire des entreprises coloniales,Documents généraux (par ordre chronologique),Afrique occidentale française,Afrique occidentale francaise
afrique-occidentale-aec-1926-aof-togo-b4d838,comptoircommercialfrancoafricain,Comptoir commercial franco-africain,plantationmokaafricainmussard,Plantation de Moka africain. Mussard,administrateur,1926,Annuaire des entreprises coloniales,Documents généraux (par ordre chronologique),Afrique occidentale française,Afrique occidentale francaise
afrique-occidentale-aec-1926-aof-togo-b4d838,comptoircommercialfrancoafricain,Comptoir commercial franco-africain,plantationscacaoyers,Plantations de cacaoyers,administrateur,1926,Annuaire des entreprises coloniales,Documents généraux (par ordre chronologique),Afrique occidentale française,Afrique occidentale francaise
afrique-occidentale-aec-1937-aof-togo-879c40,messageriesafricaines,Messageries africaines,africaine25,L'Africaine française 25,administrateur,1937,Annuaire des entreprises coloniales,Documents généraux (par ordre chronologique),Afrique occidentale française,Afrique occidentale francaise
afrique-occidentale-aec-1937-aof-togo-879c40,commercialeexportationimportation,Commerciale d'Exportation et d'Importation,consulchrghansen,Consul Chr. G. Hansen,president,1937,Annuaire des entreprises coloniales,Documents généraux (par ordre chronologique),Afrique occidentale française,Afrique occidentale francaise
afrique-occidentale-aec-1937-aof-togo-879c40,baltivent,Compagnie Baltivent,colonialeafrique,Compagnie coloniale de l'Afrique française,administrateur,1937,Annuaire des entreprises coloniales,Documents généraux (par ordre chronologique),Afrique occidentale française,Afrique occidentale francaise
afrique-occidentale-aec-1937-aof-togo-879c40,etablissementsdeveschaumet,Établissements Devès et Chaumet,etablissementsmartrefreres,Établissements Martre frères,administrateur,1937,Annuaire des entreprises coloniales,Documents généraux (par ordre chronologique),Afrique occidentale française,Afrique occidentale francaise
afrique-occidentale-aec-1937-aof-togo-879c40,commercialefruitscoloniaux,Société commerciale des fruits coloniaux,ceafriqueoccidentale,Ce française de l'Afrique Occidentale,administrateur,1937,Annuaire des entreprises coloniales,Documents généraux (par ordre chronologique),Afrique occidentale française,Afrique occidentale francaise
afrique-occidentale-aec-1937-aof-togo-879c40,commercialefruitscoloniaux,Société commerciale des fruits coloniaux,coteivoire,Compagnie française de la Côte-d'Ivoire,administrateur,1937,Annuaire des entreprises coloniales,Documents généraux (par ordre chronologique),Afrique occidentale française,Afrique occidentale francaise
afrique-occidentale-aec-1937-aof-togo-879c40,golfeguinee,Société générale du Golfe de Guinée,banquefrance,Banque générale pour la France,administrateur,1937,Annuaire des entreprises coloniales,Documents généraux (par ordre chronologique),Afrique occidentale française,Afrique occidentale francaise
afrique-occidentale-aec-1937-aof-togo-879c40,golfeguinee,Société générale du Golfe de Guinée,colonies,Colonies,administrateur,1937,Annuaire des entreprises coloniales,Documents généraux (par ordre chronologique),Afrique occidentale française,Afrique occidentale francaise
afrique-occidentale-aec-1937-aof-togo-879c40,cheminferdakarsaintlouis,Compagnie du chemin de fer de Dakar à Saint-Louis,constructionsgeneralesafrique,Compagnie de constructions générales en Afrique française,administrateur,1937,Annuaire des entreprises coloniales,Documents généraux (par ordre chronologique),Afrique occidentale française,Afrique occidentale francaise
afrique-occidentale-aec-1937-aof-togo-879c40,eauxelectriciteouestafricain,Compagnie des eaux et électricité de l'Ouest africain,auxiliaireafricaine,Société auxiliaire africaine,administrateur,1937,Annuaire des entreprises coloniales,Documents généraux (par ordre chronologique),Afrique occidentale française,Afrique occidentale francaise
afrique-occidentale-aec-1937-aof-togo-879c40,federalesoudanaise,Compagnie fédérale soudanaise,renseignementsincertainsfluviale,Renseignements incertains. Compagnie fluviale,administrateur,1937,Annuaire des entreprises coloniales,Documents généraux (par ordre chronologique),Afrique occidentale française,Afrique occidentale francaise
afrique-occidentale-aec-1937-aof-togo-879c40,fonciereafrique,Compagnie foncière de l'Afrique,magnen,Magnen,administrateur_delegue,1937,Annuaire des entreprises coloniales,Documents généraux (par ordre chronologique),Afrique occidentale française,Afrique occidentale francaise
afrique-occidentale-aec-1937-aof-togo-879c40,fonciereafrique,Compagnie foncière de l'Afrique,banquefrance,Banque générale pour la France,administrateur,1937,Annuaire des entreprises coloniales,Documents généraux (par ordre chronologique),Afrique occidentale française,Afrique occidentale francaise
afrique-occidentale-aec-1937-aof-togo-879c40,fonciereafrique,Compagnie foncière de l'Afrique,colonies,Colonies,administrateur,1937,Annuaire des entreprises coloniales,Documents généraux (par ordre chronologique),Afrique occidentale française,Afrique occidentale francaise
afrique-occidentale-aec-1937-aof-togo-879c40,minesfalemegambie,Compagnie des mines de Falémé-Gambie,minesornamkok,Société des mines d'or de Nam-Kok,administrateur,1937,Annuaire des entreprises coloniales,Documents généraux (par ordre chronologique),Afrique occidentale française,Afrique occidentale francaise
afrique-occidentale-aec-1937-aof-togo-879c40,miniereguinee,Compagnie minière de la Guinée française,equatorialemines,Compagnie Equatoriale de Mines,president,1937,Annuaire des entreprises coloniales,Documents généraux (par ordre chronologique),Afrique occidentale française,Afrique occidentale francaise
afrique-occidentale-aec-1937-aof-togo-879c40,miniereguinee,Compagnie minière de la Guinée française,unionminiere,Union Minière,administrateur,1937,Annuaire des entreprises coloniales,Documents généraux (par ordre chronologique),Afrique occidentale française,Afrique occidentale francaise
afrique-occidentale-aec-1937-aof-togo-879c40,consortiumdistilleriessisal,Consortium des distilleries de sisal,plantationscasamance,Société des plantations de Casamance,administrateur,1937,Annuaire des entreprises coloniales,Documents généraux (par ordre chronologique),Afrique occidentale française,Afrique occidentale francaise
afrique-occidentale-aec-1937-aof-togo-879c40,consortiumdistilleriessisal,Consortium des distilleries de sisal,plantationskayesndi,Société des plantations de Kayes N'Di,administrateur,1937,Annuaire des entreprises coloniales,Documents généraux (par ordre chronologique),Afrique occidentale française,Afrique occidentale francaise
afrique-occidentale-aec-1937-aof-togo-879c40,dakarsoutes,« Dakar-Soutes »,wilsonsonscltd,Wilson Sons and C° Ltd,vice_president,1937,Annuaire des entreprises coloniales,Documents généraux (par ordre chronologique),Afrique occidentale française,Afrique occidentale francaise
afrique-occidentale-aec-1937-aof-togo-879c40,dakarsoutes,« Dakar-Soutes »,charbonnagesdakar,Compagnie Française des Charbonnages de Dakar,administrateur,1937,Annuaire des entreprises coloniales,Documents généraux (par ordre chronologique),Afrique occidentale française,Afrique occidentale francaise
afrique-occidentale-aec-1937-aof-togo-879c40,dakarsoutes,« Dakar-Soutes »,lambertbrothersltd,Lambert Brothers Ltd,administrateur,1937,Annuaire des entreprises coloniales,Documents généraux (par ordre chronologique),Afrique occidentale française,Afrique occidentale francaise
afrique-occidentale-aec-1937-aof-togo-879c40,dakarsoutes,« Dakar-Soutes »,salisburyexportersltd,Salisbury Exporters Ltd,administrateur,1937,Annuaire des entreprises coloniales,Documents généraux (par ordre chronologique),Afrique occidentale française,Afrique occidentale francaise
afrique-occidentale-aec-1937-aof-togo-879c40,dakarsoutes,« Dakar-Soutes »,senegal,Société « Sénégal »,administrateur,1937,Annuaire des entreprises coloniales,Documents généraux (par ordre chronologique),Afrique occidentale française,Afrique occidentale francaise
afrique-occidentale-aec-1937-aof-togo-879c40,dakarsoutes,« Dakar-Soutes »,commercialeportsafricains,Société commerciale des ports africains,administrateur,1937,Annuaire des entreprises coloniales,Documents généraux (par ordre chronologique),Afrique occidentale française,Afrique occidentale francaise
afrique-occidentale-aec-1937-aof-togo-879c40,foncierecoteafrique,Foncière de la Côte d'Afrique,caissecommerciale,Caisse commerciale,administrateur,1937,Annuaire des entreprises coloniales,Documents généraux (par ordre chronologique),Afrique occidentale française,Afrique occidentale francaise
afrique-occidentale-aec-1937-aof-togo-879c40,foncierecoteafrique,Foncière de la Côte d'Afrique,francocolonialeassurances,Franco-coloniale d'assurances,administrateur,1937,Annuaire des entreprises coloniales,Documents généraux (par ordre chronologique),Afrique occidentale française,Afrique occidentale francaise
afrique-occidentale-aec-1937-aof-togo-879c40,manutentionafricaine,Manutention africaine,messageriesafricaines,Société des Messageries Africaines,administrateur,1937,Annuaire des entreprises coloniales,Documents généraux (par ordre chronologique),Afrique occidentale française,Afrique occidentale francaise
afrique-occidentale-aec-1937-aof-togo-879c40,manutentionafricaine,Manutention africaine,hautogooue,Société du Haut-Ogooué,administrateur,1937,Annuaire des entreprises coloniales,Documents généraux (par ordre chronologique),Afrique occidentale française,Afrique occidentale francaise
afrique-occidentale-aec-1937-aof-togo-879c40,kokumbo,KOKUMBO,gerance,Société de Gérance,administrateur,1937,Annuaire des entreprises coloniales,Documents généraux (par ordre chronologique),Afrique occidentale française,Afrique occidentale francaise
afrique-occidentale-aec-1937-aof-togo-879c40,portscoloniauxboitepostale233,"Ports Coloniaux, Boîte Postale 233",chargeursreunisrepresentee,Compagnie des Chargeurs Réunis (représentée,administrateur,1937,Annuaire des entreprises coloniales,Documents généraux (par ordre chronologique),Afrique occidentale française,Afrique occidentale francaise
afrique-occidentale-aec-1937-aof-togo-879c40,salinscapvert,Salins du Cap-Vert,etablissementspeyrissac,Établissements Peyrissac,administrateur,1937,Annuaire des entreprises coloniales,Documents généraux (par ordre chronologique),Afrique occidentale française,Afrique occidentale francaise
afrique-occidentale-aec-1937-aof-togo-879c40,exploitationsminieresafriqueoccidentale,Société anonyme d'exploitations minières en Afrique Occidentale,banqueunionparisienne,Banque de l'Union Parisienne,administrateur,1937,Annuaire des entreprises coloniales,Documents généraux (par ordre chronologique),Afrique occidentale française,Afrique occidentale francaise
afrique-occidentale-aec-1937-aof-togo-879c40,exploitationsminieresafriqueoccidentale,Société anonyme d'exploitations minières en Afrique Occidentale,minierecoloniale,Compagnie Minière Coloniale,administrateur,1937,Annuaire des entreprises coloniales,Documents généraux (par ordre chronologique),Afrique occidentale française,Afrique occidentale francaise
afrique-occidentale-aec-1937-aof-togo-879c40,exploitationsminieresafriqueoccidentale,Société anonyme d'exploitations minières en Afrique Occidentale,congocommerce,Compagnie du Congo pour le Commerce,administrateur,1937,Annuaire des entreprises coloniales,Documents généraux (par ordre chronologique),Afrique occidentale française,Afrique occidentale francaise
afrique-occidentale-aec-1937-aof-togo-879c40,exploitationsminieresafriqueoccidentale,Société anonyme d'exploitations minières en Afrique Occidentale,industrie,l'Industrie,administrateur,1937,Annuaire des entreprises coloniales,Documents généraux (par ordre chronologique),Afrique occidentale française,Afrique occidentale francaise
afrique-occidentale-aec-1937-aof-togo-879c40,bamako,Société de Bamako,hautogooue,Société du HautOgooué,administrateur,1937,Annuaire des entreprises coloniales,Documents généraux (par ordre chronologique),Afrique occidentale française,Afrique occidentale francaise
afrique-occidentale-aec-1937-aof-togo-879c40,bamako,Société de Bamako,bamakofaitapportvente,Société de Bamako a fait apport-vente,administrateur,1937,Annuaire des entreprises coloniales,Documents généraux (par ordre chronologique),Afrique occidentale française,Afrique occidentale francaise
afrique-occidentale-aec-1937-aof-togo-879c40,brasseriesouestafricain,Société des Brasseries de l'Ouest africain,marocainepaystropicaux,Société marocaine des pays tropicaux,administrateur,1937,Annuaire des entreprises coloniales,Documents généraux (par ordre chronologique),Afrique occidentale française,Afrique occidentale francaise
afrique-occidentale-aec-1937-aof-togo-879c40,diourbel,DIOURBEL,travauxpublicsagencedakar,de travaux publics. Agence à DAKAR,administrateur,1937,Annuaire des entreprises coloniales,Documents généraux (par ordre chronologique),Afrique occidentale française,Afrique occidentale francaise
afrique-occidentale-aec-1937-aof-togo-879c40,diourbel,DIOURBEL,titane,Société française du Titane,administrateur,1937,Annuaire des entreprises coloniales,Documents généraux (par ordre chronologique),Afrique occidentale française,Afrique occidentale francaise
afrique-occidentale-aec-1937-aof-togo-879c40,diourbel,DIOURBEL,guineennerecherches,Société Guinéenne de recherches,administrateur,1937,Annuaire des entreprises coloniales,Documents généraux (par ordre chronologique),Afrique occidentale française,Afrique occidentale francaise
afrique-occidentale-aec-1937-aof-togo-879c40,immobilierefinanciereafricaine,Société immobilière et financière africaine,banquecommercialeafricaine,Banque commerciale africaine,administrateur,1937,Annuaire des entreprises coloniales,Documents généraux (par ordre chronologique),Afrique occidentale française,Afrique occidentale francaise
afrique-occidentale-aec-1937-aof-togo-879c40,transitabidjan,Société de Transit d'Abidjan (S,transitgrandlahou,Société de Transit de Grand-Lahou,administrateur,1932,"Statuts au J. O. de l'A. O. F., 6 août 1932",Documents généraux (par ordre chronologique),Afrique occidentale française,Afrique occidentale francaise
afrique-occidentale-aec-1937-aof-togo-879c40,direction,Direction générale,auxiliaireafricaine,Société auxiliaire africaine,administrateur,1932,"Statuts au J. O. de l'A. O. F., 6 août 1932",Documents généraux (par ordre chronologique),Afrique occidentale française,Afrique occidentale francaise
afrique-occidentale-aec-1937-aof-togo-879c40,direction,Direction générale,eaux,Compagnie des Eaux,administrateur,1932,"Statuts au J. O. de l'A. O. F., 6 août 1932",Documents généraux (par ordre chronologique),Afrique occidentale française,Afrique occidentale francaise
afrique-occidentale-aec-1937-aof-togo-879c40,direction,Direction générale,entreprises,Compagnie Générale d'Entreprises,administrateur,1932,"Statuts au J. O. de l'A. O. F., 6 août 1932",Documents généraux (par ordre chronologique),Afrique occidentale française,Afrique occidentale francaise
afrique-occidentale-aec-1937-aof-togo-879c40,bananeriesafricaines,Bananeries africaines,auxiliaireafricaine,Société auxiliaire africaine,president,1932,"Statuts au J. O. de l'A. O. F., 6 août 1932",Documents généraux (par ordre chronologique),Afrique occidentale française,Afrique occidentale francaise
afrique-occidentale-aec-1937-aof-togo-879c40,bananeriesafricaines,Bananeries africaines,etudesplantationsguinee,d'études Plantations en Guinée française,administrateur,1932,"Statuts au J. O. de l'A. O. F., 6 août 1932",Documents généraux (par ordre chronologique),Afrique occidentale française,Afrique occidentale francaise
afrique-occidentale-aec-1937-aof-togo-879c40,colonialecoteivoire,Compagnie coloniale de la Côte-d'Ivoire,delmas,Compagnie Delmas,administrateur,1932,"Statuts au J. O. de l'A. O. F., 6 août 1932",Documents généraux (par ordre chronologique),Afrique occidentale française,Afrique occidentale francaise
afrique-occidentale-aec-1937-aof-togo-879c40,tambacuunda,TAMBACUUNDA,elevageniger,Compagnie d'élevage du Niger,administrateur,1932,"Statuts au J. O. de l'A. O. F., 6 août 1932",Documents généraux (par ordre chronologique),Afrique occidentale française,Afrique occidentale francaise
afrique-occidentale-aec-1937-aof-togo-879c40,tambacuunda,TAMBACUUNDA,financiere,Compagnie financière,administrateur,1932,"Statuts au J. O. de l'A. O. F., 6 août 1932",Documents généraux (par ordre chronologique),Afrique occidentale française,Afrique occidentale francaise
afrique-occidentale-aec-1937-aof-togo-879c40,forestieresassandra,Compagnie forestière de Sassandra,togo,Compagnie générale du Togo,administrateur,1932,"Statuts au J. O. de l'A. O. F., 6 août 1932",Documents généraux (par ordre chronologique),Afrique occidentale française,Afrique occidentale francaise
afrique-occidentale-aec-1937-aof-togo-879c40,exploitationsforestieresagricolescoteivoire,Exploitations forestières et agricoles de la Côte-d'Ivoire (Anciens,meierplantationcafeiers,Meier. Plantation de caféiers,administrateur,1932,"Statuts au J. O. de l'A. O. F., 6 août 1932",Documents généraux (par ordre chronologique),Afrique occidentale française,Afrique occidentale francaise
afrique-occidentale-aec-1937-aof-togo-879c40,alsaciennecoteivoire,Société alsacienne de la Côte-d'Ivoire,plantationsambidedi,Société anonyme des Plantations d'Ambidédi,administrateur,1932,"Statuts au J. O. de l'A. O. F., 6 août 1932",Documents généraux (par ordre chronologique),Afrique occidentale française,Afrique occidentale francaise
afrique-occidentale-aec-1937-aof-togo-879c40,plantationshautevolta,Société anonyme des Plantations de Haute-Volta,marocainepaystropicaux,Société Marocaine des Pays tropicaux,president,1932,"Statuts au J. O. de l'A. O. F., 6 août 1932",Documents généraux (par ordre chronologique),Afrique occidentale française,Afrique occidentale francaise
afrique-occidentale-aec-1937-aof-togo-879c40,bananeraiesguineennes,Société des bananeraies guinéennes,bananeraieskoutaya,Société des bananeraies de Koutaya,gerant,1932,"Statuts au J. O. de l'A. O. F., 6 août 1932",Documents généraux (par ordre chronologique),Afrique occidentale française,Afrique occidentale francaise
afrique-occidentale-aec-1937-aof-togo-879c40,colonialegeranceetudes,Société coloniale de gérance et d'études,marocainepaystropicaux,Société marocaine des pays tropicaux,administrateur,1932,"Statuts au J. O. de l'A. O. F., 6 août 1932",Documents généraux (par ordre chronologique),Afrique occidentale française,Afrique occidentale francaise
afrique-occidentale-aec-1937-aof-togo-879c40,commercialeagricoleguinee,Société commerciale et agricole de Guinée,luciengillycommerciale,Lucien Gilly. Société commerciale,administrateur,1932,"Statuts au J. O. de l'A. O. F., 6 août 1932",Documents généraux (par ordre chronologique),Afrique occidentale française,Afrique occidentale francaise
afrique-occidentale-aec-1937-aof-togo-879c40,culturesdiakandape,Société des cultures de Diakandapé,marocainepaystropicauxnb,Société Marocaine des Pays Tropicaux. N. B,administrateur,1932,"Statuts au J. O. de l'A. O. F., 6 août 1932",Documents généraux (par ordre chronologique),Afrique occidentale française,Afrique occidentale francaise
afrique-occidentale-aec-1937-aof-togo-879c40,aboisso,ABOISSO,administrateursexploitation,administrateurs. Société d'exploitation,administrateur,1932,"Statuts au J. O. de l'A. O. F., 6 août 1932",Documents généraux (par ordre chronologique),Afrique occidentale française,Afrique occidentale francaise
afrique-occidentale-aec-1937-aof-togo-879c40,koba,Société du Koba,occidentaleafricaine,Société Occidentale africaine,administrateur,1932,"Statuts au J. O. de l'A. O. F., 6 août 1932",Documents généraux (par ordre chronologique),Afrique occidentale française,Afrique occidentale francaise
afrique-occidentale-aec-1937-aof-togo-879c40,plantationshuileriesbingerville,Société des plantations et huileries de Bingerville,plantationskayesndi,Société des plantations de Kayes N'Di,administrateur,1932,"Statuts au J. O. de l'A. O. F., 6 août 1932",Documents généraux (par ordre chronologique),Afrique occidentale française,Afrique occidentale francaise
afrique-occidentale-aec-1937-aof-togo-879c40,sonolet,Sonolet,uniontropicaleplantations,Union tropicale de Plantations,administrateur,1932,"Statuts au J. O. de l'A. O. F., 6 août 1932",Documents généraux (par ordre chronologique),Afrique occidentale française,Afrique occidentale francaise
afrique-occidentale-aec-1937-aof-togo-879c40,cooperativemutuellecentraleof,Société Coopérative Mutuelle Centrale de l'A. O. F,responsabilitelimitee,Société à responsabilité limitée,administrateur,1932,"Statuts au J. O. de l'A. O. F., 6 août 1932",Documents généraux (par ordre chronologique),Afrique occidentale française,Afrique occidentale francaise
afrique-occidentale-aec-1937-aof-togo-879c40,cooperativemutuellecentraleof,Société Coopérative Mutuelle Centrale de l'A. O. F,nvhandelmaatschappijvoorheen,Société anon. N. V. Handelmaatschappij Voorheen,administrateur,1932,"Statuts au J. O. de l'A. O. F., 6 août 1932",Documents généraux (par ordre chronologique),Afrique occidentale française,Afrique occidentale francaise
afrique-occidentale-aec-1937-aof-togo-879c40,cooperativemutuellecentraleof,Société Coopérative Mutuelle Centrale de l'A. O. F,brunschweiler,Société Brunschweiler,administrateur,1932,"Statuts au J. O. de l'A. O. F., 6 août 1932",Documents généraux (par ordre chronologique),Afrique occidentale française,Afrique occidentale francaise
afrique-occidentale-aec-1937-aof-togo-879c40,cooperativemutuellecentraleof,Société Coopérative Mutuelle Centrale de l'A. O. F,jgnef,Société J. G. Nef,administrateur,1932,"Statuts au J. O. de l'A. O. F., 6 août 1932",Documents généraux (par ordre chronologique),Afrique occidentale française,Afrique occidentale francaise
afrique-occidentale-aec-1937-aof-togo-879c40,cooperativemutuellecentraleof,Société Coopérative Mutuelle Centrale de l'A. O. F,gruber,Société Gruber,administrateur,1932,"Statuts au J. O. de l'A. O. F., 6 août 1932",Documents généraux (par ordre chronologique),Afrique occidentale française,Afrique occidentale francaise
afrique-occidentale-aec-1937-aof-togo-879c40,sotorra,A. Sotorra,afriqueoccidentale,Compagnie française de l'Afrique Occidentale,administrateur,1932,"Statuts au J. O. de l'A. O. F., 6 août 1932",Documents généraux (par ordre chronologique),Afrique occidentale française,Afrique occidentale francaise
afrique-occidentale-aec-1937-aof-togo-879c40,sotorra,A. Sotorra,saintlouisradais,Compagnie. Saint-Louis. Radais,administrateur,1932,"Statuts au J. O. de l'A. O. F., 6 août 1932",Documents généraux (par ordre chronologique),Afrique occidentale française,Afrique occidentale francaise
afrique-occidentale-aec-1937-aof-togo-879c40,sotorra,A. Sotorra,immeublessenegalplantations,immeubles au Sénégal. Plantations,administrateur,1932,"Statuts au J. O. de l'A. O. F., 6 août 1932",Documents généraux (par ordre chronologique),Afrique occidentale française,Afrique occidentale francaise
afrique-occidentale-aec-1937-aof-togo-879c40,sotorra,A. Sotorra,andrerobertexploitationport,André Robert. Société d'exploitation du port,administrateur,1932,"Statuts au J. O. de l'A. O. F., 6 août 1932",Documents généraux (par ordre chronologique),Afrique occidentale française,Afrique occidentale francaise
afrique-occidentale-aec-1937-aof-togo-879c40,portetienne,Port-Étienne,representantunionovineberruto,Représentant de l'Union ovine. Berruto,administrateur,1932,"Statuts au J. O. de l'A. O. F., 6 août 1932",Documents généraux (par ordre chronologique),Afrique occidentale française,Afrique occidentale francaise
afrique-occidentale-aec-1937-aof-togo-879c40,portetienne,Port-Étienne,friguiagbeafricaineplantesparfum,Friguiagbé. Compagnie africaine des plantes à parfum,administrateur,1932,"Statuts au J. O. de l'A. O. F., 6 août 1932",Documents généraux (par ordre chronologique),Afrique occidentale française,Afrique occidentale francaise
afrique-occidentale-aec-1937-aof-togo-879c40,portetienne,Port-Étienne,cerclelabbeagricolesamoronia,cercle de Labbé. Compagnie agricole de Samoronia,administrateur,1932,"Statuts au J. O. de l'A. O. F., 6 août 1932",Documents généraux (par ordre chronologique),Afrique occidentale française,Afrique occidentale francaise
afrique-occidentale-aec-1937-aof-togo-879c40,portetienne,Port-Étienne,plaurenssaintmartincultures,P. Laurens de Saint-Martin. Société de cultures,administrateur,1932,"Statuts au J. O. de l'A. O. F., 6 août 1932",Documents généraux (par ordre chronologique),Afrique occidentale française,Afrique occidentale francaise
afrique-occidentale-aec-1937-aof-togo-879c40,portetienne,Port-Étienne,bananeraieskinsanfruitiereexportation,bananeraies du Kin-San. Société fruitière d'exportation,administrateur,1932,"Statuts au J. O. de l'A. O. F., 6 août 1932",Documents généraux (par ordre chronologique),Afrique occidentale française,Afrique occidentale francaise
afrique-occidentale-aec-1937-aof-togo-879c40,portetienne,Port-Étienne,coyahplantationskolente,Coyah. Société des plantations de la Kolenté,administrateur,1932,"Statuts au J. O. de l'A. O. F., 6 août 1932",Documents généraux (par ordre chronologique),Afrique occidentale française,Afrique occidentale francaise
afrique-occidentale-aec-1937-aof-togo-879c40,portetienne,Port-Étienne,kolente,Kolenté,administrateur,1932,"Statuts au J. O. de l'A. O. F., 6 août 1932",Documents généraux (par ordre chronologique),Afrique occidentale française,Afrique occidentale francaise
afrique-occidentale-aec-1937-aof-togo-879c40,portetienne,Port-Étienne,transitaireentreprisemorosini,Transitaire. Entreprise Morosini,administrateur,1932,"Statuts au J. O. de l'A. O. F., 6 août 1932",Documents généraux (par ordre chronologique),Afrique occidentale française,Afrique occidentale francaise
afrique-occidentale-aec-1937-aof-togo-879c40,jcalve,J. Le Calvé,plantationboa,plantation La Boa,administrateur,1931,"Statuts : J. O. C. I., 30 avril 1931",Documents généraux (par ordre chronologique),Afrique occidentale française,Afrique occidentale francaise
afrique-occidentale-aec-1937-aof-togo-879c40,jcalve,J. Le Calvé,cafeagricole,Café. Compagnie agricole,administrateur,1931,"Statuts : J. O. C. I., 30 avril 1931",Documents généraux (par ordre chronologique),Afrique occidentale française,Afrique occidentale francaise
afrique-occidentale-aec-1937-aof-togo-879c40,jcalve,J. Le Calvé,cafebananeraiesagneby,Café Compagnie des bananeraies de l'Agnéby,administrateur,1931,"Statuts : J. O. C. I., 30 avril 1931",Documents généraux (par ordre chronologique),Afrique occidentale française,Afrique occidentale francaise
afrique-occidentale-aec-1937-aof-togo-879c40,jcalve,J. Le Calvé,cooperativeagricoleproducteurscacao,Société coopérative agricole des producteurs de cacao,directeur,1931,"Statuts : J. O. C. I., 30 avril 1931",Documents généraux (par ordre chronologique),Afrique occidentale française,Afrique occidentale francaise
afrique-occidentale-aec-1937-aof-togo-879c40,oreinach,O. Reinach,vogelagricole,Vogel. Société agricole,gerant,1931,"Statuts : J. O. C. I., 30 avril 1931",Documents généraux (par ordre chronologique),Afrique occidentale française,Afrique occidentale francaise
afrique-occidentale-aec-1937-aof-togo-879c40,oreinach,O. Reinach,jeanrosebananeraiessassandra,Jean Rose. Société des bananeraies de Sassandra,gerant,1931,"Statuts : J. O. C. I., 30 avril 1931",Documents généraux (par ordre chronologique),Afrique occidentale française,Afrique occidentale francaise
afrique-occidentale-aec-1937-aof-togo-879c40,oreinach,O. Reinach,calve,Calvé,gerant,1931,"Statuts : J. O. C. I., 30 avril 1931",Documents généraux (par ordre chronologique),Afrique occidentale française,Afrique occidentale francaise
afrique-occidentale-aec-1937-aof-togo-879c40,oreinach,O. Reinach,grenouilleaubordelaiseforestiere,Grenouilleau. Société bordelaise forestière,gerant,1931,"Statuts : J. O. C. I., 30 avril 1931",Documents généraux (par ordre chronologique),Afrique occidentale française,Afrique occidentale francaise
afrique-occidentale-aec-1937-aof-togo-879c40,oreinach,O. Reinach,grandbassamexploitationacajous,Grand-Bassam. Société d'exploitation des acajous,gerant,1931,"Statuts : J. O. C. I., 30 avril 1931",Documents généraux (par ordre chronologique),Afrique occidentale française,Afrique occidentale francaise
afrique-occidentale-aec-1937-aof-togo-879c40,oreinach,O. Reinach,bassamexploitationproduitscoloniaux,Bassam. Société d'exploitation de produits coloniaux,gerant,1931,"Statuts : J. O. C. I., 30 avril 1931",Documents généraux (par ordre chronologique),Afrique occidentale française,Afrique occidentale francaise
afrique-occidentale-aec-1937-aof-togo-879c40,oreinach,O. Reinach,garagisteentrepriseherbelin,Garagiste. Entreprise L. Herbelin,gerant,1931,"Statuts : J. O. C. I., 30 avril 1931",Documents généraux (par ordre chronologique),Afrique occidentale française,Afrique occidentale francaise
afrique-occidentale-aec-1937-aof-togo-879c40,oreinach,O. Reinach,agencechevroletnicoue,Agence Chevrolet. A. Nicoué,gerant,1931,"Statuts : J. O. C. I., 30 avril 1931",Documents généraux (par ordre chronologique),Afrique occidentale française,Afrique occidentale francaise
afrique-occidentale-aec-1937-aof-togo-879c40,oreinach,O. Reinach,comm,Société comm,administrateur,1931,"Statuts : J. O. C. I., 30 avril 1931",Documents généraux (par ordre chronologique),Afrique occidentale française,Afrique occidentale francaise
afrique-occidentale-aec-1937-aof-togo-879c40,oreinach,O. Reinach,plemerlecomptoirtogo,P. Lemerle. Comptoir du Togo,administrateur,1931,"Statuts : J. O. C. I., 30 avril 1931",Documents généraux (par ordre chronologique),Afrique occidentale française,Afrique occidentale francaise
afrique-occidentale-aec-1949-aof-togo-9b7c17,colonialeagricoleindustrielle,Société coloniale agricole et industrielle des Anciens Établissements R,africainemagasinage,Société africaine de magasinage,president,1949,Annuaire des entreprises coloniales,Documents généraux (par ordre chronologique),Afrique occidentale française,Afrique occidentale francaise
afrique-occidentale-aec-1949-aof-togo-9b7c17,colonialeagricoleindustrielle,Société coloniale agricole et industrielle des Anciens Établissements R,cherifienneparticipation,Société chérifienne de participation,administrateur,1949,Annuaire des entreprises coloniales,Documents généraux (par ordre chronologique),Afrique occidentale française,Afrique occidentale francaise
afrique-occidentale-aec-1949-aof-togo-9b7c17,hotellerieafricaine,Société d'Hôtellerie africaine,airfrance,Cie Air-France,administrateur,1949,Annuaire des entreprises coloniales,Documents généraux (par ordre chronologique),Afrique occidentale française,Afrique occidentale francaise
afrique-occidentale-aec-1949-aof-togo-9b7c17,hotellerieafricaine,Société d'Hôtellerie africaine,unionafricaineagricole,Union Africaine agricole,administrateur,1949,Annuaire des entreprises coloniales,Documents généraux (par ordre chronologique),Afrique occidentale française,Afrique occidentale francaise
afrique-occidentale-aec-1949-aof-togo-9b7c17,hotellerieafricaine,Société d'Hôtellerie africaine,banqueafriqueoccidentale,Banque de l'Afrique Occidentale,administrateur,1949,Annuaire des entreprises coloniales,Documents généraux (par ordre chronologique),Afrique occidentale française,Afrique occidentale francaise
afrique-occidentale-aec-1949-aof-togo-9b7c17,ouestafricaineentreprisesmaritimes,Société Ouest-Africaine d'entreprises maritimes,navaleouest,Société navale de l'Ouest,gerant,1949,Annuaire des entreprises coloniales,Documents généraux (par ordre chronologique),Afrique occidentale française,Afrique occidentale francaise
afrique-occidentale-aec-1949-aof-togo-9b7c17,minierehautsassandra,Cie minière du Haut-Sassandra,achodfringhian,Société Achod Fringhian,administrateur,1949,Annuaire des entreprises coloniales,Documents généraux (par ordre chronologique),Afrique occidentale française,Afrique occidentale francaise
afrique-occidentale-aec-1949-aof-togo-9b7c17,senegalaiseprecontrainteindustrielle,Société sénégalaise de précontrainte industrielle,afriqueoccidentale,Cie française de l'Afrique occidentale,president,1949,Annuaire des entreprises coloniales,Documents généraux (par ordre chronologique),Afrique occidentale française,Afrique occidentale francaise
afrique-occidentale-aec-1949-aof-togo-9b7c17,senegalaiseprecontrainteindustrielle,Société sénégalaise de précontrainte industrielle,entreprisesdragages,Société française d'entreprises de dragages,administrateur,1949,Annuaire des entreprises coloniales,Documents généraux (par ordre chronologique),Afrique occidentale française,Afrique occidentale francaise
afrique-occidentale-aec-1949-aof-togo-9b7c17,forestierecommercialeafricaine,Société forestière et commerciale africaine,forestiereindenie,Cie forestière de l'Indénié,administrateur,1949,Annuaire des entreprises coloniales,Documents généraux (par ordre chronologique),Afrique occidentale française,Afrique occidentale francaise
afrique-occidentale-aec-1949-aof-togo-9b7c17,forestierecommercialeafricaine,Société forestière et commerciale africaine,travauxafricains,Société générale de travaux africains,administrateur,1949,Annuaire des entreprises coloniales,Documents généraux (par ordre chronologique),Afrique occidentale française,Afrique occidentale francaise
afrique-occidentale-aec-1951-aof-togo-9a864d,transportsmaritimesafriqueoccidentalectm,Cie de transports maritimes de l'Afrique occidentale Française (C.T.M. de,financierearmement,Société financière de l'Armement,administrateur,1951,Annuaire des entreprises coloniales,Documents généraux (par ordre chronologique),Afrique occidentale française,Afrique occidentale francaise
afrique-occidentale-aec-1951-aof-togo-9a864d,messageriesafricaines,Messageries africaines,etsdeves,Éts Devès,administrateur,1951,Annuaire des entreprises coloniales,Documents généraux (par ordre chronologique),Afrique occidentale française,Afrique occidentale francaise
afrique-occidentale-aec-1951-aof-togo-9a864d,messageriesafricaines,Messageries africaines,niger,Cie du Niger français,administrateur,1951,Annuaire des entreprises coloniales,Documents généraux (par ordre chronologique),Afrique occidentale française,Afrique occidentale francaise
afrique-occidentale-aec-1951-aof-togo-9a864d,messageriessenegal,Messageries du Sénégal,hautogooue,Société du Haut-Ogooué,administrateur,1951,Annuaire des entreprises coloniales,Documents généraux (par ordre chronologique),Afrique occidentale française,Afrique occidentale francaise
afrique-occidentale-aec-1951-aof-togo-9a864d,immobilierefinanciereafricaine,Société immobilière et financière africaine,immobiliereiafriqueoccidentale,Société immobilière de I'Afrique Occidentale,administrateur,1951,Annuaire des entreprises coloniales,Documents généraux (par ordre chronologique),Afrique occidentale française,Afrique occidentale francaise
afrique-occidentale-aec-1951-aof-togo-9a864d,auxiliaireafricainedeveloppementcommerce,"Société auxiliaire africaine pour le développement du commerce, de",anciensetablissementschpeyrissac,Anciens Établissements Ch. Peyrissac,administrateur,1951,Annuaire des entreprises coloniales,Documents généraux (par ordre chronologique),Afrique occidentale française,Afrique occidentale francaise
afrique-occidentale-aec-1951-aof-togo-9a864d,commercialeafrique,Commerciale de l'Afrique française,exploitationscommercialesafricaines,Cie d'exploitations commerciales africaines,administrateur,1951,Annuaire des entreprises coloniales,Documents généraux (par ordre chronologique),Afrique occidentale française,Afrique occidentale francaise
afrique-occidentale-aec-1951-aof-togo-9a864d,baltivent,Cie Baltivent,andreventurecolonialeafrique,André Venture. Cie coloniale de l'Afrique française,administrateur,1951,Annuaire des entreprises coloniales,Documents généraux (par ordre chronologique),Afrique occidentale française,Afrique occidentale francaise
afrique-occidentale-aec-1951-aof-togo-9a864d,drogueriesafricainesmanufacturesmatierescolorantes,Cie des drogueries africaines et manufactures de matières colorantes,administrateursexploitationscommercialesafricaines,administrateurs. Cie d'exploitations commerciales africaines,administrateur,1951,Annuaire des entreprises coloniales,Documents généraux (par ordre chronologique),Afrique occidentale française,Afrique occidentale francaise
afrique-occidentale-aec-1951-aof-togo-9a864d,drogueriesafricainesmanufacturesmatierescolorantes,Cie des drogueries africaines et manufactures de matières colorantes,agenceabidjan,Agence à Abidjan,administrateur,1951,Annuaire des entreprises coloniales,Documents généraux (par ordre chronologique),Afrique occidentale française,Afrique occidentale francaise
afrique-occidentale-aec-1951-aof-togo-9a864d,coteivoire,Cie française de la Côte-d'Ivoire,forestier,Forestier,administrateur,1951,Annuaire des entreprises coloniales,Documents généraux (par ordre chronologique),Afrique occidentale française,Afrique occidentale francaise
afrique-occidentale-aec-1951-aof-togo-9a864d,depotspetroliersafriqueoccidentale,Cie française de dépôts pétroliers en Afrique Occidentale française,petroles,Cie française des pétroles,administrateur,1951,Annuaire des entreprises coloniales,Documents généraux (par ordre chronologique),Afrique occidentale française,Afrique occidentale francaise
afrique-occidentale-aec-1951-aof-togo-9a864d,distributionpetrolesafrique,Cie française de distribution des pétroles en Afrique,petroles,Cie française des pétroles,administrateur,1951,Annuaire des entreprises coloniales,Documents généraux (par ordre chronologique),Afrique occidentale française,Afrique occidentale francaise
afrique-occidentale-aec-1951-aof-togo-9a864d,niger,Cie du Niger français,textileouestafricainfiliale,Cie textile de l'Ouest-Africain [filiale,administrateur,1951,Annuaire des entreprises coloniales,Documents généraux (par ordre chronologique),Afrique occidentale française,Afrique occidentale francaise
afrique-occidentale-aec-1951-aof-togo-9a864d,niger,Cie du Niger français,comptoirautomobile,Comptoir de l'automobile,gerant,1963,"à 37 % selon Doc. af., 1963",Documents généraux (par ordre chronologique),Afrique occidentale française,Afrique occidentale francaise
afrique-occidentale-aec-1951-aof-togo-9a864d,comptoircommercialfrancoafricain,Comptoir commercial franco-africain,admincomptoirmines,admin. Comptoir des mines,administrateur,1963,"à 37 % selon Doc. af., 1963",Documents généraux (par ordre chronologique),Afrique occidentale française,Afrique occidentale francaise
afrique-occidentale-aec-1951-aof-togo-9a864d,dakarsoutes,« Dakar-Soutes »,wilsonsonscltd,Wilson Sons and C° Ltd,administrateur,1963,"à 37 % selon Doc. af., 1963",Documents généraux (par ordre chronologique),Afrique occidentale française,Afrique occidentale francaise
afrique-occidentale-aec-1951-aof-togo-9a864d,dakarsoutes,« Dakar-Soutes »,charbonnagesdakar,Compagnie Française des Charbonnages de Dakar,administrateur,1963,"à 37 % selon Doc. af., 1963",Documents généraux (par ordre chronologique),Afrique occidentale française,Afrique occidentale francaise
afrique-occidentale-aec-1951-aof-togo-9a864d,dakarsoutes,« Dakar-Soutes »,lambertbrothersltd,Lambert Brothers Ltd,administrateur,1963,"à 37 % selon Doc. af., 1963",Documents généraux (par ordre chronologique),Afrique occidentale française,Afrique occidentale francaise
afrique-occidentale-aec-1951-aof-togo-9a864d,dakarsoutes,« Dakar-Soutes »,salisburyexportersltd,Salisbury Exporters Ltd,administrateur,1963,"à 37 % selon Doc. af., 1963",Documents généraux (par ordre chronologique),Afrique occidentale française,Afrique occidentale francaise
afrique-occidentale-aec-1951-aof-togo-9a864d,cffabre,C.-F. Fabre et Cie,commission,Cie française de Commission,administrateur,1963,"à 37 % selon Doc. af., 1963",Documents généraux (par ordre chronologique),Afrique occidentale française,Afrique occidentale francaise
afrique-occidentale-aec-1951-aof-togo-9a864d,groupementcommercialafricain,Groupement commercial africain,representationsindustr,Cie Représentations industr,gerant,1963,"à 37 % selon Doc. af., 1963",Documents généraux (par ordre chronologique),Afrique occidentale française,Afrique occidentale francaise
afrique-occidentale-aec-1951-aof-togo-9a864d,senegal,« Sénégal »,charbonnagesdakar,Cie Française des Charbonnages de Dakar,administrateur,1963,"à 37 % selon Doc. af., 1963",Documents généraux (par ordre chronologique),Afrique occidentale française,Afrique occidentale francaise
afrique-occidentale-aec-1951-aof-togo-9a864d,africaineassurancesf,Société africaine d'assurances (S.A.F,commerceafricain,Commerce Africain. S.A,administrateur,1963,"à 37 % selon Doc. af., 1963",Documents généraux (par ordre chronologique),Afrique occidentale française,Afrique occidentale francaise
afrique-occidentale-aec-1951-aof-togo-9a864d,africaineassurancesf,Société africaine d'assurances (S.A.F,banqueiafriqueoccidentale,Banque de I'Afrique Occidentale S. A,administrateur,1963,"à 37 % selon Doc. af., 1963",Documents généraux (par ordre chronologique),Afrique occidentale française,Afrique occidentale francaise
afrique-occidentale-aec-1951-aof-togo-9a864d,africaineassurancesf,Société africaine d'assurances (S.A.F,soudanaise,Compagnie Soudanaise,administrateur,1963,"à 37 % selon Doc. af., 1963",Documents généraux (par ordre chronologique),Afrique occidentale française,Afrique occidentale francaise
afrique-occidentale-aec-1951-aof-togo-9a864d,africaineassurancesf,Société africaine d'assurances (S.A.F,officetechniqueassurances,Office technique d'assurances S. A.°,administrateur,1963,"à 37 % selon Doc. af., 1963",Documents généraux (par ordre chronologique),Afrique occidentale française,Afrique occidentale francaise
afrique-occidentale-aec-1951-aof-togo-9a864d,africaineassurancesf,Société africaine d'assurances (S.A.F,officetechniqueassurances,Office Technique d'Assurances,administrateur,1963,"à 37 % selon Doc. af., 1963",Documents généraux (par ordre chronologique),Afrique occidentale française,Afrique occidentale francaise
afrique-occidentale-aec-1951-aof-togo-9a864d,africainefinanciereagricole,Société africaine financière et agricole,lucienpirletafricainemagasinage,Lucien Pirlet. Société africaine de magasinage,administrateur,1963,"à 37 % selon Doc. af., 1963",Documents généraux (par ordre chronologique),Afrique occidentale française,Afrique occidentale francaise
afrique-occidentale-aec-1951-aof-togo-9a864d,africainefinanciereagricole,Société africaine financière et agricole,transitafricainepublicite,transit.. Société africaine de Publicité,administrateur,1963,"à 37 % selon Doc. af., 1963",Documents généraux (par ordre chronologique),Afrique occidentale française,Afrique occidentale francaise
afrique-occidentale-aec-1951-aof-togo-9a864d,entreposagevins,Société d'entreposage des vins,etsvqpetersen,Éts V. Q. Petersen,administrateur,1958,"Espalion, Ardèche, 1880-Paris, 1958",Documents généraux (par ordre chronologique),Afrique occidentale française,Afrique occidentale francaise
afrique-occidentale-aec-1951-aof-togo-9a864d,vins,Société française des vins,afriqueoccidentale,Cie française de l'Afrique Occidentale,president,1958,"Espalion, Ardèche, 1880-Paris, 1958",Documents généraux (par ordre chronologique),Afrique occidentale française,Afrique occidentale francaise
afrique-occidentale-aec-1951-aof-togo-9a864d,golfeguinee,Société générale du Golfe de Guinée,omniumsucrier,Omnium Sucrier,administrateur,1958,"Espalion, Ardèche, 1880-Paris, 1958",Documents généraux (par ordre chronologique),Afrique occidentale française,Afrique occidentale francaise
afrique-occidentale-aec-1951-aof-togo-9a864d,golfeguinee,Société générale du Golfe de Guinée,miniereafema,de la Cie minière de l'Afema,administrateur,1958,"Espalion, Ardèche, 1880-Paris, 1958",Documents généraux (par ordre chronologique),Afrique occidentale française,Afrique occidentale francaise
afrique-occidentale-aec-1951-aof-togo-9a864d,golfeguinee,Société générale du Golfe de Guinée,africainefinanciere,de la Société africaine financière,administrateur,1958,"Espalion, Ardèche, 1880-Paris, 1958",Documents généraux (par ordre chronologique),Afrique occidentale française,Afrique occidentale francaise
afrique-occidentale-aec-1951-aof-togo-9a864d,hotellerieafricaine,Société d'hôtellerie africaine,airfrance,Cie Air-France,administrateur,1955,"Belley, 1888-Paris, 1955",Documents généraux (par ordre chronologique),Afrique occidentale française,Afrique occidentale francaise
afrique-occidentale-aec-1951-aof-togo-9a864d,hotellerieafricaine,Société d'hôtellerie africaine,unionafricaineagricole,Union africaine agricole,administrateur,1955,"Belley, 1888-Paris, 1955",Documents généraux (par ordre chronologique),Afrique occidentale française,Afrique occidentale francaise
afrique-occidentale-aec-1951-aof-togo-9a864d,hotellerieafricaine,Société d'hôtellerie africaine,banqueafriqueoccidentale,Banque de l'Afrique Occidentale,administrateur,1955,"Belley, 1888-Paris, 1955",Documents généraux (par ordre chronologique),Afrique occidentale française,Afrique occidentale francaise
afrique-occidentale-aec-1951-aof-togo-9a864d,hotelleriebamako,Société d'hôtellerie de Bamako,banqueafriqueoccidentale,Banque de l'Afrique Occidentale,administrateur,1955,"Belley, 1888-Paris, 1955",Documents généraux (par ordre chronologique),Afrique occidentale française,Afrique occidentale francaise
afrique-occidentale-aec-1951-aof-togo-9a864d,hotelleriebamako,Société d'hôtellerie de Bamako,afriqueoccidentale,Cie française de l'Afrique Occidentale,administrateur,1955,"Belley, 1888-Paris, 1955",Documents généraux (par ordre chronologique),Afrique occidentale française,Afrique occidentale francaise
afrique-occidentale-aec-1951-aof-togo-9a864d,hotelleriebamako,Société d'hôtellerie de Bamako,directeurfinancessoudan,Directeur des Finances au Soudan français,administrateur,1955,"Belley, 1888-Paris, 1955",Documents généraux (par ordre chronologique),Afrique occidentale française,Afrique occidentale francaise
afrique-occidentale-aec-1951-aof-togo-9a864d,importationafricaine,Société d'importation africaine,automobileguineeindustrielle,automobile de Guinée. Société industrielle,gerant,1955,"Belley, 1888-Paris, 1955",Documents généraux (par ordre chronologique),Afrique occidentale française,Afrique occidentale francaise
afrique-occidentale-aec-1951-aof-togo-9a864d,palme,Société « Palme »,afriqueocccid,Cie française de l'Afrique occcid,administrateur,1955,"Belley, 1888-Paris, 1955",Documents généraux (par ordre chronologique),Afrique occidentale française,Afrique occidentale francaise
afrique-occidentale-aec-1951-aof-togo-9a864d,palme,Société « Palme »,niger,Cie du Niger français,administrateur,1955,"Belley, 1888-Paris, 1955",Documents généraux (par ordre chronologique),Afrique occidentale française,Afrique occidentale francaise
afrique-occidentale-aec-1951-aof-togo-9a864d,palme,Société « Palme »,patersonzochoniscoltd,Paterson-Zochonis and Co Ltd,administrateur,1955,"Belley, 1888-Paris, 1955",Documents généraux (par ordre chronologique),Afrique occidentale française,Afrique occidentale francaise
afrique-occidentale-aec-1951-aof-togo-9a864d,palme,Société « Palme »,jholtcoltd,J. Holt and Co Ltd,administrateur,1955,"Belley, 1888-Paris, 1955",Documents généraux (par ordre chronologique),Afrique occidentale française,Afrique occidentale francaise
afrique-occidentale-aec-1951-aof-togo-9a864d,airof,Air-A.-O. F,bo,B. A. O,administrateur,1943,"JOEF, 17 mai 1943",Documents généraux (par ordre chronologique),Afrique occidentale française,Afrique occidentale francaise
afrique-occidentale-aec-1951-aof-togo-9a864d,africaineforestiereallumettes,Cie africaine forestière et des allumettes,denisfreres,Sté Denis frères,administrateur,1943,"JOEF, 17 mai 1943",Documents généraux (par ordre chronologique),Afrique occidentale française,Afrique occidentale francaise
afrique-occidentale-aec-1951-aof-togo-9a864d,africaineforestiereallumettes,Cie africaine forestière et des allumettes,indochinoiseforestiere,Sté Indochinoise forestière,administrateur,1943,"JOEF, 17 mai 1943",Documents généraux (par ordre chronologique),Afrique occidentale française,Afrique occidentale francaise
afrique-occidentale-aec-1951-aof-togo-9a864d,africaineforestiereallumettes,Cie africaine forestière et des allumettes,iunionafricaineagricole,I'Union africaine agricole,administrateur,1943,"JOEF, 17 mai 1943",Documents généraux (par ordre chronologique),Afrique occidentale française,Afrique occidentale francaise
afrique-occidentale-aec-1951-aof-togo-9a864d,africainetransportsautomobiles,Cie africaine de transports automobiles,andrelaugaagricole,André Lauga. Cie agricole,gerant,1943,"JOEF, 17 mai 1943",Documents généraux (par ordre chronologique),Afrique occidentale française,Afrique occidentale francaise
afrique-occidentale-aec-1951-aof-togo-9a864d,africainetransportsautomobiles,Cie africaine de transports automobiles,industriellebadikahausinesfilature,industrielle de Badikaha. Usines de filature,gerant,1943,"JOEF, 17 mai 1943",Documents généraux (par ordre chronologique),Afrique occidentale française,Afrique occidentale francaise
afrique-occidentale-aec-1951-aof-togo-9a864d,miniereconakry,Cie minière de Conakry,bureauminierfranceoutremer,Bureau minier de la France d'Outre-Mer,administrateur,1953,"Pau, 1879-Paris, 1953",Documents généraux (par ordre chronologique),Afrique occidentale française,Afrique occidentale francaise
afrique-occidentale-aec-1951-aof-togo-9a864d,miniereconakry,Cie minière de Conakry,francoamericainemetaux,Cie Franco-Américaine des métaux,administrateur,1953,"Pau, 1879-Paris, 1953",Documents généraux (par ordre chronologique),Afrique occidentale française,Afrique occidentale francaise
afrique-occidentale-aec-1951-aof-togo-9a864d,electrificationafricaine,Électrification africaine,afriqueoccidentale,Cie française de l'Afrique Occidentale,administrateur,1953,"Pau, 1879-Paris, 1953",Documents généraux (par ordre chronologique),Afrique occidentale française,Afrique occidentale francaise
afrique-occidentale-aec-1951-aof-togo-9a864d,entreprisecentreafrique,Entreprise du Centre-Afrique,adminconstructionsciviles,admin. La Société de constructions civiles,administrateur,1953,"Pau, 1879-Paris, 1953",Documents généraux (par ordre chronologique),Afrique occidentale française,Afrique occidentale francaise
afrique-occidentale-aec-1951-aof-togo-9a864d,jheudebert,J. Heudebert et Cie,dakar,Cie » Dakar,administrateur,1953,"Pau, 1879-Paris, 1953",Documents généraux (par ordre chronologique),Afrique occidentale française,Afrique occidentale francaise
afrique-occidentale-aec-1951-aof-togo-9a864d,salinscapvert,Salins du Cap-Vert,salinesdax,Cie des salines de Dax,administrateur,1963,"Doc af., 1963",Documents généraux (par ordre chronologique),Afrique occidentale française,Afrique occidentale francaise
afrique-occidentale-aec-1951-aof-togo-9a864d,africaineentrepriseshydrauliques,Société africaine d'entreprises hydrauliques,eauxetranger,Cie générale des eaux pour l'étranger,administrateur,1963,"Doc af., 1963",Documents généraux (par ordre chronologique),Afrique occidentale française,Afrique occidentale francaise
afrique-occidentale-aec-1951-aof-togo-9a864d,africainetransportstropicaux,Société africaine des Transports tropicaux,aeroafricaine,Cie aéro-africaine,administrateur,1963,"Doc af., 1963",Documents généraux (par ordre chronologique),Afrique occidentale française,Afrique occidentale francaise
afrique-occidentale-aec-1951-aof-togo-9a864d,alsaciennecoteivoire,Société alsacienne de la Côte-d'Ivoire,colonies,Cie générale des colonies,administrateur,1963,"Doc af., 1963",Documents généraux (par ordre chronologique),Afrique occidentale française,Afrique occidentale francaise
afrique-occidentale-aec-1951-aof-togo-9a864d,entreprisesmonod,Société anonyme des Entreprises A. Monod,adminfruitcolonial,admin. Société anonyme du fruit colonial français,administrateur,1963,"Doc af., 1963",Documents généraux (par ordre chronologique),Afrique occidentale française,Afrique occidentale francaise
afrique-occidentale-aec-1951-aof-togo-9a864d,atelierschantiersmaritimesdakar,Société des ateliers et chantiers maritimes de Dakar,fsecharbonnagesdakar,Cie fse des Charbonnages de Dakar,administrateur,1963,"Doc af., 1963",Documents généraux (par ordre chronologique),Afrique occidentale française,Afrique occidentale francaise
afrique-occidentale-aec-1951-aof-togo-9a864d,agenceabidjan,Agence à Abidjan,jacquespuravetdakaroisetransit,Jacques Puravet. Société dakaroise de transit,directeur,1963,"Doc af., 1963",Documents généraux (par ordre chronologique),Afrique occidentale française,Afrique occidentale francaise
afrique-occidentale-aec-1951-aof-togo-9a864d,etudestravauxcoloniaux,Société d'études et de travaux coloniaux,entreprisesdragages,Société française d'entreprises de dragages,gerant,1963,"Doc af., 1963",Documents généraux (par ordre chronologique),Afrique occidentale française,Afrique occidentale francaise
afrique-occidentale-aec-1951-aof-togo-9a864d,etudestravauxcoloniaux,Société d'études et de travaux coloniaux,travauxpublicsagencedakar,de travaux publics. Agence à DAKAR,gerant,1963,"Doc af., 1963",Documents généraux (par ordre chronologique),Afrique occidentale française,Afrique occidentale francaise
afrique-occidentale-aec-1951-aof-togo-9a864d,guineennerecherchesexploitationsminieres,Société guinéenne de recherches et d'exploitations minières,gouvernementof,Gouvernement général de l'A. O F,administrateur,1963,"Doc af., 1963",Documents généraux (par ordre chronologique),Afrique occidentale française,Afrique occidentale francaise
afrique-occidentale-aec-1951-aof-togo-9a864d,guineennerecherchesexploitationsminieres,Société guinéenne de recherches et d'exploitations minières,gouvernementguinee,Gouvernement de la Guinée française,administrateur,1963,"Doc af., 1963",Documents généraux (par ordre chronologique),Afrique occidentale française,Afrique occidentale francaise
afrique-occidentale-aec-1951-aof-togo-9a864d,huileriesrizeriesouestafricainesh,Société des huileries et rizeries ouest-africaines (S.H,colonies,Cie générale des colonies,administrateur,1963,"Doc af., 1963",Documents généraux (par ordre chronologique),Afrique occidentale française,Afrique occidentale francaise
afrique-occidentale-aec-1951-aof-togo-9a864d,minieredahomeyniger,Société minière du Dahomey-Niger,gouvernementof,Gouvernement général de l'A.-O. F,administrateur,1963,"Doc af., 1963",Documents généraux (par ordre chronologique),Afrique occidentale française,Afrique occidentale francaise
afrique-occidentale-aec-1951-aof-togo-9a864d,minieredahomeyniger,Société minière du Dahomey-Niger,gouvernementniger,Gouvernement du Niger,administrateur,1963,"Doc af., 1963",Documents généraux (par ordre chronologique),Afrique occidentale française,Afrique occidentale francaise
afrique-occidentale-aec-1951-aof-togo-9a864d,minieredahomeyniger,Société minière du Dahomey-Niger,jacquesansaultcommissairegouvernement,Jacques Ansault. Commissaire du gouvernement,secretaire,1963,"Doc af., 1963",Documents généraux (par ordre chronologique),Afrique occidentale française,Afrique occidentale francaise
afrique-occidentale-aec-1951-aof-togo-9a864d,minieredahomeyniger,Société minière du Dahomey-Niger,directeurfinancesof,Directeur des Finances de l'A.-O. F,administrateur,1963,"Doc af., 1963",Documents généraux (par ordre chronologique),Afrique occidentale française,Afrique occidentale francaise
afrique-occidentale-aec-1951-aof-togo-9a864d,parisienneindustrieelectrique,Société parisienne pour l'industrie électrique,adminouestafricaineentreprisesmaritimes,admin. Société ouest-africaine d'entreprises maritimes,administrateur,1963,"Doc af., 1963",Documents généraux (par ordre chronologique),Afrique occidentale française,Afrique occidentale francaise
afrique-occidentale-aec-1951-aof-togo-9a864d,senegalaiseapprovisionnements,Société sénégalaise d'approvisionnements,commercialeportsafricains,Société Commerciale des Ports Africains,secretaire,1963,"Doc af., 1963",Documents généraux (par ordre chronologique),Afrique occidentale française,Afrique occidentale francaise
afrique-occidentale-aec-1951-aof-togo-9a864d,senegalaiseprecontrainteindustrielle,Société sénégalaise de précontrainte industrielle,afriqueoccidentale,Cie française de l'Afrique occidentale,president,1963,"Doc af., 1963",Documents généraux (par ordre chronologique),Afrique occidentale française,Afrique occidentale francaise
afrique-occidentale-aec-1951-aof-togo-9a864d,senegalaiseprecontrainteindustrielle,Société sénégalaise de précontrainte industrielle,entreprisesdragages,Société française d'entreprises de dragages,administrateur,1963,"Doc af., 1963",Documents généraux (par ordre chronologique),Afrique occidentale française,Afrique occidentale francaise
afrique-occidentale-aec-1951-aof-togo-9a864d,unionhydroelectriqueafricaine,Union hydro-électrique africaine,eaux,Cie des Eaux,administrateur,1963,"Doc af., 1963",Documents généraux (par ordre chronologique),Afrique occidentale française,Afrique occidentale francaise
afrique-occidentale-aec-1951-aof-togo-9a864d,unionhydroelectriqueafricaine,Union hydro-électrique africaine,entreprises,Cie Générale d'Entreprises,administrateur,1963,"Doc af., 1963",Documents généraux (par ordre chronologique),Afrique occidentale française,Afrique occidentale francaise
afrique-occidentale-aec-1951-aof-togo-9a864d,unionhydroelectriqueafricaine,Union hydro-électrique africaine,unionafricaineagricole,Union africaine agricole,administrateur,1963,"Doc af., 1963",Documents généraux (par ordre chronologique),Afrique occidentale française,Afrique occidentale francaise
afrique-occidentale-aec-1951-aof-togo-9a864d,unionsenegalaiseindustriesmaritimes,Union sénégalaise d'industries maritimes,delmasvieljeux,Cie Delmas Vieljeux,administrateur,1963,"Doc af., 1963",Documents généraux (par ordre chronologique),Afrique occidentale française,Afrique occidentale francaise
afrique-occidentale-aec-1951-aof-togo-9a864d,agriculturecommerceindustrieafrique,"Cie d'agriculture, de commerce et d'industrie d'Afrique",tournanbordelaisecoteivoire,Tournan. Cie bordelaise de la Côte-d'Ivoire,administrateur,1963,"Doc af., 1963",Documents généraux (par ordre chronologique),Afrique occidentale française,Afrique occidentale francaise
afrique-occidentale-aec-1951-aof-togo-9a864d,institutrechercheshuilespalmeoleagineux,Institut de Recherches pour les huiles de palme et oléagineux,directeursaffaireseconom,Directeurs des Affaires économ,administrateur,1963,"Doc af., 1963",Documents généraux (par ordre chronologique),Afrique occidentale française,Afrique occidentale francaise
afrique-occidentale-aec-1951-aof-togo-9a864d,institutrechercheshuilespalmeoleagineux,Institut de Recherches pour les huiles de palme et oléagineux,inspecteurjtupinier,l'Inspecteur général J. Tupinier,administrateur,1963,"Doc af., 1963",Documents généraux (par ordre chronologique),Afrique occidentale française,Afrique occidentale francaise
afrique-occidentale-aec-1951-aof-togo-9a864d,institutrechercheshuilespalmeoleagineux,Institut de Recherches pour les huiles de palme et oléagineux,hautscommissaires,Hauts-Commissaires,administrateur,1963,"Doc af., 1963",Documents généraux (par ordre chronologique),Afrique occidentale française,Afrique occidentale francaise
afrique-occidentale-aec-1951-aof-togo-9a864d,sisaleraiescarburantsafricains,Sisaleraies et carburants africains,africaine,??? Société africaine,administrateur,1963,"Doc af., 1963",Documents généraux (par ordre chronologique),Afrique occidentale française,Afrique occidentale francaise
afrique-occidentale-aec-1951-aof-togo-9a864d,colonialeagricolecommercialeindustrielleafrique,"Société coloniale, agricole, commerciale et industrielle de l'Afrique",colonialesacplantationssisal,Société coloniale du sac. Plantations de sisal,administrateur,1963,"Doc af., 1963",Documents généraux (par ordre chronologique),Afrique occidentale française,Afrique occidentale francaise
afrique-occidentale-aec-1951-aof-togo-9a864d,commercialeagricoleditinn,Société commerciale et agricole de Ditinn,unicomer,L'UNICOMER,gerant,1963,"Doc af., 1963",Documents généraux (par ordre chronologique),Afrique occidentale française,Afrique occidentale francaise
afrique-occidentale-aec-1951-aof-togo-9a864d,commercialeagricoleguinee,Société commerciale et agricole de Guinée,luciengillycommerciale,Lucien Gilly. Société commerciale,administrateur,1963,"Doc af., 1963",Documents généraux (par ordre chronologique),Afrique occidentale française,Afrique occidentale francaise
afrique-occidentale-aec-1951-aof-togo-9a864d,exploitationforestiere,Société d'exploitation forestière,banqueindustrielle,Banque générale industrielle,administrateur,1963,"Doc af., 1963",Documents généraux (par ordre chronologique),Afrique occidentale française,Afrique occidentale francaise
afrique-occidentale-aec-1951-aof-togo-9a864d,exploitationforestiere,Société d'exploitation forestière,creditfoncierafrique,Crédit foncier d'Afrique,administrateur,1963,"Doc af., 1963",Documents généraux (par ordre chronologique),Afrique occidentale française,Afrique occidentale francaise
afrique-occidentale-aec-1951-aof-togo-9a864d,forestierecommercialeafricaine,Société forestière et commerciale africaine,forestiereindenie,Cie forestière de l'Indénié,administrateur,1963,"Doc af., 1963",Documents généraux (par ordre chronologique),Afrique occidentale française,Afrique occidentale francaise
afrique-occidentale-aec-1951-aof-togo-9a864d,forestierecommercialeafricaine,Société forestière et commerciale africaine,travauxafricains,Société générale de travaux africains,administrateur,1963,"Doc af., 1963",Documents généraux (par ordre chronologique),Afrique occidentale française,Afrique occidentale francaise
afrique-occidentale-aec-1951-aof-togo-9a864d,cafescoteivoire,Société française des Cafés de la Côte-d'Ivoire,usinesegrenagecoton,Usines d'égrenage de coton,administrateur,1963,"Doc af., 1963",Documents généraux (par ordre chronologique),Afrique occidentale française,Afrique occidentale francaise
afrique-occidentale-aec-1951-aof-togo-9a864d,yoniakolentekolente,"« La Yonia Kolenté », KOLENTÉ",mineslucette,Mines de la Lucette,administrateur,1963,"Doc af., 1963",Documents généraux (par ordre chronologique),Afrique occidentale française,Afrique occidentale francaise
afrique-occidentale-aec-1951-aof-togo-9a864d,biblisfarner,Biblis et Farner,plantations,Plantations,gerant,1951,"Orléans, 19 août 1872-Sceaux, 11 août 1951",Documents généraux (par ordre chronologique),Afrique occidentale française,Afrique occidentale francaise
afrique-occidentale-aec-1951-aof-togo-9a864d,biblisfarner,Biblis et Farner,imprimeditioncomptoirafricainproduitsindustriels,imprim.- édition. Comptoir africain de produits industriels,gerant,1951,"Orléans, 19 août 1872-Sceaux, 11 août 1951",Documents généraux (par ordre chronologique),Afrique occidentale française,Afrique occidentale francaise
afrique-occidentale-aec-1951-aof-togo-9a864d,biblisfarner,Biblis et Farner,garageentrepriseherbelin,Garage. Entreprise L. Herbelin,gerant,1951,"Orléans, 19 août 1872-Sceaux, 11 août 1951",Documents généraux (par ordre chronologique),Afrique occidentale française,Afrique occidentale francaise
afrique-occidentale-aec-1951-aof-togo-9a864d,biblisfarner,Biblis et Farner,plantation,Plantation,gerant,1951,"Orléans, 19 août 1872-Sceaux, 11 août 1951",Documents généraux (par ordre chronologique),Afrique occidentale française,Afrique occidentale francaise
afrique-occidentale-aec-1951-cote-ivoire-9a27f1,theodorejvieyra,Théodore J. Vieyra,unionafricaineagric,Union africaine agric,administrateur,1951,Annuaire des entreprises coloniales,Documents généraux (par ordre chronologique),Côte d'Ivoire,Afrique occidentale francaise
afrique-occidentale-aec-1951-cote-ivoire-9a27f1,theodorejvieyra,Théodore J. Vieyra,colonialesacfournierbidoz,Société coloniale du Sac. Fournier-Bidoz,administrateur,1951,Annuaire des entreprises coloniales,Documents généraux (par ordre chronologique),Côte d'Ivoire,Afrique occidentale francaise
afrique-occidentale-aec-1951-cote-ivoire-9a27f1,theodorejvieyra,Théodore J. Vieyra,kapokplantationskapokiers,kapok. Plantations de kapokiers,gerant,1951,Annuaire des entreprises coloniales,Documents généraux (par ordre chronologique),Côte d'Ivoire,Afrique occidentale francaise
afrique-occidentale-aec-1951-cote-ivoire-9a27f1,theodorejvieyra,Théodore J. Vieyra,plantationsleonpascal,Plantations. Leon Pascal,gerant,1951,Annuaire des entreprises coloniales,Documents généraux (par ordre chronologique),Côte d'Ivoire,Afrique occidentale francaise
afrique-occidentale-aec-1951-cote-ivoire-9a27f1,theodorejvieyra,Théodore J. Vieyra,calve,Calvé,gerant,1951,Annuaire des entreprises coloniales,Documents généraux (par ordre chronologique),Côte d'Ivoire,Afrique occidentale francaise
afrique-occidentale-aec-1951-cote-ivoire-9a27f1,theodorejvieyra,Théodore J. Vieyra,grenouilleauboissassandra,Grenouilleau. Société des bois de Sassandra,gerant,1951,Annuaire des entreprises coloniales,Documents généraux (par ordre chronologique),Côte d'Ivoire,Afrique occidentale francaise
afrique-occidentale-aec-1951-cote-ivoire-9a27f1,theodorejvieyra,Théodore J. Vieyra,parisexploitationproduitscoloniaux,Paris. Société d'exploitation de produits coloniaux,gerant,1951,Annuaire des entreprises coloniales,Documents généraux (par ordre chronologique),Côte d'Ivoire,Afrique occidentale francaise
afrique-occidentale-aec-1951-cote-ivoire-9a27f1,theodorejvieyra,Théodore J. Vieyra,bp14,Cie. B. P. 14,gerant,1951,Annuaire des entreprises coloniales,Documents généraux (par ordre chronologique),Côte d'Ivoire,Afrique occidentale francaise
afrique-occidentale-aec-1951-cote-ivoire-9a27f1,theodorejvieyra,Théodore J. Vieyra,algerscieriesbaouke,Alger. Société des scieries du Baouké,gerant,1951,Annuaire des entreprises coloniales,Documents généraux (par ordre chronologique),Côte d'Ivoire,Afrique occidentale francaise
afrique-occidentale-aec-1951-guinee-c7cf01,constantinfrere,Constantin et frère,mauriceperrinplantationmoukarim,Maurice Perrin. Plantation Moukarim,gerant,1951,Annuaire des entreprises coloniales,,Guinée Conakry,Afrique occidentale francaise
afrique-occidentale-aec-1951-guinee-c7cf01,constantinfrere,Constantin et frère,coyahplantationssaintyves,Coyah. Plantations Saint-Yves,gerant,1951,Annuaire des entreprises coloniales,,Guinée Conakry,Afrique occidentale francaise
afrique-occidentale-aec-1951-guinee-c7cf01,constantinfrere,Constantin et frère,pierreclastresplantationsamaya,Pierre Clastres°. Plantation de la Samaya,gerant,1951,Annuaire des entreprises coloniales,,Guinée Conakry,Afrique occidentale francaise
afrique-occidentale-aec-1951-guinee-c7cf01,constantinfrere,Constantin et frère,bananeraieplantationssoutisougueta,Bananeraie. Plantations de Sou Ti à Sougueta,gerant,1951,Annuaire des entreprises coloniales,,Guinée Conakry,Afrique occidentale francaise
afrique-occidentale-ann-indus-1925-aof-2ae958,comptoirindustrielagricolefrancecolonies,COMPTOIR INDUSTRIEL ET AGRICOLE DE FRANCE ET DES COLONIES,mans,Mans,administrateur,1925,"ANNUAIRE INDUSTRIEL, 1925",Documents généraux (par ordre chronologique),Afrique occidentale française,Afrique occidentale francaise
afrique-occidentale-ann-indus-1925-aof-2ae958,hortala,HORTALA,gmarieusine,G. Ste-Marie. Usine,administrateur,1925,"ANNUAIRE INDUSTRIEL, 1925",Documents généraux (par ordre chronologique),Afrique occidentale française,Afrique occidentale francaise
afrique-occidentale-ann-indus-1925-aof-2ae958,hortala,HORTALA,comptoirgranddrewinexploitationpalmeraies,comptoir à Grand-Drewin. Exploitation de palmeraies,administrateur,1925,"ANNUAIRE INDUSTRIEL, 1925",Documents généraux (par ordre chronologique),Afrique occidentale française,Afrique occidentale francaise
afrique-occidentale-ann-indus-1925-aof-2ae958,industrielleafricaine,Société INDUSTRIELLE AFRICAINE,emilerastoinusinerufisque,Émile Rastoin. Usine à Rufisque,president,1925,"ANNUAIRE INDUSTRIEL, 1925",Documents généraux (par ordre chronologique),Afrique occidentale française,Afrique occidentale francaise
afrique-occidentale-ann-indus-1925-aof-2ae958,frsekong,Nouvelle Cie frse de KONG,exportationcoteivoireplantationcafe,exportation à la Côte-d'Ivoire. Plantation de café,administrateur,1925,"ANNUAIRE INDUSTRIEL, 1925",Documents généraux (par ordre chronologique),Afrique occidentale française,Afrique occidentale francaise
afrique-occidentale-ann-indus-1925-aof-2ae958,socfranccolonisationmacinaniger,Soc. an. Franç. de Colonisation MACINA-NIGER,sousdirecteurmaritimenationale,sous-directeur de la Société maritime nationale,administrateur,1925,"ANNUAIRE INDUSTRIEL, 1925",Documents généraux (par ordre chronologique),Afrique occidentale française,Afrique occidentale francaise
afrique-occidentale-ann-indus-1925-aof-2ae958,socfranccolonisationmacinaniger,Soc. an. Franç. de Colonisation MACINA-NIGER,scrutateurassembleeunionindochinoise,scrutateur à l'assemblée générale de l'Union indochinoise,administrateur,1925,"ANNUAIRE INDUSTRIEL, 1925",Documents généraux (par ordre chronologique),Afrique occidentale française,Afrique occidentale francaise
afrique-occidentale-ann-indus-1925-aof-2ae958,soccolonialeentreprisemorosini,Soc. an. coloniale de l'entreprise MOROSINI,kotonouentreprisetravauxpublicsquaisport,Kotonou. Entreprise de travauxpublics. Quais de port,president,1925,"JORF, 17 janvier 1925",Documents généraux (par ordre chronologique),Afrique occidentale française,Afrique occidentale francaise
afrique-occidentale-ann-indus-1925-aof-2ae958,plantations,PLANTATIONS,boisplantationstance5,bois.. PLANTATIONS de la TANCÉ. 5,president,1925,"JORF, 17 janvier 1925",Documents généraux (par ordre chronologique),Afrique occidentale française,Afrique occidentale francaise
afrique-occidentale-ann-indus-1938-aof-4cb9be,socbriqueteriesbamako,Soc. des Briqueteries de BAMAKO,phdelmasbanquebia,Ph. Delmas. Banque.. BIA,president,1938,"ANNUAIRE INDUSTRIEL, 1938",Documents généraux (par ordre chronologique),Afrique occidentale française,Afrique occidentale francaise
afrique-occidentale-ann-indus-1938-aof-4cb9be,sochuileriesafricaines,Soc. des HUILERIES AFRICAINES,comptoirgranddrewinexploitationpalmeraies,comptoir à Grand-Drewin. Exploitation de palmeraies,administrateur,1938,"ANNUAIRE INDUSTRIEL, 1938",Documents généraux (par ordre chronologique),Afrique occidentale française,Afrique occidentale francaise
afrique-occidentale-bananeraies-kin-san-6f7e08,culturesbananeraieskinsan,Société des Cultures et bananeraies du Kin-San,nosplantationslonguiceteffet,nos plantations de Longui. À cet effet,administrateur,1930,"L'Information financière, économique et politique, 25 janvier 1930",Agro-alimentaire,Guinée Conakry,Afrique occidentale francaise
afrique-occidentale-bananeries-africaines-74d23c,bananeriesafricaines,Bananeries africaines,auxiliaireafricaine,Société auxiliaire africaine,president,1933,"Journal officiel de la Guinée française, 15 novembre 1933",Agro-alimentaire,Guinée Conakry,Afrique occidentale francaise
afrique-occidentale-banque-afrique-occidentale-435553,banqueafriqueoccidentale,Banque de l'Afrique occidentale,hnouvioncommissairegouvernement,H. Nouvion. Commissaire du gouvernement,administrateur,1907,"La Cote de la Bourse et de la banque, 11 octobre 1907",Banque,Sénégal,Afrique occidentale francaise
afrique-occidentale-banque-afrique-occidentale-435553,banqueafriqueoccidentale,Banque de l'Afrique occidentale,commissairegouvernement,commissaire du Gouvernement,administrateur,1937,Annuaire Desfossés 1937,Banque,Sénégal,Afrique occidentale francaise
afrique-occidentale-bingerville-3e6f58,commerceinternationalcolonial,Cie française de commerce international et colonial,plantationsbananiersmaneahblachon,plantations de bananiers à Manéah. Blachon,administrateur,1926,AEC 1926,Documents généraux (par ordre chronologique),Côte d'Ivoire,Afrique occidentale francaise
afrique-occidentale-bracodi-b5e1d7,renegastondreyfus,René Gaston-Dreyfus,cherifienneparticipations,Société chérifienne de participations,administrateur,1958,"Sarl, 1958","Agro-alimentaire, cultures industrielles",Côte d'Ivoire,Afrique occidentale francaise
afrique-occidentale-bracodi-b5e1d7,renegastondreyfus,René Gaston-Dreyfus,brasseries,Société des Brasseries,administrateur,1958,"Sarl, 1958","Agro-alimentaire, cultures industrielles",Côte d'Ivoire,Afrique occidentale francaise
afrique-occidentale-braniger-d42998,brasserieboissonsgazeusesnigerniamey,"Société de Brasserie et de boissons gazeuses du Niger, Niamey",assigneetablissementsmahamansanikarimou,assigné les ÉTABLISSEMENTS MAHAMAN SANI KARIMOU,directeur_general,2015,"Le Sahel, 9 janvier 2015",Industrie,"Soudan français (Mali, Haute-Volta — ou Burkina-Fasso — et Niger)",Afrique occidentale francaise
afrique-occidentale-braniger-d42998,brasserieboissonsgazeusesnigerniamey,"Société de Brasserie et de boissons gazeuses du Niger, Niamey",bianigersa,BIA-Niger SA,directeur_general,2015,"Le Sahel, 9 janvier 2015",Industrie,"Soudan français (Mali, Haute-Volta — ou Burkina-Fasso — et Niger)",Afrique occidentale francaise
afrique-occidentale-braniger-d42998,brasserieboissonsgazeusesnigerniamey,"Société de Brasserie et de boissons gazeuses du Niger, Niamey",boanigersa,BOA Niger SA,directeur_general,2015,"Le Sahel, 9 janvier 2015",Industrie,"Soudan français (Mali, Haute-Volta — ou Burkina-Fasso — et Niger)",Afrique occidentale francaise
afrique-occidentale-braniger-d42998,brasserieboissonsgazeusesnigerniamey,"Société de Brasserie et de boissons gazeuses du Niger, Niamey",ecobankniger,l'ECOBANK Niger,directeur_general,2015,"Le Sahel, 9 janvier 2015",Industrie,"Soudan français (Mali, Haute-Volta — ou Burkina-Fasso — et Niger)",Afrique occidentale francaise
afrique-occidentale-braniger-d42998,brasserieboissonsgazeusesnigerniamey,"Société de Brasserie et de boissons gazeuses du Niger, Niamey",sonibank,SONIBANK,directeur_general,2015,"Le Sahel, 9 janvier 2015",Industrie,"Soudan français (Mali, Haute-Volta — ou Burkina-Fasso — et Niger)",Afrique occidentale francaise
afrique-occidentale-briqueteries-de-bamako-ac85b4,briqueteriesbamako,Briqueteries de Bamako,banquecolonialeetudes,Banque coloniale d'études,administrateur,1925,"La Cote de la Bourse et de la banque, 28 janvier 1925",Industrie,"Soudan français (Mali, Haute-Volta — ou Burkina-Fasso — et Niger)",Afrique occidentale francaise
afrique-occidentale-briqueteries-de-bamako-ac85b4,briqueteriesbamako,Briqueteries de Bamako,banquecoloniale,Banque coloniale,administrateur,1929,Annuaire Desfossés 1929,Industrie,"Soudan français (Mali, Haute-Volta — ou Burkina-Fasso — et Niger)",Afrique occidentale francaise
afrique-occidentale-cais-sisal-5c24a5,agricoleindustriellesoudan,"Compagnie Agricole et Industrielle du Soudan, puis Agricole et Industrielle de l'Ouest africain",colonialegerance,de la Société coloniale de gérance,administrateur,1930,"La Journée industrielle, 28 juin 1930",Industrie,"Soudan français (Mali, Haute-Volta — ou Burkina-Fasso — et Niger)",Afrique occidentale francaise
afrique-occidentale-cfci-grand-bassam-bac16d,coteivoire,Compagnie Française de la Côte d'Ivoire,forestier,Forestier,administrateur,1941,"Le Phare de la Loire, 1er février 1941",Commerce,Côte d'Ivoire,Afrique occidentale francaise
afrique-occidentale-chaux-ciments-senegal-00bdca,chauxcimentssenegal,Chaux et ciments du Sénégal,etsmaurel,Éts Maurel,administrateur,1929,"La Presse coloniale illustrée, 1er août 1929",Industries,Sénégal,Afrique occidentale francaise
afrique-occidentale-chaux-ciments-senegal-00bdca,chauxcimentssenegal,Chaux et ciments du Sénégal,etspoliet,Ets Poliet,administrateur,1929,"La Presse coloniale illustrée, 1er août 1929",Industries,Sénégal,Afrique occidentale francaise
afrique-occidentale-chaux-ciments-senegal-00bdca,chauxcimentssenegal,Chaux et ciments du Sénégal,etsmaurel,Éts Maurel,administrateur,1929,"La Presse coloniale illustrée, 1er août 1929",Industries,Sénégal,Afrique occidentale francaise
afrique-occidentale-chaux-ciments-senegal-00bdca,chauxcimentssenegal,Chaux et ciments du Sénégal,etsmaurel,Éts Maurel,administrateur,1929,"La Presse coloniale illustrée, 1er août 1929",Industries,Sénégal,Afrique occidentale francaise
afrique-occidentale-chemins-fer-dahomey-a961d2,cheminsferdahomeyoucentraldahomeen,Compagnie française de Chemins de fer au Dahomey ou Central-Dahoméen,avecetablissementsdayde,avec les Établissements Daydé,administrateur,1912,"Les Annales coloniales, 11 juillet 1912",,Dahomey (Bénin),Afrique occidentale francaise
afrique-occidentale-cie-elevage-niger-89d9d9,elevagenigerdire,"Compagnie d'Élevage du Niger, Diré",etspierreflipo,Éts Pierre Flipo,administrateur,1930,"L’Africain, 14 mars 1930",Industrie,"Soudan français (Mali, Haute-Volta — ou Burkina-Fasso — et Niger)",Afrique occidentale francaise
afrique-occidentale-cie-fonciere-de-l-afrique-6e4646,fonciereouestafricain,"Compagnie Foncière de l'Ouest-Africain, puis Foncière de l'Afrique",banquecolonialeetudes,et la Banque coloniale d'études,administrateur,1928,"La Journée industrielle, 28 janvier 1928",Foncier et immobilier,Sénégal,Afrique occidentale francaise
afrique-occidentale-cie-miniere-de-conakry-09b654,miniereconakry,Compagnie Minière de Conakry,bureauminierfranceoutremer,Bureau minier de la France d'Outre-Mer,administrateur,,,Agro-alimentaire,Guinée Conakry,Afrique occidentale francaise
afrique-occidentale-cie-miniere-de-conakry-09b654,miniereconakry,Compagnie Minière de Conakry,francoamericainemetaux,Cie franco-américaine des métaux,administrateur,,,Agro-alimentaire,Guinée Conakry,Afrique occidentale francaise
afrique-occidentale-cie-miniere-de-l-afema-395c96,miniereafema,Compagnie Minière de l'Afema,mediterraneenne,Société méditerranéenne,administrateur,1938,"La Journée industrielle, 17 avril 1938",Mines,Côte d'Ivoire,Afrique occidentale francaise
afrique-occidentale-cie-miniere-de-l-afema-395c96,miniereafema,Compagnie Minière de l'Afema,etudes,Société française d'études,administrateur,1938,"La Journée industrielle, 17 avril 1938",Mines,Côte d'Ivoire,Afrique occidentale francaise
afrique-occidentale-cie-miniere-de-l-afema-395c96,miniereafema,Compagnie Minière de l'Afema,miniereafema,… la Compagnie minière de l'Afema,administrateur,1938,"La Journée industrielle, 21 août 1938",Mines,Côte d'Ivoire,Afrique occidentale francaise
afrique-occidentale-cie-miniere-haute-volta-47dc27,minierehautevolta,Compagnie Minière de la Haute-Volta,equatorialemines,Compagnie équatoriale de Mines,administrateur,1929,"La Journée industrielle, 30 janvier 1929",Mines,"Soudan français (Mali, Haute-Volta — ou Burkina-Fasso — et Niger)",Afrique occidentale francaise
afrique-occidentale-cie-miniere-haute-volta-47dc27,minierehautevolta,Compagnie Minière de la Haute-Volta,unionminiere,l'Union minière,administrateur,1929,"La Journée industrielle, 30 janvier 1929",Mines,"Soudan français (Mali, Haute-Volta — ou Burkina-Fasso — et Niger)",Afrique occidentale francaise
afrique-occidentale-cie-miniere-haute-volta-47dc27,minierehautevolta,Compagnie Minière de la Haute-Volta,mines,et la Compagnie de Mines,administrateur,1929,"La Journée industrielle, 30 janvier 1929",Mines,"Soudan français (Mali, Haute-Volta — ou Burkina-Fasso — et Niger)",Afrique occidentale francaise
afrique-occidentale-coaf-abidjan-de731f,commercialeafrique,Commerciale de l'Afrique française,exploitationscommercialesafricaines2,Cie d'exploitations commerciales africaines. 2,administrateur,1947,"BALO, 6 octobre 1947",Commerce,Côte d'Ivoire,Afrique occidentale francaise
afrique-occidentale-coloniale-automobile-dakar-42de7e,colonialeautomobile,Coloniale Automobile,canebiere,Canebière,administrateur,1932,"La Journée industrielle, 16 janvier 1932",Transports,Sénégal,Afrique occidentale francaise
afrique-occidentale-coloniale-automobile-dakar-42de7e,colonialeautomobile,Coloniale Automobile,lyonnaisesericicole,et de la Société lyonnaise séricicole,administrateur,1932,"La Journée industrielle, 16 janvier 1932",Transports,Sénégal,Afrique occidentale francaise
afrique-occidentale-coloniale-du-fouta-djaion-b3339d,colonialefoutadjalon,Société Coloniale du Fouta-Djalon,loi,Loi,administrateur,1919,"La Cote de la Bourse et de la banque, 3 juillet 1919",Commerce,Guinée Conakry,Afrique occidentale francaise
afrique-occidentale-comptoirs-huileries-dahomey-07f8aa,comptoirshuileriesdahomey,Comptoirs et huileries du Dahomey,banquecolonialeetudes,et de la Banque coloniale d'études,administrateur,1927,"La Journée industrielle, 28 janvier 1927",,Dahomey (Bénin),Afrique occidentale francaise
afrique-occidentale-cotoa-ddb0a0,cotonniereouestafricaine,Compagnie cotonnière ouest-africaine,banquecolonialeetudes,et la Banque coloniale d'études,administrateur,1925,"La Journée industrielle, 5 mai 1925",Agriculture,Togo,Afrique occidentale francaise
afrique-occidentale-cred-fonc-ouest-afr-0dfe37,creditfoncierouestafricain,Crédit foncier de l'Ouest-Africain,financiere,Société financière française,administrateur,1931,"L'Information financière, économique et politique, 10 juin 1931",Banque,Sénégal,Afrique occidentale francaise
afrique-occidentale-cred-fonc-ouest-afr-0dfe37,creditfoncierouestafricain,Crédit foncier de l'Ouest-Africain,banquecommercialeafricaine,Banque commerciale africaine,administrateur,1931,"L'Information financière, économique et politique, 10 juin 1931",Banque,Sénégal,Afrique occidentale francaise
afrique-occidentale-cred-fonc-ouest-afr-0dfe37,creditfoncierouestafricain,Crédit foncier de l'Ouest-Africain,creditfoncierindochine,Crédit foncier de l'Indochine,administrateur,1931,"L'Information financière, économique et politique, 10 juin 1931",Banque,Sénégal,Afrique occidentale francaise
afrique-occidentale-cred-fonc-ouest-afr-0dfe37,creditfoncierouestafricain,Crédit foncier de l'Ouest-Africain,commercialeouestafricain,Société commerciale de l'Ouest-Africain,administrateur,1931,"L'Information financière, économique et politique, 10 juin 1931",Banque,Sénégal,Afrique occidentale francaise
afrique-occidentale-cred-fonc-ouest-afr-0dfe37,creditfoncierouestafricain,Crédit foncier de l'Ouest-Africain,financiere,Société financière française,administrateur,1931,Annuaire Desfossés 1931,Banque,Sénégal,Afrique occidentale francaise
afrique-occidentale-cred-fonc-ouest-afr-0dfe37,creditfoncierouestafricain,Crédit foncier de l'Ouest-Africain,banquecommercialeafricaine,Banque commerciale africaine,administrateur,1931,Annuaire Desfossés 1931,Banque,Sénégal,Afrique occidentale francaise
afrique-occidentale-cred-fonc-ouest-afr-0dfe37,creditfoncierouestafricain,Crédit foncier de l'Ouest-Africain,afriqueoccidentale,Cie française de l'Afrique occidentale,administrateur,1931,Annuaire Desfossés 1931,Banque,Sénégal,Afrique occidentale francaise
afrique-occidentale-cred-fonc-ouest-afr-0dfe37,creditfoncierouestafricain,Crédit foncier de l'Ouest-Africain,creditfoncierindochine,Crédit foncier de l'Indochine,administrateur,1931,Annuaire Desfossés 1931,Banque,Sénégal,Afrique occidentale francaise
afrique-occidentale-cred-fonc-ouest-afr-0dfe37,creditfoncierouestafricain,Crédit foncier de l'Ouest-Africain,commercialeouestafricain,Société commerciale de l'Ouest-Africain,administrateur,1931,Annuaire Desfossés 1931,Banque,Sénégal,Afrique occidentale francaise
afrique-occidentale-cred-fonc-ouest-afr-0dfe37,creditfoncierouestafricain,Crédit foncier de l'Ouest-Africain,idemmoinscommercialeouestafricain,idem moins la Société commerciale de l'Ouest-Africain,administrateur,1933,Annuaire Desfossés 1933,Banque,Sénégal,Afrique occidentale francaise
afrique-occidentale-cultures-de-diakandape-e8a73e,culturesdiakandape,Cultures de Diakandapé,marocaineproduitstropicaux,Société marocaine des produits tropicaux,administrateur,1933,Annuaire Desfossés 1933,Industrie,"Soudan français (Mali, Haute-Volta — ou Burkina-Fasso — et Niger)",Afrique occidentale francaise
afrique-occidentale-cultures-de-diakandape-e8a73e,culturesdiakandape,Cultures de Diakandapé,marocainepaystropicaux,Société marocaine des pays tropicaux,administrateur,1945,Annuaire Desfossés 1945,Industrie,"Soudan français (Mali, Haute-Volta — ou Burkina-Fasso — et Niger)",Afrique occidentale francaise
afrique-occidentale-eeoa-e18c51,eauxelectriciteouestafricain,Eaux et électricité de l'Ouest-Africain,auxiliaireafricaine,Société auxiliaire africaine,administrateur,1937,Annuaire Desfossés 1937,Industries,Sénégal,Afrique occidentale francaise
afrique-occidentale-etudes-et-exploration-soudan-1d37fc,etudesexplorationsoudan,Société d'Études et d'exploration du Soudan,conseiladministrationsurplus,% pour le conseil d'administration. Le surplus,administrateur,1901,"Bulletin officiel du ministère des colonies, 1901",Industrie,"Soudan français (Mali, Haute-Volta — ou Burkina-Fasso — et Niger)",Afrique occidentale francaise
afrique-occidentale-fonciere-cote-afrique-4cc4eb,foncierecoteafrique,Foncière de la Côte d'Afrique,caissecommerciale,Caisse commerciale,administrateur,1929,"L'Information, économique et politique, 15 octobre 1929",Foncier et immobilier,Sénégal,Afrique occidentale francaise
afrique-occidentale-francaise-du-dahomey-3ebd27,dahomey,Société Française du Dahomey,maritime,et la Société Maritime,administrateur,,,,Dahomey (Bénin),Afrique occidentale francaise
afrique-occidentale-francaise-du-dahomey-3ebd27,dahomey,Société Française du Dahomey,maritime,Société maritime,administrateur,1920,"La Libre Parole, 21 novembre 1920",,Dahomey (Bénin),Afrique occidentale francaise
afrique-occidentale-francaise-du-dahomey-3ebd27,dahomey,Société Française du Dahomey,pacifique,de la Société du Pacifique,administrateur,1921,"Bulletin mensuel de l’Agence économique de l’AOF, 1921, p. 244",,Dahomey (Bénin),Afrique occidentale francaise
afrique-occidentale-generale-comptoirs-afric-45bd26,comptoirsafricains,Compagnie Générale des Comptoirs africains,parismaroc,Société Paris-Maroc,administrateur,1921,"La Cote de la Bourse et de la banque, 11 octobre 1921",Commerce,Afrique occidentale française,Afrique occidentale francaise
afrique-occidentale-generale-comptoirs-afric-45bd26,comptoirsafricains,Cie générale des comptoirs africains,parismaroc,Société Paris-Maroc,administrateur,1922,"AEC 1922, p. 105",Commerce,Afrique occidentale française,Afrique occidentale francaise
afrique-occidentale-huileries-africaines-67eb16,huileriesafricainesdrewin,"Société des Huileries africaines, Drewin",loi,Loi,administrateur,1920,"Cote de la Bourse et de la banque, 1er juillet 1920","Agro-alimentaire, cultures industrielles",Côte d'Ivoire,Afrique occidentale francaise
afrique-occidentale-huileries-africaines-67eb16,huileriesafricaines,HUILERIES AFRICAINES,gregoiremarieusine,Grégoire-Ste-Marie. Usine,administrateur,1925,Annuaire industriel 1925,"Agro-alimentaire, cultures industrielles",Côte d'Ivoire,Afrique occidentale francaise
afrique-occidentale-huileries-africaines-67eb16,huileriesafricaines,HUILERIES AFRICAINES,comptoirgranddrewinexploitationpalmeraies,comptoir à Grand-Drewin. Exploitation de palmeraies,administrateur,1925,Annuaire industriel 1925,"Agro-alimentaire, cultures industrielles",Côte d'Ivoire,Afrique occidentale francaise
afrique-occidentale-huileries-rizeries-ouest-afr-234437,huileriesrizeriesouestafricaines,Société des Huileries et rizeries ouest-africaines,lyonnaisemadagascar,Cie lyonnaise de Madagascar,president,1929,"Les Annales coloniales, 23 décembre 1929",Industries agro-alimentaires,Sénégal,Afrique occidentale francaise
afrique-occidentale-huileries-rizeries-ouest-afr-234437,huileriesrizeriesouestafricaines,Société des Huileries et rizeries ouest-africaines,creditfonciermadagascar,Crédit foncier de Madagascar],president,1929,"Les Annales coloniales, 23 décembre 1929",Industries agro-alimentaires,Sénégal,Afrique occidentale francaise
afrique-occidentale-messageries-africaines-7664ea,messageriesafricaines,Messageries africaines,etsdeves,Éts Devès,administrateur,1949,"Journal officiel de la République française, 31 décembre 1949",Transports,Sénégal,Afrique occidentale francaise
afrique-occidentale-messageries-africaines-7664ea,messageriesafricaines,Messageries africaines,niger,Cie du Niger français,administrateur,1949,"Journal officiel de la République française, 31 décembre 1949",Transports,Sénégal,Afrique occidentale francaise
afrique-occidentale-messageries-du-senegal-0354a7,messageriessenegal,Messageries du Sénégal,messageriesafricaines,Société des Messageries Africaines,administrateur,,,Transports,Sénégal,Afrique occidentale francaise
afrique-occidentale-messageries-du-senegal-0354a7,messageriessenegal,Messageries du Sénégal,hautogooue,Société du Haut-Ogooué,administrateur,,,Transports,Sénégal,Afrique occidentale francaise
afrique-occidentale-messageries-du-senegal-0354a7,messageriessenegal,Messageries du Sénégal,hautogooue,Société du Haut-Ogooué,administrateur,1950,"L'Économiste européen, 9 juillet 1950",Transports,Sénégal,Afrique occidentale francaise
afrique-occidentale-min-indus-immob-cote-iv-570c5e,miniereindustrielleimmobilierecoteivoire,"Minière, Industrielle et Immobilière de la Côte-d'Ivoire",gerance,Société de Gérance,administrateur,1937,"La Journée industrielle, 17 juin 1937",Mines,Côte d'Ivoire,Afrique occidentale francaise
afrique-occidentale-minafro-ba202f,exploitationsminieresafriqueoccidentale,Exploitations minières en Afrique Occidentale,banqueunionparisienne,Banque de l'Union Parisienne,administrateur,1935,"Archives commerciales de la France, 18 octobre 1935",Mines,Guinée Conakry,Afrique occidentale francaise
afrique-occidentale-minafro-ba202f,exploitationsminieresafriqueoccidentale,Exploitations minières en Afrique Occidentale,minierecoloniale,Compagnie Minière Coloniale,administrateur,1935,"Archives commerciales de la France, 18 octobre 1935",Mines,Guinée Conakry,Afrique occidentale francaise
afrique-occidentale-minafro-ba202f,exploitationsminieresafriqueoccidentale,Exploitations minières en Afrique Occidentale,congocommerce,Compagnie du Congo pour le Commerce,administrateur,1935,"Archives commerciales de la France, 18 octobre 1935",Mines,Guinée Conakry,Afrique occidentale francaise
afrique-occidentale-minafro-ba202f,exploitationsminieresafriqueoccidentale,Exploitations minières en Afrique Occidentale,industrie,l'Industrie,administrateur,1935,"Archives commerciales de la France, 18 octobre 1935",Mines,Guinée Conakry,Afrique occidentale francaise
afrique-occidentale-mines-d-or-indenie-9146a1,minesorindenie,Société des Mines d'or de l'Indénié,domaines,des Domaines,administrateur,1903,"Le Moniteur des colonies, « La Côte-d’Ivoire », 1903",Mines,Côte d'Ivoire,Afrique occidentale francaise
afrique-occidentale-miniere-du-dahomey-niger-529dd9,minieredahomey,"Société Minière du Dahomey, puis du Dahomey-Niger",gouvernementof,Gouvernement général de l'A.-O. F,administrateur,1949,"JORF, 3 mars 1949",,Dahomey (Bénin),Afrique occidentale francaise
afrique-occidentale-miniere-du-dahomey-niger-529dd9,minieredahomey,"Société Minière du Dahomey, puis du Dahomey-Niger",gouvernementniger,Gouvernement du Niger,administrateur,1949,"JORF, 3 mars 1949",,Dahomey (Bénin),Afrique occidentale francaise
afrique-occidentale-miniere-du-dahomey-niger-529dd9,minieredahomey,"Société Minière du Dahomey, puis du Dahomey-Niger",jacquesansaultcommissairegouvernement,Jacques Ansault. Commissaire du gouvernement,secretaire,1949,"JORF, 3 mars 1949",,Dahomey (Bénin),Afrique occidentale francaise
afrique-occidentale-nouvelle-cie-frse-de-kong-3c9551,kong,Nouvelle Compagnie française de Kong,parismaroc,Société Paris-Maroc,administrateur,1923,"La Cote de la Bourse et de la banque, 3 octobre 1923",Industries,Côte d'Ivoire,Afrique occidentale francaise
afrique-occidentale-ouest-africain-francais-f27cc1,ouestafricain,Compagnie de l'Ouest-Africain français,charbonnageslaviana,Charbonnages de Laviana,administrateur,1912,"Les Annales coloniales, 6 janvier 1912",Mines,Côte d'Ivoire,Afrique occidentale francaise
afrique-occidentale-plantations-de-la-haute-volta-c32a50,plantationshautevoltasisal,"Société des Plantations de la Haute-Volta, sisal",financiere,Compagnie financière,administrateur,1929,"Cahiers coloniaux, 15 avril 1929",Industrie,"Soudan français (Mali, Haute-Volta — ou Burkina-Fasso — et Niger)",Afrique occidentale francaise
afrique-occidentale-plantations-de-la-haute-volta-c32a50,plantationshautevoltasisal,"Société des Plantations de la Haute-Volta, sisal",marocainepaystropicaux,Société Marocaine des Pays tropicaux,president,1937,"Le Journal des finances, 26 février 1937",Industrie,"Soudan français (Mali, Haute-Volta — ou Burkina-Fasso — et Niger)",Afrique occidentale francaise
afrique-occidentale-rech-minieres-po-tenkodogo-ee3dae,recherchesminierespotenkodogo,Société de Recherches minières de Po-Tenkodogo,equatorialemines,Compagnie Equatoriale de Mines,administrateur,1938,"La Journée industrielle, 21 août 1938",Mines,"Soudan français (Mali, Haute-Volta — ou Burkina-Fasso — et Niger)",Afrique occidentale francaise
afrique-occidentale-rech-minieres-po-tenkodogo-ee3dae,recherchesminierespotenkodogo,Société de Recherches minières de Po-Tenkodogo,miniereafema,Compagnie minière de l'Afema,administrateur,1938,"La Journée industrielle, 21 août 1938",Mines,"Soudan français (Mali, Haute-Volta — ou Burkina-Fasso — et Niger)",Afrique occidentale francaise
afrique-occidentale-salci-ff0ecd,alsaciennecoteivoire,Société Alsacienne de la Côte d'Ivoire,colonies,Cie générale des colonies,administrateur,1950,"Les Cahiers coloniaux, août-septembre 1950","Agro-alimentaire, cultures industrielles",Côte d'Ivoire,Afrique occidentale francaise
afrique-occidentale-salins-du-cap-vert-3b2379,salinscapvert,Salins du Cap Vert,etablissementspeyrissac,Établissements Peyrissac,administrateur,1936,"La Journée industrielle, 9 décembre 1936",Mines,Sénégal,Afrique occidentale francaise
afrique-occidentale-salins-du-cap-vert-3b2379,salinscapvert,Salins du Cap Vert,salinesdax,Cie des salines de Dax,administrateur,1942,"Le Journal, 2 mars 1942",Mines,Sénégal,Afrique occidentale francaise
afrique-occidentale-scieries-africaines-9fe119,scieriesafricaines,Compagnie des Scieries africaines,legrandrene,LEGRAND René,administrateur,1927,"Les Annales coloniales, 23 décembre 1927",Industries,Côte d'Ivoire,Afrique occidentale francaise
afrique-occidentale-scieries-africaines-9fe119,scieriesafricaines,Cie des scieries africaines,imprimeriespecialebanque,? Imprimerie spéciale de banque,administrateur,1959,"L’Information financière, économique et politique, 27 juin 1959",Industries,Côte d'Ivoire,Afrique occidentale francaise
afrique-occidentale-senegal-mazout-dda7f8,senegal,Sénégal,cdtgiuseppeparatore,Cdt Giuseppe Paratore,administrateur,1912,"La Dépêche coloniale, 27 février 1912",Transports,Sénégal,Afrique occidentale francaise
afrique-occidentale-senegalaise-late-mengue-055eec,senegalaisecultureslatemengue,Société Sénégalaise de Cultures Late-Mengué,senegalaisecultureslalemenqui,… Société sénégalaise de cultures Lalé-Menqui …,administrateur,1929,"Les Documents politiques, avril 1929",Industries agro-alimentaires,Sénégal,Afrique occidentale francaise
afrique-occidentale-sfpco-1914-71c2ec,pecheriescoteivoire,Société française des Pêcheries de la Côte-d'Ivoire,barbier,Barbier,administrateur,1914,"Les Annales coloniales, 28 mai 1914","Agro-alimentaire, cultures industrielles",Côte d'Ivoire,Afrique occidentale francaise
afrique-occidentale-sggg-togo-db061e,golfeguinee,Société générale du Golfe de Guinée,omniumsucrier,Omnium Sucrier,administrateur,1948,Annuaire Desfossés 1948,Commerce,Togo,Afrique occidentale francaise
afrique-occidentale-sisaleraies-carburants-afr-9e342c,sisaleraiescarburantsafricains,Sisaleraies et carburants africains,auxiliaireafricaine,Société Auxiliaire Africaine,administrateur,1930,"Les Assemblées générales, octobre 1930",Industrie,"Soudan français (Mali, Haute-Volta — ou Burkina-Fasso — et Niger)",Afrique occidentale francaise
afrique-occidentale-sisaleraies-carburants-afr-9e342c,sisaleraiescarburantsafricains,Sisaleraies et carburants africains,rapportconseiladministrationrelatif,Rapport du conseil d'administration relatif,administrateur,1934,"La Loi, 28 février 1934",Industrie,"Soudan français (Mali, Haute-Volta — ou Burkina-Fasso — et Niger)",Afrique occidentale francaise
afrique-occidentale-soboa-665814,brasseriesouestafricain,Société des Brasseries de l'Ouest Africain,marocainepaystropicaux5,Société marocaine des pays tropicaux. 5,administrateur,1936,"La Dépêche coloniale, 15 mars 1936",Industries agro-alimentaires,Sénégal,Afrique occidentale francaise
afrique-occidentale-soboa-665814,brasseriesouestafricain,Brasseries de l'Ouest africain,cherifienneparticipations,Société chérifienne de participations,administrateur,1953,Annuaire Desfossés 1953,Industries agro-alimentaires,Sénégal,Afrique occidentale francaise
afrique-occidentale-societe-palme-cotonou-550f35,palme,Société Palme,afriqueoccidentale,Cie française de l'Afrique Occidentale,administrateur,1935,"Le Journal des finances, 11 octobre 1935",,Dahomey (Bénin),Afrique occidentale francaise
afrique-occidentale-societe-palme-cotonou-550f35,palme,Société Palme,comm,Société comm,administrateur,1935,"Le Journal des finances, 11 octobre 1935",,Dahomey (Bénin),Afrique occidentale francaise
afrique-occidentale-societe-palme-cotonou-550f35,palme,Société Palme,afriqueocccid,Cie française de l'Afrique occcid,administrateur,1942,"Cahiers coloniaux, 5 décembre 1942",,Dahomey (Bénin),Afrique occidentale francaise
afrique-occidentale-societe-palme-cotonou-550f35,palme,Société Palme,niger,Cie du Niger français,administrateur,1942,"Cahiers coloniaux, 5 décembre 1942",,Dahomey (Bénin),Afrique occidentale francaise
afrique-occidentale-societe-palme-cotonou-550f35,palme,Société Palme,patersonzochoniscoltd,Paterson-Zochonis and Co Ltd,administrateur,1942,"Cahiers coloniaux, 5 décembre 1942",,Dahomey (Bénin),Afrique occidentale francaise
afrique-occidentale-societe-palme-cotonou-550f35,palme,Société Palme,jholtcoltd,J. Holt and Co Ltd,administrateur,1942,"Cahiers coloniaux, 5 décembre 1942",,Dahomey (Bénin),Afrique occidentale francaise
afrique-occidentale-soguinex-415099,guineennerecherchesexploitationsminieres,Société Guinéenne de Recherches et d'exploitations minières,gouvernementof,Gouvernement général de l'A. O F,administrateur,1950,"Paris-Dakar, 22 septembre 1950",Mines,Guinée Conakry,Afrique occidentale francaise
afrique-occidentale-soguinex-415099,guineennerecherchesexploitationsminieres,Société Guinéenne de Recherches et d'exploitations minières,gouvernementguinee,Gouvernement de la Guinée française,administrateur,1950,"Paris-Dakar, 22 septembre 1950",Mines,Guinée Conakry,Afrique occidentale francaise
afrique-occidentale-soremac-51f132,recherchesetudesminieresafriquecentrale,Société de Recherches et d'études minières pour l'Afrique centrale,cocreditfoncierouestafricain,c/o Crédit foncier de l'Ouest africain,administrateur,1948,"JOAEF, 1er janvier 1948",Mines,Côte d'Ivoire,Afrique occidentale francaise
afrique-occidentale-soremac-51f132,recherchesetudesminieresafriquecentrale,Société de Recherches et d'études minières pour l'Afrique centrale,abidjan,Abidjan. Société anon,administrateur,1948,"JOAEF, 1er janvier 1948",Mines,Côte d'Ivoire,Afrique occidentale francaise
afrique-occidentale-ste-immobiliere-financ-afr-1e54ab,immobilierefinanciereafricaine,Société Immobilière et financière africaine,banquecommercialeafricaine,Banque commerciale africaine,administrateur,,,Banque,Sénégal,Afrique occidentale francaise
afrique-occidentale-ste-immobiliere-financ-afr-1e54ab,immobilierefinanciereafricaine,Société Immobilière et financière africaine,immobiliereiafriqueoccidentale,Société immobilière de I'Afrique Occidentale,administrateur,1950,"Journal officiel de la République française, 20 avril 1950, p. 4154",Banque,Sénégal,Afrique occidentale francaise
afrique-occidentale-syndicat-ouest-africain-03051c,syndicatouestafricain,Syndicat Ouest-Africain,recherchesminieres,de la Société de recherches minières),administrateur,1934,"Neuilly, 26 septembre 1874-Paris, 10 mai 1934",Mines,Côte d'Ivoire,Afrique occidentale francaise
afrique-occidentale-transit-de-grand-lahou-2b065c,transitgrandlahou,Société de Transit de Grand-Lahou,poudinotplantationselima,P. Oudinot [Plantations d'Élima,administrateur,1948,"Paris-Dakar, 7 juillet 1948",Transports,Côte d'Ivoire,Afrique occidentale francaise
afrique-occidentale-un-coloniale-d-electricite-d60206,unioncolonialeelectricite,Union coloniale d'électricité,industrielleiaville,Société industrielle de Ia Ville,administrateur,1929,"La Journée industrielle, 6 juillet 1929",Industries,Côte d'Ivoire,Afrique occidentale francaise
afrique-occidentale-unicomer-8e60ca,unioncomptoirsoutremer,Union des comptoirs d'outre-mer,echangescoloniaux,Société d'échanges coloniaux,administrateur,,,Commerce,Guinée Conakry,Afrique occidentale francaise
afrique-occidentale-unicomer-8e60ca,unioncomptoirsoutremer,Union des comptoirs d'outre-mer,banqueescompte,Banque d'escompte,directeur_general,,,Commerce,Guinée Conakry,Afrique occidentale francaise
afrique-occidentale-usima-78c4fa,unionsenegalaiseindustriesmaritimes,Union sénégalaise d'industries maritimes,delmasvieljeux,Cie Delmas Vieljeux,administrateur,1950,"Les Échos d'Afrique noire, 22 septembre 1950",Transports,Sénégal,Afrique occidentale francaise
inde-indochine-cultures-d-extreme-orient-891b7c,culturesextremeorient,Cie française des cultures d'Extrême-Orient,banqueveuveguerin,Banque Veuve Guérin,directeur_general,1951,"AEC 1951, p. 1129","Agro-alimentaire, cultures industrielles",Côte d'Ivoire,Afrique occidentale francaise
