company_key,company_name,attribute,value,year,source_ref,doc_id
francoafricaineetudesparticipations,Société franco-africaine d'études et de participations,founded_date,1922-01-17,1922,Annuaire des entreprises coloniales,afrique-occidentale-aec-1922-aof-togo-9cef7c
auxiliaireafricainedeveloppementcommerceindustrie,"Société auxiliaire africaine pour le développement du commerce, de l'industrie",capital,2.500.000 fr.,1922,Annuaire des entreprises coloniales,afrique-occidentale-aec-1922-aof-togo-9cef7c
banqueafriqueoccidentale,Banque de l'Afrique Occidentale,founded_date,1901-06-29,1922,Annuaire des entreprises coloniales,afrique-occidentale-aec-1922-aof-togo-9cef7c
anciensetablissementschpeyrissaccolonialeafrique,Anciens Établissements Ch. Peyrissac et Cie (Cie coloniale de l'Afrique,founded_date,1908-04-13,1922,Annuaire des entreprises coloniales,afrique-occidentale-aec-1922-aof-togo-9cef7c
jbernardputhod,"J. Bernard, Puthod et Cie",head_office,d'exploit. à Dabou,1922,Annuaire des entreprises coloniales,afrique-occidentale-aec-1922-aof-togo-9cef7c
clastresplantey,Clastres et Plantey,head_office,SAINT-LOUIS (Sénégal),1922,Annuaire des entreprises coloniales,afrique-occidentale-aec-1922-aof-togo-9cef7c
clastresplanteyseugnet,Clastres et Plantey et Seugnet,head_office,FATICK (Sénégal),1922,Annuaire des entreprises coloniales,afrique-occidentale-aec-1922-aof-togo-9cef7c
cohenfreres,Cohen frères,head_office,central à Tanger),1922,Annuaire des entreprises coloniales,afrique-occidentale-aec-1922-aof-togo-9cef7c
africainecommerce,Cie africaine de commerce,founded_date,1920-07-16,1922,Annuaire des entreprises coloniales,afrique-occidentale-aec-1922-aof-togo-9cef7c
agriculturecommerceindustrieafrique,"Cie d'agriculture, de commerce et d'industrie d'Afrique",head_office,de l'exploitation :,1922,Annuaire des entreprises coloniales,afrique-occidentale-aec-1922-aof-togo-9cef7c
colonialebia,Cie coloniale de la Bia,founded_date,1920-07-16,1922,Annuaire des entreprises coloniales,afrique-occidentale-aec-1922-aof-togo-9cef7c
colonialebia,Cie coloniale de la Bia,head_office,de l'exploit. : Aboisso (Côte-d’Ivoire). — Import. et export,1922,Annuaire des entreprises coloniales,afrique-occidentale-aec-1922-aof-togo-9cef7c
commercialecoteafrique,Cie commerciale de la Côte d'Afrique,founded_date,1901-08-30,1922,Annuaire des entreprises coloniales,afrique-occidentale-aec-1922-aof-togo-9cef7c
commercialeextremeorient,Cie commerciale française d'Extrême-Orient,founded_date,1909-12-11,1922,Annuaire des entreprises coloniales,afrique-occidentale-aec-1922-aof-togo-9cef7c
afriqueoccidentale,Cie française de l'Afrique occidentale,capital,25 millions fr.,1922,Annuaire des entreprises coloniales,afrique-occidentale-aec-1922-aof-togo-9cef7c
afriqueoccidentale,Cie française de l'Afrique occidentale,head_office,"32, cours Pierre",1922,Annuaire des entreprises coloniales,afrique-occidentale-aec-1922-aof-togo-9cef7c
coteivoire,Cie française de la Côte-d'Ivoire,founded_date,1911-03-24,1922,Annuaire des entreprises coloniales,afrique-occidentale-aec-1922-aof-togo-9cef7c
kong,Cie française de Kong,founded_date,1894-06-23,1922,Annuaire des entreprises coloniales,afrique-occidentale-aec-1922-aof-togo-9cef7c
anciensetablissementsmplanteyafrique,anciens Établissements M. Plantey et Cie Cie générale de l'Afrique française,founded_date,1911-07-07,1922,Annuaire des entreprises coloniales,afrique-occidentale-aec-1922-aof-togo-9cef7c
comptoirsafricains,Cie générale des comptoirs africains,founded_date,1921-09-22,1925,"JORF, 17 janvier 1925",afrique-occidentale-aec-1922-aof-togo-9cef7c
commerceindustrieparisservice,"Cie générale française pour le commerce et l'industrie, PARIS. (Service",capital,19. 750.000 fr.,1925,"JORF, 17 janvier 1925",afrique-occidentale-aec-1922-aof-togo-9cef7c
niger,Cie du Niger français,founded_date,1913-09-15,1925,"JORF, 17 janvier 1925",afrique-occidentale-aec-1922-aof-togo-9cef7c
comptoirafriqueoccidentale,Comptoir général français de l'Afrique occidentale,founded_date,1912-03-23,1925,"JORF, 17 janvier 1925",afrique-occidentale-aec-1922-aof-togo-9cef7c
comptoirrepresentationsafrique,Comptoir général de représentations pour l'Afrique,founded_date,1919-11-11,1975,"Paris, 1874-Paris, 1975",afrique-occidentale-aec-1922-aof-togo-9cef7c
comptoirsmarccaland,Comptoirs Marc Caland,capital,500.000 fr.,1975,"Paris, 1874-Paris, 1975",afrique-occidentale-aec-1922-aof-togo-9cef7c
comptoirsreunisouestafricain,Comptoirs réunis de l'Ouest-Africain,founded_date,1920-10-19,1975,"Paris, 1874-Paris, 1975",afrique-occidentale-aec-1922-aof-togo-9cef7c
etablissementsbartheslesieur,Établissements Barthès et Lesieur,head_office,"22, rue Ferrère, BORDEAUX",1975,"Paris, 1874-Paris, 1975",afrique-occidentale-aec-1922-aof-togo-9cef7c
etablissementsmaurelprom,Établissements Maurel et Prom,capital,10 millions fr.,1975,"Paris, 1874-Paris, 1975",afrique-occidentale-aec-1922-aof-togo-9cef7c
ehortala,E. Hortala et Cie,head_office,RUFISQUE (Sénegal),1975,"Paris, 1874-Paris, 1975",afrique-occidentale-aec-1922-aof-togo-9cef7c
charlesregnault,Charles Regnault,head_office,RUFISQUE (Sénégal),1975,"Paris, 1874-Paris, 1975",afrique-occidentale-aec-1922-aof-togo-9cef7c
fsentenac,F. Sentenac,head_office,"Goumbo-Guéoul, Sénégal)",1975,"Paris, 1874-Paris, 1975",afrique-occidentale-aec-1922-aof-togo-9cef7c
commercialeafricaineexportationimportation,Société commerciale africaine d'exportation et d'importation,founded_date,1920-08-02,1975,"Paris, 1874-Paris, 1975",afrique-occidentale-aec-1922-aof-togo-9cef7c
commercialeafricaineexportationimportation,Société commerciale africaine d'exportation et d'importation,head_office,"admin. : 24, rue de Milan, PARIS (9e)",1975,"Paris, 1874-Paris, 1975",afrique-occidentale-aec-1922-aof-togo-9cef7c
commercialeindustriellepalmeraiesafricaines,Société commerciale et industrielle des palmeraies africaines,founded_date,1920-05-18,1975,"Paris, 1874-Paris, 1975",afrique-occidentale-aec-1922-aof-togo-9cef7c
commercialeouestafricain,Société commerciale de l'Ouest africain,founded_date,1907-04-04,1975,"Paris, 1874-Paris, 1975",afrique-occidentale-aec-1922-aof-togo-9cef7c
commercialesoudanrotterdam,"Société commerciale du Soudan français, ROTTERDAM",founded_date,1997-06-14,1975,"Paris, 1874-Paris, 1975",afrique-occidentale-aec-1922-aof-togo-9cef7c
unioncommercialedahomeennedahomey,Union commerciale dahoméenne Société française du Dahomey,founded_date,1930-10-08,1975,"Paris, 1874-Paris, 1975",afrique-occidentale-aec-1922-aof-togo-9cef7c
unioncommercialedahomeennedahomey,Union commerciale dahoméenne Société française du Dahomey,head_office,que la Société du Pacifique jusqu’à ce que cette dernière,1975,"Paris, 1874-Paris, 1975",afrique-occidentale-aec-1922-aof-togo-9cef7c
importationproduitscoloniaux,Société d'importation de produits coloniaux,founded_date,1919-08-05,1975,"Paris, 1874-Paris, 1975",afrique-occidentale-aec-1922-aof-togo-9cef7c
industriellecommercialeagricoleguinee,"Société industrielle, commerciale et agricole de la Guinée française",founded_date,1919-12-12,1975,"Paris, 1874-Paris, 1975",afrique-occidentale-aec-1922-aof-togo-9cef7c
pacifique,Société du Pacifique,founded_date,1918-07-17,1975,"Paris, 1874-Paris, 1975",afrique-occidentale-aec-1922-aof-togo-9cef7c
palmador1,Société Palmador 1,capital,375.000 fr.,1975,"Paris, 1874-Paris, 1975",afrique-occidentale-aec-1922-aof-togo-9cef7c
psoucail138alleestourny,"P. Soucail et Cie 138, allées de Tourny",founded_date,1914-06-01,1975,"Paris, 1874-Paris, 1975",afrique-occidentale-aec-1922-aof-togo-9cef7c
unioncolonialeafriqueoccidentale,Union coloniale de l'Afrique Occidentale,founded_date,1921-11-18,1975,"Paris, 1874-Paris, 1975",afrique-occidentale-aec-1922-aof-togo-9cef7c
cheminferdakarstlouis,Cie du chemin de fer de Dakar à St-Louis,founded_date,1883-06-04,1975,"Paris, 1874-Paris, 1975",afrique-occidentale-aec-1922-aof-togo-9cef7c
cotiereafrique,Cie côtière d'Afrique,founded_date,1920-05-20,1975,"Paris, 1874-Paris, 1975",afrique-occidentale-aec-1922-aof-togo-9cef7c
charbonnagesdakar,Cie française des charbonnages de Dakar,capital,1.250.000 fr.,1975,"Paris, 1874-Paris, 1975",afrique-occidentale-aec-1922-aof-togo-9cef7c
cheminsferdahomey,Cie française de chemins de fer du Dahomey,founded_date,1901-05-22,1975,"Paris, 1874-Paris, 1975",afrique-occidentale-aec-1922-aof-togo-9cef7c
minesfalemegambie,Cie des mines de Falémé-Gambie,founded_date,1911-04-10,1975,"Paris, 1874-Paris, 1975",afrique-occidentale-aec-1922-aof-togo-9cef7c
minesfalemegambie,Cie des mines de Falémé-Gambie,capital,3.500.000 fr.,1975,"Paris, 1874-Paris, 1975",afrique-occidentale-aec-1922-aof-togo-9cef7c
minessiguiri,Cie des mines de Siguiri,capital,2.125.000 fr.,1975,"Paris, 1874-Paris, 1975",afrique-occidentale-aec-1922-aof-togo-9cef7c
minesorbouresiekeafriqueoccidentale,Cie des mines d'or du Bouré-Siéké et de l'Afrique occidentale française,founded_date,1906-12-13,1975,"Paris, 1874-Paris, 1975",afrique-occidentale-aec-1922-aof-togo-9cef7c
minesorbouresiekeafriqueoccidentale,Cie des mines d'or du Bouré-Siéké et de l'Afrique occidentale française,head_office,d'exploit : à le Didi,1975,"Paris, 1874-Paris, 1975",afrique-occidentale-aec-1922-aof-togo-9cef7c
miniereguinee,Cie minière de la Guinée française,head_office,"7, rue Gounod, PARIS (17e)",1975,"Paris, 1874-Paris, 1975",afrique-occidentale-aec-1922-aof-togo-9cef7c
financierecolonies,« La Financière des Colonies »,head_office,d’exploit à Lyndiane (Sénégal),1975,"Paris, 1874-Paris, 1975",afrique-occidentale-aec-1922-aof-togo-9cef7c
huileriesafricaines,Huileries africaines,founded_date,1920-05-27,1975,"Paris, 1874-Paris, 1975",afrique-occidentale-aec-1922-aof-togo-9cef7c
huilerieouestafricain,Huilerie Ouest-Africain,head_office,"280, bd St-",1975,"Paris, 1874-Paris, 1975",afrique-occidentale-aec-1922-aof-togo-9cef7c
messageriesafricaines,Messageries africaines,founded_date,1907-02-25,1975,"Paris, 1874-Paris, 1975",afrique-occidentale-aec-1922-aof-togo-9cef7c
pecheriespescada,Société anon. de Pêcheries « Pescada »,founded_date,1919-08-13,1975,"Paris, 1874-Paris, 1975",afrique-occidentale-aec-1922-aof-togo-9cef7c
pecheriespescada,Société anon. de Pêcheries « Pescada »,head_office,d`exploit. à Dakar,1975,"Paris, 1874-Paris, 1975",afrique-occidentale-aec-1922-aof-togo-9cef7c
colonialeentreprisemorosini,Société anon. coloniale de l'entreprise Morosini,founded_date,1919-04-01,1975,"Paris, 1874-Paris, 1975",afrique-occidentale-aec-1922-aof-togo-9cef7c
colonialeentreprisemorosini,Société anon. coloniale de l'entreprise Morosini,head_office,"Conakry, Guinée française)",1975,"Paris, 1874-Paris, 1975",afrique-occidentale-aec-1922-aof-togo-9cef7c
bamako,Société de Bamako,founded_date,1909-06-30,1975,"Paris, 1874-Paris, 1975",afrique-occidentale-aec-1922-aof-togo-9cef7c
etudesirrigationvalleeniger,Société d'études pour l'irrigation de la vallée du Niger,head_office,Cie gén. des colonies],1975,"Paris, 1874-Paris, 1975",afrique-occidentale-aec-1922-aof-togo-9cef7c
immobilierethies20,Société immobilière de Thiès 20,head_office,d'exploit. : Thiès,1975,"Paris, 1874-Paris, 1975",afrique-occidentale-aec-1922-aof-togo-9cef7c
industriellegrandepeche,Société industrielle de la grande pêche,founded_date,1919-06-05,1975,"Paris, 1874-Paris, 1975",afrique-occidentale-aec-1922-aof-togo-9cef7c
industriellegrandepeche,Société industrielle de la grande pêche,head_office,PORT-ÉTIENNE (Mauritanie),1975,"Paris, 1874-Paris, 1975",afrique-occidentale-aec-1922-aof-togo-9cef7c
minierefoncierebandama,Société minière et foncière du Bandama,founded_date,1909-07-28,1975,"Paris, 1874-Paris, 1975",afrique-occidentale-aec-1922-aof-togo-9cef7c
productionsindustriellesagricoles,Société de productions industrielles et agricoles,founded_date,1919-05-20,1975,"Paris, 1874-Paris, 1975",afrique-occidentale-aec-1922-aof-togo-9cef7c
acajouscoteivoire,Cie des acajous de la Côte-d'Ivoire,head_office,GRAND-BASSAM (Côte-d’Ivoire)[absorbée en 1927 par la Cie des,1929,"Lyon, 15 février 1873-Paris XVIe, 17 décembre 1929",afrique-occidentale-aec-1922-aof-togo-9cef7c
culturecotonniereniger,Cie de culture cotonnière du Niger,founded_date,1920-03-04,1929,"Lyon, 15 février 1873-Paris XVIe, 17 décembre 1929",afrique-occidentale-aec-1922-aof-togo-9cef7c
culturecotonniereniger,Cie de culture cotonnière du Niger,head_office,"admin. : 8, rue Laffitte, PARlS (9e)",1929,"Lyon, 15 février 1873-Paris XVIe, 17 décembre 1929",afrique-occidentale-aec-1922-aof-togo-9cef7c
industrielleproduitscoloniaux,Cie industrielle des produits coloniaux,founded_date,1920-04-15,1929,"Lyon, 15 février 1873-Paris XVIe, 17 décembre 1929",afrique-occidentale-aec-1922-aof-togo-9cef7c
scieriesafricaines,Cie des scieries africaines,head_office,Grand-Bassam (Côte-d'Ivoire),1929,"Lyon, 15 février 1873-Paris XVIe, 17 décembre 1929",afrique-occidentale-aec-1922-aof-togo-9cef7c
etablissementsrouxbaudrandfreres,Établissements Roux-Baudrand frères,founded_date,1917-08-03,1929,"Lyon, 15 février 1873-Paris XVIe, 17 décembre 1929",afrique-occidentale-aec-1922-aof-togo-9cef7c
etablissementsrouxbaudrandfreres,Établissements Roux-Baudrand frères,head_office,Sassandra (Côte-d'Ivoire),1929,"Lyon, 15 février 1873-Paris XVIe, 17 décembre 1929",afrique-occidentale-aec-1922-aof-togo-9cef7c
agricolembalohermelinnecker,Société agricole M'Balo Hermelin-Necker et Cie,head_office,Grand-Bassam,1929,"Lyon, 15 février 1873-Paris XVIe, 17 décembre 1929",afrique-occidentale-aec-1922-aof-togo-9cef7c
africainefruitiereimportation,Société africaine fruitière d'importation,founded_date,1912-10-03,1929,"Lyon, 15 février 1873-Paris XVIe, 17 décembre 1929",afrique-occidentale-aec-1922-aof-togo-9cef7c
culturesdiakandape,Société anon. des cultures de Diakandapé,founded_date,1919-05-13,1929,"Lyon, 15 février 1873-Paris XVIe, 17 décembre 1929",afrique-occidentale-aec-1922-aof-togo-9cef7c
etablissementsemilehubert,Société anon. des Établissements Émile d'Hubert,head_office,"Abidjan, Côte-d'Ivoire)",1929,"Lyon, 15 février 1873-Paris XVIe, 17 décembre 1929",afrique-occidentale-aec-1922-aof-togo-9cef7c
importationboisexotiques,Société d'importation de bois exotiques,head_office,de la Cie de l’Ouest afric. coulée en 1922],1929,"Lyon, 15 février 1873-Paris XVIe, 17 décembre 1929",afrique-occidentale-aec-1922-aof-togo-9cef7c
plantationsexploitationscoloniales,Société de plantations et d'exploitations coloniales,head_office,d'exploit. à Bingerville,1929,"Lyon, 15 février 1873-Paris XVIe, 17 décembre 1929",afrique-occidentale-aec-1922-aof-togo-9cef7c
silicocalcaireafricaine,Silico-Calcaire africaine,head_office,de l’expl. à,1929,"Lyon, 15 février 1873-Paris XVIe, 17 décembre 1929",afrique-occidentale-aec-1922-aof-togo-9cef7c
huileriesrizeriesguinee,Société des huileries-rizeries de Guinée,founded_date,1922-03-25,1929,"Lyon, 15 février 1873-Paris XVIe, 17 décembre 1929",afrique-occidentale-aec-1922-aof-togo-9cef7c
senegalaisevoieseconomiques,Cie sénégalaise de voies économiques,founded_date,1919-03-09,1929,"Lyon, 15 février 1873-Paris XVIe, 17 décembre 1929",afrique-occidentale-aec-1922-aof-togo-9cef7c
senegalaisevoieseconomiques,Cie sénégalaise de voies économiques,capital,150.000 fr.,1929,"Lyon, 15 février 1873-Paris XVIe, 17 décembre 1929",afrique-occidentale-aec-1922-aof-togo-9cef7c
senegalaisevoieseconomiques,Cie sénégalaise de voies économiques,head_office,Liverpool),1929,"Lyon, 15 février 1873-Paris XVIe, 17 décembre 1929",afrique-occidentale-aec-1922-aof-togo-9cef7c
africaine,L'Africaine française,founded_date,1910-05-06,1926,Annuaire des entreprises coloniales,afrique-occidentale-aec-1926-aof-togo-b4d838
anciensetablissementschpeyrissaccolonialeafrique,Anciens Établissements Ch. Peyrissac et Cie (Cie coloniale de l'Afrique,founded_date,1908-04-27,1926,Annuaire des entreprises coloniales,afrique-occidentale-aec-1926-aof-togo-b4d838
louisbesnard,Louis Besnard,head_office,RUFISQUE (Sénégal),1926,Annuaire des entreprises coloniales,afrique-occidentale-aec-1926-aof-togo-b4d838
clastresplanteycp,Clastres et Plantey (C.P,head_office,RUFISQUE (Sénégal),1926,Annuaire des entreprises coloniales,afrique-occidentale-aec-1926-aof-togo-b4d838
africainecommerce,Cie africaine de commerce,founded_date,1920-07-16,1926,Annuaire des entreprises coloniales,afrique-occidentale-aec-1926-aof-togo-b4d838
colonialebia,Cie coloniale de la Bia (Anct,founded_date,1920-07-16,1926,Annuaire des entreprises coloniales,afrique-occidentale-aec-1926-aof-togo-b4d838
colonialebia,Cie coloniale de la Bia (Anct,head_office,de l'exploit. : Aboisso (Côte-d'Ivoire). Commerce,1926,Annuaire des entreprises coloniales,afrique-occidentale-aec-1926-aof-togo-b4d838
commercialecoteafrique,Cie commerciale de la Côte d'Afrique,founded_date,1901-08-30,1926,Annuaire des entreprises coloniales,afrique-occidentale-aec-1926-aof-togo-b4d838
afriqueoccidentale,Cie française de l'Afrique occidentale,capital,25 millions fr.,1926,Annuaire des entreprises coloniales,afrique-occidentale-aec-1926-aof-togo-b4d838
afriqueoccidentale,Cie française de l'Afrique occidentale,head_office,"32, cours Pierre-Puget, MARSEILLE",1926,Annuaire des entreprises coloniales,afrique-occidentale-aec-1926-aof-togo-b4d838
commerceinternationalcolonial,Cie française de commerce international et colonial,founded_date,1920-12-31,1926,Annuaire des entreprises coloniales,afrique-occidentale-aec-1926-aof-togo-b4d838
cotelvoire,Cie française de la Côte d'lvoire,founded_date,1911-03-24,1926,Annuaire des entreprises coloniales,afrique-occidentale-aec-1926-aof-togo-b4d838
afrique,Cie générale de l'Afrique française Anciens Établissements,founded_date,1911-07-17,1926,Annuaire des entreprises coloniales,afrique-occidentale-aec-1926-aof-togo-b4d838
guineeniger,Cie Guinée-Niger,capital,1.500.000 fr.,1926,Annuaire des entreprises coloniales,afrique-occidentale-aec-1926-aof-togo-b4d838
guineeniger,Cie Guinée-Niger,head_office,"12, rue des Filles-du-Calvaire",1926,Annuaire des entreprises coloniales,afrique-occidentale-aec-1926-aof-togo-b4d838
niger,Cie du Niger français,founded_date,1913-09-15,1926,Annuaire des entreprises coloniales,afrique-occidentale-aec-1926-aof-togo-b4d838
comptoirscoloniaux,Comptoirs coloniaux (Anct,founded_date,1924-09-13,1926,Annuaire des entreprises coloniales,afrique-occidentale-aec-1926-aof-togo-b4d838
comptoirscoloniaux,Comptoirs coloniaux (Anct,head_office,"10, quai de Retz, LYON",1926,Annuaire des entreprises coloniales,afrique-occidentale-aec-1926-aof-togo-b4d838
comptoirafriqueoccidentale,Comptoir général français de l'Afrique occidentale,founded_date,1912-03-23,1926,Annuaire des entreprises coloniales,afrique-occidentale-aec-1926-aof-togo-b4d838
comptoirsmarccaland,Comptoirs Marc Caland,capital,500.000 fr.,1926,Annuaire des entreprises coloniales,afrique-occidentale-aec-1926-aof-togo-b4d838
comptoirsreunisouestafricainc,Comptoirs réunis de l'Ouest africain (C,founded_date,1920-10-19,1926,Annuaire des entreprises coloniales,afrique-occidentale-aec-1926-aof-togo-b4d838
comptoirsreunisouestafricainc,Comptoirs réunis de l'Ouest africain (C,head_office,"21, rue d'Hauteville, PARIS (10e)",1926,Annuaire des entreprises coloniales,afrique-occidentale-aec-1926-aof-togo-b4d838
comptoirssenegalais,Comptoirs Sénégalais,founded_date,1924-10-10,1926,Annuaire des entreprises coloniales,afrique-occidentale-aec-1926-aof-togo-b4d838
comptoirssenegalais,Comptoirs Sénégalais,head_office,CONAKRY (Guinée française),1926,Annuaire des entreprises coloniales,afrique-occidentale-aec-1926-aof-togo-b4d838
etablissementsbartheslesieur,Établissements Barthès et Lesieur,head_office,"22, rue Ferrère, BORDEAUX",1926,Annuaire des entreprises coloniales,afrique-occidentale-aec-1926-aof-togo-b4d838
etablissementsmaurelprom,Établissements Maurel et Prom,capital,10 millions fr.,1926,Annuaire des entreprises coloniales,afrique-occidentale-aec-1926-aof-togo-b4d838
guiraudfreres,Guiraud frères,head_office,"29, cours du Maréchal-Foch, BORDEAUX",1926,Annuaire des entreprises coloniales,afrique-occidentale-aec-1926-aof-togo-b4d838
handelmaatschappij,Handelmaatschappij (Anct,founded_date,1921-11-29,1926,Annuaire des entreprises coloniales,afrique-occidentale-aec-1926-aof-togo-b4d838
ehortala,E. Hortala et Cie,founded_date,1900-08-01,1926,Annuaire des entreprises coloniales,afrique-occidentale-aec-1926-aof-togo-b4d838
ehortala,E. Hortala et Cie,head_office,RUFISQUE (Sénégal). — Adresser toutes les offres à Bordeaux,1926,Annuaire des entreprises coloniales,afrique-occidentale-aec-1926-aof-togo-b4d838
lecomte,A. Lecomte et Cie,founded_date,1922-07-01,1926,Annuaire des entreprises coloniales,afrique-occidentale-aec-1926-aof-togo-b4d838
lecomte,A. Lecomte et Cie,head_office,DAKAR (Sénégal),1926,Annuaire des entreprises coloniales,afrique-occidentale-aec-1926-aof-togo-b4d838
kong,Nouvelle Compagnie française de Kong,founded_date,1923-08-22,1926,Annuaire des entreprises coloniales,afrique-occidentale-aec-1926-aof-togo-b4d838
oldani,A. Oldani et Cie,head_office,SAINT-LoUIS (Sénégal),1926,Annuaire des entreprises coloniales,afrique-occidentale-aec-1926-aof-togo-b4d838
omniumcommercialafricain,Omnium commercial africain (Anciennement,founded_date,1922-07-09,1926,Annuaire des entreprises coloniales,afrique-occidentale-aec-1926-aof-togo-b4d838
rezkfreres,Rezk frères,head_office,CONAKRY (Guinée française),1926,Annuaire des entreprises coloniales,afrique-occidentale-aec-1926-aof-togo-b4d838
richa,Richa et Cie,head_office,DAKAR (Sénégal),1926,Annuaire des entreprises coloniales,afrique-occidentale-aec-1926-aof-togo-b4d838
jeanrose,Jean Rose,head_office,"Avenue du Maréchal-Pétain, ABIDJAN (Côte-d'Ivoire)",1926,Annuaire des entreprises coloniales,afrique-occidentale-aec-1926-aof-togo-b4d838
marcelsimon,Marcel Simon,capital,100.000 fr.,1926,Annuaire des entreprises coloniales,afrique-occidentale-aec-1926-aof-togo-b4d838
commercialeafricaineexportationimportation,Société commerciale africaine d'exportation et d'importation,founded_date,1920-08-02,1926,Annuaire des entreprises coloniales,afrique-occidentale-aec-1926-aof-togo-b4d838
commercialeafricaineexportationimportation,Société commerciale africaine d'exportation et d'importation,head_office,"24, rue de Milan, PARIS (9e)",1926,Annuaire des entreprises coloniales,afrique-occidentale-aec-1926-aof-togo-b4d838
commercialeindustrielleafriqueoccidentale,Société commerciale et industrielle de l'Afrique occidentale,founded_date,1916-06-08,1926,Annuaire des entreprises coloniales,afrique-occidentale-aec-1926-aof-togo-b4d838
commercialeindustriellepalmeraiesafricaines,Société commerciale et industrielle des Palmeraies africaines,founded_date,1920-05-18,1926,Annuaire des entreprises coloniales,afrique-occidentale-aec-1926-aof-togo-b4d838
commercialeouestafricain,Société commerciale de l'Ouest africain,founded_date,1907-04-04,1926,Annuaire des entreprises coloniales,afrique-occidentale-aec-1926-aof-togo-b4d838
commercialesoudan,Société commerciale du Soudan français,founded_date,1897-06-14,1926,Annuaire des entreprises coloniales,afrique-occidentale-aec-1926-aof-togo-b4d838
entreprisesafricaines,Société d'entreprises africaines,founded_date,1921-12-15,1926,Annuaire des entreprises coloniales,afrique-occidentale-aec-1926-aof-togo-b4d838
dahomey,Société française du Dahomey,founded_date,1920-10-08,1926,Annuaire des entreprises coloniales,afrique-occidentale-aec-1926-aof-togo-b4d838
comptoirsfrancoafricains,Société générale des Comptoirs franco-africains,founded_date,1925-04-22,1926,Annuaire des entreprises coloniales,afrique-occidentale-aec-1926-aof-togo-b4d838
palmador,Société Palmador,founded_date,1921-02-12,1926,Annuaire des entreprises coloniales,afrique-occidentale-aec-1926-aof-togo-b4d838
palmador,Société Palmador,head_office,"5, avenue Albert-Sarraut, DAKAR (Sénégal)",1926,Annuaire des entreprises coloniales,afrique-occidentale-aec-1926-aof-togo-b4d838
parisiennecomptoirsafricains,Société parisienne de comptoirs africains,founded_date,1922-08-19,1926,Annuaire des entreprises coloniales,afrique-occidentale-aec-1926-aof-togo-b4d838
parisiennecomptoirsafricains,Société parisienne de comptoirs africains,capital,500.000 fr.,1926,Annuaire des entreprises coloniales,afrique-occidentale-aec-1926-aof-togo-b4d838
psoucail,P. Soucail et Cie,founded_date,1914-06-01,1926,Annuaire des entreprises coloniales,afrique-occidentale-aec-1926-aof-togo-b4d838
unioncolonialeafriqueoccidentale,Union coloniale de l'Afrique occidentale,founded_date,1921-11-18,1926,Annuaire des entreprises coloniales,afrique-occidentale-aec-1926-aof-togo-b4d838
unioncolonialeafriqueoccidentale,Union coloniale de l'Afrique occidentale,founded_date,1921-11-18,1926,Annuaire des entreprises coloniales,afrique-occidentale-aec-1926-aof-togo-b4d838
africaineentreprises,Cie africaine d'entreprises,founded_date,1919-04-01,1926,Annuaire des entreprises coloniales,afrique-occidentale-aec-1926-aof-togo-b4d838
africaineentreprises,Cie africaine d'entreprises,head_office,ABIDJAN (Côte-d'Ivoire),1926,Annuaire des entreprises coloniales,afrique-occidentale-aec-1926-aof-togo-b4d838
cheminferdakarsaintlouis,Cie du chemin de fer de Dakar à Saint-Louis,founded_date,1883-06-04,1926,Annuaire des entreprises coloniales,afrique-occidentale-aec-1926-aof-togo-b4d838
electricitesenegal,Cie d'électricité du Sénégal,founded_date,1910-01-12,1926,Annuaire des entreprises coloniales,afrique-occidentale-aec-1926-aof-togo-b4d838
electricitesenegal,Cie d'électricité du Sénégal,capital,1.250.000 fr.,1926,Annuaire des entreprises coloniales,afrique-occidentale-aec-1926-aof-togo-b4d838
cheminsferdahomey,Cie française de chemins de fer au Dahomey,founded_date,1901-05-22,1926,Annuaire des entreprises coloniales,afrique-occidentale-aec-1926-aof-togo-b4d838
titane,Cie française du Titane,founded_date,1923-02-22,1926,Annuaire des entreprises coloniales,afrique-occidentale-aec-1926-aof-togo-b4d838
industrielleproduitscoloniaux,Cie industrielle des produits coloniaux,founded_date,1920-04-15,1926,Annuaire des entreprises coloniales,afrique-occidentale-aec-1926-aof-togo-b4d838
minesfalemegambie,Cie des mines de Falémé-Gambie,founded_date,1911-04-10,1926,Annuaire des entreprises coloniales,afrique-occidentale-aec-1926-aof-togo-b4d838
minessiguiri,Cie des mines de Siguiri,founded_date,1907-07-27,1926,Annuaire des entreprises coloniales,afrique-occidentale-aec-1926-aof-togo-b4d838
miniereguinee,Cie minière de la Guinée française,head_office,"7, rue Gounod, PARIS (17e)",1926,Annuaire des entreprises coloniales,afrique-occidentale-aec-1926-aof-togo-b4d838
figafrica,Figafrica,founded_date,1924-03-17,1926,Annuaire des entreprises coloniales,afrique-occidentale-aec-1926-aof-togo-b4d838
figafrica,Figafrica,head_office,CONAKRY (Guinée française),1926,Annuaire des entreprises coloniales,afrique-occidentale-aec-1926-aof-togo-b4d838
huileriesafricaines,Huileries africaines,founded_date,1920-05-27,1926,Annuaire des entreprises coloniales,afrique-occidentale-aec-1926-aof-togo-b4d838
huileriesafricaines,Huileries africaines,head_office,Dabou (Côte-d'Ivoire),1926,Annuaire des entreprises coloniales,afrique-occidentale-aec-1926-aof-togo-b4d838
salinscapvert,Salins du Cap-Vert,founded_date,1919-01-21,1926,Annuaire des entreprises coloniales,afrique-occidentale-aec-1926-aof-togo-b4d838
salinssinesaloum,Salins du Sine-Saloum,head_office,"15, rue Vauban, BORDEAUX",1926,Annuaire des entreprises coloniales,afrique-occidentale-aec-1926-aof-togo-b4d838
silicocalcaireafricaine,Silico-calcaire africaine,head_office,"de l'exploit. à Dakar, 16, avenue Roume.—",1926,Annuaire des entreprises coloniales,afrique-occidentale-aec-1926-aof-togo-b4d838
bamako,Société de Bamako,founded_date,1909-06-30,1926,Annuaire des entreprises coloniales,afrique-occidentale-aec-1926-aof-togo-b4d838
briqueteriesbamako,Société des briqueteries de Bamako,founded_date,1924-12-31,1926,Annuaire des entreprises coloniales,afrique-occidentale-aec-1926-aof-togo-b4d838
briqueteriesbamako,Société des briqueteries de Bamako,head_office,Bamako (Soudan français),1926,Annuaire des entreprises coloniales,afrique-occidentale-aec-1926-aof-togo-b4d838
commercialeindustrielleafriqueoccidentale,Société commerciale et industrielle de l'Afrique occidentale,founded_date,1912-01-29,1926,Annuaire des entreprises coloniales,afrique-occidentale-aec-1926-aof-togo-b4d838
huileriesrizeriesouestafricainesh,Société des huileries et rizeries ouest-africaines (S.H,founded_date,1922-03-25,1926,Annuaire des entreprises coloniales,afrique-occidentale-aec-1926-aof-togo-b4d838
huileriesrizeriesouestafricainesh,Société des huileries et rizeries ouest-africaines (S.H,capital,2.500.000 fr.,1926,Annuaire des entreprises coloniales,afrique-occidentale-aec-1926-aof-togo-b4d838
immobilierethies,Société immobilière de Thiès,head_office,Dakar,1926,Annuaire des entreprises coloniales,afrique-occidentale-aec-1926-aof-togo-b4d838
industriellegrandepeche,Société industrielle de la Grande Pêche,founded_date,1919-06-05,1926,Annuaire des entreprises coloniales,afrique-occidentale-aec-1926-aof-togo-b4d838
industriellegrandepeche,Société industrielle de la Grande Pêche,head_office,PORT-ÉTIENNE (Mauritanie),1926,Annuaire des entreprises coloniales,afrique-occidentale-aec-1926-aof-togo-b4d838
minierefoncierebandama,Société minière et foncière du Bandama,founded_date,1909-07-18,1926,Annuaire des entreprises coloniales,afrique-occidentale-aec-1926-aof-togo-b4d838
becmeursexer,Becmeur et Sexer,founded_date,1921-07-23,1926,Annuaire des entreprises coloniales,afrique-occidentale-aec-1926-aof-togo-b4d838
becmeursexer,Becmeur et Sexer,head_office,Grand-Lahou,1926,Annuaire des entreprises coloniales,afrique-occidentale-aec-1926-aof-togo-b4d838
acajouscoteivoire,Cie des acajous de la Côte-d'Ivoire,head_office,GRAND-BASSAM (Côte-d'Ivoire),1926,Annuaire des entreprises coloniales,afrique-occidentale-aec-1926-aof-togo-b4d838
agriculturecommerceindustrieafrique,"Cie d'agriculture, de commerce et d'industrie d'Afrique",head_office,"Kindia (Guinée). Imp. Tous produits, notamment fruits tropicaux",1926,Annuaire des entreprises coloniales,afrique-occidentale-aec-1926-aof-togo-b4d838
boiscoteivoire,Cie des bois de la Côte-d'Ivoire,founded_date,1923-01-23,1926,Annuaire des entreprises coloniales,afrique-occidentale-aec-1926-aof-togo-b4d838
boiscoteivoire,Cie des bois de la Côte-d'Ivoire,head_office,GRAND-BASSAM (Côte-d'Ivoire),1926,Annuaire des entreprises coloniales,afrique-occidentale-aec-1926-aof-togo-b4d838
cotonniereouestafricaincotoa,Cie cotonnière de l'Ouest africain « La Cotoa»,founded_date,1925-03-31,1926,Annuaire des entreprises coloniales,afrique-occidentale-aec-1926-aof-togo-b4d838
cotonniereouestafricaincotoa,Cie cotonnière de l'Ouest africain « La Cotoa»,head_office,"2, square de l'Opéra, PARIS (9e)",1926,Annuaire des entreprises coloniales,afrique-occidentale-aec-1926-aof-togo-b4d838
culturecotonniereniger,Cie de culture cotonnière du Niger,founded_date,1919-11-25,1926,Annuaire des entreprises coloniales,afrique-occidentale-aec-1926-aof-togo-b4d838
culturecotonniereniger,Cie de culture cotonnière du Niger,capital,20 millions fr.,1926,Annuaire des entreprises coloniales,afrique-occidentale-aec-1926-aof-togo-b4d838
culturecotonniereniger,Cie de culture cotonnière du Niger,head_office,"32, rue Taitbout, PARIS (9e)",1926,Annuaire des entreprises coloniales,afrique-occidentale-aec-1926-aof-togo-b4d838
culturestropicalesafrique,Cie de cultures tropicales en Afrique,founded_date,1925-01-26,1926,Annuaire des entreprises coloniales,afrique-occidentale-aec-1926-aof-togo-b4d838
culturestropicalesafrique,Cie de cultures tropicales en Afrique,head_office,— Ouassadou près Dialakoto (Sénégal),1926,Annuaire des entreprises coloniales,afrique-occidentale-aec-1926-aof-togo-b4d838
forestiereindenie,Cie forestière de l'Indénié,founded_date,1924-11-04,1926,Annuaire des entreprises coloniales,afrique-occidentale-aec-1926-aof-togo-b4d838
forestiereindenie,Cie forestière de l'Indénié,head_office,de l'exploitation à Aboisso (Côte-d'Ivoire),1926,Annuaire des entreprises coloniales,afrique-occidentale-aec-1926-aof-togo-b4d838
scieriesafricaines,Cie des scieries africaines,head_office,GRAND-BASSAM (Côte-d'Ivoire),1926,Annuaire des entreprises coloniales,afrique-occidentale-aec-1926-aof-togo-b4d838
etablissementsrouxbaudrandfreres,Établissements Roux-Baudrand frères,founded_date,1917-08-03,1926,Annuaire des entreprises coloniales,afrique-occidentale-aec-1926-aof-togo-b4d838
eugeneschneider,Eugène Schneider,head_office,Tabou,1926,Annuaire des entreprises coloniales,afrique-occidentale-aec-1926-aof-togo-b4d838
agricolembato,Société agricole de M'Bato,founded_date,1911-03-23,1926,Annuaire des entreprises coloniales,afrique-occidentale-aec-1926-aof-togo-b4d838
agricolembato,Société agricole de M'Bato,capital,500.000 fr.,1926,Annuaire des entreprises coloniales,afrique-occidentale-aec-1926-aof-togo-b4d838
agricolembato,Société agricole de M'Bato,head_office,"M'BATO, par Bingerville (Côte-d'Ivoire)",1926,Annuaire des entreprises coloniales,afrique-occidentale-aec-1926-aof-togo-b4d838
alsaciennecoteivoire,Société alsacienne de la Côte-d'Ivoire,founded_date,1919-03-09,1926,Annuaire des entreprises coloniales,afrique-occidentale-aec-1926-aof-togo-b4d838
alsaciennecoteivoire,Société alsacienne de la Côte-d'Ivoire,head_office,ABIDJAN (Côte-d'Ivoire),1926,Annuaire des entreprises coloniales,afrique-occidentale-aec-1926-aof-togo-b4d838
culturesdiakandape,Société anonyme des cultures du Diakandapé,founded_date,1919-04-23,1926,Annuaire des entreprises coloniales,afrique-occidentale-aec-1926-aof-togo-b4d838
culturesdiakandape,Société anonyme des cultures du Diakandapé,head_office,Kayes,1926,Annuaire des entreprises coloniales,afrique-occidentale-aec-1926-aof-togo-b4d838
etablemilehubert,Société anonyme des Établ. Émile d'Hubert,head_office,ABIDJAN (Côte-d'Ivoire),1926,Annuaire des entreprises coloniales,afrique-occidentale-aec-1926-aof-togo-b4d838
boisafricains,Société des bois africains,founded_date,1918-10-05,1926,Annuaire des entreprises coloniales,afrique-occidentale-aec-1926-aof-togo-b4d838
bordelaisecoteivoire,Société bordelaise de la Côte-d'Ivoire,founded_date,1919-04-19,1926,Annuaire des entreprises coloniales,afrique-occidentale-aec-1926-aof-togo-b4d838
bordelaisecoteivoire,Société bordelaise de la Côte-d'Ivoire,head_office,GRAND-BASSAM (Côte-d'Ivoire),1926,Annuaire des entreprises coloniales,afrique-occidentale-aec-1926-aof-togo-b4d838
forestierebandama,Société forestière du Bandama,founded_date,1921-02-24,1926,Annuaire des entreprises coloniales,afrique-occidentale-aec-1926-aof-togo-b4d838
forestierebandama,Société forestière du Bandama,head_office,Grand-Lahou,1926,Annuaire des entreprises coloniales,afrique-occidentale-aec-1926-aof-togo-b4d838
importationboisexotiques,Société d'importation de bois exotiques,founded_date,1919-12-01,1926,Annuaire des entreprises coloniales,afrique-occidentale-aec-1926-aof-togo-b4d838
importationboisexotiques,Société d'importation de bois exotiques,head_office,— Assinie (Côte-d'Ivoire),1926,Annuaire des entreprises coloniales,afrique-occidentale-aec-1926-aof-togo-b4d838
plantationsexploitationscoloniales,Société de plantations et d'exploitations coloniales,head_office,d'exploit. à Bingerville,1926,Annuaire des entreprises coloniales,afrique-occidentale-aec-1926-aof-togo-b4d838
plantationstanoe,Société des plantations de la Tanoé,founded_date,1923-04-18,1926,Annuaire des entreprises coloniales,afrique-occidentale-aec-1926-aof-togo-b4d838
unionforestiereafricaine,Union forestière africaine,founded_date,1923-12-12,1926,Annuaire des entreprises coloniales,afrique-occidentale-aec-1926-aof-togo-b4d838
nigeragricole,Société du Niger agricole,founded_date,1924-06-26,1926,Annuaire des entreprises coloniales,afrique-occidentale-aec-1926-aof-togo-b4d838
senegalaisevoieseconomiques,Cie sénégalaise de voies économiques,founded_date,1920-06-01,1926,Annuaire des entreprises coloniales,afrique-occidentale-aec-1926-aof-togo-b4d838
ouestafricainecabotage,Compagnie Ouest-Africaine de cabotage,founded_date,1925-02-16,1926,Annuaire des entreprises coloniales,afrique-occidentale-aec-1926-aof-togo-b4d838
ouestafricainecabotage,Compagnie Ouest-Africaine de cabotage,head_office,"Port-Étienne (Mauritanie). — Société anon., fondée en juin 1925, 8 millions de fr. en",1926,Annuaire des entreprises coloniales,afrique-occidentale-aec-1926-aof-togo-b4d838
comptoircommercialfrancoafricain,Comptoir commercial franco-africain,founded_date,1924-04-21,1926,Annuaire des entreprises coloniales,afrique-occidentale-aec-1926-aof-togo-b4d838
comptoircommercialfrancoafricain,Comptoir commercial franco-africain,head_office,Dakar,1926,Annuaire des entreprises coloniales,afrique-occidentale-aec-1926-aof-togo-b4d838
messageriesafricaines,Messageries africaines,founded_date,1907-02-25,1937,Annuaire des entreprises coloniales,afrique-occidentale-aec-1937-aof-togo-879c40
messageriesafricaines,Messageries africaines,head_office,ou un bureau en Europe,1937,Annuaire des entreprises coloniales,afrique-occidentale-aec-1937-aof-togo-879c40
afriquecongo,Afrique et Congo,founded_date,1907-04-17,1937,Annuaire des entreprises coloniales,afrique-occidentale-aec-1937-aof-togo-879c40
alminko,« Alminko »,founded_date,1930-06-14,1937,Annuaire des entreprises coloniales,afrique-occidentale-aec-1937-aof-togo-879c40
anciensetablissementschpeyrissaccoloniale,Anciens Établissements Ch. Peyrissac et Compagnie (Compagnie coloniale de,founded_date,1908-04-27,1937,Annuaire des entreprises coloniales,afrique-occidentale-aec-1937-aof-togo-879c40
andrebaraderiefils,André Baraderie fils et Compagnie,capital,300.000 fr.,1937,Annuaire des entreprises coloniales,afrique-occidentale-aec-1937-aof-togo-879c40
echavanel,E. Chavanel et Compagnie,founded_date,1928-06-11,1937,Annuaire des entreprises coloniales,afrique-occidentale-aec-1937-aof-togo-879c40
echavanelfils,E. Chavanel et Fils,founded_date,1928-04-18,1937,Annuaire des entreprises coloniales,afrique-occidentale-aec-1937-aof-togo-879c40
echavanelfils,E. Chavanel et Fils,capital,12 millions fr.,1937,Annuaire des entreprises coloniales,afrique-occidentale-aec-1937-aof-togo-879c40
commerceafricain,Commerce Africain,capital,23 millions fr.,1937,Annuaire des entreprises coloniales,afrique-occidentale-aec-1937-aof-togo-879c40
commerceafricain,Commerce Africain,head_office,DAKAR (Sénégal),1937,Annuaire des entreprises coloniales,afrique-occidentale-aec-1937-aof-togo-879c40
commercialeexportationimportation,Commerciale d'Exportation et d'Importation,founded_date,1930-06-12,1937,Annuaire des entreprises coloniales,afrique-occidentale-aec-1937-aof-togo-879c40
commercialeexportationimportation,Commerciale d'Exportation et d'Importation,capital,2.500.000 fr,1937,Annuaire des entreprises coloniales,afrique-occidentale-aec-1937-aof-togo-879c40
baltivent,Compagnie Baltivent,capital,450.000 fr,1937,Annuaire des entreprises coloniales,afrique-occidentale-aec-1937-aof-togo-879c40
commercialesenegalaise,Compagnie commerciale sénégalaise,founded_date,1931-07-28,1937,Annuaire des entreprises coloniales,afrique-occidentale-aec-1937-aof-togo-879c40
commercialesenegalaise,Compagnie commerciale sénégalaise,capital,250.000 fr.,1937,Annuaire des entreprises coloniales,afrique-occidentale-aec-1937-aof-togo-879c40
drogueriesafricainesmanufacturesmatieres,Compagnie des drogueries africaines et Manufactures de Matières,founded_date,1927-12-03,1937,Annuaire des entreprises coloniales,afrique-occidentale-aec-1937-aof-togo-879c40
drogueriesafricainesmanufacturesmatieres,Compagnie des drogueries africaines et Manufactures de Matières,head_office,"1, rue Jules-Lefebvre, Paris (9e)",1937,Annuaire des entreprises coloniales,afrique-occidentale-aec-1937-aof-togo-879c40
afriqueoccidentale,Compagnie française de l'Afrique occidentale,capital,25 millions fr.,1937,Annuaire des entreprises coloniales,afrique-occidentale-aec-1937-aof-togo-879c40
afriqueoccidentale,Compagnie française de l'Afrique occidentale,head_office,"32, cours Pierre-Puget, MARSEILLE",1937,Annuaire des entreprises coloniales,afrique-occidentale-aec-1937-aof-togo-879c40
coteivoire,Compagnie française de la Côte-d'Ivoire,founded_date,1911-03-24,1937,Annuaire des entreprises coloniales,afrique-occidentale-aec-1937-aof-togo-879c40
industrietextilecotonniere,Compagnie de l'industrie textile cotonnière,founded_date,1927-04-15,1937,Annuaire des entreprises coloniales,afrique-occidentale-aec-1937-aof-togo-879c40
industrietextilecotonniere,Compagnie de l'industrie textile cotonnière,head_office,DAKAR (Sénégal),1937,Annuaire des entreprises coloniales,afrique-occidentale-aec-1937-aof-togo-879c40
niger,Compagnie du Niger français,founded_date,1913-09-15,1937,Annuaire des entreprises coloniales,afrique-occidentale-aec-1937-aof-togo-879c40
soudanaise,Compagnie Soudanaise,founded_date,1927-07-17,1937,Annuaire des entreprises coloniales,afrique-occidentale-aec-1937-aof-togo-879c40
soudanaise,Compagnie Soudanaise,capital,8.545.000 fr.,1937,Annuaire des entreprises coloniales,afrique-occidentale-aec-1937-aof-togo-879c40
soudanaise,Compagnie Soudanaise,head_office,KAYES (Soudan français),1937,Annuaire des entreprises coloniales,afrique-occidentale-aec-1937-aof-togo-879c40
comptoircommercialfrancoafricain,Comptoir commercial Franco-africain,founded_date,1924-04-21,1937,Annuaire des entreprises coloniales,afrique-occidentale-aec-1937-aof-togo-879c40
entreprisestransatlantiques,Entreprises transatlantiques,founded_date,1927-05-03,1937,Annuaire des entreprises coloniales,afrique-occidentale-aec-1937-aof-togo-879c40
etablissementsafricains,Établissements africains,founded_date,1928-06-11,1937,Annuaire des entreprises coloniales,afrique-occidentale-aec-1937-aof-togo-879c40
etablissementsdeveschaumet,Établissements Devès et Chaumet,founded_date,1927-03-14,1937,Annuaire des entreprises coloniales,afrique-occidentale-aec-1937-aof-togo-879c40
etablissementsdeveschaumet,Établissements Devès et Chaumet,capital,250.000 fr.,1937,Annuaire des entreprises coloniales,afrique-occidentale-aec-1937-aof-togo-879c40
etablissementsdeveschaumet,Établissements Devès et Chaumet,head_office,"19, rue Parchappe, DAKAR (Sénégal)",1937,Annuaire des entreprises coloniales,afrique-occidentale-aec-1937-aof-togo-879c40
etablissementsmaurelprom,Établissements Maurel et Prom,capital,10 millions fr.,1937,Annuaire des entreprises coloniales,afrique-occidentale-aec-1937-aof-togo-879c40
etablissementscharlesperinaud,Établissements Charles Périnaud,founded_date,1934-08-06,1937,Annuaire des entreprises coloniales,afrique-occidentale-aec-1937-aof-togo-879c40
etablissementscharlesperinaud,Établissements Charles Périnaud,head_office,ABIDJAN (Cote d'Ivoire),1937,Annuaire des entreprises coloniales,afrique-occidentale-aec-1937-aof-togo-879c40
etablissementsvezia,Établissements Vézia,founded_date,1925-12-17,1937,Annuaire des entreprises coloniales,afrique-occidentale-aec-1937-aof-togo-879c40
etablissementsvezia,Établissements Vézia,capital,13.750.000 francs,1937,Annuaire des entreprises coloniales,afrique-occidentale-aec-1937-aof-togo-879c40
etablissementsvezia,Établissements Vézia,head_office,DAKAR (Sénégal),1937,Annuaire des entreprises coloniales,afrique-occidentale-aec-1937-aof-togo-879c40
cffabre,C.-F. Fabre et Compagnie,capital,400.000 fr.,1937,Annuaire des entreprises coloniales,afrique-occidentale-aec-1937-aof-togo-879c40
apotrefoufounis,Apôtre Foufounis,head_office,CONAKRY (Guinée française),1937,Annuaire des entreprises coloniales,afrique-occidentale-aec-1937-aof-togo-879c40
kebemer,KÉBÉMER,founded_date,1921-07-01,1937,Annuaire des entreprises coloniales,afrique-occidentale-aec-1937-aof-togo-879c40
lacoste,D. Lacoste,founded_date,1929-01-01,1937,Annuaire des entreprises coloniales,afrique-occidentale-aec-1937-aof-togo-879c40
lacoste,D. Lacoste,capital,150.000 fr.,1937,Annuaire des entreprises coloniales,afrique-occidentale-aec-1937-aof-togo-879c40
martrefreres,Martre frères et Compagnie,founded_date,1936-09-26,1937,Annuaire des entreprises coloniales,afrique-occidentale-aec-1937-aof-togo-879c40
martrefreres,Martre frères et Compagnie,capital,30.000 fr.,1937,Annuaire des entreprises coloniales,afrique-occidentale-aec-1937-aof-togo-879c40
maurelfreres,Maurel frères S. A,capital,15 millions fr.,1937,Annuaire des entreprises coloniales,afrique-occidentale-aec-1937-aof-togo-879c40
maurelfreres,Maurel frères (S,founded_date,1923-08-22,1937,Annuaire des entreprises coloniales,afrique-occidentale-aec-1937-aof-togo-879c40
maurelfreres,Maurel frères (S,capital,600.000 fr.,1937,Annuaire des entreprises coloniales,afrique-occidentale-aec-1937-aof-togo-879c40
officecommissionafrique,Office de Commission de l'Afrique française,capital,500.000 fr.,1937,Annuaire des entreprises coloniales,afrique-occidentale-aec-1937-aof-togo-879c40
africainefinanciereagricole,Société africaine financière et agricole,founded_date,1928-02-21,1937,Annuaire des entreprises coloniales,afrique-occidentale-aec-1937-aof-togo-879c40
africainefinanciereagricole,Société africaine financière et agricole,head_office,ATAKPAME (Togo),1937,Annuaire des entreprises coloniales,afrique-occidentale-aec-1937-aof-togo-879c40
africainerepresentation,Société africaine de représentation (S. A,founded_date,1931-07-03,1937,Annuaire des entreprises coloniales,afrique-occidentale-aec-1937-aof-togo-879c40
africainerepresentation,Société africaine de représentation (S. A,capital,100.000 fr.,1937,Annuaire des entreprises coloniales,afrique-occidentale-aec-1937-aof-togo-879c40
africainerepresentation,Société africaine de représentation (S. A,head_office,DAKAR (Sénégal),1937,Annuaire des entreprises coloniales,afrique-occidentale-aec-1937-aof-togo-879c40
afriquecentraleoccidentale,Société pour l'Afrique centrale et occidentale,founded_date,1927-03-15,1937,Annuaire des entreprises coloniales,afrique-occidentale-aec-1937-aof-togo-879c40
etablissementsroucharde,Société anon. des Établissements Rouchard (S.A.E,founded_date,1932-11-23,1937,Annuaire des entreprises coloniales,afrique-occidentale-aec-1937-aof-togo-879c40
etablissementsroucharde,Société anon. des Établissements Rouchard (S.A.E,capital,750.000 fr.,1937,Annuaire des entreprises coloniales,afrique-occidentale-aec-1937-aof-togo-879c40
etablissementsroucharde,Société anon. des Établissements Rouchard (S.A.E,head_office,CONAKRY (Guinée française),1937,Annuaire des entreprises coloniales,afrique-occidentale-aec-1937-aof-togo-879c40
automobilescoteafrique,Société des automobiles de la Côte d'Afrique,founded_date,1927-09-22,1937,Annuaire des entreprises coloniales,afrique-occidentale-aec-1937-aof-togo-879c40
bordelaisematerielproduitscoloniaux,Société Bordelaise de Matériel et Produits Coloniaux,capital,100.000 fr.,1937,Annuaire des entreprises coloniales,afrique-occidentale-aec-1937-aof-togo-879c40
colonialerepresentation,Société coloniale de représentation,founded_date,1929-09-17,1937,Annuaire des entreprises coloniales,afrique-occidentale-aec-1937-aof-togo-879c40
colonialerepresentation,Société coloniale de représentation,head_office,"26, boulevard Haussmann, PARIS (9e)",1937,Annuaire des entreprises coloniales,afrique-occidentale-aec-1937-aof-togo-879c40
commercialefruitscoloniaux,Société commerciale des fruits coloniaux,founded_date,1934-09-12,1937,Annuaire des entreprises coloniales,afrique-occidentale-aec-1937-aof-togo-879c40
commercialefruitscoloniaux,Société commerciale des fruits coloniaux,capital,2.010.000 fr.,1937,Annuaire des entreprises coloniales,afrique-occidentale-aec-1937-aof-togo-879c40
commercialeouestafricain,Société commerciale de l'Ouest africain,founded_date,1907-04-04,1937,Annuaire des entreprises coloniales,afrique-occidentale-aec-1937-aof-togo-879c40
commercialeouestafricain,Société commerciale de l'Ouest africain,capital,65.000.000 fr.,1937,Annuaire des entreprises coloniales,afrique-occidentale-aec-1937-aof-togo-879c40
commercialesoudan,Société commerciale du Soudan français,founded_date,1897-06-14,1937,Annuaire des entreprises coloniales,afrique-occidentale-aec-1937-aof-togo-879c40
entreprisesafricaines,Société d'entreprises africaines,founded_date,1921-12-15,1937,Annuaire des entreprises coloniales,afrique-occidentale-aec-1937-aof-togo-879c40
exportationcoloniale,Société d'exportation coloniale,founded_date,1934-01-17,1937,Annuaire des entreprises coloniales,afrique-occidentale-aec-1937-aof-togo-879c40
exportationcoloniale,Société d'exportation coloniale,capital,25.000 fr.,1937,Annuaire des entreprises coloniales,afrique-occidentale-aec-1937-aof-togo-879c40
golfeguinee,Société générale du Golfe de Guinée,founded_date,1929-12-31,1937,Annuaire des entreprises coloniales,afrique-occidentale-aec-1937-aof-togo-879c40
petrolesshellouestafricain,Société des pétroles Shell de l'Ouest africain français,founded_date,1928-07-27,1937,Annuaire des entreprises coloniales,afrique-occidentale-aec-1937-aof-togo-879c40
psoucail,P. Soucail et Compagnie,founded_date,1914-06-01,1937,Annuaire des entreprises coloniales,afrique-occidentale-aec-1937-aof-togo-879c40
teisseire,L. Teisseire et Compagnie,capital,100.000 fr.,1937,Annuaire des entreprises coloniales,afrique-occidentale-aec-1937-aof-togo-879c40
vallarichardv,Valla et Richard (V,head_office,COTONOU (Dahomey),1937,Annuaire des entreprises coloniales,afrique-occidentale-aec-1937-aof-togo-879c40
vezia,L. Vézia et Compagnie,founded_date,1926-01-09,1937,Annuaire des entreprises coloniales,afrique-occidentale-aec-1937-aof-togo-879c40
airliquideetudeexploitationprocedes,L'Air liquide (Société anonyme pour l'étude et l'exploitation des procédés,capital,81.600.000 francs,1937,Annuaire des entreprises coloniales,afrique-occidentale-aec-1937-aof-togo-879c40
airliquideetudeexploitationprocedes,L'Air liquide (Société anonyme pour l'étude et l'exploitation des procédés,head_office,"75, quai d'Orsay, PARIS (7e)",1937,Annuaire des entreprises coloniales,afrique-occidentale-aec-1937-aof-togo-879c40
cheminferdakarsaintlouis,Compagnie du chemin de fer de Dakar à Saint-Louis,founded_date,1883-06-04,1937,Annuaire des entreprises coloniales,afrique-occidentale-aec-1937-aof-togo-879c40
cheminferdakarsaintlouis,Compagnie du chemin de fer de Dakar à Saint-Louis,head_office,ABIDJAN (Côte-d'Ivoire),1937,Annuaire des entreprises coloniales,afrique-occidentale-aec-1937-aof-togo-879c40
eauxelectriciteouestafricain,Compagnie des eaux et électricité de l'Ouest africain,founded_date,1929-08-07,1937,Annuaire des entreprises coloniales,afrique-occidentale-aec-1937-aof-togo-879c40
federalesoudanaise,Compagnie fédérale soudanaise,founded_date,1927-05-21,1937,Annuaire des entreprises coloniales,afrique-occidentale-aec-1937-aof-togo-879c40
federalesoudanaise,Compagnie fédérale soudanaise,head_office,BAMAKO (Soudan français),1937,Annuaire des entreprises coloniales,afrique-occidentale-aec-1937-aof-togo-879c40
fonciereafrique,Compagnie foncière de l'Afrique,founded_date,1927-12-21,1937,Annuaire des entreprises coloniales,afrique-occidentale-aec-1937-aof-togo-879c40
transsaharienne,Compagnie générale transsaharienne,head_office,"9, boulevard Malesherbes, PARIS (8e)",1937,Annuaire des entreprises coloniales,afrique-occidentale-aec-1937-aof-togo-879c40
hoteliereouestafricain,Compagnie hôtelière de l'Ouest Africain,founded_date,1929-03-20,1937,Annuaire des entreprises coloniales,afrique-occidentale-aec-1937-aof-togo-879c40
minesfalemegambie,Compagnie des mines de Falémé-Gambie,founded_date,1911-04-10,1937,Annuaire des entreprises coloniales,afrique-occidentale-aec-1937-aof-togo-879c40
miniereguinee,Compagnie minière de la Guinée française,founded_date,1928-12-27,1937,Annuaire des entreprises coloniales,afrique-occidentale-aec-1937-aof-togo-879c40
miniereouestafricaine,Compagnie minière ouest-africaine,founded_date,1935-03-29,1937,Annuaire des entreprises coloniales,afrique-occidentale-aec-1937-aof-togo-879c40
miniereouestafricaine,Compagnie minière ouest-africaine,capital,250.000 fr.,1937,Annuaire des entreprises coloniales,afrique-occidentale-aec-1937-aof-togo-879c40
miniereouestafricaine,Compagnie minière ouest-africaine,head_office,Aboisso (Côte-d'Ivoire),1937,Annuaire des entreprises coloniales,afrique-occidentale-aec-1937-aof-togo-879c40
consortiumdistilleriessisal,Consortium des distilleries de sisal,founded_date,1930-01-24,1937,Annuaire des entreprises coloniales,afrique-occidentale-aec-1937-aof-togo-879c40
consortiumdistilleriessisal,Consortium des distilleries de sisal,head_office,"Samé, cercle de",1937,Annuaire des entreprises coloniales,afrique-occidentale-aec-1937-aof-togo-879c40
dakarsoutes,« Dakar-Soutes »,founded_date,1937-01-26,1937,Annuaire des entreprises coloniales,afrique-occidentale-aec-1937-aof-togo-879c40
dakarsoutes,« Dakar-Soutes »,capital,1.000.000 fr.,1937,Annuaire des entreprises coloniales,afrique-occidentale-aec-1937-aof-togo-879c40
foncierecoteafrique,Foncière de la Côte d'Afrique,founded_date,1929-06-18,1937,Annuaire des entreprises coloniales,afrique-occidentale-aec-1937-aof-togo-879c40
foncierecoteafrique,Foncière de la Côte d'Afrique,capital,25.000 fr,1937,Annuaire des entreprises coloniales,afrique-occidentale-aec-1937-aof-togo-879c40
grandstravauxafricains,Grands Travaux africains,founded_date,1926-04-01,1937,Annuaire des entreprises coloniales,afrique-occidentale-aec-1937-aof-togo-879c40
grandstravauxafricains,Grands Travaux africains,capital,1.400.000 fr.,1937,Annuaire des entreprises coloniales,afrique-occidentale-aec-1937-aof-togo-879c40
huileriessavonneriesouestafricain,Huileries et savonneries de l'Ouest africain,founded_date,1929-08-19,1937,Annuaire des entreprises coloniales,afrique-occidentale-aec-1937-aof-togo-879c40
ilmenite,L'Ilménite,head_office,"27, rue Laffitte, PARIS",1937,Annuaire des entreprises coloniales,afrique-occidentale-aec-1937-aof-togo-879c40
diogue,DIOGUÉ,founded_date,1927-01-25,1937,Annuaire des entreprises coloniales,afrique-occidentale-aec-1937-aof-togo-879c40
industriellecoloniale,L'Industrielle coloniale,founded_date,1927-04-11,1937,Annuaire des entreprises coloniales,afrique-occidentale-aec-1937-aof-togo-879c40
manutentionafricaine,Manutention africaine,founded_date,1936-01-08,1937,Annuaire des entreprises coloniales,afrique-occidentale-aec-1937-aof-togo-879c40
manutentionafricaine,Manutention africaine,capital,3.500.000 francs,1937,Annuaire des entreprises coloniales,afrique-occidentale-aec-1937-aof-togo-879c40
manutentionafricaine,Manutention africaine,head_office,"35, boulevard Pinet-Laprade, DAKAR (Sénégal)",1937,Annuaire des entreprises coloniales,afrique-occidentale-aec-1937-aof-togo-879c40
kokumbo,KOKUMBO,founded_date,1926-11-03,1937,Annuaire des entreprises coloniales,afrique-occidentale-aec-1937-aof-togo-879c40
kokumbo,KOKUMBO,head_office,"4, rue Turgot, PARIS (9e)",1937,Annuaire des entreprises coloniales,afrique-occidentale-aec-1937-aof-togo-879c40
officeniger,Office du Niger,head_office,Paris,1937,Annuaire des entreprises coloniales,afrique-occidentale-aec-1937-aof-togo-879c40
omniumroutierouestafricain,Omnium routier de l'Ouest africain,founded_date,1929-07-29,1937,Annuaire des entreprises coloniales,afrique-occidentale-aec-1937-aof-togo-879c40
portscoloniauxboitepostale233,"Ports Coloniaux, Boîte Postale 233",founded_date,1928-10-23,1937,Annuaire des entreprises coloniales,afrique-occidentale-aec-1937-aof-togo-879c40
portscoloniauxboitepostale233,"Ports Coloniaux, Boîte Postale 233",head_office,"2, rue Lord-Byron, Paris (8e)",1937,Annuaire des entreprises coloniales,afrique-occidentale-aec-1937-aof-togo-879c40
salinscapvert,Salins du Cap-Vert,founded_date,1919-01-21,1937,Annuaire des entreprises coloniales,afrique-occidentale-aec-1937-aof-togo-879c40
salinssinesaloum,Salins du Sine-Saloum,head_office,KAOLACK (Sénégal),1937,Annuaire des entreprises coloniales,afrique-occidentale-aec-1937-aof-togo-879c40
senegalapprovisionnement,"« Sénégal », Société d'Approvisionnement",founded_date,1909-10-28,1937,Annuaire des entreprises coloniales,afrique-occidentale-aec-1937-aof-togo-879c40
silicocalcaireafricaine,Silico-calcaire africaine,capital,400.000 fr.,1937,Annuaire des entreprises coloniales,afrique-occidentale-aec-1937-aof-togo-879c40
societeanonymedesanciensetablissementsjulesburki,Société anonyme des Anciens Établissements Jules Burki,founded_date,1933-01-03,1937,Annuaire des entreprises coloniales,afrique-occidentale-aec-1937-aof-togo-879c40
societeanonymedesanciensetablissementsjulesburki,Société anonyme des Anciens Établissements Jules Burki,capital,3.300.000 fr.,1937,Annuaire des entreprises coloniales,afrique-occidentale-aec-1937-aof-togo-879c40
exploitationsminieresafriqueoccidentale,Société anonyme d'exploitations minières en Afrique Occidentale,capital,1.500.000 fr.,1937,Annuaire des entreprises coloniales,afrique-occidentale-aec-1937-aof-togo-879c40
bamako,Société de Bamako,founded_date,1909-06-30,1937,Annuaire des entreprises coloniales,afrique-occidentale-aec-1937-aof-togo-879c40
bamako,Société de Bamako,head_office,DAKAR (Sénégal),1937,Annuaire des entreprises coloniales,afrique-occidentale-aec-1937-aof-togo-879c40
brasseriesouestafricain,Société des Brasseries de l'Ouest africain,founded_date,1928-12-18,1937,Annuaire des entreprises coloniales,afrique-occidentale-aec-1937-aof-togo-879c40
brasseriesouestafricain,Société des Brasseries de l'Ouest africain,head_office,"route de Bel-Air, DAKAR (Sénégal)",1937,Annuaire des entreprises coloniales,afrique-occidentale-aec-1937-aof-togo-879c40
briqueteriesbamako,Société des briqueteries de Bamako,founded_date,1924-12-31,1937,Annuaire des entreprises coloniales,afrique-occidentale-aec-1937-aof-togo-879c40
briqueteriesbamako,Société des briqueteries de Bamako,head_office,BAMAKO,1937,Annuaire des entreprises coloniales,afrique-occidentale-aec-1937-aof-togo-879c40
charbonniereouestafricain,Société charbonnière de l'Ouest Africain,founded_date,1929-11-22,1937,Annuaire des entreprises coloniales,afrique-occidentale-aec-1937-aof-togo-879c40
commercialeportsafricains,Société commerciale des ports africains,founded_date,1926-07-01,1937,Annuaire des entreprises coloniales,afrique-occidentale-aec-1937-aof-togo-879c40
commercialeportsafricains,Société commerciale des ports africains,head_office,"2, rue Lord-Byron, Paris (8e)",1937,Annuaire des entreprises coloniales,afrique-occidentale-aec-1937-aof-togo-879c40
diourbel,DIOURBEL,founded_date,1927-08-24,1937,Annuaire des entreprises coloniales,afrique-occidentale-aec-1937-aof-togo-879c40
diourbel,DIOURBEL,head_office,"36, rue du Docteur-Thèze, DAKAR",1937,Annuaire des entreprises coloniales,afrique-occidentale-aec-1937-aof-togo-879c40
kaolack,KAOLACK,founded_date,1922-03-25,1937,Annuaire des entreprises coloniales,afrique-occidentale-aec-1937-aof-togo-879c40
kaolack,KAOLACK,capital,1.000.000 fr.,1937,Annuaire des entreprises coloniales,afrique-occidentale-aec-1937-aof-togo-879c40
immobilierefinanciereafricaine,Société immobilière et financière africaine,founded_date,1932-07-16,1937,Annuaire des entreprises coloniales,afrique-occidentale-aec-1937-aof-togo-879c40
immobilierefinanciereafricaine,Société immobilière et financière africaine,head_office,"20, rue Huart, DAKAR (A. O.F.)",1937,Annuaire des entreprises coloniales,afrique-occidentale-aec-1937-aof-togo-879c40
immobilierefinanciereafricaine,Société immobilière et financière africaine,founded_date,1933-07-17,1932,"Statuts au J. O. de l'A. O. F., 6 août 1932",afrique-occidentale-aec-1937-aof-togo-879c40
immobilierefinanciereafricaine,Société immobilière et financière africaine,capital,100.000 fr.,1932,"Statuts au J. O. de l'A. O. F., 6 août 1932",afrique-occidentale-aec-1937-aof-togo-879c40
immobilierefinanciereafricaine,Société immobilière et financière africaine,head_office,"place Protet, DAKAR (Sénégal)",1932,"Statuts au J. O. de l'A. O. F., 6 août 1932",afrique-occidentale-aec-1937-aof-togo-879c40
industrielleautomobileguinee,Société industrielle et automobile de Guinée,founded_date,1934-04-05,1932,"Statuts au J. O. de l'A. O. F., 6 août 1932",afrique-occidentale-aec-1937-aof-togo-879c40
industrielleautomobileguinee,Société industrielle et automobile de Guinée,capital,350.000 fr.,1932,"Statuts au J. O. de l'A. O. F., 6 août 1932",afrique-occidentale-aec-1937-aof-togo-879c40
industrielleautomobileguinee,Société industrielle et automobile de Guinée,head_office,CONAKRY (Guinée française),1932,"Statuts au J. O. de l'A. O. F., 6 août 1932",afrique-occidentale-aec-1937-aof-togo-879c40
portetienne,PORT-ÉTIENNE,founded_date,1919-06-05,1932,"Statuts au J. O. de l'A. O. F., 6 août 1932",afrique-occidentale-aec-1937-aof-togo-879c40
portetienne,PORT-ÉTIENNE,head_office,Port-Étienne (Mauritanie),1932,"Statuts au J. O. de l'A. O. F., 6 août 1932",afrique-occidentale-aec-1937-aof-togo-879c40
minesoryaourebouafle,"Société des mines d'or du Yaouré, BOUAFLÉ",capital,300.000 fr.,1932,"Statuts au J. O. de l'A. O. F., 6 août 1932",afrique-occidentale-aec-1937-aof-togo-879c40
miniereniger,Société minière du Niger français,founded_date,1926-09-29,1932,"Statuts au J. O. de l'A. O. F., 6 août 1932",afrique-occidentale-aec-1937-aof-togo-879c40
transitabidjan,Société de Transit d'Abidjan (S,founded_date,1936-09-24,1932,"Statuts au J. O. de l'A. O. F., 6 août 1932",afrique-occidentale-aec-1937-aof-togo-879c40
transportsafriqueoccidentale,Société des Transports de l'Afrique occidentale,founded_date,1926-09-14,1932,"Statuts au J. O. de l'A. O. F., 6 août 1932",afrique-occidentale-aec-1937-aof-togo-879c40
bobodioulasso,BOBO-DIOULASSO (,founded_date,1928-03-29,1932,"Statuts au J. O. de l'A. O. F., 6 août 1932",afrique-occidentale-aec-1937-aof-togo-879c40
unionhydroelectriqueafricaine,Union hydro-électrique Africaine,head_office,"15, rue Vauban BORDEAUX",1932,"Statuts au J. O. de l'A. O. F., 6 août 1932",afrique-occidentale-aec-1937-aof-togo-879c40
direction,Direction générale,founded_date,1927-12-27,1932,"Statuts au J. O. de l'A. O. F., 6 août 1932",afrique-occidentale-aec-1937-aof-togo-879c40
direction,Direction générale,capital,500.000 fr.,1932,"Statuts au J. O. de l'A. O. F., 6 août 1932",afrique-occidentale-aec-1937-aof-togo-879c40
unionentreprisescoloniales,Union d'entreprises coloniales,head_office,ABIDJAN (Côte-d'Ivoire),1932,"Statuts au J. O. de l'A. O. F., 6 août 1932",afrique-occidentale-aec-1937-aof-togo-879c40
bananeriesafricaines,Bananeries africaines,founded_date,1929-03-01,1932,"Statuts au J. O. de l'A. O. F., 6 août 1932",afrique-occidentale-aec-1937-aof-togo-879c40
africainesisal,Compagnie africaine de sisal,founded_date,1929-01-19,1932,"Statuts au J. O. de l'A. O. F., 6 août 1932",afrique-occidentale-aec-1937-aof-togo-879c40
africainesisal,Compagnie africaine de sisal,head_office,"Ouyembam, par Rufisque (Sénégal)",1932,"Statuts au J. O. de l'A. O. F., 6 août 1932",afrique-occidentale-aec-1937-aof-togo-879c40
agricoleguinee,Compagnie agricole de Guinée,founded_date,1927-11-15,1932,"Statuts au J. O. de l'A. O. F., 6 août 1932",afrique-occidentale-aec-1937-aof-togo-879c40
agricoleguinee,Compagnie agricole de Guinée,head_office,"3, rue du Cirque, PARIS (8e)",1932,"Statuts au J. O. de l'A. O. F., 6 août 1932",afrique-occidentale-aec-1937-aof-togo-879c40
agricoleindustriellesoudan,Compagnie agricole et industrielle du Soudan,head_office,"rue Colbert, DAKAR (Sénégal)",1932,"Statuts au J. O. de l'A. O. F., 6 août 1932",afrique-occidentale-aec-1937-aof-togo-879c40
agricolecommercialeindustriellebadikaha,"Compagnie agricole, commerciale et industrielle de Badikaha",head_office,BADIKAHA (Côte-d'Ivoire),1932,"Statuts au J. O. de l'A. O. F., 6 août 1932",afrique-occidentale-aec-1937-aof-togo-879c40
agriculturecommerceindustrieafriquecci,"Compagnie d'agriculture, de commerce et d'industrie d'Afrique (C. A. C. I",head_office,Kindia (Guinée),1932,"Statuts au J. O. de l'A. O. F., 6 août 1932",afrique-occidentale-aec-1937-aof-togo-879c40
colonialecoteivoire,Compagnie coloniale de la Côte-d'Ivoire,founded_date,1925-03-21,1932,"Statuts au J. O. de l'A. O. F., 6 août 1932",afrique-occidentale-aec-1937-aof-togo-879c40
culturesafriqueoccidentale,Compagnie de cultures de l'Afrique occidentale,founded_date,1928-02-06,1932,"Statuts au J. O. de l'A. O. F., 6 août 1932",afrique-occidentale-aec-1937-aof-togo-879c40
culturecotonniereniger,Compagnie de culture cotonnière du Niger,founded_date,1919-11-25,1932,"Statuts au J. O. de l'A. O. F., 6 août 1932",afrique-occidentale-aec-1937-aof-togo-879c40
culturecotonniereniger,Compagnie de culture cotonnière du Niger,head_office,DAKAR (Sénégal),1932,"Statuts au J. O. de l'A. O. F., 6 août 1932",afrique-occidentale-aec-1937-aof-togo-879c40
tambacuunda,TAMBACUUNDA,founded_date,1925-02-11,1932,"Statuts au J. O. de l'A. O. F., 6 août 1932",afrique-occidentale-aec-1937-aof-togo-879c40
tambacuunda,TAMBACUUNDA,head_office,"rue Colbert, DAKAR (Sénégal)",1932,"Statuts au J. O. de l'A. O. F., 6 août 1932",afrique-occidentale-aec-1937-aof-togo-879c40
forestiereindenie,Compagnie forestière de l'Indénié,founded_date,1924-11-04,1932,"Statuts au J. O. de l'A. O. F., 6 août 1932",afrique-occidentale-aec-1937-aof-togo-879c40
forestieresassandra,Compagnie forestière de Sassandra,founded_date,1932-12-23,1932,"Statuts au J. O. de l'A. O. F., 6 août 1932",afrique-occidentale-aec-1937-aof-togo-879c40
forestieresassandra,Compagnie forestière de Sassandra,head_office,GRAND-LAHOU (Côte-d'Ivoire),1932,"Statuts au J. O. de l'A. O. F., 6 août 1932",afrique-occidentale-aec-1937-aof-togo-879c40
comptoirimportationboisafricains,Comptoir d'importation des bois africains,founded_date,1931-01-01,1932,"Statuts au J. O. de l'A. O. F., 6 août 1932",afrique-occidentale-aec-1937-aof-togo-879c40
exploitationsforestieresagricolescoteivoire,Exploitations forestières et agricoles de la Côte-d'Ivoire (Anciens,founded_date,1927-11-05,1932,"Statuts au J. O. de l'A. O. F., 6 août 1932",afrique-occidentale-aec-1937-aof-togo-879c40
forestiereequatoriale,Forestière équatoriale,founded_date,1928-11-22,1932,"Statuts au J. O. de l'A. O. F., 6 août 1932",afrique-occidentale-aec-1937-aof-togo-879c40
sisaleraiescarburantsafricains,Sisaleraies et carburants africains,founded_date,1928-03-12,1932,"Statuts au J. O. de l'A. O. F., 6 août 1932",afrique-occidentale-aec-1937-aof-togo-879c40
agricolesamou,Société agricole du Samou,founded_date,1926-09-23,1932,"Statuts au J. O. de l'A. O. F., 6 août 1932",afrique-occidentale-aec-1937-aof-togo-879c40
agricolesamou,Société agricole du Samou,head_office,FRIGUIAGBÉ (Guinée française),1932,"Statuts au J. O. de l'A. O. F., 6 août 1932",afrique-occidentale-aec-1937-aof-togo-879c40
agriculturecolonialeafricaine,Société d'agriculture coloniale africaine,capital,25.000 fr.,1932,"Statuts au J. O. de l'A. O. F., 6 août 1932",afrique-occidentale-aec-1937-aof-togo-879c40
agriculturecolonialeafricaine,Société d'agriculture coloniale africaine,head_office,BINGERVILLE (Côte-d'Ivoire),1932,"Statuts au J. O. de l'A. O. F., 6 août 1932",afrique-occidentale-aec-1937-aof-togo-879c40
alsaciennecoteivoire,Société alsacienne de la Côte-d'Ivoire,founded_date,1919-03-09,1932,"Statuts au J. O. de l'A. O. F., 6 août 1932",afrique-occidentale-aec-1937-aof-togo-879c40
alsaciennecoteivoire,Société alsacienne de la Côte-d'Ivoire,capital,1.500.000 fr.,1932,"Statuts au J. O. de l'A. O. F., 6 août 1932",afrique-occidentale-aec-1937-aof-togo-879c40
plantationshautevolta,Société anonyme des Plantations de Haute-Volta,founded_date,1929-02-13,1932,"Statuts au J. O. de l'A. O. F., 6 août 1932",afrique-occidentale-aec-1937-aof-togo-879c40
bananeraiesguineennes,Société des bananeraies guinéennes,founded_date,1927-11-09,1932,"Statuts au J. O. de l'A. O. F., 6 août 1932",afrique-occidentale-aec-1937-aof-togo-879c40
bananeraiesguineennes,Société des bananeraies guinéennes,capital,400.000 fr.,1932,"Statuts au J. O. de l'A. O. F., 6 août 1932",afrique-occidentale-aec-1937-aof-togo-879c40
bananeraiesguineennes,Société des bananeraies guinéennes,head_office,"Friguiagbé. —Exp. — Bananes, fruits divers",1932,"Statuts au J. O. de l'A. O. F., 6 août 1932",afrique-occidentale-aec-1937-aof-togo-879c40
bordelaiseforestiere,Société bordelaise forestière,founded_date,1919-04-19,1932,"Statuts au J. O. de l'A. O. F., 6 août 1932",afrique-occidentale-aec-1937-aof-togo-879c40
colonialeagricolecommercialeindustrielleafriqueoccidentale,"Société coloniale, agricole, commerciale et industrielle de l'Afrique occidentale",founded_date,1927-04-01,1932,"Statuts au J. O. de l'A. O. F., 6 août 1932",afrique-occidentale-aec-1937-aof-togo-879c40
colonialeagricolecommercialeindustrielleafriqueoccidentale,"Société coloniale, agricole, commerciale et industrielle de l'Afrique occidentale",head_office,"MANEAH, par Coyah (Guinée française)",1932,"Statuts au J. O. de l'A. O. F., 6 août 1932",afrique-occidentale-aec-1937-aof-togo-879c40
colonialegeranceetudes,Société coloniale de gérance et d'études,founded_date,1928-06-09,1932,"Statuts au J. O. de l'A. O. F., 6 août 1932",afrique-occidentale-aec-1937-aof-togo-879c40
commercialeindustriellepalmeraiesafricaines,Société commerciale et industrielle des Palmeraies africaines,founded_date,1920-05-18,1932,"Statuts au J. O. de l'A. O. F., 6 août 1932",afrique-occidentale-aec-1937-aof-togo-879c40
culturesdiakandape,Société des cultures de Diakandapé,founded_date,1919-04-23,1932,"Statuts au J. O. de l'A. O. F., 6 août 1932",afrique-occidentale-aec-1937-aof-togo-879c40
aboisso,ABOISSO,founded_date,1929-10-07,1932,"Statuts au J. O. de l'A. O. F., 6 août 1932",afrique-occidentale-aec-1937-aof-togo-879c40
exploitationproduitscoloniaux,Société d'exploitation de produits coloniaux,founded_date,1927-03-14,1932,"Statuts au J. O. de l'A. O. F., 6 août 1932",afrique-occidentale-aec-1937-aof-togo-879c40
grandlahou,GRAND-LAHOU,head_office,cercle de Grand-Lahou,1932,"Statuts au J. O. de l'A. O. F., 6 août 1932",afrique-occidentale-aec-1937-aof-togo-879c40
cafescoteivoire,Société française des Cafés de la Côte-d'Ivoire,capital,100.000 fr.,1932,"Statuts au J. O. de l'A. O. F., 6 août 1932",afrique-occidentale-aec-1937-aof-togo-879c40
cafescoteivoire,Société française des Cafés de la Côte-d'Ivoire,head_office,GAGNOA (Côte-d'Ivoire),1932,"Statuts au J. O. de l'A. O. F., 6 août 1932",afrique-occidentale-aec-1937-aof-togo-879c40
assinie,ASSINIE,founded_date,1929-12-01,1932,"Statuts au J. O. de l'A. O. F., 6 août 1932",afrique-occidentale-aec-1937-aof-togo-879c40
koba,Société du Koba,founded_date,1934-01-04,1932,"Statuts au J. O. de l'A. O. F., 6 août 1932",afrique-occidentale-aec-1937-aof-togo-879c40
koba,Société du Koba,head_office,"TATEMA (Koba), cercle de Boffa (Guinée française)",1932,"Statuts au J. O. de l'A. O. F., 6 août 1932",afrique-occidentale-aec-1937-aof-togo-879c40
eloka,ELOKA,founded_date,1927-07-28,1932,"Statuts au J. O. de l'A. O. F., 6 août 1932",afrique-occidentale-aec-1937-aof-togo-879c40
plantationscasamance,Société des Plantations de Casamance,founded_date,1928-03-13,1932,"Statuts au J. O. de l'A. O. F., 6 août 1932",afrique-occidentale-aec-1937-aof-togo-879c40
aboisso,ABOISSO,founded_date,1926-01-12,1932,"Statuts au J. O. de l'A. O. F., 6 août 1932",afrique-occidentale-aec-1937-aof-togo-879c40
plantationsexploitationscoloniales,Société de plantations et d'exploitations coloniales,head_office,"plantation Pélissier, Cercle des Lagunes (Côte-d'Ivoire)",1932,"Statuts au J. O. de l'A. O. F., 6 août 1932",afrique-occidentale-aec-1937-aof-togo-879c40
plantationshuileriesbingerville,Société des plantations et huileries de Bingerville,founded_date,1926-01-02,1932,"Statuts au J. O. de l'A. O. F., 6 août 1932",afrique-occidentale-aec-1937-aof-togo-879c40
plantationshuileriesbingerville,Société des plantations et huileries de Bingerville,head_office,BINGERVILLE (Côte-d'Ivoire),1932,"Statuts au J. O. de l'A. O. F., 6 août 1932",afrique-occidentale-aec-1937-aof-togo-879c40
plantationssorotona,Société des plantations de Sorotona,founded_date,1928-11-27,1932,"Statuts au J. O. de l'A. O. F., 6 août 1932",afrique-occidentale-aec-1937-aof-togo-879c40
plantationssorotona,Société des plantations de Sorotona,head_office,Sorotona,1932,"Statuts au J. O. de l'A. O. F., 6 août 1932",afrique-occidentale-aec-1937-aof-togo-879c40
brulerie,Brûlerie,founded_date,1923-04-18,1932,"Statuts au J. O. de l'A. O. F., 6 août 1932",afrique-occidentale-aec-1937-aof-togo-879c40
produitsguinee,Société des produits de Guinée,founded_date,1926-08-31,1932,"Statuts au J. O. de l'A. O. F., 6 août 1932",afrique-occidentale-aec-1937-aof-togo-879c40
produitsguinee,Société des produits de Guinée,capital,400.000 fr.,1932,"Statuts au J. O. de l'A. O. F., 6 août 1932",afrique-occidentale-aec-1937-aof-togo-879c40
produitsguinee,Société des produits de Guinée,head_office,"9, rue des Rigoles, PARIS (20e)",1932,"Statuts au J. O. de l'A. O. F., 6 août 1932",afrique-occidentale-aec-1937-aof-togo-879c40
techniqueexploitationbananiere,Société technique d'exploitation bananière,capital,150.000 fr.,1932,"Statuts au J. O. de l'A. O. F., 6 août 1932",afrique-occidentale-aec-1937-aof-togo-879c40
techniqueexploitationbananiere,Société technique d'exploitation bananière,head_office,CONAKRY (Guinée française),1932,"Statuts au J. O. de l'A. O. F., 6 août 1932",afrique-occidentale-aec-1937-aof-togo-879c40
sonolet,Sonolet,founded_date,1921-11-21,1932,"Statuts au J. O. de l'A. O. F., 6 août 1932",afrique-occidentale-aec-1937-aof-togo-879c40
sonolet,Sonolet,head_office,LAOUNDA (Côte-d'Ivoire),1932,"Statuts au J. O. de l'A. O. F., 6 août 1932",afrique-occidentale-aec-1937-aof-togo-879c40
granddrewin,GRAND-DREWIN,founded_date,1920-05-27,1932,"Statuts au J. O. de l'A. O. F., 6 août 1932",afrique-occidentale-aec-1937-aof-togo-879c40
yoniakolentekolente,"« La Yonia-Kolente », KOLENTÉ",founded_date,1930-01-06,1932,"Statuts au J. O. de l'A. O. F., 6 août 1932",afrique-occidentale-aec-1937-aof-togo-879c40
yoniakolentekolente,"« La Yonia-Kolente », KOLENTÉ",capital,2.700.000 fr.,1932,"Statuts au J. O. de l'A. O. F., 6 août 1932",afrique-occidentale-aec-1937-aof-togo-879c40
cooperativemutuellecentraleof,Société Coopérative Mutuelle Centrale de l'A. O. F,founded_date,1927-01-01,1932,"Statuts au J. O. de l'A. O. F., 6 août 1932",afrique-occidentale-aec-1937-aof-togo-879c40
tonnaud,Tonnaud,capital,450.000 fr.,1932,"Statuts au J. O. de l'A. O. F., 6 août 1932",afrique-occidentale-aec-1937-aof-togo-879c40
sotorra,A. Sotorra,founded_date,1930-02-01,1932,"Statuts au J. O. de l'A. O. F., 6 août 1932",afrique-occidentale-aec-1937-aof-togo-879c40
sotorra,A. Sotorra,head_office,Ziguinchor,1932,"Statuts au J. O. de l'A. O. F., 6 août 1932",afrique-occidentale-aec-1937-aof-togo-879c40
portetienne,Port-Étienne,founded_date,1927-12-29,1932,"Statuts au J. O. de l'A. O. F., 6 août 1932",afrique-occidentale-aec-1937-aof-togo-879c40
portetienne,Port-Étienne,head_office,Koukouré (Guinée fse). — Société anon,1932,"Statuts au J. O. de l'A. O. F., 6 août 1932",afrique-occidentale-aec-1937-aof-togo-879c40
froidindustriel,"« Le Froid industriel », S. A",founded_date,1932-08-01,1932,"Statuts au J. O. de l'A. O. F., 6 août 1932",afrique-occidentale-aec-1937-aof-togo-879c40
bhaddadncobti,B. Haddad et N. Cobti,founded_date,1931-11-03,1932,"Statuts au J. O. de l'A. O. F., 6 août 1932",afrique-occidentale-aec-1937-aof-togo-879c40
jcalve,J. Le Calvé,capital,10 millions fr.,1932,"Statuts au J. O. de l'A. O. F., 6 août 1932",afrique-occidentale-aec-1937-aof-togo-879c40
agboville,AGBOVILLE,founded_date,1933-03-15,1931,"Statuts : J. O. C. I., 30 avril 1931",afrique-occidentale-aec-1937-aof-togo-879c40
oreinach,O. Reinach,founded_date,1934-08-21,1931,"Statuts : J. O. C. I., 30 avril 1931",afrique-occidentale-aec-1937-aof-togo-879c40
oreinach,O. Reinach,capital,4.000.000 fr.,1931,"Statuts : J. O. C. I., 30 avril 1931",afrique-occidentale-aec-1937-aof-togo-879c40
oreinach,O. Reinach,head_office,"de la C. I. C. A. — Société anon. f. 1932, 850.000 fr",1931,"Statuts : J. O. C. I., 30 avril 1931",afrique-occidentale-aec-1937-aof-togo-879c40
agricolelome,Société agricole de Lomé,founded_date,1931-03-19,1931,"Statuts : J. O. C. I., 30 avril 1931",afrique-occidentale-aec-1937-aof-togo-879c40
depotsagencesventeusinesmetallurgiquesdavum,Cie de dépôts et agences de vente des usines métallurgiques DAVUM,capital,225.000.000 fr.,1949,Annuaire des entreprises coloniales,afrique-occidentale-aec-1949-aof-togo-9b7c17
erabe,E. Rabe,head_office,COTONOU (Dahomey),1949,Annuaire des entreprises coloniales,afrique-occidentale-aec-1949-aof-togo-9b7c17
colonialeagricoleindustrielle,Société coloniale agricole et industrielle des Anciens Établissements R,head_office,GRAND-BASSAM (B. P. 8) (Côte-d'Ivoire),1949,Annuaire des entreprises coloniales,afrique-occidentale-aec-1949-aof-togo-9b7c17
unioncomptoirsoutremerunicomer,Union des Comptoirs d'Outre-Mer UNICOMER,founded_date,1932-11-23,1949,Annuaire des entreprises coloniales,afrique-occidentale-aec-1949-aof-togo-9b7c17
unioncomptoirsoutremerunicomer,Union des Comptoirs d'Outre-Mer UNICOMER,head_office,CONAKRY (Guinée française),1949,Annuaire des entreprises coloniales,afrique-occidentale-aec-1949-aof-togo-9b7c17
atelierschantiersafrique,Ateliers et chantiers de l'Afrique française,head_office,Abidjan (C. I.),1949,Annuaire des entreprises coloniales,afrique-occidentale-aec-1949-aof-togo-9b7c17
emballagescoloniaux,Cie des emballages coloniaux,head_office,"40, av. William-Ponty, DAKAR",1949,Annuaire des entreprises coloniales,afrique-occidentale-aec-1949-aof-togo-9b7c17
minierehautsassandra,Cie minière du Haut-Sassandra,head_office,MAN (Côte-d'Ivoire),1949,Annuaire des entreprises coloniales,afrique-occidentale-aec-1949-aof-togo-9b7c17
comptoirfrancosenegalaisminerais,Comptoir franco-sénégalais de minerais,head_office,"67, rue de Prony, PARIS (17e)",1949,Annuaire des entreprises coloniales,afrique-occidentale-aec-1949-aof-togo-9b7c17
comptoirproduitsafricains,Comptoir des Produits africains,head_office,CONAKRY (Guinée française),1949,Annuaire des entreprises coloniales,afrique-occidentale-aec-1949-aof-togo-9b7c17
energiemers,« Énergie des mers »,head_office,"130, rue du Faub.-Saint-Honoré, PARIS (8e)",1949,Annuaire des entreprises coloniales,afrique-occidentale-aec-1949-aof-togo-9b7c17
africainemagasinagetransit,Société africaine de Magasinage et de Transit,head_office,social à,1949,Annuaire des entreprises coloniales,afrique-occidentale-aec-1949-aof-togo-9b7c17
grandbassambp,GRAND-BASSAM (B. P,founded_date,1942-09-28,1949,Annuaire des entreprises coloniales,afrique-occidentale-aec-1949-aof-togo-9b7c17
recherchesexploitationsminierescote,Société anonyme de recherches et d'exploitations minières de la Côte,capital,60 millions fr.,1949,Annuaire des entreprises coloniales,afrique-occidentale-aec-1949-aof-togo-9b7c17
recherchesexploitationsminierescote,Société anonyme de recherches et d'exploitations minières de la Côte,head_office,"8, rue Lafayette, PARIS (9e)",1949,Annuaire des entreprises coloniales,afrique-occidentale-aec-1949-aof-togo-9b7c17
bauxitesmidi,Société des bauxites du Midi,head_office,"63, avenue des Champs-",1949,Annuaire des entreprises coloniales,afrique-occidentale-aec-1949-aof-togo-9b7c17
colonialemateriauxartificiels,Société coloniale de matériaux artificiels,head_office,SIGUIRI (Guinée Française),1949,Annuaire des entreprises coloniales,afrique-occidentale-aec-1949-aof-togo-9b7c17
unionremorqueursdakar,Union des remorqueurs de Dakar,founded_date,1947-11-13,1949,Annuaire des entreprises coloniales,afrique-occidentale-aec-1949-aof-togo-9b7c17
unionremorqueursdakar,Union des remorqueurs de Dakar,head_office,"1, boulevard de la",1949,Annuaire des entreprises coloniales,afrique-occidentale-aec-1949-aof-togo-9b7c17
officecentralafricainproductionsagronomiquesmedicinales,Office central africain de productions agronomiques et médicinales,founded_date,1946-07-16,1949,Annuaire des entreprises coloniales,afrique-occidentale-aec-1949-aof-togo-9b7c17
officecentralafricainproductionsagronomiquesmedicinales,Office central africain de productions agronomiques et médicinales,capital,500.000 fr.,1949,Annuaire des entreprises coloniales,afrique-occidentale-aec-1949-aof-togo-9b7c17
officecentralafricainproductionsagronomiquesmedicinales,Office central africain de productions agronomiques et médicinales,head_office,GRAND-LAHOU (Côte-d'Ivoire),1949,Annuaire des entreprises coloniales,afrique-occidentale-aec-1949-aof-togo-9b7c17
commercialeagricoleditinn,Société commerciale et agricole de Ditinn,founded_date,1936-04-25,1949,Annuaire des entreprises coloniales,afrique-occidentale-aec-1949-aof-togo-9b7c17
commercialeagricoleditinn,Société commerciale et agricole de Ditinn,capital,2.700.000 fr.,1949,Annuaire des entreprises coloniales,afrique-occidentale-aec-1949-aof-togo-9b7c17
commercialeagricoleditinn,Société commerciale et agricole de Ditinn,head_office,DITINN (Guinée française),1949,Annuaire des entreprises coloniales,afrique-occidentale-aec-1949-aof-togo-9b7c17
afriquecongo102,Afrique et Congo. —102,capital,13 millions fr.,1949,Annuaire des entreprises coloniales,afrique-occidentale-aec-1949-aof-togo-9b7c17
anciensetablissementschpeyrissac,Anciens Établissements Ch. Peyrissac et Cie,capital,400 millions fr.,1949,Annuaire des entreprises coloniales,afrique-occidentale-aec-1949-aof-togo-9b7c17
distributionpetrolesafriquemillionsfr,Cie française de distribution des pétroles en Afrique. — millions fr,head_office,"transféré : 4, rue Lamennais, PARIS (8e). — Tél. : Ély. 53-32",1949,Annuaire des entreprises coloniales,afrique-occidentale-aec-1949-aof-togo-9b7c17
nigertel,Cie du Niger français. — Tél,capital,80 millions fr.,1949,Annuaire des entreprises coloniales,afrique-occidentale-aec-1949-aof-togo-9b7c17
etablvqpetersencapitalporte180millionsfrcfv,Établ. V. Q. Petersen et Cie. — Capital porté à 180 millions fr. C. F. A. — V,capital,180 millions fr.,1949,Annuaire des entreprises coloniales,afrique-occidentale-aec-1949-aof-togo-9b7c17
louisfeltrincapitalporte1,Louis Feltrin et Cie. — Capital porté à 1,capital,1.300.000 fr.,1949,Annuaire des entreprises coloniales,afrique-occidentale-aec-1949-aof-togo-9b7c17
commercialeindustriellecoteafriquecapitalporte,Société commerciale et industrielle de la Côte d'Afrique. — Capital porté à,capital,60 millions fr.,1949,Annuaire des entreprises coloniales,afrique-occidentale-aec-1949-aof-togo-9b7c17
entreprisesafricainessiegesociallibrevillebureau,Société d'Entreprises Africaines. — Siège social à Libreville. — Bureau de,head_office,Libreville. — Bureau de,1949,Annuaire des entreprises coloniales,afrique-occidentale-aec-1949-aof-togo-9b7c17
paristransfere,"PARIS, transféré",capital,60 millions fr.,1949,Annuaire des entreprises coloniales,afrique-occidentale-aec-1949-aof-togo-9b7c17
golfeguineeteleg,Société Générale du Golfe de Guinée. — Télég,capital,32 millions fr.,1949,Annuaire des entreprises coloniales,afrique-occidentale-aec-1949-aof-togo-9b7c17
importationafricainesiegesocialtransfere,Société d'importation africaine. — Siège social transféré,head_office,"transféré : 124, avenue",1949,Annuaire des entreprises coloniales,afrique-occidentale-aec-1949-aof-togo-9b7c17
eauxelectriciteouestafricainbureauparisretabli,Cie des eaux et électricité de l'Ouest Africain. — Bureau de PARIS rétabli,capital,100 millions fr.,1949,Annuaire des entreprises coloniales,afrique-occidentale-aec-1949-aof-togo-9b7c17
francocolonialeassurances,Franco-Coloniale d'assurances,head_office,"3, rue Nicolas-Paquet (au lieu de 4, rue Chénier), Casablanca. — Sarl",1949,Annuaire des entreprises coloniales,afrique-occidentale-aec-1949-aof-togo-9b7c17
huileriessoudanaisescapital,Huileries Soudanaises. — Capital,capital,12 millions fr.,1949,Annuaire des entreprises coloniales,afrique-occidentale-aec-1949-aof-togo-9b7c17
charbonniereouestafricaincapital,Société Charbonnière de l'Ouest Africain. — Capital,capital,2.100.000 fr.,1949,Annuaire des entreprises coloniales,afrique-occidentale-aec-1949-aof-togo-9b7c17
domainekokumbocapital,Cie du domaine de Kokumbo. — Capital,capital,20 millions fr.,1949,Annuaire des entreprises coloniales,afrique-occidentale-aec-1949-aof-togo-9b7c17
exploitationboisexotiques,Cie d'exploitation des bois exotiques,capital,2.600.000 fr.,1949,Annuaire des entreprises coloniales,afrique-occidentale-aec-1949-aof-togo-9b7c17
foretstropicalessiegesocial,Société des forêts tropicales. — Siège social,capital,15 millions fr,1949,Annuaire des entreprises coloniales,afrique-occidentale-aec-1949-aof-togo-9b7c17
foretstropicalessiegesocial,Société des forêts tropicales. — Siège social,head_office,avenue Général-de-Gaule,1949,Annuaire des entreprises coloniales,afrique-occidentale-aec-1949-aof-togo-9b7c17
atlantique,L'Atlantique,head_office,Casablanca),1949,Annuaire des entreprises coloniales,afrique-occidentale-aec-1949-aof-togo-9b7c17
galandfils,Galand et Fils,capital,2.000.000 FRANCS,1949,Annuaire des entreprises coloniales,afrique-occidentale-aec-1949-aof-togo-9b7c17
wehbifreres,Wehbi frères,capital,10.000.000 fr.,1949,Annuaire des entreprises coloniales,afrique-occidentale-aec-1949-aof-togo-9b7c17
wehbifreres,Wehbi frères,head_office,Soc. : KAOLACK (Sénégal). — B. P. 135,1949,Annuaire des entreprises coloniales,afrique-occidentale-aec-1949-aof-togo-9b7c17
casel,A. Casel,head_office,"PARIS : 54, r. La-Boétie, 8e)",1949,Annuaire des entreprises coloniales,afrique-occidentale-aec-1949-aof-togo-9b7c17
industriellefinanciereafricaine,Société industrielle et financière africaine,head_office,Saint-Louis (Sénégal). Comptoirs à Atar et,1949,Annuaire des entreprises coloniales,afrique-occidentale-aec-1949-aof-togo-9b7c17
constantinfrere,Constantin et frère,head_office,?). — De création récente,1949,Annuaire des entreprises coloniales,afrique-occidentale-aec-1949-aof-togo-9b7c17
delmasvieljeux,Cie Delmas-Vieljeux,capital,775 millions fr.,1951,Annuaire des entreprises coloniales,afrique-occidentale-aec-1951-aof-togo-9a864d
delmasvieljeux,Cie Delmas-Vieljeux,head_office,"PARIS (16e) : 29, rue Galilée",1951,Annuaire des entreprises coloniales,afrique-occidentale-aec-1951-aof-togo-9a864d
transportsmaritimesafriqueoccidentalectm,Cie de transports maritimes de l'Afrique occidentale Française (C.T.M. de,founded_date,1927-05-20,1951,Annuaire des entreprises coloniales,afrique-occidentale-aec-1951-aof-togo-9a864d
messageriesafricaines,Messageries africaines,founded_date,1907-02-25,1951,Annuaire des entreprises coloniales,afrique-occidentale-aec-1951-aof-togo-9a864d
messageriesafricaines,Messageries africaines,capital,5.830.000 fr.,1951,Annuaire des entreprises coloniales,afrique-occidentale-aec-1951-aof-togo-9a864d
messageriesafricaines,Messageries africaines,head_office,"35, bd Pinet-Laprade, DAKAR (Sénégal), 9, avenue de Messine",1951,Annuaire des entreprises coloniales,afrique-occidentale-aec-1951-aof-togo-9a864d
messageriessenegal,Messageries du Sénégal,founded_date,1936-01-08,1951,Annuaire des entreprises coloniales,afrique-occidentale-aec-1951-aof-togo-9a864d
messageriessenegal,Messageries du Sénégal,capital,3.500.000 francs,1951,Annuaire des entreprises coloniales,afrique-occidentale-aec-1951-aof-togo-9a864d
messageriessenegal,Messageries du Sénégal,head_office,"35, boulevard Pinet-Laprade, DAKAR (Sénégal)",1951,Annuaire des entreprises coloniales,afrique-occidentale-aec-1951-aof-togo-9a864d
cabotageintercolonial,Société de cabotage intercolonial,capital,3.500.000 fr.,1951,Annuaire des entreprises coloniales,afrique-occidentale-aec-1951-aof-togo-9a864d
banqueafriqueoccidentale,Banque de l'Afrique Occidentale,founded_date,1901-06-29,1951,Annuaire des entreprises coloniales,afrique-occidentale-aec-1951-aof-togo-9a864d
banquecommercialeafricaine,Banque commerciale africaine,founded_date,1924-07-05,1951,Annuaire des entreprises coloniales,afrique-occidentale-aec-1951-aof-togo-9a864d
banquecommercialeafricaine,Banque commerciale africaine,capital,140 millions fr.,1951,Annuaire des entreprises coloniales,afrique-occidentale-aec-1951-aof-togo-9a864d
creditfoncierouestafricain,Crédit foncier de l'Ouest africain,founded_date,1928-03-13,1951,Annuaire des entreprises coloniales,afrique-occidentale-aec-1951-aof-togo-9a864d
creditfoncierouestafricain,Crédit foncier de l'Ouest africain,capital,115.000.000 francs,1951,Annuaire des entreprises coloniales,afrique-occidentale-aec-1951-aof-togo-9a864d
creditfoncierafrique,Crédit foncier de l'Afrique française,founded_date,1928-08-09,1951,Annuaire des entreprises coloniales,afrique-occidentale-aec-1951-aof-togo-9a864d
creditfoncierafrique,Crédit foncier de l'Afrique française,head_office,"77, avenue William-Ponty, DAKAR (Sénégal)",1951,Annuaire des entreprises coloniales,afrique-occidentale-aec-1951-aof-togo-9a864d
immobilierefinanciereafricaine,Société immobilière et financière africaine,head_office,"45, avenue Albert-Sarraut, DAKAR (Sénégal)[= Forest. et comm. afr.]",1951,Annuaire des entreprises coloniales,afrique-occidentale-aec-1951-aof-togo-9a864d
unionafricaineagricoleindustrielle,Union africaine agricole et industrielle,head_office,"avenue du Barachois, DAKAR (Sénégal)",1951,Annuaire des entreprises coloniales,afrique-occidentale-aec-1951-aof-togo-9a864d
auxiliaireafricainedeveloppementcommerce,"Société auxiliaire africaine pour le développement du commerce, de",founded_date,1917-04-26,1951,Annuaire des entreprises coloniales,afrique-occidentale-aec-1951-aof-togo-9a864d
africaine,L'Africaine française,founded_date,1910-05-06,1951,Annuaire des entreprises coloniales,afrique-occidentale-aec-1951-aof-togo-9a864d
africaine,L'Africaine française,capital,114 millions francs,1951,Annuaire des entreprises coloniales,afrique-occidentale-aec-1951-aof-togo-9a864d
agencerepresentationsdirectesdefenseinteretscoloniaux,Agence de représentations directes pour la défense des intérêts coloniaux,founded_date,1931-07-09,1951,Annuaire des entreprises coloniales,afrique-occidentale-aec-1951-aof-togo-9a864d
agencerepresentationsdirectesdefenseinteretscoloniaux,Agence de représentations directes pour la défense des intérêts coloniaux,capital,13 millions fr.,1951,Annuaire des entreprises coloniales,afrique-occidentale-aec-1951-aof-togo-9a864d
anciensetablissementschpeyrissaccolonialeafrique,Anciens Établissements Ch. Peyrissac et Cie (Cie coloniale de l'Afrique,founded_date,1908-04-27,1951,Annuaire des entreprises coloniales,afrique-occidentale-aec-1951-aof-togo-9a864d
anciensetablissementschpeyrissaccolonialeafrique,Anciens Établissements Ch. Peyrissac et Cie (Cie coloniale de l'Afrique,capital,400 millions fr.,1951,Annuaire des entreprises coloniales,afrique-occidentale-aec-1951-aof-togo-9a864d
andrebaraderiefils,André Baraderie fils et Cie,capital,300.000 fr.,1951,Annuaire des entreprises coloniales,afrique-occidentale-aec-1951-aof-togo-9a864d
echavanel,E. Chavanel et Cie,founded_date,1928-06-11,1951,Annuaire des entreprises coloniales,afrique-occidentale-aec-1951-aof-togo-9a864d
echavanel,E. Chavanel et Cie,capital,10.500.000 fr.,1951,Annuaire des entreprises coloniales,afrique-occidentale-aec-1951-aof-togo-9a864d
echavanelfils,E. Chavanel et Fils,founded_date,1928-04-18,1951,Annuaire des entreprises coloniales,afrique-occidentale-aec-1951-aof-togo-9a864d
echavanelfils,E. Chavanel et Fils,capital,150 millions fr.,1951,Annuaire des entreprises coloniales,afrique-occidentale-aec-1951-aof-togo-9a864d
colonialeindustrielleautomobile,« Coloniale Industrielle et Automobile »,head_office,"92, avenue Gambetta (B. P. 251), DAKAR",1951,Annuaire des entreprises coloniales,afrique-occidentale-aec-1951-aof-togo-9a864d
commerceafricain,Commerce Africain,capital,23 millions fr.,1951,Annuaire des entreprises coloniales,afrique-occidentale-aec-1951-aof-togo-9a864d
commerceafricain,Commerce Africain,head_office,DAKAR (Sénégal),1951,Annuaire des entreprises coloniales,afrique-occidentale-aec-1951-aof-togo-9a864d
commercialeafrique,Commerciale de l'Afrique française,head_office,ABIDJAN (Côte-d'Ivoire),1951,Annuaire des entreprises coloniales,afrique-occidentale-aec-1951-aof-togo-9a864d
commercialeexportationimportation,Commerciale d'exportation et d'importation,founded_date,1930-06-12,1951,Annuaire des entreprises coloniales,afrique-occidentale-aec-1951-aof-togo-9a864d
commercialeexportationimportation,Commerciale d'exportation et d'importation,capital,20.340.000 fr.,1951,Annuaire des entreprises coloniales,afrique-occidentale-aec-1951-aof-togo-9a864d
baltivent,Cie Baltivent,capital,225.000 fr.,1951,Annuaire des entreprises coloniales,afrique-occidentale-aec-1951-aof-togo-9a864d
commercialesenegalaise,Cie commerciale sénégalaise,founded_date,1931-07-28,1951,Annuaire des entreprises coloniales,afrique-occidentale-aec-1951-aof-togo-9a864d
drogueriesafricainesmanufacturesmatierescolorantes,Cie des drogueries africaines et manufactures de matières colorantes,founded_date,1927-12-03,1951,Annuaire des entreprises coloniales,afrique-occidentale-aec-1951-aof-togo-9a864d
drogueriesafricainesmanufacturesmatierescolorantes,Cie des drogueries africaines et manufactures de matières colorantes,head_office,"97, boulevard Haussmann, Paris (8e)",1951,Annuaire des entreprises coloniales,afrique-occidentale-aec-1951-aof-togo-9a864d
afriqueoccidentale,Cie française de l'Afrique occidentale,head_office,"32, cours Pierre-Puget, MARSElLLE",1951,Annuaire des entreprises coloniales,afrique-occidentale-aec-1951-aof-togo-9a864d
charbonnagesdakar,Cie française des charbonnages de Dakar,head_office,"— Dakar, 36, boulevard Pinet-Laprade (B.P. 145)",1951,Annuaire des entreprises coloniales,afrique-occidentale-aec-1951-aof-togo-9a864d
coteivoire,Cie française de la Côte-d'Ivoire,founded_date,1911-03-24,1951,Annuaire des entreprises coloniales,afrique-occidentale-aec-1951-aof-togo-9a864d
coteivoire,Cie française de la Côte-d'Ivoire,head_office,ABIDJAN (Côte-d'Ivoire),1951,Annuaire des entreprises coloniales,afrique-occidentale-aec-1951-aof-togo-9a864d
depotspetroliersafriqueoccidentale,Cie française de dépôts pétroliers en Afrique Occidentale française,capital,54 millions fr.,1951,Annuaire des entreprises coloniales,afrique-occidentale-aec-1951-aof-togo-9a864d
depotspetroliersafriqueoccidentale,Cie française de dépôts pétroliers en Afrique Occidentale française,head_office,"19, rue de Thiong, DAKAR [= 269]",1951,Annuaire des entreprises coloniales,afrique-occidentale-aec-1951-aof-togo-9a864d
distributionpetrolesafrique,Cie française de distribution des pétroles en Afrique,founded_date,1947-03-27,1951,Annuaire des entreprises coloniales,afrique-occidentale-aec-1951-aof-togo-9a864d
distributionpetrolesafrique,Cie française de distribution des pétroles en Afrique,capital,200 millions fr.,1951,Annuaire des entreprises coloniales,afrique-occidentale-aec-1951-aof-togo-9a864d
industrietextilecotonniere,Cie de l'industrie textile cotonnière,founded_date,1927-04-15,1951,Annuaire des entreprises coloniales,afrique-occidentale-aec-1951-aof-togo-9a864d
industrietextilecotonniere,Cie de l'industrie textile cotonnière,capital,40 millions fr.,1951,Annuaire des entreprises coloniales,afrique-occidentale-aec-1951-aof-togo-9a864d
industrietextilecotonniere,Cie de l'industrie textile cotonnière,head_office,"18, rue des Essarts, DAKAR (Sénégal)",1951,Annuaire des entreprises coloniales,afrique-occidentale-aec-1951-aof-togo-9a864d
industriellepetrolesafriqueoccidentale,Cie industrielle des pétroles de l'Afrique Occidentale,founded_date,1948-12-28,1951,Annuaire des entreprises coloniales,afrique-occidentale-aec-1951-aof-togo-9a864d
industriellepetrolesafriqueoccidentale,Cie industrielle des pétroles de l'Afrique Occidentale,capital,25 millions fr.,1951,Annuaire des entreprises coloniales,afrique-occidentale-aec-1951-aof-togo-9a864d
industriellepetrolesafriqueoccidentale,Cie industrielle des pétroles de l'Afrique Occidentale,head_office,"19 bis, rue Parchappe, DAKAR",1951,Annuaire des entreprises coloniales,afrique-occidentale-aec-1951-aof-togo-9a864d
niger,Cie du Niger français,founded_date,1913-09-15,1951,Annuaire des entreprises coloniales,afrique-occidentale-aec-1951-aof-togo-9a864d
niger,Cie du Niger français,head_office,"131, boulevard Pinet-Laprade, DAKAR [= 244]",1951,Annuaire des entreprises coloniales,afrique-occidentale-aec-1951-aof-togo-9a864d
comptoircommercialfrancoafricain,Comptoir commercial franco-africain,founded_date,1924-04-21,1963,"à 37 % selon Doc. af., 1963",afrique-occidentale-aec-1951-aof-togo-9a864d
comptoircommercialfrancoafricain,Comptoir commercial franco-africain,capital,68.250.000 fr.,1963,"à 37 % selon Doc. af., 1963",afrique-occidentale-aec-1951-aof-togo-9a864d
dakarsoutes,« Dakar-Soutes »,founded_date,1937-01-26,1963,"à 37 % selon Doc. af., 1963",afrique-occidentale-aec-1951-aof-togo-9a864d
dakarsoutes,« Dakar-Soutes »,capital,10.000.000 fr.,1963,"à 37 % selon Doc. af., 1963",afrique-occidentale-aec-1951-aof-togo-9a864d
davum,DAVUM,capital,675 millions fr.,1963,"à 37 % selon Doc. af., 1963",afrique-occidentale-aec-1951-aof-togo-9a864d
jdelmas,J.-A. Delmas et Cie,capital,20 millions fr.,1963,"à 37 % selon Doc. af., 1963",afrique-occidentale-aec-1951-aof-togo-9a864d
entreprisestransatlantiques,Entreprises transatlantiques,founded_date,1927-05-03,1963,"à 37 % selon Doc. af., 1963",afrique-occidentale-aec-1951-aof-togo-9a864d
etablissementsbenamourlaraki,Établissements Ben Amour Laraki et Cie,head_office,"92, avenue Poeymirau, CASABLANCA",1963,"à 37 % selon Doc. af., 1963",afrique-occidentale-aec-1951-aof-togo-9a864d
etablissementsdeveschaumet,Établissements Devès et Chaumet,head_office,"19, rue Parchappe, DAKAR (Sénégal)",1963,"à 37 % selon Doc. af., 1963",afrique-occidentale-aec-1951-aof-togo-9a864d
etablissementsfoufounis,Établissements Foufounis,head_office,CONAKRY (Guinée française),1963,"à 37 % selon Doc. af., 1963",afrique-occidentale-aec-1951-aof-togo-9a864d
etablissementsmartrefreres,"Établissements Martre frères, S. A",founded_date,1936-10-10,1963,"à 37 % selon Doc. af., 1963",afrique-occidentale-aec-1951-aof-togo-9a864d
etablissementsmartrefreres,"Établissements Martre frères, S. A",capital,10 millions fr.,1963,"à 37 % selon Doc. af., 1963",afrique-occidentale-aec-1951-aof-togo-9a864d
etablissementsmaurelprom,Établissements Maurel et Prom,capital,10 millions fr.,1963,"à 37 % selon Doc. af., 1963",afrique-occidentale-aec-1951-aof-togo-9a864d
etablissementsnapp,Établissements Napp,capital,80.000.000 fr.,1963,"à 37 % selon Doc. af., 1963",afrique-occidentale-aec-1951-aof-togo-9a864d
etablissementsgeorgespanopoulos,Établissements Georges D. Panopoulos S. A,head_office,CONAKRY (Guinée française),1963,"à 37 % selon Doc. af., 1963",afrique-occidentale-aec-1951-aof-togo-9a864d
etablissementscharlesperinaud,Établissements Charles Périnaud,founded_date,1934-08-06,1963,"à 37 % selon Doc. af., 1963",afrique-occidentale-aec-1951-aof-togo-9a864d
etablissementscharlesperinaud,Établissements Charles Périnaud,capital,20 millions fr.,1963,"à 37 % selon Doc. af., 1963",afrique-occidentale-aec-1951-aof-togo-9a864d
etablissementscharlesperinaud,Établissements Charles Périnaud,head_office,ABIDJAN (Cote d'Ivoire),1963,"à 37 % selon Doc. af., 1963",afrique-occidentale-aec-1951-aof-togo-9a864d
etablissementsrobertserville,Établissements Robert Servillé,head_office,KORHOGO (Côte-d'Ivoire),1963,"à 37 % selon Doc. af., 1963",afrique-occidentale-aec-1951-aof-togo-9a864d
etablissementsvezia,Établissements Vezia,founded_date,1925-12-17,1963,"à 37 % selon Doc. af., 1963",afrique-occidentale-aec-1951-aof-togo-9a864d
etablissementsvezia,Établissements Vezia,capital,75 millions fr.,1963,"à 37 % selon Doc. af., 1963",afrique-occidentale-aec-1951-aof-togo-9a864d
etablissementsvezia,Établissements Vezia,head_office,DAKAR (Sénégal),1963,"à 37 % selon Doc. af., 1963",afrique-occidentale-aec-1951-aof-togo-9a864d
expansiongrandslaboratoiresafrique,Expansion des Grands Laboratoires français en Afrique,head_office,"rue Nationale, RUFISQUE (Sénégal)",1963,"à 37 % selon Doc. af., 1963",afrique-occidentale-aec-1951-aof-togo-9a864d
louisfeltrin,Société Louis Feltrin et Cie,head_office,"27, avenue de la Liberté, B. P. 54, DAKAR (Sénégal)",1963,"à 37 % selon Doc. af., 1963",afrique-occidentale-aec-1951-aof-togo-9a864d
kebemer,KÉBÉMER,founded_date,1921-07-01,1963,"à 37 % selon Doc. af., 1963",afrique-occidentale-aec-1951-aof-togo-9a864d
groupementcommercialafricain,Groupement commercial africain,head_office,"10, rue des Essarts (B. P. 275), DAKAR [= 219]",1963,"à 37 % selon Doc. af., 1963",afrique-occidentale-aec-1951-aof-togo-9a864d
johnholt,John Holt et Cie,head_office,KOULIKORO (Soudan français),1963,"à 37 % selon Doc. af., 1963",afrique-occidentale-aec-1951-aof-togo-9a864d
maisonjbaraderie,Maison J. Baraderie,founded_date,1929-01-01,1963,"à 37 % selon Doc. af., 1963",afrique-occidentale-aec-1951-aof-togo-9a864d
martrefreres,Martre frères et Cie,founded_date,1936-09-26,1963,"à 37 % selon Doc. af., 1963",afrique-occidentale-aec-1951-aof-togo-9a864d
maurelfreres,Maurel frères S.A,capital,50 millions fr.,1963,"à 37 % selon Doc. af., 1963",afrique-occidentale-aec-1951-aof-togo-9a864d
maurelfreres,Maurel frères,founded_date,1929-12-30,1963,"à 37 % selon Doc. af., 1963",afrique-occidentale-aec-1951-aof-togo-9a864d
maurelfreres,Maurel frères,capital,"7,2 millions fr.",1963,"à 37 % selon Doc. af., 1963",afrique-occidentale-aec-1951-aof-togo-9a864d
etablissementsnahas,Établissements Nahas et Cie,head_office,"SAINT-LOUIS-DU-SÉNÉGAL, B.P. 96 (Sénégal)",1963,"à 37 % selon Doc. af., 1963",afrique-occidentale-aec-1951-aof-togo-9a864d
kong,Nouvelle Compagnie française de Kong,founded_date,1923-08-22,1963,"à 37 % selon Doc. af., 1963",afrique-occidentale-aec-1951-aof-togo-9a864d
kong,Nouvelle Compagnie française de Kong,capital,50 millions fr.,1963,"à 37 % selon Doc. af., 1963",afrique-occidentale-aec-1951-aof-togo-9a864d
commercialeafricaine,Nouvelle Société commerciale africaine,head_office,"31, boulevard Pinet-Laprade, DAKAR (Sénégal)[= 204]",1963,"à 37 % selon Doc. af., 1963",afrique-occidentale-aec-1951-aof-togo-9a864d
personnazgardin,"Personnaz, Gardin et Cie",founded_date,1939-03-24,1963,"à 37 % selon Doc. af., 1963",afrique-occidentale-aec-1951-aof-togo-9a864d
personnazgardin,"Personnaz, Gardin et Cie",capital,10 millions fr.,1963,"à 37 % selon Doc. af., 1963",afrique-occidentale-aec-1951-aof-togo-9a864d
erabe,E. Rabe,head_office,COTONOU (Dahomey),1963,"à 37 % selon Doc. af., 1963",afrique-occidentale-aec-1951-aof-togo-9a864d
senegal,« Sénégal »,founded_date,1938-01-14,1963,"à 37 % selon Doc. af., 1963",afrique-occidentale-aec-1951-aof-togo-9a864d
senegal,« Sénégal »,capital,40 millions fr.,1963,"à 37 % selon Doc. af., 1963",afrique-occidentale-aec-1951-aof-togo-9a864d
africaineetsbrossette,Société africaine des Éts Brossette,capital,250.400.000 fr.,1963,"à 37 % selon Doc. af., 1963",afrique-occidentale-aec-1951-aof-togo-9a864d
africaineetablissementsrondon,Société africaine des Établissements Rondon,capital,12.500.000 fr.,1963,"à 37 % selon Doc. af., 1963",afrique-occidentale-aec-1951-aof-togo-9a864d
africainefinanciereagricole,Société africaine financière et agricole,founded_date,1928-02-21,1963,"à 37 % selon Doc. af., 1963",afrique-occidentale-aec-1951-aof-togo-9a864d
africainefinanciereagricole,Société africaine financière et agricole,head_office,ATAKPAMÉ (Togo),1963,"à 37 % selon Doc. af., 1963",afrique-occidentale-aec-1951-aof-togo-9a864d
africainevalor,Société africaine Valor,capital,15 millions fr.,1963,"à 37 % selon Doc. af., 1963",afrique-occidentale-aec-1951-aof-togo-9a864d
afriquecentraleoccidentale,Société pour l'Afrique centrale et occidentale,founded_date,1927-03-15,1963,"à 37 % selon Doc. af., 1963",afrique-occidentale-aec-1951-aof-togo-9a864d
automobilescoteafrique,Société des automobiles de la Côte d'Afrique,founded_date,1927-09-22,1963,"à 37 % selon Doc. af., 1963",afrique-occidentale-aec-1951-aof-togo-9a864d
auxiliairecommerceafricain,Société auxiliaire de commerce africain,founded_date,1949-02-09,1963,"à 37 % selon Doc. af., 1963",afrique-occidentale-aec-1951-aof-togo-9a864d
auxiliairecommerceafricain,Société auxiliaire de commerce africain,capital,25 millions fr.,1963,"à 37 % selon Doc. af., 1963",afrique-occidentale-aec-1951-aof-togo-9a864d
auxiliairecommerceindustrieiafrique,Société auxiliaire du commerce et de l'industrie de I'Afrique,head_office,ABOISSO (Côle d'Ivoire),1963,"à 37 % selon Doc. af., 1963",afrique-occidentale-aec-1951-aof-togo-9a864d
colonialeagricoleindustrielle,Société coloniale agricole et industrielle des Anciens Établissements R,head_office,GRAND-BASSAM (B. P. 8) (Côte-d'Ivoire),1963,"à 37 % selon Doc. af., 1963",afrique-occidentale-aec-1951-aof-togo-9a864d
commercialeabidjannaise,Société commerciale abidjannaise,capital,200.000 fr.,1963,"à 37 % selon Doc. af., 1963",afrique-occidentale-aec-1951-aof-togo-9a864d
commercialeabidjannaise,Société commerciale abidjannaise,head_office,ABIDJAN (Côte-d'Ivoire). I,1963,"à 37 % selon Doc. af., 1963",afrique-occidentale-aec-1951-aof-togo-9a864d
commercialeindustriellecoteafrique,Société commerciale et Industrielle de la Côte d'Afrique,founded_date,1917-11-22,1963,"à 37 % selon Doc. af., 1963",afrique-occidentale-aec-1951-aof-togo-9a864d
commercialeouestafricain,Société commerciale de l'Ouest africain,founded_date,1907-04-04,1963,"à 37 % selon Doc. af., 1963",afrique-occidentale-aec-1951-aof-togo-9a864d
commercialeouestafricain,Société commerciale de l'Ouest africain,capital,1.250.000.000 fr.,1963,"à 37 % selon Doc. af., 1963",afrique-occidentale-aec-1951-aof-togo-9a864d
commissiongerancedevaumet,Société de Commission et. de gérance « DEVAUMET » (Anc. Maison,capital,12 millions fr.,1963,"à 37 % selon Doc. af., 1963",afrique-occidentale-aec-1951-aof-togo-9a864d
dakaroisetransit,Société dakaroise de transit,capital,25 millions fr.,1963,"à 37 % selon Doc. af., 1963",afrique-occidentale-aec-1951-aof-togo-9a864d
dakaroisetransit,Société dakaroise de transit,head_office,"3, boulevard de la Libération (B. P. :30), DAKAR",1963,"à 37 % selon Doc. af., 1963",afrique-occidentale-aec-1951-aof-togo-9a864d
entreposagehydrocarburesdakar,Société d'entreposage d'hydrocarbures de Dakar,founded_date,1938-12-27,1958,"Espalion, Ardèche, 1880-Paris, 1958",afrique-occidentale-aec-1951-aof-togo-9a864d
entreposagevins,Société d'entreposage des vins,capital,25 millions fr.,1958,"Espalion, Ardèche, 1880-Paris, 1958",afrique-occidentale-aec-1951-aof-togo-9a864d
entreposagevins,Société d'entreposage des vins,head_office,"32, boulevard Pinet-Laprade, DAKAR [= Petersen]",1958,"Espalion, Ardèche, 1880-Paris, 1958",afrique-occidentale-aec-1951-aof-togo-9a864d
entreprisesafricaines,Société d'entreprises africaines,founded_date,1921-12-15,1958,"Espalion, Ardèche, 1880-Paris, 1958",afrique-occidentale-aec-1951-aof-togo-9a864d
entreprisesafricaines,Société d'entreprises africaines,capital,60 millions fr.,1958,"Espalion, Ardèche, 1880-Paris, 1958",afrique-occidentale-aec-1951-aof-togo-9a864d
entreprisesafricaines,Société d'entreprises africaines,head_office,"LIBREVILLE (B. P. 128), Gabon",1958,"Espalion, Ardèche, 1880-Paris, 1958",afrique-occidentale-aec-1951-aof-togo-9a864d
exportationcoloniale,Société d'exportation coloniale,founded_date,1934-01-17,1958,"Espalion, Ardèche, 1880-Paris, 1958",afrique-occidentale-aec-1951-aof-togo-9a864d
exportationcoloniale,Société d'exportation coloniale,capital,25.000 fr.,1958,"Espalion, Ardèche, 1880-Paris, 1958",afrique-occidentale-aec-1951-aof-togo-9a864d
vins,Société française des vins,head_office,"c/o : C.F.A. O., DAKAR (Sénégal)",1958,"Espalion, Ardèche, 1880-Paris, 1958",afrique-occidentale-aec-1951-aof-togo-9a864d
africaine,Société générale africaine,head_office,"Sté Tardy et Cie, 63, rue de la République, MARSEILLE",1958,"Espalion, Ardèche, 1880-Paris, 1958",afrique-occidentale-aec-1951-aof-togo-9a864d
golfeguinee,Société générale du Golfe de Guinée,founded_date,1929-12-31,1958,"Espalion, Ardèche, 1880-Paris, 1958",afrique-occidentale-aec-1951-aof-togo-9a864d
hotelleriebamako,Société d'hôtellerie de Bamako,head_office,BAMAKO (Soudan français),1955,"Belley, 1888-Paris, 1955",afrique-occidentale-aec-1951-aof-togo-9a864d
moyenniger,Société du Moyen-Niger,head_office,KANDI (Dahomey),1955,"Belley, 1888-Paris, 1955",afrique-occidentale-aec-1951-aof-togo-9a864d
palme,Société « Palme »,head_office,COTONOU (Dahomey),1955,"Belley, 1888-Paris, 1955",afrique-occidentale-aec-1951-aof-togo-9a864d
petrolesshellouestafricain,Société des pétroles Shell de l'Ouest africain français,founded_date,1928-07-27,1955,"Belley, 1888-Paris, 1955",afrique-occidentale-aec-1951-aof-togo-9a864d
unioncomptoirsoutremerunicomer,Union des Comptoirs d'Outre-Mer UNICOMER,founded_date,1932-11-23,1955,"Belley, 1888-Paris, 1955",afrique-occidentale-aec-1951-aof-togo-9a864d
unioncomptoirsoutremerunicomer,Union des Comptoirs d'Outre-Mer UNICOMER,head_office,CONAKRY,1955,"Belley, 1888-Paris, 1955",afrique-occidentale-aec-1951-aof-togo-9a864d
unioncommercialeafricaine,Union commerciale africaine,head_office,ABIDJAN (Côte-d'Ivoire),1955,"Belley, 1888-Paris, 1955",afrique-occidentale-aec-1951-aof-togo-9a864d
unionfrancoscandinave,Union franco-scandinave,head_office,"44 bis, rue Achille-Jubinal, TARBES (Hautes-Pyrénées)",1943,"JOEF, 17 mai 1943",afrique-occidentale-aec-1951-aof-togo-9a864d
vallarichardv,Valla et Richard (V,head_office,COTONOU (Dahomey). -,1943,"JOEF, 17 mai 1943",afrique-occidentale-aec-1951-aof-togo-9a864d
vezia,L. Vezia et Cie,founded_date,1926-01-09,1943,"JOEF, 17 mai 1943",afrique-occidentale-aec-1951-aof-togo-9a864d
airliquide,Société anon. L'Air liquide,capital,1.546.088.000 fr.,1943,"JOEF, 17 mai 1943",afrique-occidentale-aec-1951-aof-togo-9a864d
airliquide,Société anon. L'Air liquide,head_office,"75, quai d'Orsay, PARIS (7e)",1943,"JOEF, 17 mai 1943",afrique-occidentale-aec-1951-aof-togo-9a864d
atelierschantiersafrique,Ateliers et chantiers de l'Afrique française,head_office,Abidjan (C. I.). et,1943,"JOEF, 17 mai 1943",afrique-occidentale-aec-1951-aof-togo-9a864d
bauxitesmidi,Bauxites du Midi,head_office,"63, avenue des Champs-Élysées, PARIS (8e)",1943,"JOEF, 17 mai 1943",afrique-occidentale-aec-1951-aof-togo-9a864d
aeroafricaine,Cie aéro-africaine ],capital,10 millions fr.,1943,"JOEF, 17 mai 1943",afrique-occidentale-aec-1951-aof-togo-9a864d
africaineforestiereallumettes,Cie africaine forestière et des allumettes,capital,30 millions fr.,1943,"JOEF, 17 mai 1943",afrique-occidentale-aec-1951-aof-togo-9a864d
africaineforestiereallumettes,Cie africaine forestière et des allumettes,head_office,DAKAR,1943,"JOEF, 17 mai 1943",afrique-occidentale-aec-1951-aof-togo-9a864d
auxiliaireartisanatcolonial,Cie auxiliaire de l'artisanat colonial,founded_date,1937-06-09,1943,"JOEF, 17 mai 1943",afrique-occidentale-aec-1951-aof-togo-9a864d
auxiliaireartisanatcolonial,Cie auxiliaire de l'artisanat colonial,head_office,"4, avenue William-Ponty, DAKAR (Sénégal)",1943,"JOEF, 17 mai 1943",afrique-occidentale-aec-1951-aof-togo-9a864d
cheminferdakarsaintlouis,Cie du chemin de fer de Dakar à Saint-Louis,founded_date,1883-06-04,1943,"JOEF, 17 mai 1943",afrique-occidentale-aec-1951-aof-togo-9a864d
constructionsgeneralesafrique,Cie de constructions générales en Afrique française,founded_date,1930-06-14,1943,"JOEF, 17 mai 1943",afrique-occidentale-aec-1951-aof-togo-9a864d
constructionsgeneralesafrique,Cie de constructions générales en Afrique française,head_office,ABIDJAN (Côte-d'Ivoire),1943,"JOEF, 17 mai 1943",afrique-occidentale-aec-1951-aof-togo-9a864d
eauxelectriciteouestafricain,Cie des eaux et électricité de l'Ouest africain,founded_date,1929-08-07,1953,"Pau, 1879-Paris, 1953",afrique-occidentale-aec-1951-aof-togo-9a864d
emballagescoloniaux,Cie des emballages coloniaux,head_office,Tiaroye-Mer près DAKAR,1953,"Pau, 1879-Paris, 1953",afrique-occidentale-aec-1951-aof-togo-9a864d
batimentsmecaniques,Cie française de bâtiments mécaniques,founded_date,1948-07-10,1953,"Pau, 1879-Paris, 1953",afrique-occidentale-aec-1951-aof-togo-9a864d
hoteliereouestafricain,Cie hôtelière de l'Ouest Africain,founded_date,1929-03-20,1953,"Pau, 1879-Paris, 1953",afrique-occidentale-aec-1951-aof-togo-9a864d
minesfalemegambie,Cie des mines de Falémé-Gambie,founded_date,1911-04-10,1953,"Pau, 1879-Paris, 1953",afrique-occidentale-aec-1951-aof-togo-9a864d
miniereafema,Cie minière de l'Afema,founded_date,1938-04-04,1953,"Pau, 1879-Paris, 1953",afrique-occidentale-aec-1951-aof-togo-9a864d
miniereafema,Cie minière de l'Afema,capital,90 millions fr.,1953,"Pau, 1879-Paris, 1953",afrique-occidentale-aec-1951-aof-togo-9a864d
minierehautsassandra,Cie minière du Haut-Sassandra,head_office,MAN (Côte-d'Ivoire)[= Fringhian],1953,"Pau, 1879-Paris, 1953",afrique-occidentale-aec-1951-aof-togo-9a864d
textileouestafricain,Cie textile de l'Ouest-Africain,head_office,"9, rue de Thann",1953,"Pau, 1879-Paris, 1953",afrique-occidentale-aec-1951-aof-togo-9a864d
comptoirfrancosenegalaisminerais,Comptoir franco-sénegalais de minerais,head_office,"67, rue de Prony, PARIS (17e)",1953,"Pau, 1879-Paris, 1953",afrique-occidentale-aec-1951-aof-togo-9a864d
comptoirminesgrandstravauxmaroc,Comptoir des mines et des grands travaux du Maroc,head_office,"Casablanca, 36, rue Guynemer (Voir",1953,"Pau, 1879-Paris, 1953",afrique-occidentale-aec-1951-aof-togo-9a864d
comptoirproduitsafricains,Comptoir des produits africains,head_office,"(B. P. 319), CONAKRY (Guinée française)",1953,"Pau, 1879-Paris, 1953",afrique-occidentale-aec-1951-aof-togo-9a864d
electrificationafricaine,Électrification africaine,founded_date,1950-04-14,1953,"Pau, 1879-Paris, 1953",afrique-occidentale-aec-1951-aof-togo-9a864d
electrificationafricaine,Électrification africaine,head_office,DAKAR (Sénégal),1953,"Pau, 1879-Paris, 1953",afrique-occidentale-aec-1951-aof-togo-9a864d
constructionafricaine,Construction africaine,head_office,"2, Rond Point de l’Étoile, DAKAR (Sénégal)",1953,"Pau, 1879-Paris, 1953",afrique-occidentale-aec-1951-aof-togo-9a864d
energiemers,« Énergie des mers »,head_office,"130, rue du Faub.-St-Honoré, PARIS (8e)",1953,"Pau, 1879-Paris, 1953",afrique-occidentale-aec-1951-aof-togo-9a864d
entreprisesbenin,Entreprises du Bénin,head_office,COTONOU (Dahomey),1953,"Pau, 1879-Paris, 1953",afrique-occidentale-aec-1951-aof-togo-9a864d
entreprisecentreafrique,Entreprise du Centre-Afrique,capital,20 millions fr.,1953,"Pau, 1879-Paris, 1953",afrique-occidentale-aec-1951-aof-togo-9a864d
etablissementsrgonfreville,Établissements R. Gonfreville et Cie,founded_date,1943-01-01,1953,"Pau, 1879-Paris, 1953",afrique-occidentale-aec-1951-aof-togo-9a864d
foncierecoteafrique,Foncière de la Côte d'Afrique,founded_date,1929-06-18,1953,"Pau, 1879-Paris, 1953",afrique-occidentale-aec-1951-aof-togo-9a864d
francocolonialeassurances,Franco-coloniale d'assurances,head_office,"239, boulevard de la Gare, CASABLANCA (Maroc) [Serv. intercontinent",1953,"Pau, 1879-Paris, 1953",afrique-occidentale-aec-1951-aof-togo-9a864d
futsmetalliquesouestafricain,Fûts métalliques de l'Ouest Africain,capital,15 millions fr.,1953,"Pau, 1879-Paris, 1953",afrique-occidentale-aec-1951-aof-togo-9a864d
futsmetalliquesouestafricain,Fûts métalliques de l'Ouest Africain,head_office,"et usine : route de Rufisque, DAKAR",1953,"Pau, 1879-Paris, 1953",afrique-occidentale-aec-1951-aof-togo-9a864d
huileriessavonneriesouestafricain,Huileries et savonneries de l'Ouest-Africain,founded_date,1930-06-14,1953,"Pau, 1879-Paris, 1953",afrique-occidentale-aec-1951-aof-togo-9a864d
huileriessoudanaises,Huileries soudanaises,head_office,KOULIKORO (Soudan français),1953,"Pau, 1879-Paris, 1953",afrique-occidentale-aec-1951-aof-togo-9a864d
diogue,DIOGUÉ,founded_date,1927-01-25,1953,"Pau, 1879-Paris, 1953",afrique-occidentale-aec-1951-aof-togo-9a864d
diogue,DIOGUÉ,head_office,"2, rue de Clichy, PARIS (9e)[= L. Rheims et Cie, courtiers (tél",1953,"Pau, 1879-Paris, 1953",afrique-occidentale-aec-1951-aof-togo-9a864d
lesieurafrique,Lesieur-Afrique,head_office,"place Protêt (B. P. 236), DAKAR (Sénégal)",1953,"Pau, 1879-Paris, 1953",afrique-occidentale-aec-1951-aof-togo-9a864d
manufacturesafricainestabacs,Manufactures africaines de tabacs,head_office,"72, boulevard de Strasbourg, TOULOUSE [? = JOB]",1953,"Pau, 1879-Paris, 1953",afrique-occidentale-aec-1951-aof-togo-9a864d
manufacturefrancoafricainecuirs,Manufacture franco-africaine de cuirs,capital,4.500.000 fr.,1960,"Villeseque-des-Corbières, 1872-Paris, 1960",afrique-occidentale-aec-1951-aof-togo-9a864d
manufacturefrancoafricainecuirs,Manufacture franco-africaine de cuirs,head_office,"DAKAR, c/o C.F.A. O. (Sénégal)",1960,"Villeseque-des-Corbières, 1872-Paris, 1960",afrique-occidentale-aec-1951-aof-togo-9a864d
salinscapvert,Salins du Cap-Vert,founded_date,1919-01-21,1963,"Doc af., 1963",afrique-occidentale-aec-1951-aof-togo-9a864d
salinssinesaloum,Salins du Sine-Saloum,capital,24 millions fr.,1963,"Doc af., 1963",afrique-occidentale-aec-1951-aof-togo-9a864d
salinssinesaloum,Salins du Sine-Saloum,head_office,KAOLACK (Sénégal),1963,"Doc af., 1963",afrique-occidentale-aec-1951-aof-togo-9a864d
africaineexploitationbrevetseries,Société africaine d'exploitation des brevets « Eriés »,head_office,"route de Rufisque, P. K. 15 (B. P. 652), DAKAR",1963,"Doc af., 1963",afrique-occidentale-aec-1951-aof-togo-9a864d
africainegrandstravauxest,Sté africaine des Grands travaux de l'Est,founded_date,1928-03-19,1963,"Doc af., 1963",afrique-occidentale-aec-1951-aof-togo-9a864d
africainemagasinagetransit,Société africaine de Magasinage et de Transit,founded_date,1942-09-28,1963,"Doc af., 1963",afrique-occidentale-aec-1951-aof-togo-9a864d
africainemagasinagetransit,Société africaine de Magasinage et de Transit,head_office,GRAND-BASSAM (B. P. 8) (Côte-d'Ivoire),1963,"Doc af., 1963",afrique-occidentale-aec-1951-aof-togo-9a864d
africainetransportstropicaux,Société africaine des Transports tropicaux,capital,90 millions fr.,1963,"Doc af., 1963",afrique-occidentale-aec-1951-aof-togo-9a864d
alsaciennecoteivoire,Société alsacienne de la Côte-d'Ivoire,capital,56 millions fr.,1963,"Doc af., 1963",afrique-occidentale-aec-1951-aof-togo-9a864d
societeanonymedesanciensetablissementsjulesburki,Société anonyme des Anciens Établissements Jules Burki,founded_date,1933-01-03,1963,"Doc af., 1963",afrique-occidentale-aec-1951-aof-togo-9a864d
societeanonymedesanciensetablissementsjulesburki,Société anonyme des Anciens Établissements Jules Burki,capital,6.600.000 fr.,1963,"Doc af., 1963",afrique-occidentale-aec-1951-aof-togo-9a864d
societeanonymedesanciensetablissementsjulesburki,Société anonyme des Anciens Établissements Jules Burki,head_office,CONAKRY (Guinée française),1963,"Doc af., 1963",afrique-occidentale-aec-1951-aof-togo-9a864d
entreprisesmonod,Société anonyme des Entreprises A. Monod,capital,211.250.000 fr.,1963,"Doc af., 1963",afrique-occidentale-aec-1951-aof-togo-9a864d
recherchesexploitationsminierescote,Société anonyme de recherches et d'exploitations minières de la Côte,capital,60 millions fr.,1963,"Doc af., 1963",afrique-occidentale-aec-1951-aof-togo-9a864d
recherchesexploitationsminierescote,Société anonyme de recherches et d'exploitations minières de la Côte,head_office,"8, rue La-Fayette, PARIS (9e)",1963,"Doc af., 1963",afrique-occidentale-aec-1951-aof-togo-9a864d
ossude,Société anonyme Ossude,capital,300 millions fr.,1963,"Doc af., 1963",afrique-occidentale-aec-1951-aof-togo-9a864d
transittransportsafrique,Société anon. de transit et de transports en Afrique,head_office,ABIDJAN (B. P. 172) (Côte-d'Ivoire),1963,"Doc af., 1963",afrique-occidentale-aec-1951-aof-togo-9a864d
atelierschantiersmaritimesdakar,Société des ateliers et chantiers maritimes de Dakar,head_office,"admin. : 13, rue de Chateaubriand, PARIS (8e)[= 208, 250, 376]",1963,"Doc af., 1963",afrique-occidentale-aec-1951-aof-togo-9a864d
auxiliairesenegalaiseexploitationsthies,Société auxiliaire sénégalaise des exploitations de Thiès,head_office,"20, rue de Tolbiac, DAKAR (Sénégal)",1963,"Doc af., 1963",afrique-occidentale-aec-1951-aof-togo-9a864d
brasseriescoteivoire,Société des brasseries de la Côte-d'Ivoire,head_office,"Section de Bel-Air, DAKAR (Sénégal)",1963,"Doc af., 1963",afrique-occidentale-aec-1951-aof-togo-9a864d
brasseriesouestafricain,Société des Brasseries de l'Ouest africain,founded_date,1928-12-18,1963,"Doc af., 1963",afrique-occidentale-aec-1951-aof-togo-9a864d
brasseriesouestafricain,Société des Brasseries de l'Ouest africain,head_office,"Section de Bel-Air, DAKAR (Sénégal)",1963,"Doc af., 1963",afrique-occidentale-aec-1951-aof-togo-9a864d
briqueteriesbamako,Société des Briqueteries de Bamako,founded_date,1924-12-31,1963,"Doc af., 1963",afrique-occidentale-aec-1951-aof-togo-9a864d
briqueteriesbamako,Société des Briqueteries de Bamako,head_office,BAMAKO,1963,"Doc af., 1963",afrique-occidentale-aec-1951-aof-togo-9a864d
charbonniereouestafricain,Société charbonnière de l'Ouest africain,founded_date,1929-11-22,1963,"Doc af., 1963",afrique-occidentale-aec-1951-aof-togo-9a864d
colonialemateriauxartificiels,Société coloniale de matériaux artificiels,head_office,SIGUIRI (Guinée Française),1963,"Doc af., 1963",afrique-occidentale-aec-1951-aof-togo-9a864d
agenceabidjan,Agence à Abidjan,founded_date,1926-07-01,1963,"Doc af., 1963",afrique-occidentale-aec-1951-aof-togo-9a864d
diourbel,DIOURBEL,founded_date,1920-06-01,1963,"Doc af., 1963",afrique-occidentale-aec-1951-aof-togo-9a864d
industrieafrique,Société française pour l'industrie en Afrique,capital,100.000 fr.,1963,"Doc af., 1963",afrique-occidentale-aec-1951-aof-togo-9a864d
grandstravauxmarseille,Société des Grands Travaux de Marseille,capital,768.750.000 fr.,1963,"Doc af., 1963",afrique-occidentale-aec-1951-aof-togo-9a864d
grandstravauxmarseille,Société des Grands Travaux de Marseille,head_office,"25, rue de Courcelles, PARIS (8e)",1963,"Doc af., 1963",afrique-occidentale-aec-1951-aof-togo-9a864d
guineennetransports,Société guinéenne de transports,head_office,KANKAN (Guinée française),1963,"Doc af., 1963",afrique-occidentale-aec-1951-aof-togo-9a864d
guineennerecherchesexploitationsminieres,Société guinéenne de recherches et d'exploitations minières,founded_date,1936-02-15,1963,"Doc af., 1963",afrique-occidentale-aec-1951-aof-togo-9a864d
guineennerecherchesexploitationsminieres,Société guinéenne de recherches et d'exploitations minières,head_office,"35, boulevard Pinet-Laprade, DAKAR",1963,"Doc af., 1963",afrique-occidentale-aec-1951-aof-togo-9a864d
kaolack,KAOLACK,founded_date,1922-03-25,1963,"Doc af., 1963",afrique-occidentale-aec-1951-aof-togo-9a864d
immobiliereafriqueoccidentale,Société immobilière de l'Afrique Occidentale,founded_date,1933-07-17,1963,"Doc af., 1963",afrique-occidentale-aec-1951-aof-togo-9a864d
immobiliereafriqueoccidentale,Société immobilière de l'Afrique Occidentale,capital,30 millions fr.,1963,"Doc af., 1963",afrique-occidentale-aec-1951-aof-togo-9a864d
immobiliereafriqueoccidentale,Société immobilière de l'Afrique Occidentale,head_office,"177, avenue William-Ponty, DAKAR (Sénégal)",1963,"Doc af., 1963",afrique-occidentale-aec-1951-aof-togo-9a864d
immobilierecapvert,Société immobilière du Cap-Vert,capital,100 millions fr.,1963,"Doc af., 1963",afrique-occidentale-aec-1951-aof-togo-9a864d
industrielleautomobileguinee,Société industrielle et automobile de Guinée,founded_date,1934-04-05,1963,"Doc af., 1963",afrique-occidentale-aec-1951-aof-togo-9a864d
industrielleautomobileguinee,Société industrielle et automobile de Guinée,head_office,CONAKRY (Guinée française),1963,"Doc af., 1963",afrique-occidentale-aec-1951-aof-togo-9a864d
industrielleautomobilehautniger,Société industrielle et automobile du Haut-Niger,head_office,KANKAN (Guinée française),1963,"Doc af., 1963",afrique-occidentale-aec-1951-aof-togo-9a864d
portetienne,PORT-ÉTIENNE,founded_date,1919-06-05,1963,"Doc af., 1963",afrique-occidentale-aec-1951-aof-togo-9a864d
portetienne,PORT-ÉTIENNE,head_office,Port-Étienne (Mauritanie),1963,"Doc af., 1963",afrique-occidentale-aec-1951-aof-togo-9a864d
minieredahomeyniger,Société minière du Dahomey-Niger,head_office,"PERMA, par Nattingou (Dahomey)",1963,"Doc af., 1963",afrique-occidentale-aec-1951-aof-togo-9a864d
miniereniger,Société minière du Niger français,founded_date,1926-09-29,1963,"Doc af., 1963",afrique-occidentale-aec-1951-aof-togo-9a864d
parisienneindustrieelectrique,Société parisienne pour l'industrie électrique,capital,620.713.000 fr.,1963,"Doc af., 1963",afrique-occidentale-aec-1951-aof-togo-9a864d
recherchesexploitationsminieresafriquecentrale,Société de recherches et d'exploitations minières pour l'Afrique centrale,capital,10 millions fr.,1963,"Doc af., 1963",afrique-occidentale-aec-1951-aof-togo-9a864d
recherchesexploitationsminieresafriquecentrale,Société de recherches et d'exploitations minières pour l'Afrique centrale,head_office,"avenue Lamblin, ABIDJAN (Côte-d'Ivoire)",1963,"Doc af., 1963",afrique-occidentale-aec-1951-aof-togo-9a864d
senegalaiseapprovisionnements,Société sénégalaise d'approvisionnements,founded_date,1909-10-28,1963,"Doc af., 1963",afrique-occidentale-aec-1951-aof-togo-9a864d
senegalaisehuilesrufisqueh,Société sénégalaise des huiles de Rufisque (S.S.H,capital,15 millions fr.,1963,"Doc af., 1963",afrique-occidentale-aec-1951-aof-togo-9a864d
senegalaisehuilesrufisqueh,Société sénégalaise des huiles de Rufisque (S.S.H,head_office,"Route de Bel-Air, DAKAR",1963,"Doc af., 1963",afrique-occidentale-aec-1951-aof-togo-9a864d
tanneriesof,Tanneries de l'A.-O. F,capital,10 millions fr.,1963,"Doc af., 1963",afrique-occidentale-aec-1951-aof-togo-9a864d
unionchimiqueouestafricain,Union chimique de l'Ouest africain,head_office,CONAKRY (Guinée française),1963,"Doc af., 1963",afrique-occidentale-aec-1951-aof-togo-9a864d
unionelectriquecoloniale,L'Union électrique coloniale,capital,75 millions fr.,1963,"Doc af., 1963",afrique-occidentale-aec-1951-aof-togo-9a864d
unionentreprisescoloniales,Union d'entreprises coloniales,head_office,"23 bis, avenue du Général-de-Gaulle (B. P. 1288), ABIDJAN (Côte-",1963,"Doc af., 1963",afrique-occidentale-aec-1951-aof-togo-9a864d
unionhydroelectriqueafricaine,Union hydro-électrique africaine,founded_date,1927-12-27,1963,"Doc af., 1963",afrique-occidentale-aec-1951-aof-togo-9a864d
unionhydroelectriqueafricaine,Union hydro-électrique africaine,head_office,"39, avenue Kléber, PARIS (16e)",1963,"Doc af., 1963",afrique-occidentale-aec-1951-aof-togo-9a864d
unionremorqueursdakar,Union des remorqueurs de Dakar,founded_date,1947-11-13,1963,"Doc af., 1963",afrique-occidentale-aec-1951-aof-togo-9a864d
unionremorqueursdakar,Union des remorqueurs de Dakar,head_office,"1, boulevard de la Libération (B. P. 1001), DAKAR",1963,"Doc af., 1963",afrique-occidentale-aec-1951-aof-togo-9a864d
unionsenegalaiseindustriesmaritimes,Union sénégalaise d'industries maritimes,founded_date,1936-07-01,1963,"Doc af., 1963",afrique-occidentale-aec-1951-aof-togo-9a864d
unionsenegalaiseindustriesmaritimes,Union sénégalaise d'industries maritimes,capital,36 millions fr.,1963,"Doc af., 1963",afrique-occidentale-aec-1951-aof-togo-9a864d
unionsenegalaiseindustriesmaritimes,Union sénégalaise d'industries maritimes,head_office,"1, bd Pinet-Laprade, DAKAR (Sénégal)",1963,"Doc af., 1963",afrique-occidentale-aec-1951-aof-togo-9a864d
bananeriesafricaines,Bananeries africaines,founded_date,1929-03-01,1963,"Doc af., 1963",afrique-occidentale-aec-1951-aof-togo-9a864d
eliebonnetcoates,Élie Bonnet Coates,head_office,SOUBRÉ (Côte-d'Ivoire),1963,"Doc af., 1963",afrique-occidentale-aec-1951-aof-togo-9a864d
africainesisal,Cie africaine de Sisal,founded_date,1929-01-19,1963,"Doc af., 1963",afrique-occidentale-aec-1951-aof-togo-9a864d
africainesisal,Cie africaine de Sisal,head_office,"Ouyembam, par Rufisque (Sénégal)",1963,"Doc af., 1963",afrique-occidentale-aec-1951-aof-togo-9a864d
agricolecommercialeindustriellebadikaha,"Cie agricole, commerciale et industrielle de Badikaha",capital,20 millions fr.,1963,"Doc af., 1963",afrique-occidentale-aec-1951-aof-togo-9a864d
agricolecommercialeindustriellebadikaha,"Cie agricole, commerciale et industrielle de Badikaha",head_office,BADIKAHA (Côte d’Ivoire),1963,"Doc af., 1963",afrique-occidentale-aec-1951-aof-togo-9a864d
agricoleindustrielleouestafricain,Cie agricole et industrielle de l'Ouest Africain,head_office,"rue Colbert, DAKAR (Sénégal)",1963,"Doc af., 1963",afrique-occidentale-aec-1951-aof-togo-9a864d
agriculturecommerceindustrieafrique,"Cie d'agriculture, de commerce et d'industrie d'Afrique",head_office,KINDIA. (Guinée française),1963,"Doc af., 1963",afrique-occidentale-aec-1951-aof-togo-9a864d
culturescoteivoire,Cie de cultures de la Côte-d'Ivoire,founded_date,1937-12-08,1963,"Doc af., 1963",afrique-occidentale-aec-1951-aof-togo-9a864d
culturecotonniereniger,Cie de culture cotonnière du Niger,founded_date,1919-11-25,1963,"Doc af., 1963",afrique-occidentale-aec-1951-aof-togo-9a864d
culturecotonniereniger,Cie de culture cotonnière du Niger,head_office,"rue Colbert, DAKAR (Sénégal). — Représentant à PARIS : Études et de",1963,"Doc af., 1963",afrique-occidentale-aec-1951-aof-togo-9a864d
tambacounda,TAMBACOUNDA,founded_date,1925-02-11,1963,"Doc af., 1963",afrique-occidentale-aec-1951-aof-togo-9a864d
exploitationboisexotiques,Cie d'exploitation des bois exotiques,capital,2.600.000 fr.,1963,"Doc af., 1963",afrique-occidentale-aec-1951-aof-togo-9a864d
forestiereindenie,Cie forestière de l'Indénié,founded_date,1924-11-04,1963,"Doc af., 1963",afrique-occidentale-aec-1951-aof-togo-9a864d
forestieresassandra,Cie forestière de Sassandra,head_office,GRAND-LAHOU (Côte-d'Ivoire),1963,"Doc af., 1963",afrique-occidentale-aec-1951-aof-togo-9a864d
oleagineuxtropicaux,Cie générale des oléagineux tropicaux,founded_date,1948-06-22,1963,"Doc af., 1963",afrique-occidentale-aec-1951-aof-togo-9a864d
oleagineuxtropicaux,Cie générale des oléagineux tropicaux,capital,300 millions fr.,1963,"Doc af., 1963",afrique-occidentale-aec-1951-aof-togo-9a864d
togo,Cie générale du Togo,founded_date,1932-12-23,1963,"Doc af., 1963",afrique-occidentale-aec-1951-aof-togo-9a864d
togo,Cie générale du Togo,head_office,"20, boulevard Malesherbes, Paris (8e)",1963,"Doc af., 1963",afrique-occidentale-aec-1951-aof-togo-9a864d
comptoirimportationboisafricains,Comptoir d'importation des bois africains,founded_date,1931-01-01,1963,"Doc af., 1963",afrique-occidentale-aec-1951-aof-togo-9a864d
exploitationsforestieresagricolescoteivoire,Exploitations forestières et agricoles de la Côte-d'Ivoire (Anciens,founded_date,1927-11-05,1963,"Doc af., 1963",afrique-occidentale-aec-1951-aof-togo-9a864d
forestiereequatoriale,Forestière équatoriale,founded_date,1928-11-22,1963,"Doc af., 1963",afrique-occidentale-aec-1951-aof-togo-9a864d
occidentaleafricaine,L'Occidentale africaine,capital,10 millions fr.,1963,"Doc af., 1963",afrique-occidentale-aec-1951-aof-togo-9a864d
officecentralafricainproductionsagronomiquesmedicinales,Office central africain de productions agronomiques et médicinales,founded_date,1946-07-16,1963,"Doc af., 1963",afrique-occidentale-aec-1951-aof-togo-9a864d
officecentralafricainproductionsagronomiquesmedicinales,Office central africain de productions agronomiques et médicinales,capital,500.000 fr.,1963,"Doc af., 1963",afrique-occidentale-aec-1951-aof-togo-9a864d
officecentralafricainproductionsagronomiquesmedicinales,Office central africain de productions agronomiques et médicinales,head_office,GRAND-LAHOU (Côte-d'Ivoire),1963,"Doc af., 1963",afrique-occidentale-aec-1951-aof-togo-9a864d
officeniger,Office du Niger,head_office,Ségou (Soudan français),1963,"Doc af., 1963",afrique-occidentale-aec-1951-aof-togo-9a864d
sisaleraiescarburantsafricains,Sisaleraies et carburants africains,founded_date,1928-03-12,1963,"Doc af., 1963",afrique-occidentale-aec-1951-aof-togo-9a864d
agricolecommercialeindustrielleagneby,"Société agricole, commerciale et industrielle de l'Agneby",capital,12.000.000 fr.,1963,"Doc af., 1963",afrique-occidentale-aec-1951-aof-togo-9a864d
agricolecommercialeindustrielleagneby,"Société agricole, commerciale et industrielle de l'Agneby",head_office,DABOU (Côte-d'Ivoire),1963,"Doc af., 1963",afrique-occidentale-aec-1951-aof-togo-9a864d
agricolesamou,Société agricole de Samou,founded_date,1926-09-23,1963,"Doc af., 1963",afrique-occidentale-aec-1951-aof-togo-9a864d
agricolesamou,Société agricole de Samou,head_office,FRIGUIAGBÉ (Guinée française),1963,"Doc af., 1963",afrique-occidentale-aec-1951-aof-togo-9a864d
ferkessedougou,FERKESSÉDOUGOU,capital,1.500.000 fr.,1963,"Doc af., 1963",afrique-occidentale-aec-1951-aof-togo-9a864d
fruitcolonial,Société anonyme du fruit colonial français,head_office,ABIDJAN (B. P. 332) (Côte d'Ivoire),1963,"Doc af., 1963",afrique-occidentale-aec-1951-aof-togo-9a864d
plantationsguinee,Société anonyme des plantations de la Guinée française,head_office,"rue Colbert, DAKAR (Guinée française)[sic !]",1963,"Doc af., 1963",afrique-occidentale-aec-1951-aof-togo-9a864d
bananeraiesguineennes,Société des bananeraies guinéennes,founded_date,1927-11-09,1963,"Doc af., 1963",afrique-occidentale-aec-1951-aof-togo-9a864d
bananeraiesguineennes,Société des bananeraies guinéennes,head_office,Friguiagbé,1963,"Doc af., 1963",afrique-occidentale-aec-1951-aof-togo-9a864d
boisequateur,Société des bois de l'Équateur,head_office,ABIDJAN (Côte-d'Ivoire),1963,"Doc af., 1963",afrique-occidentale-aec-1951-aof-togo-9a864d
colonialeagricolecommercialeindustrielleafrique,"Société coloniale, agricole, commerciale et industrielle de l'Afrique",founded_date,1927-04-01,1963,"Doc af., 1963",afrique-occidentale-aec-1951-aof-togo-9a864d
colonialeagricolecommercialeindustrielleafrique,"Société coloniale, agricole, commerciale et industrielle de l'Afrique",head_office,"MANÉAH, par Coyah (Guinée française)",1963,"Doc af., 1963",afrique-occidentale-aec-1951-aof-togo-9a864d
commercialeagricoleditinn,Société commerciale et agricole de Ditinn,founded_date,1936-04-25,1963,"Doc af., 1963",afrique-occidentale-aec-1951-aof-togo-9a864d
commercialeagricoleditinn,Société commerciale et agricole de Ditinn,capital,2.700.000 fr.,1963,"Doc af., 1963",afrique-occidentale-aec-1951-aof-togo-9a864d
commercialeagricoleditinn,Société commerciale et agricole de Ditinn,head_office,DITINN (Guinée française),1963,"Doc af., 1963",afrique-occidentale-aec-1951-aof-togo-9a864d
commercialeagricoleguinee,Société commerciale et agricole de Guinée,head_office,KINDIA (Guinée française),1963,"Doc af., 1963",afrique-occidentale-aec-1951-aof-togo-9a864d
culturesbananeraieskinsan,Société de cultures et bananeraies du Kin-San,head_office,LINSAN (Guinée française),1963,"Doc af., 1963",afrique-occidentale-aec-1951-aof-togo-9a864d
culturesdiakandape,Société des cultures de Diakandapé,founded_date,1919-04-23,1963,"Doc af., 1963",afrique-occidentale-aec-1951-aof-togo-9a864d
culturetabacsplantationsindustrielles,Société de culture de tabacs et plantations industrielles,head_office,"19, avenue Maginot",1963,"Doc af., 1963",afrique-occidentale-aec-1951-aof-togo-9a864d
etudesgestionecoloniales,Société d'études et de gestione coloniales,founded_date,1937-10-25,1963,"Doc af., 1963",afrique-occidentale-aec-1951-aof-togo-9a864d
etudesgestionecoloniales,Société d'études et de gestione coloniales,capital,1.500.000 fr.,1963,"Doc af., 1963",afrique-occidentale-aec-1951-aof-togo-9a864d
aboisso,ABOISSO,founded_date,1929-10-07,1963,"Doc af., 1963",afrique-occidentale-aec-1951-aof-togo-9a864d
exploitationproduitscoloniauxabidjancote,"Société d'exploitation de produits coloniaux, ABIDJAN (Côte",founded_date,1927-03-14,1963,"Doc af., 1963",afrique-occidentale-aec-1951-aof-togo-9a864d
foretstropicales,Société des forêts tropicales,head_office,"avenue du Général-de-Gaulle, DOUALA (Cameroun)",1963,"Doc af., 1963",afrique-occidentale-aec-1951-aof-togo-9a864d
cafescoteivoire,Société française des Cafés de la Côte-d'Ivoire,head_office,GAGNOA (Côte-d'Ivoire),1963,"Doc af., 1963",afrique-occidentale-aec-1951-aof-togo-9a864d
aboisso,ABOISSO,founded_date,1919-12-01,1963,"Doc af., 1963",afrique-occidentale-aec-1951-aof-togo-9a864d
koba,Société du Koba,head_office,"TATEMA (Koba), cercle de Boffa (Guinée française)",1963,"Doc af., 1963",afrique-occidentale-aec-1951-aof-togo-9a864d
eloka,ELOKA,founded_date,1927-07-28,1963,"Doc af., 1963",afrique-occidentale-aec-1951-aof-togo-9a864d
aboisso,ABOISSO,founded_date,1926-01-12,1963,"Doc af., 1963",afrique-occidentale-aec-1951-aof-togo-9a864d
plantationsiequateur,Société des plantations de I'Équateur,founded_date,1940-05-15,1963,"Doc af., 1963",afrique-occidentale-aec-1951-aof-togo-9a864d
plantationsiequateur,Société des plantations de I'Équateur,capital,200.000 fr.,1963,"Doc af., 1963",afrique-occidentale-aec-1951-aof-togo-9a864d
plantationshuileriesbingerville,Société des plantations et huileries de Bingerville,founded_date,1926-01-02,1963,"Doc af., 1963",afrique-occidentale-aec-1951-aof-togo-9a864d
plantationshuileriesbingerville,Société des plantations et huileries de Bingerville,head_office,BINGERVILLE (Côte-d'Ivoire),1963,"Doc af., 1963",afrique-occidentale-aec-1951-aof-togo-9a864d
plantationssorotona,Société des plantations de Sorotona,founded_date,1928-11-27,1963,"Doc af., 1963",afrique-occidentale-aec-1951-aof-togo-9a864d
plantationstanoe,Société des plantations de la Tanoé,founded_date,1923-04-18,1963,"Doc af., 1963",afrique-occidentale-aec-1951-aof-togo-9a864d
dabou,DABOU,founded_date,1920-05-27,1963,"Doc af., 1963",afrique-occidentale-aec-1951-aof-togo-9a864d
yoniakolentekolente,"« La Yonia Kolenté », KOLENTÉ",founded_date,1930-01-06,1963,"Doc af., 1963",afrique-occidentale-aec-1951-aof-togo-9a864d
yoniakolentekolente,"« La Yonia Kolenté », KOLENTÉ",capital,2.700.000 fr.,1963,"Doc af., 1963",afrique-occidentale-aec-1951-aof-togo-9a864d
yoniakolentekolente,"« La Yonia Kolenté », KOLENTÉ",head_office,"St-Louis [298, col. 2] (Sénégal). Comptoirs à",1951,"Orléans, 19 août 1872-Sceaux, 11 août 1951",afrique-occidentale-aec-1951-aof-togo-9a864d
africainecommerce,Compagnie Africaine de Commerce,head_office,que la société anonyme,1920,"La Journée industrielle, 10 août 1920",afrique-occidentale-africaine-de-commerce-c36cd3
africainecommerce,Compagnie Africaine de Commerce,capital,15 millions francs,1920,"Cote de la Bourse et de la banque, 18 août 1920",afrique-occidentale-africaine-de-commerce-c36cd3
africainecommerce,Compagnie africaine de commerce,founded_date,1920-07-16,1922,"AEC 1922, p. 92",afrique-occidentale-africaine-de-commerce-c36cd3
africainecommerce,Compagnie africaine de commerce,head_office,est à,1923,"La Journée industrielle, 8 août 1923",afrique-occidentale-africaine-de-commerce-c36cd3
africainecommerce,Compagnie africaine de commerce,head_office,est à,1924,"La Journée industrielle, 1er mai 1924",afrique-occidentale-africaine-de-commerce-c36cd3
africainecommerce,Compagnie africaine de commerce,capital,15.000.000 francs,1925,"La Journée industrielle, 17 juin 1925",afrique-occidentale-africaine-de-commerce-c36cd3
africainecommerce,Compagnie africaine de commerce,head_office,"est à Paris, 12, rue",1925,"La Journée industrielle, 17 juin 1925",afrique-occidentale-africaine-de-commerce-c36cd3
africaine,L'Africaine française,head_office,"à Paris, 32",1910,"La Cote de la Bourse et de la banque, 23 mai 1910",afrique-occidentale-africaine-francaise-c31f8d
africaine,L'Africaine française,capital,1.850.000 fr.,1912,"Les Annales coloniales, 13 janvier 1912",afrique-occidentale-africaine-francaise-c31f8d
africaine,L'Africaine française,head_office,"41, rue Godot-de-Mauroy. Actions d'apport : 2.140. Parts de",1912,"Les Annales coloniales, 13 janvier 1912",afrique-occidentale-africaine-francaise-c31f8d
africaine,L'Africaine française,head_office,"est à Paris, 41, rue Godot-de-Mauroy, a tenu",1921,"La Journée industrielle, 14 décembre 1921",afrique-occidentale-africaine-francaise-c31f8d
africaine,L'Africaine française,head_office,"est à Paris, 41, rue Godot-de-Mauroy, a tenu",1922,"Bulletin mensuel de l’Agence économique de l’AOF, janvier 1922, p. 23",afrique-occidentale-africaine-francaise-c31f8d
africaine,L'Africaine française,head_office,"Paris, rue Godot-de-Mauroy, no 41",1925,"Les Annales coloniales, 18 juin 1925",afrique-occidentale-africaine-francaise-c31f8d
africaine,L'Africaine française,capital,2.200.000 fr.,1926,"La Journée industrielle, 23 novembre 1926",afrique-occidentale-africaine-francaise-c31f8d
africaine,L'Africaine française,capital,2.200.000 fr.,1927,"La Cote de la Bourse et de la banque, 29 juin 1927",afrique-occidentale-africaine-francaise-c31f8d
africaine,L'Africaine française,head_office,"41, r. Godot-de-Mauroy, Paris, 9e. T. Gut",1938,Annuaire industriel 1938,afrique-occidentale-africaine-francaise-c31f8d
africaine,L'Africaine française,capital,6.000.000 francs,1929,"Le Journal des débats, 29 mars 1929",afrique-occidentale-africaine-francaise-c31f8d
africaine,L'Africaine française,head_office,chez,1929,"La Journée industrielle, 28 juin 1929",afrique-occidentale-africaine-francaise-c31f8d
africaine,L'Africaine française,capital,7.400.000 fr.,1933,"Le Figaro, 9 février 1933",afrique-occidentale-africaine-francaise-c31f8d
africaine,L'Africaine française,capital,7.600.000 fr.,1937,"L’Information financière, économique et politique, 18 novembre 1937",afrique-occidentale-africaine-francaise-c31f8d
africaine,L'Africaine française,capital,7.600.000 fr.,1938,"L’Information financière, économique et politique, 28 mai 1938",afrique-occidentale-africaine-francaise-c31f8d
africaine,L'Africaine française,founded_date,1910-05-06,1951,"AEC 1951, p. 182",afrique-occidentale-africaine-francaise-c31f8d
africaine,L'Africaine française,capital,114 millions francs,1951,"AEC 1951, p. 182",afrique-occidentale-africaine-francaise-c31f8d
bernard,BERNARD,head_office,Dabou,1925,"ANNUAIRE INDUSTRIEL, 1925",afrique-occidentale-ann-indus-1925-aof-2ae958
chichignoud,CHICHIGNOUD,head_office,: Fatick (Sénégal),1925,"ANNUAIRE INDUSTRIEL, 1925",afrique-occidentale-ann-indus-1925-aof-2ae958
nationalecommerce,Cie Nationale de COMMERCE,head_office,"54, rue de",1925,"ANNUAIRE INDUSTRIEL, 1925",afrique-occidentale-ann-indus-1925-aof-2ae958
coteafrique,CÔTE D'AFRIQUE,head_office,Dakar. Soc. an. au cap. de 3.400.000 fr. Conseil,1925,"ANNUAIRE INDUSTRIEL, 1925",afrique-occidentale-ann-indus-1925-aof-2ae958
exportation,EXPORTATION,head_office,Grand-Bassam (Côte-,1925,"ANNUAIRE INDUSTRIEL, 1925",afrique-occidentale-ann-indus-1925-aof-2ae958
fontaineetabl,FONTAINE (Les Établ. L,head_office,"67, bd",1925,"ANNUAIRE INDUSTRIEL, 1925",afrique-occidentale-ann-indus-1925-aof-2ae958
grandepeche,GRANDE-PÉCHE,head_office,et exploitation : Port-,1925,"ANNUAIRE INDUSTRIEL, 1925",afrique-occidentale-ann-indus-1925-aof-2ae958
hortala,HORTALA,head_office,"Rufisque (Sénégal). Comptoirs : Sénégal : Dakar, Rufisque",1925,"ANNUAIRE INDUSTRIEL, 1925",afrique-occidentale-ann-indus-1925-aof-2ae958
macinaniger,MACINA-NIGER,capital,2.000.000 fr.,1925,"ANNUAIRE INDUSTRIEL, 1925",afrique-occidentale-ann-indus-1925-aof-2ae958
messageriesafricaines,MESSAGERIES AFRICAINES,head_office,d'exploit. : Mahina. Mines : Sénégal,1925,"JORF, 17 janvier 1925",afrique-occidentale-ann-indus-1925-aof-2ae958
minierefoncierebandama,MINIÈRE ET FONCIÈRE DU BANDAMA,capital,8.800.000 fr.,1925,"JORF, 17 janvier 1925",afrique-occidentale-ann-indus-1925-aof-2ae958
occidentaleafricaine,L'OCCIDENTALE AFRICAINE,capital,1.000.000 fr.,1925,"JORF, 17 janvier 1925",afrique-occidentale-ann-indus-1925-aof-2ae958
palmeraiesafricaines,PALMERAIES AFRICAINES,head_office,"Paris : 29, r. de Clichy, 9e. Direction d'Afrique",1925,"JORF, 17 janvier 1925",afrique-occidentale-ann-indus-1925-aof-2ae958
regnault,REGNAULT,head_office,Rufisque (Sénégal). Ad. t. Regnault-,1925,"JORF, 17 janvier 1925",afrique-occidentale-ann-indus-1925-aof-2ae958
salinssinesaloum,SALINS DU SINÉ SALOUM,capital,2.000.000 fr.,1925,"JORF, 17 janvier 1925",afrique-occidentale-ann-indus-1925-aof-2ae958
scieriesafricaines,Cie des SCIERIES AFRICAINES,head_office,"161, fbg St-Honoré, Paris, 8e. T",1925,"JORF, 17 janvier 1925",afrique-occidentale-ann-indus-1925-aof-2ae958
thorthoresen,Compagnie THOR THORESEN,capital,500.000 francs,1925,"JORF, 17 janvier 1925",afrique-occidentale-ann-indus-1925-aof-2ae958
africaine,L'AFRICAINE FRANÇAISE,head_office,"41, r. Godot-de-Mauroy, Paris, 9e. T. Gut",1938,"ANNUAIRE INDUSTRIEL, 1938",afrique-occidentale-ann-indus-1938-aof-4cb9be
agricoleguinee,Compagnie AGRICOLE DE GUINÉE,head_office,"3, r. du",1938,"ANNUAIRE INDUSTRIEL, 1938",afrique-occidentale-ann-indus-1938-aof-4cb9be
africainearmement,Cie Africaine d'ARMEMENT,head_office,Dakar (Sénégal). Code : Cogef Lugagne. Soc. an,1938,"ANNUAIRE INDUSTRIEL, 1938",afrique-occidentale-ann-indus-1938-aof-4cb9be
chavanel,CHAVANEL,capital,1.000.000 francs,1938,"ANNUAIRE INDUSTRIEL, 1938",afrique-occidentale-ann-indus-1938-aof-4cb9be
coteafrique,CÔTE D'AFRIQUE,head_office,Grand-Bassam (Côte-d'Ivoire). Ad. t. Jacor-Grand-Bassam. Soc. an. au cap. de,1938,"ANNUAIRE INDUSTRIEL, 1938",afrique-occidentale-ann-indus-1938-aof-4cb9be
hirschctlaurentelevel,"Hirsch, Ct Laurent, E. Level",head_office,au Soudan,1938,"ANNUAIRE INDUSTRIEL, 1938",afrique-occidentale-ann-indus-1938-aof-4cb9be
fontaine,FONTAINE,head_office,et d’exploitaiton : Grand-Lahou,1938,"ANNUAIRE INDUSTRIEL, 1938",afrique-occidentale-ann-indus-1938-aof-4cb9be
gauthier,GAUTHIER,head_office,et exploitation : Port-,1938,"ANNUAIRE INDUSTRIEL, 1938",afrique-occidentale-ann-indus-1938-aof-4cb9be
huileriesafricaines,HUILERIES AFRICAINES,head_office,usine et,1938,"ANNUAIRE INDUSTRIEL, 1938",afrique-occidentale-ann-indus-1938-aof-4cb9be
macinaniger,MACINA-NIGER,capital,1.627.000 francs,1938,"ANNUAIRE INDUSTRIEL, 1938",afrique-occidentale-ann-indus-1938-aof-4cb9be
messageriesafricaines,MESSAGERIES AFRICAINES,head_office,"Mahina. Mines : Sénégal, Soudan",1938,"ANNUAIRE INDUSTRIEL, 1938",afrique-occidentale-ann-indus-1938-aof-4cb9be
navigationpaquet,Cie de NAVIGATION PAQUET,head_office,"106, r. de Richelieu, Paris",1938,"ANNUAIRE INDUSTRIEL, 1938",afrique-occidentale-ann-indus-1938-aof-4cb9be
bordelaisecomptoirsafricains,Compagnie Bordelaise des Comptoirs africains,capital,1.000.000 fr.,,,afrique-occidentale-bordelaise-comptoirs-afric-5b6c0b
bordelaisecomptoirsafricains,Compagnie Bordelaise des Comptoirs africains,head_office,Paris,,,afrique-occidentale-bordelaise-comptoirs-afric-5b6c0b
bordelaisecomptoirsafricains,Compagnie Bordelaise des Comptoirs africains,head_office,"est à Paris, rue Vignon, no 3, en",1909,"La Loi, 17 juin 1909",afrique-occidentale-bordelaise-comptoirs-afric-5b6c0b
bordelaisecomptoirsafricains,Compagnie Bordelaise des Comptoirs africains,head_office,"provisoire à Paris, 62",1909,"La Cote de la Bourse et de la banque, 18 juin 1909",afrique-occidentale-bordelaise-comptoirs-afric-5b6c0b
bordelaisecomptoirsafricains,Compagnie Bordelaise des Comptoirs africains,head_office,"24, cours du Pavé-des-Chartrons — 2 oct",1909,"Les Archives commerciales de la France, 30 octobre 1909",afrique-occidentale-bordelaise-comptoirs-afric-5b6c0b
bordelaisecomptoirsafricains,Compagnie Bordelaise des Comptoirs africains,head_office,"Paris, rue Vignon, 3, représentée par la Compagnie bordelaise des",1912,"Les Annales coloniales, 4 juillet 1912",afrique-occidentale-bordelaise-comptoirs-afric-5b6c0b
bordelaisecomptoirsafricains,Compagnie Bordelaise des Comptoirs africains,capital,3.500.000 fr.,1914,"La Dépêche coloniale, 13 janvier 1914",afrique-occidentale-bordelaise-comptoirs-afric-5b6c0b
bordelaisecomptoirsafricains,Compagnie Bordelaise des Comptoirs africains,head_office,Bordeaux,1914,"La Dépêche coloniale, 13 janvier 1914",afrique-occidentale-bordelaise-comptoirs-afric-5b6c0b
bordelaisecomptoirsafricains,Compagnie Bordelaise des Comptoirs africains,head_office,"Bordeaux, 15, rue Vauban",1919,"BALO, 22 septembre 1919",afrique-occidentale-bordelaise-comptoirs-afric-5b6c0b
bordelaisecomptoirsafricains,Compagnie Bordelaise des Comptoirs africains,head_office,Paris,1920,"BALO, 28 juin 1920",afrique-occidentale-bordelaise-comptoirs-afric-5b6c0b
bordelaisecomptoirsafricains,Compagnie Bordelaise des Comptoirs africains,capital,15 millions francs,1921,"Les Annales coloniales, 7 novembre 1921",afrique-occidentale-bordelaise-comptoirs-afric-5b6c0b
bordelaisecomptoirsafricains,Compagnie Bordelaise des Comptoirs africains,head_office,"de la société, à",1921,"Les Annales coloniales, 7 novembre 1921",afrique-occidentale-bordelaise-comptoirs-afric-5b6c0b
bordelaisecomptoirsafricains,Cie bordelaise des comptoirs africains,founded_date,1923-03-28,1924,"Les Annales coloniales, 8 août 1924",afrique-occidentale-bordelaise-comptoirs-afric-5b6c0b
niger,Compagnie du Niger français,capital,1 100.000 francs,1913,"La Cote de la Bourse et de la banque, 24 septembre 1913",afrique-occidentale-cie-du-niger-francais-b5e422
niger,Compagnie du Niger français,head_office,"Paris, 53, rue du Château-d’Eau, avant Ie 20 octobre. — La Loi, 18",1913,"La Cote de la Bourse et de la banque, 24 septembre 1913",afrique-occidentale-cie-du-niger-francais-b5e422
niger,Compagnie du Niger français,head_office,"est à Paris, rue de Châteaudun, 28",1913,"La Loi, 10 octobre 1913",afrique-occidentale-cie-du-niger-francais-b5e422
niger,Compagnie du Niger français,capital,1.100.000 fr.,1913,"La Cote de la Bourse et de la banque, 11 octobre 1913",afrique-occidentale-cie-du-niger-francais-b5e422
niger,Compagnie du Niger français,head_office,"Paris, 53, rue du Château-d'Eau. — Conseil",1913,"La Cote de la Bourse et de la banque, 11 octobre 1913",afrique-occidentale-cie-du-niger-francais-b5e422
niger,Compagnie du Niger français,founded_date,1913-09-15,1915,"L'Écho de Paris, 17 octobre 1915",afrique-occidentale-cie-du-niger-francais-b5e422
niger,Compagnie du Niger français,capital,1.100.000 fr.,1924,"La Journée industrielle, 4 mars 1924",afrique-occidentale-cie-du-niger-francais-b5e422
niger,Compagnie du Niger français,head_office,"est à Paris, 11, rue Jean-",1924,"La Journée industrielle, 4 mars 1924",afrique-occidentale-cie-du-niger-francais-b5e422
niger,Compagnie du Niger français,capital,7.425.000 francs,1926,"Les Annales coloniales, 7 mai 1926",afrique-occidentale-cie-du-niger-francais-b5e422
niger,Compagnie du Niger français,head_office,"transféré du 48, rue de Paradis, au 87, rue",1930,"La Journée industrielle, 31 octobre 1930",afrique-occidentale-cie-du-niger-francais-b5e422
niger,Compagnie du Niger français,founded_date,1913-09-15,1941,"Le Phare de la Loire, 1er février 1941",afrique-occidentale-cie-du-niger-francais-b5e422
niger,Compagnie du Niger français,head_office,"131, boulevard Pinet-Laprade, DAKAR [= Nouvelle Société commerciale",1941,"Le Phare de la Loire, 1er février 1941",afrique-occidentale-cie-du-niger-francais-b5e422
senegalcoteoccidentaleafrique,Compagnie du Sénégal et de la Côte occidentale d'Afrique,capital,15.000.000 francs,,,afrique-occidentale-compagnie-du-senegal-verminck-00fc9f
senegalcoteoccidentaleafrique,Compagnie du Sénégal et de la Côte occidentale d'Afrique,head_office,"est à Paris, 28, avenue de l’Opéra",,,afrique-occidentale-compagnie-du-senegal-verminck-00fc9f
senegalcoteoccidentaleafrique,Compagnie du Sénégal et de la Côte occidentale d'Afrique,capital,15.000.000 fr.,1882,"Le Messager de Paris, 4 mars 1882, p. 2-3",afrique-occidentale-compagnie-du-senegal-verminck-00fc9f
senegalcoteoccidentaleafrique,Compagnie du Sénégal et de la Côte occidentale d'Afrique,head_office,"est à Paris, il est établi provisoirement, 26, avenue de l’Opéra. Il",1882,"Le Messager de Paris, 4 mars 1882, p. 2-3",afrique-occidentale-compagnie-du-senegal-verminck-00fc9f
senegalcoteoccidentaleafrique,Compagnie du Sénégal et de la Côte occidentale d'Afrique,head_office,"de la Compagnie, 42, rue de l'Arsenal",1884,"Le Sémaphore de Marseille, 3 août 1884",afrique-occidentale-compagnie-du-senegal-verminck-00fc9f
senegalcoteoccidentaleafrique,Compagnie du Sénégal et de la Côte occidentale d'Afrique,head_office,"Paris, avenue de l'Opéra, no 28, et une maison de commerce à Marseille, rue de",1885,"Le Sémaphore de Marseille, 28 juillet 1885, p. 3-4",afrique-occidentale-compagnie-du-senegal-verminck-00fc9f
senegalcoteoccidentaleafrique,Compagnie du Sénégal et de la Côte occidentale d'Afrique,capital,7.000.000 fr.,1887,"Le Sémaphore de Marseille, 9 juin 1887, p. 4",afrique-occidentale-compagnie-du-senegal-verminck-00fc9f
senegalcoteoccidentaleafrique,Compagnie du Sénégal et de la Côte occidentale d'Afrique,head_office,à Paris,1887,"Le Sémaphore de Marseille, 9 juin 1887, p. 4",afrique-occidentale-compagnie-du-senegal-verminck-00fc9f
afrique,Compagnie Générale de l'Afrique française,head_office,Grand-Bassam,1907,"Archives commerciales de la France, 5 octobre 1907",afrique-occidentale-generale-afrique-frse-ff46ab
afrique,Compagnie Générale de l'Afrique française,head_office,Bordeaux,1910,"Archives commerciales de la France, 30 avril 1910",afrique-occidentale-generale-afrique-frse-ff46ab
afrique,Compagnie Générale de l'Afrique française,head_office,"est à Bordeaux, cours du Jardin-Public, no 46, formée entre",1911,"Les Annales coloniales, 12 janvier 1911",afrique-occidentale-generale-afrique-frse-ff46ab
afrique,Compagnie Générale de l'Afrique française,capital,5.000.000 francs,1911,"La Cote de la Bourse et de la banque,2 octobre 1911",afrique-occidentale-generale-afrique-frse-ff46ab
afrique,Compagnie Générale de l'Afrique française,head_office,"9, place du",1911,"La Cote de la Bourse et de la banque,2 octobre 1911",afrique-occidentale-generale-afrique-frse-ff46ab
afrique,Compagnie Générale de l'Afrique française,capital,3.000.000 fr.,1912,"Les Annales coloniales, 27 février 1912",afrique-occidentale-generale-afrique-frse-ff46ab
afrique,Compagnie Générale de l'Afrique française,head_office,"et le bureau de Paris, tant en ce",1912,"Les Annales coloniales, 27 février 1912",afrique-occidentale-generale-afrique-frse-ff46ab
afrique,Compagnie Générale de l'Afrique française,capital,3.000.000 fr.,1912,"Les Annales coloniales, 3 février 1912",afrique-occidentale-generale-afrique-frse-ff46ab
afrique,Compagnie Générale de l'Afrique française,head_office,"82, rue Saint-Lazare, Paris",1912,"Les Annales coloniales, 3 février 1912",afrique-occidentale-generale-afrique-frse-ff46ab
afrique,Compagnie Générale de l'Afrique française,head_office,"à Paris, 12, rue de Clichy, sous la présidence de M. Charles Halais",1912,"Les Annales coloniales, 31 octobre 1912",afrique-occidentale-generale-afrique-frse-ff46ab
afrique,Compagnie Générale de l'Afrique française,head_office,"9, pl. du Champ-de-Mars, à Bordeaux, siège administratif, 12",1912,"Les Archives commerciales de la France, 20 novembre 1912",afrique-occidentale-generale-afrique-frse-ff46ab
afrique,Compagnie Générale de l'Afrique française,head_office,"4, rue Esprit-des-Lois, à Bordeaux",1913,"Les Annales coloniales, 10 juin 1913",afrique-occidentale-generale-afrique-frse-ff46ab
afrique,Compagnie Générale de l'Afrique française,head_office,"12, rue de",1913,"Les Annales coloniales, 11 octobre 1913",afrique-occidentale-generale-afrique-frse-ff46ab
afrique,Compagnie Générale de l'Afrique française,capital,5.000.000 fr.,1920,"La Vie financière, 22 juillet 1920",afrique-occidentale-generale-afrique-frse-ff46ab
afrique,Compagnie Générale de l'Afrique française,head_office,chez nos banquiers :,1920,"La Vie financière, 22 juillet 1920",afrique-occidentale-generale-afrique-frse-ff46ab
afrique,Compagnie Générale de l'Afrique française,capital,15 millions francs,1920,"La Journée industrielle, 16 septembre 1920",afrique-occidentale-generale-afrique-frse-ff46ab
afrique,Compagnie Générale de l'Afrique française,head_office,"à Bordeaux, soit au Crédit commercial",1920,"La Journée industrielle, 16 septembre 1920",afrique-occidentale-generale-afrique-frse-ff46ab
afrique,Compagnie Générale de l'Afrique française,head_office,social,1921,"La Journée industrielle, 23 juin 1921",afrique-occidentale-generale-afrique-frse-ff46ab
afrique,Cie générale de l'Afrique française (anciens Établissements,founded_date,1911-07-07,1922,"AEC 1922, p. 104",afrique-occidentale-generale-afrique-frse-ff46ab
comptoirsafricains,Compagnie Générale des Comptoirs africains,capital,60.000.000 francs,1921,"Bulletin mensuel de l’Agence économique de l’AOF, 1921, p. 184-186",afrique-occidentale-generale-comptoirs-afric-45bd26
comptoirsafricains,Compagnie Générale des Comptoirs africains,head_office,"59, rue Saint-Lazare, Paris, IXe",1921,"Bulletin mensuel de l’Agence économique de l’AOF, 1921, p. 184-186",afrique-occidentale-generale-comptoirs-afric-45bd26
comptoirsafricains,Compagnie Générale des Comptoirs africains,head_office,à Paris,1921,"La Cote de la Bourse et de la banque, 11 octobre 1921",afrique-occidentale-generale-comptoirs-afric-45bd26
comptoirsafricains,Cie générale des comptoirs africains,founded_date,1921-09-22,1922,"AEC 1922, p. 105",afrique-occidentale-generale-comptoirs-afric-45bd26
comptoirsafricains,Cie générale des comptoirs africains,head_office,"6, Marignan. — 18 mars 1924. — Petites Affiches",1924,"Les Archives commerciales de la France, 3 décembre 1924",afrique-occidentale-generale-comptoirs-afric-45bd26
omniumfrancoafricain,Omnium franco-africain,capital,500.000 fr.,1924,"Le Courrier, 3 avril 1924",afrique-occidentale-omnium-franco-africain-d7fd80
omniumfrancoafricain,Omnium franco-africain,capital,500.000 fr.,1924,"La Journée industrielle, 22 avril 1924",afrique-occidentale-omnium-franco-africain-d7fd80
omniumfrancoafricain,Omnium franco-africain,head_office,"est à Paris, 14, rue Vézelay",1924,"La Journée industrielle, 22 avril 1924",afrique-occidentale-omnium-franco-africain-d7fd80
omniumfrancoafricain,Omnium franco-africain,founded_date,1924-02-29,1925,"Journal officiel du Cameroun, 15 octobre 1925",afrique-occidentale-omnium-franco-africain-d7fd80
omniumfrancoafricain,Omnium franco-africain,head_office,"14, rue Vézelay, à Paris",1925,"Journal officiel du Cameroun, 15 octobre 1925",afrique-occidentale-omnium-franco-africain-d7fd80
omniumfrancoafricain,Omnium franco-africain,head_office,de la société,1929,"BALO, 13 mai 1929",afrique-occidentale-omnium-franco-africain-d7fd80
omniumfrancoafricain,Omnium franco-africain,head_office,129.040 50,1929,"L'Événement, 17 juillet 1929",afrique-occidentale-omnium-franco-africain-d7fd80
omniumfrancoafricain,Omnium franco-africain,capital,3.000.000 francs,1933,"Les Annales coloniales, 6 novembre 1933",afrique-occidentale-omnium-franco-africain-d7fd80
omniumfrancoafricain,Omnium franco-africain,head_office,"Paris, 14, rue Vézelay ci-devant et actuellement même ville ,16, rue Baron (juge",1933,"Les Annales coloniales, 6 novembre 1933",afrique-occidentale-omnium-franco-africain-d7fd80
