company_id_1,company_id_2,period,weight,shared_directors
plantationscaoutchoucsumatra,tapanoelie,1914_1929,10,bernard-j; cavadia-j; cavadia-t; donnet-l; engeringh-c; laloux-h; osterrieth-p; thys-e; van-romburgh-p; vereecken-h
distilleriesindochine,marchandisescoursroute,1914_1929,8,boyaval-l; calmette; chapsal-f; d-hericourt-s; fontaine-a; homberg-o; perreau-g; thion-de-la-chaume
energieelectriqueindochinoise,tramways,1914_1929,8,allain; allain-m; baron-r; chaumier; dervieu; dervieu-p; hermenier; hermenier-g
administration,indochinoiseculturestropicales,1914_1929,7,d-ursel-a; d-ursel-f; de-laboulaye-e; deschars-l; guesde-p; rueff-g; vannier-j
kalitengah,plantationscaoutchoucsumatra,1914_1929,7,bernard-j; cavadia-t; donnet-l; engeringh-c; laloux-h; osterrieth-p; vereecken-h
kalitengah,tapanoelie,1914_1929,7,bernard-j; cavadia-t; donnet-l; engeringh-c; laloux-h; osterrieth-p; vereecken-h
dragages,dragagestravauxpublics,1914_1929,6,homberg-o; parmentier-direct-leroy; rio-grande-do-sul-ateliers-mytho; rio-grande-do-sul-entreprises-generales-de-travaux; simonin-agences-a-saigon; vidal-commissaires-mm-evrard-p
energieelectriqueindochinoise,indochinoiseelectricite,1914_1929,6,allain; chaumier; devaux-p; hermenier; homberg-o; plante-a
indochinoisecommerceagriculturefinance,sicaf,1914_1929,6,blaess-w; censeur-bfci; e-lambert; fontaine-l; lionel-marie-frere-de-mme-pierre-dejardin-verkinde; poirson-c
commercialeindochine,rizeriesindochinoises,1914_1929,6,ed-worms; michel-c; rauzy-p; ville-e; ville-p; worms-e
chargeursextremeorient,extremeorient,1914_1929,6,audinet-j; charbonnel; fonderies-de-pont-a-mousson; jeancard; laurent; raverat
denisfreresbordeaux,denisfreresindochine,1914_1929,5,benquey-m; de-ferry-f; denis-a; denis-e; rousseau-h
electricite,indochinoiseelectricite,1914_1929,5,allain; homberg-o; mettetal-f; p-devaux; plante-a
commercenavigationextremeorient,succursalemarseille,1914_1929,5,bloch-a; fernandez-g; gigon-papin-r; hoffet-h; launay-l
laquesindochinoises,laquesindochinoisesboulogneseine,1914_1929,5,bedat; chauviere; hermenier; mezieres-c; simoni-p
industrielleexportationextremeorient,mmhbaudonmonygrenierjchaussonpboyegpincemin,1914_1929,5,boye-p; gouvy; klehe-r; millie-g; pincemin
indochinoiseverrerieproduitschimiques,indochinoiseverrerieproduitschimiquescongmy,1914_1929,5,barondeau-g; carpentier-m; houtart-c; houtart-f; valtat-r
indochinoiseculturestropicales,plantationskantroioukantroy,1914_1929,5,deschars-l; guesde-p; lejeune-c; rheims-j; rueff-g
fonciereindochine,rizicolesoctrang,1914_1929,5,blanchard; jean-duclos-j; lasseigne-l; mazet-e; mazet-j
algemeenebelgischjavaschcultuurmaatschappij,belgischnederlandschecultuurmaatschappij,1914_1929,5,buffet-p; de-decker-r; fuchs-l; lionel-marie-j; veltman-k
pecheriesindustriellesindochinesaigon,unionindochinoiseouunionindochinoise,1914_1929,5,bec-a; canque; cluzeau-b; gysin-a; porte
agencecollectiverepresentationsindustriellescommerciales,agencecollectiverepresentationsindustriellesindochine,1914_1929,4,cassagnavere-p; henry; mayer; terquem-e
banqueindochine,tabacsindochine,1914_1929,4,homberg; simon; simon-s; stern
dragages,indochinoiseelectricite,1914_1929,4,g-hermenier; homberg-o; p-devaux; plante-a
eauxelectriciteindochine,indochinoiseelectricite,1914_1929,4,allain; g-hermenier; homberg-o; p-devaux
internationaleplantationsfinanceactionnairesicaf,sicaf,1914_1929,4,blaess-w; estates-agency-r; malim-rubber-c-t; poirson-c
distilleriesiindochine,distilleriesindochine,1914_1929,4,chapsal-f; d-hericourt-s; fontaine-l; thion-de-la-chaume
agricoleindustrielletourcham,hautsplateauxindochinois,1914_1929,4,jessula-d; jessula-j; launay-l; lis-a
colonialegrandsmagasins,unioncommercialeindochinoiseafricaine,1914_1929,4,estier-h; hecquet-g; vigne-g; vigne-j
huileriesavonnerieextremeorient,rizeriesextremeorient,1914_1929,4,duclos; e-ville; rauzy-p; ville-p
rizeriesextremeorient,rizeriesindochinoises,1914_1929,4,gigandet-e; rauzy-p; ville-p; worms-e
francoannamitetextileexportation,manufacturecouverturestonkin,1914_1929,4,chavent; cotte-a; cotte-p; emery
candlot,caoutchoucsindochine,1914_1929,4,clerc-l; f-b; p-cibot; r-thion-de-la-chaume
chauxhydrauliqueslangtho,cimentsportlandartificielsindochine,1914_1929,4,candlot-e; e-candlot; r-ferrant; r-thion-de-la-chaume
plantationsheveaspreckchlongouprekchlong,saigonnaisenavigationtransport,1914_1929,4,de-laboulaye-e; guesde-p; rueff-g; triadou-c
saigonnaisenavigationtransport,transportsautomobilescentreannam,1914_1929,4,guesde-p; lambert-l; rueff-g; triadou-c
allumettes,indochinoiseallumettes,1914_1929,4,fabre; genasi-a; herold-w; mange-f
administration,plantationsheveaspreckchlongouprekchlong,1914_1929,4,d-ursel-f; de-laboulaye-e; guesde-p; rueff-g
indochinoiseculturestropicales,plantationsheveaspreckchlongouprekchlong,1914_1929,4,d-ursel-f; de-laboulaye-e; guesde-p; rueff-g
indochinoiseculturestropicales,unionelectriqueindochine,1914_1929,4,de-chambure-h; de-flers-f; furiet-c; guesde-p
fonciereindochine,transportsautomobilescentreannam,1914_1929,4,lasseigne-l; mazet-e; mazet-j; ville-e
plantationheveasindochinebola,rizicolesoctrang,1914_1929,4,bauge-l; charousset-l; charrin; lasseigne-l
caoutchoucspadang,plantationsindochinoises,1914_1929,4,blanchard-p; de-rivaud-m; hallet-r; langlois-p
etainskinta,etainsmalaisie,1914_1929,4,barbier-l; chaubet-j; prevet-j; salathe-a
agricoleannam,kalitengah,1914_1929,4,bernard-j; engeringh-c; laloux-h; vereecken-h
agricoleannam,plantationscaoutchoucsumatra,1914_1929,4,bernard-j; engeringh-c; laloux-h; vereecken-h
agricoleannam,tapanoelie,1914_1929,4,bernard-j; engeringh-c; laloux-h; vereecken-h
kalitengah,nieuwtjisalak,1914_1929,4,engeringh-c; laloux-h; osterrieth-p; van-den-bosch-l
caoutchoucsindochine,etudestramwaybencatkratie,1914_1929,3,bernard-f; f-b; homberg-o
distilleriesindochine,verreriesextremeorient,1914_1929,3,boyaval-l; fontaine-l; homberg-o
dragages,eauxelectriciteindochine,1914_1929,3,g-hermenier; homberg-o; p-devaux
dragages,electricite,1914_1929,3,homberg-o; p-devaux; plante-a
dragages,energieelectriqueindochinoise,1914_1929,3,hebre-e; homberg-o; plante-a
eauxelectriciteindochine,electricite,1914_1929,3,allain; homberg-o; p-devaux
electricite,energieelectriqueindochinoise,1914_1929,3,allain; homberg-o; plante-a
caoutchoucspadang,internationaleplantationsfinanceactionnairesicaf,1914_1929,3,bunge-e; maus-f; poirson-c
asiatiqueboissonsindigenes,boissonsindigenes,1914_1929,3,fontaine-a; fontaine-l; husson-l
asiatiqueboissonsindigenes,chauxhydrauliqueslangtho,1914_1929,3,fontaine-a; fontaine-l; r-thion-de-la-chaume
asiatiqueboissonsindigenes,distilleriesindochine,1914_1929,3,fontaine-a; fontaine-l; husson-l
boissonsindigenes,distilleriesindochine,1914_1929,3,fontaine-a; fontaine-l; husson-l
distilleriesindochine,vitalimentscoloniaux,1914_1929,3,boyaval-l; fontaine-a; fontaine-l
commercialeindustriellefrancoannamite,creditfoncierextremeorient,1914_1929,3,de-lafaulotte-ewt-a; lionel-marie; sicaf
commercenavigationextremeorient,plantationsloc,1914_1929,3,bloch-a; fernandez-g; launay-l
plantationsloc,succursalemarseille,1914_1929,3,bloch-a; fernandez-g; launay-l
agricolesuzannah,plantationsloc,1914_1929,3,fernandez-g; girard-e; launay-l
agricoleindustriellecamtiem,agricoleindustrielletourcham,1914_1929,3,boyaval-l; launay-l; waespe-f
agricoleindustriellecamtiem,unionelectriqueindochine,1914_1929,3,boyaval-l; de-flers-f; launay-l
agricoleindustrielletourcham,agricolesuzannah,1914_1929,3,girard-e; launay-l; waespe-f
ghmumm,optorg,1914_1929,3,destombes-j; lorthiois-j; vanoutryve-f
ghmumm,vinicolechampagneghmumm,1914_1929,3,destombes-j; lorthiois-j; schwob-j
ghmumm,vinicolechampagnesuccghmumm,1914_1929,3,delebart-g; destombes-j; dubonnet-e
asiatiqueafricaine,unioncommercialeindochinoiseafricaine,1914_1929,3,delpech-j; estier-f; hecquet-g
commercialeindochine,rizeriesextremeorient,1914_1929,3,rauzy-p; ville-p; worms-e
commercialelaos,etudesexploitationsminieresindochine,1914_1929,3,bartholoni-r; brame-p; dupuy-e
expansionextremeorient,laquesindochinoisesboulogneseine,1914_1929,3,bedat; cotonniere-du-tonkin-s; simoni-p
indochinoiseelectricite,tramways,1914_1929,3,allain; chaumier; hermenier
domainetabelyul,grandslacsindochine,1914_1929,3,denisse-p; hale; triadou-c
grandslacsindochine,transportsautomobilescentreannam,1914_1929,3,guesde-p; mazet-e; triadou-c
plantationsheveaspreckchlongouprekchlong,transportsautomobilescentreannam,1914_1929,3,guesde-p; rueff-g; triadou-c
constructionsmecaniques,cotonnieretonkin,1914_1929,3,hanhart-t; lamy-l; marchal-c
distilleriesiindochine,marchandisescoursroute,1914_1929,3,chapsal-f; d-hericourt-s; thion-de-la-chaume
allumettes,forestierecommercialeannam,1914_1929,3,genasi-a; herold-w; mange-f
forestierecommercialeannam,indochinoiseallumettes,1914_1929,3,genasi-a; herold-w; mange-f
industriellechimieextremeorient,industriellechimieextremeorienthaiphong,1914_1929,3,delorme; deschars; paitel-g
unionelectriqueindochine,vitalimentscoloniaux,1914_1929,3,boyaval-l; poix-g; viaux-h
administration,plantationskantroioukantroy,1914_1929,3,deschars-l; guesde-p; rueff-g
administration,saigonnaisenavigationtransport,1914_1929,3,de-laboulaye-e; guesde-p; rueff-g
indochinoiseculturestropicales,saigonnaisenavigationtransport,1914_1929,3,de-laboulaye-e; guesde-p; rueff-g
indochinoiseculturestropicales,sucreriesraffineriesindochine,1914_1929,3,bouvier-r; fauconnier-h; guesde-p
cotiereannam,denisfreresbordeaux,1914_1929,3,de-ferry-f; denis-e; rousseau-h
cotiereannam,denisfreresindochine,1914_1929,3,de-ferry-f; denis-e; rousseau-h
agricolethescafeskontumannam,financiereindochine,1914_1929,3,grammont-m; legrand-r; maspero-g
clermontferrand,rizicolesoctrang,1914_1929,3,bertrand-g; beyssac-c; jean-duclos-j
rizicolesoctrang,transportsautomobilescentreannam,1914_1929,3,lasseigne-l; mazet-e; mazet-j
distilleriesmazetindochine,fonciereindochine,1914_1929,3,mazet-e; mazet-j; petithuguenin-p
fonciererizicolesoctrang,rizicolesoctrang,1914_1929,3,bertrand-g; beyssac-c; mazet-j
plantationsheveasprekchlong,saigonnaisenavigationtransport,1914_1929,3,de-laboulaye-e; jacque-l; rueff-g
caoutchoucschamcarleu,caoutchoucsphuochoa,1914_1929,3,labbe-j; liandrat-f; outrey-e
agricoleindustriellecamtiem,indochinoiseculturestropicales,1914_1929,3,arnaud-de-vogue; chassaing-p; de-flers-f
caoutchoucskompongthom,indochinoiseculturestropicales,1914_1929,3,de-laboulaye-e; deschars-l; lejeune-c
agricoleindustriellebencui,thesindochine,1914_1929,3,bernard-bruls-r; lionel-marie-j; masquelier-j
banqueindustriellechine,grandstravauxpekin,1914_1929,3,berthelot-a; chautard; deposes-chez-me-lavoignat-s
banqueindustriellechine,poursuitescontredirigeantsbanqueindustriellechine,1914_1929,3,calary-de-lamaziere; chautard-p; espivent-de-la-villesboisnet-a
agricoleannam,pacouda,1914_1929,3,bernard-j; engeringh-c; laloux-h
caoutchoucsiboga,plantationscaoutchoucsumatra,1914_1929,3,bernard-j; cavadia-j; engeringh-c
caoutchoucsiboga,tapanoelie,1914_1929,3,bernard-j; cavadia-j; engeringh-c
culturefrancojavanaise,kalitengah,1914_1929,3,bernard-j; cavadia-t; engeringh-c
culturefrancojavanaise,plantationscaoutchoucsumatra,1914_1929,3,bernard-j; cavadia-t; engeringh-c
culturefrancojavanaise,tapanoelie,1914_1929,3,bernard-j; cavadia-t; engeringh-c
kalitengah,pacouda,1914_1929,3,bernard-j; engeringh-c; laloux-h
nieuwtjisalak,pacouda,1914_1929,3,engeringh-c; laloux-h; swart-a
nieuwtjisalak,plantationscaoutchoucsumatra,1914_1929,3,engeringh-c; laloux-h; osterrieth-p
nieuwtjisalak,tapanoelie,1914_1929,3,engeringh-c; laloux-h; osterrieth-p
pacouda,plantationscaoutchoucsumatra,1914_1929,3,bernard-j; engeringh-c; laloux-h
pacouda,tapanoelie,1914_1929,3,bernard-j; engeringh-c; laloux-h
culturefrancojavanaise,franconeerlandaiseculturecommerce,1914_1929,3,bernard-j; enthoven-j; saint-girons-j
caoutchoucspadang,plantationsterresrouges,1914_1929,3,de-rivaud; hallet-a; ph-langlois
banqueindochine,charbonnagestonkin,1914_1929,2,georges-picot-c; simon-s
banqueindochine,industriellechimieextremeorient,1914_1929,2,homberg-o; simon-s
denisfreresbordeaux,francoindochinoise,1914_1929,2,benquey-m; denis-a
denisfreresindochine,francoindochinoise,1914_1929,2,benquey-m; denis-a
anthracitestonkin,distilleriesindochine,1914_1929,2,fontaine-a; homberg-o
anthracitestonkin,industriellechimieextremeorient,1914_1929,2,fontaine-a; homberg-o
anthracitestonkin,marchandisescoursroute,1914_1929,2,fontaine-a; homberg-o
banqueindochine,cotonnieresaigon,1914_1929,2,homberg; homberg-o
banqueindochine,creditfoncierindochine,1914_1929,2,homberg-o; roume-e
caoutchoucsindochine,creditfoncierindochine,1914_1929,2,bernard-f; homberg-o
cotonnieresaigon,energieelectriqueindochinoise,1914_1929,2,homberg-o; loi
creditfoncierindochine,distilleriesindochine,1914_1929,2,fontaine-l; homberg-o
creditfoncierindochine,energieelectriqueindochinoise,1914_1929,2,hermenier-g; homberg-o
creditfoncierindochine,etudestramwaybencatkratie,1914_1929,2,bernard-f; homberg-o
creditfoncierindochine,indochinoiseculturestropicales,1914_1929,2,guesde-p; homberg-o
creditfoncierindochine,verreriesextremeorient,1914_1929,2,fontaine-l; homberg-o
distilleriesindochine,industriellechimieextremeorient,1914_1929,2,fontaine-a; homberg-o
eauxelectriciteindochine,energieelectriqueindochinoise,1914_1929,2,allain; homberg-o
energieelectriqueindochinoise,etudestramwaybencatkratie,1914_1929,2,dervieu-p; homberg-o
indochinoiseculturestropicales,indochinoiseelectricite,1914_1929,2,homberg-o; simoni-p
indochinoiseculturestropicales,industriellechimieextremeorient,1914_1929,2,dufay-h; homberg-o
indochinoiseculturestropicales,papeteriesindochine,1914_1929,2,bouvier-r; homberg-o
industriellechimieextremeorient,marchandisescoursroute,1914_1929,2,fontaine-a; homberg-o
marchandisescoursroute,verreriesextremeorient,1914_1929,2,boyaval-l; homberg-o
papeteriesindochine,verreriesextremeorient,1914_1929,2,bouvier; homberg-o
sucreriesraffineriesindochinehiephoa,verreriesextremeorient,1914_1929,2,homberg-o; philippe-r
indochinoisecommerceagriculturefinance,internationaleplantationsfinanceactionnairesicaf,1914_1929,2,blaess-w; poirson-c
anthracitestonkinmaokhetrangbach,distilleriesiindochine,1914_1929,2,fontaine-l; homberg
anthracitestonkinmaokhetrangbach,tabacsindochine,1914_1929,2,fontaine-l; homberg
asiatiqueboissonsindigenes,distilleriesiindochine,1914_1929,2,fontaine-l; v-isnard
asiatiqueboissonsindigenes,vitalimentscoloniaux,1914_1929,2,fontaine-a; fontaine-l
boissonsindigenes,chauxhydrauliqueslangtho,1914_1929,2,fontaine-a; fontaine-l
boissonsindigenes,vitalimentscoloniaux,1914_1929,2,fontaine-a; fontaine-l
chauxhydrauliqueslangtho,distilleriesindochine,1914_1929,2,fontaine-a; fontaine-l
chauxhydrauliqueslangtho,tabacsindochine,1914_1929,2,fontaine-l; l-fontaine
chauxhydrauliqueslangtho,vitalimentscoloniaux,1914_1929,2,fontaine-a; fontaine-l
delignon,distilleriesiindochine,1914_1929,2,chapsal-f; fontaine-l
delignon,distilleriesindochine,1914_1929,2,chapsal-f; fontaine-l
distilleriesiindochine,tabacsindochine,1914_1929,2,fontaine-l; homberg
verreriesextremeorient,vitalimentscoloniaux,1914_1929,2,boyaval-l; fontaine-l
agricolesuzannah,anthracitestonkin,1914_1929,2,fontaine-a; l-fontaine
agricolesuzannah,chauxhydrauliqueslangtho,1914_1929,2,fontaine-a; l-fontaine
anthracitestonkin,chauxhydrauliqueslangtho,1914_1929,2,fontaine-a; l-fontaine
agricolesuzannah,commercenavigationextremeorient,1914_1929,2,fernandez-g; launay-l
agricolesuzannah,succursalemarseille,1914_1929,2,fernandez-g; launay-l
agricoleindustriellecamtiem,agricolesuzannah,1914_1929,2,launay-l; waespe-f
agricoleindustriellecamtiem,hautsplateauxindochinois,1914_1929,2,arnaud-de-vogue; launay-l
agricoleindustrielletourcham,plantationsloc,1914_1929,2,girard-e; launay-l
agricoleindustrielletourcham,succursalemarseille,1914_1929,2,jessula-d; launay-l
agricoleindustrielletourcham,unionelectriqueindochine,1914_1929,2,boyaval-l; launay-l
commercenavigationextremeorient,forestieremekong,1914_1929,2,hoffet-h; launay-l
creditfoncierindochine,unionelectriqueindochine,1914_1929,2,guesde-p; launay-l
forestieremekong,succursalemarseille,1914_1929,2,hoffet-h; launay-l
hautsplateauxindochinois,succursalemarseille,1914_1929,2,jessula-d; launay-l
commercenavigationextremeorient,indochinoiseculturestropicales,1914_1929,2,gigon-papin-r; hoffet-h
indochinoiseculturestropicales,succursalemarseille,1914_1929,2,gigon-papin-r; hoffet-h
optorg,vinicolechampagneghmumm,1914_1929,2,destombes-j; lorthiois-j
agricolethanhtuyha,comptoircommercialcaoutchoucscochinchine,1914_1929,2,baude-f; bonniel-a
comptoircommercialcaoutchoucscochinchine,indochinoiseculturecommerce,1914_1929,2,bertin-r; bonniel-a
estasiatique,maritimeindochinoise,1914_1929,2,delpech-j; estier-h
estasiatique,unioncommercialeindochinoiseafricaine,1914_1929,2,delpech-j; estier-h
maritimeindochinoise,unioncommercialeindochinoiseafricaine,1914_1929,2,delpech-j; estier-h
commercialeindochine,huileriesavonnerieextremeorient,1914_1929,2,rauzy-p; ville-p
huileriesavonnerieextremeorient,rizeriesindochinoises,1914_1929,2,rauzy-p; ville-p
comptoirsgenerauxindochine,indochinoiseculturestropicales,1914_1929,2,guesde-p; simoni-p
delignon,indochinoiseculturestropicales,1914_1929,2,simoni-p; toche-c
expansionextremeorient,laquesindochinoises,1914_1929,2,bedat; simoni-p
indochinoiseelectricite,laquesindochinoises,1914_1929,2,hermenier; simoni-p
indochinoiseelectricite,laquesindochinoisesboulogneseine,1914_1929,2,hermenier; simoni-p
maiseriesmediterranee,marseillaiseoutremer,1914_1929,2,bovet-l; pellas-v
asiatiqueafricaine,estasiatique,1914_1929,2,carnot-e; delpech-j
asiatiqueafricaine,indochinoisenavigation,1914_1929,2,delpech-j; guesde-p
creditfoncierindochine,tramwayseclairageelectriquesshanghai,1914_1929,2,hermenier-g; le-buf-h
banqueindustriellechine,navigationfrancochinoise,1914_1929,2,calary-de-lamaziere; gallusser-a
etainswolframtonkin,minesorbaolac,1914_1929,2,brard-r; fullerton-m
domainetabelyul,saigonnaisenavigationtransport,1914_1929,2,jacque-l; triadou-c
grandslacsindochine,plantationsheveaspreckchlongouprekchlong,1914_1929,2,guesde-p; triadou-c
grandslacsindochine,saigonnaisenavigationtransport,1914_1929,2,guesde-p; triadou-c
marchandisescoursroute,vitalimentscoloniaux,1914_1929,2,boyaval-l; fontaine-a
anthracitestonkinmaokhetrangbach,industriellechimieextremeorienthaiphong,1914_1929,2,delorme; homberg
banqueindochine,industriellechimieextremeorienthaiphong,1914_1929,2,homberg; simon
industriellechimieextremeorienthaiphong,tabacsindochine,1914_1929,2,homberg; simon
frigorifiquesextremeorient,olivier,1914_1929,2,doyen-h; olivier
administration,messageriesfluvialescochinchine,1914_1929,2,guesde-p; rueff-g
administration,transportsautomobilescentreannam,1914_1929,2,guesde-p; rueff-g
creditfoncierindochine,messageriesfluvialescochinchine,1914_1929,2,bernard-f; guesde-p
indochinoiseculturestropicales,messageriesfluvialescochinchine,1914_1929,2,guesde-p; rueff-g
indochinoiseculturestropicales,plantationsindochinoises,1914_1929,2,bouvier-r; guesde-p
indochinoiseculturestropicales,transportsautomobilescentreannam,1914_1929,2,guesde-p; rueff-g
messageriesfluvialescochinchine,plantationsheveaspreckchlongouprekchlong,1914_1929,2,guesde-p; rueff-g
messageriesfluvialescochinchine,plantationskantroioukantroy,1914_1929,2,guesde-p; rueff-g
messageriesfluvialescochinchine,saigonnaisenavigationtransport,1914_1929,2,guesde-p; rueff-g
messageriesfluvialescochinchine,transportsautomobilescentreannam,1914_1929,2,guesde-p; rueff-g
mineszincchodon,unionelectriqueindochine,1914_1929,2,faure-j; guesde-p
plantationsheveaspreckchlongouprekchlong,plantationskantroioukantroy,1914_1929,2,guesde-p; rueff-g
plantationsindochinoises,sucreriesraffineriesindochine,1914_1929,2,bouvier-r; guesde-p
plantationsindochinoises,thesindochine,1914_1929,2,ed-cahen-fuzier; guesde-p
plantationskantroioukantroy,saigonnaisenavigationtransport,1914_1929,2,guesde-p; rueff-g
plantationskantroioukantroy,transportsautomobilescentreannam,1914_1929,2,guesde-p; rueff-g
francoindochinoise,marseillaiserizindochinecm,1914_1929,2,caron-p; francou-j
fonciereindochine,hydrauliqueasie,1914_1929,2,carrere-g; mazet-e
indochinoisegraphites,verreriesindochinecongmy,1914_1929,2,dumond-e; granval-a
agricolethescafeskontumannam,transportsautomobilescentreannam,1914_1929,2,caffort-l; grammont-m
agricolenordannam,transportsautomobilescentreannam,1914_1929,2,caffort-l; langlois
distilleriesmazetindochine,rizicolesoctrang,1914_1929,2,mazet-e; mazet-j
distilleriesmazetindochine,transportsautomobilescentreannam,1914_1929,2,mazet-e; mazet-j
administration,plantationsheveasprekchlong,1914_1929,2,de-laboulaye-e; rueff-g
indochinoiseculturestropicales,plantationsheveasprekchlong,1914_1929,2,de-laboulaye-e; rueff-g
plantationsheveaspreckchlongouprekchlong,plantationsheveasprekchlong,1914_1929,2,de-laboulaye-e; rueff-g
caoutchoucspadang,foncierecoloniale,1914_1929,2,de-rivaud-m; hallet-a
foncierecoloniale,plantationsindochinoises,1914_1929,2,de-rivaud-m; de-rivaud-o
agricoleindustriellethapmuoi,hautsplateauxindochinois,1914_1929,2,lis-a; martini-a
indochinoiseculturestropicales,locninh,1914_1929,2,fauconnier-h; limouzin-j
administration,caoutchoucskompongthom,1914_1929,2,de-laboulaye-e; deschars-l
agricolekontum,caoutchoucskompongthom,1914_1929,2,de-laboulaye-e; lionel-marie-j
caoutchoucskompongthom,plantationskantroioukantroy,1914_1929,2,deschars-l; lejeune-c
clermontferrand,plantationsheveascaukhoi,1914_1929,2,ballous-p; beyssac-c
clermontferrand,fonciererizicolesoctrang,1914_1929,2,bertrand-g; beyssac-c
agricoleindustriellebencui,algemeenebelgischjavaschcultuurmaatschappij,1914_1929,2,bernard-bruls-r; lionel-marie-j
algemeenebelgischjavaschcultuurmaatschappij,thesindochine,1914_1929,2,bernard-bruls-r; lionel-marie-j
aeronautiqueextremeorient,minesthakhek,1914_1929,2,bienaime-m; bourcier-saint-chaffray-e
banqueindustriellechine,pekinsyndicateltd,1914_1929,2,berthelot-a; kahn-g
agricoleannam,caoutchoucsiboga,1914_1929,2,bernard-j; engeringh-c
agricoleannam,culturefrancojavanaise,1914_1929,2,bernard-j; engeringh-c
agricoleannam,nieuwtjisalak,1914_1929,2,engeringh-c; laloux-h
caoutchoucsiboga,culturefrancojavanaise,1914_1929,2,bernard-j; engeringh-c
caoutchoucsiboga,kalitengah,1914_1929,2,bernard-j; engeringh-c
caoutchoucsiboga,pacouda,1914_1929,2,bernard-j; engeringh-c
culturefrancojavanaise,pacouda,1914_1929,2,bernard-j; engeringh-c
agricoleannam,culturepanoulisan,1914_1929,2,bernard-j; milliot-c
caoutchoucsiboga,franconeerlandaiseculturecommerce,1914_1929,2,bernard-j; tilloy
culturefrancojavanaise,culturepanoulisan,1914_1929,2,bernard-j; enthoven-j
culturepanoulisan,franconeerlandaiseculturecommerce,1914_1929,2,bernard-j; enthoven-j
culturepanoulisan,pacouda,1914_1929,2,bernard-j; heurtaux-varsavaux-g
delignon,etablissementsdelignon,1914_1929,2,boulant-a; thierry-mieg-g
gommelaquejb,gommelaquejbphuto,1914_1929,2,chabot-p; lapadu-g
cochinchineouheveascochinchine,heveascochinchine,1914_1929,2,chaplin-w; rappel-l
heveascochinchine,sucrerieraffineriecochinchinephumy,1914_1929,2,boussenot-g; chaplin-w
minesornamkok,unionminiereindochinoise,1914_1929,2,delingette-a; dubost-l
internationaleplantationsfinanceactionnairesicaf,tandjongmalimrubbercoutanjongmalimrubberc,1914_1929,2,estates-agency-r; malim-rubber-c-t
sicaf,tandjongmalimrubbercoutanjongmalimrubberc,1914_1929,2,estates-agency-r; malim-rubber-c-t
agencecollectiverepresentationsindustriellescommerciales,grandstravauxpekin,1914_1929,1,henry
agencecollectiverepresentationsindustriellesindochine,grandstravauxpekin,1914_1929,1,henry
agencecollectiverepresentationsindustriellescommerciales,commercialesaigonnaise,1914_1929,1,mayer
agencecollectiverepresentationsindustriellesindochine,commercialesaigonnaise,1914_1929,1,mayer
banqueindochine,cheminsferindochineyunnan,1914_1929,1,simon-s
charbonnagestonkin,cheminsferindochineyunnan,1914_1929,1,simon-s
charbonnagestonkin,industriellechimieextremeorient,1914_1929,1,simon-s
charbonnagestonkin,tabacsindochine,1914_1929,1,simon-s
cheminsferindochineyunnan,industriellechimieextremeorient,1914_1929,1,simon-s
cheminsferindochineyunnan,tabacsindochine,1914_1929,1,simon-s
industriellechimieextremeorient,tabacsindochine,1914_1929,1,simon-s
banqueindochine,denisfreresbordeaux,1914_1929,1,denis-a
banqueindochine,denisfreresindochine,1914_1929,1,denis-a
banqueindochine,francoindochinoise,1914_1929,1,denis-a
anthracitestonkin,banqueindochine,1914_1929,1,homberg-o
anthracitestonkin,caoutchoucsindochine,1914_1929,1,homberg-o
anthracitestonkin,cotonnieresaigon,1914_1929,1,homberg-o
anthracitestonkin,creditfoncierindochine,1914_1929,1,homberg-o
anthracitestonkin,dragages,1914_1929,1,homberg-o
anthracitestonkin,dragagestravauxpublics,1914_1929,1,homberg-o
anthracitestonkin,eauxelectriciteindochine,1914_1929,1,homberg-o
anthracitestonkin,electricite,1914_1929,1,homberg-o
anthracitestonkin,energieelectriqueindochinoise,1914_1929,1,homberg-o
anthracitestonkin,entreprisesdragagestravauxpublics,1914_1929,1,homberg-o
anthracitestonkin,etudestramwaybencatkratie,1914_1929,1,homberg-o
anthracitestonkin,indochinoiseculturestropicales,1914_1929,1,homberg-o
anthracitestonkin,indochinoiseelectricite,1914_1929,1,homberg-o
anthracitestonkin,papeteriesindochine,1914_1929,1,homberg-o
anthracitestonkin,sucreriesraffineriesindochinehiephoa,1914_1929,1,homberg-o
anthracitestonkin,verreriesextremeorient,1914_1929,1,homberg-o
banqueindochine,caoutchoucsindochine,1914_1929,1,homberg-o
banqueindochine,distilleriesindochine,1914_1929,1,homberg-o
banqueindochine,dragages,1914_1929,1,homberg-o
banqueindochine,dragagestravauxpublics,1914_1929,1,homberg-o
banqueindochine,eauxelectriciteindochine,1914_1929,1,homberg-o
banqueindochine,electricite,1914_1929,1,homberg-o
banqueindochine,energieelectriqueindochinoise,1914_1929,1,homberg-o
banqueindochine,entreprisesdragagestravauxpublics,1914_1929,1,homberg-o
banqueindochine,etudestramwaybencatkratie,1914_1929,1,homberg-o
banqueindochine,indochinoiseculturestropicales,1914_1929,1,homberg-o
banqueindochine,indochinoiseelectricite,1914_1929,1,homberg-o
banqueindochine,marchandisescoursroute,1914_1929,1,homberg-o
banqueindochine,papeteriesindochine,1914_1929,1,homberg-o
banqueindochine,sucreriesraffineriesindochinehiephoa,1914_1929,1,homberg-o
banqueindochine,verreriesextremeorient,1914_1929,1,homberg-o
caoutchoucsindochine,cotonnieresaigon,1914_1929,1,homberg-o
caoutchoucsindochine,distilleriesindochine,1914_1929,1,homberg-o
caoutchoucsindochine,dragages,1914_1929,1,homberg-o
caoutchoucsindochine,dragagestravauxpublics,1914_1929,1,homberg-o
caoutchoucsindochine,eauxelectriciteindochine,1914_1929,1,homberg-o
caoutchoucsindochine,electricite,1914_1929,1,homberg-o
caoutchoucsindochine,energieelectriqueindochinoise,1914_1929,1,homberg-o
caoutchoucsindochine,entreprisesdragagestravauxpublics,1914_1929,1,homberg-o
caoutchoucsindochine,indochinoiseculturestropicales,1914_1929,1,homberg-o
caoutchoucsindochine,indochinoiseelectricite,1914_1929,1,homberg-o
caoutchoucsindochine,industriellechimieextremeorient,1914_1929,1,homberg-o
caoutchoucsindochine,marchandisescoursroute,1914_1929,1,homberg-o
caoutchoucsindochine,papeteriesindochine,1914_1929,1,homberg-o
caoutchoucsindochine,sucreriesraffineriesindochinehiephoa,1914_1929,1,homberg-o
caoutchoucsindochine,verreriesextremeorient,1914_1929,1,homberg-o
cotonnieresaigon,creditfoncierindochine,1914_1929,1,homberg-o
cotonnieresaigon,distilleriesindochine,1914_1929,1,homberg-o
cotonnieresaigon,dragages,1914_1929,1,homberg-o
cotonnieresaigon,dragagestravauxpublics,1914_1929,1,homberg-o
cotonnieresaigon,eauxelectriciteindochine,1914_1929,1,homberg-o
cotonnieresaigon,electricite,1914_1929,1,homberg-o
cotonnieresaigon,entreprisesdragagestravauxpublics,1914_1929,1,homberg-o
cotonnieresaigon,etudestramwaybencatkratie,1914_1929,1,homberg-o
cotonnieresaigon,indochinoiseculturestropicales,1914_1929,1,homberg-o
cotonnieresaigon,indochinoiseelectricite,1914_1929,1,homberg-o
cotonnieresaigon,industriellechimieextremeorient,1914_1929,1,homberg-o
cotonnieresaigon,marchandisescoursroute,1914_1929,1,homberg-o
cotonnieresaigon,papeteriesindochine,1914_1929,1,homberg-o
cotonnieresaigon,sucreriesraffineriesindochinehiephoa,1914_1929,1,homberg-o
cotonnieresaigon,verreriesextremeorient,1914_1929,1,homberg-o
creditfoncierindochine,dragages,1914_1929,1,homberg-o
creditfoncierindochine,dragagestravauxpublics,1914_1929,1,homberg-o
creditfoncierindochine,eauxelectriciteindochine,1914_1929,1,homberg-o
creditfoncierindochine,electricite,1914_1929,1,homberg-o
creditfoncierindochine,entreprisesdragagestravauxpublics,1914_1929,1,homberg-o
creditfoncierindochine,indochinoiseelectricite,1914_1929,1,homberg-o
creditfoncierindochine,industriellechimieextremeorient,1914_1929,1,homberg-o
creditfoncierindochine,marchandisescoursroute,1914_1929,1,homberg-o
creditfoncierindochine,papeteriesindochine,1914_1929,1,homberg-o
creditfoncierindochine,sucreriesraffineriesindochinehiephoa,1914_1929,1,homberg-o
distilleriesindochine,dragages,1914_1929,1,homberg-o
distilleriesindochine,dragagestravauxpublics,1914_1929,1,homberg-o
distilleriesindochine,eauxelectriciteindochine,1914_1929,1,homberg-o
distilleriesindochine,electricite,1914_1929,1,homberg-o
distilleriesindochine,energieelectriqueindochinoise,1914_1929,1,homberg-o
distilleriesindochine,entreprisesdragagestravauxpublics,1914_1929,1,homberg-o
distilleriesindochine,etudestramwaybencatkratie,1914_1929,1,homberg-o
distilleriesindochine,indochinoiseculturestropicales,1914_1929,1,homberg-o
distilleriesindochine,indochinoiseelectricite,1914_1929,1,homberg-o
distilleriesindochine,papeteriesindochine,1914_1929,1,homberg-o
distilleriesindochine,sucreriesraffineriesindochinehiephoa,1914_1929,1,homberg-o
dragages,entreprisesdragagestravauxpublics,1914_1929,1,homberg-o
dragages,etudestramwaybencatkratie,1914_1929,1,homberg-o
dragages,indochinoiseculturestropicales,1914_1929,1,homberg-o
dragages,industriellechimieextremeorient,1914_1929,1,homberg-o
dragages,marchandisescoursroute,1914_1929,1,homberg-o
dragages,papeteriesindochine,1914_1929,1,homberg-o
dragages,sucreriesraffineriesindochinehiephoa,1914_1929,1,homberg-o
dragages,verreriesextremeorient,1914_1929,1,homberg-o
dragagestravauxpublics,eauxelectriciteindochine,1914_1929,1,homberg-o
dragagestravauxpublics,electricite,1914_1929,1,homberg-o
dragagestravauxpublics,energieelectriqueindochinoise,1914_1929,1,homberg-o
dragagestravauxpublics,entreprisesdragagestravauxpublics,1914_1929,1,homberg-o
dragagestravauxpublics,etudestramwaybencatkratie,1914_1929,1,homberg-o
dragagestravauxpublics,indochinoiseculturestropicales,1914_1929,1,homberg-o
dragagestravauxpublics,indochinoiseelectricite,1914_1929,1,homberg-o
dragagestravauxpublics,industriellechimieextremeorient,1914_1929,1,homberg-o
dragagestravauxpublics,marchandisescoursroute,1914_1929,1,homberg-o
dragagestravauxpublics,papeteriesindochine,1914_1929,1,homberg-o
dragagestravauxpublics,sucreriesraffineriesindochinehiephoa,1914_1929,1,homberg-o
dragagestravauxpublics,verreriesextremeorient,1914_1929,1,homberg-o
eauxelectriciteindochine,entreprisesdragagestravauxpublics,1914_1929,1,homberg-o
eauxelectriciteindochine,etudestramwaybencatkratie,1914_1929,1,homberg-o
eauxelectriciteindochine,indochinoiseculturestropicales,1914_1929,1,homberg-o
eauxelectriciteindochine,industriellechimieextremeorient,1914_1929,1,homberg-o
eauxelectriciteindochine,marchandisescoursroute,1914_1929,1,homberg-o
eauxelectriciteindochine,papeteriesindochine,1914_1929,1,homberg-o
eauxelectriciteindochine,sucreriesraffineriesindochinehiephoa,1914_1929,1,homberg-o
eauxelectriciteindochine,verreriesextremeorient,1914_1929,1,homberg-o
electricite,entreprisesdragagestravauxpublics,1914_1929,1,homberg-o
electricite,etudestramwaybencatkratie,1914_1929,1,homberg-o
electricite,indochinoiseculturestropicales,1914_1929,1,homberg-o
electricite,industriellechimieextremeorient,1914_1929,1,homberg-o
electricite,marchandisescoursroute,1914_1929,1,homberg-o
electricite,papeteriesindochine,1914_1929,1,homberg-o
electricite,sucreriesraffineriesindochinehiephoa,1914_1929,1,homberg-o
electricite,verreriesextremeorient,1914_1929,1,homberg-o
energieelectriqueindochinoise,entreprisesdragagestravauxpublics,1914_1929,1,homberg-o
energieelectriqueindochinoise,indochinoiseculturestropicales,1914_1929,1,homberg-o
energieelectriqueindochinoise,industriellechimieextremeorient,1914_1929,1,homberg-o
energieelectriqueindochinoise,marchandisescoursroute,1914_1929,1,homberg-o
energieelectriqueindochinoise,papeteriesindochine,1914_1929,1,homberg-o
energieelectriqueindochinoise,sucreriesraffineriesindochinehiephoa,1914_1929,1,homberg-o
energieelectriqueindochinoise,verreriesextremeorient,1914_1929,1,homberg-o
entreprisesdragagestravauxpublics,etudestramwaybencatkratie,1914_1929,1,homberg-o
entreprisesdragagestravauxpublics,indochinoiseculturestropicales,1914_1929,1,homberg-o
entreprisesdragagestravauxpublics,indochinoiseelectricite,1914_1929,1,homberg-o
entreprisesdragagestravauxpublics,industriellechimieextremeorient,1914_1929,1,homberg-o
entreprisesdragagestravauxpublics,marchandisescoursroute,1914_1929,1,homberg-o
entreprisesdragagestravauxpublics,papeteriesindochine,1914_1929,1,homberg-o
entreprisesdragagestravauxpublics,sucreriesraffineriesindochinehiephoa,1914_1929,1,homberg-o
entreprisesdragagestravauxpublics,verreriesextremeorient,1914_1929,1,homberg-o
etudestramwaybencatkratie,indochinoiseculturestropicales,1914_1929,1,homberg-o
etudestramwaybencatkratie,indochinoiseelectricite,1914_1929,1,homberg-o
etudestramwaybencatkratie,industriellechimieextremeorient,1914_1929,1,homberg-o
etudestramwaybencatkratie,marchandisescoursroute,1914_1929,1,homberg-o
etudestramwaybencatkratie,papeteriesindochine,1914_1929,1,homberg-o
etudestramwaybencatkratie,sucreriesraffineriesindochinehiephoa,1914_1929,1,homberg-o
etudestramwaybencatkratie,verreriesextremeorient,1914_1929,1,homberg-o
indochinoiseculturestropicales,marchandisescoursroute,1914_1929,1,homberg-o
indochinoiseculturestropicales,sucreriesraffineriesindochinehiephoa,1914_1929,1,homberg-o
indochinoiseculturestropicales,verreriesextremeorient,1914_1929,1,homberg-o
indochinoiseelectricite,industriellechimieextremeorient,1914_1929,1,homberg-o
indochinoiseelectricite,marchandisescoursroute,1914_1929,1,homberg-o
indochinoiseelectricite,papeteriesindochine,1914_1929,1,homberg-o
indochinoiseelectricite,sucreriesraffineriesindochinehiephoa,1914_1929,1,homberg-o
indochinoiseelectricite,verreriesextremeorient,1914_1929,1,homberg-o
industriellechimieextremeorient,papeteriesindochine,1914_1929,1,homberg-o
industriellechimieextremeorient,sucreriesraffineriesindochinehiephoa,1914_1929,1,homberg-o
industriellechimieextremeorient,verreriesextremeorient,1914_1929,1,homberg-o
marchandisescoursroute,papeteriesindochine,1914_1929,1,homberg-o
marchandisescoursroute,sucreriesraffineriesindochinehiephoa,1914_1929,1,homberg-o
papeteriesindochine,sucreriesraffineriesindochinehiephoa,1914_1929,1,homberg-o
caoutchoucspadang,indochinoisecommerceagriculturefinance,1914_1929,1,poirson-c
caoutchoucspadang,sicaf,1914_1929,1,poirson-c
anthracitestonkinmaokhetrangbach,asiatiqueboissonsindigenes,1914_1929,1,fontaine-l
anthracitestonkinmaokhetrangbach,boissonsindigenes,1914_1929,1,fontaine-l
anthracitestonkinmaokhetrangbach,chauxhydrauliqueslangtho,1914_1929,1,fontaine-l
anthracitestonkinmaokhetrangbach,creditfoncierindochine,1914_1929,1,fontaine-l
anthracitestonkinmaokhetrangbach,delignon,1914_1929,1,fontaine-l
anthracitestonkinmaokhetrangbach,distilleriesindochine,1914_1929,1,fontaine-l
anthracitestonkinmaokhetrangbach,indochinoisecommerceagriculturefinance,1914_1929,1,fontaine-l
anthracitestonkinmaokhetrangbach,sicaf,1914_1929,1,fontaine-l
anthracitestonkinmaokhetrangbach,verreriesextremeorient,1914_1929,1,fontaine-l
anthracitestonkinmaokhetrangbach,vitalimentscoloniaux,1914_1929,1,fontaine-l
asiatiqueboissonsindigenes,creditfoncierindochine,1914_1929,1,fontaine-l
asiatiqueboissonsindigenes,delignon,1914_1929,1,fontaine-l
asiatiqueboissonsindigenes,indochinoisecommerceagriculturefinance,1914_1929,1,fontaine-l
asiatiqueboissonsindigenes,sicaf,1914_1929,1,fontaine-l
asiatiqueboissonsindigenes,tabacsindochine,1914_1929,1,fontaine-l
asiatiqueboissonsindigenes,verreriesextremeorient,1914_1929,1,fontaine-l
boissonsindigenes,creditfoncierindochine,1914_1929,1,fontaine-l
boissonsindigenes,delignon,1914_1929,1,fontaine-l
boissonsindigenes,distilleriesiindochine,1914_1929,1,fontaine-l
boissonsindigenes,indochinoisecommerceagriculturefinance,1914_1929,1,fontaine-l
boissonsindigenes,sicaf,1914_1929,1,fontaine-l
boissonsindigenes,tabacsindochine,1914_1929,1,fontaine-l
boissonsindigenes,verreriesextremeorient,1914_1929,1,fontaine-l
chauxhydrauliqueslangtho,creditfoncierindochine,1914_1929,1,fontaine-l
chauxhydrauliqueslangtho,delignon,1914_1929,1,fontaine-l
chauxhydrauliqueslangtho,distilleriesiindochine,1914_1929,1,fontaine-l
chauxhydrauliqueslangtho,indochinoisecommerceagriculturefinance,1914_1929,1,fontaine-l
chauxhydrauliqueslangtho,sicaf,1914_1929,1,fontaine-l
chauxhydrauliqueslangtho,verreriesextremeorient,1914_1929,1,fontaine-l
creditfoncierindochine,delignon,1914_1929,1,fontaine-l
creditfoncierindochine,distilleriesiindochine,1914_1929,1,fontaine-l
creditfoncierindochine,indochinoisecommerceagriculturefinance,1914_1929,1,fontaine-l
creditfoncierindochine,sicaf,1914_1929,1,fontaine-l
creditfoncierindochine,tabacsindochine,1914_1929,1,fontaine-l
creditfoncierindochine,vitalimentscoloniaux,1914_1929,1,fontaine-l
delignon,indochinoisecommerceagriculturefinance,1914_1929,1,fontaine-l
delignon,sicaf,1914_1929,1,fontaine-l
delignon,tabacsindochine,1914_1929,1,fontaine-l
delignon,verreriesextremeorient,1914_1929,1,fontaine-l
delignon,vitalimentscoloniaux,1914_1929,1,fontaine-l
distilleriesiindochine,indochinoisecommerceagriculturefinance,1914_1929,1,fontaine-l
distilleriesiindochine,sicaf,1914_1929,1,fontaine-l
distilleriesiindochine,verreriesextremeorient,1914_1929,1,fontaine-l
distilleriesiindochine,vitalimentscoloniaux,1914_1929,1,fontaine-l
distilleriesindochine,indochinoisecommerceagriculturefinance,1914_1929,1,fontaine-l
distilleriesindochine,sicaf,1914_1929,1,fontaine-l
distilleriesindochine,tabacsindochine,1914_1929,1,fontaine-l
indochinoisecommerceagriculturefinance,tabacsindochine,1914_1929,1,fontaine-l
indochinoisecommerceagriculturefinance,verreriesextremeorient,1914_1929,1,fontaine-l
indochinoisecommerceagriculturefinance,vitalimentscoloniaux,1914_1929,1,fontaine-l
sicaf,tabacsindochine,1914_1929,1,fontaine-l
sicaf,verreriesextremeorient,1914_1929,1,fontaine-l
sicaf,vitalimentscoloniaux,1914_1929,1,fontaine-l
tabacsindochine,verreriesextremeorient,1914_1929,1,fontaine-l
tabacsindochine,vitalimentscoloniaux,1914_1929,1,fontaine-l
financierecommercialeindustrielleindochine,rizeriesparisiennesparishaiphong,1914_1929,1,nicolas-a
candlot,financierecoloniale,1914_1929,1,o-homberg
financierecoloniale,sucreriesraffineriesindochinehiephoa,1914_1929,1,weill-d
banqueindochine,grandstravauxextremeorient,1914_1929,1,boyer
commercialeindustriellefrancoannamite,plantationsdjember,1914_1929,1,lionel-marie
commercialeindustriellefrancoannamite,sicaf,1914_1929,1,lionel-marie
creditfoncierextremeorient,plantationsdjember,1914_1929,1,lionel-marie
creditfoncierextremeorient,sicaf,1914_1929,1,lionel-marie
plantationsdjember,sicaf,1914_1929,1,lionel-marie
agricolesuzannah,commercialeindustriellefrancoannamite,1914_1929,1,l-fontaine
agricolesuzannah,tabacsindochine,1914_1929,1,l-fontaine
anthracitestonkin,commercialeindustriellefrancoannamite,1914_1929,1,l-fontaine
anthracitestonkin,tabacsindochine,1914_1929,1,l-fontaine
chauxhydrauliqueslangtho,commercialeindustriellefrancoannamite,1914_1929,1,l-fontaine
commercialeindustriellefrancoannamite,tabacsindochine,1914_1929,1,l-fontaine
agricoleindustriellecamtiem,commercenavigationextremeorient,1914_1929,1,launay-l
agricoleindustriellecamtiem,creditfoncierindochine,1914_1929,1,launay-l
agricoleindustriellecamtiem,forestieremekong,1914_1929,1,launay-l
agricoleindustriellecamtiem,plantationsloc,1914_1929,1,launay-l
agricoleindustriellecamtiem,succursalemarseille,1914_1929,1,launay-l
agricoleindustrielletourcham,commercenavigationextremeorient,1914_1929,1,launay-l
agricoleindustrielletourcham,creditfoncierindochine,1914_1929,1,launay-l
agricoleindustrielletourcham,forestieremekong,1914_1929,1,launay-l
agricolesuzannah,creditfoncierindochine,1914_1929,1,launay-l
agricolesuzannah,forestieremekong,1914_1929,1,launay-l
agricolesuzannah,hautsplateauxindochinois,1914_1929,1,launay-l
agricolesuzannah,unionelectriqueindochine,1914_1929,1,launay-l
commercenavigationextremeorient,creditfoncierindochine,1914_1929,1,launay-l
commercenavigationextremeorient,hautsplateauxindochinois,1914_1929,1,launay-l
commercenavigationextremeorient,unionelectriqueindochine,1914_1929,1,launay-l
creditfoncierindochine,forestieremekong,1914_1929,1,launay-l
creditfoncierindochine,hautsplateauxindochinois,1914_1929,1,launay-l
creditfoncierindochine,plantationsloc,1914_1929,1,launay-l
creditfoncierindochine,succursalemarseille,1914_1929,1,launay-l
forestieremekong,hautsplateauxindochinois,1914_1929,1,launay-l
forestieremekong,plantationsloc,1914_1929,1,launay-l
forestieremekong,unionelectriqueindochine,1914_1929,1,launay-l
hautsplateauxindochinois,plantationsloc,1914_1929,1,launay-l
hautsplateauxindochinois,unionelectriqueindochine,1914_1929,1,launay-l
plantationsloc,unionelectriqueindochine,1914_1929,1,launay-l
succursalemarseille,unionelectriqueindochine,1914_1929,1,launay-l
forestieremekong,indochinoiseculturestropicales,1914_1929,1,hoffet-h
optorg,vinicolechampagnesuccghmumm,1914_1929,1,destombes-j
vinicolechampagneghmumm,vinicolechampagnesuccghmumm,1914_1929,1,destombes-j
locninh,optorg,1914_1929,1,kahn-s
agricolethanhtuyha,indochinoiseculturecommerce,1914_1929,1,bonniel-a
comptoirsextremeorientpoinsardveyretmaisonachat,tanneriesindochine,1914_1929,1,veyret-l
colonialegrandsmagasins,estasiatique,1914_1929,1,estier-h
colonialegrandsmagasins,maritimeindochinoise,1914_1929,1,estier-h
colonialegrandsmagasins,creditfoncierindochine,1914_1929,1,vigne-j
colonialegrandsmagasins,olivier,1914_1929,1,vigne-j
creditfoncierindochine,olivier,1914_1929,1,vigne-j
creditfoncierindochine,unioncommercialeindochinoiseafricaine,1914_1929,1,vigne-j
olivier,unioncommercialeindochinoiseafricaine,1914_1929,1,vigne-j
asiatiqueafricaine,colonialegrandsmagasins,1914_1929,1,hecquet-g
agricolenordannam,colonialegrandsmagasins,1914_1929,1,vigne-g
agricolenordannam,unioncommercialeindochinoiseafricaine,1914_1929,1,vigne-g
colonialegrandsmagasins,mineorpaclan,1914_1929,1,ribeyre-l
commercialeindochine,creditfoncierindochine,1914_1929,1,ville-p
creditfoncierindochine,huileriesavonnerieextremeorient,1914_1929,1,ville-p
creditfoncierindochine,rizeriesextremeorient,1914_1929,1,ville-p
creditfoncierindochine,rizeriesindochinoises,1914_1929,1,ville-p
commercialelaos,unionfinanciereagricoleindochinoise,1914_1929,1,dupuy-e
etudesexploitationsminieresindochine,unionfinanciereagricoleindochinoise,1914_1929,1,dupuy-e
agricolesudindochinoise,comptoirsgenerauxindochine,1914_1929,1,simoni-p
agricolesudindochinoise,delignon,1914_1929,1,simoni-p
agricolesudindochinoise,etudesextremeorient,1914_1929,1,simoni-p
agricolesudindochinoise,expansionextremeorient,1914_1929,1,simoni-p
agricolesudindochinoise,indochinoiseculturestropicales,1914_1929,1,simoni-p
agricolesudindochinoise,indochinoiseelectricite,1914_1929,1,simoni-p
agricolesudindochinoise,laquesindochinoises,1914_1929,1,simoni-p
agricolesudindochinoise,laquesindochinoisesboulogneseine,1914_1929,1,simoni-p
agricolesudindochinoise,mineorpaclan,1914_1929,1,simoni-p
comptoirsgenerauxindochine,delignon,1914_1929,1,simoni-p
comptoirsgenerauxindochine,etudesextremeorient,1914_1929,1,simoni-p
comptoirsgenerauxindochine,expansionextremeorient,1914_1929,1,simoni-p
comptoirsgenerauxindochine,indochinoiseelectricite,1914_1929,1,simoni-p
comptoirsgenerauxindochine,laquesindochinoises,1914_1929,1,simoni-p
comptoirsgenerauxindochine,laquesindochinoisesboulogneseine,1914_1929,1,simoni-p
comptoirsgenerauxindochine,mineorpaclan,1914_1929,1,simoni-p
delignon,etudesextremeorient,1914_1929,1,simoni-p
delignon,expansionextremeorient,1914_1929,1,simoni-p
delignon,indochinoiseelectricite,1914_1929,1,simoni-p
delignon,laquesindochinoises,1914_1929,1,simoni-p
delignon,laquesindochinoisesboulogneseine,1914_1929,1,simoni-p
delignon,mineorpaclan,1914_1929,1,simoni-p
etudesextremeorient,expansionextremeorient,1914_1929,1,simoni-p
etudesextremeorient,indochinoiseculturestropicales,1914_1929,1,simoni-p
etudesextremeorient,indochinoiseelectricite,1914_1929,1,simoni-p
etudesextremeorient,laquesindochinoises,1914_1929,1,simoni-p
etudesextremeorient,laquesindochinoisesboulogneseine,1914_1929,1,simoni-p
etudesextremeorient,mineorpaclan,1914_1929,1,simoni-p
expansionextremeorient,indochinoiseculturestropicales,1914_1929,1,simoni-p
expansionextremeorient,indochinoiseelectricite,1914_1929,1,simoni-p
expansionextremeorient,mineorpaclan,1914_1929,1,simoni-p
indochinoiseculturestropicales,laquesindochinoises,1914_1929,1,simoni-p
indochinoiseculturestropicales,laquesindochinoisesboulogneseine,1914_1929,1,simoni-p
indochinoiseculturestropicales,mineorpaclan,1914_1929,1,simoni-p
indochinoiseelectricite,mineorpaclan,1914_1929,1,simoni-p
laquesindochinoises,mineorpaclan,1914_1929,1,simoni-p
laquesindochinoisesboulogneseine,mineorpaclan,1914_1929,1,simoni-p
marseillaiseoutremer,sericicoleindochinoise,1914_1929,1,lacaze-e
marseillaiseoutremer,sucrierecambodge,1914_1929,1,lacaze-e
sericicoleindochinoise,sucrierecambodge,1914_1929,1,lacaze-e
asiatiqueafricaine,maritimeindochinoise,1914_1929,1,delpech-j
estasiatique,indochinoisenavigation,1914_1929,1,delpech-j
indochinoisenavigation,maritimeindochinoise,1914_1929,1,delpech-j
indochinoisenavigation,unioncommercialeindochinoiseafricaine,1914_1929,1,delpech-j
extremeorient,unioncommercialeindochinoiseafricaine,1914_1929,1,industrielles-e
chargeursextremeorient,tabacsindochine,1914_1929,1,girod
chargeursextremeorient,minieremetallurgiqueindochine,1914_1929,1,p-jeancard
chargeursextremeorient,domainecentral,1914_1929,1,langlois-a
chargeursextremeorient,franconeerlandaiseculturecommerce,1914_1929,1,langlois-a
domainecentral,franconeerlandaiseculturecommerce,1914_1929,1,langlois-a
chargeursextremeorient,navigationvapeurfranceindochine,1914_1929,1,roussel
eauxelectriciteindochine,tramways,1914_1929,1,allain
electricite,tramways,1914_1929,1,allain
cheminfersudindochine,cheminsferindochineyunnan,1914_1929,1,getten-m
cheminfersudindochine,saigonnaisenavigationtransport,1914_1929,1,getten-m
cheminsferindochineyunnan,saigonnaisenavigationtransport,1914_1929,1,getten-m
charbonnagesdongdang,cheminsferindochineyunnan,1914_1929,1,de-sincay-e
energieelectriqueindochinoise,indochinoisegraphites,1914_1929,1,dervieu-p
etudestramwaybencatkratie,indochinoisegraphites,1914_1929,1,dervieu-p
etudestramwaybencatkratie,tramways,1914_1929,1,dervieu-p
indochinoisegraphites,tramways,1914_1929,1,dervieu-p
creditfoncierindochine,tramways,1914_1929,1,hermenier-g
energieelectriqueindochinoise,tramwayseclairageelectriquesshanghai,1914_1929,1,hermenier-g
tramways,tramwayseclairageelectriquesshanghai,1914_1929,1,hermenier-g
maritimeindochinoise,tuileriesindochine,1914_1929,1,j-vigne
asiatiqueboissonsindigenes,candlot,1914_1929,1,r-thion-de-la-chaume
asiatiqueboissonsindigenes,caoutchoucsindochine,1914_1929,1,r-thion-de-la-chaume
asiatiqueboissonsindigenes,cimentsportlandartificielsindochine,1914_1929,1,r-thion-de-la-chaume
asiatiqueboissonsindigenes,etainswolframtonkin,1914_1929,1,r-thion-de-la-chaume
asiatiqueboissonsindigenes,minieremetallurgiqueindochine,1914_1929,1,r-thion-de-la-chaume
candlot,chauxhydrauliqueslangtho,1914_1929,1,r-thion-de-la-chaume
candlot,cimentsportlandartificielsindochine,1914_1929,1,r-thion-de-la-chaume
candlot,etainswolframtonkin,1914_1929,1,r-thion-de-la-chaume
candlot,minieremetallurgiqueindochine,1914_1929,1,r-thion-de-la-chaume
caoutchoucsindochine,chauxhydrauliqueslangtho,1914_1929,1,r-thion-de-la-chaume
caoutchoucsindochine,cimentsportlandartificielsindochine,1914_1929,1,r-thion-de-la-chaume
caoutchoucsindochine,etainswolframtonkin,1914_1929,1,r-thion-de-la-chaume
caoutchoucsindochine,minieremetallurgiqueindochine,1914_1929,1,r-thion-de-la-chaume
chauxhydrauliqueslangtho,etainswolframtonkin,1914_1929,1,r-thion-de-la-chaume
chauxhydrauliqueslangtho,minieremetallurgiqueindochine,1914_1929,1,r-thion-de-la-chaume
cimentsportlandartificielsindochine,etainswolframtonkin,1914_1929,1,r-thion-de-la-chaume
cimentsportlandartificielsindochine,minieremetallurgiqueindochine,1914_1929,1,r-thion-de-la-chaume
etainswolframtonkin,minieremetallurgiqueindochine,1914_1929,1,r-thion-de-la-chaume
minieremetallurgiqueindochine,recherchesredevances,1914_1929,1,bault-g
delignon,energieelectriqueindochinoise,1914_1929,1,chaumier-a
etainswolframtonkin,minieremetallurgiqueindochinemineschodienfonderiezincquangyen,1914_1929,1,belugou
etainswolframtonkin,minesortchepone,1914_1929,1,brard-r
minesorbaolac,minesortchepone,1914_1929,1,brard-r
huileriesavonnerieextremeorient,plantationheveasindochinebola,1914_1929,1,duclos
plantationheveasindochinebola,rizeriesextremeorient,1914_1929,1,duclos
honquan,rizeriesextremeorient,1914_1929,1,e-rocca
domainetabelyul,mineorpaclan,1914_1929,1,triadou-c
domainetabelyul,plantationsheveaspreckchlongouprekchlong,1914_1929,1,triadou-c
domainetabelyul,rizeriesextremeorient,1914_1929,1,triadou-c
domainetabelyul,transportsautomobilescentreannam,1914_1929,1,triadou-c
grandslacsindochine,mineorpaclan,1914_1929,1,triadou-c
grandslacsindochine,rizeriesextremeorient,1914_1929,1,triadou-c
mineorpaclan,plantationsheveaspreckchlongouprekchlong,1914_1929,1,triadou-c
mineorpaclan,rizeriesextremeorient,1914_1929,1,triadou-c
mineorpaclan,saigonnaisenavigationtransport,1914_1929,1,triadou-c
mineorpaclan,transportsautomobilescentreannam,1914_1929,1,triadou-c
plantationsheveaspreckchlongouprekchlong,rizeriesextremeorient,1914_1929,1,triadou-c
rizeriesextremeorient,saigonnaisenavigationtransport,1914_1929,1,triadou-c
rizeriesextremeorient,transportsautomobilescentreannam,1914_1929,1,triadou-c
culturepanoulisan,papeteriesindochine,1914_1929,1,sainte-marie-g
agricolesuzannah,asiatiqueboissonsindigenes,1914_1929,1,fontaine-a
agricolesuzannah,boissonsindigenes,1914_1929,1,fontaine-a
agricolesuzannah,distilleriesindochine,1914_1929,1,fontaine-a
agricolesuzannah,financiereindochine,1914_1929,1,fontaine-a
agricolesuzannah,industriellechimieextremeorient,1914_1929,1,fontaine-a
agricolesuzannah,marchandisescoursroute,1914_1929,1,fontaine-a
agricolesuzannah,unionindochinoiseouunionindochinoise,1914_1929,1,fontaine-a
agricolesuzannah,vitalimentscoloniaux,1914_1929,1,fontaine-a
anthracitestonkin,asiatiqueboissonsindigenes,1914_1929,1,fontaine-a
anthracitestonkin,boissonsindigenes,1914_1929,1,fontaine-a
anthracitestonkin,financiereindochine,1914_1929,1,fontaine-a
anthracitestonkin,unionindochinoiseouunionindochinoise,1914_1929,1,fontaine-a
anthracitestonkin,vitalimentscoloniaux,1914_1929,1,fontaine-a
asiatiqueboissonsindigenes,financiereindochine,1914_1929,1,fontaine-a
asiatiqueboissonsindigenes,industriellechimieextremeorient,1914_1929,1,fontaine-a
asiatiqueboissonsindigenes,marchandisescoursroute,1914_1929,1,fontaine-a
asiatiqueboissonsindigenes,unionindochinoiseouunionindochinoise,1914_1929,1,fontaine-a
boissonsindigenes,financiereindochine,1914_1929,1,fontaine-a
boissonsindigenes,industriellechimieextremeorient,1914_1929,1,fontaine-a
boissonsindigenes,marchandisescoursroute,1914_1929,1,fontaine-a
boissonsindigenes,unionindochinoiseouunionindochinoise,1914_1929,1,fontaine-a
chauxhydrauliqueslangtho,financiereindochine,1914_1929,1,fontaine-a
chauxhydrauliqueslangtho,industriellechimieextremeorient,1914_1929,1,fontaine-a
chauxhydrauliqueslangtho,marchandisescoursroute,1914_1929,1,fontaine-a
chauxhydrauliqueslangtho,unionindochinoiseouunionindochinoise,1914_1929,1,fontaine-a
distilleriesindochine,financiereindochine,1914_1929,1,fontaine-a
distilleriesindochine,unionindochinoiseouunionindochinoise,1914_1929,1,fontaine-a
financiereindochine,industriellechimieextremeorient,1914_1929,1,fontaine-a
financiereindochine,marchandisescoursroute,1914_1929,1,fontaine-a
financiereindochine,unionindochinoiseouunionindochinoise,1914_1929,1,fontaine-a
financiereindochine,vitalimentscoloniaux,1914_1929,1,fontaine-a
industriellechimieextremeorient,unionindochinoiseouunionindochinoise,1914_1929,1,fontaine-a
industriellechimieextremeorient,vitalimentscoloniaux,1914_1929,1,fontaine-a
marchandisescoursroute,unionindochinoiseouunionindochinoise,1914_1929,1,fontaine-a
unionindochinoiseouunionindochinoise,vitalimentscoloniaux,1914_1929,1,fontaine-a
asiatiqueboissonsindigenes,maiseriesmediterranee,1914_1929,1,saigon
charbonnagestonkin,chauxhydrauliqueslangtho,1914_1929,1,r-ferrant
charbonnagestonkin,cimentsportlandartificielsindochine,1914_1929,1,r-ferrant
cimentsportlandartificielsindochine,indochinoisecimentfondulafarge,1914_1929,1,perpignani-n
candlot,etudestramwaybencatkratie,1914_1929,1,f-b
agricoleindustriellecamtiem,distilleriesiindochine,1914_1929,1,boyaval
delignon,marchandisescoursroute,1914_1929,1,chapsal-f
anthracitestonkinmaokhetrangbach,banqueindochine,1914_1929,1,homberg
anthracitestonkinmaokhetrangbach,cotonnieresaigon,1914_1929,1,homberg
banqueindochine,distilleriesiindochine,1914_1929,1,homberg
cotonnieresaigon,distilleriesiindochine,1914_1929,1,homberg
cotonnieresaigon,industriellechimieextremeorienthaiphong,1914_1929,1,homberg
cotonnieresaigon,tabacsindochine,1914_1929,1,homberg
distilleriesiindochine,industriellechimieextremeorienthaiphong,1914_1929,1,homberg
distilleriesiindochine,estasiatique,1914_1929,1,thion-de-la-chaume
distilleriesindochine,estasiatique,1914_1929,1,thion-de-la-chaume
estasiatique,marchandisescoursroute,1914_1929,1,thion-de-la-chaume
extremeorient,frigorifiquesextremeorient,1914_1929,1,olivier
extremeorient,olivier,1914_1929,1,olivier
allumettes,entreprisesasiatiques,1914_1929,1,fabre
entreprisesasiatiques,indochinoiseallumettes,1914_1929,1,fabre
anthracitestonkinmaokhetrangbach,industriellechimieextremeorient,1914_1929,1,delorme
energieelectriqueindochinoise,industriellechimieextremeorienthaiphong,1914_1929,1,hermenier
energieelectriqueindochinoise,laquesindochinoises,1914_1929,1,hermenier
energieelectriqueindochinoise,laquesindochinoisesboulogneseine,1914_1929,1,hermenier
indochinoiseelectricite,industriellechimieextremeorienthaiphong,1914_1929,1,hermenier
industriellechimieextremeorienthaiphong,laquesindochinoises,1914_1929,1,hermenier
industriellechimieextremeorienthaiphong,laquesindochinoisesboulogneseine,1914_1929,1,hermenier
industriellechimieextremeorienthaiphong,tramways,1914_1929,1,hermenier
laquesindochinoises,tramways,1914_1929,1,hermenier
laquesindochinoisesboulogneseine,tramways,1914_1929,1,hermenier
agricoleindustriellecamtiem,distilleriesindochine,1914_1929,1,boyaval-l
agricoleindustriellecamtiem,marchandisescoursroute,1914_1929,1,boyaval-l
agricoleindustriellecamtiem,verreriesextremeorient,1914_1929,1,boyaval-l
agricoleindustriellecamtiem,vitalimentscoloniaux,1914_1929,1,boyaval-l
agricoleindustrielletourcham,distilleriesindochine,1914_1929,1,boyaval-l
agricoleindustrielletourcham,marchandisescoursroute,1914_1929,1,boyaval-l
agricoleindustrielletourcham,verreriesextremeorient,1914_1929,1,boyaval-l
agricoleindustrielletourcham,vitalimentscoloniaux,1914_1929,1,boyaval-l
distilleriesindochine,unionelectriqueindochine,1914_1929,1,boyaval-l
marchandisescoursroute,unionelectriqueindochine,1914_1929,1,boyaval-l
unionelectriqueindochine,verreriesextremeorient,1914_1929,1,boyaval-l
candlot,locninh,1914_1929,1,clerc-l
caoutchoucsindochine,locninh,1914_1929,1,clerc-l
honquan,industriellechimieextremeorient,1914_1929,1,h-dufay
honquan,indochinoiseculturestropicales,1914_1929,1,mitaranga
mineszincchodon,succursalemarseille,1914_1929,1,girot-h
administration,asiatiqueafricaine,1914_1929,1,guesde-p
administration,comptoirsgenerauxindochine,1914_1929,1,guesde-p
administration,creditfoncierindochine,1914_1929,1,guesde-p
administration,exportationextremeorient,1914_1929,1,guesde-p
administration,grandslacsindochine,1914_1929,1,guesde-p
administration,indochinoisenavigation,1914_1929,1,guesde-p
administration,mineszincchodon,1914_1929,1,guesde-p
administration,plantationsindochinoises,1914_1929,1,guesde-p
administration,sucreriesraffineriesindochine,1914_1929,1,guesde-p
administration,thesindochine,1914_1929,1,guesde-p
administration,unionelectriqueindochine,1914_1929,1,guesde-p
asiatiqueafricaine,comptoirsgenerauxindochine,1914_1929,1,guesde-p
asiatiqueafricaine,creditfoncierindochine,1914_1929,1,guesde-p
asiatiqueafricaine,exportationextremeorient,1914_1929,1,guesde-p
asiatiqueafricaine,grandslacsindochine,1914_1929,1,guesde-p
asiatiqueafricaine,indochinoiseculturestropicales,1914_1929,1,guesde-p
asiatiqueafricaine,messageriesfluvialescochinchine,1914_1929,1,guesde-p
asiatiqueafricaine,mineszincchodon,1914_1929,1,guesde-p
asiatiqueafricaine,plantationsheveaspreckchlongouprekchlong,1914_1929,1,guesde-p
asiatiqueafricaine,plantationsindochinoises,1914_1929,1,guesde-p
asiatiqueafricaine,plantationskantroioukantroy,1914_1929,1,guesde-p
asiatiqueafricaine,saigonnaisenavigationtransport,1914_1929,1,guesde-p
asiatiqueafricaine,sucreriesraffineriesindochine,1914_1929,1,guesde-p
asiatiqueafricaine,thesindochine,1914_1929,1,guesde-p
asiatiqueafricaine,transportsautomobilescentreannam,1914_1929,1,guesde-p
asiatiqueafricaine,unionelectriqueindochine,1914_1929,1,guesde-p
comptoirsgenerauxindochine,creditfoncierindochine,1914_1929,1,guesde-p
comptoirsgenerauxindochine,exportationextremeorient,1914_1929,1,guesde-p
comptoirsgenerauxindochine,grandslacsindochine,1914_1929,1,guesde-p
comptoirsgenerauxindochine,indochinoisenavigation,1914_1929,1,guesde-p
comptoirsgenerauxindochine,messageriesfluvialescochinchine,1914_1929,1,guesde-p
comptoirsgenerauxindochine,mineszincchodon,1914_1929,1,guesde-p
comptoirsgenerauxindochine,plantationsheveaspreckchlongouprekchlong,1914_1929,1,guesde-p
comptoirsgenerauxindochine,plantationsindochinoises,1914_1929,1,guesde-p
comptoirsgenerauxindochine,plantationskantroioukantroy,1914_1929,1,guesde-p
comptoirsgenerauxindochine,saigonnaisenavigationtransport,1914_1929,1,guesde-p
comptoirsgenerauxindochine,sucreriesraffineriesindochine,1914_1929,1,guesde-p
comptoirsgenerauxindochine,thesindochine,1914_1929,1,guesde-p
comptoirsgenerauxindochine,transportsautomobilescentreannam,1914_1929,1,guesde-p
comptoirsgenerauxindochine,unionelectriqueindochine,1914_1929,1,guesde-p
creditfoncierindochine,exportationextremeorient,1914_1929,1,guesde-p
creditfoncierindochine,grandslacsindochine,1914_1929,1,guesde-p
creditfoncierindochine,indochinoisenavigation,1914_1929,1,guesde-p
creditfoncierindochine,mineszincchodon,1914_1929,1,guesde-p
creditfoncierindochine,plantationsheveaspreckchlongouprekchlong,1914_1929,1,guesde-p
creditfoncierindochine,plantationsindochinoises,1914_1929,1,guesde-p
creditfoncierindochine,plantationskantroioukantroy,1914_1929,1,guesde-p
creditfoncierindochine,saigonnaisenavigationtransport,1914_1929,1,guesde-p
creditfoncierindochine,sucreriesraffineriesindochine,1914_1929,1,guesde-p
creditfoncierindochine,thesindochine,1914_1929,1,guesde-p
creditfoncierindochine,transportsautomobilescentreannam,1914_1929,1,guesde-p
exportationextremeorient,grandslacsindochine,1914_1929,1,guesde-p
exportationextremeorient,indochinoiseculturestropicales,1914_1929,1,guesde-p
exportationextremeorient,indochinoisenavigation,1914_1929,1,guesde-p
exportationextremeorient,messageriesfluvialescochinchine,1914_1929,1,guesde-p
exportationextremeorient,mineszincchodon,1914_1929,1,guesde-p
exportationextremeorient,plantationsheveaspreckchlongouprekchlong,1914_1929,1,guesde-p
exportationextremeorient,plantationsindochinoises,1914_1929,1,guesde-p
exportationextremeorient,plantationskantroioukantroy,1914_1929,1,guesde-p
exportationextremeorient,saigonnaisenavigationtransport,1914_1929,1,guesde-p
exportationextremeorient,sucreriesraffineriesindochine,1914_1929,1,guesde-p
exportationextremeorient,thesindochine,1914_1929,1,guesde-p
exportationextremeorient,transportsautomobilescentreannam,1914_1929,1,guesde-p
exportationextremeorient,unionelectriqueindochine,1914_1929,1,guesde-p
grandslacsindochine,indochinoiseculturestropicales,1914_1929,1,guesde-p
grandslacsindochine,indochinoisenavigation,1914_1929,1,guesde-p
grandslacsindochine,messageriesfluvialescochinchine,1914_1929,1,guesde-p
grandslacsindochine,mineszincchodon,1914_1929,1,guesde-p
grandslacsindochine,plantationsindochinoises,1914_1929,1,guesde-p
grandslacsindochine,plantationskantroioukantroy,1914_1929,1,guesde-p
grandslacsindochine,sucreriesraffineriesindochine,1914_1929,1,guesde-p
grandslacsindochine,thesindochine,1914_1929,1,guesde-p
grandslacsindochine,unionelectriqueindochine,1914_1929,1,guesde-p
indochinoiseculturestropicales,indochinoisenavigation,1914_1929,1,guesde-p
indochinoiseculturestropicales,mineszincchodon,1914_1929,1,guesde-p
indochinoiseculturestropicales,thesindochine,1914_1929,1,guesde-p
indochinoisenavigation,messageriesfluvialescochinchine,1914_1929,1,guesde-p
indochinoisenavigation,mineszincchodon,1914_1929,1,guesde-p
indochinoisenavigation,plantationsheveaspreckchlongouprekchlong,1914_1929,1,guesde-p
indochinoisenavigation,plantationsindochinoises,1914_1929,1,guesde-p
indochinoisenavigation,plantationskantroioukantroy,1914_1929,1,guesde-p
indochinoisenavigation,saigonnaisenavigationtransport,1914_1929,1,guesde-p
indochinoisenavigation,sucreriesraffineriesindochine,1914_1929,1,guesde-p
indochinoisenavigation,thesindochine,1914_1929,1,guesde-p
indochinoisenavigation,transportsautomobilescentreannam,1914_1929,1,guesde-p
indochinoisenavigation,unionelectriqueindochine,1914_1929,1,guesde-p
messageriesfluvialescochinchine,mineszincchodon,1914_1929,1,guesde-p
messageriesfluvialescochinchine,plantationsindochinoises,1914_1929,1,guesde-p
messageriesfluvialescochinchine,sucreriesraffineriesindochine,1914_1929,1,guesde-p
messageriesfluvialescochinchine,thesindochine,1914_1929,1,guesde-p
messageriesfluvialescochinchine,unionelectriqueindochine,1914_1929,1,guesde-p
mineszincchodon,plantationsheveaspreckchlongouprekchlong,1914_1929,1,guesde-p
mineszincchodon,plantationsindochinoises,1914_1929,1,guesde-p
mineszincchodon,plantationskantroioukantroy,1914_1929,1,guesde-p
mineszincchodon,saigonnaisenavigationtransport,1914_1929,1,guesde-p
mineszincchodon,sucreriesraffineriesindochine,1914_1929,1,guesde-p
mineszincchodon,thesindochine,1914_1929,1,guesde-p
mineszincchodon,transportsautomobilescentreannam,1914_1929,1,guesde-p
plantationsheveaspreckchlongouprekchlong,plantationsindochinoises,1914_1929,1,guesde-p
plantationsheveaspreckchlongouprekchlong,sucreriesraffineriesindochine,1914_1929,1,guesde-p
plantationsheveaspreckchlongouprekchlong,thesindochine,1914_1929,1,guesde-p
plantationsheveaspreckchlongouprekchlong,unionelectriqueindochine,1914_1929,1,guesde-p
plantationsindochinoises,plantationskantroioukantroy,1914_1929,1,guesde-p
plantationsindochinoises,saigonnaisenavigationtransport,1914_1929,1,guesde-p
plantationsindochinoises,transportsautomobilescentreannam,1914_1929,1,guesde-p
plantationsindochinoises,unionelectriqueindochine,1914_1929,1,guesde-p
plantationskantroioukantroy,sucreriesraffineriesindochine,1914_1929,1,guesde-p
plantationskantroioukantroy,thesindochine,1914_1929,1,guesde-p
plantationskantroioukantroy,unionelectriqueindochine,1914_1929,1,guesde-p
saigonnaisenavigationtransport,sucreriesraffineriesindochine,1914_1929,1,guesde-p
saigonnaisenavigationtransport,thesindochine,1914_1929,1,guesde-p
saigonnaisenavigationtransport,unionelectriqueindochine,1914_1929,1,guesde-p
sucreriesraffineriesindochine,thesindochine,1914_1929,1,guesde-p
sucreriesraffineriesindochine,transportsautomobilescentreannam,1914_1929,1,guesde-p
sucreriesraffineriesindochine,unionelectriqueindochine,1914_1929,1,guesde-p
thesindochine,transportsautomobilescentreannam,1914_1929,1,guesde-p
thesindochine,unionelectriqueindochine,1914_1929,1,guesde-p
transportsautomobilescentreannam,unionelectriqueindochine,1914_1929,1,guesde-p
francoindochinoise,rizeriesmeridionales,1914_1929,1,francou-j
marseillaiserizindochinecm,rizeriesmeridionales,1914_1929,1,francou-j
cotiereannam,minestrangda,1914_1929,1,denis-e
cotiereannam,tabacsindochine,1914_1929,1,denis-e
denisfreresbordeaux,minestrangda,1914_1929,1,denis-e
denisfreresbordeaux,tabacsindochine,1914_1929,1,denis-e
denisfreresindochine,minestrangda,1914_1929,1,denis-e
denisfreresindochine,tabacsindochine,1914_1929,1,denis-e
minestrangda,tabacsindochine,1914_1929,1,denis-e
indochinoiseculturestropicales,indochinoiseexploitationsminieresagricoles,1914_1929,1,baudouin-p
agricolethescafeskontumannam,foncierecambodge,1914_1929,1,maspero-g
agricolethescafeskontumannam,indochinoiseforestiereallumettes,1914_1929,1,maspero-g
agricolethescafeskontumannam,unionelectriqueindochine,1914_1929,1,maspero-g
financiereindochine,foncierecambodge,1914_1929,1,maspero-g
financiereindochine,indochinoiseforestiereallumettes,1914_1929,1,maspero-g
financiereindochine,unionelectriqueindochine,1914_1929,1,maspero-g
foncierecambodge,indochinoiseforestiereallumettes,1914_1929,1,maspero-g
foncierecambodge,unionelectriqueindochine,1914_1929,1,maspero-g
indochinoiseforestiereallumettes,unionelectriqueindochine,1914_1929,1,maspero-g
agricolenordannam,fonciereindochine,1914_1929,1,carrere-g
agricolenordannam,hydrauliqueasie,1914_1929,1,carrere-g
agricolenordannam,indochinoiseforestiereallumettes,1914_1929,1,carrere-g
fonciereindochine,indochinoiseforestiereallumettes,1914_1929,1,carrere-g
hydrauliqueasie,indochinoiseforestiereallumettes,1914_1929,1,carrere-g
agricoleindustriellecamtiem,caoutchoucsphuochoa,1914_1929,1,laurent-j
agricoleindustriellecamtiem,indochinoiseforestiereallumettes,1914_1929,1,laurent-j
agricoleindustriellecamtiem,plantationsheveasprekchlong,1914_1929,1,laurent-j
agricoleindustriellecamtiem,plantationsindochinoises,1914_1929,1,laurent-j
caoutchoucsphuochoa,indochinoiseforestiereallumettes,1914_1929,1,laurent-j
caoutchoucsphuochoa,plantationsheveasprekchlong,1914_1929,1,laurent-j
caoutchoucsphuochoa,plantationsindochinoises,1914_1929,1,laurent-j
indochinoiseforestiereallumettes,plantationsheveasprekchlong,1914_1929,1,laurent-j
indochinoiseforestiereallumettes,plantationsindochinoises,1914_1929,1,laurent-j
plantationsheveasprekchlong,plantationsindochinoises,1914_1929,1,laurent-j
agricolesudindochinoise,indochinoiseforestiereallumettes,1914_1929,1,mahe-g
indochinoisematerielmecanique,sucriereannam,1914_1929,1,denholm-a
indochinoiseculturestropicales,indochinoisepyrotechnie,1914_1929,1,bouvier-r
indochinoisepyrotechnie,papeteriesindochine,1914_1929,1,bouvier-r
indochinoisepyrotechnie,plantationsindochinoises,1914_1929,1,bouvier-r
indochinoisepyrotechnie,sucreriesraffineriesindochine,1914_1929,1,bouvier-r
papeteriesindochine,plantationsindochinoises,1914_1929,1,bouvier-r
papeteriesindochine,sucreriesraffineriesindochine,1914_1929,1,bouvier-r
clermontferrand,financiereindochine,1914_1929,1,jean-duclos-j
clermontferrand,fonciereindochine,1914_1929,1,jean-duclos-j
clermontferrand,indochinoisetransports,1914_1929,1,jean-duclos-j
financiereindochine,fonciereindochine,1914_1929,1,jean-duclos-j
financiereindochine,indochinoisetransports,1914_1929,1,jean-duclos-j
financiereindochine,rizicolesoctrang,1914_1929,1,jean-duclos-j
fonciereindochine,indochinoisetransports,1914_1929,1,jean-duclos-j
indochinoisetransports,rizicolesoctrang,1914_1929,1,jean-duclos-j
minesbanman,minesorbaolac,1914_1929,1,wolfram-du-tonkin
indochinoisegraphites,minesorbaolac,1914_1929,1,dumond-e
minesorbaolac,verreriesindochinecongmy,1914_1929,1,dumond-e
agricolekontum,caoutchoucsindochine,1914_1929,1,bernard-f
agricolekontum,creditfoncierindochine,1914_1929,1,bernard-f
agricolekontum,etudestramwaybencatkratie,1914_1929,1,bernard-f
agricolekontum,messageriesfluvialescochinchine,1914_1929,1,bernard-f
agricolekontum,minesorbaolac,1914_1929,1,bernard-f
caoutchoucsindochine,messageriesfluvialescochinchine,1914_1929,1,bernard-f
caoutchoucsindochine,minesorbaolac,1914_1929,1,bernard-f
creditfoncierindochine,minesorbaolac,1914_1929,1,bernard-f
etudestramwaybencatkratie,messageriesfluvialescochinchine,1914_1929,1,bernard-f
etudestramwaybencatkratie,minesorbaolac,1914_1929,1,bernard-f
messageriesfluvialescochinchine,minesorbaolac,1914_1929,1,bernard-f
minesorbaolac,oxygeneacetyleneextremeorient,1914_1929,1,grand-dufay-c
constructionsmecaniques,scieriesfabriquesallumettesthanhhoa,1914_1929,1,dupre-a
delignon,tramwaystonkin,1914_1929,1,toche-c
indochinoiseculturestropicales,tramwaystonkin,1914_1929,1,toche-c
agricolethescafeskontumannam,sucreriesraffineriesindochinehiephoa,1914_1929,1,grammont-m
financiereindochine,sucreriesraffineriesindochinehiephoa,1914_1929,1,grammont-m
financiereindochine,transportsautomobilescentreannam,1914_1929,1,grammont-m
sucreriesraffineriesindochinehiephoa,transportsautomobilescentreannam,1914_1929,1,grammont-m
agricolenordannam,chargeursextremeorient,1914_1929,1,langlois
chargeursextremeorient,transportsautomobilescentreannam,1914_1929,1,langlois
cheminfersudindochine,fonciereindochine,1914_1929,1,lasseigne-l
cheminfersudindochine,plantationheveasindochinebola,1914_1929,1,lasseigne-l
cheminfersudindochine,rizicolesoctrang,1914_1929,1,lasseigne-l
cheminfersudindochine,transportsautomobilescentreannam,1914_1929,1,lasseigne-l
fonciereindochine,plantationheveasindochinebola,1914_1929,1,lasseigne-l
plantationheveasindochinebola,transportsautomobilescentreannam,1914_1929,1,lasseigne-l
distilleriesmazetindochine,grandslacsindochine,1914_1929,1,mazet-e
distilleriesmazetindochine,hydrauliqueasie,1914_1929,1,mazet-e
fonciereindochine,grandslacsindochine,1914_1929,1,mazet-e
grandslacsindochine,hydrauliqueasie,1914_1929,1,mazet-e
grandslacsindochine,rizicolesoctrang,1914_1929,1,mazet-e
hydrauliqueasie,rizicolesoctrang,1914_1929,1,mazet-e
hydrauliqueasie,transportsautomobilescentreannam,1914_1929,1,mazet-e
agricolenordannam,agricolethescafeskontumannam,1914_1929,1,caffort-l
agricolenordannam,forestiereindochinoise,1914_1929,1,caffort-l
agricolenordannam,sucrierecambodge,1914_1929,1,caffort-l
agricolethescafeskontumannam,forestiereindochinoise,1914_1929,1,caffort-l
agricolethescafeskontumannam,sucrierecambodge,1914_1929,1,caffort-l
forestiereindochinoise,sucrierecambodge,1914_1929,1,caffort-l
forestiereindochinoise,transportsautomobilescentreannam,1914_1929,1,caffort-l
sucrierecambodge,transportsautomobilescentreannam,1914_1929,1,caffort-l
commercialesaigonnaise,rizeriesmekong,1914_1929,1,mayer-j
commercialesaigonnaise,transportsautomobilescentreannam,1914_1929,1,mayer-j
rizeriesmekong,transportsautomobilescentreannam,1914_1929,1,mayer-j
distilleriesmazetindochine,fonciererizicolesoctrang,1914_1929,1,mazet-j
distilleriesmazetindochine,rizicolebattambang,1914_1929,1,mazet-j
fonciereindochine,fonciererizicolesoctrang,1914_1929,1,mazet-j
fonciereindochine,rizicolebattambang,1914_1929,1,mazet-j
fonciererizicolesoctrang,rizicolebattambang,1914_1929,1,mazet-j
fonciererizicolesoctrang,transportsautomobilescentreannam,1914_1929,1,mazet-j
rizicolebattambang,rizicolesoctrang,1914_1929,1,mazet-j
rizicolebattambang,transportsautomobilescentreannam,1914_1929,1,mazet-j
messageriesfluvialescochinchine,plantationsheveasprekchlong,1914_1929,1,rueff-g
plantationsheveasprekchlong,plantationskantroioukantroy,1914_1929,1,rueff-g
plantationsheveasprekchlong,transportsautomobilescentreannam,1914_1929,1,rueff-g
commercialeindochine,fonciereindochine,1914_1929,1,ville-e
commercialeindochine,transportsautomobilescentreannam,1914_1929,1,ville-e
fonciereindochine,rizeriesindochinoises,1914_1929,1,ville-e
rizeriesindochinoises,transportsautomobilescentreannam,1914_1929,1,ville-e
sucreriesraffineriesindochine,verreriesextremeorient,1914_1929,1,d-estaing-g
caoutchoucschamcarleu,unionelectriqueindochine,1914_1929,1,labbe-j
caoutchoucsphuochoa,unionelectriqueindochine,1914_1929,1,labbe-j
explorationindochine,mineszincchodon,1914_1929,1,faure-j
explorationindochine,unionelectriqueindochine,1914_1929,1,faure-j
bienhoaindustrielleforestiere,indochinoiseculturestropicales,1914_1929,1,furiet-c
bienhoaindustrielleforestiere,olivier,1914_1929,1,furiet-c
bienhoaindustrielleforestiere,unionelectriqueindochine,1914_1929,1,furiet-c
indochinoiseculturestropicales,olivier,1914_1929,1,furiet-c
olivier,unionelectriqueindochine,1914_1929,1,furiet-c
caoutchoucsphuochoa,etainsbayastudjuh,1914_1929,1,garcin-f
caoutchoucschamcarleu,foncierecambodge,1914_1929,1,outrey-e
caoutchoucschamcarleu,plantationsheveasxuanloc,1914_1929,1,outrey-e
caoutchoucsphuochoa,foncierecambodge,1914_1929,1,outrey-e
caoutchoucsphuochoa,plantationsheveasxuanloc,1914_1929,1,outrey-e
foncierecambodge,plantationsheveasxuanloc,1914_1929,1,outrey-e
administration,agricolethescafeskontumannam,1914_1929,1,fourn-g
agricolethescafeskontumannam,cheminfersudindochine,1914_1929,1,legrand-r
agricolethescafeskontumannam,hydrauliqueasie,1914_1929,1,legrand-r
cheminfersudindochine,financiereindochine,1914_1929,1,legrand-r
cheminfersudindochine,hydrauliqueasie,1914_1929,1,legrand-r
financiereindochine,hydrauliqueasie,1914_1929,1,legrand-r
agricolethescafeskontumannam,distilleriesmazetindochine,1914_1929,1,petithuguenin-p
agricolethescafeskontumannam,fonciereindochine,1914_1929,1,petithuguenin-p
caoutchoucspadang,fonciererizicolesoctrang,1914_1929,1,blanchard-p
fonciererizicolesoctrang,plantationsindochinoises,1914_1929,1,blanchard-p
forestiereindochinoise,rizicolebattambang,1914_1929,1,fontaine-j
forestiereindochinoise,plantationsagavesannamdongme,1914_1929,1,berthet-j
agricoleindustrielletourcham,forestiereindochinoise,1914_1929,1,incertains-r
agricoleindustriellethapmuoi,agricoleindustrielletourcham,1914_1929,1,lis-a
hautsplateauxindochinois,indochinoiseculturestropicales,1914_1929,1,arnaud-de-vogue
indochinoiseplantations,terresrougesthanhhoa,1914_1929,1,mathee-r
etudestramwaybencatkratie,foncierecoloniale,1914_1929,1,de-rivaud-o
etudestramwaybencatkratie,plantationsindochinoises,1914_1929,1,de-rivaud-o
editionsasie,plantationsagavesannamdongme,1914_1929,1,berquet-o
editionsasie,plantationsheveasxuanloc,1914_1929,1,berquet-o
editionsasie,plantationsindochinoises,1914_1929,1,berquet-o
plantationsagavesannamdongme,plantationsheveasxuanloc,1914_1929,1,berquet-o
plantationsagavesannamdongme,plantationsindochinoises,1914_1929,1,berquet-o
plantationsheveasxuanloc,plantationsindochinoises,1914_1929,1,berquet-o
agricolenordannam,creditfoncierindochine,1914_1929,1,grammont
indochinoiseculturestropicales,plantationsannamitesxacamloc,1914_1929,1,fauconnier-h
locninh,plantationsannamitesxacamloc,1914_1929,1,fauconnier-h
locninh,sucreriesraffineriesindochine,1914_1929,1,fauconnier-h
plantationsannamitesxacamloc,sucreriesraffineriesindochine,1914_1929,1,fauconnier-h
indochinoiseculturestropicales,unioncommercialeindochinoiseafricaine,1914_1929,1,thierry-j
indochinoiseculturestropicales,indochinoisedarlac,1914_1929,1,maillot-l
administration,agricolekontum,1914_1929,1,de-laboulaye-e
administration,brasseriesglacieresindochine,1914_1929,1,de-laboulaye-e
agricolekontum,brasseriesglacieresindochine,1914_1929,1,de-laboulaye-e
agricolekontum,indochinoiseculturestropicales,1914_1929,1,de-laboulaye-e
agricolekontum,plantationsheveaspreckchlongouprekchlong,1914_1929,1,de-laboulaye-e
agricolekontum,plantationsheveasprekchlong,1914_1929,1,de-laboulaye-e
agricolekontum,saigonnaisenavigationtransport,1914_1929,1,de-laboulaye-e
brasseriesglacieresindochine,caoutchoucskompongthom,1914_1929,1,de-laboulaye-e
brasseriesglacieresindochine,indochinoiseculturestropicales,1914_1929,1,de-laboulaye-e
brasseriesglacieresindochine,plantationsheveaspreckchlongouprekchlong,1914_1929,1,de-laboulaye-e
brasseriesglacieresindochine,plantationsheveasprekchlong,1914_1929,1,de-laboulaye-e
brasseriesglacieresindochine,saigonnaisenavigationtransport,1914_1929,1,de-laboulaye-e
caoutchoucskompongthom,plantationsheveaspreckchlongouprekchlong,1914_1929,1,de-laboulaye-e
caoutchoucskompongthom,plantationsheveasprekchlong,1914_1929,1,de-laboulaye-e
caoutchoucskompongthom,saigonnaisenavigationtransport,1914_1929,1,de-laboulaye-e
fonciererizicolesoctrang,plantationsheveascaukhoi,1914_1929,1,beyssac-c
plantationsheveascaukhoi,rizicolesoctrang,1914_1929,1,beyssac-c
domainetabelyul,plantationsheveasprekchlong,1914_1929,1,jacque-l
creditfoncierindochine,plantationsheveasxuanloc,1914_1929,1,daroussin-j
cheminfersudindochine,plantationskratie,1914_1929,1,devies-m
plantationsheveascaukhoi,rizicolebattambang,1914_1929,1,duclos-j
etainskinta,sucreriesraffineriesindochine,1914_1929,1,chaubet-j
etainsmalaisie,sucreriesraffineriesindochine,1914_1929,1,chaubet-j
specialefinanciere,sucreriesraffineriesindochine,1914_1929,1,louppe-a
distilleriesmazetindochine,plantationsheveascaukhoi,1914_1929,1,bertrand
affreteursindochinois,maritimeindochinoise,1914_1929,1,orsini
affreteursindochinois,scama,1914_1929,1,orsini
maritimeindochinoise,scama,1914_1929,1,orsini
francosinoannamiteceramiquescochinchine,plantationsagavesannamdongme,1914_1929,1,ferrand-p
agricoleindustriellebencui,agricolekontum,1914_1929,1,lionel-marie-j
agricoleindustriellebencui,belgischnederlandschecultuurmaatschappij,1914_1929,1,lionel-marie-j
agricoleindustriellebencui,caoutchoucskompongthom,1914_1929,1,lionel-marie-j
agricolekontum,algemeenebelgischjavaschcultuurmaatschappij,1914_1929,1,lionel-marie-j
agricolekontum,belgischnederlandschecultuurmaatschappij,1914_1929,1,lionel-marie-j
agricolekontum,thesindochine,1914_1929,1,lionel-marie-j
algemeenebelgischjavaschcultuurmaatschappij,caoutchoucskompongthom,1914_1929,1,lionel-marie-j
belgischnederlandschecultuurmaatschappij,caoutchoucskompongthom,1914_1929,1,lionel-marie-j
belgischnederlandschecultuurmaatschappij,thesindochine,1914_1929,1,lionel-marie-j
caoutchoucskompongthom,thesindochine,1914_1929,1,lionel-marie-j
charbonnagesdongdang,navigationvapeurfranceindochine,1914_1929,1,perouse-d
charbonnagesdongdang,manufacturecouverturestonkin,1914_1929,1,jean
colonialeeclairageenergie,entreprisesasiatiques,1914_1929,1,porte-p
agenceradiotelegraphiqueindochinepacifique,entreprisesasiatiques,1914_1929,1,fondere-a
agricoleindustriellebencui,commercialeindustriellefrancoannamite,1914_1929,1,de-lafaulotte-a
agricoleindustriellebencui,indochinoiseplantations,1914_1929,1,de-lafaulotte-a
agricoleindustriellebencui,minesortchepone,1914_1929,1,de-lafaulotte-a
commercialeindustriellefrancoannamite,indochinoiseplantations,1914_1929,1,de-lafaulotte-a
commercialeindustriellefrancoannamite,minesortchepone,1914_1929,1,de-lafaulotte-a
indochinoiseplantations,minesortchepone,1914_1929,1,de-lafaulotte-a
brasseriesglacieresindochine,minieremetallurgiqueindochine,1914_1929,1,le-bret-j
aeronautiqueextremeorient,bienhoaindustrielleforestiere,1914_1929,1,bourcier-saint-chaffray-e
bienhoaindustrielleforestiere,minesthakhek,1914_1929,1,bourcier-saint-chaffray-e
bienhoaindustrielleforestiere,minesetainhauttonkin,1914_1929,1,heilmann-j
colonialeeclairageenergie,plantationheveasindochinebola,1914_1929,1,heraud-p
plantationsboyganbar,stsimonheboyeresincaycbarbiererambaudmgettenlemarquisg,1914_1929,1,impr-chaix
banqueindochine,navigationvapeurfranceindochine,1914_1929,1,simon
industriellechimieextremeorienthaiphong,navigationvapeurfranceindochine,1914_1929,1,simon
navigationvapeurfranceindochine,tabacsindochine,1914_1929,1,simon
banqueindochine,minestrangda,1914_1929,1,denis
banqueindochine,plantationsannamitesxacamloc,1914_1929,1,gerard
banqueindustriellechine,caoutchoucspadang,1914_1929,1,berthelot-a
caoutchoucspadang,grandstravauxpekin,1914_1929,1,berthelot-a
caoutchoucspadang,pekinsyndicateltd,1914_1929,1,berthelot-a
grandstravauxpekin,pekinsyndicateltd,1914_1929,1,berthelot-a
banqueindustriellechine,extremeorient,1914_1929,1,ne-serait-il-pas-c
navigationfrancochinoise,poursuitescontredirigeantsbanqueindustriellechine,1914_1929,1,calary-de-lamaziere
banqueindustriellechine,rizeriesmeridionales,1914_1929,1,estrine-l
grandstravauxpekin,poursuitescontredirigeantsbanqueindustriellechine,1914_1929,1,meilhan-a
indochinoisebouchage,poursuitescontredirigeantsbanqueindustriellechine,1914_1929,1,henry-e
aeronautiqueextremeorient,ghmumm,1914_1929,1,lederlin-p
financieremetropolecolonies,minesortchepone,1914_1929,1,de-fommervault-g
financieremetropolecolonies,minierebarytine,1914_1929,1,de-fommervault-g
minesortchepone,minierebarytine,1914_1929,1,de-fommervault-g
cheminfersudindochine,delignon,1914_1929,1,thion-de-la-chaume-r
commercialesaigonnaise,indochinoisecharbonnagesminesmetalliques,1914_1929,1,droit
droitstimbreacquitteparabonnement,terresrougesthanhhoa,1914_1929,1,chretien-a
caoutchoucspadang,chargeursextremeorient,1914_1929,1,devisscher-j
agricoleannam,cochinchineouheveascochinchine,1914_1929,1,engeringh-c
agricoleannam,tamiangrubber,1914_1929,1,engeringh-c
caoutchoucsiboga,cochinchineouheveascochinchine,1914_1929,1,engeringh-c
caoutchoucsiboga,nieuwtjisalak,1914_1929,1,engeringh-c
caoutchoucsiboga,tamiangrubber,1914_1929,1,engeringh-c
cochinchineouheveascochinchine,culturefrancojavanaise,1914_1929,1,engeringh-c
cochinchineouheveascochinchine,kalitengah,1914_1929,1,engeringh-c
cochinchineouheveascochinchine,nieuwtjisalak,1914_1929,1,engeringh-c
cochinchineouheveascochinchine,pacouda,1914_1929,1,engeringh-c
cochinchineouheveascochinchine,plantationscaoutchoucsumatra,1914_1929,1,engeringh-c
cochinchineouheveascochinchine,tamiangrubber,1914_1929,1,engeringh-c
cochinchineouheveascochinchine,tapanoelie,1914_1929,1,engeringh-c
culturefrancojavanaise,nieuwtjisalak,1914_1929,1,engeringh-c
culturefrancojavanaise,tamiangrubber,1914_1929,1,engeringh-c
kalitengah,tamiangrubber,1914_1929,1,engeringh-c
nieuwtjisalak,tamiangrubber,1914_1929,1,engeringh-c
pacouda,tamiangrubber,1914_1929,1,engeringh-c
plantationscaoutchoucsumatra,tamiangrubber,1914_1929,1,engeringh-c
tamiangrubber,tapanoelie,1914_1929,1,engeringh-c
agricoleannam,franconeerlandaiseculturecommerce,1914_1929,1,bernard-j
caoutchoucsiboga,culturepanoulisan,1914_1929,1,bernard-j
culturepanoulisan,kalitengah,1914_1929,1,bernard-j
culturepanoulisan,plantationscaoutchoucsumatra,1914_1929,1,bernard-j
culturepanoulisan,tapanoelie,1914_1929,1,bernard-j
franconeerlandaiseculturecommerce,kalitengah,1914_1929,1,bernard-j
franconeerlandaiseculturecommerce,pacouda,1914_1929,1,bernard-j
franconeerlandaiseculturecommerce,plantationscaoutchoucsumatra,1914_1929,1,bernard-j
franconeerlandaiseculturecommerce,tapanoelie,1914_1929,1,bernard-j
colonialeeclairageenergie,pecheriesindustriellesindochinesaigon,1914_1929,1,cluzeau-b
colonialeeclairageenergie,unionindochinoiseouunionindochinoise,1914_1929,1,cluzeau-b
foncierecoloniale,plantationsterresrouges,1914_1929,1,hallet-a
cotiereannam,gommelaquejb,1914_1929,1,mange-l
cotonnieresaigon,thesindochine,1914_1929,1,touron-r
creditfoncieragricoleindochine,verreriesextremeorient,1914_1929,1,coloniale-f
domainecentral,plantationsannamitesxacamloc,1914_1929,1,peten-c
domainetabelyul,salinessudannamtubong,1914_1929,1,duchateau-r
domainetabelyul,rizeriesmekong,1914_1929,1,denisse-p
grandslacsindochine,rizeriesmekong,1914_1929,1,denisse-p
etainsindochine,etainskinta,1914_1929,1,salathe-a
etainsindochine,etainsmalaisie,1914_1929,1,salathe-a
etainsindochine,etainssilleda,1914_1929,1,salathe-a
etainskinta,etainssilleda,1914_1929,1,salathe-a
etainsmalaisie,etainssilleda,1914_1929,1,salathe-a
delignon,etainskinta,1914_1929,1,thierry-mieg-g
etablissementsdelignon,etainskinta,1914_1929,1,thierry-mieg-g
etainsindochine,minierebarytine,1914_1929,1,bordeaux-j
etainsindochine,minesorbaolac,1914_1929,1,brard
financiereindochine,fonciereannam,1914_1929,1,pierret-j
chalang,fonciereindochine,1914_1929,1,impr-paris
agricolethanhtuyha,foncierecambodge,1914_1929,1,bonniel
foncierecambodge,unionfinancierefrancoindochinoise,1914_1929,1,cremazy-a
franconeerlandaiseculturecommerce,ghmumm,1914_1929,1,motte-e
franconeerlandaiseculturecommerce,papeteriesindochine,1914_1929,1,l-clerc
caoutchoucspadang,frigorifiquesextremeorient,1914_1929,1,pernotte-j
grandslacsindochine,pecheriesindustriellesindochinesaigon,1914_1929,1,bec-a
grandslacsindochine,scama,1914_1929,1,bec-a
grandslacsindochine,unionindochinoiseouunionindochinoise,1914_1929,1,bec-a
pecheriesindustriellesindochinesaigon,scama,1914_1929,1,bec-a
scama,unionindochinoiseouunionindochinoise,1914_1929,1,bec-a
cochinchineouheveascochinchine,sucrerieraffineriecochinchinephumy,1914_1929,1,chaplin-w
heveascochinchine,indochinoisemines,1914_1929,1,boussenot-g
indochinoisemines,sucrerieraffineriecochinchinephumy,1914_1929,1,boussenot-g
indochinoisebouchage,mineorpaclan,1914_1929,1,daurelle-r
indochinoiseculturestropicales,indochinoisemines,1914_1929,1,angoulvant-g
caoutchoucskompongthom,rizeriesextremeorient,1914_1929,1,grand-dufay-h
financiereindochine,mineszincchodon,1914_1929,1,et-joseph-vigne
internationaleplantationsfinanceactionnairesicaf,nieuwtjisalak,1914_1929,1,swart-a
internationaleplantationsfinanceactionnairesicaf,pacouda,1914_1929,1,swart-a
recherchesredevances,terresrougesthanhhoa,1914_1929,1,fafart-a
etudesexploitationsminieresindochine,unionfinancierefrancoindochinoise,1914_1929,1,dupuy
internationaleplantationsfinanceactionnairesicaf,tamiangrubber,1914_1929,1,wright-h
plantationsterresrouges,tramways,1914_1929,1,garnier-a
allumettes,banqueindochine,1930_1944,13,borduge-m; borromee-h; brincard-g; celier-a; guesde-p; homberg-a; julien-p; labussiere-a; michel-cote-c; moreau-e; regismanset-c; renaudin-m; roume-e
plantationscaoutchoucsumatra,tapanoelie,1930_1944,11,bernard-j; cavadia-j; engeringh-c; engeringh-h; laloux-ancion-h; laloux-h; ligtenberg-h; osterrieth-p; swart-a; van-romburgh-p; vereecken-h
leonblondeaux,manufacturesindochinoisescigarettes,1930_1944,10,durand-saint-ange; ed-pfeiffer; ed-weill; guesde-p; laurent-j; law-whishaw-m; rheims-j; rueff-g; tinchant-v; warland-o
hydrauliqueasie,hydrauliqueasiesaigoncorr,1930_1944,9,adm-mm-carrere; carrere-g; charles; crepines; malcor; mazet; teissier-du-cros; water-c-i; water-co-i
caoutchoucsmekongsaigonsoccap30,josse,1930_1944,9,adm-mm-carrere; atthalin; e-mazet; e-outrey; ectors-j; langlois; p-petithuguenin; perrot-j; r-legrand
exploitationetainswolframpiaouac,exploitationsetainswolframpiaouac,1930_1944,8,brard-r; humann-e; monguillot-m; pare-m; petin-h; ramonatxo; vicaire-m; vincenti-e
kalitengah,pacouda,1930_1944,8,bernard-j; engeringh-c; engeringh-h; laloux-g; osterrieth-p; swart-a; varsavaux-h; vereecken-h
creditfoncierindochine,credithypothecaireindochine,1930_1944,7,bloch-laine-j; daroussin-j; gimon-c; giscard-d-estaing-e; guesde-p; laurent-j; roume-e
creditmobilierindochinois,creditmobilierindochinoisexploitationmonts,1930_1944,7,bernard-p; boudon-r; de-chambure-h; gannay-p; guesde-p; laurent-j; nouailhetas-a
caoutchoucsmekong,caoutchoucsmekongprekkak,1930_1944,7,atthalin-a; carrere-g; ectors-j; mazet-e; outrey-e; petithuguenin-p; ph-langlois
etudesengraisazotesindochinechuteda,etudesexploitationsminieresindochine,1930_1944,7,bartholoni-m; brame-p; de-courtivron-p; de-solages; de-vienne-h; dufaure-f; herve-de-pommereau
pacouda,plantationscaoutchoucsumatra,1930_1944,7,bernard-j; engeringh-c; engeringh-h; laloux-h; osterrieth-p; swart-a; vereecken-h
pacouda,tapanoelie,1930_1944,7,bernard-j; engeringh-c; engeringh-h; laloux-h; osterrieth-p; swart-a; vereecken-h
eauxhanoi,foncieretonkinannam,1930_1944,6,audren-de-kerdrel; bussy-a; carrere-g; mazet-e; mazet-j; petithuguenin-p
heveastayninh,plantationsheveasxuanloc,1930_1944,6,daroussin-j; deshors-h; gazano-b; guillemet-j; mercier-a; the-xuong-b
francoindochinoise,inchange,1930_1944,6,denis-e; francou-j; levesque-d; levesque-p; r-de-lestapis; rousseau-h
commercialeindochine,rizeriesindochinoises,1930_1944,6,derre-commissaires-aux-comptes-d-franck; michel-c; rauzy-p; vigouroux-l; ville-e; worms-e
kalitengah,plantationscaoutchoucsumatra,1930_1944,6,bernard-j; engeringh-c; engeringh-h; osterrieth-p; swart-a; vereecken-h
kalitengah,tapanoelie,1930_1944,6,bernard-j; engeringh-c; engeringh-h; osterrieth-p; swart-a; vereecken-h
etainscammon,etainswolframtonkin,1930_1944,5,bardoux-j; baudouin-p; brard-r; de-wendel-f; petin-h
mimot,plantationskantroioukantroy,1930_1944,5,d-ursel-a; deschars-l; guesde-p; rueff-g; vannier-j
fonciereindochine,foncieretonkinannam,1930_1944,5,carrere-g; lasseigne-l; mazet-e; petithuguenin-p; sellier
ufeo,unionfinanciereextremeorient,1930_1944,5,agabriel-l; baillet-g; laederich-g; loisy-x; prangey-h
denisfreresbordeaux,denisfreresindochine,1930_1944,5,de-ferry-f; delalande-l; denis-e; denis-m; rousseau-h
charbonnagesalongdongdang,foncieretonkinannam,1930_1944,5,berger-r; de-la-noe-l; gautheron-c; godfrin-h; tezier-h
commercialeindochine,disponible,1930_1944,5,derre; michel-c; rauzy-p; ville-e; worms-e
caoutchoucsiboga,plantationscaoutchoucsumatra,1930_1944,5,bernard-j; cavadia-j; engeringh-h; osterrieth-p; swart-a
caoutchoucsiboga,tapanoelie,1930_1944,5,bernard-j; cavadia-j; engeringh-h; osterrieth-p; swart-a
kratie,plantationskratiecambodge,1930_1944,5,baudoin-f; delanney-m; devies; r-lhomme; richemond-j
chalandageremorquageindochine,sacric,1930_1944,4,bernard-p; chone; guesde-p; roque-p
constructionsmecaniques,creditfoncierindochine,1930_1944,4,daroussin-j; guesde-p; launay-l; roume-e
constructionsmecaniques,credithypothecaireindochine,1930_1944,4,daroussin-j; e-rousseau; guesde-p; roume-e
leonblondeaux,messageriesfluvialescochinchine,1930_1944,4,ed-pfeiffer; guesde-p; laurent-j; rueff-g
manufacturesindochinoisescigarettes,messageriesfluvialescochinchine,1930_1944,4,ed-pfeiffer; guesde-p; laurent-j; rueff-g
manufacturesindochinoisescigarettes,saigonnaisenavigationtransport,1930_1944,4,guesde-p; pfeiffer-e; rueff-g; saint-ange-d
messageriesfluvialescochinchine,saigonnaisenavigationtransport,1930_1944,4,bernard-f; guesde-p; lancelin-g; rueff-g
exploitationetablissementsbrossardmopin,foncieretonkinannam,1930_1944,4,audren-de-kerdrel-r; bussy-a; carrere-g; lasseigne-l
commercenavigationextremeorient,hautsplateauxindochinois,1930_1944,4,arnaud-de-vogue; jessula-d; launay-l; lis-a
brasseriesglacieresindochine,indochinoiseeauxelectriciteannam,1930_1944,4,de-laboulaye-e; denis-e; le-bret-j; palanque-l
plantationshautdonnai,unionfinanciereextremeorient,1930_1944,4,biron-l; hadengue-y; le-montreer-g; nouailhetas-a
fonciererizicolesoctrang,rizicolebattambangourizicolebattambang,1930_1944,4,benignus-m; duclos-j; j-mazet; mazet-j
cambodge,caoutchoucspadang,1930_1944,4,blanchard-p; durand-a; janssens-p; langlois-p
exploitationetainswolframpiaouac,minesetainhauttonkin,1930_1944,4,humann-e; monguillot-m; pare-m; ramonatxo
exploitationsetainswolframpiaouac,minesetainhauttonkin,1930_1944,4,humann-e; monguillot-m; pare-m; ramonatxo
minesoroutremer,rizeriesindochinoises,1930_1944,4,dussuet-j; michel-c; rauzy-p; worms-e
disponible,rizeriesindochinoises,1930_1944,4,michel-c; rauzy-p; ville-e; worms-e
chauxhydrauliqueslangtho,cimentsportlandartificielsindochine,1930_1944,4,candlot-c; lebreton-f; marchegay-a; perpignani-n
caoutchoucsmekong,caoutchoucsmekongsaigonsoccap30,1930_1944,4,e-mazet; ectors-j; p-petithuguenin; r-legrand
caoutchoucsmekong,josse,1930_1944,4,e-mazet; ectors-j; p-petithuguenin; r-legrand
agricoleannam,pacouda,1930_1944,4,bernard-j; engeringh-c; laloux-h; vereecken-h
agricoleannam,plantationscaoutchoucsumatra,1930_1944,4,bernard-j; engeringh-c; laloux-h; vereecken-h
agricoleannam,tapanoelie,1930_1944,4,bernard-j; engeringh-c; laloux-h; vereecken-h
agricoleannam,culturepanoulisan,1930_1944,4,bernard-j; bertrand-vigne-g; guillemin-j; milliot-c
caoutchoucsiboga,kalitengah,1930_1944,4,bernard-j; engeringh-h; osterrieth-p; swart-a
caoutchoucsiboga,pacouda,1930_1944,4,bernard-j; engeringh-h; osterrieth-p; swart-a
culturefrancojavanaise,culturepanoulisan,1930_1944,4,bernard-j; d-ancona-c; de-lyee-de-belleau-a; zannetto-g
domainedarnga,sicettemaisonavaitsaraisonsocialevieux,1930_1944,4,adm-agricole-de-binh-truoc; heveas-de-tan-thanh-dong; mazet-d-indochine-c; paris-ingenieur-j
banqueindochine,distilleriesindochine,1930_1944,3,baudouin-p; borduge-m; guesde-p
distilleriesindochine,entreprisesdragagestravauxpublics,1930_1944,3,baudouin-p; homberg-o; thion-de-la-chaume
chalandage,sacric,1930_1944,3,guesde-p; homberg-o; simoni-p
creditfoncierindochine,creditmobilierindochinoisexploitationmonts,1930_1944,3,de-tarde-g; guesde-p; laurent-j
creditfoncierindochine,messageriesfluvialescochinchine,1930_1944,3,bernard-f; guesde-p; laurent-j
leonblondeaux,plantationskantroioukantroy,1930_1944,3,guesde-p; rheims-j; rueff-g
manufacturesindochinoisescigarettes,mimot,1930_1944,3,guesde-p; rueff-g; saint-ange-d
manufacturesindochinoisescigarettes,plantationskantroioukantroy,1930_1944,3,guesde-p; rheims-j; rueff-g
marcillac,messageriesfluvialescochinchine,1930_1944,3,guesde-p; marquie-services-de-navigation-en-cochinchine-p; rueff-g
maritimeindochinoise,sicaf,1930_1944,3,guesde-p; letondot-c; van-regemorter
mimot,saigonnaisenavigationtransport,1930_1944,3,guesde-p; rueff-g; saint-ange-d
saigonnaisenavigationtransport,urbainefonciereindochinoise,1930_1944,3,guesde-p; lambert-l; rueff-g
banquefrancochinoisecommerceindustrie,foncierecambodge,1930_1944,3,bussy-a; carrere-g; le-gallen-m
allumettes,sifa,1930_1944,3,carrere-g; maspero-g; welti-e
banquefrancochinoisecommerceindustrie,financiereindochine,1930_1944,3,bussy-a; carrere-g; grammont-m
banquefrancochinoisecommerceindustrie,francoindochinoiseradiophoniecfi,1930_1944,3,bussy-a; carrere-g; grammont-m
caoutchoucsmekong,eauxhanoi,1930_1944,3,carrere-g; mazet-e; petithuguenin-p
caoutchoucsmekong,fonciereindochine,1930_1944,3,carrere-g; mazet-e; petithuguenin-p
caoutchoucsmekong,foncieretonkinannam,1930_1944,3,carrere-g; mazet-e; petithuguenin-p
caoutchoucsmekong,hydrauliqueasiesaigoncorr,1930_1944,3,carrere-g; e-mazet; r-legrand
caoutchoucsmekongprekkak,eauxhanoi,1930_1944,3,carrere-g; mazet-e; petithuguenin-p
caoutchoucsmekongprekkak,fonciereindochine,1930_1944,3,carrere-g; mazet-e; petithuguenin-p
caoutchoucsmekongprekkak,foncieretonkinannam,1930_1944,3,carrere-g; mazet-e; petithuguenin-p
eauxhanoi,fonciereindochine,1930_1944,3,carrere-g; mazet-e; petithuguenin-p
exploitationetablissementsbrossardmopin,financiereindochine,1930_1944,3,bussy-a; carrere-g; maspero-g
exploitationetablissementsbrossardmopin,foncierecambodge,1930_1944,3,bussy-a; carrere-g; maspero-g
financiereindochine,foncierecambodge,1930_1944,3,bussy-a; carrere-g; maspero-g
financiereindochine,francoindochinoiseradiophoniecfi,1930_1944,3,bussy-a; carrere-g; grammont-m
banqueindustriellechine,exploitationetablissementsbrossardmopin,1930_1944,3,duval-a; francois-a; maspero-g
eauxhanoi,fonciererizicolesoctrang,1930_1944,3,blanchard-p; mazet-e; mazet-j
fonciereindochine,fonciererizicolesoctrang,1930_1944,3,blanchard; jean-duclos-j; mazet-e
fonciererizicolesoctrang,urbainefonciereindochinoise,1930_1944,3,lambert-l; mazet-e; mazet-j
indochinoiseculturestropicales,sucreriesraffineriesindochine,1930_1944,3,bouvier-r; fauconnier-h; giscard-d-estaing-e
bienhoaindustrielleforestiere,caoutchoucsdonai,1930_1944,3,bourcier-saint-chaffray-e; furiet-c; launay-l
caoutchoucsdonai,indochinoiseplantationsheveas,1930_1944,3,furiet-c; launay-l; mignot-l
commercenavigationextremeorient,indochinoiseplantationsheveas,1930_1944,3,hoffet-h; launay-l; lis-a
creditmobilierindochinoisexploitationmonts,fiduciaireindochine,1930_1944,3,agabriel-l; boudon-r; nouailhetas-a
fiduciaireindochine,ufeo,1930_1944,3,agabriel-l; boudon-r; denis-e
fiduciaireindochine,unionfinanciereextremeorient,1930_1944,3,agabriel-l; hadengue-y; nouailhetas-a
kratie,unionfinanciereextremeorient,1930_1944,3,agabriel-l; hadengue-y; parts-dernier-cours-connu
foncierecambodge,unionelectriqueindochine,1930_1944,3,labbe-j; maspero-g; outrey-e
denisfreresbordeaux,rizindochinedenisfreres,1930_1944,3,de-ferry-f; delalande-l; denis-e
denisfreresindochine,rizindochinedenisfreres,1930_1944,3,de-ferry-f; delalande-l; denis-e
ghmumm,optorg,1930_1944,3,lorthiois-j; schwob-d-hericourt-j; vanoutryve-f
fonciereimmobilierechihoa,foncieretonkinannam,1930_1944,3,grammont; lasseigne-l; mazet-j
agricolethescafeskontum,caoutchoucsmekong,1930_1944,3,ectors-j; petithuguenin-p; r-legrand
energieelectriqueindochinoise,indochinoiseelectricite,1930_1944,3,allain-m; devaux-p; teissier-du-cros-e
energieelectriqueindochinoise,tramways,1930_1944,3,allain-m; dervieu-p; manus-m
eauxelectriciteindochine,tramways,1930_1944,3,allain; dervieu-p; dubosc-f
etainscammon,fermiereetainsextremeorient,1930_1944,3,bardoux-j; bonnardel-j; brard-r
etainswolframtonkin,indochinoisemetallurgie,1930_1944,3,bardoux-j; brard-r; humann-e
etainswolframtonkin,exploitationetainswolframpiaouac,1930_1944,3,brard-r; humann-e; petin-h
etainswolframtonkin,exploitationsetainswolframpiaouac,1930_1944,3,brard-r; humann-e; petin-h
etainspiaouac,minesetainhauttonkin,1930_1944,3,balas-a; barondeau-g; ramonatxo
entreprisesasiatiques,etainscammon,1930_1944,3,bonnardel-j; de-solages; petin-h
commercialeindochine,minesoroutremer,1930_1944,3,michel-c; rauzy-p; worms-e
disponible,minesoroutremer,1930_1944,3,michel-c; rauzy-p; worms-e
commercialeindochine,rizeriesextremeorient,1930_1944,3,derre; ville-e; worms-e
disponible,rizeriesextremeorient,1930_1944,3,derre; ville-e; worms-e
indochinoiseculturestropicales,papeteriesindochine,1930_1944,3,bouvier-r; homberg-o; toche-c
indochinephonoradio,indochinoisemessageriesautomobiles,1930_1944,3,bedat-de-monlaur; benignus-m; langlois
indochinoisemessageriesautomobiles,messageriesautomobilesnordannamlaos,1930_1944,3,boyer-l; chatot-j; langlois
entreprisesasiatiques,etudesengraisazotesindochinechuteda,1930_1944,3,brame-p; de-solages; dufaure-f
entreprisesasiatiques,etudesexploitationsminieresindochine,1930_1944,3,brame-p; de-solages; dufaure-f
etudesexploitationsminieresindochine,immobilierelaos,1930_1944,3,bartholoni; bartholoni-m; brame-p
distilleriesindochine,minesetainhauttonkin,1930_1944,3,monguillot; monguillot-m; thion-de-la-chaume
caoutchoucschamcarlu,foncierecambodge,1930_1944,3,bataille-a; labbe-j; outrey-e
caoutchoucsmekongsaigonsoccap30,hydrauliqueasiesaigoncorr,1930_1944,3,adm-mm-carrere; e-mazet; r-legrand
hydrauliqueasiesaigoncorr,josse,1930_1944,3,adm-mm-carrere; e-mazet; r-legrand
caoutchoucspadang,sennahrubber,1930_1944,3,de-rivaud-m; de-rivaud-o; ph-langlois
agricoleannam,kalitengah,1930_1944,3,bernard-j; engeringh-c; vereecken-h
kalitengah,nieuwtjisalak,1930_1944,3,engeringh-c; osterrieth-p; swart-a
nieuwtjisalak,pacouda,1930_1944,3,engeringh-c; osterrieth-p; swart-a
nieuwtjisalak,plantationscaoutchoucsumatra,1930_1944,3,engeringh-c; osterrieth-p; swart-a
nieuwtjisalak,tapanoelie,1930_1944,3,engeringh-c; osterrieth-p; swart-a
culturefrancojavanaise,franconeerlandaiseculturecommerce,1930_1944,3,bernard-j; bernard-l; le-roy-e
plantationsheveastanthanhdong,sicettemaisonavaitsaraisonsocialevieux,1930_1944,3,adm-agricole-de-binh-truoc; paris-ingenieur-j; paris-p
allumettes,distilleriesindochine,1930_1944,2,borduge-m; guesde-p
distilleriesindochine,indochinoiseelectricite,1930_1944,2,baudouin-p; thion-de-la-chaume-r
entreprisesdragagestravauxpublics,tramwayseclairageelectriquesshanghai,1930_1944,2,aubrun-j; baudouin-p
etainswolframtonkin,tramwayseclairageelectriquesshanghai,1930_1944,2,baudouin-p; luquet-a
allumettes,constructionsmecaniques,1930_1944,2,guesde-p; roume-e
allumettes,creditfoncierindochine,1930_1944,2,guesde-p; roume-e
allumettes,credithypothecaireindochine,1930_1944,2,guesde-p; roume-e
allumettes,unionelectriqueindochine,1930_1944,2,guesde-p; maspero-g
asiatiquenavigation,unionelectriqueindochine,1930_1944,2,guesde-p; m-robert-j
banqueindochine,constructionsmecaniques,1930_1944,2,guesde-p; roume-e
banqueindochine,creditfoncierindochine,1930_1944,2,guesde-p; roume-e
banqueindochine,credithypothecaireindochine,1930_1944,2,guesde-p; roume-e
banqueindochine,creditmobilierindochinois,1930_1944,2,gannay-p; guesde-p
banqueindochine,creditmobilierindochinoisexploitationmonts,1930_1944,2,gannay-p; guesde-p
cafesindochine,sicaf,1930_1944,2,guesde-p; laroche-c
chalandage,distilleriesindochine,1930_1944,2,guesde-p; homberg-o
chalandageremorquageindochine,creditmobilierindochinois,1930_1944,2,bernard-p; guesde-p
chalandageremorquageindochine,creditmobilierindochinoisexploitationmonts,1930_1944,2,bernard-p; guesde-p
chalandageremorquageindochine,sucreriesraffineriesindochine,1930_1944,2,d-estaing-g; guesde-p
comte,saigonnaisenavigationtransport,1930_1944,2,guesde-p; jacque-l
comte,urbainefonciereindochinoise,1930_1944,2,guesde-p; mazet-j
constructionsmecaniques,distilleriesindochine,1930_1944,2,fontaine-a; guesde-p
creditfoncierindochine,creditmobilierindochinois,1930_1944,2,guesde-p; laurent-j
creditfoncierindochine,distilleriesindochine,1930_1944,2,guesde-p; thion-de-la-chaume-r
creditfoncierindochine,leonblondeaux,1930_1944,2,guesde-p; laurent-j
creditfoncierindochine,manufacturesindochinoisescigarettes,1930_1944,2,guesde-p; laurent-j
creditfoncierindochine,sacric,1930_1944,2,giscard-d-estaing-e; guesde-p
creditfoncierindochine,saigonnaisenavigationtransport,1930_1944,2,bernard-f; guesde-p
creditfoncierindochine,sucreriesraffineriesindochine,1930_1944,2,giscard-d-estaing-e; guesde-p
credithypothecaireindochine,creditmobilierindochinois,1930_1944,2,guesde-p; laurent-j
credithypothecaireindochine,creditmobilierindochinoisexploitationmonts,1930_1944,2,guesde-p; laurent-j
credithypothecaireindochine,leonblondeaux,1930_1944,2,guesde-p; laurent-j
credithypothecaireindochine,manufacturesindochinoisescigarettes,1930_1944,2,guesde-p; laurent-j
credithypothecaireindochine,messageriesfluvialescochinchine,1930_1944,2,guesde-p; laurent-j
credithypothecaireindochine,sacric,1930_1944,2,giscard-d-estaing-e; guesde-p
credithypothecaireindochine,sucreriesraffineriesindochine,1930_1944,2,giscard-d-estaing-e; guesde-p
creditmobilierindochinois,leonblondeaux,1930_1944,2,guesde-p; laurent-j
creditmobilierindochinois,manufacturesindochinoisescigarettes,1930_1944,2,guesde-p; laurent-j
creditmobilierindochinois,messageriesfluvialescochinchine,1930_1944,2,guesde-p; laurent-j
creditmobilierindochinois,sacric,1930_1944,2,bernard-p; guesde-p
creditmobilierindochinoisexploitationmonts,leonblondeaux,1930_1944,2,guesde-p; laurent-j
creditmobilierindochinoisexploitationmonts,manufacturesindochinoisescigarettes,1930_1944,2,guesde-p; laurent-j
creditmobilierindochinoisexploitationmonts,messageriesfluvialescochinchine,1930_1944,2,guesde-p; laurent-j
creditmobilierindochinoisexploitationmonts,sacric,1930_1944,2,bernard-p; guesde-p
distilleriesindochine,sacric,1930_1944,2,guesde-p; homberg-o
leonblondeaux,marcillac,1930_1944,2,guesde-p; rueff-g
leonblondeaux,mimot,1930_1944,2,guesde-p; rueff-g
leonblondeaux,saigonnaisenavigationtransport,1930_1944,2,guesde-p; rueff-g
leonblondeaux,urbainefonciereindochinoise,1930_1944,2,guesde-p; rueff-g
manufacturesindochinoisescigarettes,marcillac,1930_1944,2,guesde-p; rueff-g
manufacturesindochinoisescigarettes,urbainefonciereindochinoise,1930_1944,2,guesde-p; rueff-g
marcillac,mimot,1930_1944,2,guesde-p; rueff-g
marcillac,plantationskantroioukantroy,1930_1944,2,guesde-p; rueff-g
marcillac,saigonnaisenavigationtransport,1930_1944,2,guesde-p; rueff-g
marcillac,urbainefonciereindochinoise,1930_1944,2,guesde-p; rueff-g
messageriesfluvialescochinchine,mimot,1930_1944,2,guesde-p; rueff-g
messageriesfluvialescochinchine,plantationskantroioukantroy,1930_1944,2,guesde-p; rueff-g
messageriesfluvialescochinchine,urbainefonciereindochinoise,1930_1944,2,guesde-p; rueff-g
mimot,urbainefonciereindochinoise,1930_1944,2,guesde-p; rueff-g
plantationskantroioukantroy,saigonnaisenavigationtransport,1930_1944,2,guesde-p; rueff-g
plantationskantroioukantroy,urbainefonciereindochinoise,1930_1944,2,guesde-p; rueff-g
sacric,sucreriesraffineriesindochine,1930_1944,2,giscard-d-estaing-e; guesde-p
creditmobilierindochinois,foncieresaigonnaise,1930_1944,2,boudon-r; gannay-p
creditmobilierindochinois,immobilieresaigoncholon,1930_1944,2,gannay-p; laurent-j
creditmobilierindochinoisexploitationmonts,foncieresaigonnaise,1930_1944,2,boudon-r; gannay-p
creditmobilierindochinoisexploitationmonts,immobilieresaigoncholon,1930_1944,2,gannay-p; laurent-j
banquefrancochinoisecommerceindustrie,caoutchoucsmekong,1930_1944,2,atthalin-a; carrere-g
banquefrancochinoisecommerceindustrie,caoutchoucsmekongprekkak,1930_1944,2,atthalin-a; carrere-g
allumettes,exploitationetablissementsbrossardmopin,1930_1944,2,carrere-g; maspero-g
allumettes,financiereindochine,1930_1944,2,carrere-g; maspero-g
allumettes,foncierecambodge,1930_1944,2,carrere-g; maspero-g
banquefrancochinoisecommerceindustrie,eauxhanoi,1930_1944,2,bussy-a; carrere-g
banquefrancochinoisecommerceindustrie,exploitationetablissementsbrossardmopin,1930_1944,2,bussy-a; carrere-g
banquefrancochinoisecommerceindustrie,foncieretonkinannam,1930_1944,2,bussy-a; carrere-g
caoutchoucsmekong,foncierecambodge,1930_1944,2,carrere-g; outrey-e
caoutchoucsmekong,hydrauliqueasie,1930_1944,2,carrere-g; mazet-e
caoutchoucsmekongprekkak,foncierecambodge,1930_1944,2,carrere-g; outrey-e
caoutchoucsmekongprekkak,hydrauliqueasie,1930_1944,2,carrere-g; mazet-e
eauxhanoi,exploitationetablissementsbrossardmopin,1930_1944,2,bussy-a; carrere-g
eauxhanoi,financiereindochine,1930_1944,2,bussy-a; carrere-g
eauxhanoi,foncierecambodge,1930_1944,2,bussy-a; carrere-g
eauxhanoi,francoindochinoiseradiophoniecfi,1930_1944,2,bussy-a; carrere-g
eauxhanoi,hydrauliqueasie,1930_1944,2,carrere-g; mazet-e
eauxhanoi,sifa,1930_1944,2,carrere-g; laurent-j
exploitationetablissementsbrossardmopin,fonciereindochine,1930_1944,2,carrere-g; lasseigne-l
exploitationetablissementsbrossardmopin,francoindochinoiseradiophoniecfi,1930_1944,2,bussy-a; carrere-g
exploitationetablissementsbrossardmopin,sifa,1930_1944,2,carrere-g; maspero-g
financiereindochine,foncieretonkinannam,1930_1944,2,bussy-a; carrere-g
financiereindochine,hydrauliqueasie,1930_1944,2,carrere-g; legrand-r
financiereindochine,sifa,1930_1944,2,carrere-g; maspero-g
foncierecambodge,foncieretonkinannam,1930_1944,2,bussy-a; carrere-g
foncierecambodge,francoindochinoiseradiophoniecfi,1930_1944,2,bussy-a; carrere-g
foncierecambodge,sifa,1930_1944,2,carrere-g; maspero-g
fonciereindochine,hydrauliqueasie,1930_1944,2,carrere-g; mazet-e
foncieretonkinannam,francoindochinoiseradiophoniecfi,1930_1944,2,bussy-a; carrere-g
foncieretonkinannam,hydrauliqueasie,1930_1944,2,carrere-g; mazet-e
forgesatelierschantiersindochine,francoindochinoiseradiophoniecfi,1930_1944,2,caffort-l; grammont-m
immobilieresaigon,messageriesautomobilesnordannamlaos,1930_1944,2,grammont-m; lasseigne-l
banqueindustriellechine,fonciererizicolesoctrang,1930_1944,2,lambert-l; mazet-e
banqueindustriellechine,urbainefonciereindochinoise,1930_1944,2,lambert-l; mazet-e
caoutchoucsmekong,fonciererizicolesoctrang,1930_1944,2,e-mazet; mazet-e
eauxhanoi,urbainefonciereindochinoise,1930_1944,2,mazet-e; mazet-j
fonciereindochine,urbainefonciereindochinoise,1930_1944,2,mazet-e; ville-e
fonciererizicolesoctrang,foncieretonkinannam,1930_1944,2,mazet-e; mazet-j
foncieretonkinannam,urbainefonciereindochinoise,1930_1944,2,mazet-e; mazet-j
caoutchoucsphuochoa,creditfoncierindochine,1930_1944,2,laurent-j; thion-de-la-chaume-r
creditfoncierindochine,hautsplateauxindochinois,1930_1944,2,launay-l; thion-de-la-chaume-r
distilleriesindochine,voiesferreeslocninhcentreindochinois,1930_1944,2,homberg-o; thion-de-la-chaume-r
banquefrancochinoisecommerceindustrie,credithypothecaireindochine,1930_1944,2,bloch-laine-j; bussy-a
creditfoncierindochine,indochinoiseculturestropicales,1930_1944,2,bernard-f; giscard-d-estaing-e
indochinoiseculturestropicales,sacric,1930_1944,2,giscard-d-estaing-e; homberg-o
indochinoiseculturestropicales,verreriesextremeorient,1930_1944,2,bouvier-r; giscard-d-estaing-e
sucreriesraffineriesindochine,verreriesextremeorient,1930_1944,2,bouvier-r; giscard-d-estaing-e
agricoleindustriellecamtiem,commercenavigationextremeorient,1930_1944,2,launay-l; waespe-f
bienhoaindustrielleforestiere,indochinoiseplantationsheveas,1930_1944,2,furiet-c; launay-l
bienhoaindustrielleforestiere,plantationsloc,1930_1944,2,girard-e; launay-l
commercenavigationextremeorient,plantationsloc,1930_1944,2,hoffet-h; launay-l
creditfoncierindochine,indochinoiseplantationsheveas,1930_1944,2,launay-l; laurent-j
hautsplateauxindochinois,indochinoiseplantationsheveas,1930_1944,2,launay-l; lis-a
indochinoiseplantationsheveas,plantationsloc,1930_1944,2,hoffet-h; launay-l
credithypothecaireindochine,eauxhanoi,1930_1944,2,bussy-a; laurent-j
creditmobilierindochinoisexploitationmonts,ufeo,1930_1944,2,agabriel-l; boudon-r
creditmobilierindochinoisexploitationmonts,unionfinanciereextremeorient,1930_1944,2,agabriel-l; nouailhetas-a
fiduciaireindochine,kratie,1930_1944,2,agabriel-l; hadengue-y
creditmobilierindochinois,fiduciaireindochine,1930_1944,2,boudon-r; nouailhetas-a
colonialeeclairageenergie,etablissementsdelignon,1930_1944,2,bernard-p; toche-c
commercialethesindochinois,creditmobilierindochinois,1930_1944,2,bernard-p; laurent-j
commercialethesindochinois,creditmobilierindochinoisexploitationmonts,1930_1944,2,bernard-p; laurent-j
commercialethesindochinois,leonblondeaux,1930_1944,2,laurent-j; rueff-g
commercialethesindochinois,manufacturesindochinoisescigarettes,1930_1944,2,laurent-j; rueff-g
commercialethesindochinois,messageriesfluvialescochinchine,1930_1944,2,laurent-j; rueff-g
commercialethesindochinois,plantationsheveaspreckchlongouprekchlong,1930_1944,2,laurent-j; rueff-g
leonblondeaux,plantationsheveaspreckchlongouprekchlong,1930_1944,2,laurent-j; rueff-g
manufacturesindochinoisescigarettes,plantationsheveaspreckchlongouprekchlong,1930_1944,2,laurent-j; rueff-g
messageriesfluvialescochinchine,plantationsheveaspreckchlongouprekchlong,1930_1944,2,laurent-j; rueff-g
fiduciaireindochine,plantationshautdonnai,1930_1944,2,hadengue-y; nouailhetas-a
banqueindustriellechine,foncierecambodge,1930_1944,2,colas-e; maspero-g
brasseriesglacieresindochine,francoindochinoise,1930_1944,2,denis-e; le-bret-j
brasseriesglacieresindochine,indochinoiseequipementindustriel,1930_1944,2,denis-e; le-bret-j
brasseriesglacieresindochine,rizindochinedenisfreres,1930_1944,2,denis; denis-e
brasseriesglacieresindochine,ufeo,1930_1944,2,de-laboulaye-e; denis-e
cotiereannam,denisfreresbordeaux,1930_1944,2,de-ferry-f; denis-e
cotiereannam,denisfreresindochine,1930_1944,2,de-ferry-f; denis-e
cotiereannam,rizindochinedenisfreres,1930_1944,2,de-ferry-f; denis-e
denisfreresbordeaux,francoindochinoise,1930_1944,2,denis-e; rousseau-h
denisfreresbordeaux,inchange,1930_1944,2,denis-e; rousseau-h
denisfreresindochine,francoindochinoise,1930_1944,2,denis-e; rousseau-h
denisfreresindochine,inchange,1930_1944,2,denis-e; rousseau-h
francoindochinoise,indochinoiseeauxelectriciteannam,1930_1944,2,denis-e; le-bret-j
francoindochinoise,indochinoiseequipementindustriel,1930_1944,2,denis-e; le-bret-j
inchange,indochinoiseeauxelectriciteannam,1930_1944,2,denis-e; j-le-bret
indochinoiseeauxelectriciteannam,indochinoiseequipementindustriel,1930_1944,2,denis-e; le-bret-j
indochinoiseeauxelectriciteannam,ufeo,1930_1944,2,de-laboulaye-e; denis-e
fabricationcaoutchouc,messageriesfluvialescochinchine,1930_1944,2,bernard-f; rueff-g
fabricationcaoutchouc,saigonnaisenavigationtransport,1930_1944,2,bernard-f; rueff-g
plantationsheveaspreckchlongouprekchlong,saigonnaisenavigationtransport,1930_1944,2,jacque-l; rueff-g
chauxhydrauliqueslangtho,distilleriesindochine,1930_1944,2,boyaval-l; fontaine-a
agricoleindustriellethapmuoi,commerceexportationindochine,1930_1944,2,de-ligondes-h; lis-a
agricoleindustriellethapmuoi,hautsplateauxindochinois,1930_1944,2,lis-a; martini-a
commerceexportationindochine,commercenavigationextremeorient,1930_1944,2,arnaud-de-vogue; lis-a
commerceexportationindochine,hautsplateauxindochinois,1930_1944,2,arnaud-de-vogue; lis-a
foncierefrancoindochinoise,francoasiatiquepetroles,1930_1944,2,jansen-j; tricon-j
constructionsmecaniques,indochinoiseeauxelectriciteannam,1930_1944,2,broussaud-j; le-bret-j
immobilierenhabe,immobilierenhabenhabeounhabe,1930_1944,2,bainier-e; gantier-c
comte,fonciererizicolesoctrang,1930_1944,2,e-mazet; mazet-j
fonciereimmobilierechihoa,fonciererizicolesoctrang,1930_1944,2,jean-duclos-j; mazet-j
caoutchoucspadang,fonciererizicolesoctrang,1930_1944,2,blanchard-p; p-blanchard
caoutchoucspadang,plantationsterresrouges,1930_1944,2,blanchard-p; ph-langlois
agricolethescafeskontum,caoutchoucsmekongprekkak,1930_1944,2,ectors-j; petithuguenin-p
agricolethescafeskontum,foncieretonkinannam,1930_1944,2,grammont; petithuguenin-p
indochinoiseelectricite,tramways,1930_1944,2,allain; allain-m
agricolethescafeskontum,caoutchoucsphuochoa,1930_1944,2,caffort-l; grammont
francoannamitetabacs,plantationsboyganbar,1930_1944,2,boy-landry-e; boy-landry-j
etainscammon,indochinoisemetallurgie,1930_1944,2,bardoux-j; brard-r
etainswolframtonkin,fermiereetainsextremeorient,1930_1944,2,bardoux-j; brard-r
fermiereetainsextremeorient,indochinoisemetallurgie,1930_1944,2,bardoux-j; brard-r
exploitationetainswolframpiaouac,indochinoisemetallurgie,1930_1944,2,brard-r; humann-e
exploitationsetainswolframpiaouac,indochinoisemetallurgie,1930_1944,2,brard-r; humann-e
etainscammon,exploitationetainswolframpiaouac,1930_1944,2,brard-r; petin-h
etainscammon,exploitationsetainswolframpiaouac,1930_1944,2,brard-r; petin-h
fermiereetainsextremeorient,minesoroutremer,1930_1944,2,brard-r; de-lafaulotte-a
minesetainhauttonkin,minieremetallurgiqueindochine,1930_1944,2,hauzeur-l; lecuvre-f
charbonnagestuyenquang,sauvage,1930_1944,2,baffeleuf-a; barondeau-g
fontaine,oxygeneacetyleneextremeorient,1930_1944,2,j-de-la-pommeraye; ziegel-f
minesornamkok,unionminiereindochinoise,1930_1944,2,coupard-c; faure-j
commercialeindochine,grandstravauxextremeorient,1930_1944,2,ville-e; worms-e
disponible,grandstravauxextremeorient,1930_1944,2,ville-e; worms-e
grandstravauxextremeorient,rizeriesextremeorient,1930_1944,2,ville-e; worms-e
grandstravauxextremeorient,rizeriesindochinoises,1930_1944,2,ville-e; worms-e
rizeriesextremeorient,rizeriesindochinoises,1930_1944,2,ville-e; worms-e
indochinephonoradio,rizicolebattambangourizicolebattambang,1930_1944,2,benignus-m; langlois
indochinoisemessageriesautomobiles,rizicolebattambangourizicolebattambang,1930_1944,2,benignus-m; langlois
messageriesautomobilesnordannamlaos,omniumindochinois,1930_1944,2,boyer-l; lasseigne-l
cambodge,indochinoiseculturestropicales,1930_1944,2,fauconnier-h; homberg-o
cambodge,papeteriesindochine,1930_1944,2,clerc-l; homberg-o
chalandage,energieelectriqueindochinoise,1930_1944,2,homberg-o; simoni-p
energieelectriqueindochinoise,sacric,1930_1944,2,homberg-o; simoni-p
entreprisesdragagestravauxpublics,indochinoiseculturestropicales,1930_1944,2,homberg-o; sffc
entreprisesdragagestravauxpublics,voiesferreeslocninhcentreindochinois,1930_1944,2,ader-h; homberg-o
colonialeeclairageenergie,indochinoiseelectricite,1930_1944,2,marcorelle-p; marcorelles-p
etudesengraisazotesindochinechuteda,immobilierelaos,1930_1944,2,bartholoni-m; brame-p
etudes,etudesexploitationsminieresindochine,1930_1944,2,brame-p; dupuy-e
fonciereimmobilierechihoa,fonciereindochine,1930_1944,2,jean-duclos-j; lasseigne-l
fonciereimmobilierechihoa,immobilieresaigon,1930_1944,2,impr-chaix; lasseigne-l
fonciereimmobilierechihoa,messageriesautomobilesnordannamlaos,1930_1944,2,grammont; lasseigne-l
fonciereimmobilierechihoa,thidoirizieresindochine,1930_1944,2,jean-duclos-j; lasseigne-l
fonciereindochine,thidoirizieresindochine,1930_1944,2,jean-duclos-j; lasseigne-l
foncieretonkinannam,messageriesautomobilesnordannamlaos,1930_1944,2,grammont; lasseigne-l
caoutchoucschamcarlu,unionelectriqueindochine,1930_1944,2,labbe-j; outrey-e
chalandage,foncieretonkinannam,1930_1944,2,dong-dang; grammont
francoannamitetabacs,immobilierenhabenhabeounhabe,1930_1944,2,boy-landry-e; gantier-c
hydrauliqueasiesaigoncorr,indochinoiseelectricite,1930_1944,2,teissier-du-cros; teissier-du-cros-e
fonciererizicolesoctrang,francoindochinoisecommissionexportation,1930_1944,2,beyssac-c; j-jean-duclos
fonciererizicolesoctrang,thidoirizieresindochine,1930_1944,2,beyssac-c; jean-duclos-j
salinessudannam,tsanhhaptsaofreres,1930_1944,2,cafe; riz
charbonnagesvinhphuoc,messageriesautomobilesnordannamlaos,1930_1944,2,coudoux-p; monier-g
scieries,sucreriesraffineriesindochine,1930_1944,2,fauconnier-h; louppe-a
agricolethescafeskontum,caoutchoucsmekongsaigonsoccap30,1930_1944,2,ectors-j; r-legrand
agricolethescafeskontum,josse,1930_1944,2,ectors-j; r-legrand
comte,sicettemaisonavaitsaraisonsocialevieux,1930_1944,2,e-mazet; j-cero
fonciererizicolesoctrang,sicettemaisonavaitsaraisonsocialevieux,1930_1944,2,e-mazet; j-mazet
eauxelectriciteindochine,indochinoiseelectricite,1930_1944,2,allain; teissier-du-cros
agricoleindustriellebencui,agricolesongray,1930_1944,2,lionel-marie-j; mallet-c
agricolesongray,cafesindochine,1930_1944,2,laroche-c; lionel-marie-j
agricoleindustriellebencui,banquefrancochinoisecommerceindustrie,1930_1944,2,f-de-flers; j-laurent
agricoleindustriellebencui,caoutchoucskompongthom,1930_1944,2,f-de-flers; j-laurent
banquefrancochinoisecommerceindustrie,caoutchoucskompongthom,1930_1944,2,f-de-flers; j-laurent
agricoleannam,culturefrancojavanaise,1930_1944,2,bernard-j; engeringh-c
culturefrancojavanaise,kalitengah,1930_1944,2,bernard-j; engeringh-c
culturefrancojavanaise,pacouda,1930_1944,2,bernard-j; engeringh-c
culturefrancojavanaise,plantationscaoutchoucsumatra,1930_1944,2,bernard-j; engeringh-c
culturefrancojavanaise,tapanoelie,1930_1944,2,bernard-j; engeringh-c
caoutchoucsiboga,franconeerlandaiseculturecommerce,1930_1944,2,bernard-j; tilloy-m
franconeerlandaiseculturecommerce,tapanoelie,1930_1944,2,bernard-j; saint-girons-j
fonciereimmobilierechihoa,hautsplateauxindochinois,1930_1944,2,impr-chaix; paris-encres-lorilleux
commercialeindochine,immobiliereportsaigon,1930_1944,2,derre; e-ville
domainedarnga,plantationsheveastanthanhdong,1930_1944,2,adm-agricole-de-binh-truoc; paris-ingenieur-j
easterninternationalrubberproducetrustltd,internationaleplantationsfinanceactionnairesicaf,1930_1944,2,poirson-c; wright-h
haiphonnaisebouagesvidanges,lainieretonkin,1930_1944,2,fenies-g; guillou-a
haiphonnaisebouagesvidanges,vidangesbouagestonkin,1930_1944,2,fenies-g; guillou-a
lainieretonkin,vidangesbouagestonkin,1930_1944,2,fenies-g; guillou-a
caoutchoucsiboga,nieuwtjisalak,1930_1944,2,osterrieth-p; swart-a
caoutchoucskompongthom,plantationskantroioukantroy,1930_1944,2,deschars-l; lejeune-c
banqueindochine,entreprisesdragagestravauxpublics,1930_1944,1,baudouin-p
banqueindochine,etainscammon,1930_1944,1,baudouin-p
banqueindochine,etainswolframtonkin,1930_1944,1,baudouin-p
banqueindochine,indochinoiseelectricite,1930_1944,1,baudouin-p
banqueindochine,indochinoiseplantationsheveas,1930_1944,1,baudouin-p
banqueindochine,tramwayseclairageelectriquesshanghai,1930_1944,1,baudouin-p
distilleriesindochine,etainscammon,1930_1944,1,baudouin-p
distilleriesindochine,etainswolframtonkin,1930_1944,1,baudouin-p
distilleriesindochine,indochinoiseplantationsheveas,1930_1944,1,baudouin-p
distilleriesindochine,tramwayseclairageelectriquesshanghai,1930_1944,1,baudouin-p
entreprisesdragagestravauxpublics,etainscammon,1930_1944,1,baudouin-p
entreprisesdragagestravauxpublics,etainswolframtonkin,1930_1944,1,baudouin-p
entreprisesdragagestravauxpublics,indochinoiseelectricite,1930_1944,1,baudouin-p
entreprisesdragagestravauxpublics,indochinoiseplantationsheveas,1930_1944,1,baudouin-p
etainscammon,indochinoiseelectricite,1930_1944,1,baudouin-p
etainscammon,indochinoiseplantationsheveas,1930_1944,1,baudouin-p
etainscammon,tramwayseclairageelectriquesshanghai,1930_1944,1,baudouin-p
etainswolframtonkin,indochinoiseelectricite,1930_1944,1,baudouin-p
etainswolframtonkin,indochinoiseplantationsheveas,1930_1944,1,baudouin-p
indochinoiseelectricite,indochinoiseplantationsheveas,1930_1944,1,baudouin-p
indochinoiseelectricite,tramwayseclairageelectriquesshanghai,1930_1944,1,baudouin-p
indochinoiseplantationsheveas,tramwayseclairageelectriquesshanghai,1930_1944,1,baudouin-p
allumettes,asiatiquenavigation,1930_1944,1,guesde-p
allumettes,cafesindochine,1930_1944,1,guesde-p
allumettes,chalandage,1930_1944,1,guesde-p
allumettes,chalandageremorquageindochine,1930_1944,1,guesde-p
allumettes,comte,1930_1944,1,guesde-p
allumettes,creditmobilierindochinois,1930_1944,1,guesde-p
allumettes,creditmobilierindochinoisexploitationmonts,1930_1944,1,guesde-p
allumettes,indochinefilmscinemas,1930_1944,1,guesde-p
allumettes,leonblondeaux,1930_1944,1,guesde-p
allumettes,manufacturesindochinoisescigarettes,1930_1944,1,guesde-p
allumettes,marcillac,1930_1944,1,guesde-p
allumettes,maritimeindochinoise,1930_1944,1,guesde-p
allumettes,messageriesfluvialescochinchine,1930_1944,1,guesde-p
allumettes,mimot,1930_1944,1,guesde-p
allumettes,plantationskantroioukantroy,1930_1944,1,guesde-p
allumettes,sacric,1930_1944,1,guesde-p
allumettes,saigonnaisenavigationtransport,1930_1944,1,guesde-p
allumettes,sicaf,1930_1944,1,guesde-p
allumettes,sucreriesraffineriesindochine,1930_1944,1,guesde-p
allumettes,urbainefonciereindochinoise,1930_1944,1,guesde-p
asiatiquenavigation,banqueindochine,1930_1944,1,guesde-p
asiatiquenavigation,cafesindochine,1930_1944,1,guesde-p
asiatiquenavigation,chalandage,1930_1944,1,guesde-p
asiatiquenavigation,chalandageremorquageindochine,1930_1944,1,guesde-p
asiatiquenavigation,comte,1930_1944,1,guesde-p
asiatiquenavigation,constructionsmecaniques,1930_1944,1,guesde-p
asiatiquenavigation,creditfoncierindochine,1930_1944,1,guesde-p
asiatiquenavigation,credithypothecaireindochine,1930_1944,1,guesde-p
asiatiquenavigation,creditmobilierindochinois,1930_1944,1,guesde-p
asiatiquenavigation,creditmobilierindochinoisexploitationmonts,1930_1944,1,guesde-p
asiatiquenavigation,distilleriesindochine,1930_1944,1,guesde-p
asiatiquenavigation,indochinefilmscinemas,1930_1944,1,guesde-p
asiatiquenavigation,leonblondeaux,1930_1944,1,guesde-p
asiatiquenavigation,manufacturesindochinoisescigarettes,1930_1944,1,guesde-p
asiatiquenavigation,marcillac,1930_1944,1,guesde-p
asiatiquenavigation,maritimeindochinoise,1930_1944,1,guesde-p
asiatiquenavigation,messageriesfluvialescochinchine,1930_1944,1,guesde-p
asiatiquenavigation,mimot,1930_1944,1,guesde-p
asiatiquenavigation,plantationskantroioukantroy,1930_1944,1,guesde-p
asiatiquenavigation,sacric,1930_1944,1,guesde-p
asiatiquenavigation,saigonnaisenavigationtransport,1930_1944,1,guesde-p
asiatiquenavigation,sicaf,1930_1944,1,guesde-p
asiatiquenavigation,sucreriesraffineriesindochine,1930_1944,1,guesde-p
asiatiquenavigation,urbainefonciereindochinoise,1930_1944,1,guesde-p
banqueindochine,cafesindochine,1930_1944,1,guesde-p
banqueindochine,chalandage,1930_1944,1,guesde-p
banqueindochine,chalandageremorquageindochine,1930_1944,1,guesde-p
banqueindochine,comte,1930_1944,1,guesde-p
banqueindochine,indochinefilmscinemas,1930_1944,1,guesde-p
banqueindochine,leonblondeaux,1930_1944,1,guesde-p
banqueindochine,manufacturesindochinoisescigarettes,1930_1944,1,guesde-p
banqueindochine,marcillac,1930_1944,1,guesde-p
banqueindochine,maritimeindochinoise,1930_1944,1,guesde-p
banqueindochine,messageriesfluvialescochinchine,1930_1944,1,guesde-p
banqueindochine,mimot,1930_1944,1,guesde-p
banqueindochine,plantationskantroioukantroy,1930_1944,1,guesde-p
banqueindochine,sacric,1930_1944,1,guesde-p
banqueindochine,saigonnaisenavigationtransport,1930_1944,1,guesde-p
banqueindochine,sicaf,1930_1944,1,guesde-p
banqueindochine,sucreriesraffineriesindochine,1930_1944,1,guesde-p
banqueindochine,unionelectriqueindochine,1930_1944,1,guesde-p
banqueindochine,urbainefonciereindochinoise,1930_1944,1,guesde-p
cafesindochine,chalandage,1930_1944,1,guesde-p
cafesindochine,chalandageremorquageindochine,1930_1944,1,guesde-p
cafesindochine,comte,1930_1944,1,guesde-p
cafesindochine,constructionsmecaniques,1930_1944,1,guesde-p
cafesindochine,creditfoncierindochine,1930_1944,1,guesde-p
cafesindochine,credithypothecaireindochine,1930_1944,1,guesde-p
cafesindochine,creditmobilierindochinois,1930_1944,1,guesde-p
cafesindochine,creditmobilierindochinoisexploitationmonts,1930_1944,1,guesde-p
cafesindochine,distilleriesindochine,1930_1944,1,guesde-p
cafesindochine,indochinefilmscinemas,1930_1944,1,guesde-p
cafesindochine,leonblondeaux,1930_1944,1,guesde-p
cafesindochine,manufacturesindochinoisescigarettes,1930_1944,1,guesde-p
cafesindochine,marcillac,1930_1944,1,guesde-p
cafesindochine,maritimeindochinoise,1930_1944,1,guesde-p
cafesindochine,messageriesfluvialescochinchine,1930_1944,1,guesde-p
cafesindochine,mimot,1930_1944,1,guesde-p
cafesindochine,plantationskantroioukantroy,1930_1944,1,guesde-p
cafesindochine,sacric,1930_1944,1,guesde-p
cafesindochine,saigonnaisenavigationtransport,1930_1944,1,guesde-p
cafesindochine,sucreriesraffineriesindochine,1930_1944,1,guesde-p
cafesindochine,unionelectriqueindochine,1930_1944,1,guesde-p
cafesindochine,urbainefonciereindochinoise,1930_1944,1,guesde-p
chalandage,chalandageremorquageindochine,1930_1944,1,guesde-p
chalandage,comte,1930_1944,1,guesde-p
chalandage,constructionsmecaniques,1930_1944,1,guesde-p
chalandage,creditfoncierindochine,1930_1944,1,guesde-p
chalandage,credithypothecaireindochine,1930_1944,1,guesde-p
chalandage,creditmobilierindochinois,1930_1944,1,guesde-p
chalandage,creditmobilierindochinoisexploitationmonts,1930_1944,1,guesde-p
chalandage,indochinefilmscinemas,1930_1944,1,guesde-p
chalandage,leonblondeaux,1930_1944,1,guesde-p
chalandage,manufacturesindochinoisescigarettes,1930_1944,1,guesde-p
chalandage,marcillac,1930_1944,1,guesde-p
chalandage,maritimeindochinoise,1930_1944,1,guesde-p
chalandage,messageriesfluvialescochinchine,1930_1944,1,guesde-p
chalandage,mimot,1930_1944,1,guesde-p
chalandage,plantationskantroioukantroy,1930_1944,1,guesde-p
chalandage,saigonnaisenavigationtransport,1930_1944,1,guesde-p
chalandage,sicaf,1930_1944,1,guesde-p
chalandage,sucreriesraffineriesindochine,1930_1944,1,guesde-p
chalandage,unionelectriqueindochine,1930_1944,1,guesde-p
chalandage,urbainefonciereindochinoise,1930_1944,1,guesde-p
chalandageremorquageindochine,comte,1930_1944,1,guesde-p
chalandageremorquageindochine,constructionsmecaniques,1930_1944,1,guesde-p
chalandageremorquageindochine,creditfoncierindochine,1930_1944,1,guesde-p
chalandageremorquageindochine,credithypothecaireindochine,1930_1944,1,guesde-p
chalandageremorquageindochine,distilleriesindochine,1930_1944,1,guesde-p
chalandageremorquageindochine,indochinefilmscinemas,1930_1944,1,guesde-p
chalandageremorquageindochine,leonblondeaux,1930_1944,1,guesde-p
chalandageremorquageindochine,manufacturesindochinoisescigarettes,1930_1944,1,guesde-p
chalandageremorquageindochine,marcillac,1930_1944,1,guesde-p
chalandageremorquageindochine,maritimeindochinoise,1930_1944,1,guesde-p
chalandageremorquageindochine,messageriesfluvialescochinchine,1930_1944,1,guesde-p
chalandageremorquageindochine,mimot,1930_1944,1,guesde-p
chalandageremorquageindochine,plantationskantroioukantroy,1930_1944,1,guesde-p
chalandageremorquageindochine,saigonnaisenavigationtransport,1930_1944,1,guesde-p
chalandageremorquageindochine,sicaf,1930_1944,1,guesde-p
chalandageremorquageindochine,unionelectriqueindochine,1930_1944,1,guesde-p
chalandageremorquageindochine,urbainefonciereindochinoise,1930_1944,1,guesde-p
comte,constructionsmecaniques,1930_1944,1,guesde-p
comte,creditfoncierindochine,1930_1944,1,guesde-p
comte,credithypothecaireindochine,1930_1944,1,guesde-p
comte,creditmobilierindochinois,1930_1944,1,guesde-p
comte,creditmobilierindochinoisexploitationmonts,1930_1944,1,guesde-p
comte,distilleriesindochine,1930_1944,1,guesde-p
comte,indochinefilmscinemas,1930_1944,1,guesde-p
comte,leonblondeaux,1930_1944,1,guesde-p
comte,manufacturesindochinoisescigarettes,1930_1944,1,guesde-p
comte,marcillac,1930_1944,1,guesde-p
comte,maritimeindochinoise,1930_1944,1,guesde-p
comte,messageriesfluvialescochinchine,1930_1944,1,guesde-p
comte,mimot,1930_1944,1,guesde-p
comte,plantationskantroioukantroy,1930_1944,1,guesde-p
comte,sacric,1930_1944,1,guesde-p
comte,sicaf,1930_1944,1,guesde-p
comte,sucreriesraffineriesindochine,1930_1944,1,guesde-p
comte,unionelectriqueindochine,1930_1944,1,guesde-p
constructionsmecaniques,creditmobilierindochinois,1930_1944,1,guesde-p
constructionsmecaniques,creditmobilierindochinoisexploitationmonts,1930_1944,1,guesde-p
constructionsmecaniques,indochinefilmscinemas,1930_1944,1,guesde-p
constructionsmecaniques,leonblondeaux,1930_1944,1,guesde-p
constructionsmecaniques,manufacturesindochinoisescigarettes,1930_1944,1,guesde-p
constructionsmecaniques,marcillac,1930_1944,1,guesde-p
constructionsmecaniques,maritimeindochinoise,1930_1944,1,guesde-p
constructionsmecaniques,messageriesfluvialescochinchine,1930_1944,1,guesde-p
constructionsmecaniques,mimot,1930_1944,1,guesde-p
constructionsmecaniques,plantationskantroioukantroy,1930_1944,1,guesde-p
constructionsmecaniques,sacric,1930_1944,1,guesde-p
constructionsmecaniques,saigonnaisenavigationtransport,1930_1944,1,guesde-p
constructionsmecaniques,sicaf,1930_1944,1,guesde-p
constructionsmecaniques,sucreriesraffineriesindochine,1930_1944,1,guesde-p
constructionsmecaniques,unionelectriqueindochine,1930_1944,1,guesde-p
constructionsmecaniques,urbainefonciereindochinoise,1930_1944,1,guesde-p
creditfoncierindochine,indochinefilmscinemas,1930_1944,1,guesde-p
creditfoncierindochine,marcillac,1930_1944,1,guesde-p
creditfoncierindochine,maritimeindochinoise,1930_1944,1,guesde-p
creditfoncierindochine,mimot,1930_1944,1,guesde-p
creditfoncierindochine,plantationskantroioukantroy,1930_1944,1,guesde-p
creditfoncierindochine,sicaf,1930_1944,1,guesde-p
creditfoncierindochine,unionelectriqueindochine,1930_1944,1,guesde-p
creditfoncierindochine,urbainefonciereindochinoise,1930_1944,1,guesde-p
credithypothecaireindochine,distilleriesindochine,1930_1944,1,guesde-p
credithypothecaireindochine,indochinefilmscinemas,1930_1944,1,guesde-p
credithypothecaireindochine,marcillac,1930_1944,1,guesde-p
credithypothecaireindochine,maritimeindochinoise,1930_1944,1,guesde-p
credithypothecaireindochine,mimot,1930_1944,1,guesde-p
credithypothecaireindochine,plantationskantroioukantroy,1930_1944,1,guesde-p
credithypothecaireindochine,saigonnaisenavigationtransport,1930_1944,1,guesde-p
credithypothecaireindochine,sicaf,1930_1944,1,guesde-p
credithypothecaireindochine,unionelectriqueindochine,1930_1944,1,guesde-p
credithypothecaireindochine,urbainefonciereindochinoise,1930_1944,1,guesde-p
creditmobilierindochinois,distilleriesindochine,1930_1944,1,guesde-p
creditmobilierindochinois,indochinefilmscinemas,1930_1944,1,guesde-p
creditmobilierindochinois,marcillac,1930_1944,1,guesde-p
creditmobilierindochinois,maritimeindochinoise,1930_1944,1,guesde-p
creditmobilierindochinois,mimot,1930_1944,1,guesde-p
creditmobilierindochinois,plantationskantroioukantroy,1930_1944,1,guesde-p
creditmobilierindochinois,saigonnaisenavigationtransport,1930_1944,1,guesde-p
creditmobilierindochinois,sicaf,1930_1944,1,guesde-p
creditmobilierindochinois,sucreriesraffineriesindochine,1930_1944,1,guesde-p
creditmobilierindochinois,unionelectriqueindochine,1930_1944,1,guesde-p
creditmobilierindochinois,urbainefonciereindochinoise,1930_1944,1,guesde-p
creditmobilierindochinoisexploitationmonts,distilleriesindochine,1930_1944,1,guesde-p
creditmobilierindochinoisexploitationmonts,indochinefilmscinemas,1930_1944,1,guesde-p
creditmobilierindochinoisexploitationmonts,marcillac,1930_1944,1,guesde-p
creditmobilierindochinoisexploitationmonts,maritimeindochinoise,1930_1944,1,guesde-p
creditmobilierindochinoisexploitationmonts,mimot,1930_1944,1,guesde-p
creditmobilierindochinoisexploitationmonts,plantationskantroioukantroy,1930_1944,1,guesde-p
creditmobilierindochinoisexploitationmonts,saigonnaisenavigationtransport,1930_1944,1,guesde-p
creditmobilierindochinoisexploitationmonts,sicaf,1930_1944,1,guesde-p
creditmobilierindochinoisexploitationmonts,sucreriesraffineriesindochine,1930_1944,1,guesde-p
creditmobilierindochinoisexploitationmonts,unionelectriqueindochine,1930_1944,1,guesde-p
creditmobilierindochinoisexploitationmonts,urbainefonciereindochinoise,1930_1944,1,guesde-p
distilleriesindochine,indochinefilmscinemas,1930_1944,1,guesde-p
distilleriesindochine,leonblondeaux,1930_1944,1,guesde-p
distilleriesindochine,manufacturesindochinoisescigarettes,1930_1944,1,guesde-p
distilleriesindochine,marcillac,1930_1944,1,guesde-p
distilleriesindochine,maritimeindochinoise,1930_1944,1,guesde-p
distilleriesindochine,messageriesfluvialescochinchine,1930_1944,1,guesde-p
distilleriesindochine,mimot,1930_1944,1,guesde-p
distilleriesindochine,plantationskantroioukantroy,1930_1944,1,guesde-p
distilleriesindochine,saigonnaisenavigationtransport,1930_1944,1,guesde-p
distilleriesindochine,sicaf,1930_1944,1,guesde-p
distilleriesindochine,sucreriesraffineriesindochine,1930_1944,1,guesde-p
distilleriesindochine,unionelectriqueindochine,1930_1944,1,guesde-p
distilleriesindochine,urbainefonciereindochinoise,1930_1944,1,guesde-p
indochinefilmscinemas,leonblondeaux,1930_1944,1,guesde-p
indochinefilmscinemas,manufacturesindochinoisescigarettes,1930_1944,1,guesde-p
indochinefilmscinemas,marcillac,1930_1944,1,guesde-p
indochinefilmscinemas,maritimeindochinoise,1930_1944,1,guesde-p
indochinefilmscinemas,messageriesfluvialescochinchine,1930_1944,1,guesde-p
indochinefilmscinemas,mimot,1930_1944,1,guesde-p
indochinefilmscinemas,plantationskantroioukantroy,1930_1944,1,guesde-p
indochinefilmscinemas,sacric,1930_1944,1,guesde-p
indochinefilmscinemas,saigonnaisenavigationtransport,1930_1944,1,guesde-p
indochinefilmscinemas,sicaf,1930_1944,1,guesde-p
indochinefilmscinemas,sucreriesraffineriesindochine,1930_1944,1,guesde-p
indochinefilmscinemas,unionelectriqueindochine,1930_1944,1,guesde-p
indochinefilmscinemas,urbainefonciereindochinoise,1930_1944,1,guesde-p
leonblondeaux,maritimeindochinoise,1930_1944,1,guesde-p
leonblondeaux,sacric,1930_1944,1,guesde-p
leonblondeaux,sicaf,1930_1944,1,guesde-p
leonblondeaux,sucreriesraffineriesindochine,1930_1944,1,guesde-p
leonblondeaux,unionelectriqueindochine,1930_1944,1,guesde-p
manufacturesindochinoisescigarettes,maritimeindochinoise,1930_1944,1,guesde-p
manufacturesindochinoisescigarettes,sacric,1930_1944,1,guesde-p
manufacturesindochinoisescigarettes,sicaf,1930_1944,1,guesde-p
manufacturesindochinoisescigarettes,sucreriesraffineriesindochine,1930_1944,1,guesde-p
manufacturesindochinoisescigarettes,unionelectriqueindochine,1930_1944,1,guesde-p
marcillac,maritimeindochinoise,1930_1944,1,guesde-p
marcillac,sacric,1930_1944,1,guesde-p
marcillac,sicaf,1930_1944,1,guesde-p
marcillac,sucreriesraffineriesindochine,1930_1944,1,guesde-p
marcillac,unionelectriqueindochine,1930_1944,1,guesde-p
maritimeindochinoise,messageriesfluvialescochinchine,1930_1944,1,guesde-p
maritimeindochinoise,mimot,1930_1944,1,guesde-p
maritimeindochinoise,plantationskantroioukantroy,1930_1944,1,guesde-p
maritimeindochinoise,sacric,1930_1944,1,guesde-p
maritimeindochinoise,saigonnaisenavigationtransport,1930_1944,1,guesde-p
maritimeindochinoise,sucreriesraffineriesindochine,1930_1944,1,guesde-p
maritimeindochinoise,unionelectriqueindochine,1930_1944,1,guesde-p
maritimeindochinoise,urbainefonciereindochinoise,1930_1944,1,guesde-p
messageriesfluvialescochinchine,sacric,1930_1944,1,guesde-p
messageriesfluvialescochinchine,sicaf,1930_1944,1,guesde-p
messageriesfluvialescochinchine,sucreriesraffineriesindochine,1930_1944,1,guesde-p
messageriesfluvialescochinchine,unionelectriqueindochine,1930_1944,1,guesde-p
mimot,sacric,1930_1944,1,guesde-p
mimot,sicaf,1930_1944,1,guesde-p
mimot,sucreriesraffineriesindochine,1930_1944,1,guesde-p
mimot,unionelectriqueindochine,1930_1944,1,guesde-p
plantationskantroioukantroy,sacric,1930_1944,1,guesde-p
plantationskantroioukantroy,sicaf,1930_1944,1,guesde-p
plantationskantroioukantroy,sucreriesraffineriesindochine,1930_1944,1,guesde-p
plantationskantroioukantroy,unionelectriqueindochine,1930_1944,1,guesde-p
sacric,saigonnaisenavigationtransport,1930_1944,1,guesde-p
sacric,sicaf,1930_1944,1,guesde-p
sacric,unionelectriqueindochine,1930_1944,1,guesde-p
sacric,urbainefonciereindochinoise,1930_1944,1,guesde-p
saigonnaisenavigationtransport,sicaf,1930_1944,1,guesde-p
saigonnaisenavigationtransport,sucreriesraffineriesindochine,1930_1944,1,guesde-p
saigonnaisenavigationtransport,unionelectriqueindochine,1930_1944,1,guesde-p
sicaf,sucreriesraffineriesindochine,1930_1944,1,guesde-p
sicaf,unionelectriqueindochine,1930_1944,1,guesde-p
sicaf,urbainefonciereindochinoise,1930_1944,1,guesde-p
sucreriesraffineriesindochine,unionelectriqueindochine,1930_1944,1,guesde-p
sucreriesraffineriesindochine,urbainefonciereindochinoise,1930_1944,1,guesde-p
unionelectriqueindochine,urbainefonciereindochinoise,1930_1944,1,guesde-p
agricoleindustriellethapmuoi,banqueindochine,1930_1944,1,gannay-p
agricoleindustriellethapmuoi,cochinchineimmobiliere,1930_1944,1,gannay-p
agricoleindustriellethapmuoi,creditmobilierindochinois,1930_1944,1,gannay-p
agricoleindustriellethapmuoi,creditmobilierindochinoisexploitationmonts,1930_1944,1,gannay-p
agricoleindustriellethapmuoi,foncieresaigonnaise,1930_1944,1,gannay-p
agricoleindustriellethapmuoi,immobilieresaigoncholon,1930_1944,1,gannay-p
banqueindochine,cochinchineimmobiliere,1930_1944,1,gannay-p
banqueindochine,foncieresaigonnaise,1930_1944,1,gannay-p
banqueindochine,immobilieresaigoncholon,1930_1944,1,gannay-p
cochinchineimmobiliere,creditmobilierindochinois,1930_1944,1,gannay-p
cochinchineimmobiliere,creditmobilierindochinoisexploitationmonts,1930_1944,1,gannay-p
cochinchineimmobiliere,foncieresaigonnaise,1930_1944,1,gannay-p
cochinchineimmobiliere,immobilieresaigoncholon,1930_1944,1,gannay-p
foncieresaigonnaise,immobilieresaigoncholon,1930_1944,1,gannay-p
banquefrancochinoisecommerceindustrie,distilleriesindochine,1930_1944,1,le-gallen-m
distilleriesindochine,foncierecambodge,1930_1944,1,le-gallen-m
allumettes,banquefrancochinoisecommerceindustrie,1930_1944,1,carrere-g
allumettes,caoutchoucsmekong,1930_1944,1,carrere-g
allumettes,caoutchoucsmekongprekkak,1930_1944,1,carrere-g
allumettes,eauxhanoi,1930_1944,1,carrere-g
allumettes,fonciereindochine,1930_1944,1,carrere-g
allumettes,foncieretonkinannam,1930_1944,1,carrere-g
allumettes,francoindochinoiseradiophoniecfi,1930_1944,1,carrere-g
allumettes,hydrauliqueasie,1930_1944,1,carrere-g
allumettes,hydrauliqueasiesaigoncorr,1930_1944,1,carrere-g
banquefrancochinoisecommerceindustrie,fonciereindochine,1930_1944,1,carrere-g
banquefrancochinoisecommerceindustrie,hydrauliqueasie,1930_1944,1,carrere-g
banquefrancochinoisecommerceindustrie,hydrauliqueasiesaigoncorr,1930_1944,1,carrere-g
banquefrancochinoisecommerceindustrie,sifa,1930_1944,1,carrere-g
caoutchoucsmekong,exploitationetablissementsbrossardmopin,1930_1944,1,carrere-g
caoutchoucsmekong,financiereindochine,1930_1944,1,carrere-g
caoutchoucsmekong,francoindochinoiseradiophoniecfi,1930_1944,1,carrere-g
caoutchoucsmekong,sifa,1930_1944,1,carrere-g
caoutchoucsmekongprekkak,exploitationetablissementsbrossardmopin,1930_1944,1,carrere-g
caoutchoucsmekongprekkak,financiereindochine,1930_1944,1,carrere-g
caoutchoucsmekongprekkak,francoindochinoiseradiophoniecfi,1930_1944,1,carrere-g
caoutchoucsmekongprekkak,hydrauliqueasiesaigoncorr,1930_1944,1,carrere-g
caoutchoucsmekongprekkak,sifa,1930_1944,1,carrere-g
eauxhanoi,hydrauliqueasiesaigoncorr,1930_1944,1,carrere-g
exploitationetablissementsbrossardmopin,hydrauliqueasie,1930_1944,1,carrere-g
exploitationetablissementsbrossardmopin,hydrauliqueasiesaigoncorr,1930_1944,1,carrere-g
financiereindochine,fonciereindochine,1930_1944,1,carrere-g
financiereindochine,hydrauliqueasiesaigoncorr,1930_1944,1,carrere-g
foncierecambodge,fonciereindochine,1930_1944,1,carrere-g
foncierecambodge,hydrauliqueasie,1930_1944,1,carrere-g
foncierecambodge,hydrauliqueasiesaigoncorr,1930_1944,1,carrere-g
fonciereindochine,francoindochinoiseradiophoniecfi,1930_1944,1,carrere-g
fonciereindochine,hydrauliqueasiesaigoncorr,1930_1944,1,carrere-g
fonciereindochine,sifa,1930_1944,1,carrere-g
foncieretonkinannam,hydrauliqueasiesaigoncorr,1930_1944,1,carrere-g
foncieretonkinannam,sifa,1930_1944,1,carrere-g
francoindochinoiseradiophoniecfi,hydrauliqueasie,1930_1944,1,carrere-g
francoindochinoiseradiophoniecfi,hydrauliqueasiesaigoncorr,1930_1944,1,carrere-g
francoindochinoiseradiophoniecfi,sifa,1930_1944,1,carrere-g
hydrauliqueasie,sifa,1930_1944,1,carrere-g
hydrauliqueasiesaigoncorr,sifa,1930_1944,1,carrere-g
banquefrancochinoisecommerceindustrie,cheminsferindochineyunnan,1930_1944,1,devies-m
banquefrancochinoisecommerceindustrie,forgesatelierschantiersindochine,1930_1944,1,grammont-m
banquefrancochinoisecommerceindustrie,immobilieresaigon,1930_1944,1,grammont-m
banquefrancochinoisecommerceindustrie,messageriesautomobilesnordannamlaos,1930_1944,1,grammont-m
financiereindochine,forgesatelierschantiersindochine,1930_1944,1,grammont-m
financiereindochine,immobilieresaigon,1930_1944,1,grammont-m
financiereindochine,messageriesautomobilesnordannamlaos,1930_1944,1,grammont-m
forgesatelierschantiersindochine,immobilieresaigon,1930_1944,1,grammont-m
forgesatelierschantiersindochine,messageriesautomobilesnordannamlaos,1930_1944,1,grammont-m
francoindochinoiseradiophoniecfi,immobilieresaigon,1930_1944,1,grammont-m
francoindochinoiseradiophoniecfi,messageriesautomobilesnordannamlaos,1930_1944,1,grammont-m
banqueindustriellechine,caoutchoucsmekong,1930_1944,1,mazet-e
banqueindustriellechine,caoutchoucsmekongprekkak,1930_1944,1,mazet-e
banqueindustriellechine,eauxhanoi,1930_1944,1,mazet-e
banqueindustriellechine,fonciereindochine,1930_1944,1,mazet-e
banqueindustriellechine,foncieretonkinannam,1930_1944,1,mazet-e
banqueindustriellechine,hydrauliqueasie,1930_1944,1,mazet-e
caoutchoucsmekong,urbainefonciereindochinoise,1930_1944,1,mazet-e
caoutchoucsmekongprekkak,fonciererizicolesoctrang,1930_1944,1,mazet-e
caoutchoucsmekongprekkak,urbainefonciereindochinoise,1930_1944,1,mazet-e
fonciererizicolesoctrang,hydrauliqueasie,1930_1944,1,mazet-e
hydrauliqueasie,urbainefonciereindochinoise,1930_1944,1,mazet-e
caoutchoucsphuochoa,distilleriesindochine,1930_1944,1,thion-de-la-chaume-r
caoutchoucsphuochoa,fermiereetainsextremeorient,1930_1944,1,thion-de-la-chaume-r
caoutchoucsphuochoa,hautsplateauxindochinois,1930_1944,1,thion-de-la-chaume-r
caoutchoucsphuochoa,indochinoiseelectricite,1930_1944,1,thion-de-la-chaume-r
caoutchoucsphuochoa,minieremetallurgiqueindochine,1930_1944,1,thion-de-la-chaume-r
caoutchoucsphuochoa,voiesferreeslocninhcentreindochinois,1930_1944,1,thion-de-la-chaume-r
creditfoncierindochine,fermiereetainsextremeorient,1930_1944,1,thion-de-la-chaume-r
creditfoncierindochine,indochinoiseelectricite,1930_1944,1,thion-de-la-chaume-r
creditfoncierindochine,minieremetallurgiqueindochine,1930_1944,1,thion-de-la-chaume-r
creditfoncierindochine,voiesferreeslocninhcentreindochinois,1930_1944,1,thion-de-la-chaume-r
distilleriesindochine,fermiereetainsextremeorient,1930_1944,1,thion-de-la-chaume-r
distilleriesindochine,hautsplateauxindochinois,1930_1944,1,thion-de-la-chaume-r
distilleriesindochine,minieremetallurgiqueindochine,1930_1944,1,thion-de-la-chaume-r
fermiereetainsextremeorient,hautsplateauxindochinois,1930_1944,1,thion-de-la-chaume-r
fermiereetainsextremeorient,indochinoiseelectricite,1930_1944,1,thion-de-la-chaume-r
fermiereetainsextremeorient,minieremetallurgiqueindochine,1930_1944,1,thion-de-la-chaume-r
fermiereetainsextremeorient,voiesferreeslocninhcentreindochinois,1930_1944,1,thion-de-la-chaume-r
hautsplateauxindochinois,indochinoiseelectricite,1930_1944,1,thion-de-la-chaume-r
hautsplateauxindochinois,minieremetallurgiqueindochine,1930_1944,1,thion-de-la-chaume-r
hautsplateauxindochinois,voiesferreeslocninhcentreindochinois,1930_1944,1,thion-de-la-chaume-r
indochinoiseelectricite,minieremetallurgiqueindochine,1930_1944,1,thion-de-la-chaume-r
indochinoiseelectricite,voiesferreeslocninhcentreindochinois,1930_1944,1,thion-de-la-chaume-r
minieremetallurgiqueindochine,voiesferreeslocninhcentreindochinois,1930_1944,1,thion-de-la-chaume-r
banquefrancochinoisecommerceindustrie,creditfoncierindochine,1930_1944,1,bloch-laine-j
constructionsmecaniques,heveastayninh,1930_1944,1,daroussin-j
constructionsmecaniques,plantationsheveasxuanloc,1930_1944,1,daroussin-j
creditfoncierindochine,heveastayninh,1930_1944,1,daroussin-j
creditfoncierindochine,plantationsheveasxuanloc,1930_1944,1,daroussin-j
credithypothecaireindochine,heveastayninh,1930_1944,1,daroussin-j
credithypothecaireindochine,plantationsheveasxuanloc,1930_1944,1,daroussin-j
creditfoncierindochine,verreriesextremeorient,1930_1944,1,giscard-d-estaing-e
credithypothecaireindochine,indochinoiseculturestropicales,1930_1944,1,giscard-d-estaing-e
credithypothecaireindochine,verreriesextremeorient,1930_1944,1,giscard-d-estaing-e
sacric,verreriesextremeorient,1930_1944,1,giscard-d-estaing-e
agricoleindustriellecamtiem,bienhoaindustrielleforestiere,1930_1944,1,launay-l
agricoleindustriellecamtiem,caoutchoucsdonai,1930_1944,1,launay-l
agricoleindustriellecamtiem,constructionsmecaniques,1930_1944,1,launay-l
agricoleindustriellecamtiem,creditfoncierindochine,1930_1944,1,launay-l
agricoleindustriellecamtiem,hautsplateauxindochinois,1930_1944,1,launay-l
agricoleindustriellecamtiem,indochinoiseplantationsheveas,1930_1944,1,launay-l
agricoleindustriellecamtiem,plantationsloc,1930_1944,1,launay-l
bienhoaindustrielleforestiere,commercenavigationextremeorient,1930_1944,1,launay-l
bienhoaindustrielleforestiere,constructionsmecaniques,1930_1944,1,launay-l
bienhoaindustrielleforestiere,creditfoncierindochine,1930_1944,1,launay-l
bienhoaindustrielleforestiere,hautsplateauxindochinois,1930_1944,1,launay-l
caoutchoucsdonai,commercenavigationextremeorient,1930_1944,1,launay-l
caoutchoucsdonai,constructionsmecaniques,1930_1944,1,launay-l
caoutchoucsdonai,creditfoncierindochine,1930_1944,1,launay-l
caoutchoucsdonai,hautsplateauxindochinois,1930_1944,1,launay-l
caoutchoucsdonai,plantationsloc,1930_1944,1,launay-l
commercenavigationextremeorient,constructionsmecaniques,1930_1944,1,launay-l
commercenavigationextremeorient,creditfoncierindochine,1930_1944,1,launay-l
constructionsmecaniques,hautsplateauxindochinois,1930_1944,1,launay-l
constructionsmecaniques,indochinoiseplantationsheveas,1930_1944,1,launay-l
constructionsmecaniques,plantationsloc,1930_1944,1,launay-l
creditfoncierindochine,plantationsloc,1930_1944,1,launay-l
hautsplateauxindochinois,plantationsloc,1930_1944,1,launay-l
brasseriesglacieresindochine,creditfoncierindochine,1930_1944,1,palanque-l
brasseriesglacieresindochine,immobilierefoncierefranceindochine,1930_1944,1,palanque-l
creditfoncierindochine,immobilierefoncierefranceindochine,1930_1944,1,palanque-l
creditfoncierindochine,indochinoiseeauxelectriciteannam,1930_1944,1,palanque-l
immobilierefoncierefranceindochine,indochinoiseeauxelectriciteannam,1930_1944,1,palanque-l
creditfoncierindochine,financiereindochine,1930_1944,1,vigne-j
creditfoncierindochine,tuileriesindochine,1930_1944,1,vigne-j
creditfoncierindochine,unioncommercialeindochinoiseafricaine,1930_1944,1,vigne-j
financiereindochine,tuileriesindochine,1930_1944,1,vigne-j
financiereindochine,unioncommercialeindochinoiseafricaine,1930_1944,1,vigne-j
tuileriesindochine,unioncommercialeindochinoiseafricaine,1930_1944,1,vigne-j
credithypothecaireindochine,exploitationetablissementsbrossardmopin,1930_1944,1,bussy-a
credithypothecaireindochine,financiereindochine,1930_1944,1,bussy-a
credithypothecaireindochine,foncierecambodge,1930_1944,1,bussy-a
credithypothecaireindochine,foncieretonkinannam,1930_1944,1,bussy-a
credithypothecaireindochine,francoindochinoiseradiophoniecfi,1930_1944,1,bussy-a
creditmobilierindochinoisexploitationmonts,kratie,1930_1944,1,agabriel-l
kratie,ufeo,1930_1944,1,agabriel-l
creditmobilierindochinois,ufeo,1930_1944,1,boudon-r
fiduciaireindochine,foncieresaigonnaise,1930_1944,1,boudon-r
foncieresaigonnaise,ufeo,1930_1944,1,boudon-r
chalandageremorquageindochine,colonialeeclairageenergie,1930_1944,1,bernard-p
chalandageremorquageindochine,commercialethesindochinois,1930_1944,1,bernard-p
chalandageremorquageindochine,etablissementsdelignon,1930_1944,1,bernard-p
chalandageremorquageindochine,optorg,1930_1944,1,bernard-p
colonialeeclairageenergie,commercialethesindochinois,1930_1944,1,bernard-p
colonialeeclairageenergie,creditmobilierindochinois,1930_1944,1,bernard-p
colonialeeclairageenergie,creditmobilierindochinoisexploitationmonts,1930_1944,1,bernard-p
colonialeeclairageenergie,optorg,1930_1944,1,bernard-p
colonialeeclairageenergie,sacric,1930_1944,1,bernard-p
commercialethesindochinois,etablissementsdelignon,1930_1944,1,bernard-p
commercialethesindochinois,optorg,1930_1944,1,bernard-p
commercialethesindochinois,sacric,1930_1944,1,bernard-p
creditmobilierindochinois,etablissementsdelignon,1930_1944,1,bernard-p
creditmobilierindochinois,optorg,1930_1944,1,bernard-p
creditmobilierindochinoisexploitationmonts,etablissementsdelignon,1930_1944,1,bernard-p
creditmobilierindochinoisexploitationmonts,optorg,1930_1944,1,bernard-p
etablissementsdelignon,optorg,1930_1944,1,bernard-p
etablissementsdelignon,sacric,1930_1944,1,bernard-p
optorg,sacric,1930_1944,1,bernard-p
caoutchoucsdonai,creditmobilierindochinois,1930_1944,1,de-chambure-h
caoutchoucsdonai,creditmobilierindochinoisexploitationmonts,1930_1944,1,de-chambure-h
caoutchoucskompongthom,caoutchoucsphuochoa,1930_1944,1,laurent-j
caoutchoucskompongthom,commercialethesindochinois,1930_1944,1,laurent-j
caoutchoucskompongthom,creditfoncierindochine,1930_1944,1,laurent-j
caoutchoucskompongthom,credithypothecaireindochine,1930_1944,1,laurent-j
caoutchoucskompongthom,creditmobilierindochinois,1930_1944,1,laurent-j
caoutchoucskompongthom,creditmobilierindochinoisexploitationmonts,1930_1944,1,laurent-j
caoutchoucskompongthom,eauxhanoi,1930_1944,1,laurent-j
caoutchoucskompongthom,immobilieresaigoncholon,1930_1944,1,laurent-j
caoutchoucskompongthom,indochinoiseplantationsheveas,1930_1944,1,laurent-j
caoutchoucskompongthom,leonblondeaux,1930_1944,1,laurent-j
caoutchoucskompongthom,manufacturesindochinoisescigarettes,1930_1944,1,laurent-j
caoutchoucskompongthom,messageriesfluvialescochinchine,1930_1944,1,laurent-j
caoutchoucskompongthom,plantationsheveaspreckchlongouprekchlong,1930_1944,1,laurent-j
caoutchoucskompongthom,sifa,1930_1944,1,laurent-j
caoutchoucsphuochoa,commercialethesindochinois,1930_1944,1,laurent-j
caoutchoucsphuochoa,credithypothecaireindochine,1930_1944,1,laurent-j
caoutchoucsphuochoa,creditmobilierindochinois,1930_1944,1,laurent-j
caoutchoucsphuochoa,creditmobilierindochinoisexploitationmonts,1930_1944,1,laurent-j
caoutchoucsphuochoa,eauxhanoi,1930_1944,1,laurent-j
caoutchoucsphuochoa,immobilieresaigoncholon,1930_1944,1,laurent-j
caoutchoucsphuochoa,indochinoiseplantationsheveas,1930_1944,1,laurent-j
caoutchoucsphuochoa,leonblondeaux,1930_1944,1,laurent-j
caoutchoucsphuochoa,manufacturesindochinoisescigarettes,1930_1944,1,laurent-j
caoutchoucsphuochoa,messageriesfluvialescochinchine,1930_1944,1,laurent-j
caoutchoucsphuochoa,plantationsheveaspreckchlongouprekchlong,1930_1944,1,laurent-j
caoutchoucsphuochoa,sifa,1930_1944,1,laurent-j
commercialethesindochinois,creditfoncierindochine,1930_1944,1,laurent-j
commercialethesindochinois,credithypothecaireindochine,1930_1944,1,laurent-j
commercialethesindochinois,eauxhanoi,1930_1944,1,laurent-j
commercialethesindochinois,immobilieresaigoncholon,1930_1944,1,laurent-j
commercialethesindochinois,indochinoiseplantationsheveas,1930_1944,1,laurent-j
commercialethesindochinois,sifa,1930_1944,1,laurent-j
creditfoncierindochine,eauxhanoi,1930_1944,1,laurent-j
creditfoncierindochine,immobilieresaigoncholon,1930_1944,1,laurent-j
creditfoncierindochine,plantationsheveaspreckchlongouprekchlong,1930_1944,1,laurent-j
creditfoncierindochine,sifa,1930_1944,1,laurent-j
credithypothecaireindochine,immobilieresaigoncholon,1930_1944,1,laurent-j
credithypothecaireindochine,indochinoiseplantationsheveas,1930_1944,1,laurent-j
credithypothecaireindochine,plantationsheveaspreckchlongouprekchlong,1930_1944,1,laurent-j
credithypothecaireindochine,sifa,1930_1944,1,laurent-j
creditmobilierindochinois,eauxhanoi,1930_1944,1,laurent-j
creditmobilierindochinois,indochinoiseplantationsheveas,1930_1944,1,laurent-j
creditmobilierindochinois,plantationsheveaspreckchlongouprekchlong,1930_1944,1,laurent-j
creditmobilierindochinois,sifa,1930_1944,1,laurent-j
creditmobilierindochinoisexploitationmonts,eauxhanoi,1930_1944,1,laurent-j
creditmobilierindochinoisexploitationmonts,indochinoiseplantationsheveas,1930_1944,1,laurent-j
creditmobilierindochinoisexploitationmonts,plantationsheveaspreckchlongouprekchlong,1930_1944,1,laurent-j
creditmobilierindochinoisexploitationmonts,sifa,1930_1944,1,laurent-j
eauxhanoi,immobilieresaigoncholon,1930_1944,1,laurent-j
eauxhanoi,indochinoiseplantationsheveas,1930_1944,1,laurent-j
eauxhanoi,leonblondeaux,1930_1944,1,laurent-j
eauxhanoi,manufacturesindochinoisescigarettes,1930_1944,1,laurent-j
eauxhanoi,messageriesfluvialescochinchine,1930_1944,1,laurent-j
eauxhanoi,plantationsheveaspreckchlongouprekchlong,1930_1944,1,laurent-j
immobilieresaigoncholon,indochinoiseplantationsheveas,1930_1944,1,laurent-j
immobilieresaigoncholon,leonblondeaux,1930_1944,1,laurent-j
immobilieresaigoncholon,manufacturesindochinoisescigarettes,1930_1944,1,laurent-j
immobilieresaigoncholon,messageriesfluvialescochinchine,1930_1944,1,laurent-j
immobilieresaigoncholon,plantationsheveaspreckchlongouprekchlong,1930_1944,1,laurent-j
immobilieresaigoncholon,sifa,1930_1944,1,laurent-j
indochinoiseplantationsheveas,leonblondeaux,1930_1944,1,laurent-j
indochinoiseplantationsheveas,manufacturesindochinoisescigarettes,1930_1944,1,laurent-j
indochinoiseplantationsheveas,messageriesfluvialescochinchine,1930_1944,1,laurent-j
indochinoiseplantationsheveas,plantationsheveaspreckchlongouprekchlong,1930_1944,1,laurent-j
indochinoiseplantationsheveas,sifa,1930_1944,1,laurent-j
leonblondeaux,sifa,1930_1944,1,laurent-j
manufacturesindochinoisescigarettes,sifa,1930_1944,1,laurent-j
messageriesfluvialescochinchine,sifa,1930_1944,1,laurent-j
plantationsheveaspreckchlongouprekchlong,sifa,1930_1944,1,laurent-j
creditmobilierindochinois,plantationshautdonnai,1930_1944,1,nouailhetas-a
creditmobilierindochinois,unionfinanciereextremeorient,1930_1944,1,nouailhetas-a
creditmobilierindochinoisexploitationmonts,plantationshautdonnai,1930_1944,1,nouailhetas-a
agricolethescafeskontum,allumettes,1930_1944,1,maspero-g
agricolethescafeskontum,banqueindustriellechine,1930_1944,1,maspero-g
agricolethescafeskontum,exploitationetablissementsbrossardmopin,1930_1944,1,maspero-g
agricolethescafeskontum,financiereindochine,1930_1944,1,maspero-g
agricolethescafeskontum,foncierecambodge,1930_1944,1,maspero-g
agricolethescafeskontum,sifa,1930_1944,1,maspero-g
agricolethescafeskontum,unionelectriqueindochine,1930_1944,1,maspero-g
allumettes,banqueindustriellechine,1930_1944,1,maspero-g
banqueindustriellechine,financiereindochine,1930_1944,1,maspero-g
banqueindustriellechine,sifa,1930_1944,1,maspero-g
banqueindustriellechine,unionelectriqueindochine,1930_1944,1,maspero-g
exploitationetablissementsbrossardmopin,unionelectriqueindochine,1930_1944,1,maspero-g
financiereindochine,unionelectriqueindochine,1930_1944,1,maspero-g
sifa,unionelectriqueindochine,1930_1944,1,maspero-g
brasseriesglacieresindochine,cotiereannam,1930_1944,1,denis-e
brasseriesglacieresindochine,denisfreresbordeaux,1930_1944,1,denis-e
brasseriesglacieresindochine,denisfreresindochine,1930_1944,1,denis-e
brasseriesglacieresindochine,fiduciaireindochine,1930_1944,1,denis-e
brasseriesglacieresindochine,inchange,1930_1944,1,denis-e
cotiereannam,fiduciaireindochine,1930_1944,1,denis-e
cotiereannam,francoindochinoise,1930_1944,1,denis-e
cotiereannam,inchange,1930_1944,1,denis-e
cotiereannam,indochinoiseeauxelectriciteannam,1930_1944,1,denis-e
cotiereannam,indochinoiseequipementindustriel,1930_1944,1,denis-e
cotiereannam,ufeo,1930_1944,1,denis-e
denisfreresbordeaux,fiduciaireindochine,1930_1944,1,denis-e
denisfreresbordeaux,indochinoiseeauxelectriciteannam,1930_1944,1,denis-e
denisfreresbordeaux,indochinoiseequipementindustriel,1930_1944,1,denis-e
denisfreresbordeaux,ufeo,1930_1944,1,denis-e
denisfreresindochine,fiduciaireindochine,1930_1944,1,denis-e
denisfreresindochine,indochinoiseeauxelectriciteannam,1930_1944,1,denis-e
denisfreresindochine,indochinoiseequipementindustriel,1930_1944,1,denis-e
denisfreresindochine,ufeo,1930_1944,1,denis-e
fiduciaireindochine,francoindochinoise,1930_1944,1,denis-e
fiduciaireindochine,inchange,1930_1944,1,denis-e
fiduciaireindochine,indochinoiseeauxelectriciteannam,1930_1944,1,denis-e
fiduciaireindochine,indochinoiseequipementindustriel,1930_1944,1,denis-e
fiduciaireindochine,rizindochinedenisfreres,1930_1944,1,denis-e
francoindochinoise,rizindochinedenisfreres,1930_1944,1,denis-e
francoindochinoise,ufeo,1930_1944,1,denis-e
inchange,indochinoiseequipementindustriel,1930_1944,1,denis-e
inchange,rizindochinedenisfreres,1930_1944,1,denis-e
inchange,ufeo,1930_1944,1,denis-e
indochinoiseeauxelectriciteannam,rizindochinedenisfreres,1930_1944,1,denis-e
indochinoiseequipementindustriel,rizindochinedenisfreres,1930_1944,1,denis-e
indochinoiseequipementindustriel,ufeo,1930_1944,1,denis-e
rizindochinedenisfreres,ufeo,1930_1944,1,denis-e
kratie,plantationshautdonnai,1930_1944,1,hadengue-y
colonialetabacs,commercialethesindochinois,1930_1944,1,rueff-g
colonialetabacs,conducteurelectriqueblindeincombustible,1930_1944,1,rueff-g
colonialetabacs,fabricationcaoutchouc,1930_1944,1,rueff-g
colonialetabacs,leonblondeaux,1930_1944,1,rueff-g
colonialetabacs,manufacturesindochinoisescigarettes,1930_1944,1,rueff-g
colonialetabacs,marcillac,1930_1944,1,rueff-g
colonialetabacs,messageriesfluvialescochinchine,1930_1944,1,rueff-g
colonialetabacs,mimot,1930_1944,1,rueff-g
colonialetabacs,plantationsheveaspreckchlongouprekchlong,1930_1944,1,rueff-g
colonialetabacs,plantationskantroioukantroy,1930_1944,1,rueff-g
colonialetabacs,saigonnaisenavigationtransport,1930_1944,1,rueff-g
colonialetabacs,urbainefonciereindochinoise,1930_1944,1,rueff-g
commercialethesindochinois,conducteurelectriqueblindeincombustible,1930_1944,1,rueff-g
commercialethesindochinois,fabricationcaoutchouc,1930_1944,1,rueff-g
commercialethesindochinois,marcillac,1930_1944,1,rueff-g
commercialethesindochinois,mimot,1930_1944,1,rueff-g
commercialethesindochinois,plantationskantroioukantroy,1930_1944,1,rueff-g
commercialethesindochinois,saigonnaisenavigationtransport,1930_1944,1,rueff-g
commercialethesindochinois,urbainefonciereindochinoise,1930_1944,1,rueff-g
conducteurelectriqueblindeincombustible,fabricationcaoutchouc,1930_1944,1,rueff-g
conducteurelectriqueblindeincombustible,leonblondeaux,1930_1944,1,rueff-g
conducteurelectriqueblindeincombustible,manufacturesindochinoisescigarettes,1930_1944,1,rueff-g
conducteurelectriqueblindeincombustible,marcillac,1930_1944,1,rueff-g
conducteurelectriqueblindeincombustible,messageriesfluvialescochinchine,1930_1944,1,rueff-g
conducteurelectriqueblindeincombustible,mimot,1930_1944,1,rueff-g
conducteurelectriqueblindeincombustible,plantationsheveaspreckchlongouprekchlong,1930_1944,1,rueff-g
conducteurelectriqueblindeincombustible,plantationskantroioukantroy,1930_1944,1,rueff-g
conducteurelectriqueblindeincombustible,saigonnaisenavigationtransport,1930_1944,1,rueff-g
conducteurelectriqueblindeincombustible,urbainefonciereindochinoise,1930_1944,1,rueff-g
fabricationcaoutchouc,leonblondeaux,1930_1944,1,rueff-g
fabricationcaoutchouc,manufacturesindochinoisescigarettes,1930_1944,1,rueff-g
fabricationcaoutchouc,marcillac,1930_1944,1,rueff-g
fabricationcaoutchouc,mimot,1930_1944,1,rueff-g
fabricationcaoutchouc,plantationsheveaspreckchlongouprekchlong,1930_1944,1,rueff-g
fabricationcaoutchouc,plantationskantroioukantroy,1930_1944,1,rueff-g
fabricationcaoutchouc,urbainefonciereindochinoise,1930_1944,1,rueff-g
marcillac,plantationsheveaspreckchlongouprekchlong,1930_1944,1,rueff-g
mimot,plantationsheveaspreckchlongouprekchlong,1930_1944,1,rueff-g
plantationsheveaspreckchlongouprekchlong,plantationskantroioukantroy,1930_1944,1,rueff-g
plantationsheveaspreckchlongouprekchlong,urbainefonciereindochinoise,1930_1944,1,rueff-g
agricoleindustriellecamtiem,chauxhydrauliqueslangtho,1930_1944,1,boyaval-l
agricoleindustriellecamtiem,commerceexportationindochine,1930_1944,1,boyaval-l
agricoleindustriellecamtiem,distilleriesindochine,1930_1944,1,boyaval-l
agricoleindustriellecamtiem,verreriesextremeorient,1930_1944,1,boyaval-l
chauxhydrauliqueslangtho,commerceexportationindochine,1930_1944,1,boyaval-l
chauxhydrauliqueslangtho,verreriesextremeorient,1930_1944,1,boyaval-l
commerceexportationindochine,distilleriesindochine,1930_1944,1,boyaval-l
commerceexportationindochine,verreriesextremeorient,1930_1944,1,boyaval-l
distilleriesindochine,verreriesextremeorient,1930_1944,1,boyaval-l
agricoleindustriellethapmuoi,commercenavigationextremeorient,1930_1944,1,lis-a
agricoleindustriellethapmuoi,indochinoiseplantationsheveas,1930_1944,1,lis-a
commerceexportationindochine,indochinoiseplantationsheveas,1930_1944,1,lis-a
agricoleindustriellethapmuoi,granindo,1930_1944,1,de-ligondes-h
commerceexportationindochine,granindo,1930_1944,1,de-ligondes-h
commercenavigationextremeorient,fontaineetabl,1930_1944,1,hoffet-h
fontaineetabl,indochinoiseplantationsheveas,1930_1944,1,hoffet-h
fontaineetabl,plantationsloc,1930_1944,1,hoffet-h
brasseriesglacieresindochine,constructionsmecaniques,1930_1944,1,le-bret-j
brasseriesglacieresindochine,etudesengraisazotesindochinechuteda,1930_1944,1,le-bret-j
brasseriesglacieresindochine,minieremetallurgiqueindochine,1930_1944,1,le-bret-j
constructionsmecaniques,etudesengraisazotesindochinechuteda,1930_1944,1,le-bret-j
constructionsmecaniques,francoindochinoise,1930_1944,1,le-bret-j
constructionsmecaniques,indochinoiseequipementindustriel,1930_1944,1,le-bret-j
constructionsmecaniques,minieremetallurgiqueindochine,1930_1944,1,le-bret-j
etudesengraisazotesindochinechuteda,francoindochinoise,1930_1944,1,le-bret-j
etudesengraisazotesindochinechuteda,indochinoiseeauxelectriciteannam,1930_1944,1,le-bret-j
etudesengraisazotesindochinechuteda,indochinoiseequipementindustriel,1930_1944,1,le-bret-j
etudesengraisazotesindochinechuteda,minieremetallurgiqueindochine,1930_1944,1,le-bret-j
francoindochinoise,minieremetallurgiqueindochine,1930_1944,1,le-bret-j
indochinoiseeauxelectriciteannam,minieremetallurgiqueindochine,1930_1944,1,le-bret-j
indochinoiseequipementindustriel,minieremetallurgiqueindochine,1930_1944,1,le-bret-j
distilleriesindochine,ghmumm,1930_1944,1,schwob-d-hericourt-j
distilleriesindochine,optorg,1930_1944,1,schwob-d-hericourt-j
charbonnagesdongtrieu,comptoirscharbonnagesindochinois,1930_1944,1,varenne-g
etablissementsbainierindochineautohall,immobilierenhabe,1930_1944,1,bainier-e
etablissementsbainierindochineautohall,immobilierenhabenhabeounhabe,1930_1944,1,bainier-e
etablissementsbainierindochineautohall,indochinoisecommerce,1930_1944,1,berquet-o
etablissementsbainierindochineautohall,plantationsterresrouges,1930_1944,1,berquet-o
indochinoisecommerce,plantationsterresrouges,1930_1944,1,berquet-o
etablissementsbainierindochineautohall,fonciereimmobilierechihoa,1930_1944,1,guyonnet-a
comte,eauxhanoi,1930_1944,1,mazet-j
comte,fonciereimmobilierechihoa,1930_1944,1,mazet-j
comte,foncieretonkinannam,1930_1944,1,mazet-j
comte,rizicolebattambangourizicolebattambang,1930_1944,1,mazet-j
eauxhanoi,fonciereimmobilierechihoa,1930_1944,1,mazet-j
eauxhanoi,rizicolebattambangourizicolebattambang,1930_1944,1,mazet-j
fonciereimmobilierechihoa,rizicolebattambangourizicolebattambang,1930_1944,1,mazet-j
fonciereimmobilierechihoa,urbainefonciereindochinoise,1930_1944,1,mazet-j
foncieretonkinannam,rizicolebattambangourizicolebattambang,1930_1944,1,mazet-j
rizicolebattambangourizicolebattambang,urbainefonciereindochinoise,1930_1944,1,mazet-j
cambodge,eauxhanoi,1930_1944,1,blanchard-p
cambodge,fonciererizicolesoctrang,1930_1944,1,blanchard-p
cambodge,plantationsterresrouges,1930_1944,1,blanchard-p
caoutchoucspadang,eauxhanoi,1930_1944,1,blanchard-p
eauxhanoi,plantationsterresrouges,1930_1944,1,blanchard-p
fonciererizicolesoctrang,plantationsterresrouges,1930_1944,1,blanchard-p
assurancefranceindochine,eauxhanoi,1930_1944,1,audren-de-kerdrel
assurancefranceindochine,foncieretonkinannam,1930_1944,1,audren-de-kerdrel
agricolethescafeskontum,eauxhanoi,1930_1944,1,petithuguenin-p
agricolethescafeskontum,fonciereindochine,1930_1944,1,petithuguenin-p
agricolethescafeskontum,saigonnaisenavigationtransport,1930_1944,1,petithuguenin-p
caoutchoucsmekong,saigonnaisenavigationtransport,1930_1944,1,petithuguenin-p
caoutchoucsmekongprekkak,saigonnaisenavigationtransport,1930_1944,1,petithuguenin-p
eauxhanoi,saigonnaisenavigationtransport,1930_1944,1,petithuguenin-p
fonciereindochine,saigonnaisenavigationtransport,1930_1944,1,petithuguenin-p
foncieretonkinannam,saigonnaisenavigationtransport,1930_1944,1,petithuguenin-p
eauxelectriciteindochine,energieelectriqueindochinoise,1930_1944,1,dervieu-p
etudesengraisazotesindochinechuteda,tramwaysdonai,1930_1944,1,perrin
agricolethescafeskontum,forestiereindochinoise,1930_1944,1,caffort-l
agricolethescafeskontum,forgesatelierschantiersindochine,1930_1944,1,caffort-l
agricolethescafeskontum,francoindochinoiseradiophoniecfi,1930_1944,1,caffort-l
agricolethescafeskontum,minieresudannam,1930_1944,1,caffort-l
agricolethescafeskontum,urbainefonciereindochinoise,1930_1944,1,caffort-l
caoutchoucsphuochoa,forestiereindochinoise,1930_1944,1,caffort-l
caoutchoucsphuochoa,forgesatelierschantiersindochine,1930_1944,1,caffort-l
caoutchoucsphuochoa,francoindochinoiseradiophoniecfi,1930_1944,1,caffort-l
caoutchoucsphuochoa,minieresudannam,1930_1944,1,caffort-l
caoutchoucsphuochoa,urbainefonciereindochinoise,1930_1944,1,caffort-l
forestiereindochinoise,forgesatelierschantiersindochine,1930_1944,1,caffort-l
forestiereindochinoise,francoindochinoiseradiophoniecfi,1930_1944,1,caffort-l
forestiereindochinoise,minieresudannam,1930_1944,1,caffort-l
forestiereindochinoise,urbainefonciereindochinoise,1930_1944,1,caffort-l
forgesatelierschantiersindochine,minieresudannam,1930_1944,1,caffort-l
forgesatelierschantiersindochine,urbainefonciereindochinoise,1930_1944,1,caffort-l
francoindochinoiseradiophoniecfi,minieresudannam,1930_1944,1,caffort-l
francoindochinoiseradiophoniecfi,urbainefonciereindochinoise,1930_1944,1,caffort-l
minieresudannam,urbainefonciereindochinoise,1930_1944,1,caffort-l
francoindochinoiseradiophoniecfi,tuileriesindochine,1930_1944,1,girardin-p
etablissementsdelignon,soiesfranceindochine,1930_1944,1,delignon-l
soiesfranceindochine,tsanhhaptsaofreres,1930_1944,1,cotte-a
darlac,gommelaquejb,1930_1944,1,incertains-r
darlac,soiesfranceindochine,1930_1944,1,incertains-r
gommelaquejb,soiesfranceindochine,1930_1944,1,incertains-r
francoannamitetabacs,immobilierefoncierefranceindochine,1930_1944,1,boy-landry-j
immobilierefoncierefranceindochine,plantationsboyganbar,1930_1944,1,boy-landry-j
etainswolframtonkin,minesetainhauttonkin,1930_1944,1,humann-e
indochinoisemetallurgie,minesetainhauttonkin,1930_1944,1,humann-e
etainscammon,minesoroutremer,1930_1944,1,brard-r
etainswolframtonkin,minesoroutremer,1930_1944,1,brard-r
exploitationetainswolframpiaouac,fermiereetainsextremeorient,1930_1944,1,brard-r
exploitationetainswolframpiaouac,minesoroutremer,1930_1944,1,brard-r
exploitationsetainswolframpiaouac,fermiereetainsextremeorient,1930_1944,1,brard-r
exploitationsetainswolframpiaouac,minesoroutremer,1930_1944,1,brard-r
indochinoisemetallurgie,minesoroutremer,1930_1944,1,brard-r
entreprisesasiatiques,etainsindochine,1930_1944,1,wolfram-du-tonkin
etainspiaouac,exploitationetainswolframpiaouac,1930_1944,1,ramonatxo
etainspiaouac,exploitationsetainswolframpiaouac,1930_1944,1,ramonatxo
charbonnagestuyenquang,etainspiaouac,1930_1944,1,barondeau-g
charbonnagestuyenquang,minesetainhauttonkin,1930_1944,1,barondeau-g
etainspiaouac,sauvage,1930_1944,1,barondeau-g
minesetainhauttonkin,sauvage,1930_1944,1,barondeau-g
entreprisesasiatiques,etainswolframtonkin,1930_1944,1,petin-h
entreprisesasiatiques,exploitationetainswolframpiaouac,1930_1944,1,petin-h
entreprisesasiatiques,exploitationsetainswolframpiaouac,1930_1944,1,petin-h
fontaine,forgesatelierschantiersindochine,1930_1944,1,ziegel-f
forgesatelierschantiersindochine,oxygeneacetyleneextremeorient,1930_1944,1,ziegel-f
indochinefilmscinemas,prospection,1930_1944,1,fuyet-a
indochinoiseelectricite,manufacturesindochinoisescigarettes,1930_1944,1,pfeiffer-e
indochinoiseelectricite,saigonnaisenavigationtransport,1930_1944,1,pfeiffer-e
charbonnagesalongdongdang,minesorlitchofilialetcheponeassociationminiere,1930_1944,1,gautheron-c
charbonnagesalongdongdang,minesoroutremer,1930_1944,1,gautheron-c
foncieretonkinannam,minesorlitchofilialetcheponeassociationminiere,1930_1944,1,gautheron-c
foncieretonkinannam,minesoroutremer,1930_1944,1,gautheron-c
minesorlitchofilialetcheponeassociationminiere,minesoroutremer,1930_1944,1,gautheron-c
agricoleforestiereyenmy,minesoroutremer,1930_1944,1,dandolo-m
grandstravauxextremeorient,minesoroutremer,1930_1944,1,worms-e
minesoroutremer,rizeriesextremeorient,1930_1944,1,worms-e
chalandageremorquageindochine,indochinoiseplantations,1930_1944,1,mathee-r
chalandageremorquageindochine,terresrougesthanhhoa,1930_1944,1,mathee-r
indochinoiseplantations,terresrougesthanhhoa,1930_1944,1,mathee-r
constructionsmecaniques,sauvage,1930_1944,1,forest
colonialeeclairageenergie,indochinoiseculturestropicales,1930_1944,1,toche-c
colonialeeclairageenergie,papeteriesindochine,1930_1944,1,toche-c
etablissementsdelignon,indochinoiseculturestropicales,1930_1944,1,toche-c
etablissementsdelignon,papeteriesindochine,1930_1944,1,toche-c
caoutchoucsmekongsaigonsoccap30,indochinephonoradio,1930_1944,1,langlois
caoutchoucsmekongsaigonsoccap30,indochinoisemessageriesautomobiles,1930_1944,1,langlois
caoutchoucsmekongsaigonsoccap30,messageriesautomobilesnordannamlaos,1930_1944,1,langlois
caoutchoucsmekongsaigonsoccap30,rizicolebattambangourizicolebattambang,1930_1944,1,langlois
indochinephonoradio,josse,1930_1944,1,langlois
indochinephonoradio,messageriesautomobilesnordannamlaos,1930_1944,1,langlois
indochinoisemessageriesautomobiles,josse,1930_1944,1,langlois
josse,messageriesautomobilesnordannamlaos,1930_1944,1,langlois
josse,rizicolebattambangourizicolebattambang,1930_1944,1,langlois
messageriesautomobilesnordannamlaos,rizicolebattambangourizicolebattambang,1930_1944,1,langlois
indochinoisemessageriesautomobiles,omniumindochinois,1930_1944,1,boyer-l
indochinoisemessageriesautomobiles,indochinoiseterresrougesannam,1930_1944,1,chatot-j
indochinoiseterresrougesannam,messageriesautomobilesnordannamlaos,1930_1944,1,chatot-j
messageriesautomobilesnordannamlaos,urbainefonciereindochinoise,1930_1944,1,sellier-p
cambodge,chalandage,1930_1944,1,homberg-o
cambodge,distilleriesindochine,1930_1944,1,homberg-o
cambodge,energieelectriqueindochinoise,1930_1944,1,homberg-o
cambodge,entreprisesdragagestravauxpublics,1930_1944,1,homberg-o
cambodge,sacric,1930_1944,1,homberg-o
cambodge,voiesferreeslocninhcentreindochinois,1930_1944,1,homberg-o
chalandage,entreprisesdragagestravauxpublics,1930_1944,1,homberg-o
chalandage,indochinoiseculturestropicales,1930_1944,1,homberg-o
chalandage,papeteriesindochine,1930_1944,1,homberg-o
chalandage,voiesferreeslocninhcentreindochinois,1930_1944,1,homberg-o
distilleriesindochine,energieelectriqueindochinoise,1930_1944,1,homberg-o
distilleriesindochine,indochinoiseculturestropicales,1930_1944,1,homberg-o
distilleriesindochine,papeteriesindochine,1930_1944,1,homberg-o
energieelectriqueindochinoise,entreprisesdragagestravauxpublics,1930_1944,1,homberg-o
energieelectriqueindochinoise,indochinoiseculturestropicales,1930_1944,1,homberg-o
energieelectriqueindochinoise,papeteriesindochine,1930_1944,1,homberg-o
energieelectriqueindochinoise,voiesferreeslocninhcentreindochinois,1930_1944,1,homberg-o
entreprisesdragagestravauxpublics,papeteriesindochine,1930_1944,1,homberg-o
entreprisesdragagestravauxpublics,sacric,1930_1944,1,homberg-o
indochinoiseculturestropicales,voiesferreeslocninhcentreindochinois,1930_1944,1,homberg-o
papeteriesindochine,sacric,1930_1944,1,homberg-o
papeteriesindochine,voiesferreeslocninhcentreindochinois,1930_1944,1,homberg-o
sacric,voiesferreeslocninhcentreindochinois,1930_1944,1,homberg-o
indochinoiseculturestropicales,indochinoisepyrotechnie,1930_1944,1,bouvier-r
indochinoisepyrotechnie,papeteriesindochine,1930_1944,1,bouvier-r
indochinoisepyrotechnie,sucreriesraffineriesindochine,1930_1944,1,bouvier-r
indochinoisepyrotechnie,verreriesextremeorient,1930_1944,1,bouvier-r
papeteriesindochine,sucreriesraffineriesindochine,1930_1944,1,bouvier-r
papeteriesindochine,verreriesextremeorient,1930_1944,1,bouvier-r
cambodge,franconeerlandaiseculturecommerce,1930_1944,1,clerc-l
franconeerlandaiseculturecommerce,papeteriesindochine,1930_1944,1,clerc-l
boismine,charbonnagesdongtrieu,1930_1944,1,lannegrace-c
charbonnagestuyenquang,terresrougesthanhhoa,1930_1944,1,chretien-a
charbonnagestuyenquang,unionimmobilierefinanciereindochine,1930_1944,1,chretien-a
terresrougesthanhhoa,unionimmobilierefinanciereindochine,1930_1944,1,chretien-a
colonialeeclairageenergie,entreprisesdragagestravauxpublics,1930_1944,1,rigal-j
constructionslevalloisperret,grandstravauxextremeorient,1930_1944,1,reich-h
constructionslevalloisperret,heveastayninh,1930_1944,1,reich-h
grandstravauxextremeorient,heveastayninh,1930_1944,1,reich-h
entreprisesasiatiques,fermiereetainsextremeorient,1930_1944,1,bonnardel-j
entreprisesasiatiques,unionfinanciereextremeorient,1930_1944,1,bonnardel-j
etainscammon,unionfinanciereextremeorient,1930_1944,1,bonnardel-j
fermiereetainsextremeorient,unionfinanciereextremeorient,1930_1944,1,bonnardel-j
etainscammon,etudesengraisazotesindochinechuteda,1930_1944,1,de-solages
etainscammon,etudesexploitationsminieresindochine,1930_1944,1,de-solages
entreprisesasiatiques,etudes,1930_1944,1,brame-p
entreprisesasiatiques,immobilierelaos,1930_1944,1,brame-p
etudes,etudesengraisazotesindochinechuteda,1930_1944,1,brame-p
etudes,immobilierelaos,1930_1944,1,brame-p
commercialefrancochinoise,exploitationetablissementsbrossardmopin,1930_1944,1,lasseigne-l
commercialefrancochinoise,fonciereimmobilierechihoa,1930_1944,1,lasseigne-l
commercialefrancochinoise,fonciereindochine,1930_1944,1,lasseigne-l
commercialefrancochinoise,foncieretonkinannam,1930_1944,1,lasseigne-l
commercialefrancochinoise,forestiereindochinoise,1930_1944,1,lasseigne-l
commercialefrancochinoise,immobilieresaigon,1930_1944,1,lasseigne-l
commercialefrancochinoise,messageriesautomobilesnordannamlaos,1930_1944,1,lasseigne-l
commercialefrancochinoise,omniumindochinois,1930_1944,1,lasseigne-l
commercialefrancochinoise,thidoirizieresindochine,1930_1944,1,lasseigne-l
exploitationetablissementsbrossardmopin,fonciereimmobilierechihoa,1930_1944,1,lasseigne-l
exploitationetablissementsbrossardmopin,forestiereindochinoise,1930_1944,1,lasseigne-l
exploitationetablissementsbrossardmopin,immobilieresaigon,1930_1944,1,lasseigne-l
exploitationetablissementsbrossardmopin,messageriesautomobilesnordannamlaos,1930_1944,1,lasseigne-l
exploitationetablissementsbrossardmopin,omniumindochinois,1930_1944,1,lasseigne-l
exploitationetablissementsbrossardmopin,thidoirizieresindochine,1930_1944,1,lasseigne-l
fonciereimmobilierechihoa,forestiereindochinoise,1930_1944,1,lasseigne-l
fonciereimmobilierechihoa,omniumindochinois,1930_1944,1,lasseigne-l
fonciereindochine,forestiereindochinoise,1930_1944,1,lasseigne-l
fonciereindochine,immobilieresaigon,1930_1944,1,lasseigne-l
fonciereindochine,messageriesautomobilesnordannamlaos,1930_1944,1,lasseigne-l
fonciereindochine,omniumindochinois,1930_1944,1,lasseigne-l
foncieretonkinannam,forestiereindochinoise,1930_1944,1,lasseigne-l
foncieretonkinannam,immobilieresaigon,1930_1944,1,lasseigne-l
foncieretonkinannam,omniumindochinois,1930_1944,1,lasseigne-l
foncieretonkinannam,thidoirizieresindochine,1930_1944,1,lasseigne-l
forestiereindochinoise,immobilieresaigon,1930_1944,1,lasseigne-l
forestiereindochinoise,messageriesautomobilesnordannamlaos,1930_1944,1,lasseigne-l
forestiereindochinoise,omniumindochinois,1930_1944,1,lasseigne-l
forestiereindochinoise,thidoirizieresindochine,1930_1944,1,lasseigne-l
immobilieresaigon,omniumindochinois,1930_1944,1,lasseigne-l
immobilieresaigon,thidoirizieresindochine,1930_1944,1,lasseigne-l
messageriesautomobilesnordannamlaos,thidoirizieresindochine,1930_1944,1,lasseigne-l
omniumindochinois,thidoirizieresindochine,1930_1944,1,lasseigne-l
distilleriesindochine,exploitationetainswolframpiaouac,1930_1944,1,monguillot-m
distilleriesindochine,exploitationsetainswolframpiaouac,1930_1944,1,monguillot-m
agricolethanhtuyha,foncierecambodge,1930_1944,1,bonniel-a
caoutchoucschamcarlu,caoutchoucsphuochoa,1930_1944,1,labbe-j
caoutchoucsphuochoa,foncierecambodge,1930_1944,1,labbe-j
caoutchoucsphuochoa,unionelectriqueindochine,1930_1944,1,labbe-j
caoutchoucschamcarlu,caoutchoucskompongthom,1930_1944,1,outrey-e
caoutchoucschamcarlu,caoutchoucsmekong,1930_1944,1,outrey-e
caoutchoucschamcarlu,caoutchoucsmekongprekkak,1930_1944,1,outrey-e
caoutchoucschamcarlu,heveastayninh,1930_1944,1,outrey-e
caoutchoucskompongthom,caoutchoucsmekong,1930_1944,1,outrey-e
caoutchoucskompongthom,caoutchoucsmekongprekkak,1930_1944,1,outrey-e
caoutchoucskompongthom,foncierecambodge,1930_1944,1,outrey-e
caoutchoucskompongthom,heveastayninh,1930_1944,1,outrey-e
caoutchoucskompongthom,unionelectriqueindochine,1930_1944,1,outrey-e
caoutchoucsmekong,heveastayninh,1930_1944,1,outrey-e
caoutchoucsmekong,unionelectriqueindochine,1930_1944,1,outrey-e
caoutchoucsmekongprekkak,heveastayninh,1930_1944,1,outrey-e
caoutchoucsmekongprekkak,unionelectriqueindochine,1930_1944,1,outrey-e
foncierecambodge,heveastayninh,1930_1944,1,outrey-e
heveastayninh,unionelectriqueindochine,1930_1944,1,outrey-e
foncieresaigonnaise,plantationshautdonnai,1930_1944,1,haasz-f
agricolethescafeskontum,chalandage,1930_1944,1,grammont
agricolethescafeskontum,fonciereimmobilierechihoa,1930_1944,1,grammont
agricolethescafeskontum,messageriesautomobilesnordannamlaos,1930_1944,1,grammont
caoutchoucsphuochoa,chalandage,1930_1944,1,grammont
caoutchoucsphuochoa,fonciereimmobilierechihoa,1930_1944,1,grammont
caoutchoucsphuochoa,foncieretonkinannam,1930_1944,1,grammont
caoutchoucsphuochoa,messageriesautomobilesnordannamlaos,1930_1944,1,grammont
chalandage,fonciereimmobilierechihoa,1930_1944,1,grammont
chalandage,messageriesautomobilesnordannamlaos,1930_1944,1,grammont
filteriesindochine,foncieretonkinannam,1930_1944,1,perroud
agricoleforestiereyenmy,foncieretonkinannam,1930_1944,1,bona-r
agricoleforestiereyenmy,yenmynordannam,1930_1944,1,bona-r
foncieretonkinannam,yenmynordannam,1930_1944,1,bona-r
foncieretonkinannam,vidangesbouagestonkin,1930_1944,1,lacollonge-c
boismine,chalandage,1930_1944,1,dong-dang
boismine,entreprisesasiatiques,1930_1944,1,dong-dang
boismine,foncieretonkinannam,1930_1944,1,dong-dang
chalandage,entreprisesasiatiques,1930_1944,1,dong-dang
entreprisesasiatiques,foncieretonkinannam,1930_1944,1,dong-dang
allumettes,charbonnagestonkin,1930_1944,1,thelier-h
entreprisesdragagestravauxpublics,saigonnaisenavigationtransport,1930_1944,1,ader-h
saigonnaisenavigationtransport,voiesferreeslocninhcentreindochinois,1930_1944,1,ader-h
caoutchoucsphuochoa,prospection,1930_1944,1,garcin-f
commercialeindochine,fonciereindochine,1930_1944,1,ville-e
commercialeindochine,urbainefonciereindochinoise,1930_1944,1,ville-e
disponible,fonciereindochine,1930_1944,1,ville-e
disponible,urbainefonciereindochinoise,1930_1944,1,ville-e
fonciereindochine,grandstravauxextremeorient,1930_1944,1,ville-e
fonciereindochine,rizeriesextremeorient,1930_1944,1,ville-e
fonciereindochine,rizeriesindochinoises,1930_1944,1,ville-e
grandstravauxextremeorient,urbainefonciereindochinoise,1930_1944,1,ville-e
rizeriesextremeorient,urbainefonciereindochinoise,1930_1944,1,ville-e
rizeriesindochinoises,urbainefonciereindochinoise,1930_1944,1,ville-e
comte,fontaine,1930_1944,1,jacque-l
comte,grandstravauxextremeorient,1930_1944,1,jacque-l
comte,plantationsheveaspreckchlongouprekchlong,1930_1944,1,jacque-l
fontaine,grandstravauxextremeorient,1930_1944,1,jacque-l
fontaine,plantationsheveaspreckchlongouprekchlong,1930_1944,1,jacque-l
fontaine,saigonnaisenavigationtransport,1930_1944,1,jacque-l
grandstravauxextremeorient,plantationsheveaspreckchlongouprekchlong,1930_1944,1,jacque-l
grandstravauxextremeorient,saigonnaisenavigationtransport,1930_1944,1,jacque-l
foncierecambodge,grandstravauxextremeorient,1930_1944,1,cremazy-a
francoannamitetabacs,immobilierenhabe,1930_1944,1,gantier-c
francoannamitetabacs,minieresudannam,1930_1944,1,gantier-c
immobilierenhabe,minieresudannam,1930_1944,1,gantier-c
immobilierenhabenhabeounhabe,minieresudannam,1930_1944,1,gantier-c
brasseriesglacieresindochine,plantationskantroioukantroy,1930_1944,1,de-laboulaye-e
indochinoiseeauxelectriciteannam,plantationskantroioukantroy,1930_1944,1,de-laboulaye-e
plantationskantroioukantroy,ufeo,1930_1944,1,de-laboulaye-e
energieelectriqueindochinoise,hydrauliqueasiesaigoncorr,1930_1944,1,teissier-du-cros-e
creditfoncierindochine,fabricationcaoutchouc,1930_1944,1,bernard-f
creditfoncierindochine,oxygeneacetyleneextremeorient,1930_1944,1,bernard-f
fabricationcaoutchouc,indochinoiseculturestropicales,1930_1944,1,bernard-f
fabricationcaoutchouc,oxygeneacetyleneextremeorient,1930_1944,1,bernard-f
indochinoiseculturestropicales,messageriesfluvialescochinchine,1930_1944,1,bernard-f
indochinoiseculturestropicales,oxygeneacetyleneextremeorient,1930_1944,1,bernard-f
indochinoiseculturestropicales,saigonnaisenavigationtransport,1930_1944,1,bernard-f
messageriesfluvialescochinchine,oxygeneacetyleneextremeorient,1930_1944,1,bernard-f
oxygeneacetyleneextremeorient,saigonnaisenavigationtransport,1930_1944,1,bernard-f
agricoleindustriellethapmuoi,frigorifiquesindochine,1930_1944,1,martini-a
frigorifiquesindochine,hautsplateauxindochinois,1930_1944,1,martini-a
indochinoisecommerce,industrielleboisfibres,1930_1944,1,duchateau-r
indochinoisecommerce,salinessudannam,1930_1944,1,duchateau-r
industrielleboisfibres,salinessudannam,1930_1944,1,duchateau-r
immobilierenhabenhabeounhabe,plantationsboygambar,1930_1944,1,bainier
francoindochinoisecommissionexportation,thidoirizieresindochine,1930_1944,1,beyssac-c
foncieregiadinh,thidoirizieresindochine,1930_1944,1,heurtaux-g
heveastayninh,sicettemaisonavaitsaraisonsocialevieux,1930_1944,1,guery-j
commercialefrancochinoise,etablissementsbersetcyclesindochine,1930_1944,1,berset-l
tallard,tsanhhaptsaofreres,1930_1944,1,cao-bang
recherchesredevances,terresrougesthanhhoa,1930_1944,1,alph-fafart
electriqueminiereindochinoise,tsanhhaptsaofreres,1930_1944,1,dilhan-p
annamitecredit,tsanhhaptsaofreres,1930_1944,1,nguyen-van-thinh
salinessudannam,terresrougesthanhhoa,1930_1944,1,riz
terresrougesthanhhoa,tsanhhaptsaofreres,1930_1944,1,riz
indochinoiseeauxelectriciteannam,transportsautomobilesreunisindochine,1930_1944,1,morin-w
salinessudannam,transportsautomobilesreunisindochine,1930_1944,1,phanrang
algerienneindochinoisetabacs,francoannamitetabacs,1930_1944,1,boy-landry-e
algerienneindochinoisetabacs,immobilierenhabenhabeounhabe,1930_1944,1,boy-landry-e
algerienneindochinoisetabacs,plantationsboyganbar,1930_1944,1,boy-landry-e
immobilierenhabenhabeounhabe,plantationsboyganbar,1930_1944,1,boy-landry-e
allumettes,gommelaquejb,1930_1944,1,mange-f
allumettes,scieries,1930_1944,1,singapore
cambodge,scieries,1930_1944,1,fauconnier-h
cambodge,sucreriesraffineriesindochine,1930_1944,1,fauconnier-h
indochinoiseculturestropicales,scieries,1930_1944,1,fauconnier-h
caoutchoucsmekongsaigonsoccap30,hydrauliqueasie,1930_1944,1,adm-mm-carrere
hydrauliqueasie,josse,1930_1944,1,adm-mm-carrere
caoutchoucsmekongprekkak,caoutchoucsmekongsaigonsoccap30,1930_1944,1,ectors-j
caoutchoucsmekongprekkak,josse,1930_1944,1,ectors-j
agricolethescafeskontum,hydrauliqueasiesaigoncorr,1930_1944,1,r-legrand
caoutchoucsmekong,comte,1930_1944,1,e-mazet
caoutchoucsmekong,sicettemaisonavaitsaraisonsocialevieux,1930_1944,1,e-mazet
caoutchoucsmekongsaigonsoccap30,comte,1930_1944,1,e-mazet
caoutchoucsmekongsaigonsoccap30,fonciererizicolesoctrang,1930_1944,1,e-mazet
caoutchoucsmekongsaigonsoccap30,sicettemaisonavaitsaraisonsocialevieux,1930_1944,1,e-mazet
comte,hydrauliqueasiesaigoncorr,1930_1944,1,e-mazet
comte,josse,1930_1944,1,e-mazet
fonciererizicolesoctrang,hydrauliqueasiesaigoncorr,1930_1944,1,e-mazet
fonciererizicolesoctrang,josse,1930_1944,1,e-mazet
hydrauliqueasiesaigoncorr,sicettemaisonavaitsaraisonsocialevieux,1930_1944,1,e-mazet
josse,sicettemaisonavaitsaraisonsocialevieux,1930_1944,1,e-mazet
agricolesudindochinoise,chalandage,1930_1944,1,simoni-p
agricolesudindochinoise,energieelectriqueindochinoise,1930_1944,1,simoni-p
agricolesudindochinoise,sacric,1930_1944,1,simoni-p
chauxhydrauliqueslangtho,constructionsmecaniques,1930_1944,1,fontaine-a
comptoirindustrielcommercialindochine,comte,1930_1944,1,caffort-exportation-tous-articles
entreprisesasiatiques,ufeo,1930_1944,1,buffet-a
distilleriesindochine,entreprisesasiatiques,1930_1944,1,thion-de-la-chaume
entreprisesasiatiques,entreprisesdragagestravauxpublics,1930_1944,1,thion-de-la-chaume
entreprisesasiatiques,minesetainhauttonkin,1930_1944,1,thion-de-la-chaume
entreprisesdragagestravauxpublics,minesetainhauttonkin,1930_1944,1,thion-de-la-chaume
caoutchoucskompongthom,honquan,1930_1944,1,dufay-h
assurancefranceindochine,eauxelectriciteindochine,1930_1944,1,teissier-du-cros
assurancefranceindochine,hydrauliqueasie,1930_1944,1,teissier-du-cros
assurancefranceindochine,hydrauliqueasiesaigoncorr,1930_1944,1,teissier-du-cros
assurancefranceindochine,indochinoiseelectricite,1930_1944,1,teissier-du-cros
eauxelectriciteindochine,hydrauliqueasie,1930_1944,1,teissier-du-cros
eauxelectriciteindochine,hydrauliqueasiesaigoncorr,1930_1944,1,teissier-du-cros
hydrauliqueasie,indochinoiseelectricite,1930_1944,1,teissier-du-cros
internationaleplantationsfinanceactionnairesicaf,maritimeindochinoise,1930_1944,1,van-regemorter
internationaleplantationsfinanceactionnairesicaf,sicaf,1930_1944,1,van-regemorter
indochinoisecharbonnagesminesmetalliques,minesetainhauttonkin,1930_1944,1,merigeault-e
inchange,minesetainhauttonkin,1930_1944,1,j-le-bret
indochinoiseeauxelectriciteannam,minesetainhauttonkin,1930_1944,1,j-le-bret
minesetainhauttonkin,minesorlitchofilialetcheponeassociationminiere,1930_1944,1,f-robellaz
franconeerlandaiseculturecommerce,oxygene,1930_1944,1,l-clerc
annamiteassurancesautomobiles,annamitecredit,1930_1944,1,nguyen-tan-van
asiatiquenavigation,colonialeeclairageenergie,1930_1944,1,m-robert-j
colonialeeclairageenergie,unionelectriqueindochine,1930_1944,1,m-robert-j
domainebaohang,exploitationforestiereouest,1930_1944,1,peautonnier-m
domainebaohang,foncieregiadinh,1930_1944,1,peautonnier-m
domainebaohang,fonciererizicolesoctrang,1930_1944,1,peautonnier-m
domainebaohang,nuocmamauthentiquesgarantis,1930_1944,1,peautonnier-m
exploitationforestiereouest,foncieregiadinh,1930_1944,1,peautonnier-m
exploitationforestiereouest,fonciererizicolesoctrang,1930_1944,1,peautonnier-m
exploitationforestiereouest,nuocmamauthentiquesgarantis,1930_1944,1,peautonnier-m
foncieregiadinh,fonciererizicolesoctrang,1930_1944,1,peautonnier-m
foncieregiadinh,nuocmamauthentiquesgarantis,1930_1944,1,peautonnier-m
fonciererizicolesoctrang,nuocmamauthentiquesgarantis,1930_1944,1,peautonnier-m
agricoleindustriellebencui,bienhoaindustrielleforestiere,1930_1944,1,furiet-c
agricoleindustriellebencui,caoutchoucsdonai,1930_1944,1,furiet-c
agricoleindustriellebencui,foretsscieriesbienhoa,1930_1944,1,furiet-c
agricoleindustriellebencui,indochinephonoradio,1930_1944,1,furiet-c
agricoleindustriellebencui,indochinoiseplantationsheveas,1930_1944,1,furiet-c
bienhoaindustrielleforestiere,foretsscieriesbienhoa,1930_1944,1,furiet-c
bienhoaindustrielleforestiere,indochinephonoradio,1930_1944,1,furiet-c
caoutchoucsdonai,foretsscieriesbienhoa,1930_1944,1,furiet-c
caoutchoucsdonai,indochinephonoradio,1930_1944,1,furiet-c
foretsscieriesbienhoa,indochinephonoradio,1930_1944,1,furiet-c
foretsscieriesbienhoa,indochinoiseplantationsheveas,1930_1944,1,furiet-c
indochinephonoradio,indochinoiseplantationsheveas,1930_1944,1,furiet-c
agricoleindustriellebencui,cafesindochine,1930_1944,1,lionel-marie-j
agricoleindustriellebencui,plantationsdjember,1930_1944,1,lionel-marie-j
agricolesongray,plantationsdjember,1930_1944,1,lionel-marie-j
cafesindochine,plantationsdjember,1930_1944,1,lionel-marie-j
banquefrancochinoisecommerceindustrie,caoutchoucsdonai,1930_1944,1,de-flers-f
banqueindustriellechine,saigonnaisenavigationtransport,1930_1944,1,lambert-l
fonciererizicolesoctrang,saigonnaisenavigationtransport,1930_1944,1,lambert-l
agricolesongray,sicaf,1930_1944,1,laroche-c
cafesindochine,caoutchoucskompongthom,1930_1944,1,g-de-saporta
caoutchoucsmekong,caoutchoucspadang,1930_1944,1,ph-langlois
caoutchoucsmekong,plantationsterresrouges,1930_1944,1,ph-langlois
caoutchoucsmekong,sennahrubber,1930_1944,1,ph-langlois
caoutchoucsmekongprekkak,caoutchoucspadang,1930_1944,1,ph-langlois
caoutchoucsmekongprekkak,plantationsterresrouges,1930_1944,1,ph-langlois
caoutchoucsmekongprekkak,sennahrubber,1930_1944,1,ph-langlois
plantationsterresrouges,sennahrubber,1930_1944,1,ph-langlois
caoutchoucsmekong,ghmumm,1930_1944,1,destombes-j
agricolethescafeskontum,mimot,1930_1944,1,fourn-g
agricolethescafeskontum,kratie,1930_1944,1,parts-dernier-cours-connu
agricolethescafeskontum,messageriesfluvialescochinchine,1930_1944,1,parts-dernier-cours-connu
agricolethescafeskontum,unionfinanciereextremeorient,1930_1944,1,parts-dernier-cours-connu
kratie,messageriesfluvialescochinchine,1930_1944,1,parts-dernier-cours-connu
messageriesfluvialescochinchine,unionfinanciereextremeorient,1930_1944,1,parts-dernier-cours-connu
agricoleindustriellethapmuoi,chromenickelindochinecodinh,1930_1944,1,breger-aine
agricoleannam,nieuwtjisalak,1930_1944,1,engeringh-c
culturefrancojavanaise,nieuwtjisalak,1930_1944,1,engeringh-c
agricoleannam,caoutchoucsiboga,1930_1944,1,bernard-j
agricoleannam,franconeerlandaiseculturecommerce,1930_1944,1,bernard-j
caoutchoucsiboga,culturefrancojavanaise,1930_1944,1,bernard-j
caoutchoucsiboga,culturepanoulisan,1930_1944,1,bernard-j
culturepanoulisan,franconeerlandaiseculturecommerce,1930_1944,1,bernard-j
culturepanoulisan,kalitengah,1930_1944,1,bernard-j
culturepanoulisan,pacouda,1930_1944,1,bernard-j
culturepanoulisan,plantationscaoutchoucsumatra,1930_1944,1,bernard-j
culturepanoulisan,tapanoelie,1930_1944,1,bernard-j
franconeerlandaiseculturecommerce,kalitengah,1930_1944,1,bernard-j
franconeerlandaiseculturecommerce,pacouda,1930_1944,1,bernard-j
franconeerlandaiseculturecommerce,plantationscaoutchoucsumatra,1930_1944,1,bernard-j
cambodge,creditmobilierindochinois,1930_1944,1,a-l-article-des-statuts-c
hautsplateauxindochinois,immobilieresaigon,1930_1944,1,impr-chaix
colonialeeclairageenergie,unionfinanciereextremeorient,1930_1944,1,dargelos-p
colonialeeclairageenergie,foncieretonkinannam,1930_1944,1,p-b
disponible,immobiliereportsaigon,1930_1944,1,derre
immobiliereportsaigon,rizeriesextremeorient,1930_1944,1,derre
creditfoncierindochine,tramwayseclairageelectriquesshanghai,1930_1944,1,le-buf-h
credithypothecaireindochine,oxygeneacetyleneextremeorient,1930_1944,1,f-b
entreprisesdragagestravauxpublics,etainspiaouac,1930_1944,1,p-forveille-imprimeur-de-titres-paris-rodez
entreprisesdragagestravauxpublics,indochinoiseplantations,1930_1944,1,p-forveille-imprimeur-de-titres-paris-rodez
etainspiaouac,indochinoiseplantations,1930_1944,1,p-forveille-imprimeur-de-titres-paris-rodez
easterninternationalrubberproducetrustltd,plantationscaoutchoucsumatra,1930_1944,1,poirson-c
internationaleplantationsfinanceactionnairesicaf,plantationscaoutchoucsumatra,1930_1944,1,poirson-c
energieelectriqueindochinoise,hydrauliqueasie,1930_1944,1,manus-m
hydrauliqueasie,tramways,1930_1944,1,manus-m
etainskinta,sucreriesraffineriesindochine,1930_1944,1,chaubet-j
exploitationforestiereouest,plantationsheveascaukhoi,1930_1944,1,financiere-d-indochine-voir-encadre
francoindochinoisecommissionexportation,indochinoisetransports,1930_1944,1,levecque-f
filteriesindochine,thesselectionnesindochine,1930_1944,1,cuny-j
fonciereimmobilierechihoa,plantationskratiecambodge,1930_1944,1,paris-encres-lorilleux
hautsplateauxindochinois,plantationskratiecambodge,1930_1944,1,paris-encres-lorilleux
rizicolebattambangourizicolebattambang,sicettemaisonavaitsaraisonsocialevieux,1930_1944,1,j-mazet
fonciererizicolesoctrang,indochinephonoradio,1930_1944,1,benignus-m
fonciererizicolesoctrang,indochinoisemessageriesautomobiles,1930_1944,1,benignus-m
foncieretonkinannam,tapisextremeorient,1930_1944,1,ideo
foncieretonkinannam,frigorifiquesindochine,1930_1944,1,saigon
caoutchoucskompongthom,fonciereimmobiliereindochine,1930_1944,1,berthet-j
franconeerlandaiseculturecommerce,ghmumm,1930_1944,1,motte-e
caoutchoucsiboga,francosaigonnaise,1930_1944,1,engeringh-h
francosaigonnaise,kalitengah,1930_1944,1,engeringh-h
francosaigonnaise,pacouda,1930_1944,1,engeringh-h
francosaigonnaise,plantationscaoutchoucsumatra,1930_1944,1,engeringh-h
francosaigonnaise,tapanoelie,1930_1944,1,engeringh-h
haiphonnaisebouagesvidanges,thesselectionnesindochine,1930_1944,1,guillou-a
lainieretonkin,thesselectionnesindochine,1930_1944,1,guillou-a
thesselectionnesindochine,vidangesbouagestonkin,1930_1944,1,guillou-a
hautsplateauxindochinois,plantationsheveasxuanloc,1930_1944,1,chassaing-p
caoutchoucskompongthom,hautsplateauxindochinois,1930_1944,1,rapp-e
hydrauliqueasiesaigoncorr,indochinoiseeauxelectriciteannam,1930_1944,1,electricite-d-indochine
indochinoisecommerce,urbainefonciereindochinoise,1930_1944,1,mayer-j
colonialeplantationsdistillation,indochinoiseplantations,1930_1944,1,rappel-l
caoutchoucskompongthom,mimot,1930_1944,1,deschars-l
caoutchoucskompongthom,internationaleplantationsfinanceactionnairesicaf,1930_1944,1,lionel-marie
caoutchoucskompongthom,plantationsdjember,1930_1944,1,lionel-marie
internationaleplantationsfinanceactionnairesicaf,plantationsdjember,1930_1944,1,lionel-marie
caoutchoucskompongthom,indochinoiseeauxelectriciteannam,1930_1944,1,e-de-laboulaye
internationaleplantationsfinanceactionnairesicaf,kualalumpurrubbercompanyltd,1930_1944,1,grisar-a
internationaleplantationsfinanceactionnairesicaf,tandjongmalimrubbercoutanjongmalimrubberc,1930_1944,1,grisar-a
kualalumpurrubbercompanyltd,tandjongmalimrubbercoutanjongmalimrubberc,1930_1944,1,grisar-a
indochinoiseculturestropicales,unioncommercialeindochinoiseafricaine,1930_1944,1,thierry-j
oxygeneacetyleneextremeorient,unioncommercialeindochinoiseafricaine,1930_1944,1,fontaine-e
caoutchoucsphuochoa,manufactureindochinoisetabacscoloniaux,1930_1944,1,rondon-l
omniumminierindochine,omniumminiertonkinois,1930_1944,1,bru-m
caoutchoucsphuochoa,plantationskratiecambodge,1930_1944,1,briand-g
indochinoiseplantationsheveas,mimot,1930_1944,1,dewez-h
indochinoiseeauxelectriciteannam,kratie,1930_1944,1,hellies-j
caoutchoucsmekongindochinoise,indochinoiseculturecaoutchoucsmekong,1945_1962,10,atthalin-a; belgique; carrere-g; champion-g; de-beaumont-j; ectors-nice-m; jullien-a; langlois-berthelot-p; mazet-e; petithuguenin-p
eauxelectriciteindochine,indochinoiseelectricite,1945_1962,9,allain; allain-p; dior-j; drouin-p; guillanton-a; j-dior; maxime-robert-j; teissier-du-cros-e; trives-f
kratie,plantationskratie,1945_1962,7,agabriel-l; baudoin-f; biron-l; foy-s; hadengue-y; rueff-g; thery-a
indochinoiseculturescambodge,indochinoiseculturesplantationsterresrouges,1945_1962,7,de-beaumont-j; de-rivaud-r; janssens-p; langlois-berthelot-p; michaux-r; perot-j; wielemans-l
hautsplateauxindochinoisbanmethuot,hautsplateauxindochinoisbanmethuotsudviet,1945_1962,6,de-flers-f; de-ligondes-h; foy-s; jessula-d; lis-a; thion-de-la-chaume-r
banqueiindochine,banqueindochine,1945_1962,6,bernard-f; brincard-g; leclerc-j; michel-cote-c; minost-e; peloni-c
creditfoncierindochine,credithypothecaireindochine,1945_1962,6,bloch-laine-j; daroussin-j; de-tarde-g; giscard-d-estaing-e; maxime-robert-j; minost-e
chalandageremorquageindochine,sacric,1945_1962,6,bernard-p; giscard-d-estaing-e; gregoire; guesde-p; papillon-p; roque-p
agricolethanhtuyhatantuongprovince,agricolethanhtuyhatantuongprovincebienhoasud,1945_1962,6,bonniel-a; bonniel-ep-claude-de-bellescize-y; bonniel-j; de-gosselin-m; fille-de-georges-d; morange-c
eauxelectriciteindochine,tramways,1945_1962,6,allain-a; allain-p; dervieu-p; dubosc-f; maggiar-a; trives-f
indochinoiseplantationsreuniesmimot,mimot,1945_1962,5,deschars-l; dewez-h; guesde-p; laurent-j; rueff-g
manufacturesindochinoisescigarettes,messageriesfluvialescochinchine,1945_1962,5,foy-s; kaleski-g; karcher-l; picard-g; rueff-g
banqueiindochine,indochinefilmscinemas,1945_1962,5,bousquet-r; catalogne-e; gannay-p; maxime-robert-j; rolloy-h
bienhoaindustrielleforestiere,foretsscieriesbienhoa,1945_1962,5,ducarouge-e; furiet-c; j-ansault; petit; pyck-a
commercialeindochine,rizeriesindochinoises,1945_1962,5,derre; dussuet-j; ed-worms-commissaires-aux-comptes-d-franck; moore-h; vigouroux-l
commercialeindochine,rizeriesindochinoisesmaiseriesindochinoises,1945_1962,5,couturiaux-r; derre-m; dussuet-j; moore-h; worms-e
moulinsentrepotscoloniaux,rizeriesindochinoisesmaiseriesindochinoises,1945_1962,5,couturiaux-r; derre-m; dussuet-j; joule-u; worms-e
denisfreresindochine,rizindochinedenisfreres,1945_1962,4,de-ferry-f; denis-e; denis-m; souhaite-m
chantiersateliersreunisindochine,manufacturesindochinoisescigarettes,1945_1962,4,kaleski-g; karcher-l; picard-g; rueff-g
chantiersateliersreunisindochine,messageriesfluvialescochinchine,1945_1962,4,kaleski-g; karcher-l; picard-g; rueff-g
hautsplateauxindochinois,hautsplateauxindochinoisbanmethuot,1945_1962,4,de-flers-f; foy-s; jessula-d; lis-a
hautsplateauxindochinois,hautsplateauxindochinoisbanmethuotsudviet,1945_1962,4,de-flers-f; foy-s; jessula-d; lis-a
caoutchoucsindochine,caoutchoucsindochinesiegesocial,1945_1962,4,bergougnan-fils-de-mathieu-a; bernard-f; bernard-p; neveu-de-raymond
caoutchoucspadang,indochinoiseculturesplantationsterresrouges,1945_1962,4,de-beaumont-j; langlois-berthelot-p; lecointre-g; michaux-r
kratie,unionfinanciereextremeorient,1945_1962,4,agabriel-l; biron-l; hadengue-y; nouailhetas-a
plantationshautdonnai,unionfinanciereextremeorient,1945_1962,4,biron-l; hadengue-y; le-montreer-g; nouailhetas-a
cambodge,indochinoiseculturescambodge,1945_1962,4,ayme-a; bousquet-h; bramel-l; perot-j
caoutchoucsmekong,caoutchoucsmekongindochinoise,1945_1962,4,atthalin-a; carrere-g; mazet-e; petithuguenin-p
caoutchoucsmekong,indochinoiseculturecaoutchoucsmekong,1945_1962,4,atthalin-a; carrere-g; mazet-e; petithuguenin-p
caoutchoucsindochinesiegesocial,indochinoiseculturestropicales,1945_1962,4,bernard-p; berthier-j; bouvier-r; fauconnier-h
commercialeindochine,moulinsentrepotscoloniaux,1945_1962,4,couturiaux-r; derre-m; dussuet-j; worms-e
etainswolframtonkin,fermiereetainsextremeorient,1945_1962,4,bardoux-j; brard-r; mallet-a; petin-j
agricolethescafeskontum,agricolethescafeskontumannam,1945_1962,3,caffort-l; duperon-p; petithuguenin-p
brasseriesglacieresindochine,indochinoiseeauxielectriciteannam,1945_1962,3,de-laboulaye-e; denis-e; palanque-l
conducteurelectriqueblindeincombustible,messageriesfluvialescochinchine,1945_1962,3,dewez-h; karcher-l; rueff-g
indochinoiseplantationsreuniesmimot,messageriesfluvialescochinchine,1945_1962,3,dewez-h; foy-s; rueff-g
kratie,manufacturesindochinoisescigarettes,1945_1962,3,biron-l; foy-s; rueff-g
manufacturesindochinoisescigarettes,plantationskratie,1945_1962,3,biron-l; foy-s; rueff-g
indochinoiseplantationsheveas,indochinoiseplantationsreuniesmimot,1945_1962,3,de-laboulaye-e; dewez-h; laurent-j
banqueiindochine,caoutchoucsindochinesiegesocial,1945_1962,3,bernard-f; de-flers-f; laurent-j
caoutchoucspadang,indochinoiseculturescambodge,1945_1962,3,de-beaumont-j; langlois-berthelot-p; michaux-r
caoutchoucsindochinesiegesocial,plantationsindochinoises,1945_1962,3,bernard-p; bouvier-r; laurent-j
indochinoiseplantationsreuniesmimot,plantationsindochinoises,1945_1962,3,de-laboulaye-e; guesde-p; laurent-j
banquefrancochinoisecommerceindustrie,sifa,1945_1962,3,bussy-a; carrere-g; maxime-robert-j
caoutchoucsextremeorient,indochinoiseculturestropicales,1945_1962,3,bernard-p; bouvier-r; giscard-d-estaing-e
chalandageremorquageindochine,sucreriesraffineriesindochine,1945_1962,3,d-estaing-g; giscard-d-estaing-e; guesde-p
indochinoiseculturestropicales,sucreriesraffineriesindochine,1945_1962,3,bouvier-r; fauconnier-h; giscard-d-estaing-e
fiduciaireindochine,kratie,1945_1962,3,agabriel-l; hadengue-y; nouailhetas-a
fiduciaireindochine,plantationskratie,1945_1962,3,agabriel-l; hadengue-y; thery-r
fiduciaireindochine,unionfinanciereextremeorient,1945_1962,3,agabriel-l; hadengue-y; nouailhetas-a
plantationskratie,unionfinanciereextremeorient,1945_1962,3,agabriel-l; biron-l; hadengue-y
kratie,plantationshautdonnai,1945_1962,3,biron-l; hadengue-y; nouailhetas-a
caoutchoucsdonai,indochinoiseplantationsheveas,1945_1962,3,de-chambure-h; de-laboulaye-e; furiet-c
agricolethescafeskontum,caoutchoucsmekong,1945_1962,3,ectors-j; petithuguenin-p; rossignol
agricoleindustriellethapmuoi,comptoirsgenerauxindochine,1945_1962,3,brondeau-l; de-ligondes-h; lis-a
honquan,phuquoc,1945_1962,3,e-ville; rauzy-p; ville-p
fermiereetainsextremeorient,minesetainhauttonkin,1945_1962,3,brard-r; petin-j; wolfram-du-tonkin
etainsindochine,fermiereetainsextremeorient,1945_1962,3,etains; mallet-a; wolfram-du-tonkin
plantationscaoutchoucsumatra,tapanoelie,1945_1962,3,laloux-h; ligtenberg-h; vereecken-h
agricolethescafeskontumannam,assurancefranceindochine,1945_1962,2,audren-de-kerdrel-r; duperon-p
indochinefilmscinemas,indochinoiseconstructionselectriquesmecaniques,1945_1962,2,benignus-m; duperon-p
indochinefilmscinemas,unioncommercialeindochinoiseafricaine,1945_1962,2,duperon-p; ph-duperon
asiatiquenavigation,unioncommercialeindochinoiseafricaine,1945_1962,2,delpech-h; hecquet-g
brasseriesglacieresindochine,indochinoiseeauxelectriciteannam,1945_1962,2,denis-e; le-bret-j
cotiereannam,indochinoiseeauxelectriciteannam,1945_1962,2,denis-e; hellies-j
francoindochinoise,rizindochinedenisfreres,1945_1962,2,delalande-l; denis-e
chantiersateliersreunisindochine,conducteurelectriqueblindeincombustible,1945_1962,2,karcher-l; rueff-g
chantiersateliersreunisindochine,indochinoiseplantationsreuniesmimot,1945_1962,2,de-laboulaye-e; rueff-g
conducteurelectriqueblindeincombustible,indochinoiseplantationsreuniesmimot,1945_1962,2,dewez-h; rueff-g
conducteurelectriqueblindeincombustible,manufacturesindochinoisescigarettes,1945_1962,2,karcher-l; rueff-g
conducteurelectriqueblindeincombustible,mimot,1945_1962,2,dewez-h; rueff-g
indochinoiseplantationsreuniesmimot,kratie,1945_1962,2,foy-s; rueff-g
indochinoiseplantationsreuniesmimot,manufacturesindochinoisescigarettes,1945_1962,2,foy-s; rueff-g
indochinoiseplantationsreuniesmimot,plantationskratie,1945_1962,2,foy-s; rueff-g
kratie,messageriesfluvialescochinchine,1945_1962,2,foy-s; rueff-g
manufacturesindochinoisescigarettes,mimot,1945_1962,2,rheims-j; rueff-g
messageriesfluvialescochinchine,mimot,1945_1962,2,dewez-h; rueff-g
messageriesfluvialescochinchine,plantationskratie,1945_1962,2,foy-s; rueff-g
indochinoiseplantationsheveas,mimot,1945_1962,2,dewez-h; laurent-j
hautsplateauxindochinoisbanmethuot,indochinoiseplantationsreuniesmimot,1945_1962,2,foy-s; thion-de-la-chaume-r
hautsplateauxindochinoisbanmethuotsudviet,indochinoiseplantationsreuniesmimot,1945_1962,2,foy-s; thion-de-la-chaume-r
banqueiindochine,charbonnagestonkin,1945_1962,2,deschamp-j; minost-e
banqueiindochine,creditfoncierindochine,1945_1962,2,maxime-robert-j; minost-e
banqueiindochine,credithypothecaireindochine,1945_1962,2,maxime-robert-j; minost-e
banqueiindochine,indochinoiseplantationsheveas,1945_1962,2,laurent-j; minost-e
banqueindochine,charbonnagestonkin,1945_1962,2,deschamps-j; minost-e
charbonnagestonkin,indochinoiseplantationsheveas,1945_1962,2,baudouin-p; minost-e
caoutchoucsmekongindochinoise,caoutchoucspadang,1945_1962,2,de-beaumont-j; langlois-berthelot-p
caoutchoucsmekongindochinoise,indochinoiseculturescambodge,1945_1962,2,de-beaumont-j; langlois-berthelot-p
caoutchoucsmekongindochinoise,indochinoiseculturesplantationsterresrouges,1945_1962,2,de-beaumont-j; langlois-berthelot-p
caoutchoucspadang,indochinoiseculturecaoutchoucsmekong,1945_1962,2,de-beaumont-j; langlois-berthelot-p
indochinoiseculturecaoutchoucsmekong,indochinoiseculturescambodge,1945_1962,2,de-beaumont-j; langlois-berthelot-p
indochinoiseculturecaoutchoucsmekong,indochinoiseculturesplantationsterresrouges,1945_1962,2,de-beaumont-j; langlois-berthelot-p
banqueiindochine,plantationsindochinoises,1945_1962,2,laurent-j; michel-cote-c
banqueiindochine,caoutchoucskompongthom,1945_1962,2,de-flers-f; laurent-j
caoutchoucsindochinesiegesocial,caoutchoucskompongthom,1945_1962,2,de-flers-f; laurent-j
caoutchoucskompongthom,caoutchoucsphuochoa,1945_1962,2,laurent-j; r-thion-de-la-chaume
caoutchoucsphuochoa,mimot,1945_1962,2,laurent-j; walter
indochinoiseplantationsheveas,plantationsindochinoises,1945_1962,2,de-laboulaye-e; laurent-j
mimot,plantationsindochinoises,1945_1962,2,guesde-p; laurent-j
banquefrancochinoisecommerceindustrie,banqueiindochine,1945_1962,2,e-p-laurent-j; maxime-robert-j
banqueiindochine,sifa,1945_1962,2,de-flers-f; maxime-robert-j
asiatiquenavigation,unionelectriqueindochine,1945_1962,2,guesde-p; maxime-robert-j
banqueiindochine,indochinoiseelectricite,1945_1962,2,hannotin-m; maxime-robert-j
eauxelectriciteindochine,sifa,1945_1962,2,guillanton-a; maxime-robert-j
indochinoiseelectricite,sifa,1945_1962,2,guillanton-a; maxime-robert-j
banqueiindochine,imprimerieextremeorient,1945_1962,2,coueslant-j; rolloy-h
banquefrancochinoisecommerceindustrie,immobilieresudasie,1945_1962,2,bussy-a; carrere-g
immobilieresudasie,sifa,1945_1962,2,bussy-a; carrere-g
caoutchoucsextremeorient,chalandageremorquageindochine,1945_1962,2,bernard-p; giscard-d-estaing-e
caoutchoucsextremeorient,phosphatestonkin,1945_1962,2,bernard-p; giscard-d-estaing-e
caoutchoucsextremeorient,sacric,1945_1962,2,bernard-p; giscard-d-estaing-e
caoutchoucsextremeorient,sucreriesraffineriesindochine,1945_1962,2,bouvier-r; giscard-d-estaing-e
chalandageremorquageindochine,indochinoiseculturestropicales,1945_1962,2,bernard-p; giscard-d-estaing-e
chalandageremorquageindochine,phosphatestonkin,1945_1962,2,bernard-p; giscard-d-estaing-e
indochinoiseculturestropicales,phosphatestonkin,1945_1962,2,bernard-p; giscard-d-estaing-e
indochinoiseculturestropicales,sacric,1945_1962,2,bernard-p; giscard-d-estaing-e
phosphatestonkin,sacric,1945_1962,2,bernard-p; giscard-d-estaing-e
sacric,sucreriesraffineriesindochine,1945_1962,2,giscard-d-estaing-e; guesde-p
fiduciaireindochine,plantationshautdonnai,1945_1962,2,hadengue-y; nouailhetas-a
foncieresaigonnaise,plantationshautdonnai,1945_1962,2,haasz-f; nouailhetas-a
plantationshautdonnai,plantationskratie,1945_1962,2,biron-l; hadengue-y
eauxelectriciteindochine,unionfinanciereextremeorient,1945_1962,2,filuzeau-a; filuzeau-polytechnicien-a
caoutchoucspadang,sennahrubber,1945_1962,2,de-beaumont-j; ph-langlois
banquefrancochinoisecommerceindustrie,caoutchoucsmekong,1945_1962,2,atthalin-a; carrere-g
banquefrancochinoisecommerceindustrie,caoutchoucsmekongindochinoise,1945_1962,2,atthalin-a; carrere-g
banquefrancochinoisecommerceindustrie,indochinoiseculturecaoutchoucsmekong,1945_1962,2,atthalin-a; carrere-g
caoutchoucsmekong,immobilieresudasie,1945_1962,2,carrere-g; petithuguenin-p
caoutchoucsmekongindochinoise,immobilieresudasie,1945_1962,2,carrere-g; petithuguenin-p
immobilieresudasie,indochinoiseculturecaoutchoucsmekong,1945_1962,2,carrere-g; petithuguenin-p
agricolethescafeskontum,immobilieresudasie,1945_1962,2,caffort-l; petithuguenin-p
agricolethescafeskontumannam,immobilieresudasie,1945_1962,2,caffort-l; petithuguenin-p
agricoleindustriellethapmuoi,garagescharner,1945_1962,2,de-ligondes-h; lis-a
agricoleindustriellethapmuoi,hautsplateauxindochinoisbanmethuot,1945_1962,2,de-ligondes-h; lis-a
agricoleindustriellethapmuoi,hautsplateauxindochinoisbanmethuotsudviet,1945_1962,2,de-ligondes-h; lis-a
comptoirsgenerauxindochine,garagescharner,1945_1962,2,de-ligondes-h; lis-a
comptoirsgenerauxindochine,hautsplateauxindochinoisbanmethuot,1945_1962,2,de-ligondes-h; lis-a
comptoirsgenerauxindochine,hautsplateauxindochinoisbanmethuotsudviet,1945_1962,2,de-ligondes-h; lis-a
garagescharner,hautsplateauxindochinoisbanmethuot,1945_1962,2,de-ligondes-h; lis-a
garagescharner,hautsplateauxindochinoisbanmethuotsudviet,1945_1962,2,de-ligondes-h; lis-a
garagescharner,indochinoiseplantationsheveas,1945_1962,2,arnaud-de-vogue; lis-a
caoutchoucsextremeorient,caoutchoucsindochinesiegesocial,1945_1962,2,bernard-p; bouvier-r
caoutchoucsextremeorient,plantationsindochinoises,1945_1962,2,bernard-p; bouvier-r
caoutchoucsindochinesiegesocial,sucreriesraffineriesindochine,1945_1962,2,bouvier-r; fauconnier-h
indochinoiseculturestropicales,plantationsindochinoises,1945_1962,2,bernard-p; bouvier-r
plantationsindochinoises,sucreriesraffineriesindochine,1945_1962,2,bouvier-r; guesde-p
chalandageremorquageindochine,plantationsindochinoises,1945_1962,2,bernard-p; guesde-p
colonialeeclairageenergie,phosphatestonkin,1945_1962,2,bernard-p; rigal-j
plantationsindochinoises,sacric,1945_1962,2,bernard-p; guesde-p
plantationsindochinoises,urbainefonciereindochinoise,1945_1962,2,fluviales-de-cochinchine-m; guesde-p
agricolethanhtuyha,agricolethanhtuyhatantuongprovince,1945_1962,2,bonniel-j; morange-c
agricolethanhtuyha,agricolethanhtuyhatantuongprovincebienhoasud,1945_1962,2,bonniel-j; morange-c
honquan,indochine,1945_1962,2,rauzy-p; ville-p
indochine,phuquoc,1945_1962,2,rauzy-p; ville-p
rizeriesindochinoises,rizeriesindochinoisesmaiseriesindochinoises,1945_1962,2,dussuet-j; moore-h
cotonnieretonkin,scieriesfabriquesallumettesthanhhoa,1945_1962,2,bayle-g; dupre-a
indochinoiseelectricite,tramways,1945_1962,2,allain-p; trives-f
etainsindochine,minesetainhauttonkin,1945_1962,2,brard; wolfram-du-tonkin
etainscammon,etainswolframtonkin,1945_1962,2,bardoux-j; brard-r
etainscammon,fermiereetainsextremeorient,1945_1962,2,bardoux-j; brard-r
etainswolframtonkin,minesetainhauttonkin,1945_1962,2,brard-r; petin-j
ghmumm,optorg,1945_1962,2,destombes-j; vanoutryve-f
kalitengah,tapanoelie,1945_1962,2,boyer-j; vereecken-h
agricolethescafeskontum,assurancefranceindochine,1945_1962,1,duperon-p
agricolethescafeskontum,cheminsferindochineyunnan,1945_1962,1,duperon-p
agricolethescafeskontum,indochinefilmscinemas,1945_1962,1,duperon-p
agricolethescafeskontum,indochinoiseconstructionselectriquesmecaniques,1945_1962,1,duperon-p
agricolethescafeskontum,unioncommercialeindochinoiseafricaine,1945_1962,1,duperon-p
agricolethescafeskontumannam,cheminsferindochineyunnan,1945_1962,1,duperon-p
agricolethescafeskontumannam,indochinefilmscinemas,1945_1962,1,duperon-p
agricolethescafeskontumannam,indochinoiseconstructionselectriquesmecaniques,1945_1962,1,duperon-p
agricolethescafeskontumannam,unioncommercialeindochinoiseafricaine,1945_1962,1,duperon-p
assurancefranceindochine,cheminsferindochineyunnan,1945_1962,1,duperon-p
assurancefranceindochine,indochinefilmscinemas,1945_1962,1,duperon-p
assurancefranceindochine,indochinoiseconstructionselectriquesmecaniques,1945_1962,1,duperon-p
assurancefranceindochine,unioncommercialeindochinoiseafricaine,1945_1962,1,duperon-p
cheminsferindochineyunnan,indochinefilmscinemas,1945_1962,1,duperon-p
cheminsferindochineyunnan,indochinoiseconstructionselectriquesmecaniques,1945_1962,1,duperon-p
cheminsferindochineyunnan,unioncommercialeindochinoiseafricaine,1945_1962,1,duperon-p
indochinoiseconstructionselectriquesmecaniques,unioncommercialeindochinoiseafricaine,1945_1962,1,duperon-p
immobilieresudasie,indochinefilmscinemas,1945_1962,1,benignus-m
immobilieresudasie,indochinoiseconstructionselectriquesmecaniques,1945_1962,1,benignus-m
asiatiquenavigation,forgesatelierschantiersindochine,1945_1962,1,de-saboulin-bollena-p
asiatiquenavigation,chantiersateliersreunisindochine,1945_1962,1,bodin-a
asiatiquenavigation,cheminsferindochineyunnan,1945_1962,1,bodin-a
chantiersateliersreunisindochine,cheminsferindochineyunnan,1945_1962,1,bodin-a
asiatiquenavigation,franceextremeorient,1945_1962,1,haiphong
brasseriesglacieresindochine,charbonnagestonkin,1945_1962,1,denis-e
brasseriesglacieresindochine,cotiereannam,1945_1962,1,denis-e
brasseriesglacieresindochine,denisfreresindochine,1945_1962,1,denis-e
brasseriesglacieresindochine,francoindochinoise,1945_1962,1,denis-e
brasseriesglacieresindochine,rizindochinedenisfreres,1945_1962,1,denis-e
charbonnagestonkin,cotiereannam,1945_1962,1,denis-e
charbonnagestonkin,denisfreresindochine,1945_1962,1,denis-e
charbonnagestonkin,francoindochinoise,1945_1962,1,denis-e
charbonnagestonkin,indochinoiseeauxelectriciteannam,1945_1962,1,denis-e
charbonnagestonkin,indochinoiseeauxielectriciteannam,1945_1962,1,denis-e
charbonnagestonkin,rizindochinedenisfreres,1945_1962,1,denis-e
cotiereannam,denisfreresindochine,1945_1962,1,denis-e
cotiereannam,francoindochinoise,1945_1962,1,denis-e
cotiereannam,indochinoiseeauxielectriciteannam,1945_1962,1,denis-e
cotiereannam,rizindochinedenisfreres,1945_1962,1,denis-e
denisfreresindochine,francoindochinoise,1945_1962,1,denis-e
denisfreresindochine,indochinoiseeauxelectriciteannam,1945_1962,1,denis-e
denisfreresindochine,indochinoiseeauxielectriciteannam,1945_1962,1,denis-e
francoindochinoise,indochinoiseeauxelectriciteannam,1945_1962,1,denis-e
francoindochinoise,indochinoiseeauxielectriciteannam,1945_1962,1,denis-e
indochinoiseeauxelectriciteannam,indochinoiseeauxielectriciteannam,1945_1962,1,denis-e
indochinoiseeauxelectriciteannam,rizindochinedenisfreres,1945_1962,1,denis-e
indochinoiseeauxielectriciteannam,rizindochinedenisfreres,1945_1962,1,denis-e
cotiereannam,kratie,1945_1962,1,hellies-j
indochinoiseeauxelectriciteannam,kratie,1945_1962,1,hellies-j
chantiersateliersreunisindochine,kratie,1945_1962,1,rueff-g
chantiersateliersreunisindochine,mimot,1945_1962,1,rueff-g
chantiersateliersreunisindochine,plantationskratie,1945_1962,1,rueff-g
conducteurelectriqueblindeincombustible,kratie,1945_1962,1,rueff-g
conducteurelectriqueblindeincombustible,plantationskratie,1945_1962,1,rueff-g
kratie,mimot,1945_1962,1,rueff-g
mimot,plantationskratie,1945_1962,1,rueff-g
conducteurelectriqueblindeincombustible,indochinoiseplantationsheveas,1945_1962,1,dewez-h
indochinoiseplantationsheveas,messageriesfluvialescochinchine,1945_1962,1,dewez-h
hautsplateauxindochinois,indochinoiseplantationsreuniesmimot,1945_1962,1,foy-s
hautsplateauxindochinois,kratie,1945_1962,1,foy-s
hautsplateauxindochinois,manufacturesindochinoisescigarettes,1945_1962,1,foy-s
hautsplateauxindochinois,messageriesfluvialescochinchine,1945_1962,1,foy-s
hautsplateauxindochinois,plantationskratie,1945_1962,1,foy-s
hautsplateauxindochinoisbanmethuot,kratie,1945_1962,1,foy-s
hautsplateauxindochinoisbanmethuot,manufacturesindochinoisescigarettes,1945_1962,1,foy-s
hautsplateauxindochinoisbanmethuot,messageriesfluvialescochinchine,1945_1962,1,foy-s
hautsplateauxindochinoisbanmethuot,plantationskratie,1945_1962,1,foy-s
hautsplateauxindochinoisbanmethuotsudviet,kratie,1945_1962,1,foy-s
hautsplateauxindochinoisbanmethuotsudviet,manufacturesindochinoisescigarettes,1945_1962,1,foy-s
hautsplateauxindochinoisbanmethuotsudviet,messageriesfluvialescochinchine,1945_1962,1,foy-s
hautsplateauxindochinoisbanmethuotsudviet,plantationskratie,1945_1962,1,foy-s
banqueiindochine,cheminsferindochineyunnan,1945_1962,1,minost-e
banqueindochine,cheminsferindochineyunnan,1945_1962,1,minost-e
banqueindochine,creditfoncierindochine,1945_1962,1,minost-e
banqueindochine,credithypothecaireindochine,1945_1962,1,minost-e
banqueindochine,indochinoiseplantationsheveas,1945_1962,1,minost-e
charbonnagestonkin,cheminsferindochineyunnan,1945_1962,1,minost-e
charbonnagestonkin,creditfoncierindochine,1945_1962,1,minost-e
charbonnagestonkin,credithypothecaireindochine,1945_1962,1,minost-e
cheminsferindochineyunnan,creditfoncierindochine,1945_1962,1,minost-e
cheminsferindochineyunnan,credithypothecaireindochine,1945_1962,1,minost-e
cheminsferindochineyunnan,indochinoiseplantationsheveas,1945_1962,1,minost-e
creditfoncierindochine,indochinoiseplantationsheveas,1945_1962,1,minost-e
credithypothecaireindochine,indochinoiseplantationsheveas,1945_1962,1,minost-e
banqueiindochine,caoutchoucsindochine,1945_1962,1,bernard-f
banqueindochine,caoutchoucsindochine,1945_1962,1,bernard-f
banqueindochine,caoutchoucsindochinesiegesocial,1945_1962,1,bernard-f
banqueiindochine,caoutchoucsmekongindochinoise,1945_1962,1,langlois-berthelot-p
banqueiindochine,caoutchoucspadang,1945_1962,1,langlois-berthelot-p
banqueiindochine,indochinoiseculturecaoutchoucsmekong,1945_1962,1,langlois-berthelot-p
banqueiindochine,indochinoiseculturescambodge,1945_1962,1,langlois-berthelot-p
banqueiindochine,indochinoiseculturesplantationsterresrouges,1945_1962,1,langlois-berthelot-p
banqueindochine,plantationsindochinoises,1945_1962,1,michel-cote-c
banqueiindochine,caoutchoucsphuochoa,1945_1962,1,laurent-j
banqueiindochine,indochinoiseplantationsreuniesmimot,1945_1962,1,laurent-j
banqueiindochine,mimot,1945_1962,1,laurent-j
caoutchoucsindochinesiegesocial,caoutchoucsphuochoa,1945_1962,1,laurent-j
caoutchoucsindochinesiegesocial,indochinoiseplantationsheveas,1945_1962,1,laurent-j
caoutchoucsindochinesiegesocial,indochinoiseplantationsreuniesmimot,1945_1962,1,laurent-j
caoutchoucsindochinesiegesocial,mimot,1945_1962,1,laurent-j
caoutchoucskompongthom,indochinoiseplantationsheveas,1945_1962,1,laurent-j
caoutchoucskompongthom,indochinoiseplantationsreuniesmimot,1945_1962,1,laurent-j
caoutchoucskompongthom,mimot,1945_1962,1,laurent-j
caoutchoucskompongthom,plantationsindochinoises,1945_1962,1,laurent-j
caoutchoucsphuochoa,indochinoiseplantationsheveas,1945_1962,1,laurent-j
caoutchoucsphuochoa,indochinoiseplantationsreuniesmimot,1945_1962,1,laurent-j
caoutchoucsphuochoa,plantationsindochinoises,1945_1962,1,laurent-j
banqueiindochine,caoutchoucsdonai,1945_1962,1,de-flers-f
banqueiindochine,etainswolframtonkin,1945_1962,1,de-flers-f
banqueiindochine,hautsplateauxindochinois,1945_1962,1,de-flers-f
banqueiindochine,hautsplateauxindochinoisbanmethuot,1945_1962,1,de-flers-f
banqueiindochine,hautsplateauxindochinoisbanmethuotsudviet,1945_1962,1,de-flers-f
caoutchoucsdonai,caoutchoucsindochinesiegesocial,1945_1962,1,de-flers-f
caoutchoucsdonai,caoutchoucskompongthom,1945_1962,1,de-flers-f
caoutchoucsdonai,etainswolframtonkin,1945_1962,1,de-flers-f
caoutchoucsdonai,hautsplateauxindochinois,1945_1962,1,de-flers-f
caoutchoucsdonai,hautsplateauxindochinoisbanmethuot,1945_1962,1,de-flers-f
caoutchoucsdonai,hautsplateauxindochinoisbanmethuotsudviet,1945_1962,1,de-flers-f
caoutchoucsdonai,sifa,1945_1962,1,de-flers-f
caoutchoucsindochinesiegesocial,etainswolframtonkin,1945_1962,1,de-flers-f
caoutchoucsindochinesiegesocial,hautsplateauxindochinois,1945_1962,1,de-flers-f
caoutchoucsindochinesiegesocial,hautsplateauxindochinoisbanmethuot,1945_1962,1,de-flers-f
caoutchoucsindochinesiegesocial,hautsplateauxindochinoisbanmethuotsudviet,1945_1962,1,de-flers-f
caoutchoucsindochinesiegesocial,sifa,1945_1962,1,de-flers-f
caoutchoucskompongthom,etainswolframtonkin,1945_1962,1,de-flers-f
caoutchoucskompongthom,hautsplateauxindochinois,1945_1962,1,de-flers-f
caoutchoucskompongthom,hautsplateauxindochinoisbanmethuot,1945_1962,1,de-flers-f
caoutchoucskompongthom,hautsplateauxindochinoisbanmethuotsudviet,1945_1962,1,de-flers-f
caoutchoucskompongthom,sifa,1945_1962,1,de-flers-f
etainswolframtonkin,hautsplateauxindochinois,1945_1962,1,de-flers-f
etainswolframtonkin,hautsplateauxindochinoisbanmethuot,1945_1962,1,de-flers-f
etainswolframtonkin,hautsplateauxindochinoisbanmethuotsudviet,1945_1962,1,de-flers-f
etainswolframtonkin,sifa,1945_1962,1,de-flers-f
hautsplateauxindochinois,sifa,1945_1962,1,de-flers-f
hautsplateauxindochinoisbanmethuot,sifa,1945_1962,1,de-flers-f
hautsplateauxindochinoisbanmethuotsudviet,sifa,1945_1962,1,de-flers-f
agricoleindustriellethapmuoi,banqueiindochine,1945_1962,1,gannay-p
agricoleindustriellethapmuoi,indochinefilmscinemas,1945_1962,1,gannay-p
asiatiquenavigation,banquefrancochinoisecommerceindustrie,1945_1962,1,maxime-robert-j
asiatiquenavigation,banqueiindochine,1945_1962,1,maxime-robert-j
asiatiquenavigation,colonialeeclairageenergie,1945_1962,1,maxime-robert-j
asiatiquenavigation,creditfoncierindochine,1945_1962,1,maxime-robert-j
asiatiquenavigation,credithypothecaireindochine,1945_1962,1,maxime-robert-j
asiatiquenavigation,eauxelectriciteindochine,1945_1962,1,maxime-robert-j
asiatiquenavigation,indochinefilmscinemas,1945_1962,1,maxime-robert-j
asiatiquenavigation,indochinoiseelectricite,1945_1962,1,maxime-robert-j
asiatiquenavigation,sifa,1945_1962,1,maxime-robert-j
banquefrancochinoisecommerceindustrie,colonialeeclairageenergie,1945_1962,1,maxime-robert-j
banquefrancochinoisecommerceindustrie,creditfoncierindochine,1945_1962,1,maxime-robert-j
banquefrancochinoisecommerceindustrie,credithypothecaireindochine,1945_1962,1,maxime-robert-j
banquefrancochinoisecommerceindustrie,eauxelectriciteindochine,1945_1962,1,maxime-robert-j
banquefrancochinoisecommerceindustrie,indochinefilmscinemas,1945_1962,1,maxime-robert-j
banquefrancochinoisecommerceindustrie,indochinoiseelectricite,1945_1962,1,maxime-robert-j
banquefrancochinoisecommerceindustrie,unionelectriqueindochine,1945_1962,1,maxime-robert-j
banqueiindochine,colonialeeclairageenergie,1945_1962,1,maxime-robert-j
banqueiindochine,eauxelectriciteindochine,1945_1962,1,maxime-robert-j
banqueiindochine,unionelectriqueindochine,1945_1962,1,maxime-robert-j
colonialeeclairageenergie,creditfoncierindochine,1945_1962,1,maxime-robert-j
colonialeeclairageenergie,credithypothecaireindochine,1945_1962,1,maxime-robert-j
colonialeeclairageenergie,eauxelectriciteindochine,1945_1962,1,maxime-robert-j
colonialeeclairageenergie,indochinefilmscinemas,1945_1962,1,maxime-robert-j
colonialeeclairageenergie,indochinoiseelectricite,1945_1962,1,maxime-robert-j
colonialeeclairageenergie,sifa,1945_1962,1,maxime-robert-j
colonialeeclairageenergie,unionelectriqueindochine,1945_1962,1,maxime-robert-j
creditfoncierindochine,eauxelectriciteindochine,1945_1962,1,maxime-robert-j
creditfoncierindochine,indochinefilmscinemas,1945_1962,1,maxime-robert-j
creditfoncierindochine,indochinoiseelectricite,1945_1962,1,maxime-robert-j
creditfoncierindochine,sifa,1945_1962,1,maxime-robert-j
creditfoncierindochine,unionelectriqueindochine,1945_1962,1,maxime-robert-j
credithypothecaireindochine,eauxelectriciteindochine,1945_1962,1,maxime-robert-j
credithypothecaireindochine,indochinefilmscinemas,1945_1962,1,maxime-robert-j
credithypothecaireindochine,indochinoiseelectricite,1945_1962,1,maxime-robert-j
credithypothecaireindochine,sifa,1945_1962,1,maxime-robert-j
credithypothecaireindochine,unionelectriqueindochine,1945_1962,1,maxime-robert-j
eauxelectriciteindochine,indochinefilmscinemas,1945_1962,1,maxime-robert-j
eauxelectriciteindochine,unionelectriqueindochine,1945_1962,1,maxime-robert-j
indochinefilmscinemas,indochinoiseelectricite,1945_1962,1,maxime-robert-j
indochinefilmscinemas,sifa,1945_1962,1,maxime-robert-j
indochinefilmscinemas,unionelectriqueindochine,1945_1962,1,maxime-robert-j
indochinoiseelectricite,unionelectriqueindochine,1945_1962,1,maxime-robert-j
sifa,unionelectriqueindochine,1945_1962,1,maxime-robert-j
banqueiindochine,culturesextremeorient,1945_1962,1,coueslant-j
banqueiindochine,fermiereetainsextremeorient,1945_1962,1,coueslant-j
culturesextremeorient,fermiereetainsextremeorient,1945_1962,1,coueslant-j
culturesextremeorient,imprimerieextremeorient,1945_1962,1,coueslant-j
fermiereetainsextremeorient,imprimerieextremeorient,1945_1962,1,coueslant-j
imprimerieextremeorient,indochinefilmscinemas,1945_1962,1,rolloy-h
agricolethescafeskontumannam,banquefrancochinoisecommerceindustrie,1945_1962,1,le-gallen-m
creditfoncierindochine,plantationsheveasxuanloc,1945_1962,1,daroussin-j
credithypothecaireindochine,plantationsheveasxuanloc,1945_1962,1,daroussin-j
caoutchoucsextremeorient,creditfoncierindochine,1945_1962,1,giscard-d-estaing-e
caoutchoucsextremeorient,credithypothecaireindochine,1945_1962,1,giscard-d-estaing-e
chalandageremorquageindochine,creditfoncierindochine,1945_1962,1,giscard-d-estaing-e
chalandageremorquageindochine,credithypothecaireindochine,1945_1962,1,giscard-d-estaing-e
creditfoncierindochine,indochinoiseculturestropicales,1945_1962,1,giscard-d-estaing-e
creditfoncierindochine,phosphatestonkin,1945_1962,1,giscard-d-estaing-e
creditfoncierindochine,sacric,1945_1962,1,giscard-d-estaing-e
creditfoncierindochine,sucreriesraffineriesindochine,1945_1962,1,giscard-d-estaing-e
credithypothecaireindochine,indochinoiseculturestropicales,1945_1962,1,giscard-d-estaing-e
credithypothecaireindochine,phosphatestonkin,1945_1962,1,giscard-d-estaing-e
credithypothecaireindochine,sacric,1945_1962,1,giscard-d-estaing-e
credithypothecaireindochine,sucreriesraffineriesindochine,1945_1962,1,giscard-d-estaing-e
phosphatestonkin,sucreriesraffineriesindochine,1945_1962,1,giscard-d-estaing-e
fiduciaireindochine,foncieresaigonnaise,1945_1962,1,nouailhetas-a
foncieresaigonnaise,kratie,1945_1962,1,nouailhetas-a
foncieresaigonnaise,unionfinanciereextremeorient,1945_1962,1,nouailhetas-a
colonialegestionrevision,sincay,1945_1962,1,pierron
manufacturesindochinoisescigarettes,plantationshautdonnai,1945_1962,1,biron-l
manufacturesindochinoisescigarettes,unionfinanciereextremeorient,1945_1962,1,biron-l
fermiereetainsextremeorient,unionfinanciereextremeorient,1945_1962,1,bonnardel-j
caoutchoucsdonai,unionfinanciereextremeorient,1945_1962,1,de-chambure-h
indochinoiseplantationsheveas,unionfinanciereextremeorient,1945_1962,1,de-chambure-h
caoutchoucsmekongindochinoise,sennahrubber,1945_1962,1,de-beaumont-j
indochinoiseculturecaoutchoucsmekong,sennahrubber,1945_1962,1,de-beaumont-j
indochinoiseculturescambodge,sennahrubber,1945_1962,1,de-beaumont-j
indochinoiseculturesplantationsterresrouges,sennahrubber,1945_1962,1,de-beaumont-j
cambodge,indochinoiseculturesplantationsterresrouges,1945_1962,1,perot-j
caoutchoucsmekong,sifa,1945_1962,1,carrere-g
caoutchoucsmekongindochinoise,sifa,1945_1962,1,carrere-g
indochinoiseculturecaoutchoucsmekong,sifa,1945_1962,1,carrere-g
agricolethescafeskontum,caoutchoucsmekongindochinoise,1945_1962,1,petithuguenin-p
agricolethescafeskontum,indochinoiseculturecaoutchoucsmekong,1945_1962,1,petithuguenin-p
agricolethescafeskontumannam,caoutchoucsmekong,1945_1962,1,petithuguenin-p
agricolethescafeskontumannam,caoutchoucsmekongindochinoise,1945_1962,1,petithuguenin-p
agricolethescafeskontumannam,indochinoiseculturecaoutchoucsmekong,1945_1962,1,petithuguenin-p
agricoleindustriellethapmuoi,hautsplateauxindochinois,1945_1962,1,lis-a
agricoleindustriellethapmuoi,indochinoiseplantationsheveas,1945_1962,1,lis-a
comptoirsgenerauxindochine,hautsplateauxindochinois,1945_1962,1,lis-a
comptoirsgenerauxindochine,indochinoiseplantationsheveas,1945_1962,1,lis-a
garagescharner,hautsplateauxindochinois,1945_1962,1,lis-a
hautsplateauxindochinois,indochinoiseplantationsheveas,1945_1962,1,lis-a
hautsplateauxindochinoisbanmethuot,indochinoiseplantationsheveas,1945_1962,1,lis-a
hautsplateauxindochinoisbanmethuotsudviet,indochinoiseplantationsheveas,1945_1962,1,lis-a
agricoleindustrielletourcham,hautsplateauxindochinois,1945_1962,1,jessula-d
agricoleindustrielletourcham,hautsplateauxindochinoisbanmethuot,1945_1962,1,jessula-d
agricoleindustrielletourcham,hautsplateauxindochinoisbanmethuotsudviet,1945_1962,1,jessula-d
etablissementsantoinechirisproduitsaromatiques,unioncommercialeindochinoiseafricaine,1945_1962,1,lecat-p
bienhoaindustrielleforestiere,caoutchoucsdonai,1945_1962,1,furiet-c
bienhoaindustrielleforestiere,indochinefilmscinemas,1945_1962,1,furiet-c
bienhoaindustrielleforestiere,indochinoiseplantationsheveas,1945_1962,1,furiet-c
caoutchoucsdonai,foretsscieriesbienhoa,1945_1962,1,furiet-c
caoutchoucsdonai,indochinefilmscinemas,1945_1962,1,furiet-c
foretsscieriesbienhoa,indochinefilmscinemas,1945_1962,1,furiet-c
foretsscieriesbienhoa,indochinoiseplantationsheveas,1945_1962,1,furiet-c
indochinefilmscinemas,indochinoiseplantationsheveas,1945_1962,1,furiet-c
caoutchoucsextremeorient,caoutchoucsindochine,1945_1962,1,bernard-p
caoutchoucsextremeorient,colonialeeclairageenergie,1945_1962,1,bernard-p
caoutchoucsextremeorient,optorg,1945_1962,1,bernard-p
caoutchoucsindochine,chalandageremorquageindochine,1945_1962,1,bernard-p
caoutchoucsindochine,colonialeeclairageenergie,1945_1962,1,bernard-p
caoutchoucsindochine,indochinoiseculturestropicales,1945_1962,1,bernard-p
caoutchoucsindochine,optorg,1945_1962,1,bernard-p
caoutchoucsindochine,phosphatestonkin,1945_1962,1,bernard-p
caoutchoucsindochine,plantationsindochinoises,1945_1962,1,bernard-p
caoutchoucsindochine,sacric,1945_1962,1,bernard-p
caoutchoucsindochinesiegesocial,chalandageremorquageindochine,1945_1962,1,bernard-p
caoutchoucsindochinesiegesocial,colonialeeclairageenergie,1945_1962,1,bernard-p
caoutchoucsindochinesiegesocial,optorg,1945_1962,1,bernard-p
caoutchoucsindochinesiegesocial,phosphatestonkin,1945_1962,1,bernard-p
caoutchoucsindochinesiegesocial,sacric,1945_1962,1,bernard-p
chalandageremorquageindochine,colonialeeclairageenergie,1945_1962,1,bernard-p
chalandageremorquageindochine,optorg,1945_1962,1,bernard-p
colonialeeclairageenergie,indochinoiseculturestropicales,1945_1962,1,bernard-p
colonialeeclairageenergie,optorg,1945_1962,1,bernard-p
colonialeeclairageenergie,plantationsindochinoises,1945_1962,1,bernard-p
colonialeeclairageenergie,sacric,1945_1962,1,bernard-p
indochinoiseculturestropicales,optorg,1945_1962,1,bernard-p
optorg,phosphatestonkin,1945_1962,1,bernard-p
optorg,plantationsindochinoises,1945_1962,1,bernard-p
optorg,sacric,1945_1962,1,bernard-p
phosphatestonkin,plantationsindochinoises,1945_1962,1,bernard-p
asiatiquenavigation,chalandageremorquageindochine,1945_1962,1,guesde-p
asiatiquenavigation,indochinoiseplantationsreuniesmimot,1945_1962,1,guesde-p
asiatiquenavigation,mimot,1945_1962,1,guesde-p
asiatiquenavigation,plantationsindochinoises,1945_1962,1,guesde-p
asiatiquenavigation,sacric,1945_1962,1,guesde-p
asiatiquenavigation,sucreriesraffineriesindochine,1945_1962,1,guesde-p
asiatiquenavigation,urbainefonciereindochinoise,1945_1962,1,guesde-p
chalandageremorquageindochine,indochinoiseplantationsreuniesmimot,1945_1962,1,guesde-p
chalandageremorquageindochine,mimot,1945_1962,1,guesde-p
chalandageremorquageindochine,unionelectriqueindochine,1945_1962,1,guesde-p
chalandageremorquageindochine,urbainefonciereindochinoise,1945_1962,1,guesde-p
indochinoiseplantationsreuniesmimot,sacric,1945_1962,1,guesde-p
indochinoiseplantationsreuniesmimot,sucreriesraffineriesindochine,1945_1962,1,guesde-p
indochinoiseplantationsreuniesmimot,unionelectriqueindochine,1945_1962,1,guesde-p
indochinoiseplantationsreuniesmimot,urbainefonciereindochinoise,1945_1962,1,guesde-p
mimot,sacric,1945_1962,1,guesde-p
mimot,sucreriesraffineriesindochine,1945_1962,1,guesde-p
mimot,unionelectriqueindochine,1945_1962,1,guesde-p
mimot,urbainefonciereindochinoise,1945_1962,1,guesde-p
plantationsindochinoises,unionelectriqueindochine,1945_1962,1,guesde-p
sacric,unionelectriqueindochine,1945_1962,1,guesde-p
sacric,urbainefonciereindochinoise,1945_1962,1,guesde-p
sucreriesraffineriesindochine,unionelectriqueindochine,1945_1962,1,guesde-p
sucreriesraffineriesindochine,urbainefonciereindochinoise,1945_1962,1,guesde-p
unionelectriqueindochine,urbainefonciereindochinoise,1945_1962,1,guesde-p
brasseriesglacieresindochine,caoutchoucsdonai,1945_1962,1,de-laboulaye-e
brasseriesglacieresindochine,chantiersateliersreunisindochine,1945_1962,1,de-laboulaye-e
brasseriesglacieresindochine,indochinoiseplantationsheveas,1945_1962,1,de-laboulaye-e
brasseriesglacieresindochine,indochinoiseplantationsreuniesmimot,1945_1962,1,de-laboulaye-e
brasseriesglacieresindochine,plantationsindochinoises,1945_1962,1,de-laboulaye-e
caoutchoucsdonai,chantiersateliersreunisindochine,1945_1962,1,de-laboulaye-e
caoutchoucsdonai,indochinoiseeauxielectriciteannam,1945_1962,1,de-laboulaye-e
caoutchoucsdonai,indochinoiseplantationsreuniesmimot,1945_1962,1,de-laboulaye-e
caoutchoucsdonai,plantationsindochinoises,1945_1962,1,de-laboulaye-e
chantiersateliersreunisindochine,indochinoiseeauxielectriciteannam,1945_1962,1,de-laboulaye-e
chantiersateliersreunisindochine,indochinoiseplantationsheveas,1945_1962,1,de-laboulaye-e
chantiersateliersreunisindochine,plantationsindochinoises,1945_1962,1,de-laboulaye-e
indochinoiseeauxielectriciteannam,indochinoiseplantationsheveas,1945_1962,1,de-laboulaye-e
indochinoiseeauxielectriciteannam,indochinoiseplantationsreuniesmimot,1945_1962,1,de-laboulaye-e
indochinoiseeauxielectriciteannam,plantationsindochinoises,1945_1962,1,de-laboulaye-e
indochinoiseculturestropicales,unioncommercialeindochinoiseafricaine,1945_1962,1,thierry-j
indochinoiseculturestropicales,indochinoiseelectricite,1945_1962,1,toche-c
indochinoiseculturestropicales,tramwaystonkin,1945_1962,1,toche-c
indochinoiseelectricite,tramwaystonkin,1945_1962,1,toche-c
indochinoisetransports,plantationsheveascaukhoi,1945_1962,1,beyssac-c
immobiliereindochine,plantationsheveasxuanloc,1945_1962,1,j-daroussin
cheminsferindochineyunnan,plantationskratie,1945_1962,1,devies-m
commercialeindochine,honquan,1945_1962,1,rauzy-p
commercialeindochine,indochine,1945_1962,1,rauzy-p
commercialeindochine,phuquoc,1945_1962,1,rauzy-p
etudesexploitationsminieresindochine,jacque,1945_1962,1,de-vienne-h
brasseriesglacieresindochine,minespiaouac,1945_1962,1,le-bret-j
indochinoiseeauxelectriciteannam,minespiaouac,1945_1962,1,le-bret-j
caoutchoucsphuochoa,etablissementsbainierindochineautohall,1945_1962,1,labbe-e
brasseriesglacieresindochine,immobiliereindochine,1945_1962,1,imp-paris
brasseriesglacieresindochine,indochinoiseelectricite,1945_1962,1,impr-paris
banquefrancochinoisecommerceindustrie,kratie,1945_1962,1,devies
banqueindochine,tramwayseclairageelectriquesshanghai,1945_1962,1,borduge-m
banqueindochine,cambodge,1945_1962,1,ph-langlois-berthelot
banqueindochine,caoutchoucsmekong,1945_1962,1,ph-langlois-berthelot
cambodge,caoutchoucsmekong,1945_1962,1,ph-langlois-berthelot
caoutchoucsdonai,manufacturesindochinoisescigarettes,1945_1962,1,walter-l
agricolethescafeskontum,mimot,1945_1962,1,fourn-g
agricolethescafeskontum,forgesatelierschantiersindochine,1945_1962,1,caffort-l
agricolethescafeskontum,urbainefonciereindochinoise,1945_1962,1,caffort-l
agricolethescafeskontumannam,forgesatelierschantiersindochine,1945_1962,1,caffort-l
agricolethescafeskontumannam,urbainefonciereindochinoise,1945_1962,1,caffort-l
forgesatelierschantiersindochine,immobilieresudasie,1945_1962,1,caffort-l
forgesatelierschantiersindochine,urbainefonciereindochinoise,1945_1962,1,caffort-l
immobilieresudasie,urbainefonciereindochinoise,1945_1962,1,caffort-l
agricolethescafeskontumannam,indochinoiseplantationsreuniesmimot,1945_1962,1,g-fourn
francoannamiteindustriesoienam,magasinschaffanjon,1945_1962,1,cotte-l
charbonnagestonkin,indochinoiseelectricite,1945_1962,1,baudouin-p
charbonnagestonkin,tramwayseclairageelectriquesshanghai,1945_1962,1,baudouin-p
indochinoiseelectricite,indochinoiseplantationsheveas,1945_1962,1,baudouin-p
indochinoiseelectricite,tramwayseclairageelectriquesshanghai,1945_1962,1,baudouin-p
indochinoiseplantationsheveas,tramwayseclairageelectriquesshanghai,1945_1962,1,baudouin-p
chalandageremorquageindochine,charbonnagestonkin,1945_1962,1,de-monplanet-c
charbonnagesdongtrieu,indochinoisecharbonnagesminesmetalliques,1945_1962,1,varenne-g
bienhoaindustrielleforestiere,charbonnagesdongtrieu,1945_1962,1,etienne-p
chalandageremorquageindochine,etablissementsdelignon,1945_1962,1,papillon-p
chalandageremorquageindochine,indochinoisecharbonnagesminesmetalliques,1945_1962,1,papillon-p
etablissementsdelignon,indochinoisecharbonnagesminesmetalliques,1945_1962,1,papillon-p
etablissementsdelignon,sacric,1945_1962,1,papillon-p
indochinoisecharbonnagesminesmetalliques,sacric,1945_1962,1,papillon-p
agricoleannam,garagescharner,1945_1962,1,affre-a
agricoleannam,etablissementsdelignon,1945_1962,1,daloz-j
agricoleannam,cambodge,1945_1962,1,orio-e
agricoleannam,caoutchoucspadang,1945_1962,1,orio-e
agricoleannam,indochinefilmscinemas,1945_1962,1,orio-e
agricoleannam,manufacturesindochinoisescigarettes,1945_1962,1,orio-e
cambodge,caoutchoucspadang,1945_1962,1,orio-e
cambodge,indochinefilmscinemas,1945_1962,1,orio-e
cambodge,manufacturesindochinoisescigarettes,1945_1962,1,orio-e
caoutchoucspadang,indochinefilmscinemas,1945_1962,1,orio-e
caoutchoucspadang,manufacturesindochinoisescigarettes,1945_1962,1,orio-e
indochinefilmscinemas,manufacturesindochinoisescigarettes,1945_1962,1,orio-e
cimentsportlandartificielsindochine,eauxelectriciteindochine,1945_1962,1,baudoin-p
moulinsentrepotscoloniaux,rizeriesindochinoises,1945_1962,1,dussuet-j
comptoirsgenerauxindochine,manufacturesindochinoisescigarettes,1945_1962,1,becker-r
etainscammon,minesetainhauttonkin,1945_1962,1,brard-r
etainspiaouac,minesetainhauttonkin,1945_1962,1,ramonatxo-h
etainsindochine,etainswolframtonkin,1945_1962,1,mallet-a
etainswolframtonkin,tramwayseclairageelectriquesshanghai,1945_1962,1,luquet-a
foncieretonkinannam,optorg,1945_1962,1,mazet-j
caoutchoucsphuochoa,hautsplateauxindochinois,1945_1962,1,walter
caoutchoucsphuochoa,heveastayninh,1945_1962,1,walter
hautsplateauxindochinois,heveastayninh,1945_1962,1,walter
hautsplateauxindochinois,mimot,1945_1962,1,walter
heveastayninh,mimot,1945_1962,1,walter
heveastayninh,urbainefonciereindochinoise,1945_1962,1,lambert-l
messageriesfluvialescochinchine,optorg,1945_1962,1,lartigue-j
messageriesfluvialescochinchine,plantationsheveasxuanloc,1945_1962,1,lartigue-j
optorg,plantationsheveasxuanloc,1945_1962,1,lartigue-j
plantationsheveasxuanloc,unionfinanciereextremeorient,1945_1962,1,ed-orio
indochinoiseelectricite,kalitengah,1945_1962,1,boyer-j
indochinoiseelectricite,tapanoelie,1945_1962,1,boyer-j
indochinoisetransports,plantationsindochinoises,1945_1962,1,pages-p
kalitengah,plantationscaoutchoucsumatra,1945_1962,1,vereecken-h
caoutchoucsiboga,plantationscaoutchoucsumatra,1945_1962,1,cavadia-j
omniumelectriqueindustrielcommercial,tramways,post_1962,6,allain-a; allain-p; baron-r; dervieu-j; maggiar-a; maggiar-g
commercialeindochine,rizeriesindochinoisesmaiseriesindochinoises,post_1962,5,couturiaux-r; derre-m; dussuet-j; moore-h; worms-e
moulinsentrepotscoloniaux,rizeriesindochinoisesmaiseriesindochinoises,post_1962,5,couturiaux-r; derre-m; dussuet-j; joule-u; worms-e
commercialeindochine,moulinsentrepotscoloniaux,post_1962,4,couturiaux-r; derre-m; dussuet-j; worms-e
eauxelectriciteindochine,indochinoiseelectricite,post_1962,4,e-teissier-du-cros; guillanton-a; j-dior; maxime-robert-j
eauxelectriciteindochine,tramways,post_1962,4,allain-a; allain-p; maggiar-a; trives-f
etainswolframtonkin,fermiereetainsextremeorient,post_1962,4,bardoux-j; brard-r; mallet-a; petin-j
commercialeindochine,rizeriesextremeorient,post_1962,3,joly-j; moore-h; worms-e
indochineluminescenceradio,indochinoisemessageriesautomobiles,post_1962,3,bedat-de-monlaur; benignus-m; langlois
brasseriesglacieresindochine,iindustrieindochine,post_1962,3,de-laboulaye-e; denis-e; palanque-l
eauxgazeusesindochinesegd,entrepotsfrigorifiquesindochine,post_1962,3,brasseries; challamel-a; plossu-a
chantiersateliersreunisindochine,manufacturesindochinoisescigarettes,post_1962,3,karcher-l; picard-g; rueff-g
eauxelectriciteindochine,omniumelectriqueindustrielcommercial,post_1962,3,allain-a; allain-p; maggiar-a
etainscammon,fermiereetainsextremeorient,post_1962,3,bardoux-j; brard-r; j-coueslant
fermiereetainsextremeorient,minesetainhauttonkin,post_1962,3,brard-r; petin-j; wolfram-du-tonkin
etainsindochine,fermiereetainsextremeorient,post_1962,3,etains; mallet-a; wolfram-du-tonkin
rizeriesextremeorient,rizeriesindochinoisesmaiseriesindochinoises,post_1962,2,moore-h; worms-e
colonialeeclairageenergie,phosphatestonkin,post_1962,2,bernard-p; rigal-j
francoindochinoisecommissionexportation,indochinoisetransports,post_1962,2,etcheverry-h; j-jean-duclos
indochinefilmscinemas,indochineluminescenceradio,post_1962,2,benignus-m; furiet-c
indochinefilmscinemas,indochinoiseconstructionselectriquesmecaniques,post_1962,2,benignus-m; duperon-p
indochineluminescenceradio,indochinoiseconstructionselectriquesmecaniques,post_1962,2,benignus-m; langlois-s
agricolethescafeskontumannam,assurancefranceindochine,post_1962,2,audren-de-kerdrel-r; duperon-p
anciensetableiffelanct,etudesminieresextremeorient,post_1962,2,bastid-polytechnicien-c; catalogne-e
anciensetableiffelanct,charbonnagesdongtrieu,post_1962,2,dir-ewtetains-de-pia-ouac; ing-tp-indoch
brasseriesglacieresindochine,eauxgazeusesindochinesegd,post_1962,2,challamel-a; plossu-a
brasseriesglacieresindochine,entrepotsfrigorifiquesindochine,post_1962,2,challamel-a; plossu-a
eauxelectriciteindochine,indochinoiseforestiereallumettes,post_1962,2,guillanton-a; maxime-robert-j
indochinoiseelectricite,indochinoiseforestiereallumettes,post_1962,2,guillanton-a; maxime-robert-j
etainscammon,etainswolframtonkin,post_1962,2,bardoux-j; brard-r
etainswolframtonkin,minesetainhauttonkin,post_1962,2,brard-r; petin-j
exploitationetsbrossardmopin,immobilieresudasie,post_1962,2,bussy-a; carrere-g
exploitationetsbrossardmopin,indochinoiseforestiereallumettes,post_1962,2,bussy-a; carrere-g
immobilieresudasie,indochinoiseforestiereallumettes,post_1962,2,bussy-a; carrere-g
agricolethescafeskontumannam,immobilieresudasie,post_1962,2,caffort-l; petithuguenin-p
chalandageremorquageindochine,sucreriesraffineriesindochine,post_1962,2,d-estaing-g; guesde-p
papeteriesindochine,sucreriesraffineriesindochine,post_1962,2,bouvier-r; dentz-a
chauxhydrauliqueslangtho,cimentsportlandartificielsindochine,post_1962,2,candlot-c; ferrant
cotonnieretonkin,scieriesfabriquesallumettesthanhhoa,post_1962,2,actionnaire-fdt-de-la-cotonniere-du-tonkin; bayle-g
distilleriesiindochine,entreprisedragagestravauxpublics,post_1962,2,laurent-j; worms-h
agricolethescafeskontumannam,distilleriesiindochine,post_1962,2,pdt-catecka; v-pdt-messageries-maritimes
imprimerieextremeorient,indochinefilmscinemas,post_1962,1,rolloy-h
francoannamiteindustriesoie,magasinschaffanjon,post_1962,1,cotte-l
indochinoiseelectricite,omniumindochinoistransports,post_1962,1,boyer-j
moulinsentrepotscoloniaux,rizeriesextremeorient,post_1962,1,worms-e
auxiliairecommercecommissionextremeorient,manufacturesindochinoisescigarettes,post_1962,1,biron-l
brasserieboheme,commercialeasiatique,post_1962,1,sireyjol
chalandageremorquageindochine,colonialeeclairageenergie,post_1962,1,bernard-p
chalandageremorquageindochine,commercialeproduitsoutremer,post_1962,1,bernard-p
chalandageremorquageindochine,papeteriesindochine,post_1962,1,bernard-p
chalandageremorquageindochine,phosphatestonkin,post_1962,1,bernard-p
colonialeeclairageenergie,commercialeproduitsoutremer,post_1962,1,bernard-p
colonialeeclairageenergie,papeteriesindochine,post_1962,1,bernard-p
commercialeproduitsoutremer,papeteriesindochine,post_1962,1,bernard-p
commercialeproduitsoutremer,phosphatestonkin,post_1962,1,bernard-p
papeteriesindochine,phosphatestonkin,post_1962,1,bernard-p
garagescharner,unionminiereindochinoise,post_1962,1,arnaud-de-vogue
immobilieresudasie,indochinefilmscinemas,post_1962,1,benignus-m
immobilieresudasie,indochineluminescenceradio,post_1962,1,benignus-m
immobilieresudasie,indochinoiseconstructionselectriquesmecaniques,post_1962,1,benignus-m
immobilieresudasie,indochinoisemessageriesautomobiles,post_1962,1,benignus-m
indochinefilmscinemas,indochinoisemessageriesautomobiles,post_1962,1,benignus-m
indochinoiseconstructionselectriquesmecaniques,indochinoisemessageriesautomobiles,post_1962,1,benignus-m
indochinefilmscinemas,unionminiereindochinoise,post_1962,1,furiet-c
indochineluminescenceradio,unionminiereindochinoise,post_1962,1,furiet-c
brasseriesglacieresindochine,rizindochinedenisfreres,post_1962,1,denis-e
iindustrieindochine,rizindochinedenisfreres,post_1962,1,denis-e
asiatiqueafricaine,unioncommercialeindochinoiseafricaine,post_1962,1,hecquet-g
agricolethescafeskontumannam,cheminsferindochineyunnan,post_1962,1,duperon-p
agricolethescafeskontumannam,hydrauliqueasie232,post_1962,1,duperon-p
agricolethescafeskontumannam,indochinefilmscinemas,post_1962,1,duperon-p
agricolethescafeskontumannam,indochinoiseconstructionselectriquesmecaniques,post_1962,1,duperon-p
agricolethescafeskontumannam,unioncommercialeindochinoiseafricaine,post_1962,1,duperon-p
assurancefranceindochine,cheminsferindochineyunnan,post_1962,1,duperon-p
assurancefranceindochine,hydrauliqueasie232,post_1962,1,duperon-p
assurancefranceindochine,indochinefilmscinemas,post_1962,1,duperon-p
assurancefranceindochine,indochinoiseconstructionselectriquesmecaniques,post_1962,1,duperon-p
assurancefranceindochine,unioncommercialeindochinoiseafricaine,post_1962,1,duperon-p
cheminsferindochineyunnan,hydrauliqueasie232,post_1962,1,duperon-p
cheminsferindochineyunnan,indochinefilmscinemas,post_1962,1,duperon-p
cheminsferindochineyunnan,indochinoiseconstructionselectriquesmecaniques,post_1962,1,duperon-p
cheminsferindochineyunnan,unioncommercialeindochinoiseafricaine,post_1962,1,duperon-p
hydrauliqueasie232,indochinefilmscinemas,post_1962,1,duperon-p
hydrauliqueasie232,indochinoiseconstructionselectriquesmecaniques,post_1962,1,duperon-p
hydrauliqueasie232,unioncommercialeindochinoiseafricaine,post_1962,1,duperon-p
indochinefilmscinemas,unioncommercialeindochinoiseafricaine,post_1962,1,duperon-p
indochinoiseconstructionselectriquesmecaniques,unioncommercialeindochinoiseafricaine,post_1962,1,duperon-p
anciensetableiffelanct,indochinefilmscinemas,post_1962,1,catalogne-e
etudesminieresextremeorient,indochinefilmscinemas,post_1962,1,catalogne-e
anciensetableiffelanct,immobiliereindochine,post_1962,1,pleutin-e
brasseriesglacieresindochine,chantiersateliersreunisindochine,post_1962,1,de-laboulaye-e
brasseriesglacieresindochine,unionminiereindochinoise,post_1962,1,de-laboulaye-e
chantiersateliersreunisindochine,iindustrieindochine,post_1962,1,de-laboulaye-e
chantiersateliersreunisindochine,unionminiereindochinoise,post_1962,1,de-laboulaye-e
iindustrieindochine,unionminiereindochinoise,post_1962,1,de-laboulaye-e
chantiersateliersreunisindochine,cheminsferindochineyunnan,post_1962,1,bodin-a
colonialeeclairageenergie,eauxelectriciteindochine,post_1962,1,maxime-robert-j
colonialeeclairageenergie,indochinefilmscinemas,post_1962,1,maxime-robert-j
colonialeeclairageenergie,indochinoiseelectricite,post_1962,1,maxime-robert-j
colonialeeclairageenergie,indochinoiseforestiereallumettes,post_1962,1,maxime-robert-j
eauxelectriciteindochine,indochinefilmscinemas,post_1962,1,maxime-robert-j
indochinefilmscinemas,indochinoiseelectricite,post_1962,1,maxime-robert-j
indochinefilmscinemas,indochinoiseforestiereallumettes,post_1962,1,maxime-robert-j
etainscammon,minesetainhauttonkin,post_1962,1,brard-r
etainsindochine,minesetainhauttonkin,post_1962,1,wolfram-du-tonkin
etainsindochine,etainswolframtonkin,post_1962,1,mallet-a
agricolethescafeskontumannam,forgesatelierschantiersindochine,post_1962,1,caffort-l
agricolethescafeskontumannam,urbainefonciereindochinoise,post_1962,1,caffort-l
forgesatelierschantiersindochine,immobilieresudasie,post_1962,1,caffort-l
forgesatelierschantiersindochine,urbainefonciereindochinoise,post_1962,1,caffort-l
immobilieresudasie,urbainefonciereindochinoise,post_1962,1,caffort-l
indochinoiseforestiereallumettes,indochinoisemessageriesautomobiles,post_1962,1,chatot-j
etainswolframtonkin,indochinoiseforestiereallumettes,post_1962,1,de-flers-f
etainswolframtonkin,minieremetallurgiqueindochine,post_1962,1,de-flers-f
etainswolframtonkin,unionminiereindochinoise,post_1962,1,de-flers-f
indochinoiseforestiereallumettes,minieremetallurgiqueindochine,post_1962,1,de-flers-f
indochinoiseforestiereallumettes,unionminiereindochinoise,post_1962,1,de-flers-f
minieremetallurgiqueindochine,unionminiereindochinoise,post_1962,1,de-flers-f
charbonnagesdongtrieu,indochinoisecharbonnagesminesmetalliques,post_1962,1,varenne-g
charbonnagesdongtrieu,minieremetallurgiqueindochine,post_1962,1,varenne-g
indochinoisecharbonnagesminesmetalliques,minieremetallurgiqueindochine,post_1962,1,varenne-g
etainspiaouac,minesetainhauttonkin,post_1962,1,ramonatxo-h
chalandageremorquageindochine,etablissementsdelignon,post_1962,1,papillon-p
chalandageremorquageindochine,indochinoisecharbonnagesminesmetalliques,post_1962,1,papillon-p
etablissementsdelignon,indochinoisecharbonnagesminesmetalliques,post_1962,1,papillon-p
asiatiqueafricaine,chalandageremorquageindochine,post_1962,1,guesde-p
asiatiqueafricaine,distilleriesiindochine,post_1962,1,guesde-p
asiatiqueafricaine,sucreriesraffineriesindochine,post_1962,1,guesde-p
asiatiqueafricaine,unionelectriqueindochine,post_1962,1,guesde-p
asiatiqueafricaine,urbainefonciereindochinoise,post_1962,1,guesde-p
chalandageremorquageindochine,distilleriesiindochine,post_1962,1,guesde-p
chalandageremorquageindochine,unionelectriqueindochine,post_1962,1,guesde-p
chalandageremorquageindochine,urbainefonciereindochinoise,post_1962,1,guesde-p
distilleriesiindochine,sucreriesraffineriesindochine,post_1962,1,guesde-p
distilleriesiindochine,unionelectriqueindochine,post_1962,1,guesde-p
distilleriesiindochine,urbainefonciereindochinoise,post_1962,1,guesde-p
sucreriesraffineriesindochine,unionelectriqueindochine,post_1962,1,guesde-p
sucreriesraffineriesindochine,urbainefonciereindochinoise,post_1962,1,guesde-p
unionelectriqueindochine,urbainefonciereindochinoise,post_1962,1,guesde-p
indochinoisepyrotechniedapcau,papeteriesindochine,post_1962,1,bouvier-r
indochinoisepyrotechniedapcau,sucreriesraffineriesindochine,post_1962,1,bouvier-r
chauxhydrauliqueslangtho,distilleriesiindochine,post_1962,1,boyaval-l
colonialeeclairageenergie,entreprisedragagestravauxpublics,post_1962,1,rigal-j
entreprisedragagestravauxpublics,phosphatestonkin,post_1962,1,rigal-j
etudesminieresextremeorient,indochinoiseexploitationsminieresagricoles,post_1962,1,hannotin-m
foncieretonkinannam,urbainefonciereindochinoise,post_1962,1,mazet-j
caoutchoucsphuochoa,distilleriesiindochine,post_1962,1,laurent-j
caoutchoucsphuochoa,entreprisedragagestravauxpublics,post_1962,1,laurent-j
eauxelectriciteindochine,energieelectriqueindochinoise,pre_1914,10,allain-m; baron-r; chaumier-a; dervieu-p; devaux-p; hebre-e; hermenier-g; homberg-o; plante-a; teissier-du-cros-e
eauxelectriciteindochine,indochinoiseelectricite,pre_1914,8,allain-m; chaumier-a; devaux-p; hermenier-g; homberg-o; plante-a; teissier-du-cros-e; thion-de-la-chaume-r
energieelectriqueindochinoise,indochinoiseelectricite,pre_1914,7,allain-m; chaumier-a; devaux-p; hermenier-g; homberg-o; plante-a; teissier-du-cros-e
indochinoiseelectricite,tramways,pre_1914,7,allain; allain-m; chaumier; chaumier-a; hermenier; hermenier-g; mellier
rizindochinedenisfreres,unioncommercialeindochinoiseafricaine,pre_1914,7,estier-f; estier-h; hecquet-g; legrand-r; thierry-j; vigne-g; vigne-j
denisfreresindochine,rizindochinedenisfreres,pre_1914,5,de-ferry-f; delalande-l; denis-e; denis-m; souhaite-m
agricolesuzannah,gommelaquejb,pre_1914,5,fernandez-g; fontaine-l; girard-e; launay-l; waespe-f
eauxelectriciteindochine,tramways,pre_1914,5,allain-m; baron-r; chaumier-a; dervieu-p; hermenier-g
energieelectriqueindochinoise,tramways,pre_1914,5,allain-m; baron-r; chaumier-a; dervieu-p; hermenier-g
denisfreres,denisfreresindochine,pre_1914,4,de-ferry-f; delalande-l; denis-e; denis-m
denisfreres,rizindochinedenisfreres,pre_1914,4,de-ferry-f; delalande-l; denis-e; denis-m
immeublesdenisfreres,rizindochinedenisfreres,pre_1914,4,de-ferry-f; denis-a; denis-e; rousseau-h
commercialeindochine,rizeriesindochinoises,pre_1914,4,eug-ville; michel-c; rauzy-p; worms-e
commercialeindochine,rizindochinedenisfreres,pre_1914,4,eug-ville; michel-c; rauzy-p; worms-e
rizeriesindochinoises,rizindochinedenisfreres,pre_1914,4,eug-ville; michel-c; rauzy-p; worms-e
eauxhanoi,etainswolframtonkin,pre_1914,4,brard-r; de-pourtales-r; de-wendel-f; petin-h
anthracitestonkin,distilleriesindochine,pre_1914,3,fontaine-a; fontaine-l; homberg-o
asiatiqueboissonsindigenes,distilleriesindochine,pre_1914,3,calmette-a; fontaine-a; fontaine-l
chauxhydrauliqueslangtho,distilleriesindochine,pre_1914,3,boyaval-l; fontaine-a; fontaine-l
marseillaiseoutremer,rizeriesmediterranee,pre_1914,3,ed-velten; pellas-d; pellas-v
agricolesuzannah,plantationsloc,pre_1914,3,fernandez-g; girard-e; launay-l
ccneo,domainekebao,pre_1914,3,de-vogue-r; fernandez-g; launay-l
ccneo,gommelaquejb,pre_1914,3,de-vogue-r; fernandez-g; launay-l
ccneo,plantationsloc,pre_1914,3,bloch-a; fernandez-g; launay-l
domainekebao,gommelaquejb,pre_1914,3,de-vogue-r; fernandez-g; launay-l
gommelaquejb,plantationsloc,pre_1914,3,fernandez-g; girard-e; launay-l
commercialelaos,etudesexploitationsminieresindochine,pre_1914,3,bartholoni-r; de-vienne-h; dupuy-e
francoannamiteindustriesoie,francoannamitetextileexportation,pre_1914,3,cotte-a; cotte-p; tortel-l
unioncommercialeindochinoise,unioncommercialeindochinoiseafricaine,pre_1914,3,fontaine-h; gaisman-a; jacquier-f
bienhoaindustrielleforestiere,tramwaysdonai,pre_1914,3,blondel; heilmann; posth
charbonnagesdongtrieu,hautmekong,pre_1914,3,harth-p; merigeault-e; vincent-a
forgesatelierschantiersindochine,oxygeneacetyleneextremeorient,pre_1914,3,grammont; le-chatelier-a; ziegel-f
minieretonkin,verreriesindochine,pre_1914,3,dumond-e; granval-a; gue-e
ccneo,industriellecommercialesalonique,pre_1914,3,allatini-e; allatini-g; bloch-a
denisfreres,francoindochinoise,pre_1914,2,delalande-l; denis-e
denisfreres,immeublesdenisfreres,pre_1914,2,de-ferry-f; denis-e
denisfreresindochine,francoindochinoise,pre_1914,2,delalande-l; denis-e
denisfreresindochine,immeublesdenisfreres,pre_1914,2,de-ferry-f; denis-e
etudesculturecotonindochine,rizindochinedenisfreres,pre_1914,2,denis-e; vigne-j
francoindochinoise,rizindochinedenisfreres,pre_1914,2,delalande-l; denis-e
anthracitestonkin,industriellechimieextremeorient,pre_1914,2,delorme-p; homberg-o
industriellechimieextremeorient,oxygeneacetyleneextremeorient,pre_1914,2,delorme-p; deschars-e
agricolesuzannah,anthracitestonkin,pre_1914,2,fontaine-a; fontaine-l
agricolesuzannah,asiatiqueboissonsindigenes,pre_1914,2,fontaine-a; fontaine-l
agricolesuzannah,chauxhydrauliqueslangtho,pre_1914,2,fontaine-a; fontaine-l
agricolesuzannah,distilleriesindochine,pre_1914,2,fontaine-a; fontaine-l
anthracitestonkin,asiatiqueboissonsindigenes,pre_1914,2,fontaine-a; fontaine-l
anthracitestonkin,chauxhydrauliqueslangtho,pre_1914,2,fontaine-a; fontaine-l
anthracitestonkin,sucreriesraffineriesindochine,pre_1914,2,fontaine-a; homberg-o
asiatiqueboissonsindigenes,chauxhydrauliqueslangtho,pre_1914,2,fontaine-a; fontaine-l
chauxhydrauliqueslangtho,vitalimentscoloniaux,pre_1914,2,boyaval-l; fontaine-a
distilleriesindochine,sucreriesraffineriesindochine,pre_1914,2,fontaine-a; homberg-o
distilleriesindochine,tabacsindochine,pre_1914,2,fontaine-a; l-fontaine
distilleriesindochine,vitalimentscoloniaux,pre_1914,2,boyaval-l; fontaine-a
etablissementsdumarestindochine,roanne,pre_1914,2,dumarest-l; dumarest-p
agricolesuzannah,ccneo,pre_1914,2,fernandez-g; launay-l
agricolesuzannah,domainekebao,pre_1914,2,fernandez-g; launay-l
agricolesuzannah,rizeriemoderne,pre_1914,2,fernandez-g; launay-l
ccneo,rizeriemoderne,pre_1914,2,fernandez-g; launay-l
domainekebao,plantationsloc,pre_1914,2,fernandez-g; launay-l
domainekebao,rizeriemoderne,pre_1914,2,fernandez-g; launay-l
gommelaquejb,rizeriemoderne,pre_1914,2,fernandez-g; launay-l
plantationsloc,rizeriemoderne,pre_1914,2,fernandez-g; launay-l
distilleriesindochine,etablissementsdelignon,pre_1914,2,chapsal-f; fontaine-l
eauxelectriciteindochine,etablissementsdelignon,pre_1914,2,chaumier-a; thion-de-la-chaume-r
etablissementsdelignon,indochinoiseelectricite,pre_1914,2,chaumier-a; thion-de-la-chaume-r
anthracitestonkin,verreriesextremeorient,pre_1914,2,fontaine-l; homberg-o
chauxhydrauliqueslangtho,gommelaquejb,pre_1914,2,boyaval-l; fontaine-l
chauxhydrauliqueslangtho,produitsalimentairesazotes,pre_1914,2,boyaval-l; fontaine-l
comptoirtonkin,unioncommercialeindochinoise,pre_1914,2,fontaine-h; fontaine-l
distilleriesindochine,gommelaquejb,pre_1914,2,boyaval-l; fontaine-l
distilleriesindochine,produitsalimentairesazotes,pre_1914,2,boyaval-l; fontaine-l
distilleriesindochine,verreriesextremeorient,pre_1914,2,fontaine-l; homberg-o
gommelaquejb,produitsalimentairesazotes,pre_1914,2,boyaval-l; fontaine-l
estasiatique,maritimeindochinoise,pre_1914,2,delpech-j; estier-h
estasiatique,unioncommercialeindochinoiseafricaine,pre_1914,2,delpech-j; estier-h
maritimeindochinoise,unioncommercialeindochinoiseafricaine,pre_1914,2,delpech-j; estier-h
etudesculturecotonindochine,mineschodon,pre_1914,2,guesde-p; vigne-j
exploitationetablissementsbrossardmopin,gcolin,pre_1914,2,legrand-r; maspero-g
commercialeindochine,poinsardveyretcomptoirsextremeorient,pre_1914,2,michel-c; worms-e
poinsardveyretcomptoirsextremeorient,rizeriesindochinoises,pre_1914,2,michel-c; worms-e
poinsardveyretcomptoirsextremeorient,rizindochinedenisfreres,pre_1914,2,michel-c; worms-e
grandstravauxextremeorient,poinsardveyretcomptoirsextremeorient,pre_1914,2,ville-e; worms-e
comptoirtonkin,unioncommercialeindochinoiseafricaine,pre_1914,2,fontaine-e; fontaine-h
agenceradiotelegraphiqueindochinepacifique,agenceradiotelegraphiqueindochinepacifiquehavas,pre_1914,2,bousquet-h; houssaye-c
assurancefrancoasiatique,directionchine,pre_1914,2,madier-h; speelman-m
caoutchoucsindochine,papeteriesindochine,pre_1914,2,clerc-l; homberg-o
chalandageremorquageindochine,sucreriesraffineriesindochine,pre_1914,2,grammont-m; homberg-o
eauxelectriciteindochine,etudestramwaybencatkratie,pre_1914,2,dervieu-p; homberg-o
energieelectriqueindochinoise,etudestramwaybencatkratie,pre_1914,2,dervieu-p; homberg-o
indochinoiseculturestropicales,papeteriesindochine,pre_1914,2,bouvier-r; homberg-o
indochinoiseculturestropicales,sucreriesraffineriesindochine,pre_1914,2,homberg-o; philippe-r
indochinoiseculturestropicales,verreriesextremeorient,pre_1914,2,homberg-o; philippe-r
sucreriesraffineriesindochine,verreriesextremeorient,pre_1914,2,homberg-o; philippe-r
etainswolframtonkin,minesbanman,pre_1914,2,brard-r; wolfram-du-tonkin
forgesatelierschantierscambodge,oxygeneacetyleneextremeorient,pre_1914,2,bernard-f; grammont
indochinoisegraphites,minieretonkin,pre_1914,2,dumond-e; granval-a
indochinoisegraphites,verreriesindochine,pre_1914,2,dumond-e; granval-a
etudesminieresindochine,indochinoisecimentfondulafarge,pre_1914,2,ferrant; thion-de-la-chaume
commercialeindustriellefrancoannamite,thesindochine,pre_1914,2,bourboulon-h; lionel-marie-j
heveastayninh,plantationsagavesannam,pre_1914,2,biedermann-m; caville-a
ccneo,compagniepuisnouvellecompagnieforestieredumekongpuisexploitationforestieredumekong,pre_1914,2,hoffet-h; vimont-a
dockshouillerestourane,unioncommercialeindochinoise,pre_1914,2,pila-u; pradel-l
plantationscaoutchoucsumatra,tamiangrubber,pre_1914,2,donnet-l; engeringh-c
brasseriesglacieresindochine,commercialelaos,pre_1914,1,denis-e
brasseriesglacieresindochine,denisfreres,pre_1914,1,denis-e
brasseriesglacieresindochine,denisfreresindochine,pre_1914,1,denis-e
brasseriesglacieresindochine,etudesculturecotonindochine,pre_1914,1,denis-e
brasseriesglacieresindochine,francoindochinoise,pre_1914,1,denis-e
brasseriesglacieresindochine,immeublesdenisfreres,pre_1914,1,denis-e
brasseriesglacieresindochine,minestrangda,pre_1914,1,denis-e
brasseriesglacieresindochine,rizindochinedenisfreres,pre_1914,1,denis-e
commercialelaos,denisfreres,pre_1914,1,denis-e
commercialelaos,denisfreresindochine,pre_1914,1,denis-e
commercialelaos,etudesculturecotonindochine,pre_1914,1,denis-e
commercialelaos,francoindochinoise,pre_1914,1,denis-e
commercialelaos,immeublesdenisfreres,pre_1914,1,denis-e
commercialelaos,minestrangda,pre_1914,1,denis-e
commercialelaos,rizindochinedenisfreres,pre_1914,1,denis-e
denisfreres,etudesculturecotonindochine,pre_1914,1,denis-e
denisfreres,minestrangda,pre_1914,1,denis-e
denisfreresindochine,etudesculturecotonindochine,pre_1914,1,denis-e
denisfreresindochine,minestrangda,pre_1914,1,denis-e
etudesculturecotonindochine,francoindochinoise,pre_1914,1,denis-e
etudesculturecotonindochine,immeublesdenisfreres,pre_1914,1,denis-e
etudesculturecotonindochine,minestrangda,pre_1914,1,denis-e
francoindochinoise,immeublesdenisfreres,pre_1914,1,denis-e
francoindochinoise,minestrangda,pre_1914,1,denis-e
immeublesdenisfreres,minestrangda,pre_1914,1,denis-e
minestrangda,rizindochinedenisfreres,pre_1914,1,denis-e
charbonnagestonkin,cheminsferindochineyunnan,pre_1914,1,simon-s
charbonnagestonkin,industriellechimieextremeorient,pre_1914,1,simon-s
charbonnagestonkin,navigationvapeurfranceindochine,pre_1914,1,simon-s
charbonnagestonkin,tabacsindochine,pre_1914,1,simon-s
cheminsferindochineyunnan,industriellechimieextremeorient,pre_1914,1,simon-s
cheminsferindochineyunnan,navigationvapeurfranceindochine,pre_1914,1,simon-s
cheminsferindochineyunnan,tabacsindochine,pre_1914,1,simon-s
industriellechimieextremeorient,navigationvapeurfranceindochine,pre_1914,1,simon-s
industriellechimieextremeorient,tabacsindochine,pre_1914,1,simon-s
navigationvapeurfranceindochine,tabacsindochine,pre_1914,1,simon-s
francoasiatiquepetrolessudindochine,oxygeneacetyleneextremeorient,pre_1914,1,braun-i
anthracitestonkin,oxygeneacetyleneextremeorient,pre_1914,1,delorme-p
agricolesuzannah,sucreriesraffineriesindochine,pre_1914,1,fontaine-a
agricolesuzannah,tabacsindochine,pre_1914,1,fontaine-a
agricolesuzannah,vitalimentscoloniaux,pre_1914,1,fontaine-a
anthracitestonkin,tabacsindochine,pre_1914,1,fontaine-a
anthracitestonkin,vitalimentscoloniaux,pre_1914,1,fontaine-a
asiatiqueboissonsindigenes,sucreriesraffineriesindochine,pre_1914,1,fontaine-a
asiatiqueboissonsindigenes,tabacsindochine,pre_1914,1,fontaine-a
asiatiqueboissonsindigenes,vitalimentscoloniaux,pre_1914,1,fontaine-a
chauxhydrauliqueslangtho,sucreriesraffineriesindochine,pre_1914,1,fontaine-a
chauxhydrauliqueslangtho,tabacsindochine,pre_1914,1,fontaine-a
sucreriesraffineriesindochine,tabacsindochine,pre_1914,1,fontaine-a
sucreriesraffineriesindochine,vitalimentscoloniaux,pre_1914,1,fontaine-a
tabacsindochine,vitalimentscoloniaux,pre_1914,1,fontaine-a
banqueindochine,tabacsindochine,pre_1914,1,girod
etablissementsdumarestindochine,indochinoiseculturescambodge,pre_1914,1,rimaud-a
honquan,rizeriesmediterranee,pre_1914,1,bonnasse-j
marseillaiseoutremer,rizeriesmeridionales,pre_1914,1,pellas-v
rizeriesmediterranee,rizeriesmeridionales,pre_1914,1,pellas-v
commercenavigationextremeorient,rizeriemoderne,pre_1914,1,jessula-d
energieelectriqueindochinoise,etablissementsdelignon,pre_1914,1,chaumier-a
etablissementsdelignon,tramways,pre_1914,1,chaumier-a
agricolesuzannah,comptoirtonkin,pre_1914,1,fontaine-l
agricolesuzannah,etablissementsdelignon,pre_1914,1,fontaine-l
agricolesuzannah,forgesatelierschantierscambodge,pre_1914,1,fontaine-l
agricolesuzannah,produitsalimentairesazotes,pre_1914,1,fontaine-l
agricolesuzannah,unioncommercialeindochinoise,pre_1914,1,fontaine-l
agricolesuzannah,verreriesextremeorient,pre_1914,1,fontaine-l
anthracitestonkin,comptoirtonkin,pre_1914,1,fontaine-l
anthracitestonkin,etablissementsdelignon,pre_1914,1,fontaine-l
anthracitestonkin,forgesatelierschantierscambodge,pre_1914,1,fontaine-l
anthracitestonkin,gommelaquejb,pre_1914,1,fontaine-l
anthracitestonkin,produitsalimentairesazotes,pre_1914,1,fontaine-l
anthracitestonkin,unioncommercialeindochinoise,pre_1914,1,fontaine-l
asiatiqueboissonsindigenes,comptoirtonkin,pre_1914,1,fontaine-l
asiatiqueboissonsindigenes,etablissementsdelignon,pre_1914,1,fontaine-l
asiatiqueboissonsindigenes,forgesatelierschantierscambodge,pre_1914,1,fontaine-l
asiatiqueboissonsindigenes,gommelaquejb,pre_1914,1,fontaine-l
asiatiqueboissonsindigenes,produitsalimentairesazotes,pre_1914,1,fontaine-l
asiatiqueboissonsindigenes,unioncommercialeindochinoise,pre_1914,1,fontaine-l
asiatiqueboissonsindigenes,verreriesextremeorient,pre_1914,1,fontaine-l
chauxhydrauliqueslangtho,comptoirtonkin,pre_1914,1,fontaine-l
chauxhydrauliqueslangtho,etablissementsdelignon,pre_1914,1,fontaine-l
chauxhydrauliqueslangtho,forgesatelierschantierscambodge,pre_1914,1,fontaine-l
chauxhydrauliqueslangtho,unioncommercialeindochinoise,pre_1914,1,fontaine-l
chauxhydrauliqueslangtho,verreriesextremeorient,pre_1914,1,fontaine-l
comptoirtonkin,distilleriesindochine,pre_1914,1,fontaine-l
comptoirtonkin,etablissementsdelignon,pre_1914,1,fontaine-l
comptoirtonkin,forgesatelierschantierscambodge,pre_1914,1,fontaine-l
comptoirtonkin,gommelaquejb,pre_1914,1,fontaine-l
comptoirtonkin,produitsalimentairesazotes,pre_1914,1,fontaine-l
comptoirtonkin,verreriesextremeorient,pre_1914,1,fontaine-l
distilleriesindochine,forgesatelierschantierscambodge,pre_1914,1,fontaine-l
distilleriesindochine,unioncommercialeindochinoise,pre_1914,1,fontaine-l
etablissementsdelignon,forgesatelierschantierscambodge,pre_1914,1,fontaine-l
etablissementsdelignon,gommelaquejb,pre_1914,1,fontaine-l
etablissementsdelignon,produitsalimentairesazotes,pre_1914,1,fontaine-l
etablissementsdelignon,unioncommercialeindochinoise,pre_1914,1,fontaine-l
etablissementsdelignon,verreriesextremeorient,pre_1914,1,fontaine-l
forgesatelierschantierscambodge,gommelaquejb,pre_1914,1,fontaine-l
forgesatelierschantierscambodge,produitsalimentairesazotes,pre_1914,1,fontaine-l
forgesatelierschantierscambodge,unioncommercialeindochinoise,pre_1914,1,fontaine-l
forgesatelierschantierscambodge,verreriesextremeorient,pre_1914,1,fontaine-l
gommelaquejb,unioncommercialeindochinoise,pre_1914,1,fontaine-l
gommelaquejb,verreriesextremeorient,pre_1914,1,fontaine-l
produitsalimentairesazotes,unioncommercialeindochinoise,pre_1914,1,fontaine-l
produitsalimentairesazotes,verreriesextremeorient,pre_1914,1,fontaine-l
unioncommercialeindochinoise,verreriesextremeorient,pre_1914,1,fontaine-l
chalandageremorquageindochine,etablissementsdelignon,pre_1914,1,simoni-p
chalandageremorquageindochine,industrielleforestiereindochine,pre_1914,1,simoni-p
chalandageremorquageindochine,laquesindochinoises,pre_1914,1,simoni-p
etablissementsdelignon,industrielleforestiereindochine,pre_1914,1,simoni-p
etablissementsdelignon,laquesindochinoises,pre_1914,1,simoni-p
industrielleforestiereindochine,laquesindochinoises,pre_1914,1,simoni-p
estasiatique,rizindochinedenisfreres,pre_1914,1,estier-h
maritimeindochinoise,rizindochinedenisfreres,pre_1914,1,estier-h
etudesculturecotonindochine,tuileriesindochine,pre_1914,1,vigne-j
etudesculturecotonindochine,unioncommercialeindochinoiseafricaine,pre_1914,1,vigne-j
mineschodon,rizindochinedenisfreres,pre_1914,1,vigne-j
mineschodon,tuileriesindochine,pre_1914,1,vigne-j
mineschodon,unioncommercialeindochinoiseafricaine,pre_1914,1,vigne-j
rizindochinedenisfreres,tuileriesindochine,pre_1914,1,vigne-j
tuileriesindochine,unioncommercialeindochinoiseafricaine,pre_1914,1,vigne-j
indochinoiseculturescambodge,rizindochinedenisfreres,pre_1914,1,barthou-l
assurancefranceindochine,exploitationetablissementsbrossardmopin,pre_1914,1,legrand-r
assurancefranceindochine,gcolin,pre_1914,1,legrand-r
assurancefranceindochine,rizindochinedenisfreres,pre_1914,1,legrand-r
assurancefranceindochine,unioncommercialeindochinoiseafricaine,pre_1914,1,legrand-r
exploitationetablissementsbrossardmopin,rizindochinedenisfreres,pre_1914,1,legrand-r
exploitationetablissementsbrossardmopin,unioncommercialeindochinoiseafricaine,pre_1914,1,legrand-r
gcolin,rizindochinedenisfreres,pre_1914,1,legrand-r
gcolin,unioncommercialeindochinoiseafricaine,pre_1914,1,legrand-r
commercialeindochine,grandstravauxextremeorient,pre_1914,1,worms-e
grandstravauxextremeorient,rizeriesindochinoises,pre_1914,1,worms-e
grandstravauxextremeorient,rizindochinedenisfreres,pre_1914,1,worms-e
industrielleexportationextremeorient,typhon,pre_1914,1,ducamp-a
marseillaiseoutremer,sericicoleindochinoise,pre_1914,1,lacaze-e
agenceradiotelegraphiqueindochinepacifique,indochinoiseculturescambodge,pre_1914,1,bousquet-h
agenceradiotelegraphiqueindochinepacifiquehavas,indochinoiseculturescambodge,pre_1914,1,bousquet-h
agenceradiotelegraphiqueindochinepacifique,entreprisesasiatiques,pre_1914,1,fondere-a
anthracitestonkin,ateliersmaritimeshaiphong,pre_1914,1,homberg-o
anthracitestonkin,caoutchoucsindochine,pre_1914,1,homberg-o
anthracitestonkin,chalandageremorquageindochine,pre_1914,1,homberg-o
anthracitestonkin,cimentsportlandartificielsindochine,pre_1914,1,homberg-o
anthracitestonkin,cotonnieresaigon,pre_1914,1,homberg-o
anthracitestonkin,eauxelectriciteindochine,pre_1914,1,homberg-o
anthracitestonkin,energieelectriqueindochinoise,pre_1914,1,homberg-o
anthracitestonkin,entreprisesdragagestravauxpublics,pre_1914,1,homberg-o
anthracitestonkin,etudestramwaybencatkratie,pre_1914,1,homberg-o
anthracitestonkin,indochinoiseculturestropicales,pre_1914,1,homberg-o
anthracitestonkin,indochinoiseelectricite,pre_1914,1,homberg-o
anthracitestonkin,papeteriesindochine,pre_1914,1,homberg-o
anthracitestonkin,phosphatestonkin,pre_1914,1,homberg-o
ateliersmaritimeshaiphong,caoutchoucsindochine,pre_1914,1,homberg-o
ateliersmaritimeshaiphong,chalandageremorquageindochine,pre_1914,1,homberg-o
ateliersmaritimeshaiphong,cimentsportlandartificielsindochine,pre_1914,1,homberg-o
ateliersmaritimeshaiphong,cotonnieresaigon,pre_1914,1,homberg-o
ateliersmaritimeshaiphong,distilleriesindochine,pre_1914,1,homberg-o
ateliersmaritimeshaiphong,eauxelectriciteindochine,pre_1914,1,homberg-o
ateliersmaritimeshaiphong,energieelectriqueindochinoise,pre_1914,1,homberg-o
ateliersmaritimeshaiphong,entreprisesdragagestravauxpublics,pre_1914,1,homberg-o
ateliersmaritimeshaiphong,etudestramwaybencatkratie,pre_1914,1,homberg-o
ateliersmaritimeshaiphong,indochinoiseculturestropicales,pre_1914,1,homberg-o
ateliersmaritimeshaiphong,indochinoiseelectricite,pre_1914,1,homberg-o
ateliersmaritimeshaiphong,industriellechimieextremeorient,pre_1914,1,homberg-o
ateliersmaritimeshaiphong,papeteriesindochine,pre_1914,1,homberg-o
ateliersmaritimeshaiphong,phosphatestonkin,pre_1914,1,homberg-o
ateliersmaritimeshaiphong,sucreriesraffineriesindochine,pre_1914,1,homberg-o
ateliersmaritimeshaiphong,verreriesextremeorient,pre_1914,1,homberg-o
caoutchoucsindochine,chalandageremorquageindochine,pre_1914,1,homberg-o
caoutchoucsindochine,cimentsportlandartificielsindochine,pre_1914,1,homberg-o
caoutchoucsindochine,cotonnieresaigon,pre_1914,1,homberg-o
caoutchoucsindochine,distilleriesindochine,pre_1914,1,homberg-o
caoutchoucsindochine,eauxelectriciteindochine,pre_1914,1,homberg-o
caoutchoucsindochine,energieelectriqueindochinoise,pre_1914,1,homberg-o
caoutchoucsindochine,entreprisesdragagestravauxpublics,pre_1914,1,homberg-o
caoutchoucsindochine,etudestramwaybencatkratie,pre_1914,1,homberg-o
caoutchoucsindochine,indochinoiseculturestropicales,pre_1914,1,homberg-o
caoutchoucsindochine,indochinoiseelectricite,pre_1914,1,homberg-o
caoutchoucsindochine,industriellechimieextremeorient,pre_1914,1,homberg-o
caoutchoucsindochine,phosphatestonkin,pre_1914,1,homberg-o
caoutchoucsindochine,sucreriesraffineriesindochine,pre_1914,1,homberg-o
caoutchoucsindochine,verreriesextremeorient,pre_1914,1,homberg-o
chalandageremorquageindochine,cimentsportlandartificielsindochine,pre_1914,1,homberg-o
chalandageremorquageindochine,cotonnieresaigon,pre_1914,1,homberg-o
chalandageremorquageindochine,distilleriesindochine,pre_1914,1,homberg-o
chalandageremorquageindochine,eauxelectriciteindochine,pre_1914,1,homberg-o
chalandageremorquageindochine,energieelectriqueindochinoise,pre_1914,1,homberg-o
chalandageremorquageindochine,entreprisesdragagestravauxpublics,pre_1914,1,homberg-o
chalandageremorquageindochine,etudestramwaybencatkratie,pre_1914,1,homberg-o
chalandageremorquageindochine,indochinoiseculturestropicales,pre_1914,1,homberg-o
chalandageremorquageindochine,indochinoiseelectricite,pre_1914,1,homberg-o
chalandageremorquageindochine,industriellechimieextremeorient,pre_1914,1,homberg-o
chalandageremorquageindochine,papeteriesindochine,pre_1914,1,homberg-o
chalandageremorquageindochine,phosphatestonkin,pre_1914,1,homberg-o
chalandageremorquageindochine,verreriesextremeorient,pre_1914,1,homberg-o
cimentsportlandartificielsindochine,cotonnieresaigon,pre_1914,1,homberg-o
cimentsportlandartificielsindochine,distilleriesindochine,pre_1914,1,homberg-o
cimentsportlandartificielsindochine,eauxelectriciteindochine,pre_1914,1,homberg-o
cimentsportlandartificielsindochine,energieelectriqueindochinoise,pre_1914,1,homberg-o
cimentsportlandartificielsindochine,entreprisesdragagestravauxpublics,pre_1914,1,homberg-o
cimentsportlandartificielsindochine,etudestramwaybencatkratie,pre_1914,1,homberg-o
cimentsportlandartificielsindochine,indochinoiseculturestropicales,pre_1914,1,homberg-o
cimentsportlandartificielsindochine,indochinoiseelectricite,pre_1914,1,homberg-o
cimentsportlandartificielsindochine,industriellechimieextremeorient,pre_1914,1,homberg-o
cimentsportlandartificielsindochine,papeteriesindochine,pre_1914,1,homberg-o
cimentsportlandartificielsindochine,phosphatestonkin,pre_1914,1,homberg-o
cimentsportlandartificielsindochine,sucreriesraffineriesindochine,pre_1914,1,homberg-o
cimentsportlandartificielsindochine,verreriesextremeorient,pre_1914,1,homberg-o
cotonnieresaigon,distilleriesindochine,pre_1914,1,homberg-o
cotonnieresaigon,eauxelectriciteindochine,pre_1914,1,homberg-o
cotonnieresaigon,energieelectriqueindochinoise,pre_1914,1,homberg-o
cotonnieresaigon,entreprisesdragagestravauxpublics,pre_1914,1,homberg-o
cotonnieresaigon,etudestramwaybencatkratie,pre_1914,1,homberg-o
cotonnieresaigon,indochinoiseculturestropicales,pre_1914,1,homberg-o
cotonnieresaigon,indochinoiseelectricite,pre_1914,1,homberg-o
cotonnieresaigon,industriellechimieextremeorient,pre_1914,1,homberg-o
cotonnieresaigon,papeteriesindochine,pre_1914,1,homberg-o
cotonnieresaigon,phosphatestonkin,pre_1914,1,homberg-o
cotonnieresaigon,sucreriesraffineriesindochine,pre_1914,1,homberg-o
cotonnieresaigon,verreriesextremeorient,pre_1914,1,homberg-o
distilleriesindochine,eauxelectriciteindochine,pre_1914,1,homberg-o
distilleriesindochine,energieelectriqueindochinoise,pre_1914,1,homberg-o
distilleriesindochine,entreprisesdragagestravauxpublics,pre_1914,1,homberg-o
distilleriesindochine,etudestramwaybencatkratie,pre_1914,1,homberg-o
distilleriesindochine,indochinoiseculturestropicales,pre_1914,1,homberg-o
distilleriesindochine,indochinoiseelectricite,pre_1914,1,homberg-o
distilleriesindochine,industriellechimieextremeorient,pre_1914,1,homberg-o
distilleriesindochine,papeteriesindochine,pre_1914,1,homberg-o
distilleriesindochine,phosphatestonkin,pre_1914,1,homberg-o
eauxelectriciteindochine,entreprisesdragagestravauxpublics,pre_1914,1,homberg-o
eauxelectriciteindochine,indochinoiseculturestropicales,pre_1914,1,homberg-o
eauxelectriciteindochine,industriellechimieextremeorient,pre_1914,1,homberg-o
eauxelectriciteindochine,papeteriesindochine,pre_1914,1,homberg-o
eauxelectriciteindochine,phosphatestonkin,pre_1914,1,homberg-o
eauxelectriciteindochine,sucreriesraffineriesindochine,pre_1914,1,homberg-o
eauxelectriciteindochine,verreriesextremeorient,pre_1914,1,homberg-o
energieelectriqueindochinoise,entreprisesdragagestravauxpublics,pre_1914,1,homberg-o
energieelectriqueindochinoise,indochinoiseculturestropicales,pre_1914,1,homberg-o
energieelectriqueindochinoise,industriellechimieextremeorient,pre_1914,1,homberg-o
energieelectriqueindochinoise,papeteriesindochine,pre_1914,1,homberg-o
energieelectriqueindochinoise,phosphatestonkin,pre_1914,1,homberg-o
energieelectriqueindochinoise,sucreriesraffineriesindochine,pre_1914,1,homberg-o
energieelectriqueindochinoise,verreriesextremeorient,pre_1914,1,homberg-o
entreprisesdragagestravauxpublics,etudestramwaybencatkratie,pre_1914,1,homberg-o
entreprisesdragagestravauxpublics,indochinoiseculturestropicales,pre_1914,1,homberg-o
entreprisesdragagestravauxpublics,indochinoiseelectricite,pre_1914,1,homberg-o
entreprisesdragagestravauxpublics,industriellechimieextremeorient,pre_1914,1,homberg-o
entreprisesdragagestravauxpublics,papeteriesindochine,pre_1914,1,homberg-o
entreprisesdragagestravauxpublics,phosphatestonkin,pre_1914,1,homberg-o
entreprisesdragagestravauxpublics,sucreriesraffineriesindochine,pre_1914,1,homberg-o
entreprisesdragagestravauxpublics,verreriesextremeorient,pre_1914,1,homberg-o
etudestramwaybencatkratie,indochinoiseculturestropicales,pre_1914,1,homberg-o
etudestramwaybencatkratie,indochinoiseelectricite,pre_1914,1,homberg-o
etudestramwaybencatkratie,industriellechimieextremeorient,pre_1914,1,homberg-o
etudestramwaybencatkratie,papeteriesindochine,pre_1914,1,homberg-o
etudestramwaybencatkratie,phosphatestonkin,pre_1914,1,homberg-o
etudestramwaybencatkratie,sucreriesraffineriesindochine,pre_1914,1,homberg-o
etudestramwaybencatkratie,verreriesextremeorient,pre_1914,1,homberg-o
indochinoiseculturestropicales,indochinoiseelectricite,pre_1914,1,homberg-o
indochinoiseculturestropicales,industriellechimieextremeorient,pre_1914,1,homberg-o
indochinoiseculturestropicales,phosphatestonkin,pre_1914,1,homberg-o
indochinoiseelectricite,industriellechimieextremeorient,pre_1914,1,homberg-o
indochinoiseelectricite,papeteriesindochine,pre_1914,1,homberg-o
indochinoiseelectricite,phosphatestonkin,pre_1914,1,homberg-o
indochinoiseelectricite,sucreriesraffineriesindochine,pre_1914,1,homberg-o
indochinoiseelectricite,verreriesextremeorient,pre_1914,1,homberg-o
industriellechimieextremeorient,papeteriesindochine,pre_1914,1,homberg-o
industriellechimieextremeorient,phosphatestonkin,pre_1914,1,homberg-o
industriellechimieextremeorient,sucreriesraffineriesindochine,pre_1914,1,homberg-o
industriellechimieextremeorient,verreriesextremeorient,pre_1914,1,homberg-o
papeteriesindochine,phosphatestonkin,pre_1914,1,homberg-o
papeteriesindochine,sucreriesraffineriesindochine,pre_1914,1,homberg-o
papeteriesindochine,verreriesextremeorient,pre_1914,1,homberg-o
phosphatestonkin,sucreriesraffineriesindochine,pre_1914,1,homberg-o
phosphatestonkin,verreriesextremeorient,pre_1914,1,homberg-o
ateliersmaritimeshaiphong,etudetramwaysindochinepayscirconvoisins,pre_1914,1,briffaud-p
ateliersmaritimeshaiphong,maritimeindochinoise,pre_1914,1,briffaud-p
etudetramwaysindochinepayscirconvoisins,maritimeindochinoise,pre_1914,1,briffaud-p
cheminsferindochineyunnan,entreprisessinoindochinoises,pre_1914,1,getten-m
eauxelectriciteindochine,indochinoisegraphites,pre_1914,1,dervieu-p
energieelectriqueindochinoise,indochinoisegraphites,pre_1914,1,dervieu-p
etudestramwaybencatkratie,indochinoisegraphites,pre_1914,1,dervieu-p
etudestramwaybencatkratie,tramways,pre_1914,1,dervieu-p
indochinoisegraphites,tramways,pre_1914,1,dervieu-p
sericicoleindochinoise,soiesfranceindochine,pre_1914,1,bertrand-h
etainswolframtonkin,hautmekong,pre_1914,1,metallurgique-de-l-indochine
charbonnagesdongtrieu,indochinoisecharbonnagesminesmetalliques,pre_1914,1,merigeault-e
hautmekong,indochinoisecharbonnagesminesmetalliques,pre_1914,1,merigeault-e
brasseriesglacieresindochine,hautmekong,pre_1914,1,le-bret-j
charbonnagestonkin,recherchesexploitationsminieres,pre_1914,1,ferrant-r
anthracitestonkin,recherchesexploitationsminieres,pre_1914,1,jordan-p
eauxhanoi,minesbanman,pre_1914,1,brard-r
forgesatelierschantierscambodge,forgesatelierschantiersindochine,pre_1914,1,grammont
forgesatelierschantiersindochine,honquan,pre_1914,1,mitaranga
exploitationetablissementsbrossardmopin,forgesatelierschantiersindochine,pre_1914,1,triadou-c
chalandageremorquageindochine,estasiatique,pre_1914,1,guesde-p
chalandageremorquageindochine,etudesculturecotonindochine,pre_1914,1,guesde-p
chalandageremorquageindochine,mineschodon,pre_1914,1,guesde-p
chalandageremorquageindochine,rizeriesextremeorient,pre_1914,1,guesde-p
chalandageremorquageindochine,thesindochine,pre_1914,1,guesde-p
estasiatique,etudesculturecotonindochine,pre_1914,1,guesde-p
estasiatique,mineschodon,pre_1914,1,guesde-p
estasiatique,rizeriesextremeorient,pre_1914,1,guesde-p
estasiatique,thesindochine,pre_1914,1,guesde-p
etudesculturecotonindochine,rizeriesextremeorient,pre_1914,1,guesde-p
etudesculturecotonindochine,thesindochine,pre_1914,1,guesde-p
mineschodon,rizeriesextremeorient,pre_1914,1,guesde-p
mineschodon,thesindochine,pre_1914,1,guesde-p
rizeriesextremeorient,thesindochine,pre_1914,1,guesde-p
grandstravauxextremeorient,rizeriesextremeorient,pre_1914,1,ville-e
poinsardveyretcomptoirsextremeorient,rizeriesextremeorient,pre_1914,1,ville-e
chalandageremorquageindochine,charbonnagesdongtrieu,pre_1914,1,de-lansalut-c
chalandageremorquageindochine,gcolin,pre_1914,1,grammont-m
gcolin,sucreriesraffineriesindochine,pre_1914,1,grammont-m
etudesculturecotonindochine,financierefrancepaysoutremer,pre_1914,1,bouvier-r
etudesculturecotonindochine,indochinoiseculturestropicales,pre_1914,1,bouvier-r
etudesculturecotonindochine,papeteriesindochine,pre_1914,1,bouvier-r
financierefrancepaysoutremer,indochinoiseculturestropicales,pre_1914,1,bouvier-r
financierefrancepaysoutremer,papeteriesindochine,pre_1914,1,bouvier-r
tuileriesindochine,typhon,pre_1914,1,bourgouin-h
anthracitestonkin,brasseriesglacieresindochine,pre_1914,1,de-laboulaye-e
chauxhydrauliqueslangtho,cimentsportlandartificielsindochine,pre_1914,1,perpignani-n
chauxhydrauliqueslangtho,commercenavigationextremeorient,pre_1914,1,boyaval-l
commercenavigationextremeorient,distilleriesindochine,pre_1914,1,boyaval-l
commercenavigationextremeorient,gommelaquejb,pre_1914,1,boyaval-l
commercenavigationextremeorient,produitsalimentairesazotes,pre_1914,1,boyaval-l
commercenavigationextremeorient,vitalimentscoloniaux,pre_1914,1,boyaval-l
gommelaquejb,vitalimentscoloniaux,pre_1914,1,boyaval-l
produitsalimentairesazotes,vitalimentscoloniaux,pre_1914,1,boyaval-l
cotonnieretonkin,cotonnieretonkinnamdinh,pre_1914,1,le-provost-de-launay-g
entreprisessinoindochinoises,indochinoisecharbonnagesminesmetalliques,pre_1914,1,chemin-dupontes-g
entreprisessinoindochinoises,etudetramwaysindochinepayscirconvoisins,pre_1914,1,freynet-c
agricolekontoum,bienhoaindustrielleforestiere,pre_1914,1,bernard-f
agricolekontoum,etudestramwaybencatkratie,pre_1914,1,bernard-f
agricolekontoum,forgesatelierschantierscambodge,pre_1914,1,bernard-f
agricolekontoum,messageriesfluvialescochinchine,pre_1914,1,bernard-f
agricolekontoum,oxygeneacetyleneextremeorient,pre_1914,1,bernard-f
bienhoaindustrielleforestiere,etudestramwaybencatkratie,pre_1914,1,bernard-f
bienhoaindustrielleforestiere,forgesatelierschantierscambodge,pre_1914,1,bernard-f
bienhoaindustrielleforestiere,messageriesfluvialescochinchine,pre_1914,1,bernard-f
bienhoaindustrielleforestiere,oxygeneacetyleneextremeorient,pre_1914,1,bernard-f
etudestramwaybencatkratie,forgesatelierschantierscambodge,pre_1914,1,bernard-f
etudestramwaybencatkratie,messageriesfluvialescochinchine,pre_1914,1,bernard-f
etudestramwaybencatkratie,oxygeneacetyleneextremeorient,pre_1914,1,bernard-f
forgesatelierschantierscambodge,messageriesfluvialescochinchine,pre_1914,1,bernard-f
messageriesfluvialescochinchine,oxygeneacetyleneextremeorient,pre_1914,1,bernard-f
etudestramwaybencatkratie,indochinoiseculturescambodge,pre_1914,1,de-rivaud-o
exploitationetablissementsbrossardmopin,indochinoiseforestiereallumettes,pre_1914,1,maspero-g
gcolin,indochinoiseforestiereallumettes,pre_1914,1,maspero-g
charbonnagestonkin,mineschodon,pre_1914,1,luc-a
indochinoisecharbonnagesminesmetalliques,phosphatestonkin,pre_1914,1,lancrenon-p
estasiatique,etudesminieresindochine,pre_1914,1,thion-de-la-chaume
estasiatique,indochinoisecimentfondulafarge,pre_1914,1,thion-de-la-chaume
indochinoisetransports,rizeriesseine,pre_1914,1,poinsinet-de-sivry-g
eauxhanoi,laquesindochinoises,pre_1914,1,bedat
indochinoiseelectricite,laquesindochinoises,pre_1914,1,hermenier
laquesindochinoises,tramways,pre_1914,1,hermenier
caoutchoucspadang,etudesculturecotonindochine,pre_1914,1,siegfried-e
agricolekontoum,commercialeindustriellefrancoannamite,pre_1914,1,lionel-marie-j
agricolekontoum,thesindochine,pre_1914,1,lionel-marie-j
cheminsferindochineyunnan,honquan,pre_1914,1,rostand-a
industriellecommercialesalonique,plantationsloc,pre_1914,1,bloch-a
rizeriesmeridionales,sericicoleindochinoise,pre_1914,1,pellas-f
brasseriesglacieresindochine,grandshotelsindochinois,pre_1914,1,bec-a
grandshotelsindochinois,heveastayninh,pre_1914,1,lambert
assurancefranceindochine,plantationsagavesannam,pre_1914,1,mazet-e
commercialethesindochinois,optorg,pre_1914,1,bernard-p
commercenavigationextremeorient,comptoirsgenerauxindochine,pre_1914,1,lis-a
ccneo,commercenavigationextremeorient,pre_1914,1,hoffet-h
commercenavigationextremeorient,compagniepuisnouvellecompagnieforestieredumekongpuisexploitationforestieredumekong,pre_1914,1,hoffet-h
etablissementsbainierindochineautohall,tramways,pre_1914,1,ferret-e
comptoirssudannam,plantationsloc,pre_1914,1,deposes-chez-me-josset-s
banqueindochine,dockshouillerestourane,pre_1914,1,pila-u
banqueindochine,unioncommercialeindochinoise,pre_1914,1,pila-u
banqueindochine,cheminsferindochineyunnan,pre_1914,1,gouin-e
caoutchoucspadang,francoindochinoise,pre_1914,1,raverat-g
compagniepuisnouvellecompagnieforestieredumekongpuisexploitationforestieredumekong,lyonnaisecolonisationindochinerepriseconcessionparcyrillecottin,pre_1914,1,balay-j
franconeerlandaiseculturecommerce,plantationscaoutchoucsumatra,pre_1914,1,bernard-j
caoutchoucspadang,plantationscaoutchoucsumatra,pre_1914,1,poirson-c
rizeriesseine,typhon,pre_1914,1,bernhard-j
