doc_id,company_key,company_name,person_id,name_clean,surname,given,role,year,period,is_board_seat,source_ref,annotation,sector,country,region,anchor_type,trigger,member_raw
afrique-occidentale-union-ovine-coloniale-3ecd8a,unionovinecoloniale,Union ovine coloniale,mathon-e,E. Mathon,Mathon,E.,president,1927,1914_1929,1,"Revue générale du froid, janvier-février 1927",,Sociétés diverses,Syrie-Liban,Proche-Orient,citation,premiers_admin,MM. E. Mathon
afrique-occidentale-union-ovine-coloniale-3ecd8a,unionovinecoloniale,Union ovine coloniale,francois-marsal-f,F. François-Marsal,François-Marsal,F.,vice_president,1927,1914_1929,1,"Revue générale du froid, janvier-février 1927",,Sociétés diverses,Syrie-Liban,Proche-Orient,citation,premiers_admin,F. François-Marsal
afrique-occidentale-union-ovine-coloniale-3ecd8a,unionovinecoloniale,Union ovine coloniale,lallour,Lallour,Lallour,,administrateur_delegue,1927,1914_1929,1,"Revue générale du froid, janvier-février 1927",,Sociétés diverses,Syrie-Liban,Proche-Orient,citation,premiers_admin,M. Lallour
afrique-occidentale-union-ovine-coloniale-3ecd8a,unionovinecoloniale,Union ovine coloniale,balsan-j,J. Balsan,Balsan,J.,administrateur,1927,1914_1929,1,"Revue générale du froid, janvier-février 1927",,Sociétés diverses,Syrie-Liban,Proche-Orient,citation,premiers_admin,J. Balsan
afrique-occidentale-union-ovine-coloniale-3ecd8a,unionovinecoloniale,Union ovine coloniale,capet-g,G. Capet,Capet,G.,administrateur,1927,1914_1929,1,"Revue générale du froid, janvier-février 1927",,Sociétés diverses,Syrie-Liban,Proche-Orient,citation,premiers_admin,G. Capet
afrique-occidentale-union-ovine-coloniale-3ecd8a,unionovinecoloniale,Union ovine coloniale,nouvion-h,H. Nouvion,Nouvion,H.,administrateur,1927,1914_1929,1,"Revue générale du froid, janvier-février 1927",,Sociétés diverses,Syrie-Liban,Proche-Orient,citation,premiers_admin,H. Nouvion
afrique-occidentale-union-ovine-coloniale-3ecd8a,unionovinecoloniale,Union ovine coloniale,saurin,Saurin,Saurin,,administrateur,1927,1914_1929,1,"Revue générale du froid, janvier-février 1927",,Sociétés diverses,Syrie-Liban,Proche-Orient,citation,premiers_admin,Saurin
inde-indochine-air-orient-084a4a,airunion,"Air Union, puis Air Orient",allegre-l-louis,Louis Allègre,Allègre,Louis,administrateur,1927,1914_1929,1,"La Journée industrielle, 8 juillet 1927",,Transports aériens,Syrie-Liban,Proche-Orient,citation,conseil_compose,MM. Louis Allègre
inde-indochine-air-orient-084a4a,airunion,"Air Union, puis Air Orient",arene-l,Louis Arène,Arène,Louis,administrateur,1927,1914_1929,1,"La Journée industrielle, 8 juillet 1927",,Transports aériens,Syrie-Liban,Proche-Orient,citation,conseil_compose,Louis Arène
inde-indochine-air-orient-084a4a,airunion,"Air Union, puis Air Orient",bahon-m,Max Bahon,Bahon,Max,administrateur,1927,1914_1929,1,"La Journée industrielle, 8 juillet 1927",,Transports aériens,Syrie-Liban,Proche-Orient,citation,conseil_compose,Max Bahon
inde-indochine-air-orient-084a4a,airunion,"Air Union, puis Air Orient",bonnet-g,Georges-Edgard Bonnet,Bonnet,Georges-Edgard,administrateur,1927,1914_1929,1,"La Journée industrielle, 8 juillet 1927",,Transports aériens,Syrie-Liban,Proche-Orient,citation,conseil_compose,Georges-Edgard Bonnet
inde-indochine-air-orient-084a4a,airunion,"Air Union, puis Air Orient",breguet-l,Louis Bréguet,Bréguet,Louis,administrateur,1927,1914_1929,1,"La Journée industrielle, 8 juillet 1927",,Transports aériens,Syrie-Liban,Proche-Orient,citation,conseil_compose,Louis Bréguet
inde-indochine-air-orient-084a4a,airunion,"Air Union, puis Air Orient",caquet-a,Albert Caquet,Caquet,Albert,administrateur,1927,1914_1929,1,"La Journée industrielle, 8 juillet 1927",,Transports aériens,Syrie-Liban,Proche-Orient,citation,conseil_compose,Albert Caquet
inde-indochine-air-orient-084a4a,airunion,"Air Union, puis Air Orient",devies-m,Maurice Devies,Devies,Maurice,administrateur,1927,1914_1929,1,"La Journée industrielle, 8 juillet 1927",,Transports aériens,Syrie-Liban,Proche-Orient,citation,conseil_compose,Maurice Devies
inde-indochine-air-orient-084a4a,airunion,"Air Union, puis Air Orient",giraud-h-hubert,Hubert Giraud,Giraud,Hubert,administrateur,1927,1914_1929,1,"La Journée industrielle, 8 juillet 1927",,Transports aériens,Syrie-Liban,Proche-Orient,citation,conseil_compose,Hubert Giraud
inde-indochine-air-orient-084a4a,airunion,"Air Union, puis Air Orient",malcolm-i,Ian Malcolm,Malcolm,Ian,administrateur,1927,1914_1929,1,"La Journée industrielle, 8 juillet 1927",,Transports aériens,Syrie-Liban,Proche-Orient,citation,conseil_compose,sir Ian Malcolm
inde-indochine-air-orient-084a4a,airunion,"Air Union, puis Air Orient",margot-m,Maurice Margot,Margot,Maurice,administrateur,1927,1914_1929,1,"La Journée industrielle, 8 juillet 1927",,Transports aériens,Syrie-Liban,Proche-Orient,citation,conseil_compose,Maurice Margot
inde-indochine-air-orient-084a4a,airunion,"Air Union, puis Air Orient",philippar-g,Georges Philippar,Philippar,Georges,administrateur,1927,1914_1929,1,"La Journée industrielle, 8 juillet 1927",,Transports aériens,Syrie-Liban,Proche-Orient,citation,conseil_compose,Georges Philippar
inde-indochine-air-orient-084a4a,airunion,"Air Union, puis Air Orient",renault-l,Louis Renault,Renault,Louis,administrateur,1927,1914_1929,1,"La Journée industrielle, 8 juillet 1927",,Transports aériens,Syrie-Liban,Proche-Orient,citation,conseil_compose,Louis Renault
inde-indochine-air-orient-084a4a,airunion,"Air Union, puis Air Orient",roume-e,Ernest Roume,Roume,Ernest,administrateur,1927,1914_1929,1,"La Journée industrielle, 8 juillet 1927",,Transports aériens,Syrie-Liban,Proche-Orient,citation,conseil_compose,Ernest Roume
proche-orient-ann-indus-1925-levant-8cccf4,socasieoccidentale,Soc. de l'ASIE OCCIDENTALE,bourdillon,Bourdillon,Bourdillon,,president,,,1,,,Documents généraux,Syrie-Liban,Proche-Orient,annuaire_industriel_entry,pres_abbrev,M. Bourdillon
proche-orient-ann-indus-1925-levant-8cccf4,socasieoccidentale,Soc. de l'ASIE OCCIDENTALE,nabonne-p,P. Nabonne,Nabonne,P.,administrateur_delegue,,,1,,,Documents généraux,Syrie-Liban,Proche-Orient,annuaire_industriel_entry,pres_abbrev,M. P. Nabonne
proche-orient-ann-indus-1925-levant-8cccf4,socasieoccidentale,Soc. de l'ASIE OCCIDENTALE,nabonne-j,J. Nabonne,Nabonne,J.,president,,,1,,,Documents généraux,Syrie-Liban,Proche-Orient,annuaire_industriel_entry,pres_abbrev,Adm.: MM. J. Nabonne
proche-orient-ann-indus-1925-levant-8cccf4,socasieoccidentale,Soc. de l'ASIE OCCIDENTALE,gavoty-c,Ch. Gavoty,Gavoty,Ch.,president,,,1,,,Documents généraux,Syrie-Liban,Proche-Orient,annuaire_industriel_entry,pres_abbrev,Ch. Gavoty
proche-orient-ann-indus-1925-levant-8cccf4,socasieoccidentale,Soc. de l'ASIE OCCIDENTALE,alexandrette,Alexandrette,Alexandrette,,president,,,1,,Syrie,Documents généraux,Syrie-Liban,Proche-Orient,annuaire_industriel_entry,pres_abbrev,Alexandrette (Syrie)
proche-orient-ann-indus-1925-levant-8cccf4,socasieoccidentale,Soc. de l'ASIE OCCIDENTALE,mersina,Mersina,Mersina,,president,,,1,,Cilicie,Documents généraux,Syrie-Liban,Proche-Orient,annuaire_industriel_entry,pres_abbrev,Mersina (Cilicie)
proche-orient-ann-indus-1925-levant-8cccf4,socasieoccidentale,Soc. de l'ASIE OCCIDENTALE,lataquie,Lataquie,Lataquie,,president,,,1,,Syrie,Documents généraux,Syrie-Liban,Proche-Orient,annuaire_industriel_entry,pres_abbrev,Lataquie (Syrie)
proche-orient-ann-indus-1925-levant-8cccf4,socexploitationcheminsfercilicienordsyrie,Soc. d'exploitation des CHEMINS de FER de CILICIE-NORD SYRIE,guibert-l-leonce,Léonce Guibert,Guibert,Léonce,administrateur,,,1,,,Documents généraux,Syrie-Liban,Proche-Orient,annuaire_industriel_entry,adm_abbrev,MM. Léonce Guibert
proche-orient-ann-indus-1925-levant-8cccf4,socexploitationcheminsfercilicienordsyrie,Soc. d'exploitation des CHEMINS de FER de CILICIE-NORD SYRIE,boissiere-g,Gustave Boissière,Boissière,Gustave,administrateur,,,1,,Bq ottomane,Documents généraux,Syrie-Liban,Proche-Orient,annuaire_industriel_entry,adm_abbrev,Gustave Boissière [Bq ottomane]
proche-orient-ann-indus-1925-levant-8cccf4,socexploitationcheminsfercilicienordsyrie,Soc. d'exploitation des CHEMINS de FER de CILICIE-NORD SYRIE,roudy-a,Roudy,Roudy,,administrateur,,,1,,Anathase; BPPB,Documents généraux,Syrie-Liban,Proche-Orient,annuaire_industriel_entry,adm_abbrev,[Anathase] Roudy [BPPB]
proche-orient-ann-indus-1925-levant-8cccf4,socexploitationcheminsfercilicienordsyrie,Soc. d'exploitation des CHEMINS de FER de CILICIE-NORD SYRIE,lion-l,Louis Lion,Lion,Louis,administrateur,,,1,,BUP,Documents généraux,Syrie-Liban,Proche-Orient,annuaire_industriel_entry,adm_abbrev,Louis Lion [BUP]
proche-orient-ann-indus-1925-levant-8cccf4,socexploitationcheminsfercilicienordsyrie,Soc. d'exploitation des CHEMINS de FER de CILICIE-NORD SYRIE,cerjat-c,Charles Cerjat,Cerjat,Charles,administrateur,,,1,,Bq ottomane,Documents généraux,Syrie-Liban,Proche-Orient,annuaire_industriel_entry,adm_abbrev,Charles Cerjat [Bq ottomane]
proche-orient-ann-indus-1925-levant-8cccf4,socexploitationcheminsfercilicienordsyrie,Soc. d'exploitation des CHEMINS de FER de CILICIE-NORD SYRIE,sallandrouze-de-lamornaix-c,Charles Sallandrouze de Lamornaix,Sallandrouze de Lamornaix,Charles,administrateur,,,1,,Ch. de fer Damas-Hauran et prolongements,Documents généraux,Syrie-Liban,Proche-Orient,annuaire_industriel_entry,adm_abbrev,Charles Sallandrouze de Lamornaix [Ch. de fer Damas-Hauran et prolongements ]
proche-orient-ann-indus-1925-levant-8cccf4,socexploitationcheminsfercilicienordsyrie,Soc. d'exploitation des CHEMINS de FER de CILICIE-NORD SYRIE,vitali-g,Georges Vitali,Vitali,Georges,administrateur,,,1,,RGCF,Documents généraux,Syrie-Liban,Proche-Orient,annuaire_industriel_entry,adm_abbrev,Georges Vitali [RGCF]
proche-orient-ann-indus-1925-levant-8cccf4,socexploitationcheminsfercilicienordsyrie,Soc. d'exploitation des CHEMINS de FER de CILICIE-NORD SYRIE,rebuffel-c,Charles Rebuffel,Rebuffel,Charles,administrateur,,,1,,GTM; 42.-Z-385,Documents généraux,Syrie-Liban,Proche-Orient,annuaire_industriel_entry,adm_abbrev,Charles Rebuffel [GTM]. (42.-Z-385)
proche-orient-ann-indus-1925-levant-8cccf4,etablissementsluchaire,Établissements LUCHAIRE,becq-a,A. Becq,Becq,A.,administrateur,,,1,,,Documents généraux,Syrie-Liban,Proche-Orient,annuaire_industriel_entry,adm_abbrev,MM. A. Becq
proche-orient-ann-indus-1925-levant-8cccf4,etablissementsluchaire,Établissements LUCHAIRE,guillemot-a,A. Guillemot,Guillemot,A.,administrateur,,,1,,,Documents généraux,Syrie-Liban,Proche-Orient,annuaire_industriel_entry,adm_abbrev,A. Guillemot
proche-orient-ann-indus-1925-levant-8cccf4,etablissementsluchaire,Établissements LUCHAIRE,posth-j,J. Posth,Posth,J.,administrateur,,,1,,,Documents généraux,Syrie-Liban,Proche-Orient,annuaire_industriel_entry,adm_abbrev,J. Posth
proche-orient-ann-indus-1925-levant-8cccf4,etablissementsluchaire,Établissements LUCHAIRE,pisier-g,G. Pisier,Pisier,G.,administrateur,,,1,,,Documents généraux,Syrie-Liban,Proche-Orient,annuaire_industriel_entry,adm_abbrev,G. Pisier
proche-orient-ann-indus-1925-levant-8cccf4,etablissementsluchaire,Établissements LUCHAIRE,luchaire-m,Maurice Luchaire,Luchaire,Maurice,administrateur,,,1,,,Documents généraux,Syrie-Liban,Proche-Orient,annuaire_industriel_entry,adm_abbrev,Maurice Luchaire
proche-orient-ann-indus-1925-levant-8cccf4,etablissementsluchaire,Établissements LUCHAIRE,helsingfors,Helsingfors,Helsingfors,,administrateur,,,1,,,Documents généraux,Syrie-Liban,Proche-Orient,annuaire_industriel_entry,adm_abbrev,Helsingfors
proche-orient-ann-indus-1925-levant-8cccf4,etablissementsluchaire,Établissements LUCHAIRE,naples,Naples,Naples,,administrateur,,,1,,,Documents généraux,Syrie-Liban,Proche-Orient,annuaire_industriel_entry,adm_abbrev,Naples
proche-orient-ann-indus-1925-levant-8cccf4,etablissementsluchaire,Établissements LUCHAIRE,tokio,Tokio,Tokio,,administrateur,,,1,,,Documents généraux,Syrie-Liban,Proche-Orient,annuaire_industriel_entry,adm_abbrev,Tokio
proche-orient-ann-indus-1925-levant-8cccf4,etablissementsluchaire,Établissements LUCHAIRE,mexico,Mexico,Mexico,,administrateur,,,1,,,Documents généraux,Syrie-Liban,Proche-Orient,annuaire_industriel_entry,adm_abbrev,Mexico
proche-orient-ann-indus-1925-levant-8cccf4,etablissementsluchaire,Établissements LUCHAIRE,buenos-aires,Buenos-Aires,Buenos-Aires,,administrateur,,,1,,,Documents généraux,Syrie-Liban,Proche-Orient,annuaire_industriel_entry,adm_abbrev,Buenos-Aires
proche-orient-ann-indus-1925-levant-8cccf4,socfrsetransactionsinternationalessafti,Soc. an. frse de transactions internationales SAFTI,andre-r,Robert André,André,Robert,president,,,1,,,Documents généraux,Syrie-Liban,Proche-Orient,annuaire_industriel_entry,pres_abbrev,M. Robert André
proche-orient-ann-indus-1925-levant-8cccf4,socfrsetransactionsinternationalessafti,Soc. an. frse de transactions internationales SAFTI,poulain-r,Robert Poulain,Poulain,Robert,administrateur_delegue,,,1,,,Documents généraux,Syrie-Liban,Proche-Orient,annuaire_industriel_entry,pres_abbrev,M. Robert Poulain
proche-orient-ann-indus-1925-levant-8cccf4,socfrsetransactionsinternationalessafti,Soc. an. frse de transactions internationales SAFTI,corbin-de-mangoux-a,A. Corbin de Mangoux,Corbin de Mangoux,A.,directeur,,,0,,,Documents généraux,Syrie-Liban,Proche-Orient,annuaire_industriel_entry,pres_abbrev,M. A. Corbin de Mangoux
proche-orient-ann-indus-1925-levant-8cccf4,socfrsetransactionsinternationalessafti,Soc. an. frse de transactions internationales SAFTI,ing-i-c-n,ing. I. C. N,ing. I. C. N,,directeur,,,0,,,Documents généraux,Syrie-Liban,Proche-Orient,annuaire_industriel_entry,pres_abbrev,ing. I. C. N
proche-orient-ann-indus-1925-levant-8cccf4,socfrsetransactionsinternationalessafti,Soc. an. frse de transactions internationales SAFTI,serge-a,André Serge,Serge,André,president,,,1,,,Documents généraux,Syrie-Liban,Proche-Orient,annuaire_industriel_entry,pres_abbrev,Adm.: MM. Serge André
proche-orient-ann-indus-1925-levant-8cccf4,socfrsetransactionsinternationalessafti,Soc. an. frse de transactions internationales SAFTI,alcan-p,Pierre Alcan,Alcan,Pierre,president,,,1,,,Documents généraux,Syrie-Liban,Proche-Orient,annuaire_industriel_entry,pres_abbrev,Pierre Alcan
proche-orient-ann-indus-1925-levant-8cccf4,socfrsetransactionsinternationalessafti,Soc. an. frse de transactions internationales SAFTI,muraton-g,Gaston Muraton,Muraton,Gaston,president,,,1,,,Documents généraux,Syrie-Liban,Proche-Orient,annuaire_industriel_entry,pres_abbrev,Gaston Muraton
proche-orient-ann-indus-1925-levant-8cccf4,socfrsetransactionsinternationalessafti,Soc. an. frse de transactions internationales SAFTI,fain-j,Jean Fain,Fain,Jean,directeur,,,0,,,Documents généraux,Syrie-Liban,Proche-Orient,annuaire_industriel_entry,pres_abbrev,M. Jean Fain
proche-orient-ann-indus-1925-levant-8cccf4,socfrsetransactionsinternationalessafti,Soc. an. frse de transactions internationales SAFTI,curityba,Curityba,Curityba,,directeur,,,0,,,Documents généraux,Syrie-Liban,Proche-Orient,annuaire_industriel_entry,pres_abbrev,Curityba
proche-orient-ann-indus-1925-levant-8cccf4,socfrsetransactionsinternationalessafti,Soc. an. frse de transactions internationales SAFTI,campos,Campos,Campos,,directeur,,,0,,,Documents généraux,Syrie-Liban,Proche-Orient,annuaire_industriel_entry,pres_abbrev,Campos
proche-orient-ann-indus-1925-levant-8cccf4,socfrsetransactionsinternationalessafti,Soc. an. frse de transactions internationales SAFTI,bahia,Bahia,Bahia,,directeur,,,0,,,Documents généraux,Syrie-Liban,Proche-Orient,annuaire_industriel_entry,pres_abbrev,Bahia
proche-orient-ann-indus-1925-levant-8cccf4,socfrsetransactionsinternationalessafti,Soc. an. frse de transactions internationales SAFTI,maceio,Maceio,Maceio,,directeur,,,0,,,Documents généraux,Syrie-Liban,Proche-Orient,annuaire_industriel_entry,pres_abbrev,Maceio
proche-orient-ann-indus-1925-levant-8cccf4,socfrsetransactionsinternationalessafti,Soc. an. frse de transactions internationales SAFTI,pernambuco,Pernambuco,Pernambuco,,directeur,,,0,,,Documents généraux,Syrie-Liban,Proche-Orient,annuaire_industriel_entry,pres_abbrev,Pernambuco
proche-orient-ann-indus-1925-levant-8cccf4,socfrsetransactionsinternationalessafti,Soc. an. frse de transactions internationales SAFTI,parahyba,Parahyba,Parahyba,,directeur,,,0,,,Documents généraux,Syrie-Liban,Proche-Orient,annuaire_industriel_entry,pres_abbrev,Parahyba
proche-orient-ann-indus-1925-levant-8cccf4,socfrsetransactionsinternationalessafti,Soc. an. frse de transactions internationales SAFTI,natal,Natal,Natal,,directeur,,,0,,,Documents généraux,Syrie-Liban,Proche-Orient,annuaire_industriel_entry,pres_abbrev,Natal
proche-orient-ann-indus-1925-levant-8cccf4,socfrsetransactionsinternationalessafti,Soc. an. frse de transactions internationales SAFTI,fortaleza,Fortaleza,Fortaleza,,directeur,,,0,,,Documents généraux,Syrie-Liban,Proche-Orient,annuaire_industriel_entry,pres_abbrev,Fortaleza
proche-orient-ann-indus-1925-levant-8cccf4,socfrsetransactionsinternationalessafti,Soc. an. frse de transactions internationales SAFTI,luiz-s,S. Luiz,Luiz,S.,directeur,,,0,,,Documents généraux,Syrie-Liban,Proche-Orient,annuaire_industriel_entry,pres_abbrev,S. Luiz
proche-orient-ann-indus-1925-levant-8cccf4,socfrsetransactionsinternationalessafti,Soc. an. frse de transactions internationales SAFTI,para,Para,Para,,directeur,,,0,,,Documents généraux,Syrie-Liban,Proche-Orient,annuaire_industriel_entry,pres_abbrev,Para
proche-orient-ann-indus-1925-levant-8cccf4,socfrsetransactionsinternationalessafti,Soc. an. frse de transactions internationales SAFTI,genes,Gênes,Gênes,,directeur,,,0,,,Documents généraux,Syrie-Liban,Proche-Orient,annuaire_industriel_entry,pres_abbrev,Gênes
proche-orient-ann-indus-1925-levant-8cccf4,socfrsetransactionsinternationalessafti,Soc. an. frse de transactions internationales SAFTI,etc-importation,etc. Importation,etc. Importation,,directeur,,,0,,,Documents généraux,Syrie-Liban,Proche-Orient,annuaire_industriel_entry,pres_abbrev,etc. Importation
proche-orient-ann-indus-1925-levant-8cccf4,socvelvetrum,Soc. an. du VELVET-RUM,gerard-g-gabriel,Gabriel Gérard,Gérard,Gabriel,president,,,1,,,Documents généraux,Syrie-Liban,Proche-Orient,annuaire_industriel_entry,pres_abbrev,M. Gabriel Gérard
proche-orient-ann-indus-1925-levant-8cccf4,socvelvetrum,Soc. an. du VELVET-RUM,thiebaud-e,Émile Thiébaud,Thiébaud,Émile,administrateur_delegue,,,1,,,Documents généraux,Syrie-Liban,Proche-Orient,annuaire_industriel_entry,pres_abbrev,M. Émile Thiébaud
proche-orient-ann-indus-1925-levant-8cccf4,socvelvetrum,Soc. an. du VELVET-RUM,gassier-m-marie,Marie-Louis Gassier,Gassier,Marie-Louis,president,,,1,,,Documents généraux,Syrie-Liban,Proche-Orient,annuaire_industriel_entry,pres_abbrev,Adm.: MM. Marie-Louis Gassier
proche-orient-ann-indus-1925-levant-8cccf4,socvelvetrum,Soc. an. du VELVET-RUM,gerard-p,Paul Gérard,Gérard,Paul,president,,,1,,,Documents généraux,Syrie-Liban,Proche-Orient,annuaire_industriel_entry,pres_abbrev,Paul Gérard
proche-orient-ann-indus-1925-levant-8cccf4,socvelvetrum,Soc. an. du VELVET-RUM,magnan-g,Gabriel Magnan,Magnan,Gabriel,president,,,1,,,Documents généraux,Syrie-Liban,Proche-Orient,annuaire_industriel_entry,pres_abbrev,Gabriel Magnan
proche-orient-ann-indus-1925-levant-8cccf4,socvelvetrum,Soc. an. du VELVET-RUM,gazan-j,Joseph Gazan,Gazan,Joseph,president,,,1,,,Documents généraux,Syrie-Liban,Proche-Orient,annuaire_industriel_entry,pres_abbrev,Joseph Gazan
proche-orient-ann-indus-1925-levant-8cccf4,socvelvetrum,Soc. an. du VELVET-RUM,berenger-l,Léopold Bérenger,Bérenger,Léopold,president,,,1,,,Documents généraux,Syrie-Liban,Proche-Orient,annuaire_industriel_entry,pres_abbrev,Léopold Bérenger
proche-orient-ann-indus-1925-levant-8cccf4,socvelvetrum,Soc. an. du VELVET-RUM,damian-j,Jules Damian,Damian,Jules,president,,,1,,,Documents généraux,Syrie-Liban,Proche-Orient,annuaire_industriel_entry,pres_abbrev,Jules Damian
proche-orient-ann-indus-1925-levant-8cccf4,socvelvetrum,Soc. an. du VELVET-RUM,bertrand,Bertrand,Bertrand,,president,,,1,,,Documents généraux,Syrie-Liban,Proche-Orient,annuaire_industriel_entry,pres_abbrev,représentants: MM. Bertrand
proche-orient-ann-indus-1925-levant-8cccf4,socvelvetrum,Soc. an. du VELVET-RUM,falque,Falque,Falque,,president,,,1,,,Documents généraux,Syrie-Liban,Proche-Orient,annuaire_industriel_entry,pres_abbrev,Falque
proche-orient-ann-indus-1925-levant-8cccf4,socvelvetrum,Soc. an. du VELVET-RUM,crovetto,Crovetto,Crovetto,,president,,,1,,,Documents généraux,Syrie-Liban,Proche-Orient,annuaire_industriel_entry,pres_abbrev,Crovetto
proche-orient-ann-indus-1925-levant-8cccf4,socvelvetrum,Soc. an. du VELVET-RUM,bianconi,Bianconi,Bianconi,,president,,,1,,,Documents généraux,Syrie-Liban,Proche-Orient,annuaire_industriel_entry,pres_abbrev,Bianconi
proche-orient-ann-indus-1938-levant-e192df,banquesyrie,BANQUE FRANÇAISE de SYRIE,homberg-a,A. Homberg,Homberg,A.,president,,,1,,,Documents généraux,Syrie-Liban,Proche-Orient,annuaire_industriel_entry,cons_adm_abbrev,A. Homberg
proche-orient-ann-indus-1938-levant-e192df,banquesyrie,BANQUE FRANÇAISE de SYRIE,laville-e,E. Laville,Laville,E.,administrateur_delegue,,,1,,,Documents généraux,Syrie-Liban,Proche-Orient,annuaire_industriel_entry,cons_adm_abbrev,E. Laville
proche-orient-ann-indus-1938-levant-e192df,banquesyrie,BANQUE FRANÇAISE de SYRIE,briere-p,P. Brière,Brière,P.,administrateur,,,1,,,Documents généraux,Syrie-Liban,Proche-Orient,annuaire_industriel_entry,cons_adm_abbrev,Adm.: MM. P. Brière
proche-orient-ann-indus-1938-levant-e192df,banquesyrie,BANQUE FRANÇAISE de SYRIE,charpentier-j,J.-C. Charpentier,Charpentier,J.-C.,administrateur,,,1,,,Documents généraux,Syrie-Liban,Proche-Orient,annuaire_industriel_entry,cons_adm_abbrev,J.-C. Charpentier
proche-orient-ann-indus-1938-levant-e192df,banquesyrie,BANQUE FRANÇAISE de SYRIE,leblanc-l,L. Leblanc,Leblanc,L.,administrateur,,,1,,,Documents généraux,Syrie-Liban,Proche-Orient,annuaire_industriel_entry,cons_adm_abbrev,L. Leblanc
proche-orient-ann-indus-1938-levant-e192df,banquesyrie,BANQUE FRANÇAISE de SYRIE,misrachi-a,A. Misrachi,Misrachi,A.,administrateur,,,1,,,Documents généraux,Syrie-Liban,Proche-Orient,annuaire_industriel_entry,cons_adm_abbrev,A. Misrachi
proche-orient-ann-indus-1938-levant-e192df,banquesyrie,BANQUE FRANÇAISE de SYRIE,salem-e,E. Salem,Salem,E.,administrateur,,,1,,,Documents généraux,Syrie-Liban,Proche-Orient,annuaire_industriel_entry,cons_adm_abbrev,E. Salem
proche-orient-ann-indus-1938-levant-e192df,banquesyrie,BANQUE FRANÇAISE de SYRIE,simon-j,J. Simon,Simon,J.,administrateur,,,1,,,Documents généraux,Syrie-Liban,Proche-Orient,annuaire_industriel_entry,cons_adm_abbrev,J. Simon
proche-orient-ann-indus-1938-levant-e192df,banquesyrie,BANQUE FRANÇAISE de SYRIE,taffineau-e,E. Taffineau,Taffineau,E.,administrateur,,,1,,,Documents généraux,Syrie-Liban,Proche-Orient,annuaire_industriel_entry,cons_adm_abbrev,E. Taffineau
proche-orient-ann-indus-1938-levant-e192df,banquesyrie,BANQUE FRANÇAISE de SYRIE,verstraete-g,G. Verstraete,Verstraete,G.,administrateur,,,1,,,Documents généraux,Syrie-Liban,Proche-Orient,annuaire_industriel_entry,cons_adm_abbrev,G. Verstraete
proche-orient-ann-indus-1938-levant-e192df,banquesyrie,BANQUE FRANÇAISE de SYRIE,bader-gruber-j,J. Bader-Grüber,Bader-Grüber,J.,administrateur,,,1,,39- Z-20051,Documents généraux,Syrie-Liban,Proche-Orient,annuaire_industriel_entry,cons_adm_abbrev,J. Bader-Grüber. (39- Z-20051)
proche-orient-ann-indus-1938-levant-e192df,banquesyriegrandliban,BANQUE de SYRIE et du GRAND-LIBAN,vernes-f-felix,Félix Vernes,Vernes,Félix,president,,,1,,† 1934,Documents généraux,Syrie-Liban,Proche-Orient,annuaire_industriel_entry,pres_abbrev,M. Félix Vernes [† 1934]
proche-orient-ann-indus-1938-levant-e192df,banquesyriegrandliban,BANQUE de SYRIE et du GRAND-LIBAN,berard-m,Maurice Bérard,Bérard,Maurice,directeur_general,,,0,,,Documents généraux,Syrie-Liban,Proche-Orient,annuaire_industriel_entry,pres_abbrev,Maurice Bérard
proche-orient-ann-indus-1938-levant-e192df,banquesyriegrandliban,BANQUE de SYRIE et du GRAND-LIBAN,bassoul-a,A. Bassoul,Bassoul,A.,president,,,1,,,Documents généraux,Syrie-Liban,Proche-Orient,annuaire_industriel_entry,pres_abbrev,Adm.: MM. A. Bassoul
proche-orient-ann-indus-1938-levant-e192df,banquesyriegrandliban,BANQUE de SYRIE et du GRAND-LIBAN,boissonnas-j,Jean Boissonnas,Boissonnas,Jean,president,,,1,,Mirabaud,Documents généraux,Syrie-Liban,Proche-Orient,annuaire_industriel_entry,pres_abbrev,Jean Boissonnas [Mirabaud]
proche-orient-ann-indus-1938-levant-e192df,banquesyriegrandliban,BANQUE de SYRIE et du GRAND-LIBAN,de-cerjat-c,Ch de Cerjat,de Cerjat,Ch,president,,,1,,arles,Documents généraux,Syrie-Liban,Proche-Orient,annuaire_industriel_entry,pres_abbrev,Ch[arles] de Cerjat
proche-orient-ann-indus-1938-levant-e192df,banquesyriegrandliban,BANQUE de SYRIE et du GRAND-LIBAN,chabrieres-m-maurice,Maurice Chabrières,Chabrières,Maurice,president,,,1,,,Documents généraux,Syrie-Liban,Proche-Orient,annuaire_industriel_entry,pres_abbrev,Maurice Chabrières
proche-orient-ann-indus-1938-levant-e192df,banquesyriegrandliban,BANQUE de SYRIE et du GRAND-LIBAN,ezzeddine,Ezzeddine,Ezzeddine,,president,,,1,,,Documents généraux,Syrie-Liban,Proche-Orient,annuaire_industriel_entry,pres_abbrev,M. Ezzeddine
proche-orient-ann-indus-1938-levant-e192df,banquesyriegrandliban,BANQUE de SYRIE et du GRAND-LIBAN,finaly-h,Horace Finaly,Finaly,Horace,president,,,1,,révoqué en juin 1937 de la BPPB,Documents généraux,Syrie-Liban,Proche-Orient,annuaire_industriel_entry,pres_abbrev,Horace Finaly [révoqué en juin 1937 de la BPPB]
proche-orient-ann-indus-1938-levant-e192df,banquesyriegrandliban,BANQUE de SYRIE et du GRAND-LIBAN,giraud-h-hubert,Hubert Giraud,Giraud,Hubert,president,,,1,,†1934,Documents généraux,Syrie-Liban,Proche-Orient,annuaire_industriel_entry,pres_abbrev,Hubert Giraud [†1934]
proche-orient-ann-indus-1938-levant-e192df,banquesyriegrandliban,BANQUE de SYRIE et du GRAND-LIBAN,henry-a,Arsène Henry,Henry,Arsène,president,,,1,,† mars 1931,Documents généraux,Syrie-Liban,Proche-Orient,annuaire_industriel_entry,pres_abbrev,Arsène Henry [† mars 1931]
proche-orient-ann-indus-1938-levant-e192df,banquesyriegrandliban,BANQUE de SYRIE et du GRAND-LIBAN,homsy-a,A. Homsy,Homsy,A.,president,,,1,,,Documents généraux,Syrie-Liban,Proche-Orient,annuaire_industriel_entry,pres_abbrev,A. Homsy
proche-orient-ann-indus-1938-levant-e192df,banquesyriegrandliban,BANQUE de SYRIE et du GRAND-LIBAN,lehideux-r-roger,Roger Lehideux,Lehideux,Roger,president,,,1,,,Documents généraux,Syrie-Liban,Proche-Orient,annuaire_industriel_entry,pres_abbrev,Roger Lehideux
proche-orient-ann-indus-1938-levant-e192df,banquesyriegrandliban,BANQUE de SYRIE et du GRAND-LIBAN,mallet-r,Raoul Mallet,Mallet,Raoul,president,,,1,,,Documents généraux,Syrie-Liban,Proche-Orient,annuaire_industriel_entry,pres_abbrev,Raoul Mallet
proche-orient-ann-indus-1938-levant-e192df,banquesyriegrandliban,BANQUE de SYRIE et du GRAND-LIBAN,meyer-borel-c,C. A. Meyer- Borel,Meyer- Borel,C. A.,president,,,1,,† avril 1933,Documents généraux,Syrie-Liban,Proche-Orient,annuaire_industriel_entry,pres_abbrev,C. A. Meyer- Borel [† avril 1933]
proche-orient-ann-indus-1938-levant-e192df,banquesyriegrandliban,BANQUE de SYRIE et du GRAND-LIBAN,anciennement-jacout,anciennement Jacout,anciennement Jacout,,president,,,1,,,Documents généraux,Syrie-Liban,Proche-Orient,annuaire_industriel_entry,pres_abbrev,anciennement Jacout
proche-orient-ann-indus-1938-levant-e192df,banquesyriegrandliban,BANQUE de SYRIE et du GRAND-LIBAN,freres-b,Breton frères,frères,Breton,president,,,1,,,Documents généraux,Syrie-Liban,Proche-Orient,annuaire_industriel_entry,pres_abbrev,Breton frères
proche-orient-ann-indus-1938-levant-e192df,banquesyriegrandliban,BANQUE de SYRIE et du GRAND-LIBAN,jacout-p,Pierre Jacout,Jacout,Pierre,gerant,,,0,,,Documents généraux,Syrie-Liban,Proche-Orient,annuaire_industriel_entry,pres_abbrev,MM. Pierre Jacout
proche-orient-ann-indus-1938-levant-e192df,banquesyriegrandliban,BANQUE de SYRIE et du GRAND-LIBAN,breton-m,Marcel Breton,Breton,Marcel,gerant,,,0,,,Documents généraux,Syrie-Liban,Proche-Orient,annuaire_industriel_entry,pres_abbrev,Marcel Breton
proche-orient-ann-indus-1938-levant-e192df,banquesyriegrandliban,BANQUE de SYRIE et du GRAND-LIBAN,en-angleterre-r,Représentants en Angleterre,en Angleterre,Représentants,president,,,1,,,Documents généraux,Syrie-Liban,Proche-Orient,annuaire_industriel_entry,pres_abbrev,Représentants en Angleterre
proche-orient-ann-indus-1938-levant-e192df,banquesyriegrandliban,BANQUE de SYRIE et du GRAND-LIBAN,belgique,Belgique,Belgique,,president,,,1,,,Documents généraux,Syrie-Liban,Proche-Orient,annuaire_industriel_entry,pres_abbrev,Belgique
proche-orient-ann-indus-1938-levant-e192df,banquesyriegrandliban,BANQUE de SYRIE et du GRAND-LIBAN,hollande-j,Hollande,Hollande,,president,,,1,,,Documents généraux,Syrie-Liban,Proche-Orient,annuaire_industriel_entry,pres_abbrev,Hollande
proche-orient-ann-indus-1938-levant-e192df,banquesyriegrandliban,BANQUE de SYRIE et du GRAND-LIBAN,italie,Italie,Italie,,president,,,1,,,Documents généraux,Syrie-Liban,Proche-Orient,annuaire_industriel_entry,pres_abbrev,Italie
proche-orient-ann-indus-1938-levant-e192df,banquesyriegrandliban,BANQUE de SYRIE et du GRAND-LIBAN,roumanie,Roumanie,Roumanie,,president,,,1,,,Documents généraux,Syrie-Liban,Proche-Orient,annuaire_industriel_entry,pres_abbrev,Roumanie
proche-orient-ann-indus-1938-levant-e192df,banquesyriegrandliban,BANQUE de SYRIE et du GRAND-LIBAN,yougoslavie,Yougoslavie,Yougoslavie,,president,,,1,,,Documents généraux,Syrie-Liban,Proche-Orient,annuaire_industriel_entry,pres_abbrev,Yougoslavie
proche-orient-ann-indus-1938-levant-e192df,banquesyriegrandliban,BANQUE de SYRIE et du GRAND-LIBAN,bulgarie,Bulgarie,Bulgarie,,president,,,1,,,Documents généraux,Syrie-Liban,Proche-Orient,annuaire_industriel_entry,pres_abbrev,Bulgarie
proche-orient-ann-indus-1938-levant-e192df,banquesyriegrandliban,BANQUE de SYRIE et du GRAND-LIBAN,grece-l,Grèce,Grèce,,president,,,1,,,Documents généraux,Syrie-Liban,Proche-Orient,annuaire_industriel_entry,pres_abbrev,Grèce
proche-orient-ann-indus-1938-levant-e192df,banquesyriegrandliban,BANQUE de SYRIE et du GRAND-LIBAN,turquie,Turquie,Turquie,,president,,,1,,,Documents généraux,Syrie-Liban,Proche-Orient,annuaire_industriel_entry,pres_abbrev,Turquie
proche-orient-ann-indus-1938-levant-e192df,banquesyriegrandliban,BANQUE de SYRIE et du GRAND-LIBAN,syrie,Syrie,Syrie,,president,,,1,,,Documents généraux,Syrie-Liban,Proche-Orient,annuaire_industriel_entry,pres_abbrev,Syrie
proche-orient-ann-indus-1938-levant-e192df,banquesyriegrandliban,BANQUE de SYRIE et du GRAND-LIBAN,egypte,Egypte,Egypte,,president,,,1,,,Documents généraux,Syrie-Liban,Proche-Orient,annuaire_industriel_entry,pres_abbrev,Egypte
proche-orient-ann-indus-1938-levant-e192df,banquesyriegrandliban,BANQUE de SYRIE et du GRAND-LIBAN,bresil,Brésil,Brésil,,president,,,1,,,Documents généraux,Syrie-Liban,Proche-Orient,annuaire_industriel_entry,pres_abbrev,Brésil
proche-orient-ann-indus-1938-levant-e192df,banquesyriegrandliban,BANQUE de SYRIE et du GRAND-LIBAN,chili,Chili,Chili,,president,,,1,,,Documents généraux,Syrie-Liban,Proche-Orient,annuaire_industriel_entry,pres_abbrev,Chili
proche-orient-ann-indus-1938-levant-e192df,banquesyriegrandliban,BANQUE de SYRIE et du GRAND-LIBAN,portugal,Portugal,Portugal,,president,,,1,,,Documents généraux,Syrie-Liban,Proche-Orient,annuaire_industriel_entry,pres_abbrev,Portugal
proche-orient-ann-indus-1938-levant-e192df,banquesyriegrandliban,BANQUE de SYRIE et du GRAND-LIBAN,espagne,Espagne,Espagne,,president,,,1,,,Documents généraux,Syrie-Liban,Proche-Orient,annuaire_industriel_entry,pres_abbrev,Espagne
proche-orient-ann-indus-1938-levant-e192df,banquesyriegrandliban,BANQUE de SYRIE et du GRAND-LIBAN,amidieu-du-clos,Amidieu du Clos,Amidieu du Clos,,administrateur,,,1,,,Documents généraux,Syrie-Liban,Proche-Orient,annuaire_industriel_entry,adm_abbrev,MM. Amidieu du Clos
proche-orient-ann-indus-1938-levant-e192df,banquesyriegrandliban,BANQUE de SYRIE et du GRAND-LIBAN,ing-ecp,ing. E.C.P,ing. E.C.P,,administrateur,,,1,,,Documents généraux,Syrie-Liban,Proche-Orient,annuaire_industriel_entry,adm_abbrev,ing. E.C.P
proche-orient-ann-indus-1938-levant-e192df,banquesyriegrandliban,BANQUE de SYRIE et du GRAND-LIBAN,mariage,Mariage,Mariage,,president,,,1,,,Documents généraux,Syrie-Liban,Proche-Orient,annuaire_industriel_entry,adm_abbrev,Mariage
proche-orient-ann-indus-1938-levant-e192df,banquesyriegrandliban,BANQUE de SYRIE et du GRAND-LIBAN,ing-ecp,ing. E.C.P,ing. E.C.P,,president,,,1,,,Documents généraux,Syrie-Liban,Proche-Orient,annuaire_industriel_entry,adm_abbrev,ing. E.C.P
proche-orient-ann-indus-1938-levant-e192df,banquesyriegrandliban,BANQUE de SYRIE et du GRAND-LIBAN,bousquet-h,H. Bousquet,Bousquet,H.,administrateur,,,1,,,Documents généraux,Syrie-Liban,Proche-Orient,annuaire_industriel_entry,adm_abbrev,H. Bousquet
proche-orient-ann-indus-1938-levant-e192df,banquesyriegrandliban,BANQUE de SYRIE et du GRAND-LIBAN,pirard-a,Albert Pirard,Pirard,Albert,administrateur,,,1,,,Documents généraux,Syrie-Liban,Proche-Orient,annuaire_industriel_entry,adm_abbrev,Albert Pirard
proche-orient-ann-indus-1938-levant-e192df,banquesyriegrandliban,BANQUE de SYRIE et du GRAND-LIBAN,esteve,Estève,Estève,,administrateur,,,1,,,Documents généraux,Syrie-Liban,Proche-Orient,annuaire_industriel_entry,adm_abbrev,Estève
proche-orient-ann-indus-1938-levant-e192df,banquesyriegrandliban,BANQUE de SYRIE et du GRAND-LIBAN,dedons-de-pierrefeu-e,Emmanuel Dedons de Pierrefeu,Dedons de Pierrefeu,Emmanuel,administrateur,,,1,,,Documents généraux,Syrie-Liban,Proche-Orient,annuaire_industriel_entry,adm_abbrev,Emmanuel Dedons de Pierrefeu
proche-orient-ann-indus-1938-levant-e192df,banquesyriegrandliban,BANQUE de SYRIE et du GRAND-LIBAN,ing-ecp,ing. E.CP,ing. E.CP,,administrateur,,,1,,,Documents généraux,Syrie-Liban,Proche-Orient,annuaire_industriel_entry,adm_abbrev,ing. E.CP
proche-orient-ann-indus-1938-levant-e192df,banquesyriegrandliban,BANQUE de SYRIE et du GRAND-LIBAN,masmonteil-a,A. Masmonteil,Masmonteil,A.,administrateur,,,1,,,Documents généraux,Syrie-Liban,Proche-Orient,annuaire_industriel_entry,adm_abbrev,A. Masmonteil
proche-orient-ann-indus-1938-levant-e192df,banquesyriegrandliban,BANQUE de SYRIE et du GRAND-LIBAN,grandchamps-g,G. Grandchamps,Grandchamps,G.,administrateur,,,1,,,Documents généraux,Syrie-Liban,Proche-Orient,annuaire_industriel_entry,adm_abbrev,G. Grandchamps
proche-orient-ann-indus-1938-levant-e192df,banquesyriegrandliban,BANQUE de SYRIE et du GRAND-LIBAN,fabrique-de-parquets-a-chalons-sur-marne,fabrique de parquets à Châlons-sur-Marne,fabrique de parquets à Châlons-sur-Marne,,administrateur,,,1,,,Documents généraux,Syrie-Liban,Proche-Orient,annuaire_industriel_entry,adm_abbrev,fabrique de parquets à Châlons-sur-Marne
proche-orient-ann-indus-1938-levant-e192df,banquesyriegrandliban,BANQUE de SYRIE et du GRAND-LIBAN,soissons,Soissons,Soissons,,administrateur,,,1,,,Documents généraux,Syrie-Liban,Proche-Orient,annuaire_industriel_entry,adm_abbrev,Soissons
proche-orient-ann-indus-1938-levant-e192df,etablissementskern,Établissements KERN,simonin-h,H. Simonin,Simonin,H.,president,,,1,,,Documents généraux,Syrie-Liban,Proche-Orient,annuaire_industriel_entry,pres_abbrev,M. H. Simonin
proche-orient-ann-indus-1938-levant-e192df,etablissementskern,Établissements KERN,kern-p,Pierre Kern,Kern,Pierre,administrateur_delegue,,,1,,,Documents généraux,Syrie-Liban,Proche-Orient,annuaire_industriel_entry,pres_abbrev,M. Pierre Kern
proche-orient-ann-indus-1938-levant-e192df,etablissementskern,Établissements KERN,desplats-j,Desplats,Desplats,,president,,,1,,,Documents généraux,Syrie-Liban,Proche-Orient,annuaire_industriel_entry,pres_abbrev,Desplats
proche-orient-ann-indus-1938-levant-e192df,etablissementskern,Établissements KERN,gendre-e,Gendre,Gendre,,president,,,1,,,Documents généraux,Syrie-Liban,Proche-Orient,annuaire_industriel_entry,pres_abbrev,Gendre
proche-orient-ann-indus-1938-levant-e192df,etablissementskern,Établissements KERN,joachim,Joachim,Joachim,,president,,,1,,,Documents généraux,Syrie-Liban,Proche-Orient,annuaire_industriel_entry,pres_abbrev,Joachim
proche-orient-ann-indus-1938-levant-e192df,etablissementskern,Établissements KERN,michel,Michel,Michel,,president,,,1,,,Documents généraux,Syrie-Liban,Proche-Orient,annuaire_industriel_entry,pres_abbrev,Michel
proche-orient-ann-indus-1938-levant-e192df,etablissementskern,Établissements KERN,pernin,Pernin,Pernin,,president,,,1,,,Documents généraux,Syrie-Liban,Proche-Orient,annuaire_industriel_entry,pres_abbrev,Pernin
proche-orient-ann-indus-1938-levant-e192df,etablissementskern,Établissements KERN,schmitt-a,A. Schmitt,Schmitt,A.,president,,,1,,,Documents généraux,Syrie-Liban,Proche-Orient,annuaire_industriel_entry,pres_abbrev,A. Schmitt
proche-orient-ann-indus-1938-levant-e192df,etablissementskern,Établissements KERN,sfez-f,Félix Sfez,Sfez,Félix,president,,,1,,,Documents généraux,Syrie-Liban,Proche-Orient,annuaire_industriel_entry,pres_abbrev,Représentants: Félix Sfez
proche-orient-ann-indus-1938-levant-e192df,etablissementskern,Établissements KERN,cassir-g,G. Cassir,Cassir,G.,president,,,1,,,Documents généraux,Syrie-Liban,Proche-Orient,annuaire_industriel_entry,pres_abbrev,G. Cassir
proche-orient-ann-indus-1938-levant-e192df,etablissementskern,Établissements KERN,ormieres-p,P. Ormières,Ormières,P.,president,,,1,,,Documents généraux,Syrie-Liban,Proche-Orient,annuaire_industriel_entry,pres_abbrev,P. Ormières
proche-orient-ann-indus-1938-levant-e192df,etablissementskern,Établissements KERN,grasse,Grasse,Grasse,,president,,,1,,Alpes-Marit.,Documents généraux,Syrie-Liban,Proche-Orient,annuaire_industriel_entry,pres_abbrev,Grasse (Alpes-Marit.)
proche-orient-ann-indus-1938-levant-e192df,radioorient,RADIO-ORIENT,bousquet-h,H. Bousquet,Bousquet,H.,president,,,1,,,Documents généraux,Syrie-Liban,Proche-Orient,annuaire_industriel_entry,cons_adm_abbrev,M. H. Bousquet
proche-orient-ann-indus-1938-levant-e192df,radioorient,RADIO-ORIENT,girardeau-e,E. Girardeau,Girardeau,E.,vice_president,,,1,,,Documents généraux,Syrie-Liban,Proche-Orient,annuaire_industriel_entry,cons_adm_abbrev,M. E. Girardeau
proche-orient-ann-indus-1938-levant-e192df,radioorient,RADIO-ORIENT,atthalin-a,A. Atthalin,Atthalin,A.,administrateur,,,1,,,Documents généraux,Syrie-Liban,Proche-Orient,annuaire_industriel_entry,cons_adm_abbrev,Adm.: MM. A. Atthalin
proche-orient-ann-indus-1938-levant-e192df,radioorient,RADIO-ORIENT,berard,Bérard,Bérard,,administrateur,,,1,,,Documents généraux,Syrie-Liban,Proche-Orient,annuaire_industriel_entry,cons_adm_abbrev,M. Bérard
proche-orient-ann-indus-1938-levant-e192df,radioorient,RADIO-ORIENT,hanemoglou,Hanemoglou,Hanemoglou,,administrateur,,,1,,,Documents généraux,Syrie-Liban,Proche-Orient,annuaire_industriel_entry,cons_adm_abbrev,M. Hanemoglou
proche-orient-ann-indus-1938-levant-e192df,radioorient,RADIO-ORIENT,marechal-h,H. Maréchal,Maréchal,H.,administrateur,,,1,,,Documents généraux,Syrie-Liban,Proche-Orient,annuaire_industriel_entry,cons_adm_abbrev,H. Maréchal
proche-orient-ann-indus-1938-levant-e192df,radioorient,RADIO-ORIENT,pillet-will-f,F. Pillet-Will,Pillet-Will,F.,administrateur,,,1,,,Documents généraux,Syrie-Liban,Proche-Orient,annuaire_industriel_entry,cons_adm_abbrev,Comte F. Pillet-Will
proche-orient-ann-indus-1938-levant-e192df,radioorient,RADIO-ORIENT,pietri-n,N. Pietri,Pietri,N.,administrateur,,,1,,,Documents généraux,Syrie-Liban,Proche-Orient,annuaire_industriel_entry,cons_adm_abbrev,N. Pietri
proche-orient-ann-indus-1938-levant-e192df,radioorient,RADIO-ORIENT,wibratte-l,L. Wibratte,Wibratte,L.,administrateur,,,1,,,Documents généraux,Syrie-Liban,Proche-Orient,annuaire_industriel_entry,cons_adm_abbrev,L. Wibratte
proche-orient-ann-indus-1938-levant-e192df,radioorient,RADIO-ORIENT,marchai-v,V. H. MarchaI,MarchaI,V. H.,gerant,,,0,,,Documents généraux,Syrie-Liban,Proche-Orient,annuaire_industriel_entry,cons_adm_abbrev,M. V. H. MarchaI
proche-orient-ann-indus-1938-levant-e192df,radioorient,RADIO-ORIENT,representants,Représentants,Représentants,,administrateur,,,1,,,Documents généraux,Syrie-Liban,Proche-Orient,annuaire_industriel_entry,cons_adm_abbrev,Représentants
proche-orient-ann-indus-1938-levant-e192df,radioorient,RADIO-ORIENT,seine-g,Seine,Seine,,administrateur,,,1,,,Documents généraux,Syrie-Liban,Proche-Orient,annuaire_industriel_entry,cons_adm_abbrev,Seine
proche-orient-ann-indus-1938-levant-e192df,radioorient,RADIO-ORIENT,fourmies,Fourmies,Fourmies,,administrateur,,,1,,,Documents généraux,Syrie-Liban,Proche-Orient,annuaire_industriel_entry,cons_adm_abbrev,Fourmies
proche-orient-ann-indus-1938-levant-e192df,radioorient,RADIO-ORIENT,vosges,Vosges,Vosges,,administrateur,,,1,,,Documents généraux,Syrie-Liban,Proche-Orient,annuaire_industriel_entry,cons_adm_abbrev,Vosges
proche-orient-ann-indus-1938-levant-e192df,radioorient,RADIO-ORIENT,meurthe-et-moselle,Meurthe-et-Moselle,Meurthe-et-Moselle,,administrateur,,,1,,,Documents généraux,Syrie-Liban,Proche-Orient,annuaire_industriel_entry,cons_adm_abbrev,Meurthe-et-Moselle
proche-orient-ann-indus-1938-levant-e192df,radioorient,RADIO-ORIENT,hte-saone,Hte-Saône,Hte-Saône,,administrateur,,,1,,,Documents généraux,Syrie-Liban,Proche-Orient,annuaire_industriel_entry,cons_adm_abbrev,Hte-Saône
proche-orient-ann-indus-1938-levant-e192df,radioorient,RADIO-ORIENT,territ-de-belfort,Territ.- de-Belfort,Territ.- de-Belfort,,administrateur,,,1,,,Documents généraux,Syrie-Liban,Proche-Orient,annuaire_industriel_entry,cons_adm_abbrev,Territ.- de-Belfort
proche-orient-ann-indus-1938-levant-e192df,radioorient,RADIO-ORIENT,doubs,Doubs,Doubs,,administrateur,,,1,,,Documents généraux,Syrie-Liban,Proche-Orient,annuaire_industriel_entry,cons_adm_abbrev,Doubs
proche-orient-ann-indus-1938-levant-e192df,radioorient,RADIO-ORIENT,jura,Jura,Jura,,administrateur,,,1,,,Documents généraux,Syrie-Liban,Proche-Orient,annuaire_industriel_entry,cons_adm_abbrev,Jura
proche-orient-ann-indus-1938-levant-e192df,radioorient,RADIO-ORIENT,imp-maldoyenne,imp. Maldoyenne,imp. Maldoyenne,,administrateur,,,1,,,Documents généraux,Syrie-Liban,Proche-Orient,annuaire_industriel_entry,cons_adm_abbrev,imp. Maldoyenne
proche-orient-ann-indus-1938-levant-e192df,radioorient,RADIO-ORIENT,remiremont,Remiremont,Remiremont,,administrateur,,,1,,,Documents généraux,Syrie-Liban,Proche-Orient,annuaire_industriel_entry,cons_adm_abbrev,Remiremont
proche-orient-ann-indus-1938-levant-e192df,radioorient,RADIO-ORIENT,ht-rhin,Ht-Rhin,Ht-Rhin,,administrateur,,,1,,,Documents généraux,Syrie-Liban,Proche-Orient,annuaire_industriel_entry,cons_adm_abbrev,Ht-Rhin
proche-orient-ann-indus-1938-levant-e192df,radioorient,RADIO-ORIENT,mulhouse,Mulhouse,Mulhouse,,administrateur,,,1,,,Documents généraux,Syrie-Liban,Proche-Orient,annuaire_industriel_entry,cons_adm_abbrev,Mulhouse
proche-orient-ann-indus-1938-levant-e192df,radioorient,RADIO-ORIENT,pyreneenne-r,Région pyrénéenne,pyrénéenne,Région,administrateur,,,1,,,Documents généraux,Syrie-Liban,Proche-Orient,annuaire_industriel_entry,cons_adm_abbrev,Région pyrénéenne
proche-orient-ann-indus-1938-levant-e192df,radioorient,RADIO-ORIENT,lisibach,Lisibach,Lisibach,,administrateur,,,1,,,Documents généraux,Syrie-Liban,Proche-Orient,annuaire_industriel_entry,cons_adm_abbrev,MM. Lisibach
proche-orient-ann-indus-1938-levant-e192df,radioorient,RADIO-ORIENT,orthez,Orthez,Orthez,,administrateur,,,1,,,Documents généraux,Syrie-Liban,Proche-Orient,annuaire_industriel_entry,cons_adm_abbrev,Orthez
proche-orient-ann-indus-1938-levant-e192df,radioorient,RADIO-ORIENT,ganges,Ganges,Ganges,,administrateur,,,1,,Hérault,Documents généraux,Syrie-Liban,Proche-Orient,annuaire_industriel_entry,cons_adm_abbrev,Ganges (Hérault)
proche-orient-ann-indus-1938-levant-e192df,radioorient,RADIO-ORIENT,san-pedro-r,Ronda San Pedro,San Pedro,Ronda,administrateur,,,1,,,Documents généraux,Syrie-Liban,Proche-Orient,annuaire_industriel_entry,cons_adm_abbrev,Ronda San Pedro
proche-orient-ann-indus-1938-levant-e192df,radioorient,RADIO-ORIENT,via-mauro-macchi,via Mauro Macchi,via Mauro Macchi,,administrateur,,,1,,,Documents généraux,Syrie-Liban,Proche-Orient,annuaire_industriel_entry,cons_adm_abbrev,via Mauro Macchi
proche-orient-ann-indus-1938-levant-e192df,radioorient,RADIO-ORIENT,milan-f,Milan,Milan,,administrateur,,,1,,,Documents généraux,Syrie-Liban,Proche-Orient,annuaire_industriel_entry,cons_adm_abbrev,Milan
proche-orient-ann-indus-1938-levant-e192df,radioorient,RADIO-ORIENT,santoroza,Santoroza,Santoroza,,administrateur,,,1,,,Documents généraux,Syrie-Liban,Proche-Orient,annuaire_industriel_entry,cons_adm_abbrev,Santoroza
proche-orient-ann-indus-1938-levant-e192df,radioorient,RADIO-ORIENT,athenes,6. Athènes,6. Athènes,,administrateur,,,1,,,Documents généraux,Syrie-Liban,Proche-Orient,annuaire_industriel_entry,cons_adm_abbrev,6. Athènes
proche-orient-asphaltes-petroles-lattaquie-32e972,industrielleasphaltespetroleslattaquie,Société industrielle des Asphaltes et pétroles de Lattaquié,chautard-j,Jean Chautard,Chautard,Jean,administrateur,1928,1914_1929,1,"BALO, 23 janvier 1928",,Sociétés diverses,Syrie-Liban,Proche-Orient,citation,bare_conseil,Jean Chautard
proche-orient-asphaltes-petroles-lattaquie-32e972,industrielleasphaltespetroleslattaquie,Société industrielle des Asphaltes et pétroles de Lattaquié,donati-a,Angelo Donati,Donati,Angelo,administrateur,1928,1914_1929,1,"BALO, 23 janvier 1928",,Sociétés diverses,Syrie-Liban,Proche-Orient,citation,bare_conseil,Angelo Donati
proche-orient-asphaltes-petroles-lattaquie-32e972,industrielleasphaltespetroleslattaquie,Société industrielle des Asphaltes et pétroles de Lattaquié,enterprise-e,Egyptian enterprise,enterprise,Egyptian,administrateur,1928,1914_1929,1,"BALO, 23 janvier 1928",,Sociétés diverses,Syrie-Liban,Proche-Orient,citation,bare_conseil,Egyptian enterprise
proche-orient-asphaltes-petroles-lattaquie-32e972,industrielleasphaltespetroleslattaquie,Société industrielle des Asphaltes et pétroles de Lattaquié,developpent-cy,développent Cy,développent Cy,,administrateur,1928,1914_1929,1,"BALO, 23 janvier 1928",,Sociétés diverses,Syrie-Liban,Proche-Orient,citation,bare_conseil,développent Cy
proche-orient-asphaltes-petroles-lattaquie-32e972,industrielleasphaltespetroleslattaquie,Société industrielle des Asphaltes et pétroles de Lattaquié,meguerditchian-l,Levon Meguerditchian,Meguerditchian,Levon,administrateur,1928,1914_1929,1,"BALO, 23 janvier 1928",,Sociétés diverses,Syrie-Liban,Proche-Orient,citation,bare_conseil,Levon Meguerditchian
proche-orient-asphaltes-petroles-lattaquie-32e972,industrielleasphaltespetroleslattaquie,Société industrielle des Asphaltes et pétroles de Lattaquié,rodocanachi-p,Pierre Rodocanachi,Rodocanachi,Pierre,administrateur,1928,1914_1929,1,"BALO, 23 janvier 1928",,Sociétés diverses,Syrie-Liban,Proche-Orient,citation,bare_conseil,Pierre Rodocanachi
proche-orient-asphaltes-petroles-lattaquie-32e972,industrielleasphaltespetroleslattaquie,Société industrielle des Asphaltes et pétroles de Lattaquié,schneider-g,Gaston Schneider,Schneider,Gaston,administrateur,1928,1914_1929,1,"BALO, 23 janvier 1928",,Sociétés diverses,Syrie-Liban,Proche-Orient,citation,bare_conseil,Gaston Schneider
proche-orient-asphaltes-petroles-lattaquie-32e972,industrielleasphaltespetroleslattaquie,Société industrielle des Asphaltes et pétroles de Lattaquié,shakour-pacha-m,Mansour Shakour pacha,Shakour pacha,Mansour,administrateur,1928,1914_1929,1,"BALO, 23 janvier 1928",,Sociétés diverses,Syrie-Liban,Proche-Orient,citation,bare_conseil,Mansour Shakour pacha
proche-orient-asphaltes-petroles-lattaquie-32e972,asphaltespetroleslattaquie,Asphaltes et pétroles de Lattaquié,chautard-j,J. Chautard,Chautard,J.,administrateur,1929,1914_1929,1,Annuaire Desfossés 1929,,Sociétés diverses,Syrie-Liban,Proche-Orient,directory_entry,conseil_colon,J. Chautard
proche-orient-asphaltes-petroles-lattaquie-32e972,asphaltespetroleslattaquie,Asphaltes et pétroles de Lattaquié,donati-a,A. Donati,Donati,A.,administrateur,1929,1914_1929,1,Annuaire Desfossés 1929,,Sociétés diverses,Syrie-Liban,Proche-Orient,directory_entry,conseil_colon,A. Donati
proche-orient-asphaltes-petroles-lattaquie-32e972,asphaltespetroleslattaquie,Asphaltes et pétroles de Lattaquié,meguerditchian-l,L. Meguerditchian,Meguerditchian,L.,administrateur,1929,1914_1929,1,Annuaire Desfossés 1929,,Sociétés diverses,Syrie-Liban,Proche-Orient,directory_entry,conseil_colon,L. Meguerditchian
proche-orient-asphaltes-petroles-lattaquie-32e972,asphaltespetroleslattaquie,Asphaltes et pétroles de Lattaquié,rodocanachi-v,V. Rodocanachi,Rodocanachi,V.,administrateur,1929,1914_1929,1,Annuaire Desfossés 1929,,Sociétés diverses,Syrie-Liban,Proche-Orient,directory_entry,conseil_colon,V. Rodocanachi
proche-orient-asphaltes-petroles-lattaquie-32e972,asphaltespetroleslattaquie,Asphaltes et pétroles de Lattaquié,schneider-g,G. Schneider,Schneider,G.,administrateur,1929,1914_1929,1,Annuaire Desfossés 1929,,Sociétés diverses,Syrie-Liban,Proche-Orient,directory_entry,conseil_colon,G. Schneider
proche-orient-asphaltes-petroles-lattaquie-32e972,asphaltespetroleslattaquie,Asphaltes et pétroles de Lattaquié,shakour-pacha-m,Mansour Shakour Pacha,Shakour Pacha,Mansour,administrateur,1929,1914_1929,1,Annuaire Desfossés 1929,,Sociétés diverses,Syrie-Liban,Proche-Orient,directory_entry,conseil_colon,Mansour Shakour Pacha
proche-orient-asphaltes-petroles-lattaquie-32e972,asphaltespetroleslattaquie,Asphaltes et pétroles de Lattaquié,enterprise-and-development-cy-e,Egyptian Enterprise and Development Cy,Enterprise and Development Cy,Egyptian,administrateur,1929,1914_1929,1,Annuaire Desfossés 1929,,Sociétés diverses,Syrie-Liban,Proche-Orient,directory_entry,conseil_colon,Egyptian Enterprise and Development Cy
proche-orient-asphaltes-petroles-lattaquie-32e972,asphaltespetroleslattaquie,Asphaltes et pétroles de Lattaquié,chautard-j,J. Chautard,Chautard,J.,administrateur,1931,1930_1944,1,Annuaire Desfossés 1931,,Sociétés diverses,Syrie-Liban,Proche-Orient,directory_entry,conseil_colon,J. Chautard
proche-orient-asphaltes-petroles-lattaquie-32e972,asphaltespetroleslattaquie,Asphaltes et pétroles de Lattaquié,d-alauzier-m,Maurice d'Alauzier,d'Alauzier,Maurice,administrateur,1931,1930_1944,1,Annuaire Desfossés 1931,,Sociétés diverses,Syrie-Liban,Proche-Orient,directory_entry,conseil_colon,marquis Maurice d'Alauzier
proche-orient-asphaltes-petroles-lattaquie-32e972,asphaltespetroleslattaquie,Asphaltes et pétroles de Lattaquié,donati-a,A. Donati,Donati,A.,administrateur,1931,1930_1944,1,Annuaire Desfossés 1931,,Sociétés diverses,Syrie-Liban,Proche-Orient,directory_entry,conseil_colon,A. Donati
proche-orient-asphaltes-petroles-lattaquie-32e972,asphaltespetroleslattaquie,Asphaltes et pétroles de Lattaquié,meguerditchian-l,L. Meguerditchian,Meguerditchian,L.,administrateur,1931,1930_1944,1,Annuaire Desfossés 1931,,Sociétés diverses,Syrie-Liban,Proche-Orient,directory_entry,conseil_colon,L. Meguerditchian
proche-orient-asphaltes-petroles-lattaquie-32e972,asphaltespetroleslattaquie,Asphaltes et pétroles de Lattaquié,rodocanachi-v,V. Rodocanachi,Rodocanachi,V.,administrateur,1931,1930_1944,1,Annuaire Desfossés 1931,,Sociétés diverses,Syrie-Liban,Proche-Orient,directory_entry,conseil_colon,V. Rodocanachi
proche-orient-asphaltes-petroles-lattaquie-32e972,asphaltespetroleslattaquie,Asphaltes et pétroles de Lattaquié,schneider-g,G. Schneider,Schneider,G.,administrateur,1931,1930_1944,1,Annuaire Desfossés 1931,,Sociétés diverses,Syrie-Liban,Proche-Orient,directory_entry,conseil_colon,G. Schneider
proche-orient-asphaltes-petroles-lattaquie-32e972,asphaltespetroleslattaquie,Asphaltes et pétroles de Lattaquié,shakour-pacha-m,Mansour Shakour Pacha,Shakour Pacha,Mansour,administrateur,1931,1930_1944,1,Annuaire Desfossés 1931,,Sociétés diverses,Syrie-Liban,Proche-Orient,directory_entry,conseil_colon,Mansour Shakour Pacha
proche-orient-asphaltes-petroles-lattaquie-32e972,asphaltespetroleslattaquie,Asphaltes et pétroles de Lattaquié,enterprise-and-development-cy-e,Egyptian Enterprise and Development Cy,Enterprise and Development Cy,Egyptian,administrateur,1931,1930_1944,1,Annuaire Desfossés 1931,,Sociétés diverses,Syrie-Liban,Proche-Orient,directory_entry,conseil_colon,Egyptian Enterprise and Development Cy
proche-orient-asphaltes-petroles-lattaquie-32e972,asphaltespetroleslattaquie,Asphaltes et pétroles de Lattaquié,saade-e,E. Saadé,Saadé,E.,administrateur,1931,1930_1944,1,Annuaire Desfossés 1931,,Sociétés diverses,Syrie-Liban,Proche-Orient,directory_entry,conseil_colon,E. Saadé
proche-orient-asphaltes-petroles-lattaquie-32e972,asphaltespetroleslattaquie,Asphaltes et pétroles de Lattaquié,zafiropulo,Zafiropulo,Zafiropulo,,administrateur,1931,1930_1944,1,Annuaire Desfossés 1931,,Sociétés diverses,Syrie-Liban,Proche-Orient,directory_entry,conseil_colon,Zafiropulo
proche-orient-asphaltes-petroles-lattaquie-32e972,asphaltespetroleslattaquie,Asphaltes et pétroles de Lattaquié,macaux-h,H. Macaux,Macaux,H.,president,1937,1930_1944,1,Annuaire Desfossés 1937,,Sociétés diverses,Syrie-Liban,Proche-Orient,directory_entry,conseil_colon,H. Macaux
proche-orient-asphaltes-petroles-lattaquie-32e972,asphaltespetroleslattaquie,Asphaltes et pétroles de Lattaquié,chautard-j,J. Chautard,Chautard,J.,administrateur_delegue,1937,1930_1944,1,Annuaire Desfossés 1937,,Sociétés diverses,Syrie-Liban,Proche-Orient,directory_entry,conseil_colon,J. Chautard
proche-orient-asphaltes-petroles-lattaquie-32e972,asphaltespetroleslattaquie,Asphaltes et pétroles de Lattaquié,donati-a,A. Donati,Donati,A.,administrateur,1937,1930_1944,1,Annuaire Desfossés 1937,,Sociétés diverses,Syrie-Liban,Proche-Orient,directory_entry,conseil_colon,A. Donati
proche-orient-asphaltes-petroles-lattaquie-32e972,asphaltespetroleslattaquie,Asphaltes et pétroles de Lattaquié,enterprise-and-development-cy-e,Egyptian Enterprise and Development Cy,Enterprise and Development Cy,Egyptian,administrateur,1937,1930_1944,1,Annuaire Desfossés 1937,,Sociétés diverses,Syrie-Liban,Proche-Orient,directory_entry,conseil_colon,Egyptian Enterprise and Development Cy
proche-orient-asphaltes-petroles-lattaquie-32e972,asphaltespetroleslattaquie,Asphaltes et pétroles de Lattaquié,saade-e,E. Saadé,Saadé,E.,administrateur,1937,1930_1944,1,Annuaire Desfossés 1937,,Sociétés diverses,Syrie-Liban,Proche-Orient,directory_entry,conseil_colon,E. Saadé
proche-orient-asphaltes-petroles-lattaquie-32e972,asphaltespetroleslattaquie,Asphaltes et pétroles de Lattaquié,jordan-p,P. Jordan,Jordan,P.,administrateur,1937,1930_1944,1,Annuaire Desfossés 1937,,Sociétés diverses,Syrie-Liban,Proche-Orient,directory_entry,conseil_colon,P. Jordan
proche-orient-asphaltes-petroles-lattaquie-32e972,asphaltespetroleslattaquie,Asphaltes et pétroles de Lattaquié,vieu-c,C. Vieu,Vieu,C.,administrateur,1937,1930_1944,1,Annuaire Desfossés 1937,,Sociétés diverses,Syrie-Liban,Proche-Orient,directory_entry,conseil_colon,C. Vieu
proche-orient-asphaltes-petroles-lattaquie-32e972,asphaltespetroleslattaquie,Asphaltes et pétroles de Lattaquié,b-oury-g,Gaston B. Oury,B. Oury,Gaston,administrateur,1937,1930_1944,1,Annuaire Desfossés 1937,,Sociétés diverses,Syrie-Liban,Proche-Orient,directory_entry,conseil_colon,Gaston B. Oury
proche-orient-asphaltes-petroles-lattaquie-32e972,asphaltespetroleslattaquie,Asphaltes et pétroles de Lattaquié,chautard-j,J. Chautard,Chautard,J.,administrateur_delegue,1940,1930_1944,1,Annuaire Desfossés 1940,,Sociétés diverses,Syrie-Liban,Proche-Orient,directory_entry,conseil_colon,J. Chautard
proche-orient-asphaltes-petroles-lattaquie-32e972,asphaltespetroleslattaquie,Asphaltes et pétroles de Lattaquié,donati-a,A. Donati,Donati,A.,administrateur,1940,1930_1944,1,Annuaire Desfossés 1940,,Sociétés diverses,Syrie-Liban,Proche-Orient,directory_entry,conseil_colon,A. Donati
proche-orient-asphaltes-petroles-lattaquie-32e972,asphaltespetroleslattaquie,Asphaltes et pétroles de Lattaquié,enterprise-and-development-cy-e,Egyptian Enterprise and Development Cy,Enterprise and Development Cy,Egyptian,administrateur,1940,1930_1944,1,Annuaire Desfossés 1940,,Sociétés diverses,Syrie-Liban,Proche-Orient,directory_entry,conseil_colon,Egyptian Enterprise and Development Cy
proche-orient-asphaltes-petroles-lattaquie-32e972,asphaltespetroleslattaquie,Asphaltes et pétroles de Lattaquié,saade-e,E. Saadé,Saadé,E.,administrateur,1940,1930_1944,1,Annuaire Desfossés 1940,,Sociétés diverses,Syrie-Liban,Proche-Orient,directory_entry,conseil_colon,E. Saadé
proche-orient-asphaltes-petroles-lattaquie-32e972,asphaltespetroleslattaquie,Asphaltes et pétroles de Lattaquié,vieu-c,C. Vieu,Vieu,C.,administrateur,1940,1930_1944,1,Annuaire Desfossés 1940,,Sociétés diverses,Syrie-Liban,Proche-Orient,directory_entry,conseil_colon,C. Vieu
proche-orient-asphaltes-petroles-lattaquie-32e972,asphaltespetroleslattaquie,Asphaltes et pétroles de Lattaquié,zafiropoulo-d,D. Zafiropoulo,Zafiropoulo,D.,administrateur,1940,1930_1944,1,Annuaire Desfossés 1940,,Sociétés diverses,Syrie-Liban,Proche-Orient,directory_entry,conseil_colon,D. Zafiropoulo
proche-orient-asphaltes-petroles-lattaquie-32e972,asphaltespetroleslattaquie,Asphaltes et pétroles de Lattaquié,sabatier-s,S. Sabatier,Sabatier,S.,administrateur,1940,1930_1944,1,Annuaire Desfossés 1940,,Sociétés diverses,Syrie-Liban,Proche-Orient,directory_entry,conseil_colon,S. Sabatier
proche-orient-banque-du-liban-991630,banqueliban,Banque du Liban,lautier-e,E. Lautier,Lautier,E.,administrateur,1913,pre_1914,1,"La Cote de la Bourse et de la banque, 10 décembre 1913",,Banques et sociétés financières,Syrie-Liban,Proche-Orient,citation,conseil_compose,MM. E. Lautier
proche-orient-banque-du-liban-991630,banqueliban,Banque du Liban,roquerbe-p,P. Roquerbe,Roquerbe,P.,administrateur,1913,pre_1914,1,"La Cote de la Bourse et de la banque, 10 décembre 1913",,Banques et sociétés financières,Syrie-Liban,Proche-Orient,citation,conseil_compose,P. Roquerbe
proche-orient-banque-du-liban-991630,banqueliban,Banque du Liban,cagninacci-h,H. Cagninacci,Cagninacci,H.,administrateur,1913,pre_1914,1,"La Cote de la Bourse et de la banque, 10 décembre 1913",,Banques et sociétés financières,Syrie-Liban,Proche-Orient,citation,conseil_compose,H. Cagninacci
proche-orient-banque-du-liban-991630,banqueliban,Banque du Liban,bos-f,F. Bos,Bos,F.,administrateur,1913,pre_1914,1,"La Cote de la Bourse et de la banque, 10 décembre 1913",,Banques et sociétés financières,Syrie-Liban,Proche-Orient,citation,conseil_compose,F. Bos
proche-orient-banque-du-liban-991630,banqueliban,Banque du Liban,roederer-p,P. Roederer,Roederer,P.,administrateur,1913,pre_1914,1,"La Cote de la Bourse et de la banque, 10 décembre 1913",,Banques et sociétés financières,Syrie-Liban,Proche-Orient,citation,conseil_compose,P. Roederer
proche-orient-banque-du-liban-991630,banqueliban,Banque du Liban,valcke-a,A. Valcke,Valcke,A.,administrateur,1913,pre_1914,1,"La Cote de la Bourse et de la banque, 10 décembre 1913",,Banques et sociétés financières,Syrie-Liban,Proche-Orient,citation,conseil_compose,A. Valcke
proche-orient-banque-du-liban-991630,banqueliban,Banque du Liban,weyler-j,J. Weyler,Weyler,J.,administrateur,1913,pre_1914,1,"La Cote de la Bourse et de la banque, 10 décembre 1913",,Banques et sociétés financières,Syrie-Liban,Proche-Orient,citation,conseil_compose,J. Weyler
proche-orient-banque-du-liban-991630,banqueliban,Banque du Liban,extrait-publie-dans-le-droit,extrait publié dans Le Droit,extrait publié dans Le Droit,,administrateur,1913,pre_1914,1,"La Cote de la Bourse et de la banque, 10 décembre 1913",,Banques et sociétés financières,Syrie-Liban,Proche-Orient,citation,conseil_compose,extrait publié dans Le Droit
proche-orient-banque-frse-syrie-12e13d,banquesyrie,Banque française de Syrie,artaud,Artaud,Artaud,,administrateur,1919,1914_1929,1,"La Cote de la Bourse et de la banque, 23 mai 1919",,Banques et sociétés financières,Syrie-Liban,Proche-Orient,citation,conseil_colon,MM. Artaud
proche-orient-banque-frse-syrie-12e13d,banquesyrie,Banque française de Syrie,gouin,Goüin,Goüin,,administrateur,1919,1914_1929,1,"La Cote de la Bourse et de la banque, 23 mai 1919",,Banques et sociétés financières,Syrie-Liban,Proche-Orient,citation,conseil_colon,Goüin
proche-orient-banque-frse-syrie-12e13d,banquesyrie,Banque française de Syrie,misrachi,Misrachi,Misrachi,,administrateur,1919,1914_1929,1,"La Cote de la Bourse et de la banque, 23 mai 1919",,Banques et sociétés financières,Syrie-Liban,Proche-Orient,citation,conseil_colon,Misrachi
proche-orient-banque-frse-syrie-12e13d,banquesyrie,Banque française de Syrie,salem,Salem,Salem,,administrateur,1919,1914_1929,1,"La Cote de la Bourse et de la banque, 23 mai 1919",Emm.; Banque de Salonique,Banques et sociétés financières,Syrie-Liban,Proche-Orient,citation,conseil_colon,[Emm.] Salem [Banque de Salonique]
proche-orient-banque-frse-syrie-12e13d,banquesyrie,Banque française de Syrie,ferrail,Ferrail,Ferrail,,administrateur,1919,1914_1929,1,"La Cote de la Bourse et de la banque, 23 mai 1919",Terrail,Banques et sociétés financières,Syrie-Liban,Proche-Orient,citation,conseil_colon,Ferrail [Terrail]
proche-orient-banque-frse-syrie-12e13d,banquesyrie,Banque française de Syrie,agricole-d-algerie,agricole d'Algérie,agricole d'Algérie,,administrateur,1929,1914_1929,1,"Documents politiques, diplomatiques et financiers, mensuel, février-juin 1929",,Banques et sociétés financières,Syrie-Liban,Proche-Orient,citation,admin_label,agricole d'Algérie
proche-orient-banque-frse-syrie-12e13d,banquesyrie,Banque française de Syrie,immeubles-de-france,Immeubles de France,Immeubles de France,,administrateur,1929,1914_1929,1,"Documents politiques, diplomatiques et financiers, mensuel, février-juin 1929",,Banques et sociétés financières,Syrie-Liban,Proche-Orient,citation,admin_label,Immeubles de France
proche-orient-banque-frse-syrie-12e13d,banquesyrie,Banque française de Syrie,fonciere-i,Industrielle foncière,foncière,Industrielle,administrateur,1929,1914_1929,1,"Documents politiques, diplomatiques et financiers, mensuel, février-juin 1929",,Banques et sociétés financières,Syrie-Liban,Proche-Orient,citation,admin_label,Industrielle foncière
proche-orient-banque-frse-syrie-12e13d,banquesyrie,Banque française de Syrie,mines-du-chabet-kohol,Mines du. Chabet-Kohol,Mines du. Chabet-Kohol,,administrateur,1929,1914_1929,1,"Documents politiques, diplomatiques et financiers, mensuel, février-juin 1929",Algérie,Banques et sociétés financières,Syrie-Liban,Proche-Orient,citation,admin_label,Mines du. Chabet-Kohol [Algérie]
proche-orient-banque-frse-syrie-12e13d,banquesyrie,Banque française de Syrie,parisienne-i,Immobilière Parisienne,Parisienne,Immobilière,administrateur,1929,1914_1929,1,"Documents politiques, diplomatiques et financiers, mensuel, février-juin 1929",,Banques et sociétés financières,Syrie-Liban,Proche-Orient,citation,admin_label,Immobilière Parisienne
proche-orient-banque-frse-syrie-12e13d,banquesyrie,BANQUE FRANÇAISE de SYRIE,homberg-a,André Homberg,Homberg,André,president,1938,1930_1944,1,Annuaire industriel 1938,,Banques et sociétés financières,Syrie-Liban,Proche-Orient,directory_entry,cons_adm_abbrev,André Homberg
proche-orient-banque-frse-syrie-12e13d,banquesyrie,BANQUE FRANÇAISE de SYRIE,laville-e,E. Laville,Laville,E.,administrateur_delegue,1938,1930_1944,1,Annuaire industriel 1938,,Banques et sociétés financières,Syrie-Liban,Proche-Orient,directory_entry,cons_adm_abbrev,E. Laville
proche-orient-banque-frse-syrie-12e13d,banquesyrie,BANQUE FRANÇAISE de SYRIE,briere-p,P. Brière,Brière,P.,administrateur,1938,1930_1944,1,Annuaire industriel 1938,,Banques et sociétés financières,Syrie-Liban,Proche-Orient,directory_entry,cons_adm_abbrev,Adm.: MM. P. Brière
proche-orient-banque-frse-syrie-12e13d,banquesyrie,BANQUE FRANÇAISE de SYRIE,charpentier-j,J.-C. Charpentier,Charpentier,J.-C.,administrateur,1938,1930_1944,1,Annuaire industriel 1938,,Banques et sociétés financières,Syrie-Liban,Proche-Orient,directory_entry,cons_adm_abbrev,J.-C. Charpentier
proche-orient-banque-frse-syrie-12e13d,banquesyrie,BANQUE FRANÇAISE de SYRIE,leblanc-l,L. Leblanc,Leblanc,L.,administrateur,1938,1930_1944,1,Annuaire industriel 1938,,Banques et sociétés financières,Syrie-Liban,Proche-Orient,directory_entry,cons_adm_abbrev,L. Leblanc
proche-orient-banque-frse-syrie-12e13d,banquesyrie,BANQUE FRANÇAISE de SYRIE,misrachi-a,A. Misrachi,Misrachi,A.,administrateur,1938,1930_1944,1,Annuaire industriel 1938,,Banques et sociétés financières,Syrie-Liban,Proche-Orient,directory_entry,cons_adm_abbrev,A. Misrachi
proche-orient-banque-frse-syrie-12e13d,banquesyrie,BANQUE FRANÇAISE de SYRIE,salem-e,E. Salem,Salem,E.,administrateur,1938,1930_1944,1,Annuaire industriel 1938,,Banques et sociétés financières,Syrie-Liban,Proche-Orient,directory_entry,cons_adm_abbrev,E. Salem
proche-orient-banque-frse-syrie-12e13d,banquesyrie,BANQUE FRANÇAISE de SYRIE,simon-j,Jospeh Simon,Simon,Jospeh,administrateur,1938,1930_1944,1,Annuaire industriel 1938,SG,Banques et sociétés financières,Syrie-Liban,Proche-Orient,directory_entry,cons_adm_abbrev,Jospeh Simon [SG]
proche-orient-banque-frse-syrie-12e13d,banquesyrie,BANQUE FRANÇAISE de SYRIE,taffineau-e,E. Taffineau,Taffineau,E.,administrateur,1938,1930_1944,1,Annuaire industriel 1938,,Banques et sociétés financières,Syrie-Liban,Proche-Orient,directory_entry,cons_adm_abbrev,E. Taffineau
proche-orient-banque-frse-syrie-12e13d,banquesyrie,BANQUE FRANÇAISE de SYRIE,verstraete-g,Georges Verstraete,Verstraete,Georges,administrateur,1938,1930_1944,1,Annuaire industriel 1938,"juriste, secrétaire du conseil de la SG",Banques et sociétés financières,Syrie-Liban,Proche-Orient,directory_entry,cons_adm_abbrev,"Georges Verstraete [juriste, secrétaire du conseil de la SG]"
proche-orient-banque-frse-syrie-12e13d,banquesyrie,BANQUE FRANÇAISE de SYRIE,bader-gruber-j,J. Bader-Grüber,Bader-Grüber,J.,administrateur,1938,1930_1944,1,Annuaire industriel 1938,39-Z-20051,Banques et sociétés financières,Syrie-Liban,Proche-Orient,directory_entry,cons_adm_abbrev,J. Bader-Grüber. (39-Z-20051)
proche-orient-banque-syrie-liban-82358f,banquesyrieliban,Banque de Syrie et du Liban,poincare-r,Raymond Poincaré,Poincaré,Raymond,president,1922,1914_1929,1,"Le Journal des débats, 2 juillet 1922",,Banques et sociétés financières,Syrie-Liban,Proche-Orient,citation,conseil_colon,M. Raymond Poincaré
proche-orient-banque-syrie-liban-82358f,banquesyrieliban,Banque de Syrie et du Liban,berard,Bérard,Bérard,,president,1937,1930_1944,1,Annuaire Desfossés 1937,,Banques et sociétés financières,Syrie-Liban,Proche-Orient,directory_entry,conseil_colon,M. Bérard
proche-orient-banque-syrie-liban-82358f,banquesyrieliban,Banque de Syrie et du Liban,bey-el-mouayad-b,Bedi Bey el Mouayad,Bey el Mouayad,Bedi,administrateur,1937,1930_1944,1,Annuaire Desfossés 1937,,Banques et sociétés financières,Syrie-Liban,Proche-Orient,directory_entry,conseil_colon,Bedi Bey el Mouayad
proche-orient-banque-syrie-liban-82358f,banquesyrieliban,Banque de Syrie et du Liban,boissonnas-j,J. Boissonnas,Boissonnas,J.,administrateur,1937,1930_1944,1,Annuaire Desfossés 1937,,Banques et sociétés financières,Syrie-Liban,Proche-Orient,directory_entry,conseil_colon,J. Boissonnas
proche-orient-banque-syrie-liban-82358f,banquesyrieliban,Banque de Syrie et du Liban,chabrieres,Chabrières,Chabrières,,administrateur,1937,1930_1944,1,Annuaire Desfossés 1937,,Banques et sociétés financières,Syrie-Liban,Proche-Orient,directory_entry,conseil_colon,M. Chabrières
proche-orient-banque-syrie-liban-82358f,banquesyrieliban,Banque de Syrie et du Liban,chiha,Chiha,Chiha,,administrateur,1937,1930_1944,1,Annuaire Desfossés 1937,,Banques et sociétés financières,Syrie-Liban,Proche-Orient,directory_entry,conseil_colon,M. Chiha
proche-orient-banque-syrie-liban-82358f,banquesyrieliban,Banque de Syrie et du Liban,bey-daouk-o,Omar Bey Daouk,Bey Daouk,Omar,administrateur,1937,1930_1944,1,Annuaire Desfossés 1937,,Banques et sociétés financières,Syrie-Liban,Proche-Orient,directory_entry,conseil_colon,Omar Bey Daouk
proche-orient-banque-syrie-liban-82358f,banquesyrieliban,Banque de Syrie et du Liban,homsy-a,A. Homsy,Homsy,A.,administrateur,1937,1930_1944,1,Annuaire Desfossés 1937,,Banques et sociétés financières,Syrie-Liban,Proche-Orient,directory_entry,conseil_colon,A. Homsy
proche-orient-banque-syrie-liban-82358f,banquesyrieliban,Banque de Syrie et du Liban,h-hottinguer,H Hottinguer,H Hottinguer,,administrateur,1937,1930_1944,1,Annuaire Desfossés 1937,,Banques et sociétés financières,Syrie-Liban,Proche-Orient,directory_entry,conseil_colon,H Hottinguer
proche-orient-banque-syrie-liban-82358f,banquesyrieliban,Banque de Syrie et du Liban,roudy-a,A. Roudy,Roudy,A.,administrateur,1937,1930_1944,1,Annuaire Desfossés 1937,,Banques et sociétés financières,Syrie-Liban,Proche-Orient,directory_entry,conseil_colon,A. Roudy
proche-orient-banque-syrie-liban-82358f,banquesyrieliban,Banque de Syrie et du Liban,bey-beyhum-o,Omar Bey Beyhum,Bey Beyhum,Omar,administrateur,1937,1930_1944,1,Annuaire Desfossés 1937,,Banques et sociétés financières,Syrie-Liban,Proche-Orient,directory_entry,conseil_colon,Omar Bey Beyhum
proche-orient-banque-syrie-liban-82358f,banquesyrieliban,Banque de Syrie et du Liban,ed-vernes,Ed. Vernes,Ed. Vernes,,administrateur,1937,1930_1944,1,Annuaire Desfossés 1937,,Banques et sociétés financières,Syrie-Liban,Proche-Orient,directory_entry,conseil_colon,Ed. Vernes
proche-orient-banque-syrie-liban-82358f,banquesyrieliban,Banque de Syrie et du Liban,hoppenot-p,P. Hoppenot,Hoppenot,P.,commissaire_aux_comptes,1937,1930_1944,0,Annuaire Desfossés 1937,,Banques et sociétés financières,Syrie-Liban,Proche-Orient,directory_entry,conseil_colon,MM. P. Hoppenot
proche-orient-banque-syrie-liban-82358f,banquesyrieliban,Banque de Syrie et du Liban,auterbe-h,H. Auterbe,Auterbe,H.,commissaire_aux_comptes,1937,1930_1944,0,Annuaire Desfossés 1937,,Banques et sociétés financières,Syrie-Liban,Proche-Orient,directory_entry,conseil_colon,H. Auterbe
proche-orient-banque-syrie-liban-82358f,banquesyriegrandliban,BANQUE de SYRIE et du GRAND-LIBAN,vernes-f-felix,Félix Vernes,Vernes,Félix,president,1938,1930_1944,1,Annuaire industriel 1938,† 1934,Banques et sociétés financières,Syrie-Liban,Proche-Orient,directory_entry,pres_abbrev,M. Félix Vernes [† 1934]
proche-orient-banque-syrie-liban-82358f,banquesyriegrandliban,BANQUE de SYRIE et du GRAND-LIBAN,berard-m,Maurice Bérard,Bérard,Maurice,directeur_general,1938,1930_1944,0,Annuaire industriel 1938,,Banques et sociétés financières,Syrie-Liban,Proche-Orient,directory_entry,pres_abbrev,Maurice Bérard
proche-orient-banque-syrie-liban-82358f,banquesyriegrandliban,BANQUE de SYRIE et du GRAND-LIBAN,bassoul-a,A. Bassoul,Bassoul,A.,president,1938,1930_1944,1,Annuaire industriel 1938,,Banques et sociétés financières,Syrie-Liban,Proche-Orient,directory_entry,pres_abbrev,Adm.: MM. A. Bassoul
proche-orient-banque-syrie-liban-82358f,banquesyriegrandliban,BANQUE de SYRIE et du GRAND-LIBAN,boissonnas-j,Jean Boissonnas,Boissonnas,Jean,president,1938,1930_1944,1,Annuaire industriel 1938,Mirabaud,Banques et sociétés financières,Syrie-Liban,Proche-Orient,directory_entry,pres_abbrev,Jean Boissonnas [Mirabaud]
proche-orient-banque-syrie-liban-82358f,banquesyriegrandliban,BANQUE de SYRIE et du GRAND-LIBAN,de-cerjat-c,Ch de Cerjat,de Cerjat,Ch,president,1938,1930_1944,1,Annuaire industriel 1938,arles,Banques et sociétés financières,Syrie-Liban,Proche-Orient,directory_entry,pres_abbrev,Ch[arles] de Cerjat
proche-orient-banque-syrie-liban-82358f,banquesyriegrandliban,BANQUE de SYRIE et du GRAND-LIBAN,chabrieres-m-maurice,Maurice Chabrières,Chabrières,Maurice,president,1938,1930_1944,1,Annuaire industriel 1938,,Banques et sociétés financières,Syrie-Liban,Proche-Orient,directory_entry,pres_abbrev,Maurice Chabrières
proche-orient-banque-syrie-liban-82358f,banquesyriegrandliban,BANQUE de SYRIE et du GRAND-LIBAN,ezzeddine,Ezzeddine,Ezzeddine,,president,1938,1930_1944,1,Annuaire industriel 1938,,Banques et sociétés financières,Syrie-Liban,Proche-Orient,directory_entry,pres_abbrev,M. Ezzeddine
proche-orient-banque-syrie-liban-82358f,banquesyriegrandliban,BANQUE de SYRIE et du GRAND-LIBAN,finaly-h,Horace Finaly,Finaly,Horace,president,1938,1930_1944,1,Annuaire industriel 1938,révoqué en juin 1937 de la BPPB,Banques et sociétés financières,Syrie-Liban,Proche-Orient,directory_entry,pres_abbrev,Horace Finaly [révoqué en juin 1937 de la BPPB]
proche-orient-banque-syrie-liban-82358f,banquesyriegrandliban,BANQUE de SYRIE et du GRAND-LIBAN,giraud-h-hubert,Hubert Giraud,Giraud,Hubert,president,1938,1930_1944,1,Annuaire industriel 1938,†1934,Banques et sociétés financières,Syrie-Liban,Proche-Orient,directory_entry,pres_abbrev,Hubert Giraud [†1934]
proche-orient-banque-syrie-liban-82358f,banquesyriegrandliban,BANQUE de SYRIE et du GRAND-LIBAN,henry-a,Arsène Henry,Henry,Arsène,president,1938,1930_1944,1,Annuaire industriel 1938,† mars 1931,Banques et sociétés financières,Syrie-Liban,Proche-Orient,directory_entry,pres_abbrev,Arsène Henry [† mars 1931]
proche-orient-banque-syrie-liban-82358f,banquesyriegrandliban,BANQUE de SYRIE et du GRAND-LIBAN,homsy-a,A. Homsy,Homsy,A.,president,1938,1930_1944,1,Annuaire industriel 1938,,Banques et sociétés financières,Syrie-Liban,Proche-Orient,directory_entry,pres_abbrev,A. Homsy
proche-orient-banque-syrie-liban-82358f,banquesyriegrandliban,BANQUE de SYRIE et du GRAND-LIBAN,lehideux-r-roger,Roger Lehideux,Lehideux,Roger,president,1938,1930_1944,1,Annuaire industriel 1938,,Banques et sociétés financières,Syrie-Liban,Proche-Orient,directory_entry,pres_abbrev,Roger Lehideux
proche-orient-banque-syrie-liban-82358f,banquesyriegrandliban,BANQUE de SYRIE et du GRAND-LIBAN,mallet-r,Raoul Mallet,Mallet,Raoul,president,1938,1930_1944,1,Annuaire industriel 1938,,Banques et sociétés financières,Syrie-Liban,Proche-Orient,directory_entry,pres_abbrev,Raoul Mallet
proche-orient-banque-syrie-liban-82358f,banquesyriegrandliban,BANQUE de SYRIE et du GRAND-LIBAN,meyer-borel-c,C. A. Meyer-Borel,Meyer-Borel,C. A.,president,1938,1930_1944,1,Annuaire industriel 1938,† avril 1933,Banques et sociétés financières,Syrie-Liban,Proche-Orient,directory_entry,pres_abbrev,C. A. Meyer-Borel [† avril 1933]
proche-orient-banque-syrie-liban-82358f,banquesyriegrandliban,BANQUE de SYRIE et du GRAND-LIBAN,de-neuflize,de Neuflize,de Neuflize,,president,1938,1930_1944,1,Annuaire industriel 1938,39-Z-14589,Banques et sociétés financières,Syrie-Liban,Proche-Orient,directory_entry,pres_abbrev,baron de Neuflize. (39-Z-14589)
proche-orient-banque-syrie-liban-82358f,banquesyriegrandliban,Banque de Syrie et du Grand-Liban,berard,Bérard,Bérard,,president,1940,1930_1944,1,Annuaire Desfossés 1940,,Banques et sociétés financières,Syrie-Liban,Proche-Orient,directory_entry,conseil_colon,M. Bérard
proche-orient-banque-syrie-liban-82358f,banquesyriegrandliban,Banque de Syrie et du Grand-Liban,bechmann,Bechmann,Bechmann,,administrateur,1940,1930_1944,1,Annuaire Desfossés 1940,,Banques et sociétés financières,Syrie-Liban,Proche-Orient,directory_entry,conseil_colon,Bechmann
proche-orient-banque-syrie-liban-82358f,banquesyriegrandliban,Banque de Syrie et du Grand-Liban,bey-el-mouayad-b,Bedi Bey el Mouayad,Bey el Mouayad,Bedi,administrateur,1940,1930_1944,1,Annuaire Desfossés 1940,,Banques et sociétés financières,Syrie-Liban,Proche-Orient,directory_entry,conseil_colon,Bedi Bey el Mouayad
proche-orient-banque-syrie-liban-82358f,banquesyriegrandliban,Banque de Syrie et du Grand-Liban,boissonnas-j,J. Boissonnas,Boissonnas,J.,administrateur,1940,1930_1944,1,Annuaire Desfossés 1940,,Banques et sociétés financières,Syrie-Liban,Proche-Orient,directory_entry,conseil_colon,J. Boissonnas
proche-orient-banque-syrie-liban-82358f,banquesyriegrandliban,Banque de Syrie et du Grand-Liban,chabrieres,Chabrières,Chabrières,,administrateur,1940,1930_1944,1,Annuaire Desfossés 1940,,Banques et sociétés financières,Syrie-Liban,Proche-Orient,directory_entry,conseil_colon,M. Chabrières
proche-orient-banque-syrie-liban-82358f,banquesyriegrandliban,Banque de Syrie et du Grand-Liban,chiha,Chiha,Chiha,,administrateur,1940,1930_1944,1,Annuaire Desfossés 1940,,Banques et sociétés financières,Syrie-Liban,Proche-Orient,directory_entry,conseil_colon,M. Chiha
proche-orient-banque-syrie-liban-82358f,banquesyriegrandliban,Banque de Syrie et du Grand-Liban,bey-daouk-o,Omar Bey Daouk,Bey Daouk,Omar,administrateur,1940,1930_1944,1,Annuaire Desfossés 1940,,Banques et sociétés financières,Syrie-Liban,Proche-Orient,directory_entry,conseil_colon,Omar Bey Daouk
proche-orient-banque-syrie-liban-82358f,banquesyriegrandliban,Banque de Syrie et du Grand-Liban,homsy-a,A. Homsy,Homsy,A.,administrateur,1940,1930_1944,1,Annuaire Desfossés 1940,,Banques et sociétés financières,Syrie-Liban,Proche-Orient,directory_entry,conseil_colon,A. Homsy
proche-orient-banque-syrie-liban-82358f,banquesyriegrandliban,Banque de Syrie et du Grand-Liban,h-hottinguer,H Hottinguer,H Hottinguer,,administrateur,1940,1930_1944,1,Annuaire Desfossés 1940,,Banques et sociétés financières,Syrie-Liban,Proche-Orient,directory_entry,conseil_colon,H Hottinguer
proche-orient-banque-syrie-liban-82358f,banquesyriegrandliban,Banque de Syrie et du Grand-Liban,pahlawan-j,J. Pahlawan,Pahlawan,J.,administrateur,1940,1930_1944,1,Annuaire Desfossés 1940,,Banques et sociétés financières,Syrie-Liban,Proche-Orient,directory_entry,conseil_colon,J. Pahlawan
proche-orient-banque-syrie-liban-82358f,banquesyriegrandliban,Banque de Syrie et du Grand-Liban,bey-beyhum-o,Omar Bey Beyhum,Bey Beyhum,Omar,administrateur,1940,1930_1944,1,Annuaire Desfossés 1940,,Banques et sociétés financières,Syrie-Liban,Proche-Orient,directory_entry,conseil_colon,Omar Bey Beyhum
proche-orient-banque-syrie-liban-82358f,banquesyriegrandliban,Banque de Syrie et du Grand-Liban,ed-vernes,Ed. Vernes,Ed. Vernes,,administrateur,1940,1930_1944,1,Annuaire Desfossés 1940,,Banques et sociétés financières,Syrie-Liban,Proche-Orient,directory_entry,conseil_colon,Ed. Vernes
proche-orient-banque-syrie-liban-82358f,banquesyriegrandliban,Banque de Syrie et du Grand-Liban,hoppenot-p,P. Hoppenot,Hoppenot,P.,commissaire_aux_comptes,1940,1930_1944,0,Annuaire Desfossés 1940,,Banques et sociétés financières,Syrie-Liban,Proche-Orient,directory_entry,conseil_colon,MM. P. Hoppenot
proche-orient-banque-syrie-liban-82358f,banquesyriegrandliban,Banque de Syrie et du Grand-Liban,auterbe-h,H. Auterbe,Auterbe,H.,commissaire_aux_comptes,1940,1930_1944,0,Annuaire Desfossés 1940,,Banques et sociétés financières,Syrie-Liban,Proche-Orient,directory_entry,conseil_colon,H. Auterbe
proche-orient-banque-syrie-liban-82358f,banquesyriegrandliban,Banque de Syrie et du Grand-Liban,barrioulet-p,P. Barrioulet,Barrioulet,P.,commissaire_aux_comptes,1940,1930_1944,0,Annuaire Desfossés 1940,,Banques et sociétés financières,Syrie-Liban,Proche-Orient,directory_entry,conseil_colon,P. Barrioulet
proche-orient-beyrouth-waterworks-b81067,beyrouthwaterworkscy,The Beyrouth Waterworks Cy,morris-a,A. Morris,Morris,A.,administrateur,,,1,,,"Eaux, électricité (utilities)",Syrie-Liban,Proche-Orient,preamble,conseil_heading,A. Morris
proche-orient-beyrouth-waterworks-b81067,beyrouthwaterworkscy,The Beyrouth Waterworks Cy,western-w,W.-T. Western,Western,W.-T.,administrateur,,,1,,,"Eaux, électricité (utilities)",Syrie-Liban,Proche-Orient,preamble,conseil_heading,W.-T. Western
proche-orient-beyrouth-waterworks-b81067,beyrouthwaterworkscy,The Beyrouth Waterworks Cy,douglas-a,A. C. B. Douglas,Douglas,A. C. B.,administrateur,,,1,,,"Eaux, électricité (utilities)",Syrie-Liban,Proche-Orient,preamble,conseil_heading,A. C. B. Douglas
proche-orient-ch-de-fer-cilicie-6899a9,exploitaitoncheminfercilicie,Société d'exploitaiton Chemin de fer de Cilicie,guibert-l-leonce,Léonce Guibert,Guibert,Léonce,administrateur,1922,1914_1929,1,"La Journée industrielle, 19 août 1922",,Transports terrestres,Syrie-Liban,Proche-Orient,citation,premiers_admin,Léonce Guibert
proche-orient-ch-de-fer-cilicie-6899a9,exploitaitoncheminfercilicie,Société d'exploitaiton Chemin de fer de Cilicie,chaussees,Chaussées,Chaussées,,administrateur,1922,1914_1929,1,"La Journée industrielle, 19 août 1922",,Transports terrestres,Syrie-Liban,Proche-Orient,citation,premiers_admin,Chaussées
proche-orient-ch-de-fer-cilicie-6899a9,exploitaitoncheminfercilicie,Société d'exploitaiton Chemin de fer de Cilicie,boissiere-g,Gustave Boissière,Boissière,Gustave,administrateur,1922,1914_1929,1,"La Journée industrielle, 19 août 1922",,Transports terrestres,Syrie-Liban,Proche-Orient,citation,premiers_admin,Gustave Boissière
proche-orient-ch-de-fer-cilicie-6899a9,exploitaitoncheminfercilicie,Société d'exploitaiton Chemin de fer de Cilicie,roudy-a,Athanase Roudy,Roudy,Athanase,administrateur,1922,1914_1929,1,"La Journée industrielle, 19 août 1922",,Transports terrestres,Syrie-Liban,Proche-Orient,citation,premiers_admin,Athanase Roudy
proche-orient-ch-de-fer-cilicie-6899a9,exploitaitoncheminfercilicie,Société d'exploitaiton Chemin de fer de Cilicie,lion-l,Louis Lion,Lion,Louis,administrateur,1922,1914_1929,1,"La Journée industrielle, 19 août 1922",,Transports terrestres,Syrie-Liban,Proche-Orient,citation,premiers_admin,Louis Lion
proche-orient-ch-de-fer-cilicie-6899a9,exploitaitoncheminfercilicie,Société d'exploitaiton Chemin de fer de Cilicie,cerjat-c,Charles Cerjat,Cerjat,Charles,administrateur,1922,1914_1929,1,"La Journée industrielle, 19 août 1922",Banque ottomane,Transports terrestres,Syrie-Liban,Proche-Orient,citation,premiers_admin,Charles Cerjat [Banque ottomane]
proche-orient-ch-de-fer-cilicie-6899a9,exploitaitoncheminfercilicie,Société d'exploitaiton Chemin de fer de Cilicie,saliandrouze-de-lamornaix-c,Charles Saliandrouze de Lamornaix 1,Saliandrouze de Lamornaix 1,Charles,administrateur,1922,1914_1929,1,"La Journée industrielle, 19 août 1922",,Transports terrestres,Syrie-Liban,Proche-Orient,citation,premiers_admin,Charles Saliandrouze de Lamornaix 1
proche-orient-ch-de-fer-cilicie-6899a9,exploitaitoncheminfercilicie,Société d'exploitaiton Chemin de fer de Cilicie,vitali-g,Georges Vitali,Vitali,Georges,administrateur,1922,1914_1929,1,"La Journée industrielle, 19 août 1922",,Transports terrestres,Syrie-Liban,Proche-Orient,citation,premiers_admin,Georges Vitali
proche-orient-ch-de-fer-cilicie-6899a9,exploitaitoncheminfercilicie,Société d'exploitaiton Chemin de fer de Cilicie,rebuffel-c,Charles Rebuffel,Rebuffel,Charles,administrateur,1922,1914_1929,1,"La Journée industrielle, 19 août 1922",Grands Travaux de Marseille (GTM),Transports terrestres,Syrie-Liban,Proche-Orient,citation,premiers_admin,Charles Rebuffel [Grands Travaux de Marseille (GTM)]
proche-orient-ch-de-fer-cilicie-6899a9,exploitaitoncheminfercilicie,Société d'exploitaiton Chemin de fer de Cilicie,guibert-l-leonce,Léonce Guibert,Guibert,Léonce,administrateur,1925,1914_1929,1,Annuaire industriel 1925,,Transports terrestres,Syrie-Liban,Proche-Orient,directory_entry,adm_abbrev,MM. Léonce Guibert
proche-orient-ch-de-fer-cilicie-6899a9,exploitaitoncheminfercilicie,Société d'exploitaiton Chemin de fer de Cilicie,boissiere-g,Gustave Boissière,Boissière,Gustave,administrateur,1925,1914_1929,1,Annuaire industriel 1925,Bq ottomane,Transports terrestres,Syrie-Liban,Proche-Orient,directory_entry,adm_abbrev,Gustave Boissière [Bq ottomane]
proche-orient-ch-de-fer-cilicie-6899a9,exploitaitoncheminfercilicie,Société d'exploitaiton Chemin de fer de Cilicie,roudy-a,Roudy,Roudy,,administrateur,1925,1914_1929,1,Annuaire industriel 1925,Anathase,Transports terrestres,Syrie-Liban,Proche-Orient,directory_entry,adm_abbrev,[Anathase] Roudy
proche-orient-ch-de-fer-cilicie-6899a9,exploitaitoncheminfercilicie,Société d'exploitaiton Chemin de fer de Cilicie,lion-l,Louis Lion,Lion,Louis,administrateur,1925,1914_1929,1,Annuaire industriel 1925,,Transports terrestres,Syrie-Liban,Proche-Orient,directory_entry,adm_abbrev,Louis Lion
proche-orient-ch-de-fer-cilicie-6899a9,exploitaitoncheminfercilicie,Société d'exploitaiton Chemin de fer de Cilicie,cerjat-c,Charles Cerjat,Cerjat,Charles,administrateur,1925,1914_1929,1,Annuaire industriel 1925,Bq ottomane,Transports terrestres,Syrie-Liban,Proche-Orient,directory_entry,adm_abbrev,Charles Cerjat [Bq ottomane]
proche-orient-ch-de-fer-cilicie-6899a9,exploitaitoncheminfercilicie,Société d'exploitaiton Chemin de fer de Cilicie,sallandrouze-de-lamornaix-c,Charles Sallandrouze de Lamornaix,Sallandrouze de Lamornaix,Charles,administrateur,1925,1914_1929,1,Annuaire industriel 1925,,Transports terrestres,Syrie-Liban,Proche-Orient,directory_entry,adm_abbrev,Charles Sallandrouze de Lamornaix
proche-orient-ch-de-fer-cilicie-6899a9,exploitaitoncheminfercilicie,Société d'exploitaiton Chemin de fer de Cilicie,vitali-g,Georges Vitali,Vitali,Georges,administrateur,1925,1914_1929,1,Annuaire industriel 1925,RGCF,Transports terrestres,Syrie-Liban,Proche-Orient,directory_entry,adm_abbrev,Georges Vitali [RGCF]
proche-orient-ch-de-fer-cilicie-6899a9,exploitaitoncheminfercilicie,Société d'exploitaiton Chemin de fer de Cilicie,rebuffel-c,Charles Rebuffel,Rebuffel,Charles,administrateur,1925,1914_1929,1,Annuaire industriel 1925,42.- Z-385,Transports terrestres,Syrie-Liban,Proche-Orient,directory_entry,adm_abbrev,Charles Rebuffel. (42.- Z-385)
proche-orient-ch-fer-jaffa-jerusalem-65442c,cheminferottomanjaffajerusalemprolongements,Société du Chemin de fer ottoman de Jaffa à Jérusalem et prolongements,barrot-f-frederic,Frédéric Barrot,Barrot,Frédéric,administrateur,1892,pre_1914,1,"Le Gaulois, 27 septembre 1892",,Transports terrestres,Syrie-Liban,Proche-Orient,citation,conseil_compose,2° Frédéric Barrot
proche-orient-ch-fer-jaffa-jerusalem-65442c,cheminferottomanjaffajerusalemprolongements,Société du Chemin de fer ottoman de Jaffa à Jérusalem et prolongements,navon-effendi-y,Youssouf Navon Effendi,Navon Effendi,Youssouf,administrateur,1892,pre_1914,1,"Le Gaulois, 27 septembre 1892",,Transports terrestres,Syrie-Liban,Proche-Orient,citation,conseil_compose,4° Youssouf Navon Effendi
proche-orient-ch-fer-jaffa-jerusalem-65442c,cheminferottomanjaffajerusalemprolongements,Société du Chemin de fer ottoman de Jaffa à Jérusalem et prolongements,frutiger-j,Jean Frutiger,Frutiger,Jean,administrateur,1892,pre_1914,1,"Le Gaulois, 27 septembre 1892",,Transports terrestres,Syrie-Liban,Proche-Orient,citation,conseil_compose,5° Jean Frutiger
proche-orient-ch-fer-jaffa-jerusalem-65442c,cheminferottomanjaffajerusalemprolongements,Société du Chemin de fer ottoman de Jaffa à Jérusalem et prolongements,de-guerle,De Guerle,De Guerle,,administrateur,1892,pre_1914,1,"Le Gaulois, 27 septembre 1892",,Transports terrestres,Syrie-Liban,Proche-Orient,citation,conseil_compose,6° De Guerle
proche-orient-ch-fer-jaffa-jerusalem-65442c,cheminferottomanjaffajerusalemprolongements,Société du Chemin de fer ottoman de Jaffa à Jérusalem et prolongements,de-foucault,De Foucault,De Foucault,,administrateur,1892,pre_1914,1,"Le Gaulois, 27 septembre 1892",,Transports terrestres,Syrie-Liban,Proche-Orient,citation,conseil_compose,7° De Foucault
proche-orient-ch-fer-jaffa-jerusalem-65442c,cheminferottomanjaffajerusalemprolongements,Société du Chemin de fer ottoman de Jaffa à Jérusalem et prolongements,collas-c,C. Collas,Collas,C.,administrateur,1937,1930_1944,1,"Paris, 1950-Paris, 1937",,Transports terrestres,Syrie-Liban,Proche-Orient,citation,admin_label,MM. C. Collas
proche-orient-ch-fer-jaffa-jerusalem-65442c,cheminferottomanjaffajerusalemprolongements,Société du Chemin de fer ottoman de Jaffa à Jérusalem et prolongements,mahou-l,L. Mahoû,Mahoû,L.,administrateur,1937,1930_1944,1,"Paris, 1950-Paris, 1937",,Transports terrestres,Syrie-Liban,Proche-Orient,citation,admin_label,L. Mahoû
proche-orient-ch-fer-jaffa-jerusalem-65442c,cheminferottomanjaffajerusalemprolongements,Société du Chemin de fer ottoman de Jaffa à Jérusalem et prolongements,fr-barrot,Fr. Barrot,Fr. Barrot,,administrateur,1937,1930_1944,1,"Paris, 1950-Paris, 1937",,Transports terrestres,Syrie-Liban,Proche-Orient,citation,admin_label,Fr. Barrot
proche-orient-ch-fer-jaffa-jerusalem-65442c,cheminferottomanjaffajerusalemprolongements,Société du Chemin de fer ottoman de Jaffa à Jérusalem et prolongements,youssouf-navon-effendi,Youssouf-Navon Effendi,Youssouf-Navon Effendi,,administrateur,1937,1930_1944,1,"Paris, 1950-Paris, 1937",,Transports terrestres,Syrie-Liban,Proche-Orient,citation,admin_label,Youssouf-Navon Effendi
proche-orient-ch-fer-jaffa-jerusalem-65442c,cheminferottomanjaffajerusalemprolongements,Société du Chemin de fer ottoman de Jaffa à Jérusalem et prolongements,frutiger-j,J. Frutiger,Frutiger,J.,administrateur,1937,1930_1944,1,"Paris, 1950-Paris, 1937",,Transports terrestres,Syrie-Liban,Proche-Orient,citation,admin_label,J. Frutiger
proche-orient-cotonniere-de-syrie-aa6a38,cotonnieresyrieidlib,"Société Cotonnière de Syrie, Idlib",dollfus-m,Max Dollfus,Dollfus,Max,administrateur,1929,1914_1929,1,"L'Information financière, économique et politique, 5 septembre 1929",,Sociétés diverses,Syrie-Liban,Proche-Orient,citation,conseil_compose,MM. Max Dollfus
proche-orient-cotonniere-de-syrie-aa6a38,cotonnieresyrieidlib,"Société Cotonnière de Syrie, Idlib",goudchaux-m-michel,Michel Goudchaux,Goudchaux,Michel,administrateur,1929,1914_1929,1,"L'Information financière, économique et politique, 5 septembre 1929",,Sociétés diverses,Syrie-Liban,Proche-Orient,citation,conseil_compose,Michel Goudchaux
proche-orient-credit-foncier-syrie-2835f2,creditfonciersyrie,Crédit foncier de Syrie,lebon,Lebon,Lebon,,administrateur,1919,1914_1929,1,"La Cote de la Bourse et de la banque, 17 juillet 1919",,Banques et sociétés financières,Syrie-Liban,Proche-Orient,citation,conseil_colon,MM. Lebon
proche-orient-credit-foncier-syrie-2835f2,creditfonciersyrie,Crédit foncier de Syrie,sainsere-o,Sainsère,Sainsère,,administrateur,1919,1914_1929,1,"La Cote de la Bourse et de la banque, 17 juillet 1919",,Banques et sociétés financières,Syrie-Liban,Proche-Orient,citation,conseil_colon,Sainsère
proche-orient-credit-foncier-syrie-2835f2,creditfonciersyrie,Crédit foncier de Syrie,eid,Eid,Eid,,administrateur,1919,1914_1929,1,"La Cote de la Bourse et de la banque, 17 juillet 1919",,Banques et sociétés financières,Syrie-Liban,Proche-Orient,citation,conseil_colon,Eid
proche-orient-credit-foncier-syrie-2835f2,creditfonciersyrie,Crédit foncier de Syrie,petit,Petit,Petit,,administrateur,1919,1914_1929,1,"La Cote de la Bourse et de la banque, 17 juillet 1919",,Banques et sociétés financières,Syrie-Liban,Proche-Orient,citation,conseil_colon,Petit
proche-orient-credit-foncier-syrie-2835f2,creditfonciersyrie,Crédit foncier de Syrie,jacobs,Jacobs,Jacobs,,administrateur,1919,1914_1929,1,"La Cote de la Bourse et de la banque, 17 juillet 1919",,Banques et sociétés financières,Syrie-Liban,Proche-Orient,citation,conseil_colon,Jacobs
proche-orient-credit-foncier-syrie-2835f2,creditfonciersyrie,Crédit foncier de Syrie,gendre-e,Édouard Gendre,Gendre,Édouard,administrateur,1921,1914_1929,1,"La Correspondance d’Orient, 15 août 1921",,Banques et sociétés financières,Syrie-Liban,Proche-Orient,citation,admin_label,M. Édouard Gendre
proche-orient-credit-foncier-syrie-2835f2,creditfonciersyrie,Crédit foncier de Syrie,jacobs-f,Frédéric Jacobs,Jacobs,Frédéric,administrateur,1921,1914_1929,1,"La Correspondance d’Orient, 15 août 1921",,Banques et sociétés financières,Syrie-Liban,Proche-Orient,citation,admin_label,M. Frédéric Jacobs
proche-orient-credit-foncier-syrie-2835f2,creditfonciersyrie,Crédit foncier de Syrie,de-jardin-f,Fernand de Jardin,de Jardin,Fernand,administrateur,1921,1914_1929,1,"La Correspondance d’Orient, 15 août 1921",,Banques et sociétés financières,Syrie-Liban,Proche-Orient,citation,admin_label,M. Fernand de Jardin
proche-orient-credit-foncier-syrie-2835f2,creditfonciersyrie,Crédit foncier de Syrie,orosdi-l,Léon Orosdi,Orosdi,Léon,administrateur,1921,1914_1929,1,"La Correspondance d’Orient, 15 août 1921",,Banques et sociétés financières,Syrie-Liban,Proche-Orient,citation,admin_label,M. Léon Orosdi
proche-orient-credit-foncier-syrie-2835f2,creditfonciersyrie,Crédit foncier de Syrie,philippar-p,Paul Philippar,Philippar,Paul,administrateur,1921,1914_1929,1,"La Correspondance d’Orient, 15 août 1921",,Banques et sociétés financières,Syrie-Liban,Proche-Orient,citation,admin_label,M. Paul Philippar
proche-orient-credit-foncier-syrie-2835f2,creditfonciersyrie,Crédit foncier de Syrie,regnault-e,Eugène Regnault,Regnault,Eugène,administrateur,1921,1914_1929,1,"La Correspondance d’Orient, 15 août 1921",,Banques et sociétés financières,Syrie-Liban,Proche-Orient,citation,admin_label,M. Eugène Regnault
proche-orient-credit-foncier-syrie-2835f2,creditfonciersyrie,Crédit foncier de Syrie,saint-rene-taillandier-g,Saint-René Taillandier,Saint-René Taillandier,,administrateur,1921,1914_1929,1,"La Correspondance d’Orient, 15 août 1921",Georges,Banques et sociétés financières,Syrie-Liban,Proche-Orient,citation,admin_label,M. [Georges] Saint-René Taillandier
proche-orient-credit-foncier-syrie-2835f2,creditfonciersyrie,Crédit foncier de Syrie,sainsere-o,Olivier Sainsère,Sainsère,Olivier,administrateur,1921,1914_1929,1,"La Correspondance d’Orient, 15 août 1921",,Banques et sociétés financières,Syrie-Liban,Proche-Orient,citation,admin_label,M. Olivier Sainsère
proche-orient-credit-foncier-syrie-2835f2,creditfonciersyrie,Crédit foncier de Syrie,jourdanne-a,Alfred Jourdanne,Jourdanne,Alfred,administrateur,1921,1914_1929,1,"La Correspondance d’Orient, 15 août 1921",,Banques et sociétés financières,Syrie-Liban,Proche-Orient,citation,admin_label,M Alfred Jourdanne
proche-orient-credit-foncier-syrie-2835f2,creditfonciersyrie,Crédit foncier de Syrie,terrier-a,Auguste Terrier,Terrier,Auguste,administrateur,1921,1914_1929,1,"La Correspondance d’Orient, 15 août 1921",,Banques et sociétés financières,Syrie-Liban,Proche-Orient,citation,admin_label,M. Auguste Terrier
proche-orient-credit-foncier-syrie-2835f2,creditfonciersyrie,Crédit foncier de Syrie,secretaire-general-du-comite-de-l-afrique-francais,secrétaire général du Comité de l'Afrique française,secrétaire général du Comité de l'Afrique française,,administrateur,1921,1914_1929,1,"La Correspondance d’Orient, 15 août 1921",et censeur du Crédit foncier d'Algérie et de Tunisie,Banques et sociétés financières,Syrie-Liban,Proche-Orient,citation,admin_label,secrétaire général du Comité de l'Afrique française [et censeur du Crédit foncier d'Algérie et de Tunisie]
proche-orient-damas-hamah-prolong-41513d,cheminferdamashamahprolongements,Chemin de fer Damas-Hamah et prolongements,bourlon-de-sarty-p,Paul Bourlon de Sarty,Bourlon de Sarty,Paul,administrateur,1901,pre_1914,1,"Le Journal des débats, 20 juin 1901",Bq ottomane,Transports terrestres,Syrie-Liban,Proche-Orient,citation,nommes_admin,MM. Paul Bourlon de Sarty [Bq ottomane]
proche-orient-damas-hamah-prolong-41513d,cheminferdamashamahprolongements,Chemin de fer Damas-Hamah et prolongements,genebrias-de-fredaigue-g,Génébrias de Fredaigue,Génébrias de Fredaigue,,administrateur,1906,pre_1914,1,"Recueil financier belge, 1906, p. 607",,Transports terrestres,Syrie-Liban,Proche-Orient,citation,bare_administrateurs,Génébrias de Fredaigue
proche-orient-damas-hamah-prolong-41513d,cheminferdamashamahprolongements,Chemin de fer Damas-Hamah et prolongements,pdt-leon-berger,pdt Léon Berger,pdt Léon Berger,,administrateur,1906,pre_1914,1,"Recueil financier belge, 1906, p. 607",,Transports terrestres,Syrie-Liban,Proche-Orient,citation,bare_administrateurs,pdt Léon Berger
proche-orient-damas-hamah-prolong-41513d,cheminferdamashamahprolongements,Chemin de fer Damas-Hamah et prolongements,v-pdt-selim-pacha-melhame,v.-pdt Sélim Pacha Melhamé,v.-pdt Sélim Pacha Melhamé,,administrateur,1906,pre_1914,1,"Recueil financier belge, 1906, p. 607",,Transports terrestres,Syrie-Liban,Proche-Orient,citation,bare_administrateurs,v.-pdt Sélim Pacha Melhamé
proche-orient-damas-hamah-prolong-41513d,cheminferdamashamahprolongements,Chemin de fer Damas-Hamah et prolongements,vice-pdt-r-emond,vice-pdt R. Emond,vice-pdt R. Emond,,administrateur,1906,pre_1914,1,"Recueil financier belge, 1906, p. 607",,Transports terrestres,Syrie-Liban,Proche-Orient,citation,bare_administrateurs,vice-pdt R. Emond
proche-orient-damas-hamah-prolong-41513d,cheminferdamashamahprolongements,Chemin de fer Damas-Hamah et prolongements,genebrias-de-fredaigue-g,Génébrias de Fredaigue,Génébrias de Fredaigue,,administrateur,1909,pre_1914,1,"Le Journal des débats, 29 octobre 1909",,Transports terrestres,Syrie-Liban,Proche-Orient,citation,conseil_heading,Génébrias de Fredaigue
proche-orient-damas-hamah-prolong-41513d,cheminferdamashamahprolongements,Chemin de fer Damas-Hamah et prolongements,pdt-sallandrouze-de-lamornais,pdt Sallandrouze de Lamornais,pdt Sallandrouze de Lamornais,,administrateur,1909,pre_1914,1,"Le Journal des débats, 29 octobre 1909",,Transports terrestres,Syrie-Liban,Proche-Orient,citation,conseil_heading,pdt Sallandrouze de Lamornais
proche-orient-damas-hamah-prolong-41513d,cheminferdamashamahprolongements,Chemin de fer Damas-Hamah et prolongements,v-pdt-gaston-auboyneau,v.-pdt Gaston Auboyneau,v.-pdt Gaston Auboyneau,,administrateur,1909,pre_1914,1,"Le Journal des débats, 29 octobre 1909",,Transports terrestres,Syrie-Liban,Proche-Orient,citation,conseil_heading,v.-pdt Gaston Auboyneau
proche-orient-damas-hamah-prolong-41513d,cheminferdamashamahprolongements,Chemin de fer Damas-Hamah et prolongements,carraby-c,Calixte Carraby,Carraby,Calixte,administrateur,1909,pre_1914,1,"Le Journal des débats, 29 octobre 1909",,Transports terrestres,Syrie-Liban,Proche-Orient,citation,conseil_heading,Calixte Carraby
proche-orient-damas-hamah-prolong-41513d,cheminferdamashamahprolongements,Chemin de fer Damas-Hamah et prolongements,delaunay-rene-emond-f,F. Delaunay René Emond,Delaunay René Emond,F.,administrateur,1909,pre_1914,1,"Le Journal des débats, 29 octobre 1909",sic: Allain-Launay,Transports terrestres,Syrie-Liban,Proche-Orient,citation,conseil_heading,F. Delaunay[sic: Allain-Launay] René Emond
proche-orient-damas-hamah-prolong-41513d,cheminferdamashamahprolongements,Chemin de fer Damas-Hamah et prolongements,habert-georges-mallet-alexis-rey-g,Gustave Habert Georges Mallet Alexis Rey,Habert Georges Mallet Alexis Rey,Gustave,administrateur,1909,pre_1914,1,"Le Journal des débats, 29 octobre 1909",,Transports terrestres,Syrie-Liban,Proche-Orient,citation,conseil_heading,Gustave Habert Georges Mallet Alexis Rey
proche-orient-damas-hamah-prolong-41513d,cheminferdamashamahprolongements,Chemin de fer Damas-Hamah et prolongements,perpignani-m,Marc Perpignani,Perpignani,Marc,administrateur,1909,pre_1914,1,"Le Journal des débats, 29 octobre 1909",censeur du Smyrne-Cassaba,Transports terrestres,Syrie-Liban,Proche-Orient,citation,conseil_heading,Marc Perpignani [censeur du Smyrne-Cassaba]
proche-orient-damas-hamah-prolong-41513d,cheminferdamashamahprolongements,Chemin de fer Damas-Hamah et prolongements,sallandrouze-de-lamornaix,Sallandrouze de Lamornaix,Sallandrouze de Lamornaix,,administrateur,1914,1914_1929,1,Annuaire Desfossés 1914,,Transports terrestres,Syrie-Liban,Proche-Orient,directory_entry,conseil_compose,Sallandrouze de Lamornaix
proche-orient-damas-hamah-prolong-41513d,cheminferdamashamahprolongements,Chemin de fer Damas-Hamah et prolongements,rey-a,A. Rey,Rey,A.,administrateur,1914,1914_1929,1,Annuaire Desfossés 1914,,Transports terrestres,Syrie-Liban,Proche-Orient,directory_entry,conseil_compose,A. Rey
proche-orient-damas-hamah-prolong-41513d,cheminferdamashamahprolongements,Chemin de fer Damas-Hamah et prolongements,carraby-c,Carraby,Carraby,,administrateur,1914,1914_1929,1,Annuaire Desfossés 1914,,Transports terrestres,Syrie-Liban,Proche-Orient,directory_entry,conseil_compose,Carraby
proche-orient-damas-hamah-prolong-41513d,cheminferdamashamahprolongements,Chemin de fer Damas-Hamah et prolongements,revoil-p,P. Révoil,Révoil,P.,administrateur,1914,1914_1929,1,Annuaire Desfossés 1914,,Transports terrestres,Syrie-Liban,Proche-Orient,directory_entry,conseil_compose,P. Révoil
proche-orient-damas-hamah-prolong-41513d,cheminferdamashamahprolongements,Chemin de fer Damas-Hamah et prolongements,mallet-g,G. Mallet,Mallet,G.,administrateur,1914,1914_1929,1,Annuaire Desfossés 1914,,Transports terrestres,Syrie-Liban,Proche-Orient,directory_entry,conseil_compose,G. Mallet
proche-orient-damas-hamah-prolong-41513d,cheminferdamashamahprolongements,Chemin de fer Damas-Hamah et prolongements,delaunay-f,F. Delaunay,Delaunay,F.,administrateur,1914,1914_1929,1,Annuaire Desfossés 1914,,Transports terrestres,Syrie-Liban,Proche-Orient,directory_entry,conseil_compose,F. Delaunay
proche-orient-damas-hamah-prolong-41513d,cheminferdamashamahprolongements,Chemin de fer Damas-Hamah et prolongements,salem,Salem,Salem,,administrateur,1914,1914_1929,1,Annuaire Desfossés 1914,,Transports terrestres,Syrie-Liban,Proche-Orient,directory_entry,conseil_compose,Salem
proche-orient-damas-hamah-prolong-41513d,cheminferdamashamahprolongements,Chemin de fer Damas-Hamah et prolongements,bey-r,Razi Bey,Bey,Razi,administrateur,1914,1914_1929,1,Annuaire Desfossés 1914,,Transports terrestres,Syrie-Liban,Proche-Orient,directory_entry,conseil_compose,Razi Bey
proche-orient-damas-hamah-prolong-41513d,cheminferdamashamahprolongements,Chemin de fer Damas-Hamah et prolongements,sallandrouze-de-lamornaix,Sallandrouze de Lamornaix,Sallandrouze de Lamornaix,,administrateur,1920,1914_1929,1,Annuaire Desfossés 1920,,Transports terrestres,Syrie-Liban,Proche-Orient,directory_entry,conseil_compose,Sallandrouze de Lamornaix
proche-orient-damas-hamah-prolong-41513d,cheminferdamashamahprolongements,Chemin de fer Damas-Hamah et prolongements,rey-a,A. Rey,Rey,A.,administrateur,1920,1914_1929,1,Annuaire Desfossés 1920,,Transports terrestres,Syrie-Liban,Proche-Orient,directory_entry,conseil_compose,A. Rey
proche-orient-damas-hamah-prolong-41513d,cheminferdamashamahprolongements,Chemin de fer Damas-Hamah et prolongements,carraby-c,Carraby,Carraby,,administrateur,1920,1914_1929,1,Annuaire Desfossés 1920,,Transports terrestres,Syrie-Liban,Proche-Orient,directory_entry,conseil_compose,Carraby
proche-orient-damas-hamah-prolong-41513d,cheminferdamashamahprolongements,Chemin de fer Damas-Hamah et prolongements,blanche-p,P. Blanche,Blanche,P.,administrateur,1920,1914_1929,1,Annuaire Desfossés 1920,,Transports terrestres,Syrie-Liban,Proche-Orient,directory_entry,conseil_compose,P. Blanche
proche-orient-damas-hamah-prolong-41513d,cheminferdamashamahprolongements,Chemin de fer Damas-Hamah et prolongements,mallet-g,G. Mallet,Mallet,G.,administrateur,1920,1914_1929,1,Annuaire Desfossés 1920,,Transports terrestres,Syrie-Liban,Proche-Orient,directory_entry,conseil_compose,G. Mallet
proche-orient-damas-hamah-prolong-41513d,cheminferdamashamahprolongements,Chemin de fer Damas-Hamah et prolongements,delaunay-f,F. Delaunay,Delaunay,F.,administrateur,1920,1914_1929,1,Annuaire Desfossés 1920,,Transports terrestres,Syrie-Liban,Proche-Orient,directory_entry,conseil_compose,F. Delaunay
proche-orient-damas-hamah-prolong-41513d,cheminferdamashamahprolongements,Chemin de fer Damas-Hamah et prolongements,salem,Salem,Salem,,administrateur,1920,1914_1929,1,Annuaire Desfossés 1920,,Transports terrestres,Syrie-Liban,Proche-Orient,directory_entry,conseil_compose,Salem
proche-orient-damas-hamah-prolong-41513d,cheminferdamashamahprolongements,Chemin de fer Damas-Hamah et prolongements,bey-r,Razi Bey,Bey,Razi,administrateur,1920,1914_1929,1,Annuaire Desfossés 1920,,Transports terrestres,Syrie-Liban,Proche-Orient,directory_entry,conseil_compose,Razi Bey
proche-orient-damas-hamah-prolong-41513d,cheminferdamashamahprolongements,Chemin de fer Damas-Hamah et prolongements,sallandrouze-de-lamornaix,Sallandrouze de Lamornaix,Sallandrouze de Lamornaix,,administrateur,1929,1914_1929,1,Annuaire Desfossés 1929,,Transports terrestres,Syrie-Liban,Proche-Orient,directory_entry,conseil_compose,Sallandrouze de Lamornaix
proche-orient-damas-hamah-prolong-41513d,cheminferdamashamahprolongements,Chemin de fer Damas-Hamah et prolongements,briere-p,P. Brière,Brière,P.,administrateur,1929,1914_1929,1,Annuaire Desfossés 1929,,Transports terrestres,Syrie-Liban,Proche-Orient,directory_entry,conseil_compose,P. Brière
proche-orient-damas-hamah-prolong-41513d,cheminferdamashamahprolongements,Chemin de fer Damas-Hamah et prolongements,chenut-l,L. Chenut,Chenut,L.,administrateur,1929,1914_1929,1,Annuaire Desfossés 1929,,Transports terrestres,Syrie-Liban,Proche-Orient,directory_entry,conseil_compose,L. Chenut
proche-orient-damas-hamah-prolong-41513d,cheminferdamashamahprolongements,Chemin de fer Damas-Hamah et prolongements,rey-a,A. Rey,Rey,A.,administrateur,1929,1914_1929,1,Annuaire Desfossés 1929,,Transports terrestres,Syrie-Liban,Proche-Orient,directory_entry,conseil_compose,A. Rey
proche-orient-damas-hamah-prolong-41513d,cheminferdamashamahprolongements,Chemin de fer Damas-Hamah et prolongements,blanche-p,P. Blanche,Blanche,P.,administrateur,1929,1914_1929,1,Annuaire Desfossés 1929,,Transports terrestres,Syrie-Liban,Proche-Orient,directory_entry,conseil_compose,P. Blanche
proche-orient-damas-hamah-prolong-41513d,cheminferdamashamahprolongements,Chemin de fer Damas-Hamah et prolongements,mallet-g,G. Mallet,Mallet,G.,administrateur,1929,1914_1929,1,Annuaire Desfossés 1929,,Transports terrestres,Syrie-Liban,Proche-Orient,directory_entry,conseil_compose,G. Mallet
proche-orient-damas-hamah-prolong-41513d,cheminferdamashamahprolongements,Chemin de fer Damas-Hamah et prolongements,delaunay-f,F. Delaunay,Delaunay,F.,administrateur,1929,1914_1929,1,Annuaire Desfossés 1929,,Transports terrestres,Syrie-Liban,Proche-Orient,directory_entry,conseil_compose,F. Delaunay
proche-orient-damas-hamah-prolong-41513d,cheminferdamashamahprolongements,Chemin de fer Damas-Hamah et prolongements,salem,Salem,Salem,,administrateur,1929,1914_1929,1,Annuaire Desfossés 1929,,Transports terrestres,Syrie-Liban,Proche-Orient,directory_entry,conseil_compose,Salem
proche-orient-damas-hamah-prolong-41513d,cheminferdamashamahprolongements,Chemin de fer Damas-Hamah et prolongements,lewandowski-m,Lewandowski,Lewandowski,,administrateur,1929,1914_1929,1,Annuaire Desfossés 1929,,Transports terrestres,Syrie-Liban,Proche-Orient,directory_entry,conseil_compose,Lewandowski
proche-orient-damas-hamah-prolong-41513d,cheminferdamashamahprolongements,Chemin de fer Damas-Hamah et prolongements,sallandrouze-de-lamornaix,Sallandrouze de Lamornaix,Sallandrouze de Lamornaix,,president,1933,1930_1944,1,Annuaire Desfossés 1933,,Transports terrestres,Syrie-Liban,Proche-Orient,directory_entry,conseil_compose,Sallandrouze de Lamornaix
proche-orient-damas-hamah-prolong-41513d,cheminferdamashamahprolongements,Chemin de fer Damas-Hamah et prolongements,briere-p,P. Brière,Brière,P.,president,1933,1930_1944,1,Annuaire Desfossés 1933,,Transports terrestres,Syrie-Liban,Proche-Orient,directory_entry,conseil_compose,P. Brière
proche-orient-damas-hamah-prolong-41513d,cheminferdamashamahprolongements,Chemin de fer Damas-Hamah et prolongements,chenut-l,L. Chenut,Chenut,L.,administrateur,1933,1930_1944,1,Annuaire Desfossés 1933,,Transports terrestres,Syrie-Liban,Proche-Orient,directory_entry,conseil_compose,L. Chenut
proche-orient-damas-hamah-prolong-41513d,cheminferdamashamahprolongements,Chemin de fer Damas-Hamah et prolongements,rey-a,A. Rey,Rey,A.,administrateur,1933,1930_1944,1,Annuaire Desfossés 1933,,Transports terrestres,Syrie-Liban,Proche-Orient,directory_entry,conseil_compose,A. Rey
proche-orient-damas-hamah-prolong-41513d,cheminferdamashamahprolongements,Chemin de fer Damas-Hamah et prolongements,blanche-p,P. Blanche,Blanche,P.,administrateur,1933,1930_1944,1,Annuaire Desfossés 1933,,Transports terrestres,Syrie-Liban,Proche-Orient,directory_entry,conseil_compose,P. Blanche
proche-orient-damas-hamah-prolong-41513d,cheminferdamashamahprolongements,Chemin de fer Damas-Hamah et prolongements,mallet-g,G. Mallet,Mallet,G.,administrateur,1933,1930_1944,1,Annuaire Desfossés 1933,,Transports terrestres,Syrie-Liban,Proche-Orient,directory_entry,conseil_compose,G. Mallet
proche-orient-damas-hamah-prolong-41513d,cheminferdamashamahprolongements,Chemin de fer Damas-Hamah et prolongements,salem,Salem,Salem,,administrateur,1933,1930_1944,1,Annuaire Desfossés 1933,,Transports terrestres,Syrie-Liban,Proche-Orient,directory_entry,conseil_compose,Salem
proche-orient-damas-hamah-prolong-41513d,cheminferdamashamahprolongements,Chemin de fer Damas-Hamah et prolongements,lewandowski-m,Lewandowski,Lewandowski,,administrateur,1933,1930_1944,1,Annuaire Desfossés 1933,,Transports terrestres,Syrie-Liban,Proche-Orient,directory_entry,conseil_compose,Lewandowski
proche-orient-damas-hamah-prolong-41513d,cheminferdamashamahprolongements,Chemin de fer Damas-Hamah et prolongements,boissiere-g,G. Boissière,Boissière,G.,administrateur,1933,1930_1944,1,Annuaire Desfossés 1933,,Transports terrestres,Syrie-Liban,Proche-Orient,directory_entry,conseil_compose,G. Boissière
proche-orient-damas-hamah-prolong-41513d,cheminferdamashamahprolongements,Chemin de fer Damas-Hamah et prolongements,bourgeois-d,D. Bourgeois,Bourgeois,D.,administrateur_delegue,1937,1930_1944,1,Annuaire Desfossés 1937,,Transports terrestres,Syrie-Liban,Proche-Orient,directory_entry,conseil_compose,D. Bourgeois
proche-orient-damas-hamah-prolong-41513d,cheminferdamashamahprolongements,Chemin de fer Damas-Hamah et prolongements,michon-coster-j,J. Michon- Coster,Michon- Coster,J.,administrateur,1937,1930_1944,1,Annuaire Desfossés 1937,,Transports terrestres,Syrie-Liban,Proche-Orient,directory_entry,conseil_compose,baron J. Michon- Coster
proche-orient-damas-hamah-prolong-41513d,cheminferdamashamahprolongements,Chemin de fer Damas-Hamah et prolongements,auboyneau-j,J. Auboyneau,Auboyneau,J.,administrateur,1937,1930_1944,1,Annuaire Desfossés 1937,,Transports terrestres,Syrie-Liban,Proche-Orient,directory_entry,conseil_compose,J. Auboyneau
proche-orient-damas-hamah-prolong-41513d,cheminferdamashamahprolongements,Chemin de fer Damas-Hamah et prolongements,blanche-p,P. Blanche,Blanche,P.,administrateur,1937,1930_1944,1,Annuaire Desfossés 1937,,Transports terrestres,Syrie-Liban,Proche-Orient,directory_entry,conseil_compose,P. Blanche
proche-orient-damas-hamah-prolong-41513d,cheminferdamashamahprolongements,Chemin de fer Damas-Hamah et prolongements,boissiere-g,G. Boissière,Boissière,G.,administrateur,1937,1930_1944,1,Annuaire Desfossés 1937,,Transports terrestres,Syrie-Liban,Proche-Orient,directory_entry,conseil_compose,G. Boissière
proche-orient-damas-hamah-prolong-41513d,cheminferdamashamahprolongements,Chemin de fer Damas-Hamah et prolongements,de-bouthillier-chavigny-c,de Bouthillier- Chavigny,de Bouthillier- Chavigny,,administrateur,1937,1930_1944,1,Annuaire Desfossés 1937,,Transports terrestres,Syrie-Liban,Proche-Orient,directory_entry,conseil_compose,comte de Bouthillier- Chavigny
proche-orient-damas-hamah-prolong-41513d,cheminferdamashamahprolongements,Chemin de fer Damas-Hamah et prolongements,chenut-l,L. Chenut,Chenut,L.,administrateur,1937,1930_1944,1,Annuaire Desfossés 1937,,Transports terrestres,Syrie-Liban,Proche-Orient,directory_entry,conseil_compose,L. Chenut
proche-orient-damas-hamah-prolong-41513d,cheminferdamashamahprolongements,Chemin de fer Damas-Hamah et prolongements,lewandowski-m,Lewandowski,Lewandowski,,administrateur,1937,1930_1944,1,Annuaire Desfossés 1937,,Transports terrestres,Syrie-Liban,Proche-Orient,directory_entry,conseil_compose,M. Lewandowski
proche-orient-damas-hamah-prolong-41513d,cheminferdamashamahprolongements,Chemin de fer Damas-Hamah et prolongements,roudy-a,A. Roudy,Roudy,A.,administrateur,1937,1930_1944,1,Annuaire Desfossés 1937,,Transports terrestres,Syrie-Liban,Proche-Orient,directory_entry,conseil_compose,A. Roudy
proche-orient-damas-hamah-prolong-41513d,cheminferdamashamahprolongements,Chemin de fer Damas-Hamah et prolongements,emm-salem,Emm. Salem,Emm. Salem,,administrateur,1937,1930_1944,1,Annuaire Desfossés 1937,,Transports terrestres,Syrie-Liban,Proche-Orient,directory_entry,conseil_compose,Emm. Salem
proche-orient-damas-hamah-prolong-41513d,cheminferdamashamahprolongements,Chemin de fer Damas-Hamah et prolongements,dufour-de-la-thuilerie,Dufour de la Thuilerie,Dufour de la Thuilerie,,administrateur,1937,1930_1944,1,Annuaire Desfossés 1937,,Transports terrestres,Syrie-Liban,Proche-Orient,directory_entry,conseil_compose,Dufour de la Thuilerie
proche-orient-damas-hamah-prolong-41513d,cheminferdamashamahprolongements,Chemin de fer Damas-Hamah et prolongements,cte-de-cerjat,Cte de Cerjat,Cte de Cerjat,,president,1940,1930_1944,1,Annuaire Desfossés 1940,,Transports terrestres,Syrie-Liban,Proche-Orient,directory_entry,conseil_compose,Cte de Cerjat
proche-orient-damas-hamah-prolong-41513d,cheminferdamashamahprolongements,Chemin de fer Damas-Hamah et prolongements,bourgeois-d,D. Bourgeois,Bourgeois,D.,administrateur_delegue,1940,1930_1944,1,Annuaire Desfossés 1940,,Transports terrestres,Syrie-Liban,Proche-Orient,directory_entry,conseil_compose,D. Bourgeois
proche-orient-damas-hamah-prolong-41513d,cheminferdamashamahprolongements,Chemin de fer Damas-Hamah et prolongements,michon-coster-j,J. Michon-Coster,Michon-Coster,J.,administrateur,1940,1930_1944,1,Annuaire Desfossés 1940,,Transports terrestres,Syrie-Liban,Proche-Orient,directory_entry,conseil_compose,baron J. Michon-Coster
proche-orient-damas-hamah-prolong-41513d,cheminferdamashamahprolongements,Chemin de fer Damas-Hamah et prolongements,auboyneau-j,J. Auboyneau,Auboyneau,J.,administrateur,1940,1930_1944,1,Annuaire Desfossés 1940,,Transports terrestres,Syrie-Liban,Proche-Orient,directory_entry,conseil_compose,J. Auboyneau
proche-orient-damas-hamah-prolong-41513d,cheminferdamashamahprolongements,Chemin de fer Damas-Hamah et prolongements,blanche-p,P. Blanche,Blanche,P.,administrateur,1940,1930_1944,1,Annuaire Desfossés 1940,,Transports terrestres,Syrie-Liban,Proche-Orient,directory_entry,conseil_compose,P. Blanche
proche-orient-damas-hamah-prolong-41513d,cheminferdamashamahprolongements,Chemin de fer Damas-Hamah et prolongements,boissiere-g,G. Boissière,Boissière,G.,administrateur,1940,1930_1944,1,Annuaire Desfossés 1940,,Transports terrestres,Syrie-Liban,Proche-Orient,directory_entry,conseil_compose,G. Boissière
proche-orient-damas-hamah-prolong-41513d,cheminferdamashamahprolongements,Chemin de fer Damas-Hamah et prolongements,de-bouthillier-chavigny-c,de Bouthillier-Chavigny,de Bouthillier-Chavigny,,administrateur,1940,1930_1944,1,Annuaire Desfossés 1940,,Transports terrestres,Syrie-Liban,Proche-Orient,directory_entry,conseil_compose,comte de Bouthillier-Chavigny
proche-orient-damas-hamah-prolong-41513d,cheminferdamashamahprolongements,Chemin de fer Damas-Hamah et prolongements,chenut-l,L. Chenut,Chenut,L.,administrateur,1940,1930_1944,1,Annuaire Desfossés 1940,,Transports terrestres,Syrie-Liban,Proche-Orient,directory_entry,conseil_compose,L. Chenut
proche-orient-damas-hamah-prolong-41513d,cheminferdamashamahprolongements,Chemin de fer Damas-Hamah et prolongements,lewandowski-m,Lewandowski,Lewandowski,,administrateur,1940,1930_1944,1,Annuaire Desfossés 1940,,Transports terrestres,Syrie-Liban,Proche-Orient,directory_entry,conseil_compose,M. Lewandowski
proche-orient-damas-hamah-prolong-41513d,cheminferdamashamahprolongements,Chemin de fer Damas-Hamah et prolongements,roudy-a,A. Roudy,Roudy,A.,administrateur,1940,1930_1944,1,Annuaire Desfossés 1940,,Transports terrestres,Syrie-Liban,Proche-Orient,directory_entry,conseil_compose,A. Roudy
proche-orient-damas-hamah-prolong-41513d,cheminferdamashamahprolongements,Chemin de fer Damas-Hamah et prolongements,emm-salem,Emm. Salem,Emm. Salem,,administrateur,1940,1930_1944,1,Annuaire Desfossés 1940,,Transports terrestres,Syrie-Liban,Proche-Orient,directory_entry,conseil_compose,Emm. Salem
proche-orient-damas-hamah-prolong-41513d,cheminferdamashamahprolongements,Chemin de fer Damas-Hamah et prolongements,dufour-de-la-thuilerie,Dufour de la Thuilerie,Dufour de la Thuilerie,,administrateur,1940,1930_1944,1,Annuaire Desfossés 1940,,Transports terrestres,Syrie-Liban,Proche-Orient,directory_entry,conseil_compose,Dufour de la Thuilerie
proche-orient-damas-hamah-prolong-41513d,cheminferdamashamahprolongements,Chemin de fer Damas-Hamah et prolongements,marbeau,Marbeau,Marbeau,,administrateur,1940,1930_1944,1,Annuaire Desfossés 1940,,Transports terrestres,Syrie-Liban,Proche-Orient,directory_entry,conseil_compose,M. Marbeau
proche-orient-damas-hamah-prolong-41513d,cheminferdamashamahprolongements,Chemin de fer Damas-Hamah et prolongements,henry-greard-o,O. Henry- Gréard,Henry- Gréard,O.,president,1945,1945_1962,1,Annuaire Desfossés 1945,,Transports terrestres,Syrie-Liban,Proche-Orient,directory_entry,conseil_compose,O. Henry- Gréard
proche-orient-damas-hamah-prolong-41513d,cheminferdamashamahprolongements,Chemin de fer Damas-Hamah et prolongements,bourgeois-d,D. Bourgeois,Bourgeois,D.,administrateur,1945,1945_1962,1,Annuaire Desfossés 1945,,Transports terrestres,Syrie-Liban,Proche-Orient,directory_entry,conseil_compose,D. Bourgeois
proche-orient-damas-hamah-prolong-41513d,cheminferdamashamahprolongements,Chemin de fer Damas-Hamah et prolongements,berard,Berard,Berard,,administrateur,1945,1945_1962,1,Annuaire Desfossés 1945,,Transports terrestres,Syrie-Liban,Proche-Orient,directory_entry,conseil_compose,M. Berard
proche-orient-damas-hamah-prolong-41513d,cheminferdamashamahprolongements,Chemin de fer Damas-Hamah et prolongements,boissiere-g,G. Boissière,Boissière,G.,administrateur,1945,1945_1962,1,Annuaire Desfossés 1945,,Transports terrestres,Syrie-Liban,Proche-Orient,directory_entry,conseil_compose,G. Boissière
proche-orient-damas-hamah-prolong-41513d,cheminferdamashamahprolongements,Chemin de fer Damas-Hamah et prolongements,blanche-p,P. Blanche,Blanche,P.,administrateur,1945,1945_1962,1,Annuaire Desfossés 1945,,Transports terrestres,Syrie-Liban,Proche-Orient,directory_entry,conseil_compose,P. Blanche
proche-orient-damas-hamah-prolong-41513d,cheminferdamashamahprolongements,Chemin de fer Damas-Hamah et prolongements,boyer-j,J. Boyer,Boyer,J.,administrateur,1945,1945_1962,1,Annuaire Desfossés 1945,,Transports terrestres,Syrie-Liban,Proche-Orient,directory_entry,conseil_compose,J. Boyer
proche-orient-damas-hamah-prolong-41513d,cheminferdamashamahprolongements,Chemin de fer Damas-Hamah et prolongements,marbeau,Marbeau,Marbeau,,administrateur,1945,1945_1962,1,Annuaire Desfossés 1945,,Transports terrestres,Syrie-Liban,Proche-Orient,directory_entry,conseil_compose,M. Marbeau
proche-orient-damas-hamah-prolong-41513d,cheminferdamashamahprolongements,Chemin de fer Damas-Hamah et prolongements,roudy-a,A. Roudy,Roudy,A.,administrateur,1945,1945_1962,1,Annuaire Desfossés 1945,,Transports terrestres,Syrie-Liban,Proche-Orient,directory_entry,conseil_compose,A. Roudy
proche-orient-damas-hamah-prolong-41513d,cheminferdamashamahprolongements,Chemin de fer Damas-Hamah et prolongements,henry-greard-o,O. Henry-Gréard,Henry-Gréard,O.,president,1948,1945_1962,1,Annuaire Desfossés 1948,,Transports terrestres,Syrie-Liban,Proche-Orient,directory_entry,conseil_compose,O. Henry-Gréard
proche-orient-damas-hamah-prolong-41513d,cheminferdamashamahprolongements,Chemin de fer Damas-Hamah et prolongements,bourgeois-d,D. Bourgeois,Bourgeois,D.,administrateur,1948,1945_1962,1,Annuaire Desfossés 1948,,Transports terrestres,Syrie-Liban,Proche-Orient,directory_entry,conseil_compose,D. Bourgeois
proche-orient-damas-hamah-prolong-41513d,cheminferdamashamahprolongements,Chemin de fer Damas-Hamah et prolongements,bellet-f,F. Bellet,Bellet,F.,administrateur,1948,1945_1962,1,Annuaire Desfossés 1948,,Transports terrestres,Syrie-Liban,Proche-Orient,directory_entry,conseil_compose,F. Bellet
proche-orient-damas-hamah-prolong-41513d,cheminferdamashamahprolongements,Chemin de fer Damas-Hamah et prolongements,boissiere-g,G. Boissière,Boissière,G.,administrateur,1948,1945_1962,1,Annuaire Desfossés 1948,,Transports terrestres,Syrie-Liban,Proche-Orient,directory_entry,conseil_compose,G. Boissière
proche-orient-damas-hamah-prolong-41513d,cheminferdamashamahprolongements,Chemin de fer Damas-Hamah et prolongements,boyer-j,J. Boyer,Boyer,J.,administrateur,1948,1945_1962,1,Annuaire Desfossés 1948,,Transports terrestres,Syrie-Liban,Proche-Orient,directory_entry,conseil_compose,J. Boyer
proche-orient-damas-hamah-prolong-41513d,cheminferdamashamahprolongements,Chemin de fer Damas-Hamah et prolongements,roudy-a,A. Roudy,Roudy,A.,administrateur,1948,1945_1962,1,Annuaire Desfossés 1948,,Transports terrestres,Syrie-Liban,Proche-Orient,directory_entry,conseil_compose,A. Roudy
proche-orient-damas-hamah-prolong-41513d,cheminferdamashamahprolongements,Chemin de fer Damas-Hamah et prolongements,marbeau,Marbeau,Marbeau,,administrateur,1948,1945_1962,1,Annuaire Desfossés 1948,,Transports terrestres,Syrie-Liban,Proche-Orient,directory_entry,conseil_compose,M. Marbeau
proche-orient-damas-hamah-prolong-41513d,cheminferdamashamahprolongements,Chemin de fer Damas-Hamah et prolongements,henry-greard-o,O. Henry-Gréard,Henry-Gréard,O.,president_directeur_general,1953,1945_1962,1,Annuaire Desfossés 1953,,Transports terrestres,Syrie-Liban,Proche-Orient,directory_entry,conseil_compose,O. Henry-Gréard
proche-orient-damas-hamah-prolong-41513d,cheminferdamashamahprolongements,Chemin de fer Damas-Hamah et prolongements,bartholoni-a,A. Bartholoni,Bartholoni,A.,administrateur,1953,1945_1962,1,Annuaire Desfossés 1953,,Transports terrestres,Syrie-Liban,Proche-Orient,directory_entry,conseil_compose,A. Bartholoni
proche-orient-damas-hamah-prolong-41513d,cheminferdamashamahprolongements,Chemin de fer Damas-Hamah et prolongements,boyer-j,J. Boyer,Boyer,J.,administrateur,1953,1945_1962,1,Annuaire Desfossés 1953,,Transports terrestres,Syrie-Liban,Proche-Orient,directory_entry,conseil_compose,J. Boyer
proche-orient-damas-hamah-prolong-41513d,cheminferdamashamahprolongements,Chemin de fer Damas-Hamah et prolongements,fontaine-j,J. Fontaine,Fontaine,J.,administrateur,1953,1945_1962,1,Annuaire Desfossés 1953,,Transports terrestres,Syrie-Liban,Proche-Orient,directory_entry,conseil_compose,J. Fontaine
proche-orient-damas-hamah-prolong-41513d,cheminferdamashamahprolongements,Chemin de fer Damas-Hamah et prolongements,girard-j,J. Girard,Girard,J.,administrateur,1953,1945_1962,1,Annuaire Desfossés 1953,,Transports terrestres,Syrie-Liban,Proche-Orient,directory_entry,conseil_compose,J. Girard
proche-orient-damas-hamah-prolong-41513d,cheminferdamashamahprolongements,Chemin de fer Damas-Hamah et prolongements,lancrenon-j,J. Lancrenon,Lancrenon,J.,administrateur,1953,1945_1962,1,Annuaire Desfossés 1953,,Transports terrestres,Syrie-Liban,Proche-Orient,directory_entry,conseil_compose,J. Lancrenon
proche-orient-damas-hamah-prolong-41513d,cheminferdamashamahprolongements,Chemin de fer Damas-Hamah et prolongements,marbeau,Marbeau,Marbeau,,administrateur,1953,1945_1962,1,Annuaire Desfossés 1953,,Transports terrestres,Syrie-Liban,Proche-Orient,directory_entry,conseil_compose,M. Marbeau
proche-orient-eaux-de-beyrouth-153033,eauxbeyrouth,Compagnie des Eaux de Beyrouth,fernandez-i,Isaac Fernandez,Fernandez,Isaac,administrateur,1910,pre_1914,1,"Stamboul, 15 avril 1910",,"Eaux, électricité (utilities)",Syrie-Liban,Proche-Orient,citation,conseil_heading,Isaac Fernandez
proche-orient-eaux-de-beyrouth-153033,eauxbeyrouth,Compagnie des Eaux de Beyrouth,misk-n,Nasry Misk,Misk,Nasry,administrateur,1910,pre_1914,1,"Stamboul, 15 avril 1910",,"Eaux, électricité (utilities)",Syrie-Liban,Proche-Orient,citation,conseil_heading,Nasry Misk
proche-orient-eaux-de-beyrouth-153033,eauxbeyrouth,Compagnie des Eaux de Beyrouth,menasche-j,J. Menasché,Menasché,J.,administrateur,1910,pre_1914,1,"Stamboul, 15 avril 1910",,"Eaux, électricité (utilities)",Syrie-Liban,Proche-Orient,citation,conseil_heading,J. Menasché
proche-orient-eaux-de-beyrouth-153033,eauxbeyrouth,Compagnie des Eaux de Beyrouth,gautheron-a,André Gautheron,Gautheron,André,administrateur,1910,pre_1914,1,"Stamboul, 15 avril 1910",,"Eaux, électricité (utilities)",Syrie-Liban,Proche-Orient,citation,conseil_heading,André Gautheron
proche-orient-eaux-de-beyrouth-153033,eauxbeyrouth,Compagnie des Eaux de Beyrouth,sabbag-e,Elias Sabbag,Sabbag,Elias,administrateur,1910,pre_1914,1,"Stamboul, 15 avril 1910",,"Eaux, électricité (utilities)",Syrie-Liban,Proche-Orient,citation,conseil_heading,Elias Sabbag
proche-orient-eaux-de-beyrouth-153033,eauxbeyrouth,Compagnie des Eaux de Beyrouth,peter-m,Max Peter,Peter,Max,administrateur,1910,pre_1914,1,"Stamboul, 15 avril 1910",,"Eaux, électricité (utilities)",Syrie-Liban,Proche-Orient,citation,conseil_heading,Max Peter
proche-orient-eaux-de-beyrouth-153033,eauxbeyrouth,Compagnie des Eaux de Beyrouth,le-magoarou-a,A. Le Magoarou,Le Magoarou,A.,administrateur,1910,pre_1914,1,"Stamboul, 15 avril 1910",,"Eaux, électricité (utilities)",Syrie-Liban,Proche-Orient,citation,conseil_heading,A. Le Magoarou
proche-orient-eaux-de-beyrouth-153033,ottomaneeauxbeyrouth,Cie ottomane des Eaux de Beyrouth,sabbag-e,E. Sabbag,Sabbag,E.,administrateur,1914,1914_1929,1,Annuaire Desfossés 1914,,"Eaux, électricité (utilities)",Syrie-Liban,Proche-Orient,directory_entry,conseil_compose,E. Sabbag
proche-orient-eaux-de-beyrouth-153033,ottomaneeauxbeyrouth,Cie ottomane des Eaux de Beyrouth,cottarel-f,F. Cottarel,Cottarel,F.,administrateur,1914,1914_1929,1,Annuaire Desfossés 1914,,"Eaux, électricité (utilities)",Syrie-Liban,Proche-Orient,directory_entry,conseil_compose,F. Cottarel
proche-orient-eaux-de-beyrouth-153033,ottomaneeauxbeyrouth,Cie ottomane des Eaux de Beyrouth,misk-n,N. Misk,Misk,N.,administrateur,1914,1914_1929,1,Annuaire Desfossés 1914,,"Eaux, électricité (utilities)",Syrie-Liban,Proche-Orient,directory_entry,conseil_compose,N. Misk
proche-orient-eaux-de-beyrouth-153033,ottomaneeauxbeyrouth,Cie ottomane des Eaux de Beyrouth,sursock,Sursock,Sursock,,administrateur,1914,1914_1929,1,Annuaire Desfossés 1914,,"Eaux, électricité (utilities)",Syrie-Liban,Proche-Orient,directory_entry,conseil_compose,M. Sursock
proche-orient-eaux-de-beyrouth-153033,ottomaneeauxbeyrouth,Cie ottomane des Eaux de Beyrouth,tattarachi-o,O. Tattarachi,Tattarachi,O.,administrateur,1914,1914_1929,1,Annuaire Desfossés 1914,,"Eaux, électricité (utilities)",Syrie-Liban,Proche-Orient,directory_entry,conseil_compose,O. Tattarachi
proche-orient-eaux-de-beyrouth-153033,ottomaneeauxbeyrouth,Cie ottomane des Eaux de Beyrouth,eynard-c,C. Eynard,Eynard,C.,administrateur,1914,1914_1929,1,Annuaire Desfossés 1914,,"Eaux, électricité (utilities)",Syrie-Liban,Proche-Orient,directory_entry,conseil_compose,C. Eynard
proche-orient-electricite-beyrouth-20cd32,emmperettiroccapdt,"Emm. de Peretti de la Rocca, pdt",ch-h-renard,Ch.-H. Renard,Ch.-H. Renard,,commissaire_aux_comptes,1937,1930_1944,0,Annuaire Desfossés 1937,,"Eaux, électricité (utilities)",Syrie-Liban,Proche-Orient,directory_entry,commissaires,Ch.-H. Renard
proche-orient-electricite-beyrouth-20cd32,emmperettiroccapdt,"Emm. de Peretti de la Rocca, pdt",gros-p,P. Gros,Gros,P.,commissaire_aux_comptes,1937,1930_1944,0,Annuaire Desfossés 1937,,"Eaux, électricité (utilities)",Syrie-Liban,Proche-Orient,directory_entry,commissaires,P. Gros
proche-orient-electricite-d-alep-b97cb9,electricitealep,Électricité d'Alep,phillippar,Phillippar,Phillippar,,administrateur,1925,1914_1929,1,"Cote de la Bourse et de la banque, 20 janvier 1925",,"Eaux, électricité (utilities)",Syrie-Liban,Proche-Orient,citation,conseil_compose,MM. Phillippar
proche-orient-electricite-d-alep-b97cb9,electricitealep,Électricité d'Alep,palante-a,Palante,Palante,,administrateur,1925,1914_1929,1,"Cote de la Bourse et de la banque, 20 janvier 1925",,"Eaux, électricité (utilities)",Syrie-Liban,Proche-Orient,citation,conseil_compose,Palante
proche-orient-electricite-d-alep-b97cb9,electricitealep,Électricité d'Alep,passelecq-m,Passelecq,Passelecq,,administrateur,1925,1914_1929,1,"Cote de la Bourse et de la banque, 20 janvier 1925",,"Eaux, électricité (utilities)",Syrie-Liban,Proche-Orient,citation,conseil_compose,Passelecq
proche-orient-electricite-d-alep-b97cb9,electricitealep,Électricité d'Alep,lagasse-de-locht,Lagasse de Locht,Lagasse de Locht,,administrateur,1925,1914_1929,1,"Cote de la Bourse et de la banque, 20 janvier 1925",,"Eaux, électricité (utilities)",Syrie-Liban,Proche-Orient,citation,conseil_compose,Lagasse de Locht
proche-orient-electricite-d-alep-b97cb9,electricitealep,Électricité d'Alep,jourdanne,Jourdanne,Jourdanne,,administrateur,1925,1914_1929,1,"Cote de la Bourse et de la banque, 20 janvier 1925",,"Eaux, électricité (utilities)",Syrie-Liban,Proche-Orient,citation,conseil_compose,Jourdanne
proche-orient-electricite-d-alep-b97cb9,electricitealep,Électricité d'Alep,choublier-m,Choublier,Choublier,,administrateur,1925,1914_1929,1,"Cote de la Bourse et de la banque, 20 janvier 1925",,"Eaux, électricité (utilities)",Syrie-Liban,Proche-Orient,citation,conseil_compose,Choublier
proche-orient-electricite-d-alep-b97cb9,electricitealep,Électricité d'Alep,philippar-e,Edmond Philippar,Philippar,Edmond,administrateur,1925,1914_1929,1,"Le Temps, 17 août 1925",,"Eaux, électricité (utilities)",Syrie-Liban,Proche-Orient,citation,conseil_heading,PHILIPPAR (Edmond)
proche-orient-electricite-d-alep-b97cb9,electricitealep,Électricité d'Alep,philippar,Philippar,Philippar,,administrateur,1929,1914_1929,1,Annuaire Desfossés 1929,,"Eaux, électricité (utilities)",Syrie-Liban,Proche-Orient,directory_entry,conseil_compose,MM. Philippar
proche-orient-electricite-d-alep-b97cb9,electricitealep,Électricité d'Alep,ithier-g,Ithier,Ithier,,administrateur,1929,1914_1929,1,Annuaire Desfossés 1929,,"Eaux, électricité (utilities)",Syrie-Liban,Proche-Orient,directory_entry,conseil_compose,Ithier
proche-orient-electricite-d-alep-b97cb9,electricitealep,Électricité d'Alep,palante-a,Palante,Palante,,administrateur,1929,1914_1929,1,Annuaire Desfossés 1929,,"Eaux, électricité (utilities)",Syrie-Liban,Proche-Orient,directory_entry,conseil_compose,Palante
proche-orient-electricite-d-alep-b97cb9,electricitealep,Électricité d'Alep,adjouri-v,Adjouri,Adjouri,,administrateur,1929,1914_1929,1,Annuaire Desfossés 1929,,"Eaux, électricité (utilities)",Syrie-Liban,Proche-Orient,directory_entry,conseil_compose,Adjouri
proche-orient-electricite-d-alep-b97cb9,electricitealep,Électricité d'Alep,choublier-m,Choublier,Choublier,,administrateur,1929,1914_1929,1,Annuaire Desfossés 1929,,"Eaux, électricité (utilities)",Syrie-Liban,Proche-Orient,directory_entry,conseil_compose,Choublier
proche-orient-electricite-d-alep-b97cb9,electricitealep,Électricité d'Alep,jourdanne,Jourdanne,Jourdanne,,administrateur,1929,1914_1929,1,Annuaire Desfossés 1929,,"Eaux, électricité (utilities)",Syrie-Liban,Proche-Orient,directory_entry,conseil_compose,Jourdanne
proche-orient-electricite-d-alep-b97cb9,electricitealep,Électricité d'Alep,lagasse-de-locht,Lagasse de Locht,Lagasse de Locht,,administrateur,1929,1914_1929,1,Annuaire Desfossés 1929,,"Eaux, électricité (utilities)",Syrie-Liban,Proche-Orient,directory_entry,conseil_compose,Lagasse de Locht
proche-orient-electricite-d-alep-b97cb9,electricitealep,Électricité d'Alep,passelecq-m,Passelecq,Passelecq,,administrateur,1929,1914_1929,1,Annuaire Desfossés 1929,,"Eaux, électricité (utilities)",Syrie-Liban,Proche-Orient,directory_entry,conseil_compose,Passelecq
proche-orient-electricite-d-alep-b97cb9,electricitealep,Électricité d'Alep,piat-j,Piat,Piat,,administrateur,1929,1914_1929,1,Annuaire Desfossés 1929,,"Eaux, électricité (utilities)",Syrie-Liban,Proche-Orient,directory_entry,conseil_compose,Piat
proche-orient-electricite-d-alep-b97cb9,electricitealep,Électricité d'Alep,weyl,Weyl,Weyl,,administrateur,1929,1914_1929,1,Annuaire Desfossés 1929,,"Eaux, électricité (utilities)",Syrie-Liban,Proche-Orient,directory_entry,conseil_compose,Weyl
proche-orient-electricite-d-alep-b97cb9,electricitealep,Électricité d'Alep,bey-mudarris-f,Fouad Bey Mudarris,Bey Mudarris,Fouad,administrateur,1929,1914_1929,1,Annuaire Desfossés 1929,,"Eaux, électricité (utilities)",Syrie-Liban,Proche-Orient,directory_entry,conseil_compose,Fouad Bey Mudarris
proche-orient-electricite-d-alep-b97cb9,electricitealep,Électricité d'Alep,lorilleux-e,Encres Lorilleux,Lorilleux,Encres,administrateur,1930,1930_1944,1,"Le Journal des débats, 27 février 1930",,"Eaux, électricité (utilities)",Syrie-Liban,Proche-Orient,citation,conseil_compose,Encres Lorilleux
proche-orient-electricite-d-alep-b97cb9,electricitealep,Électricité d'Alep,philippar,Philippar,Philippar,,administrateur,1931,1930_1944,1,Annuaire Desfossés 1931,,"Eaux, électricité (utilities)",Syrie-Liban,Proche-Orient,directory_entry,conseil_compose,MM. Philippar
proche-orient-electricite-d-alep-b97cb9,electricitealep,Électricité d'Alep,ithier-g,Ithier,Ithier,,administrateur,1931,1930_1944,1,Annuaire Desfossés 1931,,"Eaux, électricité (utilities)",Syrie-Liban,Proche-Orient,directory_entry,conseil_compose,Ithier
proche-orient-electricite-d-alep-b97cb9,electricitealep,Électricité d'Alep,palante-a,Palante,Palante,,administrateur,1931,1930_1944,1,Annuaire Desfossés 1931,,"Eaux, électricité (utilities)",Syrie-Liban,Proche-Orient,directory_entry,conseil_compose,Palante
proche-orient-electricite-d-alep-b97cb9,electricitealep,Électricité d'Alep,adjouri-v,Adjouri,Adjouri,,administrateur,1931,1930_1944,1,Annuaire Desfossés 1931,,"Eaux, électricité (utilities)",Syrie-Liban,Proche-Orient,directory_entry,conseil_compose,Adjouri
proche-orient-electricite-d-alep-b97cb9,electricitealep,Électricité d'Alep,choublier-m,Choublier,Choublier,,administrateur,1931,1930_1944,1,Annuaire Desfossés 1931,,"Eaux, électricité (utilities)",Syrie-Liban,Proche-Orient,directory_entry,conseil_compose,Choublier
proche-orient-electricite-d-alep-b97cb9,electricitealep,Électricité d'Alep,jourdanne,Jourdanne,Jourdanne,,administrateur,1931,1930_1944,1,Annuaire Desfossés 1931,,"Eaux, électricité (utilities)",Syrie-Liban,Proche-Orient,directory_entry,conseil_compose,Jourdanne
proche-orient-electricite-d-alep-b97cb9,electricitealep,Électricité d'Alep,lagasse-de-locht,Lagasse de Locht,Lagasse de Locht,,administrateur,1931,1930_1944,1,Annuaire Desfossés 1931,,"Eaux, électricité (utilities)",Syrie-Liban,Proche-Orient,directory_entry,conseil_compose,Lagasse de Locht
proche-orient-electricite-d-alep-b97cb9,electricitealep,Électricité d'Alep,passelecq-m,Passelecq,Passelecq,,administrateur,1931,1930_1944,1,Annuaire Desfossés 1931,,"Eaux, électricité (utilities)",Syrie-Liban,Proche-Orient,directory_entry,conseil_compose,Passelecq
proche-orient-electricite-d-alep-b97cb9,electricitealep,Électricité d'Alep,piat-j,Piat,Piat,,administrateur,1931,1930_1944,1,Annuaire Desfossés 1931,,"Eaux, électricité (utilities)",Syrie-Liban,Proche-Orient,directory_entry,conseil_compose,Piat
proche-orient-electricite-d-alep-b97cb9,electricitealep,Électricité d'Alep,weyl,Weyl,Weyl,,administrateur,1931,1930_1944,1,Annuaire Desfossés 1931,,"Eaux, électricité (utilities)",Syrie-Liban,Proche-Orient,directory_entry,conseil_compose,Weyl
proche-orient-electricite-d-alep-b97cb9,electricitealep,Électricité d'Alep,bey-mudarris-f,Fouad Bey Mudarris,Bey Mudarris,Fouad,administrateur,1931,1930_1944,1,Annuaire Desfossés 1931,,"Eaux, électricité (utilities)",Syrie-Liban,Proche-Orient,directory_entry,conseil_compose,Fouad Bey Mudarris
proche-orient-electricite-d-alep-b97cb9,electricitealep,Électricité d'Alep,jourdanne,Jourdanne,Jourdanne,,president,1937,1930_1944,1,Annuaire Desfossés 1937,,"Eaux, électricité (utilities)",Syrie-Liban,Proche-Orient,directory_entry,conseil_compose,MM. Jourdanne
proche-orient-electricite-d-alep-b97cb9,electricitealep,Électricité d'Alep,ithier-g,Ithier,Ithier,,president,1937,1930_1944,1,Annuaire Desfossés 1937,,"Eaux, électricité (utilities)",Syrie-Liban,Proche-Orient,directory_entry,conseil_compose,Ithier
proche-orient-electricite-d-alep-b97cb9,electricitealep,Électricité d'Alep,palante-a,Palante,Palante,,administrateur_delegue,1937,1930_1944,1,Annuaire Desfossés 1937,,"Eaux, électricité (utilities)",Syrie-Liban,Proche-Orient,directory_entry,conseil_compose,Palante
proche-orient-electricite-d-alep-b97cb9,electricitealep,Électricité d'Alep,adjouri-v,Adjouri,Adjouri,,administrateur,1937,1930_1944,1,Annuaire Desfossés 1937,,"Eaux, électricité (utilities)",Syrie-Liban,Proche-Orient,directory_entry,conseil_compose,Adjouri
proche-orient-electricite-d-alep-b97cb9,electricitealep,Électricité d'Alep,lagasse-de-locht,Lagasse de Locht,Lagasse de Locht,,administrateur,1937,1930_1944,1,Annuaire Desfossés 1937,,"Eaux, électricité (utilities)",Syrie-Liban,Proche-Orient,directory_entry,conseil_compose,Lagasse de Locht
proche-orient-electricite-d-alep-b97cb9,electricitealep,Électricité d'Alep,passelecq-m,Passelecq,Passelecq,,administrateur,1937,1930_1944,1,Annuaire Desfossés 1937,,"Eaux, électricité (utilities)",Syrie-Liban,Proche-Orient,directory_entry,conseil_compose,Passelecq
proche-orient-electricite-d-alep-b97cb9,electricitealep,Électricité d'Alep,fougerolle,Fougerolle,Fougerolle,,administrateur,1937,1930_1944,1,Annuaire Desfossés 1937,,"Eaux, électricité (utilities)",Syrie-Liban,Proche-Orient,directory_entry,conseil_compose,Fougerolle
proche-orient-electricite-d-alep-b97cb9,electricitealep,Électricité d'Alep,renaudin,Renaudin,Renaudin,,administrateur,1937,1930_1944,1,Annuaire Desfossés 1937,,"Eaux, électricité (utilities)",Syrie-Liban,Proche-Orient,directory_entry,conseil_compose,Renaudin
proche-orient-electricite-d-alep-b97cb9,electricitealep,Électricité d'Alep,bricard,Bricard,Bricard,,administrateur,1937,1930_1944,1,Annuaire Desfossés 1937,,"Eaux, électricité (utilities)",Syrie-Liban,Proche-Orient,directory_entry,conseil_compose,Bricard
proche-orient-electricite-d-alep-b97cb9,electricitealep,Électricité d'Alep,sagot,Sagot,Sagot,,administrateur,1937,1930_1944,1,Annuaire Desfossés 1937,,"Eaux, électricité (utilities)",Syrie-Liban,Proche-Orient,directory_entry,conseil_compose,Sagot
proche-orient-electricite-d-alep-b97cb9,electricitealep,Électricité d'Alep,destombes-j,Destombes,Destombes,,administrateur,1937,1930_1944,1,Annuaire Desfossés 1937,,"Eaux, électricité (utilities)",Syrie-Liban,Proche-Orient,directory_entry,conseil_compose,Destombes
proche-orient-electricite-d-alep-b97cb9,electricitealep,Électricité d'Alep,renaudin,Renaudin,Renaudin,,president,1940,1930_1944,1,Annuaire Desfossés 1940,,"Eaux, électricité (utilities)",Syrie-Liban,Proche-Orient,directory_entry,conseil_compose,MM. Renaudin
proche-orient-electricite-d-alep-b97cb9,electricitealep,Électricité d'Alep,ithier-g,Ithier,Ithier,,president,1940,1930_1944,1,Annuaire Desfossés 1940,,"Eaux, électricité (utilities)",Syrie-Liban,Proche-Orient,directory_entry,conseil_compose,Ithier
proche-orient-electricite-d-alep-b97cb9,electricitealep,Électricité d'Alep,palante-a,Palante,Palante,,administrateur_delegue,1940,1930_1944,1,Annuaire Desfossés 1940,,"Eaux, électricité (utilities)",Syrie-Liban,Proche-Orient,directory_entry,conseil_compose,Palante
proche-orient-electricite-d-alep-b97cb9,electricitealep,Électricité d'Alep,fougerolle,Fougerolle,Fougerolle,,administrateur,1940,1930_1944,1,Annuaire Desfossés 1940,,"Eaux, électricité (utilities)",Syrie-Liban,Proche-Orient,directory_entry,conseil_compose,Fougerolle
proche-orient-electricite-d-alep-b97cb9,electricitealep,Électricité d'Alep,frege-v,Frégé,Frégé,,administrateur,1940,1930_1944,1,Annuaire Desfossés 1940,,"Eaux, électricité (utilities)",Syrie-Liban,Proche-Orient,directory_entry,conseil_compose,Frégé
proche-orient-electricite-d-alep-b97cb9,electricitealep,Électricité d'Alep,lagasse-de-locht,Lagasse de Locht,Lagasse de Locht,,administrateur,1940,1930_1944,1,Annuaire Desfossés 1940,,"Eaux, électricité (utilities)",Syrie-Liban,Proche-Orient,directory_entry,conseil_compose,Lagasse de Locht
proche-orient-electricite-d-alep-b97cb9,electricitealep,Électricité d'Alep,bricard,Bricard,Bricard,,administrateur,1940,1930_1944,1,Annuaire Desfossés 1940,,"Eaux, électricité (utilities)",Syrie-Liban,Proche-Orient,directory_entry,conseil_compose,Bricard
proche-orient-electricite-d-alep-b97cb9,electricitealep,Électricité d'Alep,sagot,Sagot,Sagot,,administrateur,1940,1930_1944,1,Annuaire Desfossés 1940,,"Eaux, électricité (utilities)",Syrie-Liban,Proche-Orient,directory_entry,conseil_compose,Sagot
proche-orient-electricite-d-alep-b97cb9,electricitealep,Électricité d'Alep,destombes-j,Destombes,Destombes,,administrateur,1940,1930_1944,1,Annuaire Desfossés 1940,,"Eaux, électricité (utilities)",Syrie-Liban,Proche-Orient,directory_entry,conseil_compose,Destombes
proche-orient-electricite-d-alep-b97cb9,electricitealep,Électricité d'Alep,palante-a,A. Palante,Palante,A.,president_directeur_general,1945,1945_1962,1,Annuaire Desfossés 1945,,"Eaux, électricité (utilities)",Syrie-Liban,Proche-Orient,directory_entry,conseil_compose,MM. A. Palante
proche-orient-electricite-d-alep-b97cb9,electricitealep,Électricité d'Alep,ithier-g,G. Ithier,Ithier,G.,president,1945,1945_1962,1,Annuaire Desfossés 1945,,"Eaux, électricité (utilities)",Syrie-Liban,Proche-Orient,directory_entry,conseil_compose,G. Ithier
proche-orient-electricite-d-alep-b97cb9,electricitealep,Électricité d'Alep,delphin-n,N. Delphin,Delphin,N.,administrateur,1945,1945_1962,1,Annuaire Desfossés 1945,,"Eaux, électricité (utilities)",Syrie-Liban,Proche-Orient,directory_entry,conseil_compose,N. Delphin
proche-orient-electricite-d-alep-b97cb9,electricitealep,Électricité d'Alep,frege-v,V. Frégé,Frégé,V.,administrateur,1945,1945_1962,1,Annuaire Desfossés 1945,,"Eaux, électricité (utilities)",Syrie-Liban,Proche-Orient,directory_entry,conseil_compose,V. Frégé
proche-orient-electricite-d-alep-b97cb9,electricitealep,Électricité d'Alep,lagasse-de-locht-v,V. Lagasse de Locht,Lagasse de Locht,V.,administrateur,1945,1945_1962,1,Annuaire Desfossés 1945,,"Eaux, électricité (utilities)",Syrie-Liban,Proche-Orient,directory_entry,conseil_compose,V. Lagasse de Locht
proche-orient-electricite-d-alep-b97cb9,electricitealep,Électricité d'Alep,blondaz-gerard-c,Blondaz-Gérard,Blondaz-Gérard,,administrateur,1945,1945_1962,1,Annuaire Desfossés 1945,,"Eaux, électricité (utilities)",Syrie-Liban,Proche-Orient,directory_entry,conseil_compose,Blondaz-Gérard
proche-orient-electricite-d-alep-b97cb9,electricitealep,Électricité d'Alep,destombes-j,Destombes,Destombes,,administrateur,1945,1945_1962,1,Annuaire Desfossés 1945,,"Eaux, électricité (utilities)",Syrie-Liban,Proche-Orient,directory_entry,conseil_compose,Destombes
proche-orient-electricite-d-alep-b97cb9,electricitealep,Électricité d'Alep,palante-a,A. Palante,Palante,A.,president_directeur_general,1948,1945_1962,1,Annuaire Desfossés 1948,,"Eaux, électricité (utilities)",Syrie-Liban,Proche-Orient,directory_entry,conseil_compose,MM. A. Palante
proche-orient-electricite-d-alep-b97cb9,electricitealep,Électricité d'Alep,ithier-g,G. Ithier,Ithier,G.,president,1948,1945_1962,1,Annuaire Desfossés 1948,,"Eaux, électricité (utilities)",Syrie-Liban,Proche-Orient,directory_entry,conseil_compose,G. Ithier
proche-orient-electricite-d-alep-b97cb9,electricitealep,Électricité d'Alep,delphin-n,N. Delphin,Delphin,N.,administrateur,1948,1945_1962,1,Annuaire Desfossés 1948,,"Eaux, électricité (utilities)",Syrie-Liban,Proche-Orient,directory_entry,conseil_compose,N. Delphin
proche-orient-electricite-d-alep-b97cb9,electricitealep,Électricité d'Alep,lagasse-de-locht-v,V. Lagasse de Locht,Lagasse de Locht,V.,administrateur,1948,1945_1962,1,Annuaire Desfossés 1948,,"Eaux, électricité (utilities)",Syrie-Liban,Proche-Orient,directory_entry,conseil_compose,V. Lagasse de Locht
proche-orient-electricite-d-alep-b97cb9,electricitealep,Électricité d'Alep,reclus-j,J. Reclus,Reclus,J.,administrateur,1948,1945_1962,1,Annuaire Desfossés 1948,,"Eaux, électricité (utilities)",Syrie-Liban,Proche-Orient,directory_entry,conseil_compose,J. Reclus
proche-orient-electricite-d-alep-b97cb9,electricitealep,Électricité d'Alep,perdreau-h,Perdreau,Perdreau,,administrateur,1948,1945_1962,1,Annuaire Desfossés 1948,,"Eaux, électricité (utilities)",Syrie-Liban,Proche-Orient,directory_entry,conseil_compose,Perdreau
proche-orient-electricite-d-alep-b97cb9,electricitealep,Électricité d'Alep,busson,Busson,Busson,,administrateur,1948,1945_1962,1,Annuaire Desfossés 1948,,"Eaux, électricité (utilities)",Syrie-Liban,Proche-Orient,directory_entry,conseil_compose,Busson
proche-orient-electricite-d-alep-b97cb9,electricitealep,Électricité d'Alep,hinedi,Hinedi,Hinedi,,administrateur,1948,1945_1962,1,Annuaire Desfossés 1948,,"Eaux, électricité (utilities)",Syrie-Liban,Proche-Orient,directory_entry,conseil_compose,Hinedi
proche-orient-electricite-d-alep-b97cb9,electricitealep,Électricité d'Alep,blondaz-gerard-c,Blondaz-Gérard,Blondaz-Gérard,,administrateur,1948,1945_1962,1,Annuaire Desfossés 1948,,"Eaux, électricité (utilities)",Syrie-Liban,Proche-Orient,directory_entry,conseil_compose,Blondaz-Gérard
proche-orient-fonciere-de-syrie-934541,foncieresyrie,Société foncière de Syrie,de-becdelievre-l,Louis de Becdelièvre,de Becdelièvre,Louis,administrateur,1922,1914_1929,1,"La Journée industrielle, 8 septembre 1922",,Banques et sociétés financières,Syrie-Liban,Proche-Orient,citation,premiers_admin,MM. Louis de Becdelièvre
proche-orient-fonciere-de-syrie-934541,foncieresyrie,Société foncière de Syrie,elion-de-la-celle,Élion de la Celle,Élion de la Celle,,administrateur,1922,1914_1929,1,"La Journée industrielle, 8 septembre 1922",,Banques et sociétés financières,Syrie-Liban,Proche-Orient,citation,premiers_admin,Élion de la Celle
proche-orient-fonciere-de-syrie-934541,foncieresyrie,Société foncière de Syrie,de-cressac-h,Henri de Cressac,de Cressac,Henri,administrateur,1922,1914_1929,1,"La Journée industrielle, 8 septembre 1922",,Banques et sociétés financières,Syrie-Liban,Proche-Orient,citation,premiers_admin,Henri de Cressac
proche-orient-fonciere-de-syrie-934541,foncieresyrie,Société foncière de Syrie,pres-marnay,près Marnay,près Marnay,,administrateur,1922,1914_1929,1,"La Journée industrielle, 8 septembre 1922",Vienne,Banques et sociétés financières,Syrie-Liban,Proche-Orient,citation,premiers_admin,près Marnay (Vienne)
proche-orient-fonciere-de-syrie-934541,foncieresyrie,Société foncière de Syrie,michel-seiim-cressaty,Michel-Séiim Cressaty,Michel-Séiim Cressaty,,administrateur,1922,1914_1929,1,"La Journée industrielle, 8 septembre 1922",,Banques et sociétés financières,Syrie-Liban,Proche-Orient,citation,premiers_admin,Michel-Séiim Cressaty
proche-orient-fonciere-de-syrie-934541,foncieresyrie,Société foncière de Syrie,charles-abbas,Charles-Abbas,Charles-Abbas,,administrateur,1922,1914_1929,1,"La Journée industrielle, 8 septembre 1922",rue,Banques et sociétés financières,Syrie-Liban,Proche-Orient,citation,premiers_admin,[rue] Charles-Abbas
proche-orient-fonciere-de-syrie-934541,foncieresyrie,Société foncière de Syrie,de-daran-j,Joseph de Daran,de Daran,Joseph,administrateur,1922,1914_1929,1,"La Journée industrielle, 8 septembre 1922",,Banques et sociétés financières,Syrie-Liban,Proche-Orient,citation,premiers_admin,Joseph de Daran
proche-orient-fonciere-de-syrie-934541,foncieresyrie,Société foncière de Syrie,ficatier-m,Maxime Ficatier,Ficatier,Maxime,administrateur,1922,1914_1929,1,"La Journée industrielle, 8 septembre 1922",,Banques et sociétés financières,Syrie-Liban,Proche-Orient,citation,premiers_admin,Maxime Ficatier
proche-orient-fonciere-de-syrie-934541,foncieresyrie,Société foncière de Syrie,chaussees,Chaussées,Chaussées,,administrateur,1922,1914_1929,1,"La Journée industrielle, 8 septembre 1922",,Banques et sociétés financières,Syrie-Liban,Proche-Orient,citation,premiers_admin,Chaussées
proche-orient-fonciere-de-syrie-934541,foncieresyrie,Société foncière de Syrie,de-goldlewski-j,Joseph de Goldlewski,de Goldlewski,Joseph,administrateur,1922,1914_1929,1,"La Journée industrielle, 8 septembre 1922",,Banques et sociétés financières,Syrie-Liban,Proche-Orient,citation,premiers_admin,Joseph de Goldlewski
proche-orient-fonciere-de-syrie-934541,foncieresyrie,Société foncière de Syrie,d-hugonneau-m,Martial d'Hugonneau,d'Hugonneau,Martial,administrateur,1922,1914_1929,1,"La Journée industrielle, 8 septembre 1922",,Banques et sociétés financières,Syrie-Liban,Proche-Orient,citation,premiers_admin,Martial d'Hugonneau
proche-orient-fonciere-de-syrie-934541,foncieresyrie,Société foncière de Syrie,commune-de-brigueil,commune de Brigueil,commune de Brigueil,,administrateur,1922,1914_1929,1,"La Journée industrielle, 8 septembre 1922",Charente,Banques et sociétés financières,Syrie-Liban,Proche-Orient,citation,premiers_admin,commune de Brigueil (Charente)
proche-orient-fonciere-de-syrie-934541,foncieresyrie,Société foncière de Syrie,de-suyrot-c,Charles de Suyrot,de Suyrot,Charles,administrateur,1922,1914_1929,1,"La Journée industrielle, 8 septembre 1922",,Banques et sociétés financières,Syrie-Liban,Proche-Orient,citation,premiers_admin,Charles de Suyrot
proche-orient-fonciere-de-syrie-934541,foncieresyrie,Société foncière de Syrie,commune-de-fontenay-le-cointe,commune de Fontenay-le-Cointe,commune de Fontenay-le-Cointe,,administrateur,1922,1914_1929,1,"La Journée industrielle, 8 septembre 1922",Vendée,Banques et sociétés financières,Syrie-Liban,Proche-Orient,citation,premiers_admin,commune de Fontenay-le-Cointe (Vendée)
proche-orient-fonciere-de-syrie-934541,comtecressatypdt,"Comte Cressaty, pdt",hartog-c,Ch. Hartog,Hartog,Ch.,commissaire_aux_comptes,1945,1945_1962,0,Annuaire Desfossés 1945,,Banques et sociétés financières,Syrie-Liban,Proche-Orient,directory_entry,commissaires,Ch. Hartog
proche-orient-fonciere-de-syrie-934541,comtecressatypdt,"Comte Cressaty, pdt",bolle-g,G. Bolle,Bolle,G.,commissaire_aux_comptes,1948,1945_1962,0,Annuaire Desfossés 1948,,Banques et sociétés financières,Syrie-Liban,Proche-Orient,directory_entry,commissaires,G. Bolle
proche-orient-fonciere-de-syrie-934541,comtecressatypdg,"Comte Cressaty, pdg",levasseur-e,E. Levasseur,Levasseur,E.,commissaire_aux_comptes,1953,1945_1962,0,Annuaire Desfossés 1953,,Banques et sociétés financières,Syrie-Liban,Proche-Orient,directory_entry,commissaires,E. Levasseur
proche-orient-fonciere-de-syrie-934541,comtecressatypdg,"Comte Cressaty, pdg",bolle-g,G. Bolle,Bolle,G.,commissaire_aux_comptes,1953,1945_1962,0,Annuaire Desfossés 1953,,Banques et sociétés financières,Syrie-Liban,Proche-Orient,directory_entry,commissaires,G. Bolle
proche-orient-francaise-du-levant-de8281,levant,Compagnie Française du Levant,capel-a,Arthur Capel,Capel,Arthur,administrateur,1919,1914_1929,1,"La Journée industrielle, 24 mai 1919",,Banques et sociétés financières,Syrie-Liban,Proche-Orient,citation,premiers_admin,MM. Arthur Capel
proche-orient-france-mediterranee-6d999c,francemediterranee1920,"Société France-Méditerranée, S.A., 1920",berard-m,Maurice Bérard,Bérard,Maurice,administrateur,1920,1914_1929,1,"La Journée industrielle, 15 septembre 1920",,"Transports maritimes, ports et docks",Syrie-Liban,Proche-Orient,citation,premiers_admin,MM. Maurice Bérard
proche-orient-france-mediterranee-6d999c,francemediterranee1920,"Société France-Méditerranée, S.A., 1920",chabrieres-m-maurice,Maurice Chabrières,Chabrières,Maurice,administrateur,1920,1914_1929,1,"La Journée industrielle, 15 septembre 1920",,"Transports maritimes, ports et docks",Syrie-Liban,Proche-Orient,citation,premiers_admin,Maurice Chabrières
proche-orient-france-mediterranee-6d999c,francemediterranee1920,"Société France-Méditerranée, S.A., 1920",alfred-meyer-borel-c,Charles- Alfred Meyer-Borel,Alfred Meyer-Borel,Charles-,administrateur,1920,1914_1929,1,"La Journée industrielle, 15 septembre 1920",,"Transports maritimes, ports et docks",Syrie-Liban,Proche-Orient,citation,premiers_admin,Charles- Alfred Meyer-Borel
proche-orient-france-mediterranee-6d999c,francemediterranee1920,"Société France-Méditerranée, S.A., 1920",morel-journel-g,Georges Morel-Journel,Morel-Journel,Georges,administrateur,1920,1914_1929,1,"La Journée industrielle, 15 septembre 1920",,"Transports maritimes, ports et docks",Syrie-Liban,Proche-Orient,citation,premiers_admin,Georges Morel-Journel
proche-orient-france-mediterranee-6d999c,francemediterranee1920,"Société France-Méditerranée, S.A., 1920",morel-journel-h,Henry Morel-Journel,Morel-Journel,Henry,administrateur,1920,1914_1929,1,"La Journée industrielle, 15 septembre 1920",,"Transports maritimes, ports et docks",Syrie-Liban,Proche-Orient,citation,premiers_admin,Henry Morel-Journel
proche-orient-gaz-de-beyrouth-043e34,ottomanegazbeyrouth,Société ottomane du Gaz de Beyrouth,sabbag-e,E. Sabbag,Sabbag,E.,president,1909,pre_1914,1,"Le Capitaliste, 6 mai 1909",,"Eaux, électricité (utilities)",Syrie-Liban,Proche-Orient,citation,conseil_heading,E. Sabbag
proche-orient-gaz-de-beyrouth-043e34,ottomanegazbeyrouth,Société ottomane du Gaz de Beyrouth,peter-m,Max Peter,Peter,Max,president,1909,pre_1914,1,"Le Capitaliste, 6 mai 1909",,"Eaux, électricité (utilities)",Syrie-Liban,Proche-Orient,citation,conseil_heading,Max Peter
proche-orient-gaz-de-beyrouth-043e34,ottomanegazbeyrouth,Société ottomane du Gaz de Beyrouth,misk-n,Nasry Misk,Misk,Nasry,administrateur,1909,pre_1914,1,"Le Capitaliste, 6 mai 1909",,"Eaux, électricité (utilities)",Syrie-Liban,Proche-Orient,citation,conseil_heading,Nasry Misk
proche-orient-gaz-de-beyrouth-043e34,ottomanegazbeyrouth,Société ottomane du Gaz de Beyrouth,menasche-j,J. Menasché,Menasché,J.,administrateur,1909,pre_1914,1,"Le Capitaliste, 6 mai 1909",,"Eaux, électricité (utilities)",Syrie-Liban,Proche-Orient,citation,conseil_heading,J. Menasché
proche-orient-gaz-de-beyrouth-043e34,ottomanegazbeyrouth,Société ottomane du Gaz de Beyrouth,sabbag-j,J. Sabbag,Sabbag,J.,administrateur,1909,pre_1914,1,"Le Capitaliste, 6 mai 1909",,"Eaux, électricité (utilities)",Syrie-Liban,Proche-Orient,citation,conseil_heading,J. Sabbag
proche-orient-gaz-de-beyrouth-043e34,ottomanegazbeyrouth,Société ottomane du Gaz de Beyrouth,blanc-c,Ch. Blanc,Blanc,Ch.,administrateur,1909,pre_1914,1,"Le Capitaliste, 6 mai 1909",,"Eaux, électricité (utilities)",Syrie-Liban,Proche-Orient,citation,conseil_heading,Ch. Blanc
proche-orient-gaz-de-beyrouth-043e34,ottomanegazbeyrouth,Société ottomane du Gaz de Beyrouth,kursaal-de-vichy-c,Casino Kursaal de Vichy,Kursaal de Vichy,Casino,administrateur,1936,1930_1944,1,"Les Documents politiques, février 1936",,"Eaux, électricité (utilities)",Syrie-Liban,Proche-Orient,citation,admin_label,Casino Kursaal de Vichy
proche-orient-gaz-de-beyrouth-043e34,ottomanegazbeyrouth,Société ottomane du Gaz de Beyrouth,gaz-de-beyrouth,Gaz de Beyrouth,Gaz de Beyrouth,,administrateur,1936,1930_1944,1,"Les Documents politiques, février 1936",,"Eaux, électricité (utilities)",Syrie-Liban,Proche-Orient,citation,admin_label,Gaz de Beyrouth
proche-orient-gaz-de-beyrouth-043e34,ottomanegazbeyrouth,Société ottomane du Gaz de Beyrouth,garage-du-roule-a-neuilly-g,Grand Garage du Roule à Neuilly,Garage du Roule à Neuilly,Grand,administrateur,1936,1930_1944,1,"Les Documents politiques, février 1936",1917,"Eaux, électricité (utilities)",Syrie-Liban,Proche-Orient,citation,admin_label,Grand Garage du Roule à Neuilly (1917)
proche-orient-grands-hotels-levant-811b18,grandshotelslevant,Grands Hôtels du Levant,philippar-e,Edmond Philippar,Philippar,Edmond,administrateur,1929,1914_1929,1,"La Journée industrielle, 13 juillet 1929",,Sociétés diverses,Syrie-Liban,Proche-Orient,citation,conseil_compose,MM. Edmond Philippar
proche-orient-grands-hotels-levant-811b18,grandshotelslevant,Grands Hôtels du Levant,berard-m,Maurice Bérard,Bérard,Maurice,administrateur,1929,1914_1929,1,"La Journée industrielle, 13 juillet 1929",,Sociétés diverses,Syrie-Liban,Proche-Orient,citation,conseil_compose,Maurice Bérard
proche-orient-grands-hotels-levant-811b18,grandshotelslevant,Grands Hôtels du Levant,liscoat-g,Gilbert Liscoat,Liscoat,Gilbert,administrateur,1929,1914_1929,1,"La Journée industrielle, 13 juillet 1929",,Sociétés diverses,Syrie-Liban,Proche-Orient,citation,conseil_compose,Gilbert Liscoat
proche-orient-grands-hotels-levant-811b18,grandshotelslevant,Grands Hôtels du Levant,express-europeens-g,Grands Express Européens,Express Européens,Grands,administrateur,1929,1914_1929,1,"La Journée industrielle, 13 juillet 1929",,Sociétés diverses,Syrie-Liban,Proche-Orient,citation,conseil_compose,Grands Express Européens
proche-orient-grands-hotels-levant-811b18,grandshotelslevant,Grands Hôtels du Levant,prolongements,Prolongements,Prolongements,,administrateur,1929,1914_1929,1,"La Journée industrielle, 13 juillet 1929",,Sociétés diverses,Syrie-Liban,Proche-Orient,citation,conseil_compose,Prolongements
proche-orient-industrielle-etats-levant-75e7f3,industrielleetatslevant,Société Industrielle des États du Levant,berard-m,Maurice-Robert Bérard,Bérard,Maurice-Robert,administrateur,1929,1914_1929,1,"La Journée industrielle, 8 mai 1929",,Sociétés diverses,Syrie-Liban,Proche-Orient,citation,premiers_admin,MM. Maurice-Robert Bérard
proche-orient-industrielle-etats-levant-75e7f3,industrielleetatslevant,Société Industrielle des États du Levant,bouscasse-f,Fernand-Daniel Bouscasse,Bouscasse,Fernand-Daniel,administrateur,1929,1914_1929,1,"La Journée industrielle, 8 mai 1929",,Sociétés diverses,Syrie-Liban,Proche-Orient,citation,premiers_admin,Fernand-Daniel Bouscasse
proche-orient-industrielle-etats-levant-75e7f3,industrielleetatslevant,Société Industrielle des États du Levant,ferasson-l-louis,Louis-Henri Férasson,Férasson,Louis-Henri,administrateur,1929,1914_1929,1,"La Journée industrielle, 8 mai 1929",,Sociétés diverses,Syrie-Liban,Proche-Orient,citation,premiers_admin,Louis-Henri Férasson
proche-orient-industrielle-etats-levant-75e7f3,industrielleetatslevant,Société Industrielle des États du Levant,gendre-e,Édouard Gendre,Gendre,Édouard,administrateur,1929,1914_1929,1,"La Journée industrielle, 8 mai 1929",,Sociétés diverses,Syrie-Liban,Proche-Orient,citation,premiers_admin,Édouard Gendre
proche-orient-industrielle-etats-levant-75e7f3,industrielleetatslevant,Société Industrielle des États du Levant,fournier-r-rene,René Fournier,Fournier,René,administrateur,1929,1914_1929,1,"La Journée industrielle, 8 mai 1929",,Sociétés diverses,Syrie-Liban,Proche-Orient,citation,premiers_admin,René Fournier
proche-orient-industrielle-etats-levant-75e7f3,industrielleetatslevant,Société Industrielle des États du Levant,glyptis,Glyptis,Glyptis,,administrateur,1929,1914_1929,1,"La Journée industrielle, 8 mai 1929",,Sociétés diverses,Syrie-Liban,Proche-Orient,citation,premiers_admin,Glyptis
proche-orient-industrielle-etats-levant-75e7f3,industrielleetatslevant,Société Industrielle des États du Levant,verge-p,Pierre-Charles Vergé,Vergé,Pierre-Charles,administrateur,1929,1914_1929,1,"La Journée industrielle, 8 mai 1929",,Sociétés diverses,Syrie-Liban,Proche-Orient,citation,premiers_admin,Pierre-Charles Vergé
proche-orient-libano-syrienne-tabacs-8ddb89,libanosyriennetabacs,Compagnie Libano-Syrienne des Tabacs,baviere-p-paul,Paul Bavière,Bavière,Paul,administrateur,1930,1930_1944,1,"La Journée industrielle, 25 octobre 1930",,Sociétés diverses,Syrie-Liban,Proche-Orient,citation,conseil_compose,MM. Paul Bavière
proche-orient-libano-syrienne-tabacs-8ddb89,libanosyriennetabacs,Compagnie Libano-Syrienne des Tabacs,berriat-j,Jean Berriat,Berriat,Jean,administrateur,1930,1930_1944,1,"La Journée industrielle, 25 octobre 1930",,Sociétés diverses,Syrie-Liban,Proche-Orient,citation,conseil_compose,Jean Berriat
proche-orient-libano-syrienne-tabacs-8ddb89,libanosyriennetabacs,Compagnie Libano-Syrienne des Tabacs,crouigneau-l,Léon Crouigneau,Crouigneau,Léon,administrateur,1930,1930_1944,1,"La Journée industrielle, 25 octobre 1930",,Sociétés diverses,Syrie-Liban,Proche-Orient,citation,conseil_compose,Léon Crouigneau
proche-orient-libano-syrienne-tabacs-8ddb89,libanosyriennetabacs,Compagnie Libano-Syrienne des Tabacs,jourdanne-a,Alfred Jourdanne,Jourdanne,Alfred,administrateur,1930,1930_1944,1,"La Journée industrielle, 25 octobre 1930",,Sociétés diverses,Syrie-Liban,Proche-Orient,citation,conseil_compose,Alfred Jourdanne
proche-orient-libano-syrienne-tabacs-8ddb89,libanosyriennetabacs,Compagnie Libano-Syrienne des Tabacs,lebon-r-remy,Rémy Lebon,Lebon,Rémy,administrateur,1930,1930_1944,1,"La Journée industrielle, 25 octobre 1930",,Sociétés diverses,Syrie-Liban,Proche-Orient,citation,conseil_compose,Rémy Lebon
proche-orient-libano-syrienne-tabacs-8ddb89,libanosyriennetabacs,Compagnie Libano-Syrienne des Tabacs,leheup-g,Gustave Leheup,Leheup,Gustave,administrateur,1930,1930_1944,1,"La Journée industrielle, 25 octobre 1930",,Sociétés diverses,Syrie-Liban,Proche-Orient,citation,conseil_compose,Gustave Leheup
proche-orient-libano-syrienne-tabacs-8ddb89,libanosyriennetabacs,Compagnie Libano-Syrienne des Tabacs,pahup-r,Robert Pahup,Pahup,Robert,administrateur,1930,1930_1944,1,"La Journée industrielle, 25 octobre 1930",,Sociétés diverses,Syrie-Liban,Proche-Orient,citation,conseil_compose,Robert Pahup
proche-orient-libano-syrienne-tabacs-8ddb89,libanosyriennetabacs,Compagnie Libano-Syrienne des Tabacs,petithuguenin-p,Paul Petithuguenin,Petithuguenin,Paul,administrateur,1930,1930_1944,1,"La Journée industrielle, 25 octobre 1930",,Sociétés diverses,Syrie-Liban,Proche-Orient,citation,conseil_compose,Paul Petithuguenin
proche-orient-libano-syrienne-tabacs-8ddb89,libanosyriennetabacs,Compagnie Libano-Syrienne des Tabacs,philippar-e,Edmond Philippar,Philippar,Edmond,administrateur,1930,1930_1944,1,"La Journée industrielle, 25 octobre 1930",,Sociétés diverses,Syrie-Liban,Proche-Orient,citation,conseil_compose,Edmond Philippar
proche-orient-libano-syrienne-tabacs-8ddb89,libanosyriennetabacs,Compagnie Libano-Syrienne des Tabacs,jourdanne-a,A. Jourdanne,Jourdanne,A.,administrateur,1935,1930_1944,1,"La Journée industrielle, 25 juin 1935",,Sociétés diverses,Syrie-Liban,Proche-Orient,citation,nommes_admin,MM. A. Jourdanne
proche-orient-meuniere-du-levant-c74122,meunierelevantdamasjaffa,"Société Meunière du Levant, Damas, Jaffa",baumann,Baumann,Baumann,,administrateur,1922,1914_1929,1,"Cote de la Bourse et de la banque, 20 janvier 1922",,Sociétés diverses,Syrie-Liban,Proche-Orient,citation,conseil_compose,MM. Baumann
proche-orient-meuniere-du-levant-c74122,meunierelevantdamasjaffa,"Société Meunière du Levant, Damas, Jaffa",abd-el-nour-a,Abd el Nour,Abd el Nour,,administrateur,1922,1914_1929,1,"Cote de la Bourse et de la banque, 20 janvier 1922",,Sociétés diverses,Syrie-Liban,Proche-Orient,citation,conseil_compose,Abd el Nour
proche-orient-meuniere-du-levant-c74122,meunierelevantdamasjaffa,"Société Meunière du Levant, Damas, Jaffa",bonnier,Bonnier,Bonnier,,administrateur,1922,1914_1929,1,"Cote de la Bourse et de la banque, 20 janvier 1922",,Sociétés diverses,Syrie-Liban,Proche-Orient,citation,conseil_compose,Bonnier
proche-orient-meuniere-du-levant-c74122,meunierelevantdamasjaffa,"Société Meunière du Levant, Damas, Jaffa",locat,Locat,Locat,,administrateur,1922,1914_1929,1,"Cote de la Bourse et de la banque, 20 janvier 1922",,Sociétés diverses,Syrie-Liban,Proche-Orient,citation,conseil_compose,Locat
proche-orient-meuniere-du-levant-c74122,meunierelevantdamasjaffa,"Société Meunière du Levant, Damas, Jaffa",samne-g,Samné,Samné,,administrateur,1922,1914_1929,1,"Cote de la Bourse et de la banque, 20 janvier 1922",,Sociétés diverses,Syrie-Liban,Proche-Orient,citation,conseil_compose,Samné
proche-orient-meuniere-du-levant-c74122,meunierelevantdamasjaffa,"Société Meunière du Levant, Damas, Jaffa",schuler-r,Schuler,Schuler,,administrateur,1922,1914_1929,1,"Cote de la Bourse et de la banque, 20 janvier 1922",,Sociétés diverses,Syrie-Liban,Proche-Orient,citation,conseil_compose,Schuler
proche-orient-meuniere-du-levant-c74122,meunierelevantdamasjaffa,"Société Meunière du Levant, Damas, Jaffa",sides-g,Sides,Sides,,administrateur,1922,1914_1929,1,"Cote de la Bourse et de la banque, 20 janvier 1922",,Sociétés diverses,Syrie-Liban,Proche-Orient,citation,conseil_compose,Sides
proche-orient-meuniere-du-levant-c74122,meunierelevantdamasjaffa,"Société Meunière du Levant, Damas, Jaffa",adjouri-v,Adjouri,Adjouri,,administrateur,1922,1914_1929,1,"Cote de la Bourse et de la banque, 20 janvier 1922",,Sociétés diverses,Syrie-Liban,Proche-Orient,citation,conseil_compose,Adjouri
proche-orient-meuniere-du-levant-c74122,meunierelevantdamasjaffa,"Société Meunière du Levant, Damas, Jaffa",fid,Fid,Fid,,administrateur,1922,1914_1929,1,"Cote de la Bourse et de la banque, 20 janvier 1922",,Sociétés diverses,Syrie-Liban,Proche-Orient,citation,conseil_compose,Fid
proche-orient-meuniere-du-levant-c74122,meunierelevantdamasjaffa,"Société Meunière du Levant, Damas, Jaffa",halbouni-a,Halbouni,Halbouni,,administrateur,1922,1914_1929,1,"Cote de la Bourse et de la banque, 20 janvier 1922",,Sociétés diverses,Syrie-Liban,Proche-Orient,citation,conseil_compose,Halbouni
proche-orient-meuniere-du-levant-c74122,meunierelevantdamasjaffa,"Société Meunière du Levant, Damas, Jaffa",issa-a,Issa,Issa,,administrateur,1922,1914_1929,1,"Cote de la Bourse et de la banque, 20 janvier 1922",,Sociétés diverses,Syrie-Liban,Proche-Orient,citation,conseil_compose,Issa
proche-orient-meuniere-du-levant-c74122,meunierelevantdamasjaffa,"Société Meunière du Levant, Damas, Jaffa",baumann-l,Lucien Baumann,Baumann,Lucien,administrateur,1922,1914_1929,1,"Cahiers coloniaux, 18 mars 1922",,Sociétés diverses,Syrie-Liban,Proche-Orient,citation,admin_label,MM. Lucien Baumann
proche-orient-meuniere-du-levant-c74122,meunierelevantdamasjaffa,"Société Meunière du Levant, Damas, Jaffa",abd-el-nour-a,Aldo Abd El Nour,Abd El Nour,Aldo,administrateur,1922,1914_1929,1,"Cahiers coloniaux, 18 mars 1922",,Sociétés diverses,Syrie-Liban,Proche-Orient,citation,admin_label,Aldo Abd El Nour
proche-orient-meuniere-du-levant-c74122,meunierelevantdamasjaffa,"Société Meunière du Levant, Damas, Jaffa",l-intendant-general-bonnier,l'intendant général Bonnier,l'intendant général Bonnier,,administrateur,1922,1914_1929,1,"Cahiers coloniaux, 18 mars 1922",,Sociétés diverses,Syrie-Liban,Proche-Orient,citation,admin_label,l'intendant général Bonnier
proche-orient-meuniere-du-levant-c74122,meunierelevantdamasjaffa,"Société Meunière du Levant, Damas, Jaffa",schuler-r,Robert Schuler,Schuler,Robert,administrateur,1922,1914_1929,1,"Cahiers coloniaux, 18 mars 1922",,Sociétés diverses,Syrie-Liban,Proche-Orient,citation,admin_label,Robert Schuler
proche-orient-meuniere-du-levant-c74122,meunierelevantdamasjaffa,"Société Meunière du Levant, Damas, Jaffa",sides-g,Gaston Sides,Sides,Gaston,administrateur,1922,1914_1929,1,"Cahiers coloniaux, 18 mars 1922",,Sociétés diverses,Syrie-Liban,Proche-Orient,citation,admin_label,Gaston Sides
proche-orient-meuniere-du-levant-c74122,meunierelevantdamasjaffa,"Société Meunière du Levant, Damas, Jaffa",adjouri-v,Victor Adjouri,Adjouri,Victor,administrateur,1922,1914_1929,1,"Cahiers coloniaux, 18 mars 1922",,Sociétés diverses,Syrie-Liban,Proche-Orient,citation,admin_label,Victor Adjouri
proche-orient-meuniere-du-levant-c74122,meunierelevantdamasjaffa,"Société Meunière du Levant, Damas, Jaffa",halbouni-a,Aref Halbouni,Halbouni,Aref,administrateur,1922,1914_1929,1,"Cahiers coloniaux, 18 mars 1922",,Sociétés diverses,Syrie-Liban,Proche-Orient,citation,admin_label,Aref Halbouni
proche-orient-meuniere-du-levant-c74122,meunierelevantdamasjaffa,"Société Meunière du Levant, Damas, Jaffa",issa-a,Alexandre Issa,Issa,Alexandre,administrateur,1922,1914_1929,1,"Cahiers coloniaux, 18 mars 1922",,Sociétés diverses,Syrie-Liban,Proche-Orient,citation,admin_label,Alexandre Issa
proche-orient-meuniere-du-levant-c74122,meunierelevantdamasjaffa,"Société Meunière du Levant, Damas, Jaffa",sabatier-a,Alfred Sabatier,Sabatier,Alfred,administrateur,1922,1914_1929,1,"Cahiers coloniaux, 18 mars 1922",,Sociétés diverses,Syrie-Liban,Proche-Orient,citation,admin_label,Alfred Sabatier
proche-orient-monts-de-piete-egyptiens-c1c0a2,banquepretsnantissementsmontspieteegyptiens,banque de prêts sur nantissements Société des monts-de-piété égyptiens,rostand-j,J. Rostand,Rostand,J.,administrateur,1925,1914_1929,1,Annuaire Desfossés 1925,,Banques et sociétés financières,Syrie-Liban,Proche-Orient,directory_entry,conseil_colon,MM. J. Rostand
proche-orient-monts-de-piete-egyptiens-c1c0a2,banquepretsnantissementsmontspieteegyptiens,banque de prêts sur nantissements Société des monts-de-piété égyptiens,monchicourt-c,Ch. Monchicourt,Monchicourt,Ch.,administrateur,1925,1914_1929,1,Annuaire Desfossés 1925,,Banques et sociétés financières,Syrie-Liban,Proche-Orient,directory_entry,conseil_colon,Ch. Monchicourt
proche-orient-monts-de-piete-egyptiens-c1c0a2,banquepretsnantissementsmontspieteegyptiens,banque de prêts sur nantissements Société des monts-de-piété égyptiens,dervieu-p,P. Dervieu,Dervieu,P.,administrateur,1925,1914_1929,1,Annuaire Desfossés 1925,,Banques et sociétés financières,Syrie-Liban,Proche-Orient,directory_entry,conseil_colon,P. Dervieu
proche-orient-monts-de-piete-egyptiens-c1c0a2,banquepretsnantissementsmontspieteegyptiens,banque de prêts sur nantissements Société des monts-de-piété égyptiens,allain,Allain,Allain,,administrateur,1925,1914_1929,1,Annuaire Desfossés 1925,,Banques et sociétés financières,Syrie-Liban,Proche-Orient,directory_entry,conseil_colon,M. Allain
proche-orient-monts-de-piete-egyptiens-c1c0a2,banquepretsnantissementsmontspieteegyptiens,banque de prêts sur nantissements Société des monts-de-piété égyptiens,monchicourt-a,A. Monchicourt,Monchicourt,A.,administrateur,1925,1914_1929,1,Annuaire Desfossés 1925,,Banques et sociétés financières,Syrie-Liban,Proche-Orient,directory_entry,conseil_colon,A. Monchicourt
proche-orient-monts-de-piete-egyptiens-c1c0a2,banquepretsnantissementsmontspieteegyptiens,banque de prêts sur nantissements Société des monts-de-piété égyptiens,maggiar-o,O. Maggiar,Maggiar,O.,administrateur,1925,1914_1929,1,Annuaire Desfossés 1925,,Banques et sociétés financières,Syrie-Liban,Proche-Orient,directory_entry,conseil_colon,O. Maggiar
proche-orient-monts-de-piete-egyptiens-c1c0a2,banquepretsnantissementsmontspieteegyptiens,banque de prêts sur nantissements Société des monts-de-piété égyptiens,cnep-u,CNEP,CNEP,,administrateur,1925,1914_1929,1,Annuaire Desfossés 1925,,Banques et sociétés financières,Syrie-Liban,Proche-Orient,directory_entry,conseil_colon,CNEP
proche-orient-monts-de-piete-egyptiens-c1c0a2,banquepretsnantissementsmontspieteegyptiens,banque de prêts sur nantissements Société des monts-de-piété égyptiens,rostand-j,J. Rostand,Rostand,J.,administrateur,1927,1914_1929,1,Annuaire Desfossés 1927,,Banques et sociétés financières,Syrie-Liban,Proche-Orient,directory_entry,conseil_colon,MM. J. Rostand
proche-orient-monts-de-piete-egyptiens-c1c0a2,banquepretsnantissementsmontspieteegyptiens,banque de prêts sur nantissements Société des monts-de-piété égyptiens,monchicourt-c,Ch. Monchicourt,Monchicourt,Ch.,administrateur,1927,1914_1929,1,Annuaire Desfossés 1927,,Banques et sociétés financières,Syrie-Liban,Proche-Orient,directory_entry,conseil_colon,Ch. Monchicourt
proche-orient-monts-de-piete-egyptiens-c1c0a2,banquepretsnantissementsmontspieteegyptiens,banque de prêts sur nantissements Société des monts-de-piété égyptiens,dervieu-p,P. Dervieu,Dervieu,P.,administrateur,1927,1914_1929,1,Annuaire Desfossés 1927,,Banques et sociétés financières,Syrie-Liban,Proche-Orient,directory_entry,conseil_colon,P. Dervieu
proche-orient-monts-de-piete-egyptiens-c1c0a2,banquepretsnantissementsmontspieteegyptiens,banque de prêts sur nantissements Société des monts-de-piété égyptiens,allain,Allain,Allain,,administrateur,1927,1914_1929,1,Annuaire Desfossés 1927,,Banques et sociétés financières,Syrie-Liban,Proche-Orient,directory_entry,conseil_colon,M. Allain
proche-orient-monts-de-piete-egyptiens-c1c0a2,banquepretsnantissementsmontspieteegyptiens,banque de prêts sur nantissements Société des monts-de-piété égyptiens,monchicourt-a,A. Monchicourt,Monchicourt,A.,administrateur,1927,1914_1929,1,Annuaire Desfossés 1927,,Banques et sociétés financières,Syrie-Liban,Proche-Orient,directory_entry,conseil_colon,A. Monchicourt
proche-orient-monts-de-piete-egyptiens-c1c0a2,banquepretsnantissementsmontspieteegyptiens,banque de prêts sur nantissements Société des monts-de-piété égyptiens,maggiar-o,O. Maggiar,Maggiar,O.,administrateur,1927,1914_1929,1,Annuaire Desfossés 1927,,Banques et sociétés financières,Syrie-Liban,Proche-Orient,directory_entry,conseil_colon,O. Maggiar
proche-orient-monts-de-piete-egyptiens-c1c0a2,banquepretsnantissementsmontspieteegyptiens,banque de prêts sur nantissements Société des monts-de-piété égyptiens,pierre-c,Ch. Pierre,Pierre,Ch.,administrateur,1927,1914_1929,1,Annuaire Desfossés 1927,,Banques et sociétés financières,Syrie-Liban,Proche-Orient,directory_entry,conseil_colon,Ch. Pierre
proche-orient-monts-de-piete-egyptiens-c1c0a2,banquepretsnantissementsmontspieteegyptiens,banque de prêts sur nantissements Société des monts-de-piété égyptiens,pyrites-de-huelva,Pyrites de Huelva,Pyrites de Huelva,,administrateur,1929,1914_1929,1,"Les Documents politiques, juin 1929",,Banques et sociétés financières,Syrie-Liban,Proche-Orient,citation,admin_label,Pyrites de Huelva
proche-orient-monts-de-piete-egyptiens-c1c0a2,banquepretsnantissementsmontspieteegyptiens,banque de prêts sur nantissements Société des monts-de-piété égyptiens,ateliers-de-la-gironde,Ateliers de la Gironde,Ateliers de la Gironde,,administrateur,1929,1914_1929,1,"Les Documents politiques, juin 1929",,Banques et sociétés financières,Syrie-Liban,Proche-Orient,citation,admin_label,Ateliers de la Gironde
proche-orient-monts-de-piete-egyptiens-c1c0a2,banquepretsnantissementsmontspieteegyptiens,banque de prêts sur nantissements Société des monts-de-piété égyptiens,en-commun-de-la-region-parisienne-t,Transports en commun de la région parisienne,en commun de la région parisienne,Transports,administrateur,1929,1914_1929,1,"Les Documents politiques, juin 1929",TCRP,Banques et sociétés financières,Syrie-Liban,Proche-Orient,citation,admin_label,Transports en commun de la région parisienne [TCRP]
proche-orient-monts-de-piete-egyptiens-c1c0a2,banquepretsnantissementsmontspieteegyptiens,banque de prêts sur nantissements Société des monts-de-piété égyptiens,egyptiens-m,Monts-de-piété égyptiens,égyptiens,Monts-de-piété,administrateur,1929,1914_1929,1,"Les Documents politiques, juin 1929",,Banques et sociétés financières,Syrie-Liban,Proche-Orient,citation,admin_label,Monts-de-piété égyptiens
proche-orient-monts-de-piete-egyptiens-c1c0a2,banquepretsnantissementsmontspieteegyptiens,banque de prêts sur nantissements Société des monts-de-piété égyptiens,rostand-j,J. Rostand,Rostand,J.,administrateur,1929,1914_1929,1,Annuaire Desfossés 1929,,Banques et sociétés financières,Syrie-Liban,Proche-Orient,directory_entry,conseil_colon,MM. J. Rostand
proche-orient-monts-de-piete-egyptiens-c1c0a2,banquepretsnantissementsmontspieteegyptiens,banque de prêts sur nantissements Société des monts-de-piété égyptiens,monchicourt-c,Ch. Monchicourt,Monchicourt,Ch.,administrateur,1929,1914_1929,1,Annuaire Desfossés 1929,,Banques et sociétés financières,Syrie-Liban,Proche-Orient,directory_entry,conseil_colon,Ch. Monchicourt
proche-orient-monts-de-piete-egyptiens-c1c0a2,banquepretsnantissementsmontspieteegyptiens,banque de prêts sur nantissements Société des monts-de-piété égyptiens,dervieu-p,P. Dervieu,Dervieu,P.,administrateur,1929,1914_1929,1,Annuaire Desfossés 1929,,Banques et sociétés financières,Syrie-Liban,Proche-Orient,directory_entry,conseil_colon,P. Dervieu
proche-orient-monts-de-piete-egyptiens-c1c0a2,banquepretsnantissementsmontspieteegyptiens,banque de prêts sur nantissements Société des monts-de-piété égyptiens,allain,Allain,Allain,,administrateur,1929,1914_1929,1,Annuaire Desfossés 1929,,Banques et sociétés financières,Syrie-Liban,Proche-Orient,directory_entry,conseil_colon,M. Allain
proche-orient-monts-de-piete-egyptiens-c1c0a2,banquepretsnantissementsmontspieteegyptiens,banque de prêts sur nantissements Société des monts-de-piété égyptiens,monchicourt-a,A. Monchicourt,Monchicourt,A.,administrateur,1929,1914_1929,1,Annuaire Desfossés 1929,,Banques et sociétés financières,Syrie-Liban,Proche-Orient,directory_entry,conseil_colon,A. Monchicourt
proche-orient-monts-de-piete-egyptiens-c1c0a2,banquepretsnantissementsmontspieteegyptiens,banque de prêts sur nantissements Société des monts-de-piété égyptiens,maggiar-o,O. Maggiar,Maggiar,O.,administrateur,1929,1914_1929,1,Annuaire Desfossés 1929,,Banques et sociétés financières,Syrie-Liban,Proche-Orient,directory_entry,conseil_colon,O. Maggiar
proche-orient-monts-de-piete-egyptiens-c1c0a2,banquepretsnantissementsmontspieteegyptiens,banque de prêts sur nantissements Société des monts-de-piété égyptiens,pierre-c,Ch. Pierre,Pierre,Ch.,administrateur,1929,1914_1929,1,Annuaire Desfossés 1929,,Banques et sociétés financières,Syrie-Liban,Proche-Orient,directory_entry,conseil_colon,Ch. Pierre
proche-orient-monts-de-piete-egyptiens-c1c0a2,banquepretsnantissementsmontspieteegyptiens,banque de prêts sur nantissements Société des monts-de-piété égyptiens,jacobs-e,E. Jacobs,Jacobs,E.,administrateur,1929,1914_1929,1,Annuaire Desfossés 1929,,Banques et sociétés financières,Syrie-Liban,Proche-Orient,directory_entry,conseil_colon,E. Jacobs
proche-orient-monts-de-piete-egyptiens-c1c0a2,banquepretsnantissementsmontspieteegyptiens,banque de prêts sur nantissements Société des monts-de-piété égyptiens,rostand-j,J. Rostand,Rostand,J.,administrateur,1931,1930_1944,1,Annuaire Desfossés 1931,,Banques et sociétés financières,Syrie-Liban,Proche-Orient,directory_entry,conseil_colon,MM. J. Rostand
proche-orient-monts-de-piete-egyptiens-c1c0a2,banquepretsnantissementsmontspieteegyptiens,banque de prêts sur nantissements Société des monts-de-piété égyptiens,monchicourt-a,A.G. Monchicourt,Monchicourt,A.G.,administrateur,1931,1930_1944,1,Annuaire Desfossés 1931,,Banques et sociétés financières,Syrie-Liban,Proche-Orient,directory_entry,conseil_colon,A.G. Monchicourt
proche-orient-monts-de-piete-egyptiens-c1c0a2,banquepretsnantissementsmontspieteegyptiens,banque de prêts sur nantissements Société des monts-de-piété égyptiens,dervieu-p,P. Dervieu,Dervieu,P.,administrateur,1931,1930_1944,1,Annuaire Desfossés 1931,,Banques et sociétés financières,Syrie-Liban,Proche-Orient,directory_entry,conseil_colon,P. Dervieu
proche-orient-monts-de-piete-egyptiens-c1c0a2,banquepretsnantissementsmontspieteegyptiens,banque de prêts sur nantissements Société des monts-de-piété égyptiens,allain,Allain,Allain,,administrateur,1931,1930_1944,1,Annuaire Desfossés 1931,,Banques et sociétés financières,Syrie-Liban,Proche-Orient,directory_entry,conseil_colon,M. Allain
proche-orient-monts-de-piete-egyptiens-c1c0a2,banquepretsnantissementsmontspieteegyptiens,banque de prêts sur nantissements Société des monts-de-piété égyptiens,monchicourt-a,A. Monchicourt,Monchicourt,A.,administrateur,1931,1930_1944,1,Annuaire Desfossés 1931,,Banques et sociétés financières,Syrie-Liban,Proche-Orient,directory_entry,conseil_colon,A. Monchicourt
proche-orient-monts-de-piete-egyptiens-c1c0a2,banquepretsnantissementsmontspieteegyptiens,banque de prêts sur nantissements Société des monts-de-piété égyptiens,pierre-c,Ch. Pierre,Pierre,Ch.,administrateur,1931,1930_1944,1,Annuaire Desfossés 1931,,Banques et sociétés financières,Syrie-Liban,Proche-Orient,directory_entry,conseil_colon,Ch. Pierre
proche-orient-monts-de-piete-egyptiens-c1c0a2,banquepretsnantissementsmontspieteegyptiens,banque de prêts sur nantissements Société des monts-de-piété égyptiens,jacobs-e,E. Jacobs,Jacobs,E.,administrateur,1931,1930_1944,1,Annuaire Desfossés 1931,,Banques et sociétés financières,Syrie-Liban,Proche-Orient,directory_entry,conseil_colon,E. Jacobs
proche-orient-monts-de-piete-egyptiens-c1c0a2,banquepretsnantissementsmontspieteegyptiens,banque de prêts sur nantissements Société des monts-de-piété égyptiens,maggiar-a,A. Maggiar,Maggiar,A.,administrateur,1931,1930_1944,1,Annuaire Desfossés 1931,,Banques et sociétés financières,Syrie-Liban,Proche-Orient,directory_entry,conseil_colon,A. Maggiar
proche-orient-monts-de-piete-egyptiens-c1c0a2,banquepretsnantissementsmontspieteegyptiens,banque de prêts sur nantissements Société des monts-de-piété égyptiens,rostand-j,J. Rostand,Rostand,J.,administrateur,1933,1930_1944,1,Annuaire Desfossés 1933,,Banques et sociétés financières,Syrie-Liban,Proche-Orient,directory_entry,conseil_colon,MM. J. Rostand
proche-orient-monts-de-piete-egyptiens-c1c0a2,banquepretsnantissementsmontspieteegyptiens,banque de prêts sur nantissements Société des monts-de-piété égyptiens,monchicourt-a,A.G. Monchicourt,Monchicourt,A.G.,administrateur,1933,1930_1944,1,Annuaire Desfossés 1933,,Banques et sociétés financières,Syrie-Liban,Proche-Orient,directory_entry,conseil_colon,A.G. Monchicourt
proche-orient-monts-de-piete-egyptiens-c1c0a2,banquepretsnantissementsmontspieteegyptiens,banque de prêts sur nantissements Société des monts-de-piété égyptiens,dervieu-p,P. Dervieu,Dervieu,P.,administrateur,1933,1930_1944,1,Annuaire Desfossés 1933,,Banques et sociétés financières,Syrie-Liban,Proche-Orient,directory_entry,conseil_colon,P. Dervieu
proche-orient-monts-de-piete-egyptiens-c1c0a2,banquepretsnantissementsmontspieteegyptiens,banque de prêts sur nantissements Société des monts-de-piété égyptiens,allain,Allain,Allain,,administrateur,1933,1930_1944,1,Annuaire Desfossés 1933,,Banques et sociétés financières,Syrie-Liban,Proche-Orient,directory_entry,conseil_colon,M. Allain
proche-orient-monts-de-piete-egyptiens-c1c0a2,banquepretsnantissementsmontspieteegyptiens,banque de prêts sur nantissements Société des monts-de-piété égyptiens,monchicourt-a,A. Monchicourt,Monchicourt,A.,administrateur,1933,1930_1944,1,Annuaire Desfossés 1933,,Banques et sociétés financières,Syrie-Liban,Proche-Orient,directory_entry,conseil_colon,A. Monchicourt
proche-orient-monts-de-piete-egyptiens-c1c0a2,banquepretsnantissementsmontspieteegyptiens,banque de prêts sur nantissements Société des monts-de-piété égyptiens,pierre-c,Ch. Pierre,Pierre,Ch.,administrateur,1933,1930_1944,1,Annuaire Desfossés 1933,,Banques et sociétés financières,Syrie-Liban,Proche-Orient,directory_entry,conseil_colon,Ch. Pierre
proche-orient-monts-de-piete-egyptiens-c1c0a2,banquepretsnantissementsmontspieteegyptiens,banque de prêts sur nantissements Société des monts-de-piété égyptiens,jacobs-e,E. Jacobs,Jacobs,E.,administrateur,1933,1930_1944,1,Annuaire Desfossés 1933,,Banques et sociétés financières,Syrie-Liban,Proche-Orient,directory_entry,conseil_colon,E. Jacobs
proche-orient-monts-de-piete-egyptiens-c1c0a2,banquepretsnantissementsmontspieteegyptiens,banque de prêts sur nantissements Société des monts-de-piété égyptiens,maggiar-a,A. Maggiar,Maggiar,A.,administrateur,1933,1930_1944,1,Annuaire Desfossés 1933,,Banques et sociétés financières,Syrie-Liban,Proche-Orient,directory_entry,conseil_colon,A. Maggiar
proche-orient-monts-de-piete-egyptiens-c1c0a2,banquepretsnantissementsmontspieteegyptiens,banque de prêts sur nantissements Société des monts-de-piété égyptiens,rostand-j,J. Rostand,Rostand,J.,administrateur,1937,1930_1944,1,Annuaire Desfossés 1937,,Banques et sociétés financières,Syrie-Liban,Proche-Orient,directory_entry,conseil_colon,MM. J. Rostand
proche-orient-monts-de-piete-egyptiens-c1c0a2,banquepretsnantissementsmontspieteegyptiens,banque de prêts sur nantissements Société des monts-de-piété égyptiens,monchicourt-a,A.P. Monchicourt,Monchicourt,A.P.,administrateur,1937,1930_1944,1,Annuaire Desfossés 1937,,Banques et sociétés financières,Syrie-Liban,Proche-Orient,directory_entry,conseil_colon,A.P. Monchicourt
proche-orient-monts-de-piete-egyptiens-c1c0a2,banquepretsnantissementsmontspieteegyptiens,banque de prêts sur nantissements Société des monts-de-piété égyptiens,dervieu-p,P. Dervieu,Dervieu,P.,administrateur,1937,1930_1944,1,Annuaire Desfossés 1937,,Banques et sociétés financières,Syrie-Liban,Proche-Orient,directory_entry,conseil_colon,P. Dervieu
proche-orient-monts-de-piete-egyptiens-c1c0a2,banquepretsnantissementsmontspieteegyptiens,banque de prêts sur nantissements Société des monts-de-piété égyptiens,allain,Allain,Allain,,administrateur,1937,1930_1944,1,Annuaire Desfossés 1937,,Banques et sociétés financières,Syrie-Liban,Proche-Orient,directory_entry,conseil_colon,M. Allain
proche-orient-monts-de-piete-egyptiens-c1c0a2,banquepretsnantissementsmontspieteegyptiens,banque de prêts sur nantissements Société des monts-de-piété égyptiens,monchicourt-a,A. Monchicourt,Monchicourt,A.,administrateur,1937,1930_1944,1,Annuaire Desfossés 1937,,Banques et sociétés financières,Syrie-Liban,Proche-Orient,directory_entry,conseil_colon,A. Monchicourt
proche-orient-monts-de-piete-egyptiens-c1c0a2,banquepretsnantissementsmontspieteegyptiens,banque de prêts sur nantissements Société des monts-de-piété égyptiens,pierre-c,Ch. Pierre,Pierre,Ch.,administrateur,1937,1930_1944,1,Annuaire Desfossés 1937,,Banques et sociétés financières,Syrie-Liban,Proche-Orient,directory_entry,conseil_colon,Ch. Pierre
proche-orient-monts-de-piete-egyptiens-c1c0a2,banquepretsnantissementsmontspieteegyptiens,banque de prêts sur nantissements Société des monts-de-piété égyptiens,jacobs-e,E. Jacobs,Jacobs,E.,administrateur,1937,1930_1944,1,Annuaire Desfossés 1937,,Banques et sociétés financières,Syrie-Liban,Proche-Orient,directory_entry,conseil_colon,E. Jacobs
proche-orient-monts-de-piete-egyptiens-c1c0a2,banquepretsnantissementsmontspieteegyptiens,banque de prêts sur nantissements Société des monts-de-piété égyptiens,marbeau,Marbeau,Marbeau,,administrateur,1937,1930_1944,1,Annuaire Desfossés 1937,,Banques et sociétés financières,Syrie-Liban,Proche-Orient,directory_entry,conseil_colon,Marbeau
proche-orient-monts-de-piete-egyptiens-c1c0a2,banquepretsnantissementsmontspieteegyptiens,banque de prêts sur nantissements Société des monts-de-piété égyptiens,barbut,Barbut,Barbut,,administrateur,1937,1930_1944,1,Annuaire Desfossés 1937,,Banques et sociétés financières,Syrie-Liban,Proche-Orient,directory_entry,conseil_colon,Barbut
proche-orient-monts-de-piete-egyptiens-c1c0a2,banquepretsnantissementsmontspieteegyptiens,banque de prêts sur nantissements Société des monts-de-piété égyptiens,dervieu-p,P. Dervieu,Dervieu,P.,president,1940,1930_1944,1,Annuaire Desfossés 1940,,Banques et sociétés financières,Syrie-Liban,Proche-Orient,directory_entry,conseil_colon,P. Dervieu
proche-orient-monts-de-piete-egyptiens-c1c0a2,banquepretsnantissementsmontspieteegyptiens,banque de prêts sur nantissements Société des monts-de-piété égyptiens,monchicourt-a,A.-P. Monchicourt,Monchicourt,A.-P.,directeur,1940,1930_1944,0,Annuaire Desfossés 1940,,Banques et sociétés financières,Syrie-Liban,Proche-Orient,directory_entry,conseil_colon,A.-P. Monchicourt
proche-orient-monts-de-piete-egyptiens-c1c0a2,banquepretsnantissementsmontspieteegyptiens,banque de prêts sur nantissements Société des monts-de-piété égyptiens,maggiar-a,A. Maggiar,Maggiar,A.,directeur,1940,1930_1944,0,Annuaire Desfossés 1940,,Banques et sociétés financières,Syrie-Liban,Proche-Orient,directory_entry,conseil_colon,A. Maggiar
proche-orient-monts-de-piete-egyptiens-c1c0a2,banquepretsnantissementsmontspieteegyptiens,banque de prêts sur nantissements Société des monts-de-piété égyptiens,allain,Allain,Allain,,administrateur,1940,1930_1944,1,Annuaire Desfossés 1940,,Banques et sociétés financières,Syrie-Liban,Proche-Orient,directory_entry,conseil_colon,M. Allain
proche-orient-monts-de-piete-egyptiens-c1c0a2,banquepretsnantissementsmontspieteegyptiens,banque de prêts sur nantissements Société des monts-de-piété égyptiens,jacobs-e,E. Jacobs,Jacobs,E.,administrateur,1940,1930_1944,1,Annuaire Desfossés 1940,,Banques et sociétés financières,Syrie-Liban,Proche-Orient,directory_entry,conseil_colon,E. Jacobs
proche-orient-monts-de-piete-egyptiens-c1c0a2,banquepretsnantissementsmontspieteegyptiens,banque de prêts sur nantissements Société des monts-de-piété égyptiens,monchicourt-a,A.-G. Monchicourt,Monchicourt,A.-G.,administrateur,1940,1930_1944,1,Annuaire Desfossés 1940,,Banques et sociétés financières,Syrie-Liban,Proche-Orient,directory_entry,conseil_colon,A.-G. Monchicourt
proche-orient-monts-de-piete-egyptiens-c1c0a2,banquepretsnantissementsmontspieteegyptiens,banque de prêts sur nantissements Société des monts-de-piété égyptiens,maggiar-g,G. Maggiar,Maggiar,G.,administrateur,1940,1930_1944,1,Annuaire Desfossés 1940,,Banques et sociétés financières,Syrie-Liban,Proche-Orient,directory_entry,conseil_colon,G. Maggiar
proche-orient-monts-de-piete-egyptiens-c1c0a2,banquepretsnantissementsmontspieteegyptiens,banque de prêts sur nantissements Société des monts-de-piété égyptiens,marbeau,Marbeau,Marbeau,,administrateur,1940,1930_1944,1,Annuaire Desfossés 1940,,Banques et sociétés financières,Syrie-Liban,Proche-Orient,directory_entry,conseil_colon,Marbeau
proche-orient-monts-de-piete-egyptiens-c1c0a2,banquepretsnantissementsmontspieteegyptiens,banque de prêts sur nantissements Société des monts-de-piété égyptiens,barbut,Barbut,Barbut,,administrateur,1940,1930_1944,1,Annuaire Desfossés 1940,,Banques et sociétés financières,Syrie-Liban,Proche-Orient,directory_entry,conseil_colon,Barbut
proche-orient-monts-de-piete-egyptiens-c1c0a2,banquepretsnantissementsmontspieteegyptiens,banque de prêts sur nantissements Société des monts-de-piété égyptiens,dervieu-p,P. Dervieu,Dervieu,P.,president,1945,1945_1962,1,Annuaire Desfossés 1945,,Banques et sociétés financières,Syrie-Liban,Proche-Orient,directory_entry,conseil_colon,P. Dervieu
proche-orient-monts-de-piete-egyptiens-c1c0a2,banquepretsnantissementsmontspieteegyptiens,banque de prêts sur nantissements Société des monts-de-piété égyptiens,monchicourt-a,A.-P. Monchicourt,Monchicourt,A.-P.,directeur,1945,1945_1962,0,Annuaire Desfossés 1945,,Banques et sociétés financières,Syrie-Liban,Proche-Orient,directory_entry,conseil_colon,A.-P. Monchicourt
proche-orient-monts-de-piete-egyptiens-c1c0a2,banquepretsnantissementsmontspieteegyptiens,banque de prêts sur nantissements Société des monts-de-piété égyptiens,maggiar-a,A. Maggiar,Maggiar,A.,directeur,1945,1945_1962,0,Annuaire Desfossés 1945,,Banques et sociétés financières,Syrie-Liban,Proche-Orient,directory_entry,conseil_colon,A. Maggiar
proche-orient-monts-de-piete-egyptiens-c1c0a2,banquepretsnantissementsmontspieteegyptiens,banque de prêts sur nantissements Société des monts-de-piété égyptiens,allain,Allain,Allain,,administrateur,1945,1945_1962,1,Annuaire Desfossés 1945,,Banques et sociétés financières,Syrie-Liban,Proche-Orient,directory_entry,conseil_colon,M. Allain
proche-orient-monts-de-piete-egyptiens-c1c0a2,banquepretsnantissementsmontspieteegyptiens,banque de prêts sur nantissements Société des monts-de-piété égyptiens,jacobs-e,E. Jacobs,Jacobs,E.,administrateur,1945,1945_1962,1,Annuaire Desfossés 1945,,Banques et sociétés financières,Syrie-Liban,Proche-Orient,directory_entry,conseil_colon,E. Jacobs
proche-orient-monts-de-piete-egyptiens-c1c0a2,banquepretsnantissementsmontspieteegyptiens,banque de prêts sur nantissements Société des monts-de-piété égyptiens,monchicourt-a,A.-G. Monchicourt,Monchicourt,A.-G.,administrateur,1945,1945_1962,1,Annuaire Desfossés 1945,,Banques et sociétés financières,Syrie-Liban,Proche-Orient,directory_entry,conseil_colon,A.-G. Monchicourt
proche-orient-monts-de-piete-egyptiens-c1c0a2,banquepretsnantissementsmontspieteegyptiens,banque de prêts sur nantissements Société des monts-de-piété égyptiens,maggiar-g,G. Maggiar,Maggiar,G.,administrateur,1945,1945_1962,1,Annuaire Desfossés 1945,,Banques et sociétés financières,Syrie-Liban,Proche-Orient,directory_entry,conseil_colon,G. Maggiar
proche-orient-monts-de-piete-egyptiens-c1c0a2,banquepretsnantissementsmontspieteegyptiens,banque de prêts sur nantissements Société des monts-de-piété égyptiens,marbeau,Marbeau,Marbeau,,administrateur,1945,1945_1962,1,Annuaire Desfossés 1945,,Banques et sociétés financières,Syrie-Liban,Proche-Orient,directory_entry,conseil_colon,Marbeau
proche-orient-monts-de-piete-egyptiens-c1c0a2,banquepretsnantissementsmontspieteegyptiens,banque de prêts sur nantissements Société des monts-de-piété égyptiens,barbut,Barbut,Barbut,,administrateur,1945,1945_1962,1,Annuaire Desfossés 1945,,Banques et sociétés financières,Syrie-Liban,Proche-Orient,directory_entry,conseil_colon,Barbut
proche-orient-monts-de-piete-egyptiens-c1c0a2,banquepretsnantissementsmontspieteegyptiens,banque de prêts sur nantissements Société des monts-de-piété égyptiens,dervieu-p,P. Dervieu,Dervieu,P.,president,1948,1945_1962,1,Annuaire Desfossés 1948,,Banques et sociétés financières,Syrie-Liban,Proche-Orient,directory_entry,conseil_colon,P. Dervieu
proche-orient-monts-de-piete-egyptiens-c1c0a2,banquepretsnantissementsmontspieteegyptiens,banque de prêts sur nantissements Société des monts-de-piété égyptiens,maggiar-a,A. Maggiar,Maggiar,A.,directeur,1948,1945_1962,0,Annuaire Desfossés 1948,,Banques et sociétés financières,Syrie-Liban,Proche-Orient,directory_entry,conseil_colon,A. Maggiar
proche-orient-monts-de-piete-egyptiens-c1c0a2,banquepretsnantissementsmontspieteegyptiens,banque de prêts sur nantissements Société des monts-de-piété égyptiens,allain,Allain,Allain,,administrateur,1948,1945_1962,1,Annuaire Desfossés 1948,,Banques et sociétés financières,Syrie-Liban,Proche-Orient,directory_entry,conseil_colon,M. Allain
proche-orient-monts-de-piete-egyptiens-c1c0a2,banquepretsnantissementsmontspieteegyptiens,banque de prêts sur nantissements Société des monts-de-piété égyptiens,jacobs-e,E. Jacobs,Jacobs,E.,administrateur,1948,1945_1962,1,Annuaire Desfossés 1948,,Banques et sociétés financières,Syrie-Liban,Proche-Orient,directory_entry,conseil_colon,E. Jacobs
proche-orient-monts-de-piete-egyptiens-c1c0a2,banquepretsnantissementsmontspieteegyptiens,banque de prêts sur nantissements Société des monts-de-piété égyptiens,monchicourt-a,A.-G. Monchicourt,Monchicourt,A.-G.,administrateur,1948,1945_1962,1,Annuaire Desfossés 1948,,Banques et sociétés financières,Syrie-Liban,Proche-Orient,directory_entry,conseil_colon,A.-G. Monchicourt
proche-orient-monts-de-piete-egyptiens-c1c0a2,banquepretsnantissementsmontspieteegyptiens,banque de prêts sur nantissements Société des monts-de-piété égyptiens,maggiar-g,G. Maggiar,Maggiar,G.,administrateur,1948,1945_1962,1,Annuaire Desfossés 1948,,Banques et sociétés financières,Syrie-Liban,Proche-Orient,directory_entry,conseil_colon,G. Maggiar
proche-orient-monts-de-piete-egyptiens-c1c0a2,banquepretsnantissementsmontspieteegyptiens,banque de prêts sur nantissements Société des monts-de-piété égyptiens,dervieu-j,J. Dervieu,Dervieu,J.,administrateur,1948,1945_1962,1,Annuaire Desfossés 1948,,Banques et sociétés financières,Syrie-Liban,Proche-Orient,directory_entry,conseil_colon,J. Dervieu
proche-orient-monts-de-piete-egyptiens-c1c0a2,banquepretsnantissementsmontspieteegyptiens,banque de prêts sur nantissements Société des monts-de-piété égyptiens,marbeau,Marbeau,Marbeau,,administrateur,1948,1945_1962,1,Annuaire Desfossés 1948,,Banques et sociétés financières,Syrie-Liban,Proche-Orient,directory_entry,conseil_colon,Marbeau
proche-orient-monts-de-piete-egyptiens-c1c0a2,banquepretsnantissementsmontspieteegyptiens,banque de prêts sur nantissements Société des monts-de-piété égyptiens,barbut,Barbut,Barbut,,administrateur,1948,1945_1962,1,Annuaire Desfossés 1948,,Banques et sociétés financières,Syrie-Liban,Proche-Orient,directory_entry,conseil_colon,Barbut
proche-orient-monts-de-piete-egyptiens-c1c0a2,banquepretsnantissementsmontspieteegyptiens,banque de prêts sur nantissements Société des monts-de-piété égyptiens,maggiar-a,A. Maggiar,Maggiar,A.,president,1953,1945_1962,1,Annuaire Desfossés 1953,,Banques et sociétés financières,Syrie-Liban,Proche-Orient,directory_entry,conseil_colon,A. Maggiar
proche-orient-monts-de-piete-egyptiens-c1c0a2,banquepretsnantissementsmontspieteegyptiens,banque de prêts sur nantissements Société des monts-de-piété égyptiens,monchicourt-a,A.-G. Monchicourt,Monchicourt,A.-G.,directeur,1953,1945_1962,0,Annuaire Desfossés 1953,,Banques et sociétés financières,Syrie-Liban,Proche-Orient,directory_entry,conseil_colon,A.-G. Monchicourt
proche-orient-monts-de-piete-egyptiens-c1c0a2,banquepretsnantissementsmontspieteegyptiens,banque de prêts sur nantissements Société des monts-de-piété égyptiens,adm-controleur-en-egypte,adm.- contrôleur en Égypte,adm.- contrôleur en Égypte,,administrateur,1953,1945_1962,1,Annuaire Desfossés 1953,,Banques et sociétés financières,Syrie-Liban,Proche-Orient,directory_entry,conseil_colon,adm.- contrôleur en Égypte
proche-orient-monts-de-piete-egyptiens-c1c0a2,banquepretsnantissementsmontspieteegyptiens,banque de prêts sur nantissements Société des monts-de-piété égyptiens,jacobs-e,E. Jacobs,Jacobs,E.,administrateur,1953,1945_1962,1,Annuaire Desfossés 1953,,Banques et sociétés financières,Syrie-Liban,Proche-Orient,directory_entry,conseil_colon,E. Jacobs
proche-orient-monts-de-piete-egyptiens-c1c0a2,banquepretsnantissementsmontspieteegyptiens,banque de prêts sur nantissements Société des monts-de-piété égyptiens,maggiar-g,G. Maggiar,Maggiar,G.,administrateur,1953,1945_1962,1,Annuaire Desfossés 1953,,Banques et sociétés financières,Syrie-Liban,Proche-Orient,directory_entry,conseil_colon,G. Maggiar
proche-orient-monts-de-piete-egyptiens-c1c0a2,banquepretsnantissementsmontspieteegyptiens,banque de prêts sur nantissements Société des monts-de-piété égyptiens,dervieu-j,J. Dervieu,Dervieu,J.,administrateur,1953,1945_1962,1,Annuaire Desfossés 1953,,Banques et sociétés financières,Syrie-Liban,Proche-Orient,directory_entry,conseil_colon,J. Dervieu
proche-orient-monts-de-piete-egyptiens-c1c0a2,banquepretsnantissementsmontspieteegyptiens,banque de prêts sur nantissements Société des monts-de-piété égyptiens,allain-a,A. Allain,Allain,A.,administrateur,1953,1945_1962,1,Annuaire Desfossés 1953,,Banques et sociétés financières,Syrie-Liban,Proche-Orient,directory_entry,conseil_colon,A. Allain
proche-orient-monts-de-piete-egyptiens-c1c0a2,banquepretsnantissementsmontspieteegyptiens,banque de prêts sur nantissements Société des monts-de-piété égyptiens,moulin-a,A. Moulin,Moulin,A.,administrateur,1953,1945_1962,1,Annuaire Desfossés 1953,,Banques et sociétés financières,Syrie-Liban,Proche-Orient,directory_entry,conseil_colon,A. Moulin
proche-orient-monts-de-piete-egyptiens-c1c0a2,banquepretsnantissementsmontspieteegyptiens,banque de prêts sur nantissements Société des monts-de-piété égyptiens,dervieu-j-jean,Jean Dervieu,Dervieu,Jean,administrateur,1953,1945_1962,1,Annuaire Desfossés 1953,,Banques et sociétés financières,Syrie-Liban,Proche-Orient,directory_entry,conseil_colon,Jean Dervieu
proche-orient-monts-de-piete-egyptiens-c1c0a2,banquepretsnantissementsmontspieteegyptiens,banque de prêts sur nantissements Société des monts-de-piété égyptiens,marbeau,Marbeau,Marbeau,,administrateur,1953,1945_1962,1,Annuaire Desfossés 1953,,Banques et sociétés financières,Syrie-Liban,Proche-Orient,directory_entry,conseil_colon,Marbeau
proche-orient-monts-de-piete-egyptiens-c1c0a2,banquepretsnantissementsmontspieteegyptiens,banque de prêts sur nantissements Société des monts-de-piété égyptiens,barbut,Barbut,Barbut,,administrateur,1953,1945_1962,1,Annuaire Desfossés 1953,,Banques et sociétés financières,Syrie-Liban,Proche-Orient,directory_entry,conseil_colon,Barbut
proche-orient-port-de-beyrouth-4438df,portquaisentrepotsbeyrouth,"Port, quais et entrepôts de Beyrouth",de-cerjat-c,Charles de Cerjat,de Cerjat,Charles,administrateur,1906,pre_1914,1,"Recueil financier belge, 1906, p. 275",,"Transports maritimes, ports et docks",Syrie-Liban,Proche-Orient,citation,conseil_compose,Charles de Cerjat
proche-orient-port-de-beyrouth-4438df,portquaisentrepotsbeyrouth,"Port, quais et entrepôts de Beyrouth",emond-r,René Emond,Emond,René,administrateur,1906,pre_1914,1,"Recueil financier belge, 1906, p. 275",,"Transports maritimes, ports et docks",Syrie-Liban,Proche-Orient,citation,conseil_compose,René Emond
proche-orient-port-de-beyrouth-4438df,portquaisentrepotsbeyrouth,"Port, quais et entrepôts de Beyrouth",habert-g,Gustave Habert,Habert,Gustave,administrateur,1906,pre_1914,1,"Recueil financier belge, 1906, p. 275",,"Transports maritimes, ports et docks",Syrie-Liban,Proche-Orient,citation,conseil_compose,Gustave Habert
proche-orient-port-de-beyrouth-4438df,portquaisentrepotsbeyrouth,"Port, quais et entrepôts de Beyrouth",pacha-melhame-s,Sélim Pacha Melhamé,Pacha Melhamé,Sélim,administrateur,1906,pre_1914,1,"Recueil financier belge, 1906, p. 275",,"Transports maritimes, ports et docks",Syrie-Liban,Proche-Orient,citation,conseil_compose,Sélim Pacha Melhamé
proche-orient-port-de-beyrouth-4438df,portquaisentrepotsbeyrouth,"Port, quais et entrepôts de Beyrouth",de-monicault-e,Édouard de Monicault,de Monicault,Édouard,administrateur,1906,pre_1914,1,"Recueil financier belge, 1906, p. 275",,"Transports maritimes, ports et docks",Syrie-Liban,Proche-Orient,citation,conseil_compose,Édouard de Monicault
proche-orient-port-de-beyrouth-4438df,portquaisentrepotsbeyrouth,"Port, quais et entrepôts de Beyrouth",de-monicault-g,Gaston de Monicault,de Monicault,Gaston,administrateur,1906,pre_1914,1,"Recueil financier belge, 1906, p. 275",,"Transports maritimes, ports et docks",Syrie-Liban,Proche-Orient,citation,conseil_compose,Gaston de Monicault
proche-orient-port-de-beyrouth-4438df,portquaisentrepotsbeyrouth,"Port, quais et entrepôts de Beyrouth",pangiris-bey-s,S. E. Pangiris Bey,Pangiris Bey,S. E.,administrateur,1906,pre_1914,1,"Recueil financier belge, 1906, p. 275",,"Transports maritimes, ports et docks",Syrie-Liban,Proche-Orient,citation,conseil_compose,S. E. Pangiris Bey
proche-orient-port-de-beyrouth-4438df,portquaisentrepotsbeyrouth,"Port, quais et entrepôts de Beyrouth",cambefort-c,Charles Cambefort,Cambefort,Charles,commissaire_aux_comptes,1909,pre_1914,0,"Le Journal des débats, 19 février 1909",,"Transports maritimes, ports et docks",Syrie-Liban,Proche-Orient,citation,commissaires,MM. Charles Cambefort
proche-orient-port-de-beyrouth-4438df,portquaisentrepotsbeyrouth,"Port, quais et entrepôts de Beyrouth",boursier-l,Lucien Boursier,Boursier,Lucien,commissaire_aux_comptes,1909,pre_1914,0,"Le Journal des débats, 19 février 1909",,"Transports maritimes, ports et docks",Syrie-Liban,Proche-Orient,citation,commissaires,Lucien Boursier
proche-orient-port-de-beyrouth-4438df,port,Port,henry-a,A. Henry,Henry,A.,administrateur,1912,pre_1914,1,Annuaire Desfossés 1912,,"Transports maritimes, ports et docks",Syrie-Liban,Proche-Orient,directory_entry,conseil_colon,A. Henry
proche-orient-port-de-beyrouth-4438df,port,Port,habert-g,G. Habert,Habert,G.,administrateur,1912,pre_1914,1,Annuaire Desfossés 1912,,"Transports maritimes, ports et docks",Syrie-Liban,Proche-Orient,directory_entry,conseil_colon,G. Habert
proche-orient-port-de-beyrouth-4438df,port,Port,bey-p,Pangiris Bey,Bey,Pangiris,administrateur,1912,pre_1914,1,Annuaire Desfossés 1912,,"Transports maritimes, ports et docks",Syrie-Liban,Proche-Orient,directory_entry,conseil_colon,Pangiris Bey
proche-orient-port-de-beyrouth-4438df,port,Port,wiener-h,H. Wiener,Wiener,H.,administrateur,1912,pre_1914,1,Annuaire Desfossés 1912,,"Transports maritimes, ports et docks",Syrie-Liban,Proche-Orient,directory_entry,conseil_colon,H. Wiener
proche-orient-port-de-beyrouth-4438df,georgemallet,George Mallet,henry-a,A. Henry,Henry,A.,administrateur,1914,1914_1929,1,Annuaire Desfossés 1914,,"Transports maritimes, ports et docks",Syrie-Liban,Proche-Orient,directory_entry,conseil_colon,A. Henry
proche-orient-port-de-beyrouth-4438df,georgemallet,George Mallet,bey-p,Pangiris Bey,Bey,Pangiris,administrateur,1914,1914_1929,1,Annuaire Desfossés 1914,,"Transports maritimes, ports et docks",Syrie-Liban,Proche-Orient,directory_entry,conseil_colon,Pangiris Bey
proche-orient-port-de-beyrouth-4438df,georgemallet,George Mallet,wiener-h,H. Wiener,Wiener,H.,administrateur,1914,1914_1929,1,Annuaire Desfossés 1914,,"Transports maritimes, ports et docks",Syrie-Liban,Proche-Orient,directory_entry,conseil_colon,H. Wiener
proche-orient-port-de-beyrouth-4438df,georgemallet,George Mallet,michon-coster-j,J. Michon-Coster,Michon-Coster,J.,administrateur,1914,1914_1929,1,Annuaire Desfossés 1914,,"Transports maritimes, ports et docks",Syrie-Liban,Proche-Orient,directory_entry,conseil_colon,J. Michon-Coster
proche-orient-port-de-beyrouth-4438df,georgemallet,George Mallet,revoil-p,P. Révoil,Révoil,P.,administrateur,1914,1914_1929,1,Annuaire Desfossés 1914,,"Transports maritimes, ports et docks",Syrie-Liban,Proche-Orient,directory_entry,conseil_colon,P. Révoil
proche-orient-port-de-beyrouth-4438df,ports,Ports,henry-a,A. Henry,Henry,A.,administrateur,1917,1914_1929,1,Annuaire Desfossés 1917,,"Transports maritimes, ports et docks",Syrie-Liban,Proche-Orient,directory_entry,conseil_colon,A. Henry
proche-orient-port-de-beyrouth-4438df,ports,Ports,bey-p,Pangiris Bey,Bey,Pangiris,administrateur,1917,1914_1929,1,Annuaire Desfossés 1917,,"Transports maritimes, ports et docks",Syrie-Liban,Proche-Orient,directory_entry,conseil_colon,Pangiris Bey
proche-orient-port-de-beyrouth-4438df,ports,Ports,michon-coster-j,J. Michon-Coster,Michon-Coster,J.,administrateur,1917,1914_1929,1,Annuaire Desfossés 1917,,"Transports maritimes, ports et docks",Syrie-Liban,Proche-Orient,directory_entry,conseil_colon,J. Michon-Coster
proche-orient-port-de-beyrouth-4438df,ports,Ports,wiener,Wiener,Wiener,,administrateur,1917,1914_1929,1,Annuaire Desfossés 1917,,"Transports maritimes, ports et docks",Syrie-Liban,Proche-Orient,directory_entry,conseil_colon,Wiener
proche-orient-port-de-beyrouth-4438df,ports,Ports,henry-a,A. Henry,Henry,A.,administrateur,1920,1914_1929,1,Annuaire Desfossés 1920,,"Transports maritimes, ports et docks",Syrie-Liban,Proche-Orient,directory_entry,conseil_colon,A. Henry
proche-orient-port-de-beyrouth-4438df,ports,Ports,bey-p,Pangiris Bey,Bey,Pangiris,administrateur,1920,1914_1929,1,Annuaire Desfossés 1920,,"Transports maritimes, ports et docks",Syrie-Liban,Proche-Orient,directory_entry,conseil_colon,Pangiris Bey
proche-orient-port-de-beyrouth-4438df,ports,Ports,michon-coster-j,J. Michon-Coster,Michon-Coster,J.,administrateur,1920,1914_1929,1,Annuaire Desfossés 1920,,"Transports maritimes, ports et docks",Syrie-Liban,Proche-Orient,directory_entry,conseil_colon,J. Michon-Coster
proche-orient-port-de-beyrouth-4438df,ports,Ports,wiener,Wiener,Wiener,,administrateur,1920,1914_1929,1,Annuaire Desfossés 1920,,"Transports maritimes, ports et docks",Syrie-Liban,Proche-Orient,directory_entry,conseil_colon,Wiener
proche-orient-port-de-beyrouth-4438df,ports,Ports,saint-rene-taillandier-g,G. Saint-René Taillandier,Saint-René Taillandier,G.,administrateur,1920,1914_1929,1,Annuaire Desfossés 1920,,"Transports maritimes, ports et docks",Syrie-Liban,Proche-Orient,directory_entry,conseil_colon,G. Saint-René Taillandier
proche-orient-port-de-beyrouth-4438df,ports,Ports,henry-a,A. Henry,Henry,A.,administrateur,1923,1914_1929,1,Annuaire Desfossés 1923,,"Transports maritimes, ports et docks",Syrie-Liban,Proche-Orient,directory_entry,conseil_colon,A. Henry
proche-orient-port-de-beyrouth-4438df,ports,Ports,michon-coster-j,J. Michon-Coster,Michon-Coster,J.,administrateur,1923,1914_1929,1,Annuaire Desfossés 1923,,"Transports maritimes, ports et docks",Syrie-Liban,Proche-Orient,directory_entry,conseil_colon,J. Michon-Coster
proche-orient-port-de-beyrouth-4438df,ports,Ports,saint-rene-taillandier-g,G. Saint-René Taillandier,Saint-René Taillandier,G.,administrateur,1923,1914_1929,1,Annuaire Desfossés 1923,,"Transports maritimes, ports et docks",Syrie-Liban,Proche-Orient,directory_entry,conseil_colon,G. Saint-René Taillandier
proche-orient-port-de-beyrouth-4438df,ports,Ports,berard,Bérard,Bérard,,administrateur,1923,1914_1929,1,Annuaire Desfossés 1923,,"Transports maritimes, ports et docks",Syrie-Liban,Proche-Orient,directory_entry,conseil_colon,M. Bérard
proche-orient-port-de-beyrouth-4438df,ports,Ports,blanche-p,P. Blanche,Blanche,P.,administrateur,1923,1914_1929,1,Annuaire Desfossés 1923,,"Transports maritimes, ports et docks",Syrie-Liban,Proche-Orient,directory_entry,conseil_colon,P. Blanche
proche-orient-port-de-beyrouth-4438df,ports,Ports,garreta-h,H. Garreta,Garreta,H.,administrateur,1923,1914_1929,1,Annuaire Desfossés 1923,,"Transports maritimes, ports et docks",Syrie-Liban,Proche-Orient,directory_entry,conseil_colon,H. Garreta
proche-orient-port-de-beyrouth-4438df,ports,Ports,henry-a,A. Henry,Henry,A.,administrateur,1923,1914_1929,1,Annuaire Desfossés 1923,,"Transports maritimes, ports et docks",Syrie-Liban,Proche-Orient,directory_entry,conseil_colon,A. Henry
proche-orient-port-de-beyrouth-4438df,louisemmanueladoplphegoranflauxbaronandree,"Louis Emmanuel Adoplphe GORANFLAUX, baron D'ANDRÉE DE LA",henry-a,A. Henry,Henry,A.,administrateur,1927,1914_1929,1,Annuaire Desfossés 1927,,"Transports maritimes, ports et docks",Syrie-Liban,Proche-Orient,directory_entry,conseil_colon,A. Henry
proche-orient-port-de-beyrouth-4438df,louisemmanueladoplphegoranflauxbaronandree,"Louis Emmanuel Adoplphe GORANFLAUX, baron D'ANDRÉE DE LA",michon-coster-j,J. Michon-Coster,Michon-Coster,J.,administrateur,1927,1914_1929,1,Annuaire Desfossés 1927,,"Transports maritimes, ports et docks",Syrie-Liban,Proche-Orient,directory_entry,conseil_colon,J. Michon-Coster
proche-orient-port-de-beyrouth-4438df,louisemmanueladoplphegoranflauxbaronandree,"Louis Emmanuel Adoplphe GORANFLAUX, baron D'ANDRÉE DE LA",saint-rene-taillandier-g,G. Saint-René Taillandier,Saint-René Taillandier,G.,administrateur,1927,1914_1929,1,Annuaire Desfossés 1927,,"Transports maritimes, ports et docks",Syrie-Liban,Proche-Orient,directory_entry,conseil_colon,G. Saint-René Taillandier
proche-orient-port-de-beyrouth-4438df,louisemmanueladoplphegoranflauxbaronandree,"Louis Emmanuel Adoplphe GORANFLAUX, baron D'ANDRÉE DE LA",berard,Bérard,Bérard,,administrateur,1927,1914_1929,1,Annuaire Desfossés 1927,,"Transports maritimes, ports et docks",Syrie-Liban,Proche-Orient,directory_entry,conseil_colon,M. Bérard
proche-orient-port-de-beyrouth-4438df,louisemmanueladoplphegoranflauxbaronandree,"Louis Emmanuel Adoplphe GORANFLAUX, baron D'ANDRÉE DE LA",blanche-p,P. Blanche,Blanche,P.,administrateur,1927,1914_1929,1,Annuaire Desfossés 1927,,"Transports maritimes, ports et docks",Syrie-Liban,Proche-Orient,directory_entry,conseil_colon,P. Blanche
proche-orient-port-de-beyrouth-4438df,louisemmanueladoplphegoranflauxbaronandree,"Louis Emmanuel Adoplphe GORANFLAUX, baron D'ANDRÉE DE LA",garreta-h,H. Garreta,Garreta,H.,administrateur,1927,1914_1929,1,Annuaire Desfossés 1927,,"Transports maritimes, ports et docks",Syrie-Liban,Proche-Orient,directory_entry,conseil_colon,H. Garreta
proche-orient-port-de-beyrouth-4438df,ports,Ports,henry-a,A. Henry,Henry,A.,administrateur,1929,1914_1929,1,Annuaire Desfossés 1929,,"Transports maritimes, ports et docks",Syrie-Liban,Proche-Orient,directory_entry,conseil_colon,A. Henry
proche-orient-port-de-beyrouth-4438df,ports,Ports,michon-coster-j,J. Michon-Coster,Michon-Coster,J.,administrateur,1929,1914_1929,1,Annuaire Desfossés 1929,,"Transports maritimes, ports et docks",Syrie-Liban,Proche-Orient,directory_entry,conseil_colon,J. Michon-Coster
proche-orient-port-de-beyrouth-4438df,ports,Ports,saint-rene-taillandier-g,G. Saint-René Taillandier,Saint-René Taillandier,G.,administrateur,1929,1914_1929,1,Annuaire Desfossés 1929,,"Transports maritimes, ports et docks",Syrie-Liban,Proche-Orient,directory_entry,conseil_colon,G. Saint-René Taillandier
proche-orient-port-de-beyrouth-4438df,ports,Ports,berard,Bérard,Bérard,,administrateur,1929,1914_1929,1,Annuaire Desfossés 1929,,"Transports maritimes, ports et docks",Syrie-Liban,Proche-Orient,directory_entry,conseil_colon,M. Bérard
proche-orient-port-de-beyrouth-4438df,ports,Ports,blanche-p,P. Blanche,Blanche,P.,administrateur,1929,1914_1929,1,Annuaire Desfossés 1929,,"Transports maritimes, ports et docks",Syrie-Liban,Proche-Orient,directory_entry,conseil_colon,P. Blanche
proche-orient-port-de-beyrouth-4438df,ports,Ports,garreta-h,H. Garreta,Garreta,H.,administrateur,1929,1914_1929,1,Annuaire Desfossés 1929,,"Transports maritimes, ports et docks",Syrie-Liban,Proche-Orient,directory_entry,conseil_colon,H. Garreta
proche-orient-port-de-beyrouth-4438df,ports,Ports,michon-coster-j,J. Michon- Coster,Michon- Coster,J.,administrateur,1933,1930_1944,1,Annuaire Desfossés 1933,,"Transports maritimes, ports et docks",Syrie-Liban,Proche-Orient,directory_entry,conseil_colon,J. Michon- Coster
proche-orient-port-de-beyrouth-4438df,ports,Ports,saint-rene-taillandier-g,G. Saint-René Taillandier,Saint-René Taillandier,G.,administrateur,1933,1930_1944,1,Annuaire Desfossés 1933,,"Transports maritimes, ports et docks",Syrie-Liban,Proche-Orient,directory_entry,conseil_colon,G. Saint-René Taillandier
proche-orient-port-de-beyrouth-4438df,ports,Ports,berard,Bérard,Bérard,,administrateur,1933,1930_1944,1,Annuaire Desfossés 1933,,"Transports maritimes, ports et docks",Syrie-Liban,Proche-Orient,directory_entry,conseil_colon,M. Bérard
proche-orient-port-de-beyrouth-4438df,ports,Ports,blanche-p,P. Blanche,Blanche,P.,administrateur,1933,1930_1944,1,Annuaire Desfossés 1933,,"Transports maritimes, ports et docks",Syrie-Liban,Proche-Orient,directory_entry,conseil_colon,P. Blanche
proche-orient-port-de-beyrouth-4438df,ports,Ports,garreta-h,H. Garreta,Garreta,H.,administrateur,1933,1930_1944,1,Annuaire Desfossés 1933,,"Transports maritimes, ports et docks",Syrie-Liban,Proche-Orient,directory_entry,conseil_colon,H. Garreta
proche-orient-port-de-beyrouth-4438df,ports,Ports,mallet-r,Raoul Mallet,Mallet,Raoul,administrateur,1933,1930_1944,1,Annuaire Desfossés 1933,,"Transports maritimes, ports et docks",Syrie-Liban,Proche-Orient,directory_entry,conseil_colon,Raoul Mallet
proche-orient-port-de-beyrouth-4438df,portquaisentrepotsbeyrouth,"Port, quais et entrepôts de Beyrouth",naudy-j,J. Naudy,Naudy,J.,commissaire_aux_comptes,1937,1930_1944,0,Annuaire Desfossés 1937,,"Transports maritimes, ports et docks",Syrie-Liban,Proche-Orient,directory_entry,commissaires,J. Naudy
proche-orient-port-de-beyrouth-4438df,portquaisentrepotsbeyrouth,"Port, quais et entrepôts de Beyrouth",poinet,Poinet,Poinet,,commissaire_aux_comptes,1937,1930_1944,0,Annuaire Desfossés 1937,,"Transports maritimes, ports et docks",Syrie-Liban,Proche-Orient,directory_entry,commissaires,Poinet
proche-orient-port-de-beyrouth-4438df,portquaisentrepotsbeyrouth,"Port, quais et entrepôts de Beyrouth",vivier,Vivier,Vivier,,commissaire_aux_comptes,1937,1930_1944,0,Annuaire Desfossés 1937,,"Transports maritimes, ports et docks",Syrie-Liban,Proche-Orient,directory_entry,commissaires,M. Vivier
proche-orient-port-de-beyrouth-4438df,gsaintrenetaillandierpdthont,"G. Saint-René Taillandier, pdt hon.t",naudy-j,J. Naudy,Naudy,J.,commissaire_aux_comptes,1940,1930_1944,0,Annuaire Desfossés 1940,,"Transports maritimes, ports et docks",Syrie-Liban,Proche-Orient,directory_entry,commissaires,J. Naudy
proche-orient-port-de-beyrouth-4438df,gsaintrenetaillandierpdthont,"G. Saint-René Taillandier, pdt hon.t",poinet,Poinet,Poinet,,commissaire_aux_comptes,1940,1930_1944,0,Annuaire Desfossés 1940,,"Transports maritimes, ports et docks",Syrie-Liban,Proche-Orient,directory_entry,commissaires,Poinet
proche-orient-port-de-beyrouth-4438df,gsaintrenetaillandierpdthont,"G. Saint-René Taillandier, pdt hon.t",vivier,Vivier,Vivier,,commissaire_aux_comptes,1940,1930_1944,0,Annuaire Desfossés 1940,,"Transports maritimes, ports et docks",Syrie-Liban,Proche-Orient,directory_entry,commissaires,M. Vivier
proche-orient-port-de-beyrouth-4438df,port,Port,bey-melhame-h,Halim bey Melhamé,bey Melhamé,Halim,president,1945,1945_1962,1,Annuaire Desfossés 1945,,"Transports maritimes, ports et docks",Syrie-Liban,Proche-Orient,directory_entry,conseil_colon,Halim bey Melhamé
proche-orient-port-de-beyrouth-4438df,port,Port,claudon-l,L. Claudon,Claudon,L.,directeur,1945,1945_1962,0,Annuaire Desfossés 1945,,"Transports maritimes, ports et docks",Syrie-Liban,Proche-Orient,directory_entry,conseil_colon,L. Claudon
proche-orient-port-de-beyrouth-4438df,port,Port,blanche-p,P. Blanche,Blanche,P.,administrateur,1945,1945_1962,1,Annuaire Desfossés 1945,,"Transports maritimes, ports et docks",Syrie-Liban,Proche-Orient,directory_entry,conseil_colon,P. Blanche
proche-orient-port-de-beyrouth-4438df,port,Port,ferasson-l,L. Férasson,Férasson,L.,administrateur,1945,1945_1962,1,Annuaire Desfossés 1945,,"Transports maritimes, ports et docks",Syrie-Liban,Proche-Orient,directory_entry,conseil_colon,L. Férasson
proche-orient-port-de-beyrouth-4438df,port,Port,hersent-g,G. Hersent,Hersent,G.,administrateur,1945,1945_1962,1,Annuaire Desfossés 1945,,"Transports maritimes, ports et docks",Syrie-Liban,Proche-Orient,directory_entry,conseil_colon,G. Hersent
proche-orient-port-de-beyrouth-4438df,port,Port,p-lassus-saint-genies,P Lassus-Saint-Geniès,P Lassus-Saint-Geniès,,administrateur,1945,1945_1962,1,Annuaire Desfossés 1945,,"Transports maritimes, ports et docks",Syrie-Liban,Proche-Orient,directory_entry,conseil_colon,baron P Lassus-Saint-Geniès
proche-orient-port-de-beyrouth-4438df,port,Port,michon-coster-j,J. Michon-Coster,Michon-Coster,J.,administrateur,1945,1945_1962,1,Annuaire Desfossés 1945,,"Transports maritimes, ports et docks",Syrie-Liban,Proche-Orient,directory_entry,conseil_colon,baron J. Michon-Coster
proche-orient-port-de-beyrouth-4438df,port,Port,poinet,Poinet,Poinet,,administrateur,1945,1945_1962,1,Annuaire Desfossés 1945,,"Transports maritimes, ports et docks",Syrie-Liban,Proche-Orient,directory_entry,conseil_colon,Poinet
proche-orient-port-de-beyrouth-4438df,port,Port,bey-melhame-h,Halim bey Melhamé,bey Melhamé,Halim,president,1948,1945_1962,1,Annuaire Desfossés 1948,,"Transports maritimes, ports et docks",Syrie-Liban,Proche-Orient,directory_entry,conseil_colon,Halim bey Melhamé
proche-orient-port-de-beyrouth-4438df,port,Port,ferasson-l,L. Ferasson,Ferasson,L.,administrateur,1948,1945_1962,1,Annuaire Desfossés 1948,,"Transports maritimes, ports et docks",Syrie-Liban,Proche-Orient,directory_entry,conseil_colon,L. Ferasson
proche-orient-port-de-beyrouth-4438df,port,Port,hersent-g,G. Hersent,Hersent,G.,administrateur,1948,1945_1962,1,Annuaire Desfossés 1948,,"Transports maritimes, ports et docks",Syrie-Liban,Proche-Orient,directory_entry,conseil_colon,G. Hersent
proche-orient-port-de-beyrouth-4438df,port,Port,p-lassus-saint-genies,P Lassus-Saint-Geniès,P Lassus-Saint-Geniès,,administrateur,1948,1945_1962,1,Annuaire Desfossés 1948,,"Transports maritimes, ports et docks",Syrie-Liban,Proche-Orient,directory_entry,conseil_colon,baron P Lassus-Saint-Geniès
proche-orient-port-de-beyrouth-4438df,port,Port,michon-coster-j,J. Michon-Coster,Michon-Coster,J.,administrateur,1948,1945_1962,1,Annuaire Desfossés 1948,,"Transports maritimes, ports et docks",Syrie-Liban,Proche-Orient,directory_entry,conseil_colon,baron J. Michon-Coster
proche-orient-port-de-beyrouth-4438df,port,Port,bey-beyaum-a,Abdallah Bey Beyaum,Bey Beyaum,Abdallah,administrateur,1948,1945_1962,1,Annuaire Desfossés 1948,,"Transports maritimes, ports et docks",Syrie-Liban,Proche-Orient,directory_entry,conseil_colon,Abdallah Bey Beyaum
proche-orient-port-de-beyrouth-4438df,port,Port,kettaneh-a,Kettaneh,Kettaneh,,administrateur,1948,1945_1962,1,Annuaire Desfossés 1948,,"Transports maritimes, ports et docks",Syrie-Liban,Proche-Orient,directory_entry,conseil_colon,Kettaneh
proche-orient-port-de-beyrouth-4438df,port,Port,poinet,Poinet,Poinet,,administrateur,1948,1945_1962,1,Annuaire Desfossés 1948,,"Transports maritimes, ports et docks",Syrie-Liban,Proche-Orient,directory_entry,conseil_colon,Poinet
proche-orient-radio-orient-c57105,radioorient,Radio-Orient,bousquet-h,Henri Bousquet,Bousquet,Henri,administrateur,1924,1914_1929,1,"Les Documents politiques, janvier 1924",,Sociétés diverses,Syrie-Liban,Proche-Orient,citation,conseil_compose,MM. Henri Bousquet
proche-orient-radio-orient-c57105,radioorient,Radio-Orient,wibratte-l,Louis Wibratte,Wibratte,Louis,administrateur,1924,1914_1929,1,"Les Documents politiques, janvier 1924",,Sociétés diverses,Syrie-Liban,Proche-Orient,citation,conseil_compose,Louis Wibratte
proche-orient-radio-orient-c57105,radioorient,« RADIO-ORIENT »,bousquet-h,Henri Bousquet,Bousquet,Henri,president,1925,1914_1929,1,Annuaire industriel 1925,,Sociétés diverses,Syrie-Liban,Proche-Orient,directory_entry,pres_abbrev,M. Henri Bousquet
proche-orient-radio-orient-c57105,radioorient,« RADIO-ORIENT »,berard-m,Maurice Bérard,Bérard,Maurice,president,1925,1914_1929,1,Annuaire industriel 1925,,Sociétés diverses,Syrie-Liban,Proche-Orient,directory_entry,pres_abbrev,Maurice Bérard
proche-orient-radio-orient-c57105,radioorient,« RADIO-ORIENT »,de-gunzbourg-j,Jean de Gunzbourg,de Gunzbourg,Jean,president,1925,1914_1929,1,Annuaire industriel 1925,,Sociétés diverses,Syrie-Liban,Proche-Orient,directory_entry,pres_abbrev,Jean de Gunzbourg
proche-orient-radio-orient-c57105,radioorient,« RADIO-ORIENT »,marechal-h,Henri Maréchal,Maréchal,Henri,president,1925,1914_1929,1,Annuaire industriel 1925,"X- Pts, pdt Cie gén. voitures (CGV)",Sociétés diverses,Syrie-Liban,Proche-Orient,directory_entry,pres_abbrev,"Henri Maréchal [X- Pts, pdt Cie gén. voitures (CGV) ]"
proche-orient-radio-orient-c57105,radioorient,« RADIO-ORIENT »,pietri-n,Nicolas Piétri,Piétri,Nicolas,president,1925,1914_1929,1,Annuaire industriel 1925,,Sociétés diverses,Syrie-Liban,Proche-Orient,directory_entry,pres_abbrev,Nicolas Piétri
proche-orient-radio-orient-c57105,radioorient,« RADIO-ORIENT »,pillet-will-f,Frédéric Pillet-Will,Pillet-Will,Frédéric,president,1925,1914_1929,1,Annuaire industriel 1925,,Sociétés diverses,Syrie-Liban,Proche-Orient,directory_entry,pres_abbrev,comte Frédéric Pillet-Will
proche-orient-radio-orient-c57105,radioorient,« RADIO-ORIENT »,exploitation-de-postes-radiotelegraphiques-en-orie,exploitation de postes radiotélégraphiques en Orient,exploitation de postes radiotélégraphiques en Orient,,president,1925,1914_1929,1,Annuaire industriel 1925,18-48491,Sociétés diverses,Syrie-Liban,Proche-Orient,directory_entry,pres_abbrev,exploitation de postes radiotélégraphiques en Orient. (18-48491)
proche-orient-radio-orient-c57105,radioorient,Radio-Orient,henrion,Henrion,Henrion,,commissaire_aux_comptes,1937,1930_1944,0,Annuaire Desfossés 1937,,Sociétés diverses,Syrie-Liban,Proche-Orient,directory_entry,commissaires,M. Henrion
proche-orient-radio-orient-c57105,radioorient,Radio-Orient,couly-a,A. Couly,Couly,A.,commissaire_aux_comptes,1937,1930_1944,0,Annuaire Desfossés 1937,,Sociétés diverses,Syrie-Liban,Proche-Orient,directory_entry,commissaires,A. Couly
proche-orient-radio-orient-c57105,radioorient,RADIO-ORIENT,bousquet-h,H. Bousquet,Bousquet,H.,president,1938,1930_1944,1,Annuaire industriel 1938,CSF,Sociétés diverses,Syrie-Liban,Proche-Orient,directory_entry,cons_adm_abbrev,M. H. Bousquet [CSF]
proche-orient-radio-orient-c57105,radioorient,RADIO-ORIENT,girardeau-e,E. Girardeau,Girardeau,E.,vice_president,1938,1930_1944,1,Annuaire industriel 1938,CSF,Sociétés diverses,Syrie-Liban,Proche-Orient,directory_entry,cons_adm_abbrev,M. E. Girardeau [CSF]
proche-orient-radio-orient-c57105,radioorient,RADIO-ORIENT,atthalin-a,A. Atthalin,Atthalin,A.,administrateur,1938,1930_1944,1,Annuaire industriel 1938,BPPB,Sociétés diverses,Syrie-Liban,Proche-Orient,directory_entry,cons_adm_abbrev,Adm: MM. A. Atthalin [BPPB]
proche-orient-radio-orient-c57105,radioorient,RADIO-ORIENT,berard,Bérard,Bérard,,administrateur,1938,1930_1944,1,Annuaire industriel 1938,,Sociétés diverses,Syrie-Liban,Proche-Orient,directory_entry,cons_adm_abbrev,M. Bérard
proche-orient-radio-orient-c57105,radioorient,RADIO-ORIENT,de-gunzburg-j-jean,Jean de Gunzburg,de Gunzburg,Jean,administrateur,1938,1930_1944,1,Annuaire industriel 1938,,Sociétés diverses,Syrie-Liban,Proche-Orient,directory_entry,cons_adm_abbrev,Jean de Gunzburg
proche-orient-radio-orient-c57105,radioorient,RADIO-ORIENT,hanemoglou,Hanemoglou,Hanemoglou,,administrateur,1938,1930_1944,1,Annuaire industriel 1938,,Sociétés diverses,Syrie-Liban,Proche-Orient,directory_entry,cons_adm_abbrev,M. Hanemoglou
proche-orient-radio-orient-c57105,radioorient,RADIO-ORIENT,marechal-h,H. Maréchal,Maréchal,H.,administrateur,1938,1930_1944,1,Annuaire industriel 1938,,Sociétés diverses,Syrie-Liban,Proche-Orient,directory_entry,cons_adm_abbrev,H. Maréchal
proche-orient-radio-orient-c57105,radioorient,RADIO-ORIENT,pillet-will-f,F. Pillet-Will,Pillet-Will,F.,administrateur,1938,1930_1944,1,Annuaire industriel 1938,,Sociétés diverses,Syrie-Liban,Proche-Orient,directory_entry,cons_adm_abbrev,Comte F. Pillet-Will
proche-orient-radio-orient-c57105,radioorient,RADIO-ORIENT,pietri-n,Nicolas Pietri,Pietri,Nicolas,administrateur,1938,1930_1944,1,Annuaire industriel 1938,,Sociétés diverses,Syrie-Liban,Proche-Orient,directory_entry,cons_adm_abbrev,Nicolas Pietri
proche-orient-radio-orient-c57105,radioorient,RADIO-ORIENT,wibratte-l,L. Wibratte,Wibratte,L.,administrateur,1938,1930_1944,1,Annuaire industriel 1938,BPPB,Sociétés diverses,Syrie-Liban,Proche-Orient,directory_entry,cons_adm_abbrev,L. Wibratte [BPPB]
proche-orient-radio-orient-c57105,radioorient,RADIO-ORIENT,henrion,Henrion,Henrion,,commissaire_aux_comptes,1940,1930_1944,0,Annuaire Desfossés 1940,,Sociétés diverses,Syrie-Liban,Proche-Orient,directory_entry,commissaires,M. Henrion
proche-orient-radio-orient-c57105,radioorient,RADIO-ORIENT,couly-a,A. Couly,Couly,A.,commissaire_aux_comptes,1940,1930_1944,0,Annuaire Desfossés 1940,,Sociétés diverses,Syrie-Liban,Proche-Orient,directory_entry,commissaires,A. Couly
proche-orient-radio-orient-c57105,radioorient,Radio-Orient,henrion,Henrion,Henrion,,commissaire_aux_comptes,1945,1945_1962,0,Annuaire Desfossés 1945,,Sociétés diverses,Syrie-Liban,Proche-Orient,directory_entry,dg,M. Henrion
proche-orient-radio-orient-c57105,radioorient,Radio-Orient,couly-a,A. Couly,Couly,A.,commissaire_aux_comptes,1945,1945_1962,0,Annuaire Desfossés 1945,,Sociétés diverses,Syrie-Liban,Proche-Orient,directory_entry,dg,A. Couly
proche-orient-radio-orient-c57105,radioorient,Radio-Orient,girardeau-e,E. Girardeau,Girardeau,E.,directeur_general,1948,1945_1962,0,Annuaire Desfossés 1948,,Sociétés diverses,Syrie-Liban,Proche-Orient,directory_entry,dg,M. E. Girardeau
proche-orient-radio-orient-c57105,radioorient,Radio-Orient,salem-j,J. Salem,Salem,J.,directeur_general,1948,1945_1962,0,Annuaire Desfossés 1948,,Sociétés diverses,Syrie-Liban,Proche-Orient,directory_entry,dg,J. Salem
proche-orient-radio-orient-c57105,radioorient,Radio-Orient,couly-a,A. Couly,Couly,A.,directeur_general,1948,1945_1962,0,Annuaire Desfossés 1948,,Sociétés diverses,Syrie-Liban,Proche-Orient,directory_entry,dg,A. Couly
proche-orient-radio-orient-c57105,radioorient,Radio-Orient,henrion,Henrion,Henrion,,commissaire_aux_comptes,1953,1945_1962,0,Annuaire Desfossés 1953,,Sociétés diverses,Syrie-Liban,Proche-Orient,directory_entry,commissaires,M. Henrion
proche-orient-radio-orient-c57105,radioorient,Radio-Orient,couly-a,A. Couly,Couly,A.,commissaire_aux_comptes,1953,1945_1962,0,Annuaire Desfossés 1953,,Sociétés diverses,Syrie-Liban,Proche-Orient,directory_entry,commissaires,A. Couly
proche-orient-route-beyrouth-damas-bbd2a2,imperialeottomaneroutebeyrouthdamas,Compagnie impériale ottomane de la Route de Beyrouth à Damas,emond-r,Emond,Emond,,administrateur_delegue,1892,pre_1914,1,"Le Messager de Paris, 19 janvier 1892",,Transports terrestres,Syrie-Liban,Proche-Orient,citation,conseil_compose,Emond
proche-orient-route-beyrouth-damas-bbd2a2,imperialeottomaneroutebeyrouthdamas,Compagnie impériale ottomane de la Route de Beyrouth à Damas,habert-g,G. Habert,Habert,G.,administrateur,1892,pre_1914,1,"Le Messager de Paris, 19 janvier 1892",,Transports terrestres,Syrie-Liban,Proche-Orient,citation,conseil_compose,G. Habert
proche-orient-route-beyrouth-damas-bbd2a2,imperialeottomaneroutebeyrouthdamas,Compagnie impériale ottomane de la Route de Beyrouth à Damas,jagerschmidt,Jagerschmidt,Jagerschmidt,,administrateur,1892,pre_1914,1,"Le Messager de Paris, 19 janvier 1892",,Transports terrestres,Syrie-Liban,Proche-Orient,citation,conseil_compose,Jagerschmidt
proche-orient-route-beyrouth-damas-bbd2a2,imperialeottomaneroutebeyrouthdamas,Compagnie impériale ottomane de la Route de Beyrouth à Damas,mahou-l,Mahoû,Mahoû,,administrateur,1892,pre_1914,1,"Le Messager de Paris, 19 janvier 1892",,Transports terrestres,Syrie-Liban,Proche-Orient,citation,conseil_compose,Mahoû
proche-orient-route-beyrouth-damas-bbd2a2,imperialeottomaneroutebeyrouthdamas,Compagnie impériale ottomane de la Route de Beyrouth à Damas,de-nervo,de Nervo,de Nervo,,administrateur,1892,pre_1914,1,"Le Messager de Paris, 19 janvier 1892",,Transports terrestres,Syrie-Liban,Proche-Orient,citation,conseil_compose,baron de Nervo
proche-orient-route-beyrouth-damas-bbd2a2,imperialeottomaneroutebeyrouthdamas,Compagnie impériale ottomane de la Route de Beyrouth à Damas,passy-e,E. Passy,Passy,E.,administrateur,1892,pre_1914,1,"Le Messager de Paris, 19 janvier 1892",,Transports terrestres,Syrie-Liban,Proche-Orient,citation,conseil_compose,E. Passy
proche-orient-tramways-eclairage-beyrouth-3fb79d,tramwayselectricite,"Tramways et électricite, puis Tramways et éclairage de Beyrouth",bey-pangiris-a,Aleco Bey Pangiris,Bey Pangiris,Aleco,president,1906,pre_1914,1,"Le Journal des finances, 6 octobre 1906",,Transports terrestres,Syrie-Liban,Proche-Orient,citation,conseil_heading,Aleco Bey Pangiris
proche-orient-tramways-eclairage-beyrouth-3fb79d,tramwayselectricite,"Tramways et électricite, puis Tramways et éclairage de Beyrouth",limauge-v,Victor Limauge,Limauge,Victor,president,1906,pre_1914,1,"Le Journal des finances, 6 octobre 1906",,Transports terrestres,Syrie-Liban,Proche-Orient,citation,conseil_heading,Victor Limauge
proche-orient-tramways-eclairage-beyrouth-3fb79d,tramwayselectricite,"Tramways et électricite, puis Tramways et éclairage de Beyrouth",denis-e-edouard,Édouard Denis,Denis,Édouard,administrateur,1906,pre_1914,1,"Le Journal des finances, 6 octobre 1906",,Transports terrestres,Syrie-Liban,Proche-Orient,citation,conseil_heading,Édouard Denis
proche-orient-tramways-eclairage-beyrouth-3fb79d,tramwayselectricite,"Tramways et électricite, puis Tramways et éclairage de Beyrouth",de-stacpoole,de Stacpoole,de Stacpoole,,administrateur,1906,pre_1914,1,"Le Journal des finances, 6 octobre 1906",,Transports terrestres,Syrie-Liban,Proche-Orient,citation,conseil_heading,duc de Stacpoole
proche-orient-tramways-eclairage-beyrouth-3fb79d,tramwayselectricite,"Tramways et électricite, puis Tramways et éclairage de Beyrouth",de-vendeuvre,de Vendeuvre,de Vendeuvre,,administrateur,1906,pre_1914,1,"Le Journal des finances, 6 octobre 1906",,Transports terrestres,Syrie-Liban,Proche-Orient,citation,conseil_heading,baron de Vendeuvre
proche-orient-tramways-eclairage-beyrouth-3fb79d,tramwayselectricite,"Tramways et électricite, puis Tramways et éclairage de Beyrouth",bey-m,Mahmoud Bey,Bey,Mahmoud,administrateur,1906,pre_1914,1,"Le Journal des finances, 6 octobre 1906",,Transports terrestres,Syrie-Liban,Proche-Orient,citation,conseil_heading,Mahmoud Bey
proche-orient-tramways-eclairage-beyrouth-3fb79d,tramwayselectricite,"Tramways et électricite, puis Tramways et éclairage de Beyrouth",bey-n,Nouri Bey,Bey,Nouri,administrateur,1906,pre_1914,1,"Le Journal des finances, 6 octobre 1906",,Transports terrestres,Syrie-Liban,Proche-Orient,citation,conseil_heading,Nouri Bey
proche-orient-tramways-eclairage-beyrouth-3fb79d,tramwayselectricite,"Tramways et électricite, puis Tramways et éclairage de Beyrouth",perin-a,Albert Périn,Périn,Albert,administrateur,1906,pre_1914,1,"Le Journal des finances, 6 octobre 1906",,Transports terrestres,Syrie-Liban,Proche-Orient,citation,conseil_heading,Albert Périn
proche-orient-tramways-eclairage-beyrouth-3fb79d,tramwayselectricite,"Tramways et électricite, puis Tramways et éclairage de Beyrouth",pavee-j,Jules Pavée,Pavée,Jules,administrateur,1922,1914_1929,1,"La Journée industrielle, 25 août 1922",,Transports terrestres,Syrie-Liban,Proche-Orient,citation,premiers_admin,MM. Jules Pavée
proche-orient-tramways-eclairage-beyrouth-3fb79d,tramwayselectricite,"Tramways et électricite, puis Tramways et éclairage de Beyrouth",de-vendeuvre,de Vendeuvre,de Vendeuvre,,administrateur,1922,1914_1929,1,"La Journée industrielle, 25 août 1922",,Transports terrestres,Syrie-Liban,Proche-Orient,citation,premiers_admin,baron de Vendeuvre
proche-orient-tramways-eclairage-beyrouth-3fb79d,tramwayselectricite,"Tramways et électricite, puis Tramways et éclairage de Beyrouth",fournier-r-rene,René Fournier,Fournier,René,administrateur,1922,1914_1929,1,"La Journée industrielle, 25 août 1922",,Transports terrestres,Syrie-Liban,Proche-Orient,citation,premiers_admin,René Fournier
proche-orient-tramways-eclairage-beyrouth-3fb79d,tramwayselectricite,"Tramways et électricite, puis Tramways et éclairage de Beyrouth",pirard-a,Albert Pirard,Pirard,Albert,administrateur,1922,1914_1929,1,"La Journée industrielle, 25 août 1922",,Transports terrestres,Syrie-Liban,Proche-Orient,citation,premiers_admin,Albert Pirard
proche-orient-tramways-eclairage-beyrouth-3fb79d,tramwayselectricite,"Tramways et électricite, puis Tramways et éclairage de Beyrouth",ranscelot-l,Léopold Ranscelot,Ranscelot,Léopold,administrateur,1922,1914_1929,1,"La Journée industrielle, 25 août 1922",,Transports terrestres,Syrie-Liban,Proche-Orient,citation,premiers_admin,Léopold Ranscelot
proche-orient-tramways-eclairage-beyrouth-3fb79d,tramwayselectricite,"Tramways et électricite, puis Tramways et éclairage de Beyrouth",sapin-c,Camille Sapin,Sapin,Camille,administrateur,1922,1914_1929,1,"La Journée industrielle, 25 août 1922",,Transports terrestres,Syrie-Liban,Proche-Orient,citation,premiers_admin,Camille Sapin
proche-orient-tramways-eclairage-beyrouth-3fb79d,tramwayselectricite,"Tramways et électricite, puis Tramways et éclairage de Beyrouth",tramways,Tramways,Tramways,,administrateur,1926,1914_1929,1,"Les Documents politiques, décembre 1926",,Transports terrestres,Syrie-Liban,Proche-Orient,citation,admin_label,Tramways
proche-orient-tramways-eclairage-beyrouth-3fb79d,tramwayselectricite,"Tramways et électricite, puis Tramways et éclairage de Beyrouth",eclairage-de-beyrouth,éclairage de Beyrouth,éclairage de Beyrouth,,administrateur,1926,1914_1929,1,"Les Documents politiques, décembre 1926",,Transports terrestres,Syrie-Liban,Proche-Orient,citation,admin_label,éclairage de Beyrouth
proche-orient-tramways-eclairage-beyrouth-3fb79d,tramwayseclairagebeyrouth,Tramways et éclairage de Beyrouth,pirard-a,A. Pirard,Pirard,A.,administrateur,1927,1914_1929,1,Annuaire Desfossés 1927,,Transports terrestres,Syrie-Liban,Proche-Orient,directory_entry,conseil_compose,MM. A. Pirard
proche-orient-tramways-eclairage-beyrouth-3fb79d,tramwayseclairagebeyrouth,Tramways et éclairage de Beyrouth,ancion-a,A. Ancion,Ancion,A.,administrateur,1927,1914_1929,1,Annuaire Desfossés 1927,,Transports terrestres,Syrie-Liban,Proche-Orient,directory_entry,conseil_compose,baron A. Ancion
proche-orient-tramways-eclairage-beyrouth-3fb79d,tramwayseclairagebeyrouth,Tramways et éclairage de Beyrouth,angoulvant-g,G. Angoulvant,Angoulvant,G.,administrateur,1927,1914_1929,1,Annuaire Desfossés 1927,,Transports terrestres,Syrie-Liban,Proche-Orient,directory_entry,conseil_compose,G. Angoulvant
proche-orient-tramways-eclairage-beyrouth-3fb79d,tramwayseclairagebeyrouth,Tramways et éclairage de Beyrouth,berard,Bérard,Bérard,,administrateur,1927,1914_1929,1,Annuaire Desfossés 1927,,Transports terrestres,Syrie-Liban,Proche-Orient,directory_entry,conseil_compose,M. Bérard
proche-orient-tramways-eclairage-beyrouth-3fb79d,tramwayseclairagebeyrouth,Tramways et éclairage de Beyrouth,chiha,Chiha,Chiha,,administrateur,1927,1914_1929,1,Annuaire Desfossés 1927,,Transports terrestres,Syrie-Liban,Proche-Orient,directory_entry,conseil_compose,M. Chiha
proche-orient-tramways-eclairage-beyrouth-3fb79d,tramwayseclairagebeyrouth,Tramways et éclairage de Beyrouth,van-hoegaerden-j,J. Van Hoegaerden,Van Hoegaerden,J.,administrateur,1927,1914_1929,1,Annuaire Desfossés 1927,,Transports terrestres,Syrie-Liban,Proche-Orient,directory_entry,conseil_compose,J. Van Hoegaerden
proche-orient-tramways-eclairage-beyrouth-3fb79d,tramwayseclairagebeyrouth,Tramways et éclairage de Beyrouth,perin-a,A. Perin,Perin,A.,administrateur,1927,1914_1929,1,Annuaire Desfossés 1927,,Transports terrestres,Syrie-Liban,Proche-Orient,directory_entry,conseil_compose,A. Perin
proche-orient-tramways-eclairage-beyrouth-3fb79d,tramwayseclairagebeyrouth,Tramways et éclairage de Beyrouth,soubret-e,E. Soubret,Soubret,E.,administrateur,1927,1914_1929,1,Annuaire Desfossés 1927,,Transports terrestres,Syrie-Liban,Proche-Orient,directory_entry,conseil_compose,E. Soubret
proche-orient-tramways-eclairage-beyrouth-3fb79d,tramwayseclairagebeyrouth,Tramways et éclairage de Beyrouth,thonet-c,Ch. Thonet,Thonet,Ch.,administrateur,1927,1914_1929,1,Annuaire Desfossés 1927,,Transports terrestres,Syrie-Liban,Proche-Orient,directory_entry,conseil_compose,Ch. Thonet
proche-orient-tramways-eclairage-beyrouth-3fb79d,tramwayseclairagebeyrouth,Tramways et éclairage de Beyrouth,lamarche-a,A. Lamarche,Lamarche,A.,administrateur,1927,1914_1929,1,Annuaire Desfossés 1927,,Transports terrestres,Syrie-Liban,Proche-Orient,directory_entry,conseil_compose,A. Lamarche
proche-orient-tramways-eclairage-beyrouth-3fb79d,tramwayseclairagebeyrouth,Tramways et éclairage de Beyrouth,amidieu-du-clos-a,A. Amidieu du Clos,Amidieu du Clos,A.,administrateur,1927,1914_1929,1,Annuaire Desfossés 1927,,Transports terrestres,Syrie-Liban,Proche-Orient,directory_entry,conseil_compose,A. Amidieu du Clos
proche-orient-tramways-eclairage-beyrouth-3fb79d,tramwayseclairagebeyrouth,Tramways et éclairage de Beyrouth,pirard-a,A. Pirard,Pirard,A.,administrateur,1931,1930_1944,1,Annuaire Desfossés 1931,,Transports terrestres,Syrie-Liban,Proche-Orient,directory_entry,conseil_compose,A. Pirard
proche-orient-tramways-eclairage-beyrouth-3fb79d,tramwayseclairagebeyrouth,Tramways et éclairage de Beyrouth,angoulvant-g,G. Angoulvant,Angoulvant,G.,administrateur,1931,1930_1944,1,Annuaire Desfossés 1931,,Transports terrestres,Syrie-Liban,Proche-Orient,directory_entry,conseil_compose,G. Angoulvant
proche-orient-tramways-eclairage-beyrouth-3fb79d,tramwayseclairagebeyrouth,Tramways et éclairage de Beyrouth,berard,Bérard,Bérard,,administrateur,1931,1930_1944,1,Annuaire Desfossés 1931,,Transports terrestres,Syrie-Liban,Proche-Orient,directory_entry,conseil_compose,M. Bérard
proche-orient-tramways-eclairage-beyrouth-3fb79d,tramwayseclairagebeyrouth,Tramways et éclairage de Beyrouth,chiha,Chiha,Chiha,,administrateur,1931,1930_1944,1,Annuaire Desfossés 1931,,Transports terrestres,Syrie-Liban,Proche-Orient,directory_entry,conseil_compose,M. Chiha
proche-orient-tramways-eclairage-beyrouth-3fb79d,tramwayseclairagebeyrouth,Tramways et éclairage de Beyrouth,goffin-a,A. Goffin,Goffin,A.,administrateur,1931,1930_1944,1,Annuaire Desfossés 1931,,Transports terrestres,Syrie-Liban,Proche-Orient,directory_entry,conseil_compose,A. Goffin
proche-orient-tramways-eclairage-beyrouth-3fb79d,tramwayseclairagebeyrouth,Tramways et éclairage de Beyrouth,van-hoegaerden-j,J. Van Hoegaerden,Van Hoegaerden,J.,administrateur,1931,1930_1944,1,Annuaire Desfossés 1931,,Transports terrestres,Syrie-Liban,Proche-Orient,directory_entry,conseil_compose,J. Van Hoegaerden
proche-orient-tramways-eclairage-beyrouth-3fb79d,tramwayseclairagebeyrouth,Tramways et éclairage de Beyrouth,soubret-e,E. Soubret,Soubret,E.,administrateur,1931,1930_1944,1,Annuaire Desfossés 1931,,Transports terrestres,Syrie-Liban,Proche-Orient,directory_entry,conseil_compose,E. Soubret
proche-orient-tramways-eclairage-beyrouth-3fb79d,tramwayseclairagebeyrouth,Tramways et éclairage de Beyrouth,thonet-c,Ch. Thonet,Thonet,Ch.,administrateur,1931,1930_1944,1,Annuaire Desfossés 1931,,Transports terrestres,Syrie-Liban,Proche-Orient,directory_entry,conseil_compose,Ch. Thonet
proche-orient-tramways-eclairage-beyrouth-3fb79d,tramwayseclairagebeyrouth,Tramways et éclairage de Beyrouth,lamarche-a,A. Lamarche,Lamarche,A.,administrateur,1931,1930_1944,1,Annuaire Desfossés 1931,,Transports terrestres,Syrie-Liban,Proche-Orient,directory_entry,conseil_compose,A. Lamarche
proche-orient-tramways-eclairage-beyrouth-3fb79d,tramwayseclairagebeyrouth,Tramways et éclairage de Beyrouth,amidieu-du-clos-a,A. Amidieu du Clos,Amidieu du Clos,A.,administrateur,1931,1930_1944,1,Annuaire Desfossés 1931,,Transports terrestres,Syrie-Liban,Proche-Orient,directory_entry,conseil_compose,A. Amidieu du Clos
proche-orient-tramways-eclairage-beyrouth-3fb79d,tramwayseclairagebeyrouth,Tramways et éclairage de Beyrouth,pirard-a,A. Pirard,Pirard,A.,administrateur,1933,1930_1944,1,Annuaire Desfossés 1933,,Transports terrestres,Syrie-Liban,Proche-Orient,directory_entry,conseil_compose,A. Pirard
proche-orient-tramways-eclairage-beyrouth-3fb79d,tramwayseclairagebeyrouth,Tramways et éclairage de Beyrouth,angoulvant-g,G. Angoulvant,Angoulvant,G.,administrateur,1933,1930_1944,1,Annuaire Desfossés 1933,,Transports terrestres,Syrie-Liban,Proche-Orient,directory_entry,conseil_compose,G. Angoulvant
proche-orient-tramways-eclairage-beyrouth-3fb79d,tramwayseclairagebeyrouth,Tramways et éclairage de Beyrouth,berard,Bérard,Bérard,,administrateur,1933,1930_1944,1,Annuaire Desfossés 1933,,Transports terrestres,Syrie-Liban,Proche-Orient,directory_entry,conseil_compose,M. Bérard
proche-orient-tramways-eclairage-beyrouth-3fb79d,tramwayseclairagebeyrouth,Tramways et éclairage de Beyrouth,chiha,Chiha,Chiha,,administrateur,1933,1930_1944,1,Annuaire Desfossés 1933,,Transports terrestres,Syrie-Liban,Proche-Orient,directory_entry,conseil_compose,M. Chiha
proche-orient-tramways-eclairage-beyrouth-3fb79d,tramwayseclairagebeyrouth,Tramways et éclairage de Beyrouth,goffin-a,A. Goffin,Goffin,A.,administrateur,1933,1930_1944,1,Annuaire Desfossés 1933,,Transports terrestres,Syrie-Liban,Proche-Orient,directory_entry,conseil_compose,A. Goffin
proche-orient-tramways-eclairage-beyrouth-3fb79d,tramwayseclairagebeyrouth,Tramways et éclairage de Beyrouth,van-hoegaerden-j,J. Van Hoegaerden,Van Hoegaerden,J.,administrateur,1933,1930_1944,1,Annuaire Desfossés 1933,,Transports terrestres,Syrie-Liban,Proche-Orient,directory_entry,conseil_compose,J. Van Hoegaerden
proche-orient-tramways-eclairage-beyrouth-3fb79d,tramwayseclairagebeyrouth,Tramways et éclairage de Beyrouth,soubret-e,E. Soubret,Soubret,E.,administrateur,1933,1930_1944,1,Annuaire Desfossés 1933,,Transports terrestres,Syrie-Liban,Proche-Orient,directory_entry,conseil_compose,E. Soubret
proche-orient-tramways-eclairage-beyrouth-3fb79d,tramwayseclairagebeyrouth,Tramways et éclairage de Beyrouth,thonet-c,Ch. Thonet,Thonet,Ch.,administrateur,1933,1930_1944,1,Annuaire Desfossés 1933,,Transports terrestres,Syrie-Liban,Proche-Orient,directory_entry,conseil_compose,Ch. Thonet
proche-orient-tramways-eclairage-beyrouth-3fb79d,tramwayseclairagebeyrouth,Tramways et éclairage de Beyrouth,lamarche-a,A. Lamarche,Lamarche,A.,administrateur,1933,1930_1944,1,Annuaire Desfossés 1933,,Transports terrestres,Syrie-Liban,Proche-Orient,directory_entry,conseil_compose,A. Lamarche
proche-orient-tramways-eclairage-beyrouth-3fb79d,tramwayseclairagebeyrouth,Tramways et éclairage de Beyrouth,amidieu-du-clos-a,A. Amidieu du Clos,Amidieu du Clos,A.,administrateur,1933,1930_1944,1,Annuaire Desfossés 1933,,Transports terrestres,Syrie-Liban,Proche-Orient,directory_entry,conseil_compose,A. Amidieu du Clos
proche-orient-tramways-eclairage-beyrouth-3fb79d,tramwayseclairagebeyrouth,Tramways et éclairage de Beyrouth,bourgeois-d,D. Bourgeois,Bourgeois,D.,administrateur,1933,1930_1944,1,Annuaire Desfossés 1933,,Transports terrestres,Syrie-Liban,Proche-Orient,directory_entry,conseil_compose,D. Bourgeois
proche-orient-tramways-electricite-damas-5754ea,ottomanetramwayseclairageelectriquesdamas,"Société ottomane des Tramways et éclairage électriques de Damas, puis Tramways et électricité de Damas",urban-e,Ernest Urban,Urban,Ernest,administrateur,1910,pre_1914,1,"Le Capitaliste, 14 avril 1910",sans changement,Transports terrestres,Syrie-Liban,Proche-Orient,citation,conseil_heading,(sans changement) Ernest Urban
proche-orient-tramways-electricite-damas-5754ea,ottomanetramwayseclairageelectriquesdamas,"Société ottomane des Tramways et éclairage électriques de Damas, puis Tramways et électricité de Damas",jacobs-j,Jules Jacobs,Jacobs,Jules,administrateur,1910,pre_1914,1,"Le Capitaliste, 14 avril 1910",,Transports terrestres,Syrie-Liban,Proche-Orient,citation,conseil_heading,Jules Jacobs
proche-orient-tramways-electricite-damas-5754ea,ottomanetramwayseclairageelectriquesdamas,"Société ottomane des Tramways et éclairage électriques de Damas, puis Tramways et électricité de Damas",janssen-l,Léon Janssen,Janssen,Léon,administrateur,1910,pre_1914,1,"Le Capitaliste, 14 avril 1910",,Transports terrestres,Syrie-Liban,Proche-Orient,citation,conseil_heading,Léon Janssen
proche-orient-tramways-electricite-damas-5754ea,ottomanetramwayseclairageelectriquesdamas,"Société ottomane des Tramways et éclairage électriques de Damas, puis Tramways et électricité de Damas",de-la-hault-a,Auguste de la Hault,de la Hault,Auguste,administrateur,1910,pre_1914,1,"Le Capitaliste, 14 avril 1910",,Transports terrestres,Syrie-Liban,Proche-Orient,citation,conseil_heading,Auguste de la Hault
proche-orient-tramways-electricite-damas-5754ea,ottomanetramwayseclairageelectriquesdamas,"Société ottomane des Tramways et éclairage électriques de Damas, puis Tramways et électricité de Damas",stern-h,Hermann Stern,Stern,Hermann,administrateur,1910,pre_1914,1,"Le Capitaliste, 14 avril 1910",,Transports terrestres,Syrie-Liban,Proche-Orient,citation,conseil_heading,Hermann Stern
proche-orient-tramways-electricite-damas-5754ea,ottomanetramwayseclairageelectriquesdamas,"Société ottomane des Tramways et éclairage électriques de Damas, puis Tramways et électricité de Damas",de-bauer-g,Georges de Bauer,de Bauer,Georges,administrateur,1910,pre_1914,1,"Le Capitaliste, 14 avril 1910",,Transports terrestres,Syrie-Liban,Proche-Orient,citation,conseil_heading,Georges de Bauer
proche-orient-tramways-electricite-damas-5754ea,ottomanetramwayseclairageelectriquesdamas,"Société ottomane des Tramways et éclairage électriques de Damas, puis Tramways et électricité de Damas",cicogna-c,Charles Cicogna,Cicogna,Charles,administrateur,1910,pre_1914,1,"Le Capitaliste, 14 avril 1910",,Transports terrestres,Syrie-Liban,Proche-Orient,citation,conseil_heading,Charles Cicogna
proche-orient-tramways-electricite-damas-5754ea,ottomanetramwayseclairageelectriquesdamas,"Société ottomane des Tramways et éclairage électriques de Damas, puis Tramways et électricité de Damas",empain-e,Édouard Empain,Empain,Édouard,administrateur,1910,pre_1914,1,"Le Capitaliste, 14 avril 1910",,Transports terrestres,Syrie-Liban,Proche-Orient,citation,conseil_heading,Édouard Empain
proche-orient-tramways-electricite-damas-5754ea,ottomanetramwayseclairageelectriquesdamas,"Société ottomane des Tramways et éclairage électriques de Damas, puis Tramways et électricité de Damas",empain-f,François Empain,Empain,François,administrateur,1910,pre_1914,1,"Le Capitaliste, 14 avril 1910",,Transports terrestres,Syrie-Liban,Proche-Orient,citation,conseil_heading,François Empain
proche-orient-tramways-electricite-damas-5754ea,ottomanetramwayseclairageelectriquesdamas,"Société ottomane des Tramways et éclairage électriques de Damas, puis Tramways et électricité de Damas",ed-empain,Ed. Empain,Ed. Empain,,president,1928,1914_1929,1,"La Correspondance d’Orient, novembre 1928",,Transports terrestres,Syrie-Liban,Proche-Orient,citation,conseil_heading,Ed. Empain
proche-orient-tramways-electricite-damas-5754ea,ottomanetramwayseclairageelectriquesdamas,"Société ottomane des Tramways et éclairage électriques de Damas, puis Tramways et électricité de Damas",empain-j,J. Empain,Empain,J.,president,1928,1914_1929,1,"La Correspondance d’Orient, novembre 1928",,Transports terrestres,Syrie-Liban,Proche-Orient,citation,conseil_heading,J. Empain
proche-orient-tramways-electricite-damas-5754ea,ottomanetramwayseclairageelectriquesdamas,"Société ottomane des Tramways et éclairage électriques de Damas, puis Tramways et électricité de Damas",francken-c,C. Francken,Francken,C.,president,1928,1914_1929,1,"La Correspondance d’Orient, novembre 1928",,Transports terrestres,Syrie-Liban,Proche-Orient,citation,conseil_heading,C. Francken
proche-orient-tramways-electricite-damas-5754ea,ottomanetramwayseclairageelectriquesdamas,"Société ottomane des Tramways et éclairage électriques de Damas, puis Tramways et électricité de Damas",graux-l,L. Graux,Graux,L.,president,1928,1914_1929,1,"La Correspondance d’Orient, novembre 1928",adm. des Économiques puis d'Électrobel,Transports terrestres,Syrie-Liban,Proche-Orient,citation,conseil_heading,L. Graux [adm. des Économiques puis d'Électrobel]
proche-orient-tramways-electricite-damas-5754ea,ottomanetramwayseclairageelectriquesdamas,"Société ottomane des Tramways et éclairage électriques de Damas, puis Tramways et électricité de Damas",harmant-e,E. Harmant,Harmant,E.,president,1928,1914_1929,1,"La Correspondance d’Orient, novembre 1928",,Transports terrestres,Syrie-Liban,Proche-Orient,citation,conseil_heading,E. Harmant
proche-orient-tramways-electricite-damas-5754ea,ottomanetramwayseclairageelectriquesdamas,"Société ottomane des Tramways et éclairage électriques de Damas, puis Tramways et électricité de Damas",passelecq-m,Passelecq,Passelecq,,president,1928,1914_1929,1,"La Correspondance d’Orient, novembre 1928",,Transports terrestres,Syrie-Liban,Proche-Orient,citation,conseil_heading,M. Passelecq
proche-orient-tramways-electricite-damas-5754ea,ottomanetramwayseclairageelectriquesdamas,"Société ottomane des Tramways et éclairage électriques de Damas, puis Tramways et électricité de Damas",guillon-e,E. Guillon,Guillon,E.,president,1928,1914_1929,1,"La Correspondance d’Orient, novembre 1928",,Transports terrestres,Syrie-Liban,Proche-Orient,citation,conseil_heading,E. Guillon
proche-orient-tramways-electricite-damas-5754ea,ottomanetramwayseclairageelectriquesdamas,"Société ottomane des Tramways et éclairage électriques de Damas, puis Tramways et électricité de Damas",jourdanne-a,A. Jourdanne,Jourdanne,A.,president,1928,1914_1929,1,"La Correspondance d’Orient, novembre 1928",,Transports terrestres,Syrie-Liban,Proche-Orient,citation,conseil_heading,A. Jourdanne
proche-orient-tramways-electricite-damas-5754ea,ottomanetramwayseclairageelectriquesdamas,"Société ottomane des Tramways et éclairage électriques de Damas, puis Tramways et électricité de Damas",louis,Louis,Louis,,president,1928,1914_1929,1,"La Correspondance d’Orient, novembre 1928",,Transports terrestres,Syrie-Liban,Proche-Orient,citation,conseil_heading,Louis
proche-orient-tramways-electricite-damas-5754ea,ottomanetramwayseclairageelectriquesdamas,"Société ottomane des Tramways et éclairage électriques de Damas, puis Tramways et électricité de Damas",piat-sur-les-membres-e,Émile Piat12. Sur les membres,Piat12. Sur les membres,Émile,president,1928,1914_1929,1,"La Correspondance d’Orient, novembre 1928",,Transports terrestres,Syrie-Liban,Proche-Orient,citation,conseil_heading,Émile Piat12. Sur les membres
proche-orient-tramways-libanais-beyrouth-b8f68c,tramwayslibanaisnordsudbeyrouth,Tramways libanais nord et sud de Beyrouth,berger-t,Théodore Berger,Berger,Théodore,president,1899,pre_1914,1,"Manuel des sociétés par actions de la région lyonnaise, 1899, p. 383-384",,Transports terrestres,Syrie-Liban,Proche-Orient,citation,admin_label,Théodore Berger
proche-orient-tramways-libanais-beyrouth-b8f68c,tramwayslibanaisnordsudbeyrouth,Tramways libanais nord et sud de Beyrouth,blanche-p,Paul Blanche,Blanche,Paul,administrateur,1899,pre_1914,1,"Manuel des sociétés par actions de la région lyonnaise, 1899, p. 383-384",,Transports terrestres,Syrie-Liban,Proche-Orient,citation,admin_label,Paul Blanche
proche-orient-tramways-libanais-beyrouth-b8f68c,tramwayslibanaisnordsudbeyrouth,Tramways libanais nord et sud de Beyrouth,bardin-l,Léon Bardin,Bardin,Léon,administrateur,1899,pre_1914,1,"Manuel des sociétés par actions de la région lyonnaise, 1899, p. 383-384",,Transports terrestres,Syrie-Liban,Proche-Orient,citation,admin_label,Léon Bardin
proche-orient-tramways-libanais-beyrouth-b8f68c,tramwayslibanaisnordsudbeyrouth,Tramways libanais nord et sud de Beyrouth,coze-e,Émile Coze,Coze,Émile,administrateur,1899,pre_1914,1,"Manuel des sociétés par actions de la région lyonnaise, 1899, p. 383-384",,Transports terrestres,Syrie-Liban,Proche-Orient,citation,admin_label,Émile Coze
proche-orient-tramways-libanais-beyrouth-b8f68c,tramwayslibanaisnordsudbeyrouth,Tramways libanais nord et sud de Beyrouth,deviolaine-l,Louis Deviolaine,Deviolaine,Louis,administrateur,1899,pre_1914,1,"Manuel des sociétés par actions de la région lyonnaise, 1899, p. 383-384",,Transports terrestres,Syrie-Liban,Proche-Orient,citation,admin_label,Louis Deviolaine
proche-orient-tramways-libanais-beyrouth-b8f68c,tramwayslibanaisnordsudbeyrouth,Tramways libanais nord et sud de Beyrouth,khadra-d,Dominique Khadra,Khadra,Dominique,administrateur,1899,pre_1914,1,"Manuel des sociétés par actions de la région lyonnaise, 1899, p. 383-384",,Transports terrestres,Syrie-Liban,Proche-Orient,citation,admin_label,Dominique Khadra
proche-orient-tramways-libanais-beyrouth-b8f68c,tramwayslibanaisnordsudbeyrouth,Tramways libanais nord et sud de Beyrouth,garat-s,Sabatié Garat,Garat,Sabatié,administrateur,1899,pre_1914,1,"Manuel des sociétés par actions de la région lyonnaise, 1899, p. 383-384",,Transports terrestres,Syrie-Liban,Proche-Orient,citation,admin_label,baron Sabatié Garat
