company_id,name,sectors,n_ties,n_directors,first_year,last_year
portfedhala,Compagnie du Port de Fedhala,"Documents généraux (par ordre chronologique); Transports maritimes, fluviaux et aériens",147,105,1913,1938
cheminsfermaroc,Compagnie des Chemins de fer du Maroc,"Documents généraux (par ordre chronologique); Transports terrestres, garages automobiles et agricoles",212,81,1913,1969
creditmarocain,Crédit marocain,"Banques, groupes financiers, assureurs; Documents généraux (par ordre chronologique)",108,74,1913,1952
francoespagnolecheminfertangerfez,Compagnie franco-espagnole du Chemin de fer de Tanger à Fez,"Documents généraux (par ordre chronologique); Transports terrestres, garages automobiles et agricoles",100,66,1913,1969
energieelectriquemaroc,Énergie électrique du Maroc,"Documents généraux (par ordre chronologique); Eau, gaz, électricité (Utilities)",149,56,1924,1969
chomel,Chomel et Cie,Documents généraux (par ordre chronologique),56,54,1926,1926
banqueetatmaroc,Banque d'État du Maroc,"Banques, groupes financiers, assureurs; Documents généraux (par ordre chronologique)",125,52,1922,1951
maroc,Compagnie du Maroc,"Banques, groupes financiers, assureurs; Documents généraux (par ordre chronologique); Sociétés foncières et immobilières",111,51,1913,1969
moulinsmaghreb,Société des Moulins du Maghreb,Documents généraux (par ordre chronologique); Industries agro-alimentaires,127,49,1920,1958
transportsmazeres,Transports Mazères,"Documents généraux (par ordre chronologique); Transports terrestres, garages automobiles et agricoles",52,48,1922,1926
marocaine,Compagnie marocaine,"Banques, groupes financiers, assureurs; Documents généraux (par ordre chronologique)",96,46,1913,1952
naphtesrhrabcentral,Sté des naphtes du Rhrab central,Documents généraux (par ordre chronologique),47,46,1950,1950
sudmarocain,Compagnie du Sud-Marocain,Documents généraux (par ordre chronologique); Industries agro-alimentaires,57,45,1923,1937
leoncegiraud,Léonce Giraud,Documents généraux (par ordre chronologique),45,45,1922,1922
manutentionmarocaine,La Manutention marocaine,"Documents généraux (par ordre chronologique); Transports maritimes, fluviaux et aériens",73,44,1913,1969
banquecommercialemaroc,Banque commerciale du Maroc,"Banques, groupes financiers, assureurs; Documents généraux (par ordre chronologique)",82,43,1911,1951
metallurgiqueminierefrancomarocaine,Compagnie Métallurgique et minière franco-marocaine,Documents généraux (par ordre chronologique); Mines,75,42,1912,1937
chauxcimentsmateriauxconstructionmaroc,"Chaux, ciments et matériaux de construction au Maroc","Bâtiment et travaux publics, matériaux de construction, céramique; Documents généraux (par ordre chronologique)",97,41,1913,1969
stearineriemarocaine200,Stéarinerie marocaine. — 200,Documents généraux (par ordre chronologique),45,41,1922,1922
sebou,Compagnie du Sebou,Documents généraux (par ordre chronologique); Industries agro-alimentaires,69,40,1920,1958
cherifiennepetroles,Société Chérifienne des Pétroles,Documents généraux (par ordre chronologique); Pétrole et gaz,52,40,1936,1969
agricolesoukelarbarharb,Cie agricole de Souk-el-Arba-du-Rharb,Documents généraux (par ordre chronologique),43,39,1953,1953
marocainedistributioneaugazelectricite,"Société Marocaine de distribution d'eau, de gaz et d'électricité","Documents généraux (par ordre chronologique); Eau, gaz, électricité (Utilities)",71,38,1914,1969
minoteriefrancomarocainesale,Minoterie franco-marocaine de Salé,Documents généraux (par ordre chronologique),39,38,1941,1941
marocainemetallurgique,Société Marocaine Métallurgique,Commerce; Documents généraux (par ordre chronologique),65,37,1913,1969
commercialeagricolemaroc,Commerciale et Agricole du Maroc,Documents généraux (par ordre chronologique),42,36,1926,1930
etablissementsluchaire,Établissements LUCHAIRE,Documents généraux (par ordre chronologique),35,35,1925,1925
marocaineapprovisionnement,Marocaine d'approvisionnement,Commerce; Documents généraux (par ordre chronologique),57,34,1913,1937
minesbouarfa,Société des Mines de Bou-Arfa,Documents généraux (par ordre chronologique); Mines,94,33,1922,1969
fasielectricite,Compagnie Fasi d'Électricité,"Documents généraux (par ordre chronologique); Eau, gaz, électricité (Utilities)",69,33,1913,1969
developpementcasablanca,Société Générale pour le Développement de Casablanca,Documents généraux (par ordre chronologique); Sociétés foncières et immobilières,56,33,1913,1958
marocaineasiatiquepetroles,Cie marocaine et asiatique des pétroles,Documents généraux (par ordre chronologique),33,33,1926,1944
portsmarocains,Ports marocains,"Transports maritimes, fluviaux et aériens",79,32,1920,1945
industriellecommercialeadoursebou,Société industrielle et commerciale Adour-Sebou,Commerce; Documents généraux (par ordre chronologique),34,32,1922,1930
marocainetransittransportatlantide,Cie marocaine de transit. et de transport Atlantide,"Documents généraux (par ordre chronologique); Transports terrestres, garages automobiles et agricoles",42,31,1913,1938
fsepetrolesmaroc,Cie Fse des PÉTROLES DU MAROC,Documents généraux (par ordre chronologique),31,31,1925,1925
chargeursmarocains,Chargeurs marocains,"Documents généraux (par ordre chronologique); Transports maritimes, fluviaux et aériens",48,30,1913,1925
molybdene,Le Molybdène,Documents généraux (par ordre chronologique); Mines,45,30,1930,1952
chaouiamaroc,Chaouïa et Maroc,Documents généraux (par ordre chronologique); Industries agro-alimentaires,56,29,1911,1952
entreprisesmaroc,Sté générale d'entreprises au Maroc,Documents généraux (par ordre chronologique),39,29,1926,1969
entrepotsfrigorifiquesafriquenord,Société des Entrepôts frigorifiques de l'Afrique du Nord,Documents généraux (par ordre chronologique); Industries agro-alimentaires,39,29,1918,1969
tramwaysautobuscasablanca,Compagnie des Tramways et autobus de Casablanca,"Documents généraux (par ordre chronologique); Transports terrestres, garages automobiles et agricoles",67,28,1913,1969
omniumnordafricain,Omnium nord-africain,"Banques, groupes financiers, assureurs; Documents généraux (par ordre chronologique)",62,28,1937,1969
asiatiqueafricaine,Compagnie Asiatique et africaine,Commerce,51,28,1933,1959
domange,DOMANGE,Documents généraux (par ordre chronologique),29,28,1925,1925
minieremaroc,Compagnie Minière du Maroc,Documents généraux (par ordre chronologique); Mines,64,27,1920,1958
brasseriesmaroc,"Société des Brasseries du Maroc, puis Boissons du Maroc",Documents généraux (par ordre chronologique); Industries agro-alimentaires,61,27,1913,1969
mamora,Compagnie de la Mamora,"Documents généraux (par ordre chronologique); Filière bois : exploitation forestière, meubles, cellulose, papier…",59,27,1933,1969
porttanger,Société du Port de Tanger,"Documents généraux (par ordre chronologique); Transports maritimes, fluviaux et aériens",37,27,1926,1952
francomarocaine,Société Générale Franco-Marocaine,"Banques, groupes financiers, assureurs; Documents généraux (par ordre chronologique)",29,27,1926,1958
comptoirmetallurgiquemaroc,Comptoir métallurgique du Maroc,Commerce; Documents généraux (par ordre chronologique),43,26,1913,1958
etudesmarocainescommerceagriculturemines,"Société d'Études marocaines pour le commerce, l'agriculture et les mines","Banques, groupes financiers, assureurs; Documents généraux (par ordre chronologique)",37,26,1913,1921
minoteriesatlas,Société anon. des minoteries de l'Atlas,Documents généraux (par ordre chronologique),27,26,1935,1935
charbonnagesnordafricains,Charbonnages nord-africains,Documents généraux (par ordre chronologique); Mines,55,25,1948,1969
petrolesmaroc,Compagnie Française des Pétroles du Maroc,Documents généraux (par ordre chronologique); Pétrole et gaz,49,25,1913,1937
marocainecharbonsbriquettes,Société Marocaine de Charbons et briquettes,Documents généraux (par ordre chronologique); Industries diverses,46,25,1913,1937
entreprisemaritimecommerciale,L'Entreprise maritime et commerciale,Documents généraux (par ordre chronologique),33,25,1926,1937
tabacsmaroc,Tabacs au Maroc,Industries agro-alimentaires,53,24,1927,1945
cherifienneengraisproduitschimiques,Société Chérifienne d'engrais et de produits chimiques,Documents généraux (par ordre chronologique); Industries chimiques,36,23,1949,1969
marrakechauto,Marrakech-Auto,Documents généraux (par ordre chronologique),23,23,1930,1930
cheminsfermarocoriental,Compagnie des Chemins de fer de du Maroc oriental,"Documents généraux (par ordre chronologique); Transports terrestres, garages automobiles et agricoles",43,22,1927,1969
nantaiseimportationmarochailaustgutzeitmollinedahl,"Sté nantaise d'importation au Maroc (Hailaust & Gutzeit, Molliné & Dahl",Documents généraux (par ordre chronologique),31,22,1913,1969
immobilierecasablanca,Société Immobilière de Casablanca,Documents généraux (par ordre chronologique); Sociétés foncières et immobilières,31,22,1915,1950
abattoirsmunicipauxindustrielsmaroc,Société générale des Abattoirs municipaux et industriels au Maroc,Documents généraux (par ordre chronologique); Industries agro-alimentaires,56,21,1920,1926
pecheriesmarocaines,Pêcheries marocaines,Documents généraux (par ordre chronologique); Industries agro-alimentaires,33,21,1913,1926
agricolemarocaine,Agricole Marocaine,Documents généraux (par ordre chronologique); Industries agro-alimentaires,31,21,1913,1958
rharbkhlot,Rharb et Khlot,Documents généraux (par ordre chronologique); Industries agro-alimentaires,30,21,1910,1958
cherifienne,Société Générale chérifienne,Commerce; Documents généraux (par ordre chronologique),30,21,1921,1926
cherifiennecolonisation,Compagnie Chérifienne de colonisation,Documents généraux (par ordre chronologique); Industries agro-alimentaires,28,21,1922,1958
grandsbazarsmarocains,Grands bazars marocains,Documents généraux (par ordre chronologique),22,21,1926,1950
fonciereagricolemaroc,Compagnie Foncière et Agricole du Maroc,Documents généraux (par ordre chronologique); Industries agro-alimentaires,31,20,1908,1958
caissepretsimmobiliersmaroc,Caisse de prêts immobiliers du Maroc,"Banques, groupes financiers, assureurs; Documents généraux (par ordre chronologique)",31,20,1920,1952
afrique,L'Afrique française,Documents généraux (par ordre chronologique),24,20,1925,1938
agricoletadla,Société Agricole du Tadla,Documents généraux (par ordre chronologique); Industries agro-alimentaires,22,20,1926,1952
creditmaghreb,Crédit du Maghreb,Documents généraux (par ordre chronologique),20,20,1937,1952
chargeurs,Chargeurs français,Documents généraux (par ordre chronologique),20,20,1938,1938
internationaleregiecointeresseetabacsmaroc,Société internationale de régie co-intéressée des Tabacs au Maroc,Documents généraux (par ordre chronologique); Industries agro-alimentaires,35,19,1922,1969
algeromarocaineculturecommerce,Société Algéro-Marocaine de Culture et de commerce,Documents généraux (par ordre chronologique); Industries agro-alimentaires,35,19,1920,1958
culturesindustriellesmaroc,Société de Cultures industrielles au Maroc,Documents généraux (par ordre chronologique),29,19,1926,1937
vulcanisationmoderne,Vulcanisation moderne,Documents généraux (par ordre chronologique),20,19,1930,1930
minieremzaita,Compagnie minière du M'Zaïta,Documents généraux (par ordre chronologique),19,19,1937,1969
mignon,MIGNON,Documents généraux (par ordre chronologique),19,19,1925,1925
mazeres,MAZÈRES,Documents généraux (par ordre chronologique),19,19,1938,1938
marocaineentrepriseimmobilieremobiliere,"Société Marocaine d'entreprise générale immobilière et mobilière, puis La Construction marocaine et La Construction civile","Bâtiment et travaux publics, matériaux de construction, céramique",19,19,1914,1921
marocaineimmeublesurbains,Société marocaine des Immeubles urbains,Documents généraux (par ordre chronologique); Sociétés foncières et immobilières,30,18,1922,1952
internationaleetudestravauxmaroc,Société Internationale d'Études et de travaux au Maroc,"Bâtiment et travaux publics, matériaux de construction, céramique; Documents généraux (par ordre chronologique)",29,18,1914,1923
creditfonciermarocain,Crédit foncier marocain,"Banques, groupes financiers, assureurs; Documents généraux (par ordre chronologique)",27,18,1922,1925
comptoirmaroc,Comptoir français du Maroc,Commerce; Documents généraux (par ordre chronologique),25,18,1913,1948
commercialeimmobilieremaroc,Société Commerciale et Immobilière au Maroc,Documents généraux (par ordre chronologique); Sociétés foncières et immobilières,20,18,1921,1941
voyageshotelsnordafricains,Société des voyages et hôtels nord-africains,"Documents généraux (par ordre chronologique); Hôtellerie, tourisme, tourisme",18,18,1925,1951
colonialeindustriellecommerciale,Cie Coloniale Industrielle et Commerciale,Documents généraux (par ordre chronologique),18,18,1949,1949
lyonmaroc,Lyon-Maroc,Sociétés foncières et immobilières,18,18,1920,1920
minoterieatlasboujab,"Minoterie de l'Atlas à Boujab, puis Société nouvelle des minoteries de l'Atlas",Industries agro-alimentaires,18,18,1935,1935
magasinsgenerauxwarrantsmaroc,Société des Magasins généraux et warrants du Maroc,"Documents généraux (par ordre chronologique); Transports terrestres, garages automobiles et agricoles",34,17,1912,1926
minesaouli,Société des Mines d'Aouli,Documents généraux (par ordre chronologique); Mines,32,17,1926,1969
internationaledeveloppementtanger,Société internationale pour le développement de Tanger,"Banques, groupes financiers, assureurs; Documents généraux (par ordre chronologique)",24,17,1914,1923
recherchesforages,"Société de Recherches et de forages, puis S.A. de gérance des bruttos de la Société de recherches et de forages",Documents généraux (par ordre chronologique); Pétrole et gaz,21,17,1892,1958
financierefes,Société financière de Fès,Documents généraux (par ordre chronologique),17,17,1930,1930
frsenordmarocain,Cie frse du NORD-MAROCAIN,Documents généraux (par ordre chronologique),17,17,1944,1944
minieregundafa,Société minière des Gundafa,Documents généraux (par ordre chronologique); Mines,40,16,1937,1953
nordmarocain,Cie française Française du Nord-Marocain,"Bâtiment et travaux publics, matériaux de construction, céramique; Documents généraux (par ordre chronologique)",36,16,1913,1937
habitationsmaroc,Société d'Habitations au Maroc,Documents généraux (par ordre chronologique); Sociétés foncières et immobilières,31,16,1922,1952
minierebouazzergraara,Société minière du Bou-Azzer et du Graâra,Documents généraux (par ordre chronologique); Mines,30,16,1930,1952
cherifiennehivernage,Société Chérifienne d'hivernage,"Documents généraux (par ordre chronologique); Hôtellerie, tourisme, tourisme",25,16,1928,1952
agadir,Compagnie d'Agadir,Documents généraux (par ordre chronologique); Mines,24,16,1913,1969
tuileriesbriqueteriesmarrakech,Tuileries et briqueteries de Marrakech,"Bâtiment et travaux publics, matériaux de construction, céramique; Documents généraux (par ordre chronologique)",22,16,1930,1930
fermieremarocaineexploitationsagricoles,Compagnie Fermière Marocaine d’Exploitations agricoles,Documents généraux (par ordre chronologique); Industries agro-alimentaires,21,16,1920,1937
afriqueindustriellecommercialeagricole,"L'Afrique industrielle, commerciale et agricole",Documents généraux (par ordre chronologique),20,16,1922,1926
portsmarocainsmehedyakenitrarabatsale,Société des Ports marocains de Mehedya-Kenitra et Rabat-Salé,"Documents généraux (par ordre chronologique); Transports maritimes, fluviaux et aériens",18,16,1917,1958
africaineimportationcharbonsbriquettesnordpas,Société africaine d'importation de charbons et briquettes du Nord et du Pas,Documents généraux (par ordre chronologique),18,16,1937,1937
nordafricaineventespubliques,Société Nord-Africaine de Ventes publiques,Documents généraux (par ordre chronologique); Industries agro-alimentaires,18,16,1926,1937
etablbozzibaudin,Établ. Bozzi et Baudin,Documents généraux (par ordre chronologique),18,16,1930,1930
francomarocaineoufrancomarocaine,Société Franco-Marocaine ou Société franco-marocaine,Mines,17,16,1911,1921
africaineateliersconstructionschwartzhautmont,Cie africaine des ateliers de construction Schwartz-Hautmont,Documents généraux (par ordre chronologique),16,16,1926,1969
marocainetransportsmaritimes,Cie marocaine de transports maritimes,Documents généraux (par ordre chronologique),16,16,1937,1951
industriellemarbresouvres,Société industrielle des marbres ouvrés,Documents généraux (par ordre chronologique),16,16,1930,1930
maroccommercialeimmob,Sté maroc. commerciale et immob,Documents généraux (par ordre chronologique),16,16,1954,1970
elevageagriculturenordmarocain,Société d'Élevage et d'agriculture du Nord-Marocain,Documents généraux (par ordre chronologique); Industries agro-alimentaires,39,15,1922,1950
commercialemaroc,Société Commerciale française au Maroc,Commerce; Documents généraux (par ordre chronologique),28,15,1913,1952
immobilierelyonnaisemarocaine,Société Immobilière Lyonnaise Marocaine,Documents généraux (par ordre chronologique); Sociétés foncières et immobilières,27,15,1918,1952
minesdjebelsalrhef,Société des Mines du Djebel-Salrhef,Documents généraux (par ordre chronologique); Mines,27,15,1928,1952
manufacturemarocainecalorifugesliegesagglomeres,Manufacture marocaine de calorifuges et lièges agglomérés,"Documents généraux (par ordre chronologique); Filière bois : exploitation forestière, meubles, cellulose, papier…",26,15,1913,1926
agricolemaroc,Société Agricole du Maroc,Documents généraux (par ordre chronologique); Industries agro-alimentaires,26,15,1910,1958
industriellepetrolesmaroc,Compagnie Industrielle des Pétroles au Maroc,Documents généraux (par ordre chronologique); Pétrole et gaz,25,15,1923,1952
pecheriesconservesalimentaires,Société anonyme de pêcheries et conserves alimentaires,Documents généraux (par ordre chronologique); Industries agro-alimentaires,25,15,1937,1969
agricolecommercialeindustriellemarocaine,"Compagnie Agricole, Commerciale, Industrielle Marocaine",Documents généraux (par ordre chronologique); Industries agro-alimentaires,23,15,1913,1926
agricolecherifienne,Société Agricole chérifienne,Documents généraux (par ordre chronologique); Industries agro-alimentaires,22,15,1921,1952
constructioncivile,Construction civile,Documents généraux (par ordre chronologique),21,15,1926,1937
etudestravauxartmaroc,Société d’Études et de Travaux d'art du Maroc,"Bâtiment et travaux publics, matériaux de construction, céramique; Documents généraux (par ordre chronologique)",20,15,1920,1930
conservesmaroc,« Les Conserves du Maroc »,Documents généraux (par ordre chronologique),17,15,1930,1930
developpementminier,Société de développement minier,Documents généraux (par ordre chronologique),16,15,1904,1949
valdora,Sté anon. Valdora,Documents généraux (par ordre chronologique),15,15,1954,1954
aguilas,Compagnie d'Aguilas,Documents généraux (par ordre chronologique),15,15,1925,1925
industriellemarocaine,Société Industrielle marocaine,"Banques, groupes financiers, assureurs; Documents généraux (par ordre chronologique)",29,14,1913,1927
liegesmamora,"Société des Lièges de la Mamora, puis Compagnie de la Mamora","Documents généraux (par ordre chronologique); Filière bois : exploitation forestière, meubles, cellulose, papier…",29,14,1920,1931
ergho,Ergho,Documents généraux (par ordre chronologique); Industries agro-alimentaires,28,14,1930,1950
immobilieremaroc,Société Immobilière au Maroc,Documents généraux (par ordre chronologique); Sociétés foncières et immobilières,27,14,1921,1952
polietchaussonmaroc,Poliet et Chausson-Maroc,"Bâtiment et travaux publics, matériaux de construction, céramique; Documents généraux (par ordre chronologique)",26,14,1928,1940
creditfoncieragricolemaroc,Crédit foncier agricole du Maroc,"Banques, groupes financiers, assureurs; Documents généraux (par ordre chronologique)",25,14,1922,1952
banquefoncieremaroc,Banque foncière du Maroc,"Banques, groupes financiers, assureurs; Documents généraux (par ordre chronologique)",24,14,1937,1951
briqueteriesfedhala,Briqueteries de Fedhala,"Bâtiment et travaux publics, matériaux de construction, céramique; Documents généraux (par ordre chronologique)",23,14,1913,1926
comptoirlorrainmaroc,Comptoir lorrain du Maroc,Documents généraux (par ordre chronologique); Sociétés foncières et immobilières,23,14,1922,1952
minesissougri,Société des Mines de l'Issougri,Documents généraux (par ordre chronologique); Mines,23,14,1951,1952
etudeshautguir,Sté d'études du Haut-Guir,Documents généraux (par ordre chronologique); Mines,22,14,1913,1926
minesoudjda,Société des Mines d'Oudjda,Documents généraux (par ordre chronologique); Mines,22,14,1916,1958
lesieurafrique,Lesieur-Afrique,Documents généraux (par ordre chronologique); Industries agro-alimentaires,22,14,1952,1969
makanghia,La Makanghia,Commerce,21,14,1928,1928
salinesfedala,Salines de Fédala,Documents généraux (par ordre chronologique),19,14,1930,1930
entreprisemarocaineasphaltage,Entreprise marocaine d'asphaltage,Documents généraux (par ordre chronologique),16,14,1935,1935
etudesentreprisesomniummarocain,Société d'études et d'entreprises Omnium marocain,"Banques, groupes financiers, assureurs",16,14,1912,1926
industrielleagricolemarrakech,Société industrielle et agricole de Marrakech,Documents généraux (par ordre chronologique),14,14,1926,1930
clanet,CLANET,Documents généraux (par ordre chronologique),14,14,1925,1925
outremer,Compagnie Générale d'Outre-mer,Documents généraux (par ordre chronologique),14,14,1925,1925
marocimmobilier,Maroc Immobilier,Documents généraux (par ordre chronologique); Sociétés foncières et immobilières,37,13,1922,1950
carrieresmarocaines,Société des Carrières marocaines,"Bâtiment et travaux publics, matériaux de construction, céramique; Documents généraux (par ordre chronologique)",35,13,1929,1969
marocainemagasinsgeneraux,Société marocaine de magasins généraux,"Documents généraux (par ordre chronologique); Transports terrestres, garages automobiles et agricoles",26,13,1937,1969
abattoirsmunicipauxmaroc,Sté générale des abattoirs municipaux au Maroc,Documents généraux (par ordre chronologique); Industries agro-alimentaires,25,13,1922,1927
banquefoncierefrancomarocaine,Banque foncière franco-marocaine,"Banques, groupes financiers, assureurs; Documents généraux (par ordre chronologique)",25,13,1921,1922
brasseriesnordmarocain,Société des Brasseries du Nord-Marocain,Documents généraux (par ordre chronologique); Industries agro-alimentaires,25,13,1949,1969
agronomiquemarocaine,Agronomique Marocaine,Documents généraux (par ordre chronologique); Industries agro-alimentaires,24,13,1926,1958
bonlogis,Le Bon Logis,Documents généraux (par ordre chronologique); Sociétés foncières et immobilières,21,13,1922,1930
huileriessavonneriescherifiennes,Huileries et savonneries chérifiennes,Documents généraux (par ordre chronologique),20,13,1913,1926
madrague,« La Madrague »,Documents généraux (par ordre chronologique),20,13,1930,1930
mineszellidja,SOCIÉTÉ DES MINES DE ZELLIDJA,Documents généraux (par ordre chronologique); Mines,18,13,1944,1952
marocaineexplosifsaccessoiresmines,Sté marocaine d'explosifs et d'accessoires de mines,Documents généraux (par ordre chronologique),15,13,1926,1969
marocainescieriesatlas,Société marocaine des Scieries de l'Atlas,"Documents généraux (par ordre chronologique); Filière bois : exploitation forestière, meubles, cellulose, papier…",14,13,1922,1958
bordelaisemaroc,"Compagnie Bordelaise du Maroc, puis Bordelaise de commerce au Maroc",Commerce; Documents généraux (par ordre chronologique),14,13,1926,1949
domainekorifla,Société an. du domaine de Korifla,Documents généraux (par ordre chronologique),13,13,1926,1937
transportsautomobilessouss,Société anon. des transports automobiles du Souss,Documents généraux (par ordre chronologique),13,13,1933,1933
etudesconstructions,ÉTUDES et de CONSTRUCTIONS,"Banques, groupes financiers, assureurs",13,13,1925,1925
syndicatmaroc,Syndicat général pour le Maroc,"Banques, groupes financiers, assureurs",13,13,1921,1921
sucrieremarocaine,Compagnie Sucrière Marocaine,Documents généraux (par ordre chronologique); Industries agro-alimentaires,31,12,1936,1969
africaineagricoleminiere,Compagnie africaine agricole et minière,"Banques, groupes financiers, assureurs; Documents généraux (par ordre chronologique)",28,12,1930,1969
banquemarocaineagriculturecommerceindustrie,"Banque marocaine pour l'agriculture, le commerce et l'industrie","Banques, groupes financiers, assureurs; Documents généraux (par ordre chronologique)",24,12,1921,1922
banqueunionmarocaine,Banque de l'union marocaine,"Banques, groupes financiers, assureurs; Documents généraux (par ordre chronologique)",23,12,1921,1922
lyonnaisechaouia,Société Lyonnaise de la Chaouia,Documents généraux (par ordre chronologique); Industries agro-alimentaires,21,12,1911,1950
omniumentreprises,Omnium d'entreprises,"Bâtiment et travaux publics, matériaux de construction, céramique; Documents généraux (par ordre chronologique)",19,12,1913,1969
entreprisesmarococcidental,Société d’Entreprises du Maroc Occidental,"Bâtiment et travaux publics, matériaux de construction, céramique; Documents généraux (par ordre chronologique)",19,12,1913,1922
etudestravauxconstructionmaroc,Société d’Études et de Travaux de construction du Maroc,"Bâtiment et travaux publics, matériaux de construction, céramique; Documents généraux (par ordre chronologique)",19,12,1920,1927
cherifienneetudesminieres,Société Chérifienne d'études minières,Documents généraux (par ordre chronologique); Mines,18,12,1929,1969
tuileriesbriqueteriesplatrierescasablanca,"Tuileries, briqueteries et plâtrières de Casablanca","Bâtiment et travaux publics, matériaux de construction, céramique; Documents généraux (par ordre chronologique)",17,12,1913,1920
centralemarocaine,Société Centrale marocaine,"Banques, groupes financiers, assureurs; Documents généraux (par ordre chronologique)",17,12,1926,1938
etudesexploitationsminierestadla,Société d'études et d'exploitations minières du Tadla,Documents généraux (par ordre chronologique),17,12,1937,1969
exportationimportationmaroc,Sté d'exportation et d'importation au Maroc,Documents généraux (par ordre chronologique),16,12,1922,1926
marocaineapplicationselectriques,Société marocaine d'applications électriques,Documents généraux (par ordre chronologique),16,12,1937,1969
materieltravauxagricoles,Cie de Matériel et de travaux agricoles,Documents généraux (par ordre chronologique); Industries agro-alimentaires,14,12,1926,1926
agencefrance,Agence en France,Documents généraux (par ordre chronologique),12,12,1937,1937
portsmarocainsmehedyaportlyautey,Société des ports marocains de Méhédya-Port-Lyautey et,Documents généraux (par ordre chronologique),12,12,1937,1937
unionovineafriquenord,Union ovine de l'Afrique du Nord,Documents généraux (par ordre chronologique),12,12,1937,1937
francocherifiennenavigation,Cie franco-chérifienne de navigation,Documents généraux (par ordre chronologique),12,12,1951,1951
techniqueetudesindustriellescommercialesmarocsteic,Société technique d'études industrielles et commerciales au Maroc (STEIC,Documents généraux (par ordre chronologique),12,12,1952,1952
marocainepiecommerceavecunionfseetranger,Sté marocaine p. Ie commerce avec l'Union fse et l'étranger,Documents généraux (par ordre chronologique),12,12,1952,1952
cherifentrepriseselectr,Cie chérif. d'entreprises électr,Documents généraux (par ordre chronologique),12,12,1952,1952
salinesmaroc,Salines du Maroc,Documents généraux (par ordre chronologique),12,12,1954,1954
bankbritishwestafricalimited,Bank of British West Africa Limited,"Banques, groupes financiers, assureurs",12,12,,
unioncommercialeindochinoiseafricaine,L'Union commerciale indochinoise et africaine,Commerce,12,12,1927,1927
marocagricolecommercial,Le Maroc agricole et commercial,Documents généraux (par ordre chronologique); Industries agro-alimentaires,26,11,1922,1958
lyonnaisesebou,Société Lyonnaise du Sebou,"Documents généraux (par ordre chronologique); Transports maritimes, fluviaux et aériens",23,11,1919,1926
huileriesmaghreb,Société des Huileries du Maghreb,Documents généraux (par ordre chronologique); Industries agro-alimentaires,21,11,1920,1927
consortiumindustrielcommercialafriquenord,Consortium industriel et commercial de l'Afrique du Nord,Commerce; Documents généraux (par ordre chronologique),20,11,1913,1930
francomarocainefedhala,Compagnie Franco-Marocaine de Fedhala,Documents généraux (par ordre chronologique); Sociétés foncières et immobilières,19,11,1912,1938
marocaineconstructionmetallique,Société Marocaine de Construction métallique,"Bâtiment et travaux publics, matériaux de construction, céramique; Documents généraux (par ordre chronologique)",18,11,1923,1969
superphosphatesproduitschimiquesmaroc,Compagnie des Superphosphates et des produits chimiques du Maroc,Documents généraux (par ordre chronologique),18,11,1926,1937
etablissementssoussanafreres,Établissements Soussana frères,Documents généraux (par ordre chronologique); Industries agro-alimentaires,18,11,1925,1926
marocaineimmobilieredarelbeida,Société marocaine Immobilière Dar el Beida,Documents généraux (par ordre chronologique); Sociétés foncières et immobilières,16,11,1922,1926
etablissementsemilelaport,Établissements Émile Laport et Cie,Documents généraux (par ordre chronologique),16,11,1926,1937
minesbouskour,Société des Mines de Bou-Skour,Documents généraux (par ordre chronologique); Mines,15,11,1951,1952
transportstourismemaroc,Compagnie Générale de Transports et tourisme au Maroc,"Documents généraux (par ordre chronologique); Transports maritimes, fluviaux et aériens",14,11,1920,1926
etudesimmobilierescommercialesindustriellesafrique,"Société d'études immobilières, commerciales et industrielles en Afrique",Documents généraux (par ordre chronologique),14,11,1937,1952
africainetransports,Compagnie Africaine de Transports,"Documents généraux (par ordre chronologique); Transports terrestres, garages automobiles et agricoles",14,11,1931,1937
nordafricaincommercial,Nord-africain commercial,Documents généraux (par ordre chronologique),13,11,1926,1937
royaleasturiennemines,Compagnie royale Asturienne des Mines,Documents généraux (par ordre chronologique),13,11,1937,1969
placementimmobiliermaroc,Société de placement immobilier au Maroc,Documents généraux (par ordre chronologique),13,11,1937,1952
materielagricolenordafricain,Matériel agricole Nord-Africain,Documents généraux (par ordre chronologique),11,11,1935,1952
marocaineconstructionsmetalliques,Société marocaine de constructions métalliques,Documents généraux (par ordre chronologique),11,11,1930,1930
shellmaroc,Société Shell du Maroc,Documents généraux (par ordre chronologique),11,11,1930,1969
agricoleboumais,Cie agricole de Bou Maïs,Documents généraux (par ordre chronologique),11,11,1930,1953
fruitsprimeursmaroc,Fruits et primeurs du Maroc,Documents généraux (par ordre chronologique),11,11,1933,1933
mineraisfermagnetiquemoktaelhadid,Cie des minerais de fer magnétique de Mokta-el-Hadid,Documents généraux (par ordre chronologique),11,11,1969,1969
atlantide,L'Atlantide,"Transports terrestres, garages automobiles et agricoles",11,11,1921,1921
commercialemarocaine,Compagnie Commerciale Marocaine,Commerce,11,11,1920,1920
etudescommercemaroc,Société d'Études et de commerce au Maroc,Commerce,11,11,1914,1914
parismarocholdingcherifiengustavegompel,"Paris-Maroc, le holding chérifien de Gustave Gompel","Banques, groupes financiers, assureurs",11,11,1912,1920
financieretransafricaine,Société Financière Transafricaine,"Banques, groupes financiers, assureurs",11,11,1952,1952
cherifiennenavigation,Compagnie Chérifienne de navigation,"Documents généraux (par ordre chronologique); Transports maritimes, fluviaux et aériens",32,10,1913,1944
financierefrancomarocaine,Sté financière franco-marocaine,"Banques, groupes financiers, assureurs; Documents généraux (par ordre chronologique)",21,10,1913,1937
africainepetroles,Société Africaine des Pétroles,Commerce; Documents généraux (par ordre chronologique),19,10,1930,1935
marocaineminesproduitschimiques,Société Marocaine de mines et de produits chimiques,Documents généraux (par ordre chronologique); Mines,19,10,1950,1969
companiadelnorteafricano,Compania del Norte Africano,Documents généraux (par ordre chronologique); Mines,17,10,1913,1922
minesmaroc,Société Française des Mines du Maroc,Documents généraux (par ordre chronologique); Mines,17,10,1878,1927
minoteriemarocaine,Minoterie marocaine,Documents généraux (par ordre chronologique),17,10,1926,1952
eclairageforcemaroc,Cie d'Éclairage et de force au Maroc,"Bâtiment et travaux publics, matériaux de construction, céramique; Documents généraux (par ordre chronologique)",17,10,1937,1969
comptoirminesgrandstravauxmaroc,Comptoir des mines et des grands travaux du Maroc,Documents généraux (par ordre chronologique),16,10,1919,1937
marocaineainsikh,Societe marocaine d Aïn-Sikh,Documents généraux (par ordre chronologique),15,10,1926,1952
portfedala,Cie du port de Fédala,Documents généraux (par ordre chronologique),15,10,1937,1969
banquenationalecommerceindustrie,Banque nationale pour le commerce et l'industrie,Documents généraux (par ordre chronologique),15,10,1952,1952
loiremaroc,« Loire-Maroc »,Documents généraux (par ordre chronologique),14,10,1913,1926
autohall,Auto-Hall,Documents généraux (par ordre chronologique),12,10,1926,1937
forestierekcebia,Société Forestière de Kcebia,Documents généraux (par ordre chronologique),12,10,1926,1933
industrielleentreprisesmarocaines,Société industrielle d'entreprises marocaines,Documents généraux (par ordre chronologique),12,10,1930,1930
continentafricain,Compagnie Française du Continent africain,Commerce,12,10,1928,1928
omniummarocain,Omnium marocain,"Banques, groupes financiers, assureurs; Documents généraux (par ordre chronologique)",11,10,1928,1958
salinesfedalafedala,"Salines de Fédala, FÉDALA",Documents généraux (par ordre chronologique),11,10,1937,1969
moulinsmazagan,"Société des Moulins de Mazagan, puis Société marocaine industrielle et commerciale",Documents généraux (par ordre chronologique),11,10,1930,1930
banquealgerotunisiennecommerceexportation,Banque algéro-tunisienne pour le commerce d'exportation,"Banques, groupes financiers, assureurs; Documents généraux (par ordre chronologique)",10,10,1912,1922
portsmarocainsmehedyakenitrasalerabat,"Société des ports marocains de Méhédya-Kénitra, Salé et Rabat",Documents généraux (par ordre chronologique),10,10,1926,1926
fruitieremaroc,Cie fruitière du Maroc,Documents généraux (par ordre chronologique),10,10,1937,1937
cooperativemeunieremarocaine,Coopérative meunière marocaine,Documents généraux (par ordre chronologique),10,10,1935,1935
africainedistillerie,Société africaine de distillerie,Documents généraux (par ordre chronologique),10,10,1935,1935
immobilierecasablancamaroc,Société immobilière Casablanca et Maroc,Documents généraux (par ordre chronologique),10,10,1935,1935
societedesancetablhbernard,Société des anc. Établ. H. Bernard,Documents généraux (par ordre chronologique),10,10,1930,1930
foncieremaroc,Société Foncière Française au Maroc,Documents généraux (par ordre chronologique); Sociétés foncières et immobilières,10,10,1911,1930
marocfoncier,Maroc foncier,Documents généraux (par ordre chronologique),10,10,1930,1930
marocainepetrolesmory,Société marocaine des pétroles Mory,Documents généraux (par ordre chronologique),10,10,1949,1949
metauxproduitschimiques,Métaux et produits chimiques,Documents généraux (par ordre chronologique),10,10,1919,1919
unionminierepanafricaine,Union minière panafricaine,Documents généraux (par ordre chronologique),10,10,1952,1952
marocainecommerceindustriecereales,Sté marocaine de commerce et d'industrie des céréales,Documents généraux (par ordre chronologique),10,10,1952,1952
deville,Deville & Cie,Documents généraux (par ordre chronologique),10,10,1925,1925
feutresrok,FEUTRES ROK,Documents généraux (par ordre chronologique),10,10,1925,1925
comptoirmines,Comptoir des MINES,Documents généraux (par ordre chronologique),10,10,1938,1938
chauxcimentsmateriauxconstruction,"Sté anon. des chaux, ciments et matériaux de construction au","Bâtiment et travaux publics, matériaux de construction, céramique",10,10,1922,1922
societesminieregundafa,Sociétés Minière des Gundafa,Mines,10,10,1926,1926
distributioneaugazelectricite,"DISTRIBUTION D'EAU, DE GAZ ET D'ÉLECTRICITÉ","Eau, gaz, électricité (Utilities)",10,10,1925,1925
parismaroc,« Paris-Maroc »,"Banques, groupes financiers, assureurs; Documents généraux (par ordre chronologique)",20,9,1913,1926
nordafricaineetudesminieresindustrielles,Société Nord-Africaine d’Études minières et industrielles,Documents généraux (par ordre chronologique); Mines,20,9,1920,1958
bordeauxmaroc,Bordeaux-Maroc,Commerce; Documents généraux (par ordre chronologique),19,9,1913,1922
miroiteriemaroc,Miroiterie générale du Maroc,"Bâtiment et travaux publics, matériaux de construction, céramique; Documents généraux (par ordre chronologique)",17,9,1922,2007
minierezellidja,"Société Minière de la Zellidja, puis Mines de Zellidja",Documents généraux (par ordre chronologique); Mines,17,9,1925,1933
cherifiennetextiles,Cie chérifienne des Textiles,Documents généraux (par ordre chronologique),17,9,1949,1969
immobilieretanger,Société Immobilière de Tanger,Documents généraux (par ordre chronologique); Sociétés foncières et immobilières,16,9,1921,1950
eddiar,« Ed Diar »,Documents généraux (par ordre chronologique),16,9,1922,1930
olivettesnordmarocain,Olivettes du Nord marocain,Documents généraux (par ordre chronologique),16,9,1926,1935
marocaineexploitationsforestieres,Société Marocaine d'Exploitations forestières,"Documents généraux (par ordre chronologique); Filière bois : exploitation forestière, meubles, cellulose, papier…",15,9,1921,1958
minierehautguir,Société minière du Haut-Guir,Documents généraux (par ordre chronologique); Mines,15,9,1937,1952
comptoirsfrancomarocains,Comptoirs franco-marocains,Commerce; Documents généraux (par ordre chronologique),14,9,1913,1922
marocainegazcomprimes,Société Marocaine de Gaz comprimés,Documents généraux (par ordre chronologique); Industries chimiques,14,9,1919,1958
miniereafriquenord,Compagnie Minière de l'Afrique du Nord,Documents généraux (par ordre chronologique); Mines,13,9,1923,1926
franceauto,France-Auto,Documents généraux (par ordre chronologique),13,9,1926,1935
minesferbeniaicha,Société des Mines de fer de Beni-Aïcha,Documents généraux (par ordre chronologique); Mines,11,9,1909,1926
mobiliereimmobilierefrancomarocaine,Société mobilière et immobilière franco-marocaine,Documents généraux (par ordre chronologique),11,9,1926,1930
conservesfedalasardineriecascadec,Société anon. de Conserves de Fédala Sardinerie Cascadec,Documents généraux (par ordre chronologique),10,9,1937,1969
recherchesminieresfalta,Société de Recherches minières du Falta,Documents généraux (par ordre chronologique),10,9,1937,1952
francomarocainefedala,Cie franco-marocaine de Fédala,Documents généraux (par ordre chronologique),10,9,1937,1937
participationscolonialesfinancieres,Société de participations coloniales et financières,Documents généraux (par ordre chronologique),10,9,1952,1952
moulinscherifiens,Moulins chérifiens,Documents généraux (par ordre chronologique),9,9,1913,1913
marococcidental,Sté française du Maroc occidental,Documents généraux (par ordre chronologique),9,9,1958,1958
grandsmoulinsmarocains,Grands Moulins marocains,Documents généraux (par ordre chronologique),9,9,1950,1950
comptoirlanguedocienentreprisesmarocaines,Comptoir languedocien d'entreprises marocaines,Documents généraux (par ordre chronologique),9,9,1926,1926
approvisionnement,Société anonyme nouvelle d'approvisionnement,Documents généraux (par ordre chronologique),9,9,1937,1937
marbrescarrieresmaroc,« Les Marbres et Carrières du Maroc »,Documents généraux (par ordre chronologique),9,9,1935,1966
merinosmarocain,Le Mérinos marocain,Documents généraux (par ordre chronologique),9,9,1935,1935
marocainesolomite,Société marocaine du Solomite,Documents généraux (par ordre chronologique),9,9,1930,1930
marocaineetablboussiron,Société marocaine des Établ. Boussiron,Documents généraux (par ordre chronologique),9,9,1933,1933
marocaineexploitationsminieres,Société marocaine d'exploitations minières,Documents généraux (par ordre chronologique),9,9,1949,1949
cherifiennearmement,Cie chérifienne d'armement,Documents généraux (par ordre chronologique),9,9,1951,1951
nordafricainefinancementparticipations,Société nord-africaine de financement et de participations,Documents généraux (par ordre chronologique),9,9,1952,1952
minieretichka,Cie minière du Tichka,Documents généraux (par ordre chronologique),9,9,1969,1969
commercialeminiereafriquenord,Société Commerciale et Minière pour l'Afrique du Nord,Documents généraux (par ordre chronologique),9,9,1969,1969
marocaineetudessiderurgiques,Société marocaine d'études sidérurgiques,Documents généraux (par ordre chronologique),9,9,1969,1969
consignatairesreunis,CONSIGNATAIRES RÉUNIS,Documents généraux (par ordre chronologique),9,9,1925,1925
essencesvegetalesafricaines,Société des Essences végétales africaines,Documents généraux (par ordre chronologique); Industries agro-alimentaires,9,9,1920,1925
caissepretsimmobiliers,Caisse de prêts immobiliers,"Banques, groupes financiers, assureurs; Documents généraux (par ordre chronologique)",15,8,1922,1922
banquehypothecairemaroc,Banque hypothécaire du Maroc,"Banques, groupes financiers, assureurs",15,8,1931,1931
marocaineboismateriauxconstruction,Société marocaine des bois et matériaux de Construction,Documents généraux (par ordre chronologique),14,8,1926,1930
cheminfertangerfez,Chemin de fer Tanger-Fez,"Transports terrestres, garages automobiles et agricoles",14,8,1922,1948
marocaineexplosifscasablancamelilla,"Société Marocaine d'explosifs, Casablanca, Melilla",Industries chimiques,13,8,1912,1920
commerciale,Compagnie commerciale française,Documents généraux (par ordre chronologique),12,8,1926,1937
marocaineagriculturecommerce,Société Marocaine pour l'agriculture et le commerce,Industries agro-alimentaires,12,8,1927,1927
creditfrancomarocaincommerceexterieur,Crédit franco-marocain du commerce extérieur,"Banques, groupes financiers, assureurs; Documents généraux (par ordre chronologique)",11,8,1922,1925
maisonfamiliale,« La Maison familiale »,Documents généraux (par ordre chronologique),11,8,1922,1930
annonay,ANNONAY,Documents généraux (par ordre chronologique),11,8,1937,1952
prospectionetudesminieresmaroc,Société de prospection et d'études minières au Maroc,Documents généraux (par ordre chronologique),11,8,1937,1952
agricolezemmours,Société agricole des Zemmours,Documents généraux (par ordre chronologique),10,8,1926,1937
marocainevinicole,Compagnie marocaine vinicole,Documents généraux (par ordre chronologique),10,8,1937,1952
cherifiennesondagesinjectionsforages,"Société chérifienne de sondages, injections, forages",Documents généraux (par ordre chronologique),10,8,1935,1975
mobiliereimmobilieremarocsoudan,Cie mobilière et immobilière Maroc et Soudan,Documents généraux (par ordre chronologique),9,8,1937,1937
navigationpaquet,Compagnie de navigation Paquet,Documents généraux (par ordre chronologique),8,8,1913,1913
constructionmarocaine,Construction marocaine (Anciennement,Documents généraux (par ordre chronologique),8,8,1913,1913
omniumlyonnaisminieremaroc,Omnium Lyonnais et Société minière au Maroc,Documents généraux (par ordre chronologique),8,8,1913,1913
immobilierelyonnaisemarocainechezmmasbanquiercondrieu,"Sté immobilière lyonnaise marocaine, Chez M. Mas, banquier, CONDRIEU",Documents généraux (par ordre chronologique),8,8,1927,1927
amizmiz,Sté d'Amizmiz,Documents généraux (par ordre chronologique),8,8,1958,1958
cherifiennecarpettes,Cie Chérifienne de Carpettes,Documents généraux (par ordre chronologique),8,8,1926,1950
constructionslotissementsurbains,Sté des constructions et lotissements urbains,Documents généraux (par ordre chronologique),8,8,1922,1922
marocaineapprovisionnements,Société anon. marocaine d'approvisionnements,Documents généraux (par ordre chronologique),8,8,1926,1926
etudesentreprisesmaroc,Société d'études et d'entreprises au Maroc,Documents généraux (par ordre chronologique),8,8,1926,1926
entreprisesgrandstravauxhydrauliques,Entreprises de grands travaux hydrauliques,Documents généraux (par ordre chronologique),8,8,1937,1937
minesouedoudina,Mines de l'Oued-Oudina,Documents généraux (par ordre chronologique),8,8,1937,1937
mutuellehypothecairefrancosudamericaine,Mutuelle hypothécaire Franco-Sud Américaine,Documents généraux (par ordre chronologique),8,8,1937,1937
frigorifiquemaroc,Compagnie Frigorifique du Maroc,Documents généraux (par ordre chronologique); Industries agro-alimentaires,8,8,1932,1937
olivettesmarocaines,Les Olivettes marocaines,Documents généraux (par ordre chronologique),8,8,1935,1935
cherifienneorganisationmoderne,Société anon. chérifienne d'organisation moderne,Documents généraux (par ordre chronologique),8,8,1935,1935
charpentiersparismaroc,Sté« Les charpentiers de Paris au Maroc »,Documents généraux (par ordre chronologique),8,8,1935,1935
cherifienneparticipations,Société Chérifienne de participations,"Banques, groupes financiers, assureurs; Documents généraux (par ordre chronologique)",8,8,1927,1935
industrielleboismanufacture,Société industrielle du bois manufacturé,Documents généraux (par ordre chronologique),8,8,1930,1930
unionimmobilieremarocaine,Union immobilière marocaine,Documents généraux (par ordre chronologique),8,8,1930,1930
immouzer,Société anon. d'Immouzer,Documents généraux (par ordre chronologique),8,8,1930,1930
unionmarocaineoutremer,Union marocaine et d'outremer,Documents généraux (par ordre chronologique),8,8,1952,1952
marocainebeniahsen,Société marocaine des Béni Ahsen,Documents généraux (par ordre chronologique),8,8,1952,1952
liegeslasserens,LIÈGES DE LASSERENS,Documents généraux (par ordre chronologique),8,8,1925,1925
marocaineminesoutat,Société Marocaine des Mines de l’Outat,Mines,8,8,1927,1927
nantaiseimportationmaroc,Société Nantaise d’Importation au Maroc,Commerce,8,8,1920,1920
machinesagricolesrwallut,MACHINES AGRICOLES R. WALLUT et Cie,"Transports terrestres, garages automobiles et agricoles",8,8,1925,1925
foncieremarocaine,Société Foncière Marocaine,Documents généraux (par ordre chronologique); Sociétés foncières et immobilières,27,7,1911,1958
etshubertdolbeau,Éts Hubert Dolbeau & Cie,Commerce; Documents généraux (par ordre chronologique),17,7,1921,1950
agricoleouezzan,Compagnie Agricole d'Ouezzan,Documents généraux (par ordre chronologique); Industries agro-alimentaires,16,7,1927,1937
officenordafricain,Office nord-africain,"Banques, groupes financiers, assureurs; Documents généraux (par ordre chronologique)",14,7,1930,1969
foncierecasablanca,Société Foncière de Casablanca,Documents généraux (par ordre chronologique); Sociétés foncières et immobilières,12,7,1926,1933
immobilieremarrakech,Société immobilière de Marrakech,Documents généraux (par ordre chronologique),12,7,1926,1952
elevagemeknes,Société d'Élevage de Meknès,Documents généraux (par ordre chronologique); Industries agro-alimentaires,11,7,1926,1958
africainefilaturetissage,Société africaine de filature et tissage,Documents généraux (par ordre chronologique),10,7,1937,1969
marocainebenimtir,Société Marocaine des Beni M'Tir,Documents généraux (par ordre chronologique); Industries agro-alimentaires,10,7,1937,1952
minesgraphitesmaroc,Mines et graphites du Maroc,Documents généraux (par ordre chronologique),10,7,1904,1935
minesgraphitemarocouminesgraphitesmaroc,Mines et graphite du Maroc ou Mines et graphites du Maroc,Mines,10,7,1930,1949
cherifienneenergie,Société chérifienne d'énergie,Documents généraux (par ordre chronologique),9,7,1935,1969
cherifienneremorquageassistance,Société chérifienne de remorquage et d'assistance,Documents généraux (par ordre chronologique),9,7,1935,1969
etablissementsbeteille,Établissements L. Béteille,Documents généraux (par ordre chronologique),9,7,1930,1953
agricolecotonnieremarocsidimoussa,Société agricole cotonnière du Maroc « Sidi-Moussa »,Documents généraux (par ordre chronologique),8,7,1926,1937
liegesindustrialisesmaroc,Société des lièges industrialisés du Maroc,Documents généraux (par ordre chronologique),8,7,1926,1930
conserveriesmarocaines,Conserveries marocaines,Documents généraux (par ordre chronologique),8,7,1937,1969
fonciereagricolehautmaroc,Compagnie foncière et agricole du Haut-Maroc,Documents généraux (par ordre chronologique),8,7,1937,1952
entreprisesculturesafrique,Cie générale d'entreprises et de cultures en Afrique,Documents généraux (par ordre chronologique),8,7,1937,1937
geranceexploitation,Société anon. de gérance et d'exploitation,Documents généraux (par ordre chronologique),8,7,1935,1935
marocainemetauxentreprise,Cie marocaine de métaux et d'entreprise,Documents généraux (par ordre chronologique),8,7,1949,1969
mediterranee,Cie générale de la Méditerranée,Documents généraux (par ordre chronologique),7,7,1913,1913
nidlris,« Le Nid d'lris »,Documents généraux (par ordre chronologique),7,7,1950,1950
bordelaisemarocf,"Sté bordelaise du Maroc — Sté an., f",Documents généraux (par ordre chronologique),7,7,1922,1922
maroccommerceindustrie,Compagnie du Maroc pour le commerce et l'industrie,Documents généraux (par ordre chronologique),7,7,1926,1926
industrielleafriquenordfabricationciresbougies,Société industrielle de l'Afrique du Nord pour la fabrication des cires et bougies,Documents généraux (par ordre chronologique),7,7,1926,1926
ateliersmagasinssebou,Ateliers et magasins du Sebou,Documents généraux (par ordre chronologique),7,7,1926,1926
elgalyjacquet,Elgaly et Jacquet,Documents généraux (par ordre chronologique),7,7,1926,1926
financierecherifienne,Cie financière chérifienne,Documents généraux (par ordre chronologique),7,7,1937,1937
automobilemarocaine,Générale automobile marocaine,Documents généraux (par ordre chronologique),7,7,1937,1937
miniererehamna,Société minière des Rehamna,Documents généraux (par ordre chronologique),7,7,1937,1937
etablissementschamsonsafi,"Établissements Chamson, SAFI",Documents généraux (par ordre chronologique),7,7,1937,1937
elevagemeknesagouraiparmeknes,"Société d'élevage de Meknès, AGOURAI, par Meknès",Documents généraux (par ordre chronologique),7,7,1937,1937
immobilieremoghreb,Cie immobilière du Moghreb,Documents généraux (par ordre chronologique),7,7,1937,1937
domainebeniamar,Domaine de Béni-Amar,Documents généraux (par ordre chronologique),7,7,1935,1935
algeromarocainecrins,Société algéro-marocaine des crins,Documents généraux (par ordre chronologique),7,7,1935,1935
immobilieredoua,Société immobilière de la Doua,Documents généraux (par ordre chronologique),7,7,1935,1935
marocaineautomobiles,Société marocaine d'automobiles,Documents généraux (par ordre chronologique),7,7,1930,1930
plantationslallaito,Société des plantations de Lalla Ito,Documents généraux (par ordre chronologique),7,7,1930,1930
transitrapidemarocain,Transit rapide marocain,Documents généraux (par ordre chronologique),7,7,1930,1952
sudauto,"« Sud-Auto », anc. Établ. Saclier",Documents généraux (par ordre chronologique),7,7,1930,1930
meknesauto,« Meknès-Auto»,Documents généraux (par ordre chronologique),7,7,1930,1930
marocainemetauxentreprises,Cie marocaine de métaux et d'entreprises,Documents généraux (par ordre chronologique),7,7,1949,1949
loirethaentjens,Loiret et Haentjens,Documents généraux (par ordre chronologique),7,7,1919,1919
auxiliaireunion,Société auxiliaire de l'Union française,Documents généraux (par ordre chronologique),7,7,1919,1919
marocaineetsjjcarnaudforgesbasseindre,Société marocaine des Éts J.-J. Carnaud et Forges de Basse-Indre,Documents généraux (par ordre chronologique),7,7,1969,1969
travauxmarocainsgeniecivil,Travaux marocains de génie civil,Documents généraux (par ordre chronologique),7,7,1952,1952
anomboissonsgazeusessafimogador,Sté anom des boissons gazeuses de Safi-Mogador,Documents généraux (par ordre chronologique),7,7,1953,1953
etudesmaroc,ÉTUDES AU MAROC,Documents généraux (par ordre chronologique),7,7,1925,1925
idem1948,Idem 1948,"Transports terrestres, garages automobiles et agricoles",7,7,1948,1948
maritimemaroc,Compagnie Maritime du Maroc,"Transports maritimes, fluviaux et aériens",7,7,1920,1920
minescuivredjebiletparcorinnekrouck,Société des Mines de cuivre des Djebilet par Corinne Krouck et A.L.,Mines,7,7,1933,1933
safti,SAFTI,Documents généraux (par ordre chronologique),26,6,1925,1925
longometalmaroc,"Longométal-Maroc, puis Longométal-Afrique",Commerce; Documents généraux (par ordre chronologique),22,6,1919,1919
banqueparisiennemaroc,Banque parisienne pour le Maroc,"Banques, groupes financiers, assureurs; Documents généraux (par ordre chronologique)",15,6,1937,1952
agricoledoukkala,Société Agricole des Doukkala,Documents généraux (par ordre chronologique); Industries agro-alimentaires,14,6,1937,1937
penarroyamaroc,Peñarroya-Maroc ),Documents généraux (par ordre chronologique); Mines,14,6,1951,1969
briqueteriescarrieresusineselhank,"Briqueteries, carrières et usines d'El-Hank","Bâtiment et travaux publics, matériaux de construction, céramique; Documents généraux (par ordre chronologique)",12,6,1913,1922
omniumfrancemaroc,Omnium de France et du Maroc,"Banques, groupes financiers, assureurs; Documents généraux (par ordre chronologique)",12,6,1913,1926
etablissementsperezcoudert,Établissements Pérez et Coudert,Documents généraux (par ordre chronologique); Industries agro-alimentaires,12,6,1936,1937
nordafricaineentreprise,Société anon. Nord-Africaine d'entreprise (anc,Documents généraux (par ordre chronologique),10,6,1937,1952
naphtesrharbcentraln,Société des naphtes du Rharb central (N,Documents généraux (par ordre chronologique),9,6,1926,1937
omniumimmobiliermaroc,Omnium immobilier du Maroc,Documents généraux (par ordre chronologique),9,6,1926,1933
transportsrabatsale,Compagnie des Transports de Rabat-Salé,Documents généraux (par ordre chronologique),9,6,1937,1969
unionfinanciereconstructionmaroc,Union financière pour la construction au Maroc,"Banques, groupes financiers, assureurs; Documents généraux (par ordre chronologique)",8,6,1914,1958
charbonnierecasablanca,Compagnie Charbonniere de Casablanca,Documents généraux (par ordre chronologique),8,6,1926,1937
africaineexplosifs,Cie africaine des explosifs,Documents généraux (par ordre chronologique),8,6,1936,1937
fruitsmaghreb,Fruits du Maghreb,Documents généraux (par ordre chronologique),8,6,1935,1952
minesentifa,Société des Mines d'Entifa,Mines,8,6,1923,1923
etudesmarocainescommerceiindustriemines,"Sté d'études marocaines pour le commerce, I'industrie et les mines",Documents généraux (par ordre chronologique),7,6,1913,1913
camionnagemarocainealgerienne,Société de Camionnage marocaine et algérienne,"Documents généraux (par ordre chronologique); Transports terrestres, garages automobiles et agricoles",7,6,1913,1920
cherifienneetablissementsmory,Société Chérifienne des Établissements Mory et Cie,Documents généraux (par ordre chronologique),7,6,1937,1937
briqueteriesfedala,Société des briqueteries de Fédala,Documents généraux (par ordre chronologique),7,6,1937,1937
entreprisesschneiderindustrielletravaux,Entreprises Schneider Cie industrielle de travaux,Documents généraux (par ordre chronologique),7,6,1969,1969
franceoutremer,France-Outremer,Documents généraux (par ordre chronologique),6,6,1913,1913
commercialefrancomarocaine,Sté commerciale franco-marocaine,Documents généraux (par ordre chronologique),6,6,1913,1913
elevageexploitationagricole,Cie d'élevage et d'exploitation agricole,Documents généraux (par ordre chronologique),6,6,1958,1958
mecaniqueagricolefnovembre1920,"Cie générale de mécanique agricole. — Sté an., f. le novembre 1920",Documents généraux (par ordre chronologique),6,6,1950,1950
parfumerieparisfiorquartieriatffoctobre,"Sté de parfumerie Paris-FIor, quartier de Ia T. S. F. — Sté an., f. le octobre",Documents généraux (par ordre chronologique),6,6,1922,1922
briqueteriescarrieresusineseihank,"Briqueteries, carrières et usines d'EI-Hank",Documents généraux (par ordre chronologique),6,6,1926,1926
minoteriescomptoirsindigenesmaroc,Société de Minoteries et comptoirs indigènes au Maroc,Documents généraux (par ordre chronologique),6,6,1926,1926
foncieremarococcidental,Société Foncière du Maroc Occidental,Documents généraux (par ordre chronologique),6,6,1926,1926
cherifienneagricultureelevage,Société Chérifienne d'Agriculture et d'élevage,Documents généraux (par ordre chronologique),6,6,1926,1926
fashionablehouse,Société « Fashionable House »,Documents généraux (par ordre chronologique),6,6,1926,1926
immobilierenordmarocain,Société Immobilière du Nord-Marocain,Documents généraux (par ordre chronologique),6,6,1926,1926
marocaineexportationprimeurs,Société marocaine d'exportation de primeurs,Documents généraux (par ordre chronologique),6,6,1926,1926
internationalegrandsmagasins,Cie internationale de Grands Magasins,Documents généraux (par ordre chronologique),6,6,1937,1937
minieremarocaine,Minière Marocaine,Documents généraux (par ordre chronologique),6,6,1937,1937
agavesagadir,Société des agaves d'Agadir,Documents généraux (par ordre chronologique),6,6,1937,1937
bergeron,Bergeron,Documents généraux (par ordre chronologique),6,6,1937,1937
comptoircherifienbois,Comptoir chérifien des bois,Documents généraux (par ordre chronologique),6,6,1935,1935
comptoirsmarocainscuirspeaux,Comptoirs marocains des cuirs et peaux,Documents généraux (par ordre chronologique),6,6,1935,1935
africainematerielindustriel,Société africaine de matériel industriel,Documents généraux (par ordre chronologique),6,6,1935,1935
etudesculturericinmaroc,Société d'études pour la culture du ricin au Maroc,Documents généraux (par ordre chronologique),6,6,1935,1935
fonciereimmobilierefes,Cie foncière et immobilière de Fès,Documents généraux (par ordre chronologique),6,6,1930,1930
grandsmagasinsreunismaroc,Grands magasins réunis du Maroc,Documents généraux (par ordre chronologique),6,6,1930,1930
etablautomobilesrey,Société des Établ. automobiles Rey,Documents généraux (par ordre chronologique),6,6,1930,1930
immeublestrezieres,Société des immeubles Trézières,Documents généraux (par ordre chronologique),6,6,1930,1930
marocaineterrescultures,Société marocaine de Terres et cultures,Documents généraux (par ordre chronologique); Industries agro-alimentaires,6,6,1930,1931
balima,Société Balima,Documents généraux (par ordre chronologique),6,6,1930,1930
marocaineagricolesidifatah,Société marocaine agricole de Sidi-Fatah,Documents généraux (par ordre chronologique),6,6,1933,1933
succursaleparis,Succursale de PARIS,Documents généraux (par ordre chronologique),6,6,1949,1949
hydrauliqueasie,L'Hydraulique-Asie,Documents généraux (par ordre chronologique),6,6,1969,1969
agavesmaroc,Société des agaves du Maroc,Documents généraux (par ordre chronologique),6,6,1952,1952
agricoledoukkaladomainebenihellalparsidiben,"Société agricole des Doukkala, Domaine des Beni-Hellal, par Sidi Ben",Documents généraux (par ordre chronologique),6,6,1952,1952
domainesnordmarocain,Domaines du Nord-Marocain,Documents généraux (par ordre chronologique),6,6,1954,1954
roulement,ROULEMENT,Documents généraux (par ordre chronologique),6,6,1938,1938
creditfoncieragricolemarocain,Crédit foncier et agricole marocain,"Banques, groupes financiers, assureurs",6,6,1911,1911
djebelchikeroudjebelchickertaza,"Djebel-Chiker ou Djebel-Chicker, Taza",Mines,6,6,1936,1937
marocaineagricolejacma,Société marocaine agricole du Jacma,Industries agro-alimentaires,6,6,1920,1920
naphtesrharbcentral,Société des Naphtes du Rharb central,Pétrole et gaz,6,6,1922,1922
parisflor,Paris-Flor,Industries chimiques,6,6,1922,1922
africaineprospection,Société Africaine de Prospection,Mines,6,6,1929,1929
marocainetravauxpublics,Société Marocaine de Travaux publics,"Bâtiment et travaux publics, matériaux de construction, céramique; Documents généraux (par ordre chronologique)",10,5,1922,1958
foncierechaouia,Société Foncière de la Chaouïa,Documents généraux (par ordre chronologique); Sociétés foncières et immobilières,10,5,1913,1958
minierebramrane,Société Minière du Bramrane,Documents généraux (par ordre chronologique); Mines,10,5,1929,1937
cherifiennerecherchesforages,Compagnie Chérifienne de Recherches et de forages,Documents généraux (par ordre chronologique); Pétrole et gaz,9,5,1913,1921
fruitierebenimtir,Société fruitière des Beni M'Tir,Documents généraux (par ordre chronologique),9,5,1933,1933
creditfonciermaroc,Crédit foncier du Maroc,"Banques, groupes financiers, assureurs; Documents généraux (par ordre chronologique)",8,5,1922,1925
lyonnaisecommerceindustriemaroc,Sté lyonnaise de commerce et d'industrie au Maroc,Documents généraux (par ordre chronologique),8,5,1923,1926
chevre,« La Chèvre »,Documents généraux (par ordre chronologique),8,5,1926,1937
mineserdouz,Société des Mines de l'Erdouz,Mines,8,5,1927,1927
agricolenordafricainagence,Cie agricole du Nord-Africain. Agence,Documents généraux (par ordre chronologique); Industries agro-alimentaires,7,5,1922,1958
agricolefrancomarocaine,Société agricole franco-marocaine,Documents généraux (par ordre chronologique),7,5,1935,1937
electra,« Electra »,Documents généraux (par ordre chronologique),7,5,1935,1952
fermessegmet,Société des fermes du Segmet,Documents généraux (par ordre chronologique),7,5,1935,1952
omniumcherifien,Omnium chérifien,Documents généraux (par ordre chronologique),6,5,1913,1913
filaturestissagesmarocains,Société des Filatures et tissages marocains,Documents généraux (par ordre chronologique),6,5,1922,1949
electricitesafi,Société d'Électricité de Safi,Documents généraux (par ordre chronologique),6,5,1926,1969
agricolehababsa,Société agricole des Hababsa,Documents généraux (par ordre chronologique),6,5,1935,1935
commerceaveccoloniesetranger,"Sociéte française pour le commerce avec les colonies et l’étranger, puis Sociéte française pour le commerce avec l'outre-mer","Banques, groupes financiers, assureurs",6,5,1953,1959
parisiennecomptoirscoloniaux,Compagnie Parisienne des Comptoirs coloniaux,Documents généraux (par ordre chronologique),5,5,1913,1913
hispanomarocainegazelectricite,Cie hispano-marocaine de gaz et d'électricité,Documents généraux (par ordre chronologique),5,5,1913,1926
cherifiennetuileriesbriqueteriesplatrierescasablanca,"Sté chérifienne des tuileries, briqueteries et plâtrières de Casablanca",Documents généraux (par ordre chronologique),5,5,1913,1913
nordafricaineelevageexploitationagricole,Cie nord-africaine d'élevage et d'exploitation agricole,Documents généraux (par ordre chronologique),5,5,1958,1958
fermesmarocaines,Sté des fermes marocaines,Documents généraux (par ordre chronologique),5,5,1958,1958
laiteriesboucheriesreuniesmaroc,Compagnie des Laiteries et boucheries réunies au Maroc,Documents généraux (par ordre chronologique); Industries agro-alimentaires,5,5,1923,1926
marocaineexploitationsagricoles,Société marocaine d'exploitations agricoles,Documents généraux (par ordre chronologique),5,5,1926,1926
boyauderiestriperiesriss,Boyauderies et triperies A. Riss,Documents généraux (par ordre chronologique),5,5,1926,1926
groupemarocainetudesentreprises,Groupe marocain d'études et d'entreprises,Documents généraux (par ordre chronologique),5,5,1926,1926
paris,À Paris,Documents généraux (par ordre chronologique),5,5,1937,1937
etablissementslyonnaismaroc,Société anon. des Établissements lyonnais au Maroc,Documents généraux (par ordre chronologique),5,5,1937,1937
hydrauliqueafrique,L'Hydraulique-Afrique,Documents généraux (par ordre chronologique),5,5,1937,1937
directioncasablanca,Direction à Casablanca,Documents généraux (par ordre chronologique),5,5,1937,1937
agricolecommercialesidimoussaharati,Société agricole et commerciale de Sidi-Moussa et Harati,Documents généraux (par ordre chronologique),5,5,1937,1937
comptoirimmobiliermaroc,Comptoir immobilier du Maroc,Documents généraux (par ordre chronologique),5,5,1937,1937
marocainebata,Société anon. marocaine Bata,Documents généraux (par ordre chronologique),5,5,1937,1937
continentalemaroc,Cie continentale du Maroc,Documents généraux (par ordre chronologique),5,5,1937,1937
africaine,L'Africaine,Documents généraux (par ordre chronologique),5,5,1937,1937
huileriessavonneriesmaroc,Huileries et savonneries du Maroc,Documents généraux (par ordre chronologique),5,5,1935,1935
sadelam,« Sadelam »,Documents généraux (par ordre chronologique),5,5,1935,1935
societeanondesanciensetabl,Société anon. des anciens Établ,Documents généraux (par ordre chronologique),5,5,1935,1935
fonciereportlyauteymaroc,Société foncière de Port-Lyautey et du Maroc,Documents généraux (par ordre chronologique),5,5,1935,1935
forestiereindustriellecommerciale,Société forestière industrielle et commerciale,Documents généraux (par ordre chronologique),5,5,1935,1935
industriellehuilesmaroc,Société industrielle des huiles du Maroc,Documents généraux (par ordre chronologique),5,5,1930,1930
marocaineexploitationcinematographique,Société marocaine d'exploitation cinématographique,Documents généraux (par ordre chronologique),5,5,1930,1930
moullotmaroc,Société Moullot-Maroc,Documents généraux (par ordre chronologique),5,5,1930,1930
tuilesbriquesceramiquesfesquartierlouajerine,"Tuiles, briques et céramiques de Fès, quartier Louajerine",Documents généraux (par ordre chronologique),5,5,1930,1930
cherifienneetudescharbonnagestirkou,Société chérifienne d'études des charbonnages de Tirkou,Documents généraux (par ordre chronologique),5,5,1930,1930
fermenouirette,Société anon. « Ferme Nouirette »,Documents généraux (par ordre chronologique),5,5,1933,1933
minieresmala,Société minière des Smala,Documents généraux (par ordre chronologique),5,5,1949,1949
preservatricemarocaine,Préservatrice marocaine,Documents généraux (par ordre chronologique),5,5,1919,1919
etudestravauxnavalsaeronautiques,Société d'études et de travaux navals et aéronautiques,Documents généraux (par ordre chronologique),5,5,1969,1969
marocaineexploitationsminieresbouarfaparoujda,"Société marocaine d'exploitations minières, BOU-ARFA, par Oujda",Documents généraux (par ordre chronologique),5,5,1969,1969
djellaba,« Djellaba »,Documents généraux (par ordre chronologique),5,5,1952,1952
carton,Carton,Documents généraux (par ordre chronologique),5,5,1971,1971
metaux,Cie française des métaux,Documents généraux (par ordre chronologique),5,5,1936,1936
etudescommerceindustrie,Sté d'études pour le commerce et l'industrie,Documents généraux (par ordre chronologique),5,5,1953,1953
chauffageplomberie,Générale de Chauffage et de plomberie Compagnie),"Bâtiment et travaux publics, matériaux de construction, céramique",5,5,1946,1946
anciensetablissementsalexandredamestoy,Anciens Établissements Alexandre Damestoy,"Transports maritimes, fluviaux et aériens",5,5,1942,1942
entreprisesarboricolesagricolesmaroc,Société d'Entreprises arboricoles et agricoles au Maroc,Industries agro-alimentaires,5,5,1927,1927
fermesmarocainesnantescasablanca,"Société des Fermes marocaines, Nantes-Casablanca",Industries agro-alimentaires,5,5,1921,1921
creditfoncierfrancomarocain,Crédit foncier franco-marocain,"Banques, groupes financiers, assureurs",5,5,1911,1911
frsepetrolesmaroc,Cie frse des PÉTROLES du MAROC,Pétrole et gaz,5,5,1925,1925
immobilierenordafrique,"Société Immobilière du Nord de l'Afrique, puis Société nord-africaine d'entreprise",Sociétés foncières et immobilières,5,5,1923,1923
lyonnaiseetudesmaroc,Société Lyonnaise d'Études au Maroc,"Transports maritimes, fluviaux et aériens",5,5,1912,1912
marocaineexploitationsminieresbouarfa,"Société Marocaine d'Exploitations minières, Bou-Arfa",Mines,5,5,,
recherchesminieresfrancaisescolonialesentreprises,Société Recherches minières françaises et coloniales et d'entreprises,Mines,5,5,1926,1926
intermediairecommissionproduitsalimentaires,Société intermédiaire de commission en produits alimentaires,Documents généraux (par ordre chronologique),9,4,1919,1937
docksagriculture,Docks de l'Agriculture,Documents généraux (par ordre chronologique),8,4,1926,1950
immobilieremedinacasablanca,Société immobilière de la Nouvelle Médina de Casablanca,Documents généraux (par ordre chronologique),8,4,1926,1935
comptoirautomobileagricole,Comptoir automobile et agricole,Documents généraux (par ordre chronologique),8,4,1926,1930
zincsalindresberreetang,"Compagnie Française du Zinc, Salindres, Berre-l'Étang","Banques, groupes financiers, assureurs",8,4,1922,1922
francemarocentreprisetravauxpublicsprives,"France-Maroc, Sté d'entreprise générale de travaux publics et privés",Documents généraux (par ordre chronologique),7,4,1913,1926
entreprisesurbainescoloniales,Société d'entreprises urbaines et coloniales,Documents généraux (par ordre chronologique),7,4,1949,1969
marocentreprises,Maroc-Entreprises,"Bâtiment et travaux publics, matériaux de construction, céramique; Documents généraux (par ordre chronologique)",6,4,1922,1926
africainebordelaiseindustrielle,Société africaine et bordelaise industrielle,Documents généraux (par ordre chronologique),6,4,1919,1937
rbatieagriculture,R'Batie d'Agriculture,Documents généraux (par ordre chronologique),6,4,1937,1952
tifnouttiranimine,Cie de Tifnout-Tiranimine,Documents généraux (par ordre chronologique),6,4,1937,1966
electricitemarrakech,Société d'Électricité de Marrakech,Documents généraux (par ordre chronologique),5,4,1926,1937
conserveriesalgeromarocaines,Conserveries algéro-marocaines,Documents généraux (par ordre chronologique); Industries agro-alimentaires,5,4,1937,1969
administration,Administration,Documents généraux (par ordre chronologique),5,4,1937,1937
marocainesiditaibi,Société marocaine de Sidi Taïbi,Documents généraux (par ordre chronologique),5,4,1937,1937
constructionimmeublesmaroc,Société de construction d'immeubles au Maroc,Documents généraux (par ordre chronologique),5,4,1937,1952
etablcommerciauxindustrielsmoghreb,"Établ, commerciaux et industriels du Moghreb",Documents généraux (par ordre chronologique),5,4,1949,1954
marocaineechanges,Société marocaine d'échanges,Documents généraux (par ordre chronologique),5,4,1969,1969
entreprises,ENTREPRISES,"Bâtiment et travaux publics, matériaux de construction, céramique; Documents généraux (par ordre chronologique)",5,4,1925,1925
ifriquia,L'Ifriquia,Documents généraux (par ordre chronologique),4,4,1913,1913
constructionsmodernesmaroc,Cie de constructions modernes au Maroc,Documents généraux (par ordre chronologique),4,4,1913,1913
marocaineeclairageforcemotrice,Cie marocaine d'éclairage et de force motrice,Documents généraux (par ordre chronologique),4,4,1913,1913
agricolenordafricain,Société Agricole du Nord-Africain,Documents généraux (par ordre chronologique),4,4,1926,1926
agricoleimmobilieremarococcidental,Société agricole et immobilière du Maroc occidental,Documents généraux (par ordre chronologique),4,4,1926,1926
boulognemaroc,Boulogne-Maroc,Commerce; Documents généraux (par ordre chronologique),4,4,1923,1926
immobilierelyonannonay,Société immobilière Lyon-Annonay,Documents généraux (par ordre chronologique),4,4,1926,1926
patrimoine,Patrimoine »,Documents généraux (par ordre chronologique),4,4,1926,1926
abrahamhalmnahon,Abraham Halm Nahon,Documents généraux (par ordre chronologique),4,4,1926,1926
agricoletrifa,Société agricole des Trifa,Documents généraux (par ordre chronologique),4,4,1937,1937
cultureelevagefedalafedala,"Société de culture et d'élevage de Fédala, FÉDALA",Documents généraux (par ordre chronologique),4,4,1937,1937
africaineplantesparfum,Cie africaine de plantes à parfum,Documents généraux (par ordre chronologique),4,4,1937,1937
agricolesefrou,Cie agricole de Sefrou,Documents généraux (par ordre chronologique),4,4,1937,1937
cooperativepharmaceutiquemarocaine,Coopérative pharmaceutique marocaine,Documents généraux (par ordre chronologique),4,4,1935,1935
crinvegetalmarocain,Crin végétal marocain,Documents généraux (par ordre chronologique),4,4,1935,1935
gallodanamaroc,Gallodana-Maroc,Documents généraux (par ordre chronologique),4,4,1935,1935
omniumtextilesfermo,Omnium des textiles A. Fermo,Documents généraux (par ordre chronologique),4,4,1935,1935
produitsmaroc,« Les Produits du Maroc »,Documents généraux (par ordre chronologique),4,4,1935,1935
carrieresouedyquemchezmjeancailleing,"Société des carrières de l'Oued-Yquem, chez M. Jean Caillé, ing",Documents généraux (par ordre chronologique),4,4,1935,1935
etudesindustrieagricole,Société d'études pour l'industrie agricole,Documents généraux (par ordre chronologique),4,4,1935,1935
fermieresourcesmineralesoulmes,Société fermière des sources minérales d'Oulmès,Documents généraux (par ordre chronologique),4,4,1935,1935
immobiliereavenuemarine,Société immobilière de l'avenue de la Marine,Documents généraux (par ordre chronologique),4,4,1935,1935
immobilieresudmarocain,Société immobilière du Sud marocain,Documents généraux (par ordre chronologique),4,4,1930,1930
marocaineautomobilesrenault,Société marocaine des automobiles Renault,Documents généraux (par ordre chronologique),4,4,1930,1930
marocaineetablpparrenin,Société marocaine des Établ. P. Parrenin,Documents généraux (par ordre chronologique),4,4,1930,1930
marocaineimmobilieredarbeida,Société marocaine immobilière « Dar et Beida »,Documents généraux (par ordre chronologique),4,4,1930,1930
mazagan,Mazagan),Documents généraux (par ordre chronologique),4,4,1930,1930
minescuivredjebilet,Société des mines de cuivre de Djebilet,Documents généraux (par ordre chronologique),4,4,1930,1930
minessidirahmoun,Société des mines de Sidi Rahmoun,Documents généraux (par ordre chronologique),4,4,1930,1930
minierebramraneminieredjebilet,Société minière du Bramrane.Société minière des Djebilet,Documents généraux (par ordre chronologique),4,4,1930,1930
nordautomobiles,Société Nord-Automobiles,Documents généraux (par ordre chronologique),4,4,1930,1930
venteproduitsmetallurgiquespaulfenie,Société de vente de produits métallurgiques Paul Fénié,Documents généraux (par ordre chronologique),4,4,1930,1930
comptoirautomobilemarocain,Comptoir automobile marocain,Documents généraux (par ordre chronologique),4,4,1930,1930
marocaineentreprisesleonballot,Société marocaine des Entreprises Léon Ballot,Documents généraux (par ordre chronologique),4,4,1930,1930
transporteursfes,Société des transporteurs de Fès,Documents généraux (par ordre chronologique),4,4,1930,1930
bitumeliquide,« Le Bitume liquide »,Documents généraux (par ordre chronologique),4,4,1930,1930
moghrebentreprise,« Moghreb-Entreprise »,Documents généraux (par ordre chronologique),4,4,1930,1930
immobilierekenitreenneterrainsindustriels,Société immobilière kénitréenne de terrains industriels,Documents généraux (par ordre chronologique),4,4,1930,1930
autorabat,Auto-Rabat,Documents généraux (par ordre chronologique),4,4,1930,1930
rabatieagriculture,Société anon. Rabatie d'agriculture,Documents généraux (par ordre chronologique),4,4,1930,1930
cherifienneautomobilesmaterielagricole,Société chérifienne d'automobiles et de matériel agricole,Documents généraux (par ordre chronologique),4,4,1930,1930
unionmetropolitaineafricaine,Union métropolitaine et africaine,Documents généraux (par ordre chronologique),4,4,1952,1952
auxiliairemarocaineexploitationsminieresbp,"Société auxiliaire marocaine d'exploitations minières, B. P",Documents généraux (par ordre chronologique),4,4,1969,1969
etudesminieresouarzemine,Société d'études minières de l'Ouarzemine,Documents généraux (par ordre chronologique),4,4,1969,1969
agricoleouezzanmechrabelksiri,"Cie agricole d'Ouezzan, MECHRA-BEL-KSIRI",Documents généraux (par ordre chronologique),4,4,1952,1952
comind,Sté anon. du com. et de l'ind,Documents généraux (par ordre chronologique),4,4,1952,1952
representimport,Sté générale de représent. et d'import,Documents généraux (par ordre chronologique),4,4,1952,1952
representationsindustriellescommerciales,Sté de représentations industrielles et commerciales,Documents généraux (par ordre chronologique),4,4,1952,1952
cuny,Cuny,Documents généraux (par ordre chronologique),4,4,1952,1952
emballagescellulosiques,« Les Emballages Cellulosiques »,Documents généraux (par ordre chronologique),4,4,1971,1971
xvproduitschimiquesdroguerieengrais,XV. PRODUITS CHIMIQUES DROGUERIE ENGRAIS,Documents généraux (par ordre chronologique),4,4,1936,1936
liantsmateriauxmaroc,Liants et matériaux du Maroc,Documents généraux (par ordre chronologique),4,4,1975,1975
stedesancetablhbernard,Sté des anc. Établ. H. Bernard,Documents généraux (par ordre chronologique),4,4,1984,1984
argilesbouadra,Sté des argiles de Bou-Adra,Documents généraux (par ordre chronologique),4,4,1953,1953
entreprisesaeronautiques,Cie générale d'ENTREPRISES AÉRONAUTIQUES,Documents généraux (par ordre chronologique),4,4,1925,1925
constructionsmetalliques,CONSTRUCTIONS MÉTALLIQUES,Documents généraux (par ordre chronologique),4,4,1938,1938
eclairage,Cie d'ÉCLAIRAGE,Documents généraux (par ordre chronologique),4,4,1938,1938
barytecomines,"Société française La Baryte de Comines, puis Produits chimiques et blancs de Comines","Banques, groupes financiers, assureurs",4,4,1911,1911
1923clovistreboz,"S.A., 1923 Clovis Tréboz",Commerce,4,4,1923,1923
etudesrecherchesminieresagoundis,Société d'études et de recherches minières de l'Agoundis,Mines,4,4,1928,1928
francomarocaineminerais,Cie Franco-Marocaine de Minerais,Mines,4,4,1930,1930
immobilierefes,Société Immobilière de Fès,Sociétés foncières et immobilières,4,4,,
nordafricaineentreprises,Société Nord-Africaine d'Entreprises,"Bâtiment et travaux publics, matériaux de construction, céramique",4,4,1922,1922
omniumtransportsmaroc,Omnium de transports au Maroc,"Transports maritimes, fluviaux et aériens",4,4,1917,1917
produitschimiquesfrancesaintdenis,Produits chimiques de France à Saint-Denis,"Banques, groupes financiers, assureurs",4,4,1920,1920
unionauriferecasablancasuitemarocaineparticipations,"Union aurifère, Casablanca. Suite de la Marocaine de Participations",Mines,4,4,1951,1951
urbanismeentreprisesgeneralesmaroc,Société d'Urbanisme et entreprises générales au Maroc,"Bâtiment et travaux publics, matériaux de construction, céramique",4,4,1932,1932
lainieremarocaine,Lainière Marocaine,Documents généraux (par ordre chronologique),8,3,1926,1950
etudesimmobilierestanger,Société d'Études immobilières à Tanger,Documents généraux (par ordre chronologique),6,3,1926,1937
etablrogermagnier,Établ. Roger Magnier,Documents généraux (par ordre chronologique),6,3,1926,1935
minieresous,Compagnie Minière du Sous,Documents généraux (par ordre chronologique); Mines,6,3,1930,1931
industriellecommercialeafricaine,Société industrielle et commerciale africaine,Documents généraux (par ordre chronologique),6,3,1919,1949
immobiliererabat,Sté immobilière de Rabat,Documents généraux (par ordre chronologique),5,3,1922,1930
electricitemazagan,Société d'Électricité de Mazagan,Documents généraux (par ordre chronologique),4,3,1926,1969
fermieremarocaineexploitationsagricolesboitepost,Cie fermière marocaine d'exploitations agricoles Boîte post,Documents généraux (par ordre chronologique),4,3,1952,1952
agricultureindustriemarocaines,L’Agriculture et l’Industrie marocaines,"Banques, groupes financiers, assureurs",4,3,1928,1928
exploitationverreriemarocsouvent,Exploitation de verrerie au Maroc (souvent,Industries chimiques,4,3,1934,1935
ateliersrabat,Ateliers de Rabat,Documents généraux (par ordre chronologique),3,3,1913,1926
constructionsmixtesmaroc,Sté de constructions mixtes au Maroc,Documents généraux (par ordre chronologique),3,3,1913,1913
etudestopographiquesgenieruralmaroc,Sté d'études topographiques et de génie rural au Maroc,Documents généraux (par ordre chronologique),3,3,1927,1927
cherifiennetissusfavril1921,"Cie chérifienne des tissus. — Sté an., f. le avril 1921",Documents généraux (par ordre chronologique),3,3,1950,1950
controleadministrationfiduciairefmai,"Sté an. de contrôle et d'administration fiduciaire. — Sté an., f. le mai",Documents généraux (par ordre chronologique),3,3,1950,1950
etudesgrandatlas,Société d'Études du Grand-Atlas,Documents généraux (par ordre chronologique),3,3,1922,1922
foncierecasablanca3,Sté foncière de Casablanca 3,Documents généraux (par ordre chronologique),3,3,1922,1922
immobilieremaarif,Sté immobilière du Maarif,Documents généraux (par ordre chronologique),3,3,1922,1922
agencecommercialeafricaine,Agence commerciale française et africaine,Documents généraux (par ordre chronologique),3,3,1926,1926
agencemadrid,Agence à MADRID,Documents généraux (par ordre chronologique),3,3,1926,1926
anciensetablissementsusinesgrandsocco,Anciens Établissements des usines du Grand Socco,Documents généraux (par ordre chronologique),3,3,1926,1926
maisonlevynouveautes,Maison Lévy-Nouveautés »,Documents généraux (par ordre chronologique),3,3,1926,1926
societeandesanciensetabllouissenouf,Société an. des anciens Établ. Louis Senouf,Documents généraux (par ordre chronologique),3,3,1926,1926
foncieremarocainemessara,Société Foncière Marocaine Messara,Documents généraux (par ordre chronologique),3,3,1926,1926
fiduciairefrancocherifienne,Cie fiduciaire franco-chérifienne,Documents généraux (par ordre chronologique),3,3,1937,1937
africaineeuropecentrale,Société africaine pour l'Europe Centrale,Documents généraux (par ordre chronologique),3,3,1937,1937
colonialemines,Société Coloniale de mines,Documents généraux (par ordre chronologique),3,3,1937,1937
moroccominingcompany,Morocco Mining Company,Documents généraux (par ordre chronologique),3,3,1937,1937
etudesinitiativemisevaleursous,Société d'études et d'initiative pour la mise en valeur du Sous,Documents généraux (par ordre chronologique),3,3,1937,1937
unionmobiliereprivee,Union mobilière privée,Documents généraux (par ordre chronologique),3,3,1937,1937
autonomecherifiennecarburants,L'Autonome chérifienne des carburants,Documents généraux (par ordre chronologique),3,3,1937,1937
bembaronhazan,Bembaron et Hazan,Documents généraux (par ordre chronologique),3,3,1937,1937
centraleautomobilecherifienne,Centrale automobile chérifienne,Documents généraux (par ordre chronologique),3,3,1937,1937
chaouiaagricoleimmobiliere,Chaouïa agricole et immobilière,Documents généraux (par ordre chronologique),3,3,1937,1937
chocolateriemaroc,Chocolaterie du Maroc,Documents généraux (par ordre chronologique),3,3,1937,1937
cherifienneexclusivitesindustriellescommerciales,Cie chérifienne d'exclusivités industrielles et commerciales,Documents généraux (par ordre chronologique),3,3,1937,1937
commercialeciments,Cie commerciale des ciments,Documents généraux (par ordre chronologique),3,3,1937,1937
commercialemaghreb,Cie commerciale du Maghreb,Documents généraux (par ordre chronologique),3,3,1937,1937
commercemaroc,Compagnie Générale de Commerce au Maroc,Documents généraux (par ordre chronologique),3,3,1937,1937
comptoirlainierimportation,Comptoir lainier et d'importation,Documents généraux (par ordre chronologique),3,3,1935,1935
etablindustrielsjlafon,Établ. industriels J. Lafon,Documents généraux (par ordre chronologique),3,3,1935,1935
hydroentreprise,« Hydro-Entreprise »,Documents généraux (par ordre chronologique),3,3,1935,1935
maisontempliervignoud,"Maison Templier, Vignoud et Cie",Documents généraux (par ordre chronologique),3,3,1935,1935
manufacturespapetieresmaroc,Manufactures papetières du Maroc,Documents généraux (par ordre chronologique),3,3,1935,1935
marocainebois,« La Marocaine des bois »,Documents généraux (par ordre chronologique),3,3,1935,1935
moghrebine,Moghrebine,Documents généraux (par ordre chronologique),3,3,1935,1935
papeterieimprimeriefortinmoullot,Papeterie-imprimerie Fortin-Moullot,Documents généraux (par ordre chronologique),3,3,1935,1935
agricoleelevagemaroc,Société agricole et d'élevage au Maroc,Documents généraux (par ordre chronologique),3,3,1935,1935
domainebennabet,Société anon. du domaine de Ben-Nabet,Documents généraux (par ordre chronologique),3,3,1935,1935
belgoafricainelainages,Société belgo-africaine de lainages,Documents généraux (par ordre chronologique),3,3,1935,1935
domainedarsridge,Société du domaine de Dar Sridge,Documents généraux (par ordre chronologique),3,3,1935,1935
hotelieremarhaba,Société hôtelière « Marhaba »,Documents généraux (par ordre chronologique),3,3,1935,1935
immobiliereanfa,Société Immobilière d'Anfa,Documents généraux (par ordre chronologique),3,3,1935,1935
immobilieremarocaineagadirsousse,Société immobilière marocaine « Agadir-Sousse »,Documents généraux (par ordre chronologique),3,3,1935,1935
immobilierevilleindigene,Société immobilière de la nouvelle ville indigène,Documents généraux (par ordre chronologique),3,3,1935,1935
immobilieresettat,Société immobilière de Settat,Documents généraux (par ordre chronologique),3,3,1930,1930
minessidibouothman,Société des mines de Sidi Bou Othman,Documents généraux (par ordre chronologique),3,3,1930,1930
taourelfreres,Société Taourel frères et Cie,Documents généraux (par ordre chronologique),3,3,1930,1930
tramwaysautobusfes,Cie des tramways et autobus de Fès,Documents généraux (par ordre chronologique),3,3,1930,1930
immobilieregueliz,Société immobilière du Gueliz,Documents généraux (par ordre chronologique),3,3,1930,1930
industriellesudmarocain,Société industrielle du Sud-Marocain,Documents généraux (par ordre chronologique),3,3,1930,1930
agricolerharb,Société agricole du Rharb,Documents généraux (par ordre chronologique),3,3,1930,1930
mauleonsoule,MAULÉON-SOULE,Documents généraux (par ordre chronologique),3,3,1949,1949
charfa,Société « La Charfa »,Documents généraux (par ordre chronologique),3,3,1949,1949
africaineappareilsmanutention,Société africaine d'appareils de manutention,Documents généraux (par ordre chronologique),3,3,1919,1919
marocaineetablissementsbassous,Société marocaine des Établissements A. Bassous,Documents généraux (par ordre chronologique),3,3,1969,1969
cherifienneemballagespapier,Cie chérifienne d'emballages en papier,Documents généraux (par ordre chronologique),3,3,1969,1969
miniereatlasmarocain,Société minière de l'Atlas marocain,Documents généraux (par ordre chronologique),3,3,1952,1952
nordafricaineplombouedelheimer,"Société nord-africaine du plomb, OUED-EL-HEIMER",Documents généraux (par ordre chronologique),3,3,1952,1952
priveemarocaine,Cie privée marocaine,Documents généraux (par ordre chronologique),3,3,1952,1952
unionindustrcommerciale,Union industr. et commerciale,Documents généraux (par ordre chronologique),3,3,1952,1952
entreprisecolonialeelectrification,Entreprise coloniale d'électrification,Documents généraux (par ordre chronologique),3,3,1952,1952
entrepriseelectriquezenatasfedala,Entreprise électrique des Zenatas-Fédala,Documents généraux (par ordre chronologique),3,3,1952,1952
entreprisesquilmes,Entreprises Quilmès,Documents généraux (par ordre chronologique),3,3,1904,1904
marocainetissagemetallique,Sté marocaine de tissage métallique,Documents généraux (par ordre chronologique),3,3,1975,1975
marocainegoudronsbitumes,Cie marocaine des goudrons et bitumes,Documents généraux (par ordre chronologique),3,3,1975,1975
comptoirmarocainmetauxprecieux,Comptoir marocain des métaux précieux,Documents généraux (par ordre chronologique),3,3,1954,1954
moulinsbaruk,Moulins D. Baruk,Documents généraux (par ordre chronologique),3,3,1953,1953
explosifs,Société générale d'explosifs,Documents généraux (par ordre chronologique),3,3,1938,1938
comptoirmarococcidental,Comptoir du Maroc Occidental,Industries diverses,3,3,1922,1922
hotelieremarocaine,Société Hôtelière Marocaine,"Hôtellerie, tourisme, tourisme",3,3,1938,1938
immobilierefrancomarocaine,"Société Immobilière Franco-Marocaine, puis Commerciale et Immobilière Franco-Marocaine",Sociétés foncières et immobilières,3,3,1921,1921
agricoleimmobobilieremarococcidental,Société Agricole et Immobobilière du Maroc occidental,Industries agro-alimentaires,3,3,1924,1924
marocaineaffretementconsignationtransitcasablancaportlyautey,"Société Marocaine d'Affrètement, de consignation et de transit, Casablanca, Port-Lyautey","Transports maritimes, fluviaux et aériens",3,3,,
unionentreprisesmarocaines,Union d'entreprises marocaines,"Documents généraux (par ordre chronologique); Transports maritimes, fluviaux et aériens",7,2,1928,1937
comptoircommercialsudmarocain,Comptoir commercial du Sud-Marocain,Documents généraux (par ordre chronologique),5,2,1930,1930
francomarocainenavigationcommerce,Compagnie Franco-Marocaine pour la Navigation et le commerce,"Documents généraux (par ordre chronologique); Transports maritimes, fluviaux et aériens",4,2,1913,1913
grandshotelsmarocains,Les Grands Hôtels marocains,"Documents généraux (par ordre chronologique); Hôtellerie, tourisme, tourisme",4,2,1951,1952
entreprisecommercialeafriquenord,Entreprise commerciale de l'Afrique du Nord,Documents généraux (par ordre chronologique),3,2,1913,1913
francocherifienneagricultureindustrieminesdirection,"Cie franco-chérifienne pour l'agriculture, l'industrie et les mines, Direction",Documents généraux (par ordre chronologique),3,2,1958,1958
laiteriesreunies,Laiteries réunies,Documents généraux (par ordre chronologique),3,2,1935,1935
cherifienneexploitationscommerciales,Société chérifienne d'exploitations commerciales,Documents généraux (par ordre chronologique),3,2,1930,1953
omiumfrance,Omium de France,Documents généraux (par ordre chronologique),2,2,1913,1913
comptoirsmediterraneens,Comptoirs français méditerranéens,Documents généraux (par ordre chronologique),2,2,1913,1913
tourainemaroc,Touraine-Maroc,Documents généraux (par ordre chronologique),2,2,1913,1913
eclairagemeknes,Sté d'éclairage de Meknès,Documents généraux (par ordre chronologique),2,2,1913,1913
habitationsbonmarchecasalogis,Sté d'habitations à bon marché « Casalogis »,Documents généraux (par ordre chronologique),2,2,1922,1922
marocaineapprovisionnementtransportcredit,Sté marocaine d'approvisionnement. de transport et de crédit,Documents généraux (par ordre chronologique),2,2,1922,1922
comptoirlainierimportationmaroc,Comptoir lainier et d'importation au Maroc,Documents généraux (par ordre chronologique),2,2,1926,1926
viticolemarocaine,Société viticole marocaine,Documents généraux (par ordre chronologique),2,2,1937,1937
cherifienneimmobilierefinanciere,Société chérifienne immobilière et financière,Documents généraux (par ordre chronologique),2,2,1937,1937
cherifienneentreprisesreunies,Cie chérifienne d'entreprises réunies,Documents généraux (par ordre chronologique),2,2,1937,1937
orientalecommerce,Cie orientale pour le commerce du thé,Documents généraux (par ordre chronologique),2,2,1937,1937
grandbonmarche,Au Grand Bon Marché,Documents généraux (par ordre chronologique),2,2,1935,1935
marocimmobiliercommercial,Maroc immobilier et commercial,Documents généraux (par ordre chronologique),2,2,1935,1935
minoteriebiscuiterieanfa,Minoterie et biscuiterie d'Anfa,Documents généraux (par ordre chronologique),2,2,1935,1935
moulinsmaroc,Moulins du Maroc,Documents généraux (par ordre chronologique),2,2,1935,1935
agricolefoncieremaroc,Société agricole et foncière du Maroc,Documents généraux (par ordre chronologique),2,2,1935,1935
exploitationverreriemaroc,Société d'exploitation de verrerie au Maroc,Documents généraux (par ordre chronologique),2,2,1935,1935
fiduciairemaroc,Société fiduciaire du Maroc,Documents généraux (par ordre chronologique),2,2,1935,1935
distributionpetrolesmaroc,Société française de distribution des pétroles au Maroc,Documents généraux (par ordre chronologique),2,2,1935,1935
geranceimmobiliereagricole,Société de gérance immobilière et agricole,Documents généraux (par ordre chronologique),2,2,1935,1935
marocainenouvellesgaleries,Société marocaine des Nouvelles-Galeries,Documents généraux (par ordre chronologique),2,2,1930,1930
galeriestimbror,Société nouvelle des Galeries Timbror,Documents généraux (par ordre chronologique),2,2,1930,1930
marocaineentreprisestravauxpublics,Société marocaine d'entreprises et de travaux publics,Documents généraux (par ordre chronologique),2,2,1930,1930
tramwaysautobusmeknes,Cie des tramways et autobus de Meknès,Documents généraux (par ordre chronologique),2,2,1930,1930
cherifienneetudesminierestizeroutine,Société chérifienne d'études minières de Tizeroutine,Documents généraux (par ordre chronologique),2,2,1930,1930
cotonniererodumna,Société Cotonnière Rodumna,Documents généraux (par ordre chronologique),2,2,1930,1930
domainebriber,Société du domaine de Briber,Documents généraux (par ordre chronologique),2,2,1930,1930
immobilierecommercialeindustriellemarocaine,"Société immobilière commerciale, industrielle marocaine",Documents généraux (par ordre chronologique),2,2,1933,1933
financiereimmobilieremarocaine,Société financière et immobilière marocaine,Documents généraux (par ordre chronologique),2,2,1933,1933
miniereakka,Société minière d'Akka,Documents généraux (par ordre chronologique),2,2,1949,1952
moghreb,Cie générale du Moghreb,Documents généraux (par ordre chronologique),2,2,1952,1952
minieremetallurgique,Cie minière et métallurgique,Documents généraux (par ordre chronologique),2,2,1969,1969
mouillefarinedoncavantmars1965,"Mouillefarine, donc avant le mars 1965]",Documents généraux (par ordre chronologique),2,2,1971,1971
minieremoghreb,Cie minière du Moghreb,Documents généraux (par ordre chronologique),2,2,1966,1966
industriellevoletsroulantsspecialitesbatimentrtecampboulhaut,"Cie industrielle des volets roulants et spécialités du bâtiment, rte de Camp-Boulhaut",Documents généraux (par ordre chronologique),2,2,1936,1936
moghrebineentreprisesgenerales,Sté moghrébine d'entreprises générales,Documents généraux (par ordre chronologique),2,2,1975,1975
metallurgiqueidrissia,Sté métallurgique Idrissia,Documents généraux (par ordre chronologique),2,2,1954,1954
exploitationforestieremoyenatlas,Sté.anon. d'exploitation forestière du Moyen-Atlas,Documents généraux (par ordre chronologique),2,2,1984,1984
francomarocainealfas,Sté franco-marocaine des Alfas,Documents généraux (par ordre chronologique),2,2,1953,1953
espartina,Sté Espartina,Documents généraux (par ordre chronologique),2,2,1953,1953
travpublicsprives,Sté anon. française de trav. publics et privés,Documents généraux (par ordre chronologique),2,2,1953,1953
souelah,Compagnie de Souelah,Industries agro-alimentaires,2,2,1931,1931
marocaineetspaulparrenin,Société marocaine des Ets Paul Parrenin,"Transports terrestres, garages automobiles et agricoles",2,2,1936,1936
phosphatesafriquenord,"Cie des Phosphates de l'Afrique du Nord, puis Produits chimiques et phsphates de l'Afrique du Nord, puis Pétroles, Produits chimiques et phosphates et, à nouveau, Phosphates de l'Afrique du Nord","Banques, groupes financiers, assureurs",2,2,1920,1920
saupiquetmaroc,Saupiquet-Maroc,Industries agro-alimentaires,2,2,,
immobilieresoukelarbarharb,Cie immobilière de Souk-el-Arba-du-Rharb,Documents généraux (par ordre chronologique),21,1,1949,1949
brosseriemarocaine,Brosserie marocaine,Documents généraux (par ordre chronologique),8,1,1937,1937
omniumalgeriemarocfrancoespagnolemines,"Omnium d'Algérie-Maroc, Sté franco-espagnole de mines",Documents généraux (par ordre chronologique),1,1,1913,1913
etablissementsdomerc,Établissements Domerc,Documents généraux (par ordre chronologique),1,1,1937,1937
minierefrancoespagnoleceuta,Société minière franco-espagnole de Ceuta,Documents généraux (par ordre chronologique),1,1,1937,1937
transportsaeriensmaroc,Cie générale de transports aériens au Maroc,Documents généraux (par ordre chronologique),1,1,1937,1937
comptoirhorticoleviticolecherifien,Comptoir horticole et viticole chérifien,Documents généraux (par ordre chronologique),1,1,1935,1935
entrepriseelectriquezenatasfedhala,Entreprise électrique des Zenatas-Fédhala,Documents généraux (par ordre chronologique),1,1,1935,1935
maisonisothermemarocaine,Maison isotherme marocaine,Documents généraux (par ordre chronologique),1,1,1935,1935
medica,« Médica »,Documents généraux (par ordre chronologique),1,1,1935,1935
agricoledomainesahel,Société agricole du domaine de Sahel,Documents généraux (par ordre chronologique),1,1,1935,1935
cherifiennericin,Société chérifienne du ricin,Documents généraux (par ordre chronologique),1,1,1935,1935
minesantimoineouedzem,Société des Mines d'antimoine d'Oued-Zem,Documents généraux (par ordre chronologique),1,1,1930,1930
unioncommercialemarocaine,Union commerciale marocaine,Documents généraux (par ordre chronologique),1,1,1930,1930
plantationsmarocaines,« Les Plantations marocaines »,Documents généraux (par ordre chronologique),1,1,1930,1930
industrielleafricaineproduitsroutiers,Société industrielle africaine de produits routiers,Documents généraux (par ordre chronologique),1,1,1933,1933
transportsminiers,Société de transports miniers,Documents généraux (par ordre chronologique),1,1,1952,1952
africaineindustrielleautomobile,Société Africaine Industrielle et Automobile,Commerce,1,1,,
etsjosephdomerc,Éts Joseph Domerc,Commerce,1,1,1926,1926
internationalecarburants,Compagnie Internationale des carburants,"Banques, groupes financiers, assureurs",1,1,1928,1928
minieremarocoriental,Compagnie Minière du Maroc-Oriental,Mines,1,1,1929,1929
minieresouss,Compagnie Minière du Souss,Mines,1,1,,
daumas,Daumas & Cie,Documents généraux (par ordre chronologique),37,0,1925,1925
pecheriesguadiana,Société des pêcheries Guadiana,Documents généraux (par ordre chronologique),19,0,1949,1949
platreschauxsafi,Société des plâtres et chaux de Safi,Documents généraux (par ordre chronologique),14,0,1949,1949
marocaineindustriesreunies,Société marocaine d'industries réunies,Documents généraux (par ordre chronologique),11,0,1930,1930
douheretverdu,Douheret-Verdu,Documents généraux (par ordre chronologique),9,0,1949,1949
conserverieslittoralmarocain,Conserveries du littoral marocain,Documents généraux (par ordre chronologique),9,0,1949,1949
conserveriefrancomarocaine,Conserverie franco-marocaine,Documents généraux (par ordre chronologique),9,0,1949,1949
importationexportation,Société française d'importation et d'exportation,Documents généraux (par ordre chronologique),7,0,1935,1935
rvautier,R. Vautier et Cie,Documents généraux (par ordre chronologique),7,0,1930,1930
agricolerabatmeknes,Société agricole Rabat-Meknès (S. A,Documents généraux (par ordre chronologique),7,0,1930,1930
messageriescherifiennes,Cie des messageries chérifiennes,Documents généraux (par ordre chronologique),5,0,1913,1913
vandroyjasparmaroc,Vandroy-Jaspar-Maroc,Documents généraux (par ordre chronologique),5,0,1949,1949
nouveauxmagasinsmaroc,Nouveaux magasins du Maroc,Documents généraux (par ordre chronologique),5,0,1949,1949
amieuxarmementpeche,Amieux-Armement et pêche,Documents généraux (par ordre chronologique),5,0,1949,1949
pecheriesconserveriesfrancomarocaines,"Pêcheries, conserveries franco-marocaines",Documents généraux (par ordre chronologique),5,0,1949,1949
mecanique,Cie générale de mécanique,Documents généraux (par ordre chronologique),5,0,1949,1949
darelouazir,« Dar-el-Ouazir »,Documents généraux (par ordre chronologique),5,0,1949,1949
denisfreresmaroc,Denis frères-Maroc,Documents généraux (par ordre chronologique),5,0,1919,1919
thuillier,THUILLIER,Documents généraux (par ordre chronologique),5,0,1944,1944
marocainebatiment,Sté marocaine du bâtiment,Documents généraux (par ordre chronologique),4,0,1923,1926
immobilieregrandsocco,L'Immobilière du Grand Socco,Documents généraux (par ordre chronologique),4,0,1935,1935
africainetissageteinture,Société africaine de tissage et teinture,Documents généraux (par ordre chronologique),4,0,1935,1935
grandedrogueriefrance,Grande droguerie de France,Documents généraux (par ordre chronologique),4,0,1930,1930
grainetieremarocaine,Société grainetière marocaine,Documents généraux (par ordre chronologique),4,0,1949,1949
peinturesastralcelluco,Société des peintures « Astral-Celluco »,Documents généraux (par ordre chronologique),4,0,1949,1949
magasinsjouve,Société des magasins Jouve,Documents généraux (par ordre chronologique),4,0,1949,1949
comptoircherifienproduitsaromatiques,Comptoir chérifien des produits aromatiques,Documents généraux (par ordre chronologique),4,0,1949,1949
rapidesmaroc,Rapides du Maroc,Documents généraux (par ordre chronologique),4,0,1949,1949
leoncinifreres,Léoncini frères et Cie,Documents généraux (par ordre chronologique),4,0,1949,1949
curiositesmarocaines,« Aux curiosités marocaines »,Documents généraux (par ordre chronologique),3,0,1937,1937
marocexpress,« Maroc-Express »,Documents généraux (par ordre chronologique),3,0,1935,1935
welcomaroc,Welco-Maroc,Documents généraux (par ordre chronologique),3,0,1949,1949
motomaroc,Moto-Maroc,Documents généraux (par ordre chronologique),3,0,1949,1949
marocaineetsfdelory,Société anon. marocaine des Éts F. Delory,Documents généraux (par ordre chronologique),3,0,1949,1949
marocaineouesteuropeatlantique,Société marocaine Ouest-Europe-Atlantique,Documents généraux (par ordre chronologique),3,0,1949,1949
comptoirtextilemarocain,Comptoir textile marocain,Documents généraux (par ordre chronologique),3,0,1949,1949
atelierconstructionsmecaniquesguerydelnaye,Atelier de constructions mécaniques Guéry et Delnaye,Documents généraux (par ordre chronologique),3,0,1949,1949
boisifrane,Bois d'Ifrane,Documents généraux (par ordre chronologique),3,0,1949,1949
comptoirafricainautomobile,Comptoir africain automobile,Documents généraux (par ordre chronologique),2,0,1937,1937
comptoirorthopediquechirurgicalolivier,"Comptoir orthopédique et chirurgical, Olivier et Cie",Documents généraux (par ordre chronologique),2,0,1935,1935
gourymartingroslin,"Goury, Martin, Groslin et Cie",Documents généraux (par ordre chronologique),2,0,1935,1935
societeanondesancetabllegalfreresetcie,Société anon. des anc. Établ. Legal frères et Cie,Documents généraux (par ordre chronologique),2,0,1935,1935
marocainecereales,Société marocaine de céréales,Documents généraux (par ordre chronologique),2,0,1930,1930
etablbouenos,Établ. Bouenos,Documents généraux (par ordre chronologique),2,0,1930,1930
transporteurssafi,Société des transporteurs de Safi (S,Documents généraux (par ordre chronologique),2,0,1933,1933
pachodfreresafrique,Société Pachod frères et Cie-Afrique,Documents généraux (par ordre chronologique),2,0,1949,1949
exploitationagricoleelevage,« Exploitation agricole et d'élevage »,Documents généraux (par ordre chronologique),2,0,1949,1949
marocaineagricultureelevageengrais,"Marocaine d'agriculture, d'élevage et d'engrais",Documents généraux (par ordre chronologique),2,0,1949,1949
africainemeunerie,Société africaine de meunerie,Documents généraux (par ordre chronologique),2,0,1949,1949
marchandemaroc,Cie marchande du Maroc,Documents généraux (par ordre chronologique),2,0,1949,1949
georgesmartinetgm,Georges Martinet (G. M,Documents généraux (par ordre chronologique),2,0,1949,1949
sabatfreres,Sabat frères,Documents généraux (par ordre chronologique),2,0,1949,1949
librairieeditionatlantique,Société de librairie et d'édition « Atlantique »,Documents généraux (par ordre chronologique),2,0,1949,1949
conserveriesasper,Conserveries Asper,Documents généraux (par ordre chronologique),2,0,1949,1949
conserveriesbouregreg,Conserveries du Bou-Regreg,Documents généraux (par ordre chronologique),2,0,1949,1949
pecheriescasablancarabat,Pêcheries de Casablanca-Rabat,Documents généraux (par ordre chronologique),2,0,1949,1949
moghrabia,Moghrabia,Documents généraux (par ordre chronologique),2,0,1949,1949
materielelectriqueblindeetanche,Matériel électrique blindé étanche,Documents généraux (par ordre chronologique),2,0,1949,1949
boiscaissesmaroc,Bois et caisses du Maroc,Documents généraux (par ordre chronologique),2,0,1949,1949
xiiproduitsalimentairesfruitsprimeurs,XII. PRODUITS ALIMENTAIRES FRUITS. PRIMEURS,Documents généraux (par ordre chronologique),2,0,1949,1949
casserieatlas,Casserie de l'Atlas,Documents généraux (par ordre chronologique),2,0,1949,1949
commercialeindustriellefrancomarocaine,Société commerciale et industrielle franco-marocaine,Documents généraux (par ordre chronologique),2,0,1949,1949
exploitationplantesparfums,Société d'exploitation des plantes à parfums,Documents généraux (par ordre chronologique),2,0,1949,1949
davummaroc,Davum-Maroc,Documents généraux (par ordre chronologique),2,0,1949,1949
grandsmagasinsliberty,Société des grands magasins Liberty,Documents généraux (par ordre chronologique),2,0,1949,1949
commercialetextilesmaroc,Société commerciale des textiles au Maroc,Documents généraux (par ordre chronologique),2,0,1949,1949
marocainefabricationscotonnieres,Société marocaine de fabrications cotonnières,Documents généraux (par ordre chronologique),2,0,1949,1949
marocainesocalam,Société marocaine SOCALAM,Documents généraux (par ordre chronologique),2,0,1949,1949
cherifiennetransportsmaritimespetroliers,Société chérifienne des transports maritimes pétroliers,Documents généraux (par ordre chronologique),2,0,1949,1949
industrielletravauxagricolespublics,Société industrielle de travaux agricoles et publics,Documents généraux (par ordre chronologique),2,0,1949,1949
boissonsgazeusesmarrakech,Société des boissons gazeuses de Marrakech,Documents généraux (par ordre chronologique),2,0,1949,1949
chbozziripollperefils,Ch. Bozzi et Ripoll père et fils,Documents généraux (par ordre chronologique),2,0,1949,1949
effilochagefilaturetissageapprets,"Société d'effilochage, filature, tissage et apprêts",Documents généraux (par ordre chronologique),2,0,1949,1949
bordelaiseconservesalimentaires,Société bordelaise de conserves alimentaires,Documents généraux (par ordre chronologique),2,0,1949,1949
marocaineexportimport,Société marocaine d'export. et d'import,Documents généraux (par ordre chronologique),2,0,1949,1949
travauxmaroc,Société Travaux-Maroc,Documents généraux (par ordre chronologique),2,0,1949,1949
arboricoleoulmes,Société arboricole d'Oulmès,Documents généraux (par ordre chronologique),2,0,1949,1949
briqueteriestuileriesmarocaines,Briqueteries et tuileries marocaines,Documents généraux (par ordre chronologique),2,0,1949,1949
manufacturevetement,Manufacture générale du vêtement,Documents généraux (par ordre chronologique),2,0,1949,1949
industriellecommercialerevetementmetaux,Société industrielle et commerciale de revêtement de métaux,Documents généraux (par ordre chronologique),2,0,1949,1949
conserveriesfrancaisesmaroc,Conserveries françaises du Maroc,Documents généraux (par ordre chronologique),2,0,1949,1949
unionpecheriesafricainesusinessafi,"Union des pêcheries africaines, usines à Safi",Documents généraux (par ordre chronologique),2,0,1949,1949
pachodfreresmaroc,Pachod frères et Cie-Maroc,Documents généraux (par ordre chronologique),2,0,1969,1969
grandsmagasinstroissultanes,Compagnie française des grands magasins Aux Trois Sultanes,Commerce,2,0,1928,1928
quatreentreeuxappartiennentclassenobiliaire,Quatre d'entre eux appartiennent à la classe nobiliaire,"Transports terrestres, garages automobiles et agricoles",2,0,1945,1945
clossaintgeorges,« Clos Saint-Georges »,Documents généraux (par ordre chronologique),1,0,1937,1937
deberey,« Deberey »,Documents généraux (par ordre chronologique),1,0,1935,1935
etablsemperedecolin,Établ. Sempéré et Décolin,Documents généraux (par ordre chronologique),1,0,1935,1935
marocafrique,« Maroc-Afrique »,Documents généraux (par ordre chronologique),1,0,1935,1935
foncierearboricolemarocaine,Société foncière et arboricole marocaine,Documents généraux (par ordre chronologique),1,0,1935,1935
immobiliereprosbiaga,Société immobilière Prosbiaga,Documents généraux (par ordre chronologique),1,0,1935,1935
marrakchiaexportation,Société Marrakchia d'exportation,Documents généraux (par ordre chronologique),1,0,1930,1930
cherifienneremorquageassistanceresplimitee,Société chérifienne de remorquage et d'assistance. — Société à resp. limitée,Documents généraux (par ordre chronologique),1,0,1949,1949
cherifiennecatrosgerand,Société chérifienne Catros-Gérand,Documents généraux (par ordre chronologique),1,0,1949,1949
comptoirscommerciauxcontinents,Comptoirs commerciaux des continents,Documents généraux (par ordre chronologique),1,0,1949,1949
comptoirfrancomarocainimportexport,Comptoir franco-marocain d'import. et d'export,Documents généraux (par ordre chronologique),1,0,1949,1949
dejougiraud15,Dejou-Giraud et Cie 15,Documents généraux (par ordre chronologique),1,0,1949,1949
didierfajollemaroc,Didier Fajolle et Cie Maroc,Documents généraux (par ordre chronologique),1,0,1949,1949
entreprisemarocaineechangescommerciaux,Entreprise marocaine d'échanges commerciaux,Documents généraux (par ordre chronologique),1,0,1949,1949
genestalafrique,Génestal-Afrique,Documents généraux (par ordre chronologique),1,0,1949,1949
negocephoceomarocain,Négoce Phocéo-Marocain,Documents généraux (par ordre chronologique),1,0,1949,1949
omniumcommercialindustrieltransatlantique,Omnium commercial et industriel transatlantique,Documents généraux (par ordre chronologique),1,0,1949,1949
commercialegestionentreprise,Société commerciale de gestion et d'entreprise,Documents généraux (par ordre chronologique),1,0,1949,1949
pecheriesconserverieshautemer,Pêcheries et conserveries de haute-mer,Documents généraux (par ordre chronologique),1,0,1949,1949
poissonssalaisonsmaroc,Poissons et salaisons du Maroc,Documents généraux (par ordre chronologique),1,0,1949,1949
pecheriessalaisonsconservesalimentairesmogador,"Société des pêcheries, salaisons et conserves alimentaires de Mogador",Documents généraux (par ordre chronologique),1,0,1949,1949
gabay,Gabay,Documents généraux (par ordre chronologique),1,0,1949,1949
tanneriesafricainesnord,Tanneries africaines du Nord,Documents généraux (par ordre chronologique),1,0,1949,1949
etudesenergiethermiquenordafricaine,Société d'études de l'énergie thermique nord-africaine,Documents généraux (par ordre chronologique),1,0,1949,1949
marocaineindustriecommercesmarincom,Société générale marocaine d'industrie et de commerce SMARINCOM,Documents généraux (par ordre chronologique),1,0,1949,1949
fiduciairefrancemaroc,Fiduciaire de France et du Maroc,Documents généraux (par ordre chronologique),1,0,1949,1949
fiduciairemarocainecomptablefiscale,Fiduciaire marocaine comptable et fiscale,Documents généraux (par ordre chronologique),1,0,1949,1949
scieriemoyenatlas,Scierie du Moyen-Atlas,Documents généraux (par ordre chronologique),1,0,1949,1949
recherchesetudesminieres,Société de recherches et d'études minières,Documents généraux (par ordre chronologique),1,0,1949,1949
biscuiteriekhamza,Biscuiterie Khamza,Documents généraux (par ordre chronologique),1,0,1949,1949
laboratoiresmagi,Société des laboratoires Magi,Documents généraux (par ordre chronologique),1,0,1949,1949
mundweiler,Mund-Weiler,Documents généraux (par ordre chronologique),1,0,1949,1949
immobilieremaluhenrojo,Immobilière Maluhenrojo,Documents généraux (par ordre chronologique),1,0,1949,1949
africtextiles,AFRIC-TEXTILES,Documents généraux (par ordre chronologique),1,0,1949,1949
belecen,Belecen,Documents généraux (par ordre chronologique),1,0,1949,1949
marocainetextiles,Cie marocaine des textiles,Documents généraux (par ordre chronologique),1,0,1949,1949
lyoncasa,Lyon-Casa,Documents généraux (par ordre chronologique),1,0,1949,1949
palyma,PALYMA,Documents généraux (par ordre chronologique),1,0,1949,1949
vosgesmaroc,« Vosges-Maroc »,Documents généraux (par ordre chronologique),1,0,1949,1949
lignesaeriennesmarceldassaut,Lignes aériennes Marcel Dassaut,Documents généraux (par ordre chronologique),1,0,1949,1949
marocainefutstransportscontainers,Société marocaine de fûts-transports et containers,Documents généraux (par ordre chronologique),1,0,1949,1949
transportsautomobilesmarchandises,Société de transports automobiles de marchandises,Documents généraux (par ordre chronologique),1,0,1949,1949
marocaineentreprisesaubry,Société marocaine des entreprises Aubry,Documents généraux (par ordre chronologique),1,0,1949,1949
caillolmaroc,Caillol et Cie-Maroc,Documents généraux (par ordre chronologique),1,0,1949,1949
mauriceclemmafrique,Maurice Clemm-Afrique,Documents généraux (par ordre chronologique),1,0,1949,1949
constructionsrapidescimentarmeisnard,"Constructions rapides en ciment armé, Isnard et Cie",Documents généraux (par ordre chronologique),1,0,1949,1949
marocaineetablfoures,Société marocaine des Établ. Fourès,Documents généraux (par ordre chronologique),1,0,1949,1949
entrepriseshenrilefrancois,Entreprises Henri Lefrançois,Documents généraux (par ordre chronologique),1,0,1949,1949
entrepriserouxrichard,Entreprise Roux et Richard,Documents généraux (par ordre chronologique),1,0,1949,1949
comptoirmarocainchaussure,Comptoir marocain de la chaussure,Documents généraux (par ordre chronologique),1,0,1949,1949
etablrex,Établ. Rex,Documents généraux (par ordre chronologique),1,0,1949,1949
entreprisessudmaroc,Entreprises Sud-Maroc,Documents généraux (par ordre chronologique),1,0,1949,1949
diacarbmaroc,Diacarb-Maroc,Documents généraux (par ordre chronologique),1,0,1949,1949
entreprisesgeneralesnadincimolai,Entreprises générales Nadin et Cimolai,Documents généraux (par ordre chronologique),1,0,1949,1949
cartierquartindustriel,"Cartier, quart. industriel",Documents généraux (par ordre chronologique),1,0,1949,1949
marrakechentreprise,« Marrakech-Entreprise »,Documents généraux (par ordre chronologique),1,0,1949,1949
comptoiragricolesud,Comptoir agricole du Sud,Documents généraux (par ordre chronologique),1,0,1949,1949
fruitiereouedkhomane,Société fruitière de l'Oued Khomane,Documents généraux (par ordre chronologique),1,0,1949,1949
marocaineetabllejoncour,Société marocaine des Établ. Lejoncour,Documents généraux (par ordre chronologique),1,0,1949,1949
chauxgresouedjdida,Chaux et grès de l'Oued Jdida,Documents généraux (par ordre chronologique),1,0,1949,1949
miniereelkelaamgounaiknioun,Société minière d'El-Kelaa-des-M'Gouna-Iknioun,Documents généraux (par ordre chronologique),1,0,1949,1949
pecheriesmogador,Société des pêcheries de Mogador,Documents généraux (par ordre chronologique),1,0,1949,1949
traitementselectrochimiquesnordafricaine,Cie de traitements électrochimiques nord-africaine,Documents généraux (par ordre chronologique),1,0,1949,1949
savonneriecentralemaroc,Savonnerie centrale du Maroc,Documents généraux (par ordre chronologique),1,0,1949,1949
entrepriseeuropafrica,Société Entreprise Europafrica,Documents généraux (par ordre chronologique),1,0,1949,1949
industriellecartonnages,Société industrielle de cartonnages,Documents généraux (par ordre chronologique),1,0,1949,1949
pecheriessafi,Pêcheries de Safi,Documents généraux (par ordre chronologique),1,0,1949,1949
intercontinentaleechangescommerciaux,Cie Inter-Continentale d'échanges commerciaux,Documents généraux (par ordre chronologique),1,0,1952,1952
etsbalayerfreres,Éts Balayer frères,Documents généraux (par ordre chronologique),1,0,1969,1969
pomonamaroc,Pomona-Maroc,Documents généraux (par ordre chronologique),1,0,1952,1952
