company_id_1,company_id_2,company_name_1,company_name_2,weight,shared_directors
cheminsfermaroc,energieelectriquemaroc,Compagnie des Chemins de fer du Maroc,Énergie électrique du Maroc,27,ardoin-p; atthalin-a; beugin-p; breaud-h; caqueray-g; cordier-g; courcelle-j; fredault-f; girod-de-l-ain; goy-g; griolet-g; henry-greard-o; heurteau-e; laurent-atthalin-a; lebon-a; mange-a; margot-m; masson-r; mauclere-e; mauris-l; mercier-g; moreau-e; moreau-neret-o; porche-g; richemond-p; verge-c; wibratte-l
cheminsfermaroc,francoespagnolecheminfertangerfez,Compagnie des Chemins de fer du Maroc,Compagnie franco-espagnole du Chemin de fer de Tanger à Fez,19,ardoin-p; atthalin-a; e-du-marais; e-ganderax; e-ganderax-ancien-diplomate; e-heurteau-pdt-marine-homecourt; ganderax-e; griolet-g; henry-greard-o; heurteau-e; margot-m; masson-r; mauris-l; moreau-e; perouse; perouse-d; saint-rene-taillandier-g; st-cloud; wibratte-l
abattoirsmunicipauxindustrielsmaroc,socgenabattoirsmunicipauxindustrielsmaroc,Société générale des Abattoirs municipaux et industriels au Maroc,Soc. gén. des ABATTOIRS MUNICIPAUX ET INDUSTRIELS AU MAROC,16,atthalin-a; braunschvig-g; cotte-l; dal-piaz-j; de-caqueray-g; de-montgolfier-j; gerard-e; godart-l; gompel-r; jordan-p; katz-m; lacoin-g; marches-au-maroc; tabard-t; weil-l; yver-de-la-bruchollerie
chauxcimentsmateriauxconstructionmaroc,socchauxcimentsmateriauxconstructionmaroc,"Chaux, ciments et matériaux de construction au Maroc","Soc. an. des CHAUX, CIMENTS et MATÉRIAUX de CONSTRUCTION au MAROC",15,berthet; braunschvig; candlot; duboin-j; ferrant; godard; gompel-p; gompel-r; hailaust-g; hamonic-g; katz; lache-f; rabut; roudy-a; salmon
francoespagnolecheminfertangerfez,maroc,Compagnie franco-espagnole du Chemin de fer de Tanger à Fez,Compagnie du Maroc,13,atthalin-a; brincard-c; celier-a; crozier-p; de-la-fontaine-g; e-du-marais; griolet-g; homberg-o; masson-r; moreau-e; odier-l; peytel-j; ph-crozier
abattoirsmunicipauxindustrielsmaroc,abattoirsmunicipauxmaroc,Société générale des Abattoirs municipaux et industriels au Maroc,Sté générale des abattoirs municipaux au Maroc,12,atthalin-a; braunschvig-g; cotte-l; dal-piaz-j; de-caqueray-g; de-montgolfier-j; gerard-e; godard-l; gompel-r; jordan-p; katz-m; lacoin-g
internationaleregiecointeresseetabacsmaroc,tabacsmaroc,Société internationale de régie co-intéressée des Tabacs au Maroc,Tabacs au Maroc,12,a-moreira; atthalin-a; benac-a; boemare-l; burnier-s; guiot-g; isabelle-e; mercier-e; mignot-l; moreau-e; ruiz-senen-v; van-nierop-h
cherifiennecolonisation,immobilierecasablanca,Compagnie Chérifienne de colonisation,Société Immobilière de Casablanca,12,a-marie-therese-de-casamajor-m; cointet-l; et-g; hornung-j; lepel-cointet; lepel-cointet-g; marc; materiaux-de-necy; monique; piot; piot-m; van-den-ven-p
nantaiseimportationmaroc,nantaiseimportationmarochailaustgutzeitmollinedahl,Société Nantaise d’Importation au Maroc,"Sté nantaise d'importation au Maroc (Hailaust & Gutzeit, Molliné & Dahl",12,b-gutzeit; chanforan; dahl; dahl-e; g-hailaust; j-mesta; j-molline; j-snauwaert; lorentzen-b; mesta-j; molline-j; snauwaert-j
frsenordmarocain,nordmarocain,Cie frse du NORD-MAROCAIN,Cie française Française du Nord-Marocain,12,ancey-c; bagnis-g; barbecot-g; berenger-e; brunet-e; cauvin-a; charbonnel-l; deragne-j; giraudon-g; lieutaud-j; mir-l; roland-h
commercialeagricolemaroc,leoncegiraud,Commerciale et Agricole du Maroc,Léonce Giraud,12,bimbeloterie; bornac-f; chocolat; ciment; construct; drap; favre-e; import; minoterie; sucre; tissus; varame-j
abattoirsmunicipauxmaroc,socgenabattoirsmunicipauxindustrielsmaroc,Sté générale des abattoirs municipaux au Maroc,Soc. gén. des ABATTOIRS MUNICIPAUX ET INDUSTRIELS AU MAROC,11,atthalin-a; braunschvig-g; cotte-l; dal-piaz-j; de-caqueray-g; de-montgolfier-j; gerard-e; gompel-r; jordan-p; katz-m; lacoin-g
constructioncivile,marocaineentrepriseimmobilieremobiliere,Construction civile,"Société Marocaine d'entreprise générale immobilière et mobilière, puis La Construction marocaine et La Construction civile",10,atthalin-a; braunschvig-g; dehollain-j; desprez-h; godard-l; hackenberger-p; lange-o; leclerc-g; mill-l; roudy-a
energieelectriquemaroc,francoespagnolecheminfertangerfez,Énergie électrique du Maroc,Compagnie franco-espagnole du Chemin de fer de Tanger à Fez,10,ardoin-p; atthalin-a; griolet-g; henry-greard-o; heurteau-e; margot-m; masson-r; mauris-l; moreau-e; wibratte-l
fasielectricite,marocainedistributioneaugazelectricite,Compagnie Fasi d'Électricité,"Société Marocaine de distribution d'eau, de gaz et d'électricité",10,anthoine-f; atthalin-a; bonfils-m; felix-r; godard-l; h-de-freycinet; jullien-a; petsche-a; roudy-a; thuillier-j
entreprisemaritimecommerciale,manutentionmarocaine,L'Entreprise maritime et commerciale,La Manutention marocaine,10,blanchet-a; charmeil-a; dal-piaz-j; ed-yvan; estier-f; estier-h; giraud-h; henri-l-savon; peytral-v; tanon-a
etudesmarocainescommerceagriculturemines,etudesmarocainescommerceiindustriemines,"Société d'Études marocaines pour le commerce, l'agriculture et les mines","Sté d'études marocaines pour le commerce, I'industrie et les mines",10,bayart-j; chautard-p; claus-g; hersent-g; heuzey-c; p-chautard; petit-e; piot; pouyer-j; r-bloch
portfedala,salinesmaroc,Cie du port de Fédala,Salines du Maroc,10,b-o-m; defougere-g; duchemin-c; hennique-p; hersent-g; lefevre-l; peraire-j; perrin-de-brichambaut-p; philip-a; tunmac-s
portsmarocains,portsmarocainsmehedyakenitrarabatsale,Ports marocains,Société des Ports marocains de Mehedya-Kenitra et Rabat-Salé,10,aug-galtier; boucard-m; chagnaud-l; dayde-h; galtier-a; l-godard; marchal; marchal-bq-bauer-c; ph-fougerolle; rebuffel-c
marocaineimmeublesurbains,nordmarocain,Société marocaine des Immeubles urbains,Cie française Française du Nord-Marocain,10,bagnis-g; barbecot-g; berenger-e; charbonnel-l; de-mari-h; eug-berenger; giraudon-g; lorenzy-j; mir-l; roland-h
francomarocaine,francomarocaineoufrancomarocaine,Société Générale Franco-Marocaine,Société Franco-Marocaine ou Société franco-marocaine,10,c-jarre; dumond-n; fliche-g; fontaine-l; g-fliche; h-tavernier; j-de-bellescize; l-fontaine; lyon; r-frachon
salinesfedalafedala,salinesfedhala,"Salines de Fédala, FÉDALA",Salines de Fedhala,10,adelus-p; demarque-a; enjalbert-j; gas-g; gaudois-g; mollard-h; pichot-de-champfleury-j; reboul-c; vincent-e; vincent-j
banqueetatmaroc,internationaleregiecointeresseetabacsmaroc,Banque d'État du Maroc,Société internationale de régie co-intéressée des Tabacs au Maroc,9,atthalin-a; de-caviedes; g-guiot; guiot-g; moreau-e; ruiz-senen-v; van-nierop; van-nierop-h; verrijn-stuart-g
distributioneau,marocainedistributioneaugazelectricite,DISTRIBUTION D'EAU,"Société Marocaine de distribution d'eau, de gaz et d'électricité",9,atthalin-a; cabaud-c; g-pichard; godard-l; mondollot; nozal; otto-p; petsche-a; postel-vinay-a
distributioneaugazelectricite,marocainedistributioneaugazelectricite,"DISTRIBUTION D'EAU, DE GAZ ET D'ÉLECTRICITÉ","Société Marocaine de distribution d'eau, de gaz et d'électricité",9,atthalin-a; cabaud-c; godard-l; mondollot; nozal; otto-p; pichard-g; postel-vinay-a; siegler-j
portsmarocains,portsmarocainsmehedyakenitrasalerabat,Ports marocains,"Société des ports marocains de Méhédya-Kénitra, Salé et Rabat",9,aug-galtier; chagnaud-l; dayde-h; godard-l; homberg-o; marchal-c; ph-fougerolle; rebuffel-c; vincent-l
chauxcimentsmateriauxconstruction,chauxcimentsmateriauxconstructionmaroc,"Sté anon. des chaux, ciments et matériaux de construction au","Chaux, ciments et matériaux de construction au Maroc",9,berthet; braunschwig; duboin-j; ferrant; godard; gompel-p; gompel-r; katz; nantes
electricitemarrakech,electricitemazagan,Société d'Électricité de Marrakech,Société d'Électricité de Mazagan,9,africaine; bonfils; colles-g; de-gaz-et-d-electricite; dreyfus-g; hornung-c; l-lefrancois; levallois-perret; roudy-a
atlantide,marocainetransittransportatlantide,L'Atlantide,Cie marocaine de transit. et de transport Atlantide,9,daher-g; hersent-g; lefevre-l; massena-a; murat-c; potron-e; smitt-v; vivet-p; weisweiller-j
portsmarocains,portsmarocainsmehedyaportlyautey,Ports marocains,Société des ports marocains de Méhédya-Port-Lyautey et,9,aug-galtier; bourrellis-l; dayde-j; giros-a; giscard-d-estaing-e; homberg-o; lyautey-p; marchal-c; rebuffel-c
entreprisesmaroc,portsmarocains,Sté générale d'entreprises au Maroc,Ports marocains,9,bourrellis-l; dayde-h; dayde-j; giros-a; julien; matheron-j; ph-fougerolle; rebuffel-c; sagot-a
creditmarocain,nordafricainefinancementparticipations,Crédit marocain,Société nord-africaine de financement et de participations,9,bloch-laine-j; cherifienne-de-participations-s; d-estaing-g; gradis-j; laurent-j; monnier-c; schwartz-w; sicot-l; ste-du-port-de-rosario
banqueetatmaroc,cheminsfermaroc,Banque d'État du Maroc,Compagnie des Chemins de fer du Maroc,8,atthalin-a; derville-s; jahan-h; laurent-atthalin-a; mauclere-e; moreau-e; verge-c; wibratte-l
cheminsfermaroc,maroc,Compagnie des Chemins de fer du Maroc,Compagnie du Maroc,8,atthalin-a; beugin-p; e-du-marais; griolet-g; jullien-a; laurent-atthalin-a; masson-r; moreau-e
distributioneau,distributioneaugazelectricite,DISTRIBUTION D'EAU,"DISTRIBUTION D'EAU, DE GAZ ET D'ÉLECTRICITÉ",8,atthalin-a; cabaud-c; godard-l; mondollot; nozal; otto-p; postel-vinay-a; rebufflel-c
energieelectriquemaroc,maroc,Énergie électrique du Maroc,Compagnie du Maroc,8,anthoine-f; atthalin-a; beugin-p; griolet-g; laurent-atthalin-a; masson-r; moreau-e; reyre-j
manutentionmarocaine,marocainecharbonsbriquettes,La Manutention marocaine,Société Marocaine de Charbons et briquettes,8,dal-piaz-j; dureault-h; gorchs-chacou; gorchs-chacou-f; hersent; marceron-m; mesnier-j; piaz-d
marocaineasiatiquepetroles,tramwaysautobuscasablanca,Cie marocaine et asiatique des pétroles,Compagnie des Tramways et autobus de Casablanca,8,boulle; buhot-h; chapon; fournet; godard-l; grillot-a; saint-rene-taillandier-g; tessandier
banquecommercialemaroc,developpementcasablanca,Banque commerciale du Maroc,Société Générale pour le Développement de Casablanca,8,berti-v; fould-r; piot; piot-m; r-sautter; roudy-a; sautter; v-berti
electricitemarrakech,electricitesafi,Société d'Électricité de Marrakech,Société d'Électricité de Safi,8,bonfils; colles-g; de-gaz-et-d-electricite; dreyfus-g; hornung-c; l-lefrancois; levallois-perret; roudy-a
electricitemazagan,electricitesafi,Société d'Électricité de Mazagan,Société d'Électricité de Safi,8,bonfils; colles-g; de-gaz-et-d-electricite; dreyfus-g; hornung-c; l-lefrancois; levallois-perret; roudy-a
portfedala,salinesfedala,Cie du port de Fédala,Salines de Fédala,8,defougere-g; fedala; hersent-g; hersent-j; lefevre-l; peraire-j; perrin-de-brichambaut-p; philip-a
constructionmarocaine,marocaineentrepriseimmobilieremobiliere,Construction marocaine (Anciennement,"Société Marocaine d'entreprise générale immobilière et mobilière, puis La Construction marocaine et La Construction civile",8,g-braunschvig; g-leclerc; h-desprez; hackenberger-p; j-dehollain; l-godard; l-mill; o-lange
approvisionnement,marocaineapprovisionnement,Société anonyme nouvelle d'approvisionnement,Marocaine d'approvisionnement,8,fabre-c; geraud-l; gondoin-j; jahan-a; pannetier-g; sagot-a; toussaint-g; trubert-j
immobilierenordmarocain,olivettesnordmarocain,Société Immobilière du Nord-Marocain,Olivettes du Nord marocain,8,baptifaut-a; benedic-e; chaumet-c; faure-a; faure-c; ortal-g; paitel-g; sabeau-j
cheminsfermarocoriental,minesbouarfa,Compagnie des Chemins de fer de du Maroc oriental,Société des Mines de Bou-Arfa,8,ardoin-p; delgua-a; ferasson-l; guerin-a; le-trocquer-y; michaux-l; p-tallon; tallon-p
creditmarocain,lesieurafrique,Crédit marocain,Lesieur-Afrique,8,commerciale-de-l-ouest-africain-s; langlois-meurinne-j; laurent-a; lemaigre-dubreuil-j; lesieur-h; lesieur-p; omar-sebti-t; remy-p
minesbouskour,minesissougri,Société des Mines de Bou-Skour,Société des Mines de l'Issougri,8,bardoux-cic-j; bellanger-a; boissonnas-r; celier-p; de-flers-f; ewt; mallet-a; tastet-e
cheminfertangerfez,francoespagnolecheminfertangerfez,Chemin de fer Tanger-Fez,Compagnie franco-espagnole du Chemin de fer de Tanger à Fez,7,atthalin-a; chanove-g; crozier-p; ganderax-e; heurteau-e; krantz-c; perouse-d
cheminsfermaroc,cheminsfermarocoriental,Compagnie des Chemins de fer du Maroc,Compagnie des Chemins de fer de du Maroc oriental,7,ardoin-p; atthalin-a; ferasson-l; guerin-a; mange-a; margot-m; tallon-p
energieelectriquemaroc,entreprisesmaroc,Énergie électrique du Maroc,Sté générale d'entreprises au Maroc,7,atthalin-a; bourrellis-l; cordier-g; giros-a; julien; matheron-j; rebuffel-c
banquefoncierefrancomarocaine,domainebeniamar,Banque foncière franco-marocaine,Domaine de Béni-Amar,7,annonay; de-rosiere-l; gerard-e; longue-rue-de-l-hopital; montgolfier-j; van-put; werbrouck-a
marocaineapprovisionnement,marocaineapprovisionnements,Marocaine d'approvisionnement,Société anon. marocaine d'approvisionnements,7,garcin-e; gerard-l; godard-l; gontard-a; labbe-c; toussaint-g; trubert-j
chauxcimentsmateriauxconstruction,socchauxcimentsmateriauxconstructionmaroc,"Sté anon. des chaux, ciments et matériaux de construction au","Soc. an. des CHAUX, CIMENTS et MATÉRIAUX de CONSTRUCTION au MAROC",7,berthet; duboin-j; ferrant; godard; gompel-p; gompel-r; katz
developpementcasablanca,immobilierecasablanca,Société Générale pour le Développement de Casablanca,Société Immobilière de Casablanca,7,gaston-dreyfus-r; hornung-j; lepel-cointet; lepel-cointet-g; piot; piot-m; sautter
francomarocainefedhala,portfedhala,Compagnie Franco-Marocaine de Fedhala,Compagnie du Port de Fedhala,7,barbet-a; hersent-ep-anne-marie-thomas-j; hersent-g; hersent-j; michel-cote-c; sur-de-georges; thomas-g
chargeursmarocains,cherifiennenavigation,Chargeurs marocains,Compagnie Chérifienne de navigation,7,duguet-e; dureault-h; ed-duguet; h-dureault; normant-p; plisson-e; plisson-j
cheminsfermarocoriental,idem1948,Compagnie des Chemins de fer de du Maroc oriental,Idem 1948,7,ardoin-p; camerlynck-h; de-thomasson-p; delattre-l; delgua-a; ferasson-l; margot-m
frsenordmarocain,marocaineimmeublesurbains,Cie frse du NORD-MAROCAIN,Société marocaine des Immeubles urbains,7,bagnis-g; barbecot-g; berenger-e; charbonnel-l; giraudon-g; mir-l; roland-h
brasseriesmaroc,brasseriesnordmarocain,"Société des Brasseries du Maroc, puis Boissons du Maroc",Société des Brasseries du Nord-Marocain,7,faivre-h; gaston-dreyfus-r; gradis-g; kreiss-p; monnier-c; orcel-j; sicot-l
etudesentreprisesomniummarocain,omniummarocain,Société d'études et d'entreprises Omnium marocain,Omnium marocain,7,bloch-m; ed-delange; eger-j; gompel; h-guerard; r-raynaud; schwab-f
etudesimmobilierescommercialesindustriellesafrique,placementimmobiliermaroc,"Société d'études immobilières, commerciales et industrielles en Afrique",Société de placement immobilier au Maroc,7,blondel; bompard-j; general-appiano-i; nantas-r; plantet-h; rochette-s; sabatier-j
abattoirsmunicipauxindustrielsmaroc,moulinsmaghreb,Société générale des Abattoirs municipaux et industriels au Maroc,Société des Moulins du Maghreb,6,atthalin-a; de-caqueray-g; godard-l; gompel-r; katz-m; roudy-a
banqueetatmaroc,energieelectriquemaroc,Banque d'État du Maroc,Énergie électrique du Maroc,6,atthalin-a; laurent-atthalin-a; mauclere-e; moreau-e; verge-c; wibratte-l
banqueetatmaroc,tabacsmaroc,Banque d'État du Maroc,Tabacs au Maroc,6,atthalin-a; guiot-g; laurent-atthalin-a; moreau-e; ruiz-senen-v; van-nierop-h
energieelectriquemaroc,marocainedistributioneaugazelectricite,Énergie électrique du Maroc,"Société Marocaine de distribution d'eau, de gaz et d'électricité",6,anthoine-f; atthalin-a; laurent-atthalin-a; mercier-e; petsche-a; rebuffel-c
maroc,marocainedistributioneaugazelectricite,Compagnie du Maroc,"Société Marocaine de distribution d'eau, de gaz et d'électricité",6,anthoine-f; atthalin-a; godard-l; jullien-a; laurent-atthalin-a; roudy-a
entreprisemaritimecommerciale,makanghia,L'Entreprise maritime et commerciale,La Makanghia,6,blanchet-a; dal-piaz-j; daurces-a; le-gallais-p; tanon-a; tillier-p
manutentionmarocaine,portfedhala,La Manutention marocaine,Compagnie du Port de Fedhala,6,dal-piaz-j; gorchs-chacou; gorchs-chacou-f; hersent-g; mesnier-j; piaz-d
marocainecharbonsbriquettes,portfedhala,Société Marocaine de Charbons et briquettes,Compagnie du Port de Fedhala,6,dal-piaz-j; gorchs-chacou; gorchs-chacou-f; hersent-j; mesnier-j; piaz-d
chauxcimentsmateriauxconstructionmaroc,moulinsmaghreb,"Chaux, ciments et matériaux de construction au Maroc",Société des Moulins du Maghreb,6,godard-l; gompel-p; gompel-r; katz; katz-m; roudy-a
creditfoncierfrancomarocain,financierefrancomarocaine,Crédit foncier franco-marocain,Sté financière franco-marocaine,6,de-montgolfier-c; de-montgolfier-j; de-montgolfier-r; fayolle-p; hoppenot-b; hoppenot-h
agricolemaroc,developpementcasablanca,Société Agricole du Maroc,Société Générale pour le Développement de Casablanca,6,berti-v; guerard-h; lepel-cointet; lepel-cointet-g; piot-m; roudy-a
brasseriesmaroc,developpementcasablanca,"Société des Brasseries du Maroc, puis Boissons du Maroc",Société Générale pour le Développement de Casablanca,6,gaston-dreyfus-r; orcel-j; paris; r-gaston-dreyfus; roudy-a; sautter
marocainemetauxentreprise,marocainemetauxentreprises,Cie marocaine de métaux et d'entreprise,Cie marocaine de métaux et d'entreprises,6,berti-v; chabanis-h; desbriere-g; marlaud-f; moulonguet-j; percerou-l
creditfonciermarocain,creditfrancomarocaincommerceexterieur,Crédit foncier marocain,Crédit franco-marocain du commerce extérieur,6,artaud-a; bartholome-j; bouilloux-lafont; delpech; mas; petit-c
africaineateliersconstructionschwartzhautmont,agencefrance,Cie africaine des ateliers de construction Schwartz-Hautmont,Agence en France,6,bloch-j; collet-p; epinat-j; guillemet-p; lyon-levy; mourgnot-p
francomarocainefedala,portfedala,Cie franco-marocaine de Fédala,Cie du port de Fédala,6,de-lapeyriere-j; hersent-g; hersent-m; jourdanne-a; michel-cote-c; perrin-de-brichambaut-p
portfedala,valdora,Cie du port de Fédala,Sté anon. Valdora,6,defougere-g; duchemin-c; et-lefebvre; fedala; hersent-g; hersent-j
salinesfedala,salinesmaroc,Salines de Fédala,Salines du Maroc,6,defougere-g; hersent-g; lefevre-l; peraire-j; perrin-de-brichambaut-p; philip-a
transportsmazeres,vulcanisationmoderne,Transports Mazères,Vulcanisation moderne,6,construct; gradis-g; hersent-g; hersent-j; murat-c; trincaud-latour-j
brasseriesmaroc,comptoirmaroc,"Société des Brasseries du Maroc, puis Boissons du Maroc",Comptoir français du Maroc,6,bonan-f; charbonnier-a; gradis-g; j-orcel; orcel-j; r-gaston-dreyfus
chargeursmarocains,cherifienneagricultureelevage,Chargeurs marocains,Société Chérifienne d'Agriculture et d'élevage,6,bayonne; duguet-e; dureault-h; garenne-l; normant-p; plisson-e
chargeursmarocains,huileriessavonneriescherifiennes,Chargeurs marocains,Huileries et savonneries chérifiennes,6,cane-l; duguet-e; ed-duguet; garenne-l; plisson-e; plisson-j
huileriessavonneriescherifiennes,moulinscherifiens,Huileries et savonneries chérifiennes,Moulins chérifiens,6,cane-l; garenne-l; normand-p; plisson-e; plisson-j; rolland-g
parfumerieparisfiorquartieriatffoctobre,parisflor,"Sté de parfumerie Paris-FIor, quartier de Ia T. S. F. — Sté an., f. le octobre",Paris-Flor,6,bonan-f; maarec-e; massena-a; murat-c; pce-d-essling; s-ettedgui-i
energieelectriquemaroc,portsmarocains,Énergie électrique du Maroc,Ports marocains,6,bourrellis-l; giros-a; julien; laurent-atthalin-a; matheron-j; rebuffel-c
comptoirminesgrandstravauxmaroc,marocaineexplosifsaccessoiresmines,Comptoir des mines et des grands travaux du Maroc,Sté marocaine d'explosifs et d'accessoires de mines,6,aries-j; fourcade-p; hustache-g; massenet-a; massenet-m; schmerber-h
minieremaroc,omniumlyonnaisminieremaroc,Compagnie Minière du Maroc,Omnium Lyonnais et Société minière au Maroc,6,allard-j; d-oulhaye-m; e-digneffe; g-peltzer; p-de-magnin; x-janicot
agricolecherifienne,cherifienne,Société Agricole chérifienne,Société Générale chérifienne,6,benedic; d-guynet; guynet-d; plant-a; plaut-a; ruet-p
immobilierelyonnaisemarocaine,immobilierelyonnaisemarocainechezmmasbanquiercondrieu,Société Immobilière Lyonnaise Marocaine,"Sté immobilière lyonnaise marocaine, Chez M. Mas, banquier, CONDRIEU",6,b-fornas; j-jarlot; jaugot-a; joannard-a; silvestre-j; viornery-p
lyonnaiseetudesmaroc,soclyonnaiseetudesmaroc,Société Lyonnaise d'Études au Maroc,Soc. lyonnaise d'ÉTUDES AU MAROC,6,c-jarre; e-prenat; isaac-m; l-jacquier; l-riboud; p-savigny
fonciereagricolemaroc,rharbkhlot,Compagnie Foncière et Agricole du Maroc,Rharb et Khlot,6,cazelles-p; f-vercken; fraissignes-a; j-de-chabannes-la-palice; lauth-j; vercken-h
omniumnordafricain,prospectionetudesminieresmaroc,Omnium nord-africain,Société de prospection et d'études minières au Maroc,6,alb-hentschel; epinat-j; grand-p; laurent-m; mourgnot-p; paris-e
colonialeindustriellecommerciale,loirethaentjens,Cie Coloniale Industrielle et Commerciale,Loiret et Haentjens,6,arnaud-j; boutard-m; candeau-j; croze-h; duteil-l; landois-j
commerciale,commercialeimmobilieremaroc,Compagnie commerciale française,Société Commerciale et Immobilière au Maroc,6,cousin-p; falkenberg-g; fray-c; perles-p; roux-p; schiller-r
agavesmaroc,lesieurafrique,Société des agaves du Maroc,Lesieur-Afrique,6,general-calmel-i; parmentier-l; rouppert-a; sagot-a; toussaint-g; ziegler-c
moulinsmaghreb,pecheriesconservesalimentaires,Société des Moulins du Maghreb,Société anonyme de pêcheries et conserves alimentaires,6,amadou-g; anthoine-f; delacroix-j; painvin-g; sagot-a; toussaint-g
cherifiennepetroles,petrolesmaroc,Société Chérifienne des Pétroles,Compagnie Française des Pétroles du Maroc,6,bihoreau-c; hoffherr-r; julien-m; meny-j; palliez-a; vigier-r
maroccommercialeimmob,portfedala,Sté maroc. commerciale et immob,Cie du port de Fédala,6,defougere-g; fedala; fse-du-liege-s; indus; martorel; palma-j
immobilierenordmarocain,olivettesmarocaines,Société Immobilière du Nord-Marocain,Les Olivettes marocaines,6,baptifaut-a; benedic-e; faure-a; faure-c; ortal-g; paitel-g
olivettesmarocaines,olivettesnordmarocain,Les Olivettes marocaines,Olivettes du Nord marocain,6,baptifaut-a; benedic-e; faure-a; faure-c; ortal-g; paitel-g
marocainetransportsmaritimes,shellmaroc,Cie marocaine de transports maritimes,Société Shell du Maroc,6,agnew-a; brylinski-a; godber-f; guepin-f; lepanot-p; thomas-c
etablissementsluchaire,machinesagricolesrwallut,Établissements LUCHAIRE,MACHINES AGRICOLES R. WALLUT et Cie,6,amiens; georges-jean-marie-hofman; q-st-jean; rte-de-mediouna; strasbourg; wallut-r
abattoirsmunicipauxindustrielsmaroc,huileriesmaghreb,Société générale des Abattoirs municipaux et industriels au Maroc,Société des Huileries du Maghreb,5,atthalin-a; braunschvig-g; godard-l; gompel-r; katz-m
abattoirsmunicipauxmaroc,huileriesmaghreb,Sté générale des abattoirs municipaux au Maroc,Société des Huileries du Maghreb,5,atthalin-a; braunschvig-g; godard-l; gompel-r; katz-m
abattoirsmunicipauxmaroc,moulinsmaghreb,Sté générale des abattoirs municipaux au Maroc,Société des Moulins du Maghreb,5,atthalin-a; de-caqueray-g; godard-l; gompel-r; katz-m
banqueetatmaroc,francoespagnolecheminfertangerfez,Banque d'État du Maroc,Compagnie franco-espagnole du Chemin de fer de Tanger à Fez,5,atthalin-a; de-caviedes; madrid; moreau-e; wibratte-l
cheminsfermaroc,marocainedistributioneaugazelectricite,Compagnie des Chemins de fer du Maroc,"Société Marocaine de distribution d'eau, de gaz et d'électricité",5,atthalin; atthalin-a; guerin-a; jullien-a; laurent-atthalin-a
cheminsfermaroc,porttanger,Compagnie des Chemins de fer du Maroc,Société du Port de Tanger,5,atthalin-a; caqueray-g; courcelle-j; laurent-atthalin-a; lebon-a
cheminsfermaroc,tabacsmaroc,Compagnie des Chemins de fer du Maroc,Tabacs au Maroc,5,atthalin; atthalin-a; beugin-p; laurent-atthalin-a; moreau-e
constructioncivile,moulinsmaghreb,Construction civile,Société des Moulins du Maghreb,5,atthalin-a; brisac-j; godard-l; roudy-a; sagot-a
energieelectriquemaroc,porttanger,Énergie électrique du Maroc,Société du Port de Tanger,5,atthalin-a; caqueray-g; courcelle-j; laurent-atthalin-a; lebon-a
energieelectriquemaroc,tabacsmaroc,Énergie électrique du Maroc,Tabacs au Maroc,5,atthalin-a; beugin-p; laurent-atthalin-a; mercier-e; moreau-e
entreprisesmaroc,portsmarocainsmehedyaportlyautey,Sté générale d'entreprises au Maroc,Société des ports marocains de Méhédya-Port-Lyautey et,5,atthalin-a; bourrellis-l; dayde-j; giros-a; rebuffel-c
fasielectricite,maroc,Compagnie Fasi d'Électricité,Compagnie du Maroc,5,anthoine-f; atthalin-a; godard-l; jullien-a; roudy-a
fasielectricite,moulinsmaghreb,Compagnie Fasi d'Électricité,Société des Moulins du Maghreb,5,anthoine-f; atthalin-a; godard-l; l-godard; roudy-a
francomarocaine,portsmarocainsmehedyaportlyautey,Société Générale Franco-Marocaine,Société des ports marocains de Méhédya-Port-Lyautey et,5,atthalin-a; bourrellis-l; dayde-j; giscard-d-estaing-e; marchal-c
huileriesmaghreb,moulinsmaghreb,Société des Huileries du Maghreb,Société des Moulins du Maghreb,5,atthalin-a; godard-l; gompel-r; katz-m; wormser-a
maroc,tabacsmaroc,Compagnie du Maroc,Tabacs au Maroc,5,atthalin-a; beugin-p; laurent-atthalin-a; moreau-e; roudy-a
marocainedistributioneaugazelectricite,marocaineentrepriseimmobilieremobiliere,"Société Marocaine de distribution d'eau, de gaz et d'électricité","Société Marocaine d'entreprise générale immobilière et mobilière, puis La Construction marocaine et La Construction civile",5,atthalin-a; godard-l; laurent-atthalin-a; nantois-j; roudy-a
marocainedistributioneaugazelectricite,moulinsmaghreb,"Société Marocaine de distribution d'eau, de gaz et d'électricité",Société des Moulins du Maghreb,5,anthoine-f; atthalin; atthalin-a; godard-l; roudy-a
marocainedistributioneaugazelectricite,tabacsmaroc,"Société Marocaine de distribution d'eau, de gaz et d'électricité",Tabacs au Maroc,5,atthalin; atthalin-a; laurent-atthalin-a; mercier-e; roudy-a
abattoirsmunicipauxindustrielsmaroc,chauxcimentsmateriauxconstructionmaroc,Société générale des Abattoirs municipaux et industriels au Maroc,"Chaux, ciments et matériaux de construction au Maroc",5,braunschvig-g; godard-l; gompel-r; katz-m; roudy-a
entrepotsfrigorifiquesafriquenord,marocainecharbonsbriquettes,Société des Entrepôts frigorifiques de l'Afrique du Nord,Société Marocaine de Charbons et briquettes,5,dal-piaz-j; hersent; hersent-j; mesnier-j; piaz-d
entrepotsfrigorifiquesafriquenord,portfedhala,Société des Entrepôts frigorifiques de l'Afrique du Nord,Compagnie du Port de Fedhala,5,dal-piaz-j; guibert; hersent-j; mesnier-j; piaz-d
makanghia,manutentionmarocaine,La Makanghia,La Manutention marocaine,5,blanchet-a; dal-piaz-j; savon-h; tanon-a; yvan-e
annonay,banquehypothecairemaroc,ANNONAY,Banque hypothécaire du Maroc,5,de-montgolfier-c; de-montgolfier-j; desbenoit-l; gioja-d; vaganay-b
marocaineminesoutat,minesaouli,Société Marocaine des Mines de l’Outat,Société des Mines d'Aouli,5,de-caqueray-g; lebon-a; ledoux-f; prangey-h; sluys-m
etudesconstructions,parismaroc,ÉTUDES et de CONSTRUCTIONS,« Paris-Maroc »,5,gompel-g; gompel-p; gompel-r; katz-m; prevot-e
etudesconstructions,parismarocholdingcherifiengustavegompel,ÉTUDES et de CONSTRUCTIONS,"Paris-Maroc, le holding chérifien de Gustave Gompel",5,gompel-g; gompel-p; gompel-r; katz; katz-m
marocaineexploitationsminieresbouarfa,marocaineexploitationsminieresbouarfaparoujda,"Société Marocaine d'Exploitations minières, Bou-Arfa","Société marocaine d'exploitations minières, BOU-ARFA, par Oujda",5,berti-v; delattre-l; delgua-a; ferasson-l; guerin-a
cherifiennetuileriesbriqueteriesplatrierescasablanca,tuileriesbriqueteriesplatrierescasablanca,"Sté chérifienne des tuileries, briqueteries et plâtrières de Casablanca","Tuileries, briqueteries et plâtrières de Casablanca",5,ed-cogny; j-m; le-guales-de-mezaubran-a; p-guyot; p-pichelin
fermesmarocaines,fermesmarocainesnantescasablanca,Sté des fermes marocaines,"Société des Fermes marocaines, Nantes-Casablanca",5,alain-le-guales-de-mezaubran; henri-c; morisson-p; p-guyot; pichelin-p
cherifiennecolonisation,developpementcasablanca,Compagnie Chérifienne de colonisation,Société Générale pour le Développement de Casablanca,5,hornung-j; lepel-cointet; lepel-cointet-g; piot; piot-m
cherifiennerecherchesforages,recherchesforages,Compagnie Chérifienne de Recherches et de forages,"Société de Recherches et de forages, puis S.A. de gérance des bruttos de la Société de recherches et de forages",5,chailley-j; freycinet-h; g-renevey; h-de-freycinet; j-chailley
marocaine,moulinsmaghreb,Compagnie marocaine,Société des Moulins du Maghreb,5,caqueray-g; fabry-r; gendre-de-lucien-bordet; jurien-de-la-graviere-p; p-jurien-de-la-graviere
chargeursmarocains,moulinscherifiens,Chargeurs marocains,Moulins chérifiens,5,cane-l; dureault-h; garenne-l; plisson-e; plisson-j
cherifienneagricultureelevage,huileriessavonneriescherifiennes,Société Chérifienne d'Agriculture et d'élevage,Huileries et savonneries chérifiennes,5,duguet-e; garenne-l; normand-p; plisson-e; pommereau-g
cherifiennenavigation,huileriessavonneriescherifiennes,Compagnie Chérifienne de navigation,Huileries et savonneries chérifiennes,5,duguet-e; ed-duguet; plisson-e; plisson-j; rolland-g
groupemarocainetudeentreprises,groupemarocainetudesentreprises,Groupe marocain d'étude et d'entreprises,Groupe marocain d'études et d'entreprises,5,gradis-g; massena-a; murat; murat-c; sorbe-e
materieltravauxagricoles,stearineriemarocaine200,Cie de Matériel et de travaux agricoles,Stéarinerie marocaine. — 200,5,fouche-c; fr-ledoux; harle-h; massena-a; murat-c
mobiliereimmobilierefrancomarocaine,parfumerieparisfiorquartieriatffoctobre,Société mobilière et immobilière franco-marocaine,"Sté de parfumerie Paris-FIor, quartier de Ia T. S. F. — Sté an., f. le octobre",5,bonan-f; maarec-e; massena-a; murat-c; s-ettedgui-i
mobiliereimmobilierefrancomarocaine,parisflor,Société mobilière et immobilière franco-marocaine,Paris-Flor,5,bonan-f; maarec-e; massena-a; murat-c; s-ettedgui-i
porttanger,socporttanger,Société du Port de Tanger,Soc. du PORT de TANGER,5,courcelle-j; philippar-e; portela; terrier-a; van-dorsser
fsepetrolesmaroc,petrolesmaroc,Cie Fse des PÉTROLES DU MAROC,Compagnie Française des Pétroles du Maroc,5,danset-m; de-breteuil; laroche-h; palliez-a; palliez-l
francomarocaine,portsmarocains,Société Générale Franco-Marocaine,Ports marocains,5,bourrellis-l; dayde-j; giscard-d-estaing-e; marchal; marchal-c
caissepretsimmobiliersmaroc,marocainemagasinsgeneraux,Caisse de prêts immobiliers du Maroc,Société marocaine de magasins généraux,5,de-caix-r; gendre-e; grillot-a; jourdanne-a; renaudin-l
directioncasablanca,marocaineexplosifsaccessoiresmines,Direction à Casablanca,Sté marocaine d'explosifs et d'accessoires de mines,5,audy-p; hustache-f; massenet-a; massenet-m; schmerber-h
anomboissonsgazeusessafimogador,transportsautomobilessouss,Sté anom des boissons gazeuses de Safi-Mogador,Société anon. des transports automobiles du Souss,5,ant-philip; entrepots-de-marseille; handtsaem; jokelson-s; nunzi-a
culturesindustriellesmaroc,fruitieremaroc,Société de Cultures industrielles au Maroc,Cie fruitière du Maroc,5,bonan-f; de-joannis-e; gradis-g; orcel-j; provot-g
portsmarocainsmehedyakenitrarabatsale,portsmarocainsmehedyakenitrasalerabat,Société des Ports marocains de Mehedya-Kenitra et Rabat-Salé,"Société des ports marocains de Méhédya-Kénitra, Salé et Rabat",5,aug-galtier; chagnaud-l; dayde-h; ph-fougerolle; rebuffel-c
minesaouli,miniereafriquenord,Société des Mines d'Aouli,Compagnie Minière de l'Afrique du Nord,5,lebon-a; prangey-h; sluys-m; thomain-e; van-den-ven-p
elevageexploitationagricole,nordafricaineelevageexploitationagricole,Cie d'élevage et d'exploitation agricole,Cie nord-africaine d'élevage et d'exploitation agricole,5,collomb-j; croizeau-g; l-goudard; lallier-du-coudray-a; sever-henry-saver-h
agencefrance,omniumnordafricain,Agence en France,Omnium nord-africain,5,epinat-j; grand-p; guillemet-p; lyon-levy; mourgnot-p
industriellecommercialeadoursebou,stearineriemarocaine200,Société industrielle et commerciale Adour-Sebou,Stéarinerie marocaine. — 200,5,camille; deville; menuiserie; perriquet-e; waddington-r
liegesmamora,mamora,"Société des Lièges de la Mamora, puis Compagnie de la Mamora",Compagnie de la Mamora,5,becot-h; defaye-r; delcourt-e; doyen-a; prevot-e
agavesagadir,lesieurafrique,Société des agaves d'Agadir,Lesieur-Afrique,5,laurent-a; parmentier-l; sagot-a; toussaint-g; ziegler-c
cheminsfermaroc,minesbouarfa,Compagnie des Chemins de fer du Maroc,Société des Mines de Bou-Arfa,5,aguillon-j; ardoin-p; ferasson-l; guerin-a; tallon-p
domainekorifla,domainekoriflaainelaouda,Société an. du domaine de Korifla,"Domaine de Korifla, Aïn-el-Aouda",5,descamps-p; erkes-a; fraenkel-r; ghion-l; godchaux-m
cherifienneenergie,marocaineapplicationselectriques,Société chérifienne d'énergie,Société marocaine d'applications électriques,5,ardoin-p; bonfils-m; guerin-a; julien-m; radiguer-c
cherifiennepetroles,commercialeminiereafriquenord,Société Chérifienne des Pétroles,Société Commerciale et Minière pour l'Afrique du Nord,5,lemaigre-dubreuil-r; morin-g; mourgnot-p; salvane-l; thomas-e
immobilierenordafrique,nordafricaineentreprise,"Société Immobilière du Nord de l'Afrique, puis Société nord-africaine d'entreprise",Société anon. Nord-Africaine d'entreprise (anc,5,bertheaume-l; grattery-j; nerot-e; perret-f; pottier-c
africaine,chauffageplomberie,L'Africaine,Générale de Chauffage et de plomberie Compagnie),5,barbie-j; domec-b; godard-m; hieret-j; mimard-p
africaine,metaux,L'Africaine,Cie française des métaux,5,barbie-j; domec-b; godard-m; hieret-j; mimard-p
chauffageplomberie,metaux,Générale de Chauffage et de plomberie Compagnie),Cie française des métaux,5,barbie-j; domec-b; godard-m; hieret-j; mimard-p
djebelchikeroudjebelchickertaza,fermenouirette,"Djebel-Chiker ou Djebel-Chicker, Taza",Société anon. « Ferme Nouirette »,5,ant-fleury; brison-r; rousset-m; russeil-f; senetaire-j
creditmarocain,participationscolonialesfinancieres,Crédit marocain,Société de participations coloniales et financières,5,bernard-p; cherifienne-de-participations-s; gradis-j; monnier-c; schwartz-w
abattoirsmunicipauxindustrielsmaroc,constructioncivile,Société générale des Abattoirs municipaux et industriels au Maroc,Construction civile,4,atthalin-a; braunschvig-g; godard-l; roudy-a
abattoirsmunicipauxindustrielsmaroc,fasielectricite,Société générale des Abattoirs municipaux et industriels au Maroc,Compagnie Fasi d'Électricité,4,atthalin-a; godard-l; jordan-p; roudy-a
abattoirsmunicipauxindustrielsmaroc,marocaineentrepriseimmobilieremobiliere,Société générale des Abattoirs municipaux et industriels au Maroc,"Société Marocaine d'entreprise générale immobilière et mobilière, puis La Construction marocaine et La Construction civile",4,atthalin-a; braunschvig-g; godard-l; roudy-a
agricolezemmours,moulinsmaghreb,Société agricole des Zemmours,Société des Moulins du Maghreb,4,atthalin-a; roudy-a; sagot-a; toussaint-g
banqueetatmaroc,caissepretsimmobiliersmaroc,Banque d'État du Maroc,Caisse de prêts immobiliers du Maroc,4,atthalin-a; desoubry-g; laurent-atthalin-a; rengnet-p
caissepretsimmobiliersmaroc,porttanger,Caisse de prêts immobiliers du Maroc,Société du Port de Tanger,4,atthalin-a; laurent-atthalin-a; philippar-e; terrier-a
cheminfertangerfez,cheminsfermaroc,Chemin de fer Tanger-Fez,Compagnie des Chemins de fer du Maroc,4,atthalin-a; ganderax-e; heurteau-e; perouse-d
cheminsfermaroc,fasielectricite,Compagnie des Chemins de fer du Maroc,Compagnie Fasi d'Électricité,4,atthalin-a; jullien-a; laurent-atthalin; lebon-a
cheminsfermarocoriental,energieelectriquemaroc,Compagnie des Chemins de fer de du Maroc oriental,Énergie électrique du Maroc,4,ardoin-p; atthalin-a; mange-a; margot-m
constructioncivile,entreprisesmaroc,Construction civile,Sté générale d'entreprises au Maroc,4,atthalin-a; braunschvig-g; mill-l; sagot-a
energieelectriquemaroc,fasielectricite,Énergie électrique du Maroc,Compagnie Fasi d'Électricité,4,anthoine-f; atthalin-a; lebon-a; petsche-a
energieelectriquemaroc,portsmarocainsmehedyaportlyautey,Énergie électrique du Maroc,Société des ports marocains de Méhédya-Port-Lyautey et,4,atthalin-a; bourrellis-l; giros-a; rebuffel-c
entreprisesmaroc,marocaineentrepriseimmobilieremobiliere,Sté générale d'entreprises au Maroc,"Société Marocaine d'entreprise générale immobilière et mobilière, puis La Construction marocaine et La Construction civile",4,atthalin-a; braunschvig-g; l-mill; mill-l
fasielectricite,marocaineentrepriseimmobilieremobiliere,Compagnie Fasi d'Électricité,"Société Marocaine d'entreprise générale immobilière et mobilière, puis La Construction marocaine et La Construction civile",4,atthalin-a; godard-l; l-godard; roudy-a
francoespagnolecheminfertangerfez,internationaleregiecointeresseetabacsmaroc,Compagnie franco-espagnole du Chemin de fer de Tanger à Fez,Société internationale de régie co-intéressée des Tabacs au Maroc,4,atthalin-a; caviedes; de-caviedes; moreau-e
huileriesmaghreb,socgenabattoirsmunicipauxindustrielsmaroc,Société des Huileries du Maghreb,Soc. gén. des ABATTOIRS MUNICIPAUX ET INDUSTRIELS AU MAROC,4,atthalin-a; braunschvig-g; gompel-r; katz-m
maroc,marocaineentrepriseimmobilieremobiliere,Compagnie du Maroc,"Société Marocaine d'entreprise générale immobilière et mobilière, puis La Construction marocaine et La Construction civile",4,atthalin-a; godard-l; laurent-atthalin-a; roudy-a
maroc,moulinsmaghreb,Compagnie du Maroc,Société des Moulins du Maghreb,4,anthoine-f; atthalin-a; godard-l; roudy-a
maroc,sebou,Compagnie du Maroc,Compagnie du Sebou,4,atthalin-a; godard-l; griolet-g; laurent-louis-godard
marocaineentrepriseimmobilieremobiliere,moulinsmaghreb,"Société Marocaine d'entreprise générale immobilière et mobilière, puis La Construction marocaine et La Construction civile",Société des Moulins du Maghreb,4,atthalin-a; godard-l; l-godard; roudy-a
moulinsmaghreb,socgenabattoirsmunicipauxindustrielsmaroc,Société des Moulins du Maghreb,Soc. gén. des ABATTOIRS MUNICIPAUX ET INDUSTRIELS AU MAROC,4,atthalin-a; de-caqueray-g; gompel-r; katz-m
abattoirsmunicipauxmaroc,chauxcimentsmateriauxconstructionmaroc,Sté générale des abattoirs municipaux au Maroc,"Chaux, ciments et matériaux de construction au Maroc",4,braunschvig-g; godard-l; gompel-r; katz-m
chauxcimentsmateriauxconstructionmaroc,huileriesmaghreb,"Chaux, ciments et matériaux de construction au Maroc",Société des Huileries du Maghreb,4,braunschvig-g; godard-l; gompel-r; katz-m
chauxcimentsmateriauxconstructionmaroc,marocaineentrepriseimmobilieremobiliere,"Chaux, ciments et matériaux de construction au Maroc","Société Marocaine d'entreprise générale immobilière et mobilière, puis La Construction marocaine et La Construction civile",4,braunschvig-g; braunschwig-g; godard-l; roudy-a
entrepotsfrigorifiquesafriquenord,manutentionmarocaine,Société des Entrepôts frigorifiques de l'Afrique du Nord,La Manutention marocaine,4,dal-piaz-j; hersent; mesnier-j; piaz-d
banquefoncierefrancomarocaine,banquefoncieremaroc,Banque foncière franco-marocaine,Banque foncière du Maroc,4,bouchez-c; gerard-e; good-f; kreglinger-a
habitationsmaroc,moulinsmaghreb,Société d'Habitations au Maroc,Société des Moulins du Maghreb,4,godard-l; l-godard; sagot-a; toussaint-g
habitationsmaroc,portsmarocains,Société d'Habitations au Maroc,Ports marocains,4,bourrellis-l; godard-l; l-godard; sagot-a
marocaineapprovisionnement,moulinsmaghreb,Marocaine d'approvisionnement,Société des Moulins du Maghreb,4,fabre-c; godard-l; sagot-a; toussaint-g
marocaineapprovisionnement,tramwaysautobuscasablanca,Marocaine d'approvisionnement,Compagnie des Tramways et autobus de Casablanca,4,geraud-l; godard; godard-l; vericourt
moulinsmaghreb,tramwaysautobuscasablanca,Société des Moulins du Maghreb,Compagnie des Tramways et autobus de Casablanca,4,amadou-g; atthalin; brisac-j; godard-l
brasseriesmaroc,moulinsmaghreb,"Société des Brasseries du Maroc, puis Boissons du Maroc",Société des Moulins du Maghreb,4,gompel-r; katz-m; manufactures; roudy-a
chauxcimentsmateriauxconstructionmaroc,etudesconstructions,"Chaux, ciments et matériaux de construction au Maroc",ÉTUDES et de CONSTRUCTIONS,4,gompel-p; gompel-r; katz; katz-m
chauxcimentsmateriauxconstructionmaroc,parismarocholdingcherifiengustavegompel,"Chaux, ciments et matériaux de construction au Maroc","Paris-Maroc, le holding chérifien de Gustave Gompel",4,gompel-p; gompel-r; katz; katz-m
etudesconstructions,moulinsmaghreb,ÉTUDES et de CONSTRUCTIONS,Société des Moulins du Maghreb,4,gompel-p; gompel-r; katz; katz-m
moulinsmaghreb,parismarocholdingcherifiengustavegompel,Société des Moulins du Maghreb,"Paris-Maroc, le holding chérifien de Gustave Gompel",4,gompel-p; gompel-r; katz; katz-m
parismaroc,parismarocholdingcherifiengustavegompel,« Paris-Maroc »,"Paris-Maroc, le holding chérifien de Gustave Gompel",4,gompel-g; gompel-p; gompel-r; katz-m
moulinsmaghreb,socchauxcimentsmateriauxconstructionmaroc,Société des Moulins du Maghreb,"Soc. an. des CHAUX, CIMENTS et MATÉRIAUX de CONSTRUCTION au MAROC",4,gompel-p; gompel-r; katz; roudy-a
banquecommercialemaroc,immobilierecasablanca,Banque commerciale du Maroc,Société Immobilière de Casablanca,4,guerard; piot; piot-m; sautter
marocaineexploitationsminieresbouarfa,minesbouarfa,"Société Marocaine d'Exploitations minières, Bou-Arfa",Société des Mines de Bou-Arfa,4,berti-v; delgua-a; ferasson-l; guerin-a
marocaineexploitationsminieresbouarfaparoujda,minesbouarfa,"Société marocaine d'exploitations minières, BOU-ARFA, par Oujda",Société des Mines de Bou-Arfa,4,berti-v; delgua-a; ferasson-l; guerin-a
banqueunionmarocaine,ergho,Banque de l'union marocaine,Ergho,4,e-guernier; guernier-e; madinier-l; rte-de-mediouna
briqueteriesfedala,francomarocainefedala,Société des briqueteries de Fédala,Cie franco-marocaine de Fédala,4,de-lapeyriere-j; hersent-g; hersent-m; perrin-de-brichambaut-p
briqueteriesfedala,portfedala,Société des briqueteries de Fédala,Cie du port de Fédala,4,de-lapeyriere-j; hersent-g; hersent-m; perrin-de-brichambaut-p
etudesmarocainescommerceagriculturemines,pecheriesmarocaines,"Société d'Études marocaines pour le commerce, l'agriculture et les mines",Pêcheries marocaines,4,delcroix-a; ducornet-a; gidoin-a; hersent-g
salinesfedala,valdora,Salines de Fédala,Sté anon. Valdora,4,defougere-g; fedala; hersent-g; hersent-j
salinesfedala,vulcanisationmoderne,Salines de Fédala,Vulcanisation moderne,4,doux-n; fedala; hersent-g; hersent-j
carrieresmarocaines,comptoirmaroc,Société des Carrières marocaines,Comptoir français du Maroc,4,charbonnier-a; dreyfus-boris-g; mignonac-m; orcel-j
comptoirsfrancomarocains,maroccommerceindustrie,Comptoirs franco-marocains,Compagnie du Maroc pour le commerce et l'industrie,4,hubscher-h; hubscher-j; van-den-ven-p; vicaire
consortiumindustrielcommercialafriquenord,nantaiseimportationmarochailaustgutzeitmollinedahl,Consortium industriel et commercial de l'Afrique du Nord,"Sté nantaise d'importation au Maroc (Hailaust & Gutzeit, Molliné & Dahl",4,g-hailaust; gutzeit-c; hailaust-g; herteman-p
fruitieremaroc,marocainesiditaibi,Cie fruitière du Maroc,Société marocaine de Sidi Taïbi,4,cahen-d-anvers-c; de-joannis-e; gradis-g; ledoux-f
marocaineainsikh,materieltravauxagricoles,Societe marocaine d Aïn-Sikh,Cie de Matériel et de travaux agricoles,4,gradis-g; joannis-e; ledoux-f; quellennec-j
francomarocaine,immobilieretanger,Société Générale Franco-Marocaine,Société Immobilière de Tanger,4,fliche-g; g-fliche; h-tavernier; jarre-c
cherifienneagricultureelevage,cherifiennenavigation,Société Chérifienne d'Agriculture et d'élevage,Compagnie Chérifienne de navigation,4,duguet-e; dureault-h; normant-p; plisson-e
cherifienneagricultureelevage,moulinscherifiens,Société Chérifienne d'Agriculture et d'élevage,Moulins chérifiens,4,dureault-h; garenne-l; normand-p; plisson-e
cherifiennenavigation,moulinscherifiens,Compagnie Chérifienne de navigation,Moulins chérifiens,4,dureault-h; plisson-e; plisson-j; rolland-g
conservesfedalasardineriecascadec,entrepotsfrigorifiquesafriquenord,Société anon. de Conserves de Fédala Sardinerie Cascadec,Société des Entrepôts frigorifiques de l'Afrique du Nord,4,a-s; foucault-g; hersent-j; perrin-de-brichambaut-p
entrepotsfrigorifiquesafriquenord,salinesfedala,Société des Entrepôts frigorifiques de l'Afrique du Nord,Salines de Fédala,4,defougere-g; foucault-g; hersent-j; perrin-de-brichambaut-p
groupemarocainetudeentreprises,materieltravauxagricoles,Groupe marocain d'étude et d'entreprises,Cie de Matériel et de travaux agricoles,4,gradis-g; massena-a; murat; murat-c
groupemarocainetudeentreprises,moulinsmaghreb,Groupe marocain d'étude et d'entreprises,Société des Moulins du Maghreb,4,massena-a; murat; prince-d-essling; sorbe-e
groupemarocainetudeentreprises,parisflor,Groupe marocain d'étude et d'entreprises,Paris-Flor,4,de-rivoli; massena-a; murat-c; prince-d-essling
groupemarocainetudesentreprises,materieltravauxagricoles,Groupe marocain d'études et d'entreprises,Cie de Matériel et de travaux agricoles,4,gradis-g; massena-a; murat; murat-c
miroiteriemaroc,mobiliereimmobilierefrancomarocaine,Miroiterie générale du Maroc,Société mobilière et immobilière franco-marocaine,4,bonan-f; maarec-e; murat-c; s-ettedgui-i
miroiteriemaroc,parfumerieparisfiorquartieriatffoctobre,Miroiterie générale du Maroc,"Sté de parfumerie Paris-FIor, quartier de Ia T. S. F. — Sté an., f. le octobre",4,bonan-f; maarec-e; murat-c; s-ettedgui-i
miroiteriemaroc,parisflor,Miroiterie générale du Maroc,Paris-Flor,4,bonan-f; maarec-e; murat-c; s-ettedgui-i
briqueteriescarrieresusineseihank,briqueteriescarrieresusineselhank,"Briqueteries, carrières et usines d'EI-Hank","Briqueteries, carrières et usines d'El-Hank",4,bardon-h; desbief-e; magnier-a; malcor-c
caissepretsimmobiliersmaroc,magasinsgenerauxwarrantsmaroc,Caisse de prêts immobiliers du Maroc,Société des Magasins généraux et warrants du Maroc,4,grillot-a; jourdanne-a; philippar-e; terrier-a
cheminsfermaroc,manutentionmarocaine,Compagnie des Chemins de fer du Maroc,La Manutention marocaine,4,pdt-chargeurs-reunis; perouse; perouse-d; silhol-a
frsepetrolesmaroc,fsepetrolesmaroc,Cie frse des PÉTROLES du MAROC,Cie Fse des PÉTROLES DU MAROC,4,colas-e; danset-m; de-breteuil; laroche-h
francoespagnolecheminfertangerfez,manutentionmarocaine,Compagnie franco-espagnole du Chemin de fer de Tanger à Fez,La Manutention marocaine,4,adm-suez; perouse; perouse-d; v-pdt-plm-p
portsmarocainsmehedyakenitrasalerabat,portsmarocainsmehedyaportlyautey,"Société des ports marocains de Méhédya-Kénitra, Salé et Rabat",Société des ports marocains de Méhédya-Port-Lyautey et,4,aug-galtier; homberg-o; marchal-c; rebuffel-c
cheminsfermaroc,tramwaysautobuscasablanca,Compagnie des Chemins de fer du Maroc,Compagnie des Tramways et autobus de Casablanca,4,atthalin; jullien-a; jullien-bppb-a; saint-rene-taillandier-g
caissepretsimmobiliersmaroc,tramwaysautobuscasablanca,Caisse de prêts immobiliers du Maroc,Compagnie des Tramways et autobus de Casablanca,4,fournet-j; gendre-e; grillot-a; terrier-a
marocaineexplosifsaccessoiresmines,marocaineexplosifscasablancamelilla,Sté marocaine d'explosifs et d'accessoires de mines,"Société Marocaine d'explosifs, Casablanca, Melilla",4,barthelemy; massenet-a; massenet-m; momiron-p
omniumentreprises,portsmarocains,Omnium d'entreprises,Ports marocains,4,chagnaud-l; galtier-a; marchal; marchal-c
brasseriesmaroc,fruitieremaroc,"Société des Brasseries du Maroc, puis Boissons du Maroc",Cie fruitière du Maroc,4,bonan-f; gaston-dreyfus-r; gradis-g; orcel-j
brasseriesnordmarocain,industriellepetrolesmaroc,Société des Brasseries du Nord-Marocain,Compagnie Industrielle des Pétroles au Maroc,4,bras-droit-du-banquier-rene-gaston-dreyfus; dreyfus-r; gaston-dreyfus-r; orcel-j
entreprisesmarococcidental,internationaleetudestravauxmaroc,Société d’Entreprises du Maroc Occidental,Société Internationale d'Études et de travaux au Maroc,4,morgans-g; perchot; perchot-commentry-oissel-j; waldeck-rousseau-r
internationaledeveloppementtanger,porttanger,Société internationale pour le développement de Tanger,Société du Port de Tanger,4,harris-w; lebon-a; portela; van-dorsser
asiatiqueafricaine,banquemaroc,Compagnie Asiatique et africaine,Banque française du Maroc,4,delpech-j; ferme-g; guesde-p; hecquet-g
cherifienneengraisproduitschimiques,etudestravauxnavalsaeronautiques,Société Chérifienne d'engrais et de produits chimiques,Société d'études et de travaux navals et aéronautiques,4,ateliers-de-saint-nazaire; chantiers-de-la-mediterranee; forges; lamouche-a
marocaineminesoutat,miniereafriquenord,Société Marocaine des Mines de l’Outat,Compagnie Minière de l'Afrique du Nord,4,du-vivier-de-streel-e; lebon-a; prangey-h; sluys-m
elevageexploitationagricole,fermieremarocaineexploitationsagricoles,Cie d'élevage et d'exploitation agricole,Compagnie Fermière Marocaine d’Exploitations agricoles,4,collomb-j; croizeau-g; lallier-du-coudray-a; sever-henry-saver-h
fermieremarocaineexploitationsagricoles,nordafricaineelevageexploitationagricole,Compagnie Fermière Marocaine d’Exploitations agricoles,Cie nord-africaine d'élevage et d'exploitation agricole,4,collomb-j; croizeau-g; lallier-du-coudray-a; sever-henry-saver-h
agricoleouezzan,agricoleouezzanmechrabelksiri,Compagnie Agricole d'Ouezzan,"Cie agricole d'Ouezzan, MECHRA-BEL-KSIRI",4,boissonnat-a; de-boisguilbert-a; lepel-cointet-g; piot-m
agricoleouezzan,fruitsprimeursmaroc,Compagnie Agricole d'Ouezzan,Fruits et primeurs du Maroc,4,boissonnas-a; lepel-cointet-g; mangeard-h; piot-m
cherifiennecolonisation,foncierecasablanca,Compagnie Chérifienne de colonisation,Société Foncière de Casablanca,4,gautier-de-charnace-c; hornung-j; piot-m; rond-point-de-longchamp
naphtesrharbcentral,naphtesrhrabcentral,Société des Naphtes du Rharb central,Sté des naphtes du Rhrab central,4,coste-f; kister-e; meunier-r; nater-r
naphtesrhrabcentral,transportsmazeres,Sté des naphtes du Rhrab central,Transports Mazères,4,cohen; fabric; librairie; maman
materieltravauxagricoles,mecaniqueagricolefnovembre1920,Cie de Matériel et de travaux agricoles,"Cie générale de mécanique agricole. — Sté an., f. le novembre 1920",4,cahen-d-anvers-c; fouche-c; fr-ledoux; journault-e
africainetransports,omniumnordafricain,Compagnie Africaine de Transports,Omnium nord-africain,4,epinat-j; grand-p; laurent-m; paris-e
africainetransports,prospectionetudesminieresmaroc,Compagnie Africaine de Transports,Société de prospection et d'études minières au Maroc,4,epinat-j; grand-p; laurent-m; paris-e
autohall,omniumnordafricain,Auto-Hall,Omnium nord-africain,4,epinat-j; grand-p; guillemet-p; mas-p
omniumnordafricain,transportstourismemaroc,Omnium nord-africain,Compagnie Générale de Transports et tourisme au Maroc,4,bouyonnet-f; epinat-j; grand-p; lyon-levy
administration,mineszellidja,Administration,SOCIÉTÉ DES MINES DE ZELLIDJA,4,charbaut-c; duvernoy-g; fabre-luce-p; walter-j
administration,minierezellidja,Administration,"Société Minière de la Zellidja, puis Mines de Zellidja",4,charbaut-c; duvernoy-g; fabre-luce-p; walter-j
mineszellidja,minierezellidja,SOCIÉTÉ DES MINES DE ZELLIDJA,"Société Minière de la Zellidja, puis Mines de Zellidja",4,charbaut-c; duvernoy-g; fabre-luce-p; walter-j
creditmarocain,marocaineechanges,Crédit marocain,Société marocaine d'échanges,4,alcayde-j; bernard-m; cavroy-j; lemoult-r
agavesagadir,agavesmaroc,Société des agaves d'Agadir,Société des agaves du Maroc,4,parmentier-l; sagot-a; toussaint-g; ziegler-c
africaineateliersconstructionschwartzhautmont,omniumnordafricain,Cie africaine des ateliers de construction Schwartz-Hautmont,Omnium nord-africain,4,epinat-j; guillemet-p; lyon-levy; mourgnot-p
minierebouazzergraara,omniumnordafricain,Société minière du Bou-Azzer et du Graâra,Omnium nord-africain,4,aguillon-j; epinat-j; mourgnot-p; paris-e
manufacturecrinvegetalfedhala,transportsmazeres,Manufacture de crin végétal de Fédhala,Transports Mazères,4,alard-g; bou-ached; champeaux-j; danton-f
agricoleboumais,agricolemarocaine,Cie agricole de Bou Maïs,Agricole Marocaine,4,basset-f; courtois-de-vicose-r; despres-e; greuzard-j
cheminsfermarocoriental,marocaineexploitationsminieresbouarfa,Compagnie des Chemins de fer de du Maroc oriental,"Société Marocaine d'Exploitations minières, Bou-Arfa",4,delattre-l; delgua-a; ferasson-l; guerin-a
cheminsfermarocoriental,marocaineexploitationsminieresbouarfaparoujda,Compagnie des Chemins de fer de du Maroc oriental,"Société marocaine d'exploitations minières, BOU-ARFA, par Oujda",4,delattre-l; delgua-a; ferasson-l; guerin-a
minieregundafa,societesminieregundafa,Société minière des Gundafa,Sociétés Minière des Gundafa,4,berger-h; berger-v; des-champs-de-verneix; long-c
molybdene,recherchesminieresfalta,Le Molybdène,Société de Recherches minières du Falta,4,boissonnas-a; netter-m; pitavino-m; von-der-weid-c
constructionimmeublesmaroc,etudesimmobilierescommercialesindustriellesafrique,Société de construction d'immeubles au Maroc,"Société d'études immobilières, commerciales et industrielles en Afrique",4,bompard-j; general-appiano-i; sabatier-j; vuillemin-c
minesgraphitemarocouminesgraphitesmaroc,minesgraphitesmaroc,Mines et graphite du Maroc ou Mines et graphites du Maroc,Mines et graphites du Maroc,4,corbin-p; mercie-g; theodore-m; touny-l
marocaineagricolesidifatah,marocaineagriculturecommerce,Société marocaine agricole de Sidi-Fatah,Société Marocaine pour l'agriculture et le commerce,4,jacobs-e; jaureguiberry-j; le-saulnier-de-saint-jouan-r; monchicourt-a
marocainecommerceindustriecereales,moulinsmazagan,Sté marocaine de commerce et d'industrie des céréales,"Société des Moulins de Mazagan, puis Société marocaine industrielle et commerciale",4,edouard; fiol-j; fradin-c; reuteman-g
nordafricainefinancementparticipations,participationscolonialesfinancieres,Société nord-africaine de financement et de participations,Société de participations coloniales et financières,4,cherifienne-de-participations-s; gradis-j; monnier-c; schwartz-w
cherifentrepriseselectr,frigorifiquemaroc,Cie chérif. d'entreprises électr,Compagnie Frigorifique du Maroc,4,ant-pilon; fortin-c; vilers-r; villette-a
agricolesoukelarbarharb,roannaisefermesafriquenord,Cie agricole de Souk-el-Arba-du-Rharb,Société Roannaise des Fermes de l'Afrique du Nord,4,dechelette-a; robin-h; sauvegrain-l; talichet-j
abattoirsmunicipauxindustrielsmaroc,maroc,Société générale des Abattoirs municipaux et industriels au Maroc,Compagnie du Maroc,3,atthalin-a; godard-l; roudy-a
abattoirsmunicipauxindustrielsmaroc,marocainedistributioneaugazelectricite,Société générale des Abattoirs municipaux et industriels au Maroc,"Société Marocaine de distribution d'eau, de gaz et d'électricité",3,atthalin-a; godard-l; roudy-a
abattoirsmunicipauxindustrielsmaroc,sebou,Société générale des Abattoirs municipaux et industriels au Maroc,Compagnie du Sebou,3,atthalin-a; de-caqueray-g; godard-l
abattoirsmunicipauxmaroc,constructioncivile,Sté générale des abattoirs municipaux au Maroc,Construction civile,3,atthalin-a; braunschvig-g; godard-l
abattoirsmunicipauxmaroc,fasielectricite,Sté générale des abattoirs municipaux au Maroc,Compagnie Fasi d'Électricité,3,atthalin-a; godard-l; jordan-p
abattoirsmunicipauxmaroc,marocaineentrepriseimmobilieremobiliere,Sté générale des abattoirs municipaux au Maroc,"Société Marocaine d'entreprise générale immobilière et mobilière, puis La Construction marocaine et La Construction civile",3,atthalin-a; braunschvig-g; godard-l
abattoirsmunicipauxmaroc,sebou,Sté générale des abattoirs municipaux au Maroc,Compagnie du Sebou,3,atthalin-a; de-caqueray-g; godard-l
agricolezemmours,constructioncivile,Société agricole des Zemmours,Construction civile,3,atthalin-a; roudy-a; sagot-a
banqueetatmaroc,maroc,Banque d'État du Maroc,Compagnie du Maroc,3,atthalin-a; laurent-atthalin-a; moreau-e
banqueetatmaroc,porttanger,Banque d'État du Maroc,Société du Port de Tanger,3,atthalin-a; laurent-atthalin-a; rossi-a
cheminsfermaroc,internationaleregiecointeresseetabacsmaroc,Compagnie des Chemins de fer du Maroc,Société internationale de régie co-intéressée des Tabacs au Maroc,3,atthalin-a; jullien-a; moreau-e
cheminsfermaroc,moulinsmaghreb,Compagnie des Chemins de fer du Maroc,Société des Moulins du Maghreb,3,atthalin; atthalin-a; caqueray-g
cheminsfermaroc,sebou,Compagnie des Chemins de fer du Maroc,Compagnie du Sebou,3,atthalin-a; g-griolet; griolet-g
cheminsfermarocoriental,francoespagnolecheminfertangerfez,Compagnie des Chemins de fer de du Maroc oriental,Compagnie franco-espagnole du Chemin de fer de Tanger à Fez,3,ardoin-p; atthalin-a; margot-m
cheminsfermarocoriental,marocainedistributioneaugazelectricite,Compagnie des Chemins de fer de du Maroc oriental,"Société Marocaine de distribution d'eau, de gaz et d'électricité",3,atthalin-a; guerin-a; roudy-a
cheminsfermarocoriental,moulinsmaghreb,Compagnie des Chemins de fer de du Maroc oriental,Société des Moulins du Maghreb,3,atthalin-a; destombes-j; roudy-a
constructioncivile,fasielectricite,Construction civile,Compagnie Fasi d'Électricité,3,atthalin-a; godard-l; roudy-a
constructioncivile,huileriesmaghreb,Construction civile,Société des Huileries du Maghreb,3,atthalin-a; braunschvig-g; godard-l
constructioncivile,maroc,Construction civile,Compagnie du Maroc,3,atthalin-a; godard-l; roudy-a
constructioncivile,marocainedistributioneaugazelectricite,Construction civile,"Société Marocaine de distribution d'eau, de gaz et d'électricité",3,atthalin-a; godard-l; roudy-a
distributioneau,fasielectricite,DISTRIBUTION D'EAU,Compagnie Fasi d'Électricité,3,atthalin-a; godard-l; petsche-a
energieelectriquemaroc,internationaleregiecointeresseetabacsmaroc,Énergie électrique du Maroc,Société internationale de régie co-intéressée des Tabacs au Maroc,3,atthalin-a; mercier-e; moreau-e
energieelectriquemaroc,moulinsmaghreb,Énergie électrique du Maroc,Société des Moulins du Maghreb,3,anthoine-f; atthalin-a; caqueray-g
energieelectriquemaroc,sebou,Énergie électrique du Maroc,Compagnie du Sebou,3,atthalin-a; bourrellis-l; griolet-g
entreprisesmaroc,francomarocaine,Sté générale d'entreprises au Maroc,Société Générale Franco-Marocaine,3,atthalin-a; bourrellis-l; dayde-j
explosifs,fasielectricite,Société générale d'explosifs,Compagnie Fasi d'Électricité,3,atthalin-a; l-godard; p-jordan
huileriesmaghreb,maroc,Société des Huileries du Maghreb,Compagnie du Maroc,3,atthalin-a; godard-l; laurent-louis-godard
huileriesmaghreb,marocaineentrepriseimmobilieremobiliere,Société des Huileries du Maghreb,"Société Marocaine d'entreprise générale immobilière et mobilière, puis La Construction marocaine et La Construction civile",3,atthalin-a; braunschvig-g; godard-l
huileriesmaghreb,sebou,Société des Huileries du Maghreb,Compagnie du Sebou,3,atthalin-a; godard-l; laurent-louis-godard
internationaleregiecointeresseetabacsmaroc,maroc,Société internationale de régie co-intéressée des Tabacs au Maroc,Compagnie du Maroc,3,atthalin-a; jullien-a; moreau-e
internationaleregiecointeresseetabacsmaroc,marocainedistributioneaugazelectricite,Société internationale de régie co-intéressée des Tabacs au Maroc,"Société Marocaine de distribution d'eau, de gaz et d'électricité",3,atthalin-a; jullien-a; mercier-e
marocaineentrepriseimmobilieremobiliere,tabacsmaroc,"Société Marocaine d'entreprise générale immobilière et mobilière, puis La Construction marocaine et La Construction civile",Tabacs au Maroc,3,atthalin-a; laurent-atthalin-a; roudy-a
moulinsmaghreb,sebou,Société des Moulins du Maghreb,Compagnie du Sebou,3,atthalin-a; de-caqueray-g; godard-l
moulinsmaghreb,tabacsmaroc,Société des Moulins du Maghreb,Tabacs au Maroc,3,atthalin; atthalin-a; roudy-a
chauxcimentsmateriauxconstructionmaroc,constructioncivile,"Chaux, ciments et matériaux de construction au Maroc",Construction civile,3,braunschvig-g; godard-l; roudy-a
chauxcimentsmateriauxconstructionmaroc,socgenabattoirsmunicipauxindustrielsmaroc,"Chaux, ciments et matériaux de construction au Maroc",Soc. gén. des ABATTOIRS MUNICIPAUX ET INDUSTRIELS AU MAROC,3,braunschvig-g; gompel-r; katz-m
manutentionmarocaine,voyageshotelsnordafricains,La Manutention marocaine,Société des voyages et hôtels nord-africains,3,cangardel-h; dal-piaz-j; nunzi-a
constructioncivile,immobilieremaroc,Construction civile,Société Immobilière au Maroc,3,godard-l; hackenberger-p; roudy-a
fasielectricite,habitationsmaroc,Compagnie Fasi d'Électricité,Société d'Habitations au Maroc,3,alb-petsche; godard-l; l-godard
fasielectricite,portsmarocains,Compagnie Fasi d'Électricité,Ports marocains,3,godard-l; l-godard; laurent-atthalin
habitationsmaroc,marocaineapprovisionnement,Société d'Habitations au Maroc,Marocaine d'approvisionnement,3,godard-l; sagot-a; toussaint-g
immobilieremaroc,marocaineentrepriseimmobilieremobiliere,Société Immobilière au Maroc,"Société Marocaine d'entreprise générale immobilière et mobilière, puis La Construction marocaine et La Construction civile",3,godard-l; hackenberger-p; roudy-a
maroc,portsmarocains,Compagnie du Maroc,Ports marocains,3,godard-l; homberg-o; laurent-atthalin-a
marocainedistributioneaugazelectricite,portsmarocains,"Société Marocaine de distribution d'eau, de gaz et d'électricité",Ports marocains,3,godard-l; laurent-atthalin-a; rebuffel-c
marocainedistributioneaugazelectricite,tramwaysautobuscasablanca,"Société Marocaine de distribution d'eau, de gaz et d'électricité",Compagnie des Tramways et autobus de Casablanca,3,atthalin; godard-l; jullien-a
marocaineentrepriseimmobilieremobiliere,portsmarocains,"Société Marocaine d'entreprise générale immobilière et mobilière, puis La Construction marocaine et La Construction civile",Ports marocains,3,godard-l; l-godard; laurent-atthalin-a
marocaineexploitationsforestieres,portsmarocains,Société Marocaine d'Exploitations forestières,Ports marocains,3,bourrellis-l; godard-l; julien
marocaineexploitationsforestieres,tramwaysautobuscasablanca,Société Marocaine d'Exploitations forestières,Compagnie des Tramways et autobus de Casablanca,3,godard-l; julien; terrier-a
moulinsmaghreb,portsmarocains,Société des Moulins du Maghreb,Ports marocains,3,godard-l; l-godard; sagot-a
chaouiamaroc,fasielectricite,Chaouïa et Maroc,Compagnie Fasi d'Électricité,3,darcy-h; jordan-p; p-jordan
banquehypothecairemaroc,creditfoncierfrancomarocain,Banque hypothécaire du Maroc,Crédit foncier franco-marocain,3,de-montgolfier-c; de-montgolfier-j; de-montgolfier-r
banquehypothecairemaroc,financierefrancomarocaine,Banque hypothécaire du Maroc,Sté financière franco-marocaine,3,de-montgolfier-c; de-montgolfier-j; de-montgolfier-r
abattoirsmunicipauxindustrielsmaroc,brasseriesmaroc,Société générale des Abattoirs municipaux et industriels au Maroc,"Société des Brasseries du Maroc, puis Boissons du Maroc",3,gompel-r; katz-m; roudy-a
brasseriesmaroc,chauxcimentsmateriauxconstructionmaroc,"Société des Brasseries du Maroc, puis Boissons du Maroc","Chaux, ciments et matériaux de construction au Maroc",3,gompel-r; katz-m; roudy-a
chauxcimentsmateriauxconstructionmaroc,eclairageforcemaroc,"Chaux, ciments et matériaux de construction au Maroc",Cie d'Éclairage et de force au Maroc,3,katz; katz-m; roudy-a
chauxcimentsmateriauxconstructionmaroc,parismaroc,"Chaux, ciments et matériaux de construction au Maroc",« Paris-Maroc »,3,gompel-p; gompel-r; katz-m
eclairageforcemaroc,moulinsmaghreb,Cie d'Éclairage et de force au Maroc,Société des Moulins du Maghreb,3,katz; katz-m; roudy-a
moulinsmaghreb,parismaroc,Société des Moulins du Maghreb,« Paris-Maroc »,3,gompel-p; gompel-r; katz-m
chauxcimentsmateriauxconstruction,etudesconstructions,"Sté anon. des chaux, ciments et matériaux de construction au",ÉTUDES et de CONSTRUCTIONS,3,gompel-p; gompel-r; katz
chauxcimentsmateriauxconstruction,moulinsmaghreb,"Sté anon. des chaux, ciments et matériaux de construction au",Société des Moulins du Maghreb,3,gompel-p; gompel-r; katz
chauxcimentsmateriauxconstruction,parismarocholdingcherifiengustavegompel,"Sté anon. des chaux, ciments et matériaux de construction au","Paris-Maroc, le holding chérifien de Gustave Gompel",3,gompel-p; gompel-r; katz
etudesconstructions,socchauxcimentsmateriauxconstructionmaroc,ÉTUDES et de CONSTRUCTIONS,"Soc. an. des CHAUX, CIMENTS et MATÉRIAUX de CONSTRUCTION au MAROC",3,gompel-p; gompel-r; katz
parismarocholdingcherifiengustavegompel,socchauxcimentsmateriauxconstructionmaroc,"Paris-Maroc, le holding chérifien de Gustave Gompel","Soc. an. des CHAUX, CIMENTS et MATÉRIAUX de CONSTRUCTION au MAROC",3,gompel-p; gompel-r; katz
agricolemaroc,banquecommercialemaroc,Société Agricole du Maroc,Banque commerciale du Maroc,3,berti-v; piot-m; roudy-a
industriellecommercialeadoursebou,tuilesbriquesceramiquesfesquartierlouajerine,Société industrielle et commerciale Adour-Sebou,"Tuiles, briques et céramiques de Fès, quartier Louajerine",3,anfossi-m; coudert-f; priou-h
banquecommercialemaroc,manutentionmarocaine,Banque commerciale du Maroc,La Manutention marocaine,3,berti-v; guerard; hersent-g
africaineateliersconstructionschwartzhautmont,autohall,Cie africaine des ateliers de construction Schwartz-Hautmont,Auto-Hall,3,berti-v; epinat-j; guillemet-p
africaineateliersconstructionschwartzhautmont,transportstourismemaroc,Cie africaine des ateliers de construction Schwartz-Hautmont,Compagnie Générale de Transports et tourisme au Maroc,3,berti-v; epinat-j; lyon-levy
africainetransports,autohall,Compagnie Africaine de Transports,Auto-Hall,3,berti-v; epinat-j; grand-p
africainetransports,franceauto,Compagnie Africaine de Transports,France-Auto,3,berti-v; epinat-j; paris-e
africainetransports,marocaineautomobiles,Compagnie Africaine de Transports,Société marocaine d'automobiles,3,berti-v; epinat-j; grand-p
africainetransports,marocaineexploitationsminieres,Compagnie Africaine de Transports,Société marocaine d'exploitations minières,3,berti-v; epinat-j; paris-e
africainetransports,transportstourismemaroc,Compagnie Africaine de Transports,Compagnie Générale de Transports et tourisme au Maroc,3,berti-v; epinat-j; grand-p
autohall,marocaineautomobiles,Auto-Hall,Société marocaine d'automobiles,3,berti-v; epinat-j; grand-p
autohall,transportstourismemaroc,Auto-Hall,Compagnie Générale de Transports et tourisme au Maroc,3,berti-v; epinat-j; grand-p
franceauto,marocaineautomobiles,France-Auto,Société marocaine d'automobiles,3,berti-v; ed-lebascle; epinat-j
franceauto,marocaineexploitationsminieres,France-Auto,Société marocaine d'exploitations minières,3,berti-v; epinat-j; paris-e
marocaineautomobiles,transportstourismemaroc,Société marocaine d'automobiles,Compagnie Générale de Transports et tourisme au Maroc,3,berti-v; epinat-j; grand-p
marocaineexploitationsminieres,marocaineexploitationsminieresbouarfa,Société marocaine d'exploitations minières,"Société Marocaine d'Exploitations minières, Bou-Arfa",3,berti-v; delattre-l; guerin-a
marocaineexploitationsminieres,marocaineexploitationsminieresbouarfaparoujda,Société marocaine d'exploitations minières,"Société marocaine d'exploitations minières, BOU-ARFA, par Oujda",3,berti-v; delattre-l; guerin-a
banquemarocaineagriculturecommerceindustrie,lyonmaroc,"Banque marocaine pour l'agriculture, le commerce et l'industrie",Lyon-Maroc,3,fouilland-a; leculier-p; pervilhac-h
banquemarocaineagriculturecommerceindustrie,syndicatmaroc,"Banque marocaine pour l'agriculture, le commerce et l'industrie",Syndicat général pour le Maroc,3,briat-f; lemperiere-h; seigle-s
fermesmarocaines,tuileriesbriqueteriesplatrierescasablanca,Sté des fermes marocaines,"Tuileries, briqueteries et plâtrières de Casablanca",3,alain-le-guales-de-mezaubran; p-guyot; pichelin-p
fermesmarocainesnantescasablanca,tuileriesbriqueteriesplatrierescasablanca,"Société des Fermes marocaines, Nantes-Casablanca","Tuileries, briqueteries et plâtrières de Casablanca",3,alain-le-guales-de-mezaubran; p-guyot; pichelin-p
magasinsgenerauxwarrantsmaroc,marocaine,Société des Magasins généraux et warrants du Maroc,Compagnie marocaine,3,ed-philippar; jourdanne-a; philippar-e
agricoletadla,cherifiennecolonisation,Société Agricole du Tadla,Compagnie Chérifienne de colonisation,3,gautier-de-charnace-c; piot; van-den-ven-p
agricoletadla,immobilierecasablanca,Société Agricole du Tadla,Société Immobilière de Casablanca,3,bassuet-m; piot; van-den-ven-p
banquecommercialemaroc,etudesmarocainescommerceagriculturemines,Banque commerciale du Maroc,"Société d'Études marocaines pour le commerce, l'agriculture et les mines",3,hersent-g; piot; piot-m
etudesmarocainescommerceagriculturemines,portfedhala,"Société d'Études marocaines pour le commerce, l'agriculture et les mines",Compagnie du Port de Fedhala,3,g-hersent; hersent-g; philippar-e
briqueteriesfedhala,francomarocainefedhala,Briqueteries de Fedhala,Compagnie Franco-Marocaine de Fedhala,3,hersent-g; hersent-j; thomas-g
briqueteriesfedhala,portfedala,Briqueteries de Fedhala,Cie du port de Fédala,3,hersent-g; hersent-j; lefevre-l
briqueteriesfedhala,portfedhala,Briqueteries de Fedhala,Compagnie du Port de Fedhala,3,hersent-g; hersent-j; thomas-g
briqueteriesfedhala,salinesfedala,Briqueteries de Fedhala,Salines de Fédala,3,hersent-g; hersent-j; lefevre-l
briqueteriesfedhala,transportsmazeres,Briqueteries de Fedhala,Transports Mazères,3,construct; hersent-g; hersent-j
briqueteriesfedhala,vulcanisationmoderne,Briqueteries de Fedhala,Vulcanisation moderne,3,construct; hersent-g; hersent-j
francomarocainefedala,francomarocainefedhala,Cie franco-marocaine de Fédala,Compagnie Franco-Marocaine de Fedhala,3,bertrand-l; hersent-g; michel-cote-c
francomarocainefedala,salinesfedala,Cie franco-marocaine de Fédala,Salines de Fédala,3,foucault-g; hersent-g; perrin-de-brichambaut-p
francomarocainefedhala,manutentionmarocaine,Compagnie Franco-Marocaine de Fedhala,La Manutention marocaine,3,chateau-de-boulaine; hersent-g; meru
francomarocainefedhala,portfedala,Compagnie Franco-Marocaine de Fedhala,Cie du port de Fédala,3,hersent-g; hersent-j; michel-cote-c
manutentionmarocaine,marocainetravauxpublics,La Manutention marocaine,Société Marocaine de Travaux publics,3,de-freycinet-h; h-de-freycinet; hersent-g
portfedala,portfedhala,Cie du port de Fédala,Compagnie du Port de Fedhala,3,hersent-g; hersent-j; michel-cote-c
portfedala,vulcanisationmoderne,Cie du port de Fédala,Vulcanisation moderne,3,fedala; hersent-g; hersent-j
salinesmaroc,valdora,Salines du Maroc,Sté anon. Valdora,3,defougere-g; duchemin-c; hersent-g
valdora,vulcanisationmoderne,Sté anon. Valdora,Vulcanisation moderne,3,fedala; hersent-g; hersent-j
cheminsfermaroc,marocaine,Compagnie des Chemins de fer du Maroc,Compagnie marocaine,3,boucard-m; caqueray-g; courcelle-j
cheminsfermaroc,portsmarocains,Compagnie des Chemins de fer du Maroc,Ports marocains,3,boucard-m; laurent-atthalin; laurent-atthalin-a
manutentionmarocaine,marocaine,La Manutention marocaine,Compagnie marocaine,3,giraud-h; h-de-freycinet; paquet
comptoirmetallurgiquemaroc,marocainedistributioneaugazelectricite,Comptoir métallurgique du Maroc,"Société Marocaine de distribution d'eau, de gaz et d'électricité",3,cabaud-c; g-pichard; pichard-g
marocaineconstructionmetallique,marocainedistributioneaugazelectricite,Société Marocaine de Construction métallique,"Société Marocaine de distribution d'eau, de gaz et d'électricité",3,exbrayat-j; g-pichard; pichard-g
marocaineconstructionmetallique,socmarocaineconstructionsmetalliques,Société Marocaine de Construction métallique,Soc. marocaine de CONSTRUCTIONS MÉTALLIQUES,3,exbrayat-j; g-pichard; grandet-h
cherifienneengraisproduitschimiques,materieltravauxagricoles,Société Chérifienne d'engrais et de produits chimiques,Cie de Matériel et de travaux agricoles,3,gradis-g; ledoux-f; massena-a
cherifienneengraisproduitschimiques,superphosphatesproduitschimiquesmaroc,Société Chérifienne d'engrais et de produits chimiques,Compagnie des Superphosphates et des produits chimiques du Maroc,3,dupont-e; ledoux-f; neveux-c
conservesmaroc,marocainebenimtir,« Les Conserves du Maroc »,Société Marocaine des Beni M'Tir,3,d-anvers-c; gradis-g; ledoux-f
fruitieremaroc,marocainebenimtir,Cie fruitière du Maroc,Société Marocaine des Beni M'Tir,3,cahen-d-anvers-c; gradis-g; ledoux-f
fruitieremaroc,materieltravauxagricoles,Cie fruitière du Maroc,Cie de Matériel et de travaux agricoles,3,cahen-d-anvers-c; gradis-g; ledoux-f
marocainebenimtir,marocainesiditaibi,Société Marocaine des Beni M'Tir,Société marocaine de Sidi Taïbi,3,cahen-d-anvers-c; gradis-g; ledoux-f
marocainebenimtir,materieltravauxagricoles,Société Marocaine des Beni M'Tir,Cie de Matériel et de travaux agricoles,3,cahen-d-anvers-c; gradis-g; ledoux-f
marocainesiditaibi,materieltravauxagricoles,Société marocaine de Sidi Taïbi,Cie de Matériel et de travaux agricoles,3,cahen-d-anvers-c; gradis-g; ledoux-f
etablissementsluchaire,magasinsgenerauxwarrantsmaroc,Établissements LUCHAIRE,Société des Magasins généraux et warrants du Maroc,3,chatel-a; lemoigne-e; loisy-x
immobilieremarrakech,sudmarocain,Société immobilière de Marrakech,Compagnie du Sud-Marocain,3,egret-a; froment-guieysse-g; lemoigne-e
magasinsgenerauxwarrantsmaroc,marocainemagasinsgeneraux,Société des Magasins généraux et warrants du Maroc,Société marocaine de magasins généraux,3,grillot-a; jourdanne-a; lebon-p
conservesfedalasardineriecascadec,salinesfedala,Société anon. de Conserves de Fédala Sardinerie Cascadec,Salines de Fédala,3,foucault-g; hersent-j; perrin-de-brichambaut-p
entrepotsfrigorifiquesafriquenord,portfedala,Société des Entrepôts frigorifiques de l'Afrique du Nord,Cie du port de Fédala,3,defougere-g; hersent-j; perrin-de-brichambaut-p
cherifienneengraisproduitschimiques,groupemarocainetudeentreprises,Société Chérifienne d'engrais et de produits chimiques,Groupe marocain d'étude et d'entreprises,3,gradis-g; massena-a; prince-d-essling
grandsbazarsmarocains,mobiliereimmobilierefrancomarocaine,Grands bazars marocains,Société mobilière et immobilière franco-marocaine,3,maarec-e; massena-a; s-ettedgui-i
grandsbazarsmarocains,parfumerieparisfiorquartieriatffoctobre,Grands bazars marocains,"Sté de parfumerie Paris-FIor, quartier de Ia T. S. F. — Sté an., f. le octobre",3,maarec-e; massena-a; s-ettedgui-i
grandsbazarsmarocains,parisflor,Grands bazars marocains,Paris-Flor,3,maarec-e; massena-a; s-ettedgui-i
groupemarocainetudesentreprises,moulinsmaghreb,Groupe marocain d'études et d'entreprises,Société des Moulins du Maghreb,3,massena-a; murat; sorbe-e
materieltravauxagricoles,moulinsmaghreb,Cie de Matériel et de travaux agricoles,Société des Moulins du Maghreb,3,massena-a; murat; prince-ch-murat
groupemarocainetudeentreprises,transportsmazeres,Groupe marocain d'étude et d'entreprises,Transports Mazères,3,gradis-g; murat-c; trincaud-latour-j
groupemarocainetudeentreprises,vulcanisationmoderne,Groupe marocain d'étude et d'entreprises,Vulcanisation moderne,3,gradis-g; murat-c; trincaud-latour-j
materieltravauxagricoles,miroiteriemaroc,Cie de Matériel et de travaux agricoles,Miroiterie générale du Maroc,3,murat; murat-c; prince-ch-murat
caissepretsimmobiliersmaroc,marocaine,Caisse de prêts immobiliers du Maroc,Compagnie marocaine,3,jourdanne-a; philippar-e; renaudin-l
marocaine,porttanger,Compagnie marocaine,Société du Port de Tanger,3,caqueray-g; courcelle-j; philippar-e
cheminsfermaroc,idem1948,Compagnie des Chemins de fer du Maroc,Idem 1948,3,ardoin-p; ferasson-l; margot-m
frsepetrolesmaroc,petrolesmaroc,Cie frse des PÉTROLES du MAROC,Compagnie Française des Pétroles du Maroc,3,danset-m; de-breteuil; laroche-h
cherifienneenergie,energieelectriquemaroc,Société chérifienne d'énergie,Énergie électrique du Maroc,3,ardoin-p; bourrellis-l; julien-m
eclairageforcemaroc,entreprisesmaroc,Cie d'Éclairage et de force au Maroc,Sté générale d'entreprises au Maroc,3,bourrellis-l; jahan-l; l-bourrellis
eclairageforcemaroc,marocaineeclairageforcemotrice,Cie d'Éclairage et de force au Maroc,Cie marocaine d'éclairage et de force motrice,3,bourrellis-l; katz; meyer
energieelectriquemaroc,habitationsmaroc,Énergie électrique du Maroc,Société d'Habitations au Maroc,3,bourrellis-l; electrique-du-maroc-e; porche-g
entreprisesmaroc,habitationsmaroc,Sté générale d'entreprises au Maroc,Société d'Habitations au Maroc,3,bourrellis-l; l-bourrellis; sagot-a
marocaineexploitationsagricoles,portsmarocains,Société marocaine d'exploitations agricoles,Ports marocains,3,bourrellis-l; fougerolle-p; rebuffel-c
foncieremarocaine,industriellemarocaine,Société Foncière Marocaine,Société Industrielle marocaine,3,buhot-h; delpech-j; estier-h
marocainemagasinsgeneraux,tramwaysautobuscasablanca,Société marocaine de magasins généraux,Compagnie des Tramways et autobus de Casablanca,3,gendre-e; grillot-a; jahan-l
agricolenordafricain,directioncasablanca,Société Agricole du Nord-Africain,Direction à Casablanca,3,hustache-f; massenet-a; massenet-m
agricolenordafricain,marocaineexplosifsaccessoiresmines,Société Agricole du Nord-Africain,Sté marocaine d'explosifs et d'accessoires de mines,3,hustache-f; massenet-a; massenet-m
comptoirminesgrandstravauxmaroc,directioncasablanca,Comptoir des mines et des grands travaux du Maroc,Direction à Casablanca,3,massenet-a; massenet-m; schmerber-h
brasseriesmaroc,culturesindustriellesmaroc,"Société des Brasseries du Maroc, puis Boissons du Maroc",Société de Cultures industrielles au Maroc,3,bonan-f; gradis-g; orcel-j
brasseriesmaroc,industriellepetrolesmaroc,"Société des Brasseries du Maroc, puis Boissons du Maroc",Compagnie Industrielle des Pétroles au Maroc,3,gaston-dreyfus-banquier; gaston-dreyfus-r; orcel-j
brasseriesnordmarocain,fruitieremaroc,Société des Brasseries du Nord-Marocain,Cie fruitière du Maroc,3,gaston-dreyfus-r; gradis-g; orcel-j
comptoirmaroc,culturesindustriellesmaroc,Comptoir français du Maroc,Société de Cultures industrielles au Maroc,3,bonan-f; gradis-g; orcel-j
comptoirmaroc,fruitieremaroc,Comptoir français du Maroc,Cie fruitière du Maroc,3,bonan-f; gradis-g; orcel-j
minesmaroc,socminesmaroc,Société Française des Mines du Maroc,Soc. française des MINES du MAROC,3,champin-l; e-merigeault; vincent-a
entreprisesmaroc,portsmarocainsmehedyakenitrarabatsale,Sté générale d'entreprises au Maroc,Société des Ports marocains de Mehedya-Kenitra et Rabat-Salé,3,dayde-h; ph-fougerolle; rebuffel-c
entreprisesmaroc,portsmarocainsmehedyakenitrasalerabat,Sté générale d'entreprises au Maroc,"Société des ports marocains de Méhédya-Kénitra, Salé et Rabat",3,dayde-h; ph-fougerolle; rebuffel-c
entreprisemaritimecommerciale,foncieremarocaine,L'Entreprise maritime et commerciale,Société Foncière Marocaine,3,estier-f; estier-h; zafiropulo-d
foncieremarocaine,foncieremarococcidental,Société Foncière Marocaine,Société Foncière du Maroc Occidental,3,delpech-j; estier-h; valayer-p
asiatiqueafricaine,foncieremarocaine,Compagnie Asiatique et africaine,Société Foncière Marocaine,3,delpech-j; estier-f; valayer-p
asiatiqueafricaine,unioncommercialeindochinoiseafricaine,Compagnie Asiatique et africaine,L'Union commerciale indochinoise et africaine,3,delpech-j; estier-f; hecquet-g
foncieremarocaine,unioncommercialeindochinoiseafricaine,Société Foncière Marocaine,L'Union commerciale indochinoise et africaine,3,delpech-j; estier-f; lacaze-m
etudes,etudeshautguir,"Société d'études, puis Société minière du Haut-Guir",Sté d'études du Haut-Guir,3,beigbeder-d; carbonel-e; harris-w
comptoirmetallurgiquemaroc,internationaleetudestravauxmaroc,Comptoir métallurgique du Maroc,Société Internationale d'Études et de travaux au Maroc,3,delaitre; pezieux-a; pichard-g
lyonnaisesebou,soclyonnaisesebou,Société Lyonnaise du Sebou,Soc. lyonnaise du SEBOU,3,isaac-m; riboud-l; savigny-p
omniumentreprises,portsmarocainsmehedyakenitrarabatsale,Omnium d'entreprises,Société des Ports marocains de Mehedya-Kenitra et Rabat-Salé,3,chagnaud-l; galtier-a; marchal
fermessegmet,marocaine,Société des fermes du Segmet,Compagnie marocaine,3,feray-j; h-villiers; villiers-h
agricolemaroc,cherifiennecolonisation,Société Agricole du Maroc,Compagnie Chérifienne de colonisation,3,lepel-cointet; lepel-cointet-g; piot-m
agricolemaroc,immobilierecasablanca,Société Agricole du Maroc,Société Immobilière de Casablanca,3,lepel-cointet; lepel-cointet-g; piot-m
foncierecasablanca,foncierecasablanca3,Société Foncière de Casablanca,Sté foncière de Casablanca 3,3,hornung-j; piot-m; verdet-h
marocaine,rharbkhlot,Compagnie marocaine,Rharb et Khlot,3,fabry-r; g-de-caqueray; h-villiers
entreprisemaritimecommerciale,marocaine,L'Entreprise maritime et commerciale,Compagnie marocaine,3,fabry-r; giraud-h; jourdanne-a
francomarocaineoufrancomarocaine,immobilieretanger,Société Franco-Marocaine ou Société franco-marocaine,Société Immobilière de Tanger,3,fliche-g; g-fliche; h-tavernier
bonlogis,foncieremaroc,Le Bon Logis,Société Foncière Française au Maroc,3,clynans-p; hornung-j; vauthier-j
leoncegiraud,naphtesrhrabcentral,Léonce Giraud,Sté des naphtes du Rhrab central,3,epicerie; import; tissus
agencefrance,autohall,Agence en France,Auto-Hall,3,epinat-j; grand-p; guillemet-p
agencefrance,prospectionetudesminieresmaroc,Agence en France,Société de prospection et d'études minières au Maroc,3,epinat-j; grand-p; mourgnot-p
agencefrance,tifnouttiranimine,Agence en France,Cie de Tifnout-Tiranimine,3,epinat-j; grand-p; mourgnot-p
agencefrance,transportstourismemaroc,Agence en France,Compagnie Générale de Transports et tourisme au Maroc,3,epinat-j; grand-p; lyon-levy
omniumnordafricain,tifnouttiranimine,Omnium nord-africain,Cie de Tifnout-Tiranimine,3,epinat-j; grand-p; mourgnot-p
prospectionetudesminieresmaroc,tifnouttiranimine,Société de prospection et d'études minières au Maroc,Cie de Tifnout-Tiranimine,3,epinat-j; grand-p; mourgnot-p
commercialeimmobilieremaroc,marocaineainsikh,Société Commerciale et Immobilière au Maroc,Societe marocaine d Aïn-Sikh,3,cavroy-j; chiris-g; forgeot-a
bonlogis,industrielleagricolemarrakech,Le Bon Logis,Société industrielle et agricole de Marrakech,3,coppee-e; orts-p; vauthier-j
energieelectriquemaroc,marocaine,Énergie électrique du Maroc,Compagnie marocaine,3,caqueray-g; courcelle-j; laroche-c
cheminsfermaroc,sucrieremarocaine,Compagnie des Chemins de fer du Maroc,Compagnie Sucrière Marocaine,3,courcelle-j; guerin-a; laurent-atthalin-a
brasseriesmaroc,creditmarocain,"Société des Brasseries du Maroc, puis Boissons du Maroc",Crédit marocain,3,gradis-g; monnier-c; sicot-l
brasseriesnordmarocain,creditmarocain,Société des Brasseries du Nord-Marocain,Crédit marocain,3,gradis-g; monnier-c; sicot-l
approvisionnement,moulinsmaghreb,Société anonyme nouvelle d'approvisionnement,Société des Moulins du Maghreb,3,fabre-c; sagot-a; toussaint-g
approvisionnement,pecheriesconservesalimentaires,Société anonyme nouvelle d'approvisionnement,Société anonyme de pêcheries et conserves alimentaires,3,geraud-l; sagot-a; toussaint-g
automobilemarocaine,etablbozzibaudin,Générale automobile marocaine,Établ. Bozzi et Baudin,3,chateau-g; epinat-j; toussaint-g
automobilemarocaine,omniumnordafricain,Générale automobile marocaine,Omnium nord-africain,3,epinat-j; lebascle-e; toussaint-g
franceauto,omniumnordafricain,France-Auto,Omnium nord-africain,3,epinat-j; paris-e; toussaint-g
marocaineapprovisionnement,pecheriesconservesalimentaires,Marocaine d'approvisionnement,Société anonyme de pêcheries et conserves alimentaires,3,geraud-l; sagot-a; toussaint-g
immobiliereagricolemarocaine,marocaineboismateriauxconstruction,Société Immobiliere et Agricole Marocaine,Société marocaine des bois et matériaux de Construction,3,chomel-m; goullioud-h; thomasset-p
immobiliereagricolemarocaine,marocaineimmobilieredarelbeida,Société Immobiliere et Agricole Marocaine,Société marocaine Immobilière Dar el Beida,3,chateau-de-jeu; goullioud-h; menou-j
marocaineboismateriauxconstruction,marocaineimmobilieredarelbeida,Société marocaine des bois et matériaux de Construction,Société marocaine Immobilière Dar el Beida,3,darcel-a; goullioud-h; thomasset-j
marocaineimmobilieredarbeida,marocaineimmobilieredarelbeida,Société marocaine immobilière « Dar et Beida »,Société marocaine Immobilière Dar el Beida,3,goullioud-h; granier-g; thomasset-j
marocaineexploitationsminieres,omniumnordafricain,Société marocaine d'exploitations minières,Omnium nord-africain,3,epinat-j; hentschel-a; paris-e
minierebouazzergraara,minieremaroc,Société minière du Bou-Azzer et du Graâra,Compagnie Minière du Maroc,3,demnati-l; epinat-j; mourgnot-p
minierebouazzergraara,prospectionetudesminieresmaroc,Société minière du Bou-Azzer et du Graâra,Société de prospection et d'études minières au Maroc,3,epinat-j; mourgnot-p; paris-e
elevagemeknesagouraiparmeknes,unionovineafriquenord,"Société d'élevage de Meknès, AGOURAI, par Meknès",Union ovine de l'Afrique du Nord,3,laine-l; lallour-m; paitel-g
centralemarocaine,liegesmamora,Société Centrale marocaine,"Société des Lièges de la Mamora, puis Compagnie de la Mamora",3,cavelier-m; delcourt-e; vaulchier-a
immobilierenordmarocain,merinosmarocain,Société Immobilière du Nord-Marocain,Le Mérinos marocain,3,faure-c; ortal-g; paitel-g
merinosmarocain,olivettesmarocaines,Le Mérinos marocain,Les Olivettes marocaines,3,faure-c; ortal-g; paitel-g
merinosmarocain,olivettesnordmarocain,Le Mérinos marocain,Olivettes du Nord marocain,3,faure-c; ortal-g; paitel-g
chomel,conservesmazagan,Chomel et Cie,Conserves de Mazagan,3,descas-r; ginestet-f; thevenot-h
fermessegmet,marocainevinicole,Société des fermes du Segmet,Compagnie marocaine vinicole,3,guillemet-p; h-villiers; restany-p
liantsmateriauxmaroc,marocainebois,Liants et matériaux du Maroc,« La Marocaine des bois »,3,estors-g; freres-l; sicre-a
etablissementslyonnaismaroc,sadelam,Société anon. des Établissements lyonnais au Maroc,« Sadelam »,3,bayle-a; mollard-f; mollard-h
cherifienneetablissementsmory,marocainepetrolesmory,Société Chérifienne des Établissements Mory et Cie,Société marocaine des pétroles Mory,3,granier-deferre-h; masset-e; mory-g
fasielectricite,hydrauliqueafrique,Compagnie Fasi d'Électricité,L'Hydraulique-Afrique,3,bonfils-m; jullien-a; thuillier-j
fasielectricite,marocaineapplicationselectriques,Compagnie Fasi d'Électricité,Société marocaine d'applications électriques,3,bonfils-m; koechlin-j; thuillier-j
hydrauliqueafrique,marocainedistributioneaugazelectricite,L'Hydraulique-Afrique,"Société Marocaine de distribution d'eau, de gaz et d'électricité",3,bonfils-m; jullien-a; thuillier-j
marocaineapplicationselectriques,marocainedistributioneaugazelectricite,Société marocaine d'applications électriques,"Société Marocaine de distribution d'eau, de gaz et d'électricité",3,bonfils-m; guerin-a; thuillier-j
cheminsfermarocoriental,cherifiennepetroles,Compagnie des Chemins de fer de du Maroc oriental,Société Chérifienne des Pétroles,3,ferasson-l; guerin-a; le-trocquer-y
cherifienneenergie,cherifiennepetroles,Société chérifienne d'énergie,Société Chérifienne des Pétroles,3,guerin-a; julien-m; radiguer-c
cherifiennepetroles,marocaineapplicationselectriques,Société Chérifienne des Pétroles,Société marocaine d'applications électriques,3,guerin-a; julien-m; radiguer-c
cherifiennepetroles,minesbouarfa,Société Chérifienne des Pétroles,Société des Mines de Bou-Arfa,3,ferasson-l; guerin-a; le-trocquer-y
omniumnordafricain,penarroyamaroc,Omnium nord-africain,Peñarroya-Maroc ),3,aguillon-j; getten-p; pagezy-h
nordafricaineventespubliques,unionovineafriquenord,Société Nord-Africaine de Ventes publiques,Union ovine de l'Afrique du Nord,3,dubrulle-m; koenig-f; lallour-m
idem1948,marocaineexploitationsminieresbouarfa,Idem 1948,"Société Marocaine d'Exploitations minières, Bou-Arfa",3,delattre-l; delgua-a; ferasson-l
idem1948,marocaineexploitationsminieresbouarfaparoujda,Idem 1948,"Société marocaine d'exploitations minières, BOU-ARFA, par Oujda",3,delattre-l; delgua-a; ferasson-l
idem1948,minesbouarfa,Idem 1948,Société des Mines de Bou-Arfa,3,ardoin-p; delgua-a; ferasson-l
charbonnagesnordafricains,cherifiennepetroles,Charbonnages nord-africains,Société Chérifienne des Pétroles,3,harroy-j; mauchausse-p; perot-f
minescuivredjebilet,minescuivredjebiletparcorinnekrouck,Société des mines de cuivre de Djebilet,Société des Mines de cuivre des Djebilet par Corinne Krouck et A.L.,3,busset-f; claus-g; mayer-g
metauxproduitschimiques,minieregundafa,Métaux et produits chimiques,Société minière des Gundafa,3,berger-h; berger-v; nenard-r
metauxproduitschimiques,minieresmala,Métaux et produits chimiques,Société minière des Smala,3,berger-h; berger-v; nenard-r
minieregundafa,minieresmala,Société minière des Gundafa,Société minière des Smala,3,berger-h; berger-v; nenard-r
financierefes,immobilierefes,Société financière de Fès,Société Immobilière de Fès,3,germain-martin-p; jacobs-a; provot-g
constructionimmeublesmaroc,placementimmobiliermaroc,Société de construction d'immeubles au Maroc,Société de placement immobilier au Maroc,3,bompard-j; general-appiano-i; sabatier-j
marocaineconstructionmetallique,marocaineconstructionsmetalliques,Société Marocaine de Construction métallique,Société marocaine de constructions métalliques,3,barbie-j; pietri-s; roustan-m
industriellemarbresouvres,marocaineaffretementconsignationtransitcasablancaportlyautey,Société industrielle des marbres ouvrés,"Société Marocaine d'Affrètement, de consignation et de transit, Casablanca, Port-Lyautey",3,bigard-l; trichet-l; untz-b-o-m-r
marocainecommerceindustriecereales,mazagan,Sté marocaine de commerce et d'industrie des céréales,Mazagan),3,edouard; fiol-j; fradin-c
mazagan,moulinsmazagan,Mazagan),"Société des Moulins de Mazagan, puis Société marocaine industrielle et commerciale",3,edouard; fiol-j; fradin-c
charfa,cherifienneemballagespapier,Société « La Charfa »,Cie chérifienne d'emballages en papier,3,bordat-r; jouet-pastre-h; lugat-p
nordafricaineentreprises,socnordafricaineentreprises,Société Nord-Africaine d'Entreprises,Soc. Nord-Africaine d'ENTREPRISES,3,bertheaume-p; gaudin-de-lagrange-l; leplus-p
etablissementsluchaire,soctravauxpublicsconstructionscimentarme,Établissements LUCHAIRE,Soc. de TRAVAUX PUBLICS et de CONSTRUCTIONS en CIMENT ARMÉ,3,barcelone; constantinople; lisbonne
banqueetatmaroc,soctravauxpublicsconstructionscimentarme,Banque d'État du Maroc,Soc. de TRAVAUX PUBLICS et de CONSTRUCTIONS en CIMENT ARMÉ,3,amsterdam; ec-l; lisbonne
marocaineagricolejacma,marocainescieriesatlas,Société marocaine agricole du Jacma,Société marocaine des Scieries de l'Atlas,3,bernard-j; rappel-l; riotteau-c
abattoirsmunicipauxindustrielsmaroc,agricolezemmours,Société générale des Abattoirs municipaux et industriels au Maroc,Société agricole des Zemmours,2,atthalin-a; roudy-a
abattoirsmunicipauxindustrielsmaroc,cheminsfermarocoriental,Société générale des Abattoirs municipaux et industriels au Maroc,Compagnie des Chemins de fer de du Maroc oriental,2,atthalin-a; roudy-a
abattoirsmunicipauxindustrielsmaroc,distributioneau,Société générale des Abattoirs municipaux et industriels au Maroc,DISTRIBUTION D'EAU,2,atthalin-a; godard-l
abattoirsmunicipauxindustrielsmaroc,distributioneaugazelectricite,Société générale des Abattoirs municipaux et industriels au Maroc,"DISTRIBUTION D'EAU, DE GAZ ET D'ÉLECTRICITÉ",2,atthalin-a; godard-l
abattoirsmunicipauxindustrielsmaroc,entreprisesmaroc,Société générale des Abattoirs municipaux et industriels au Maroc,Sté générale d'entreprises au Maroc,2,atthalin-a; braunschvig-g
abattoirsmunicipauxindustrielsmaroc,tabacsmaroc,Société générale des Abattoirs municipaux et industriels au Maroc,Tabacs au Maroc,2,atthalin-a; roudy-a
abattoirsmunicipauxmaroc,distributioneau,Sté générale des abattoirs municipaux au Maroc,DISTRIBUTION D'EAU,2,atthalin-a; godard-l
abattoirsmunicipauxmaroc,distributioneaugazelectricite,Sté générale des abattoirs municipaux au Maroc,"DISTRIBUTION D'EAU, DE GAZ ET D'ÉLECTRICITÉ",2,atthalin-a; godard-l
abattoirsmunicipauxmaroc,entreprisesmaroc,Sté générale des abattoirs municipaux au Maroc,Sté générale d'entreprises au Maroc,2,atthalin-a; braunschvig-g
abattoirsmunicipauxmaroc,maroc,Sté générale des abattoirs municipaux au Maroc,Compagnie du Maroc,2,atthalin-a; godard-l
abattoirsmunicipauxmaroc,marocainedistributioneaugazelectricite,Sté générale des abattoirs municipaux au Maroc,"Société Marocaine de distribution d'eau, de gaz et d'électricité",2,atthalin-a; godard-l
agricolezemmours,cheminsfermarocoriental,Société agricole des Zemmours,Compagnie des Chemins de fer de du Maroc oriental,2,atthalin-a; roudy-a
agricolezemmours,entreprisesmaroc,Société agricole des Zemmours,Sté générale d'entreprises au Maroc,2,atthalin-a; sagot-a
agricolezemmours,fasielectricite,Société agricole des Zemmours,Compagnie Fasi d'Électricité,2,atthalin-a; roudy-a
agricolezemmours,maroc,Société agricole des Zemmours,Compagnie du Maroc,2,atthalin-a; roudy-a
agricolezemmours,marocainedistributioneaugazelectricite,Société agricole des Zemmours,"Société Marocaine de distribution d'eau, de gaz et d'électricité",2,atthalin-a; roudy-a
agricolezemmours,marocaineentrepriseimmobilieremobiliere,Société agricole des Zemmours,"Société Marocaine d'entreprise générale immobilière et mobilière, puis La Construction marocaine et La Construction civile",2,atthalin-a; roudy-a
agricolezemmours,tabacsmaroc,Société agricole des Zemmours,Tabacs au Maroc,2,atthalin-a; roudy-a
banqueetatmaroc,huileriesmaghreb,Banque d'État du Maroc,Société des Huileries du Maghreb,2,atthalin-a; luret-e
banqueetatmaroc,marocainedistributioneaugazelectricite,Banque d'État du Maroc,"Société Marocaine de distribution d'eau, de gaz et d'électricité",2,atthalin-a; laurent-atthalin-a
banqueetatmaroc,marocaineentrepriseimmobilieremobiliere,Banque d'État du Maroc,"Société Marocaine d'entreprise générale immobilière et mobilière, puis La Construction marocaine et La Construction civile",2,atthalin-a; laurent-atthalin-a
caissepretsimmobiliersmaroc,cheminsfermaroc,Caisse de prêts immobiliers du Maroc,Compagnie des Chemins de fer du Maroc,2,atthalin-a; laurent-atthalin-a
caissepretsimmobiliersmaroc,energieelectriquemaroc,Caisse de prêts immobiliers du Maroc,Énergie électrique du Maroc,2,atthalin-a; laurent-atthalin-a
caissepretsimmobiliersmaroc,fasielectricite,Caisse de prêts immobiliers du Maroc,Compagnie Fasi d'Électricité,2,atthalin-a; renaudin-l
caissepretsimmobiliersmaroc,maroc,Caisse de prêts immobiliers du Maroc,Compagnie du Maroc,2,atthalin-a; laurent-atthalin-a
caissepretsimmobiliersmaroc,marocainedistributioneaugazelectricite,Caisse de prêts immobiliers du Maroc,"Société Marocaine de distribution d'eau, de gaz et d'électricité",2,atthalin-a; laurent-atthalin-a
caissepretsimmobiliersmaroc,marocaineentrepriseimmobilieremobiliere,Caisse de prêts immobiliers du Maroc,"Société Marocaine d'entreprise générale immobilière et mobilière, puis La Construction marocaine et La Construction civile",2,atthalin-a; laurent-atthalin-a
caissepretsimmobiliersmaroc,sebou,Caisse de prêts immobiliers du Maroc,Compagnie du Sebou,2,atthalin-a; philippar-e
caissepretsimmobiliersmaroc,tabacsmaroc,Caisse de prêts immobiliers du Maroc,Tabacs au Maroc,2,atthalin-a; laurent-atthalin-a
cheminfertangerfez,energieelectriquemaroc,Chemin de fer Tanger-Fez,Énergie électrique du Maroc,2,atthalin-a; heurteau-e
cheminfertangerfez,maroc,Chemin de fer Tanger-Fez,Compagnie du Maroc,2,atthalin-a; crozier-p
cheminsfermaroc,entreprisesmaroc,Compagnie des Chemins de fer du Maroc,Sté générale d'entreprises au Maroc,2,atthalin-a; cordier-g
cheminsfermaroc,francomarocaine,Compagnie des Chemins de fer du Maroc,Société Générale Franco-Marocaine,2,atthalin; atthalin-a
cheminsfermaroc,marocaineentrepriseimmobilieremobiliere,Compagnie des Chemins de fer du Maroc,"Société Marocaine d'entreprise générale immobilière et mobilière, puis La Construction marocaine et La Construction civile",2,atthalin-a; laurent-atthalin-a
cheminsfermarocoriental,constructioncivile,Compagnie des Chemins de fer de du Maroc oriental,Construction civile,2,atthalin-a; roudy-a
cheminsfermarocoriental,fasielectricite,Compagnie des Chemins de fer de du Maroc oriental,Compagnie Fasi d'Électricité,2,atthalin-a; roudy-a
cheminsfermarocoriental,maroc,Compagnie des Chemins de fer de du Maroc oriental,Compagnie du Maroc,2,atthalin-a; roudy-a
cheminsfermarocoriental,marocaineentrepriseimmobilieremobiliere,Compagnie des Chemins de fer de du Maroc oriental,"Société Marocaine d'entreprise générale immobilière et mobilière, puis La Construction marocaine et La Construction civile",2,atthalin-a; roudy-a
cheminsfermarocoriental,tabacsmaroc,Compagnie des Chemins de fer de du Maroc oriental,Tabacs au Maroc,2,atthalin-a; roudy-a
constructioncivile,distributioneau,Construction civile,DISTRIBUTION D'EAU,2,atthalin-a; godard-l
constructioncivile,distributioneaugazelectricite,Construction civile,"DISTRIBUTION D'EAU, DE GAZ ET D'ÉLECTRICITÉ",2,atthalin-a; godard-l
constructioncivile,sebou,Construction civile,Compagnie du Sebou,2,atthalin-a; godard-l
constructioncivile,socgenabattoirsmunicipauxindustrielsmaroc,Construction civile,Soc. gén. des ABATTOIRS MUNICIPAUX ET INDUSTRIELS AU MAROC,2,atthalin-a; braunschvig-g
constructioncivile,tabacsmaroc,Construction civile,Tabacs au Maroc,2,atthalin-a; roudy-a
distributioneau,energieelectriquemaroc,DISTRIBUTION D'EAU,Énergie électrique du Maroc,2,atthalin-a; petsche-a
distributioneau,huileriesmaghreb,DISTRIBUTION D'EAU,Société des Huileries du Maghreb,2,atthalin-a; godard-l
distributioneau,maroc,DISTRIBUTION D'EAU,Compagnie du Maroc,2,atthalin-a; godard-l
distributioneau,marocaineentrepriseimmobilieremobiliere,DISTRIBUTION D'EAU,"Société Marocaine d'entreprise générale immobilière et mobilière, puis La Construction marocaine et La Construction civile",2,atthalin-a; godard-l
distributioneau,moulinsmaghreb,DISTRIBUTION D'EAU,Société des Moulins du Maghreb,2,atthalin-a; godard-l
distributioneau,sebou,DISTRIBUTION D'EAU,Compagnie du Sebou,2,atthalin-a; godard-l
distributioneaugazelectricite,fasielectricite,"DISTRIBUTION D'EAU, DE GAZ ET D'ÉLECTRICITÉ",Compagnie Fasi d'Électricité,2,atthalin-a; godard-l
distributioneaugazelectricite,huileriesmaghreb,"DISTRIBUTION D'EAU, DE GAZ ET D'ÉLECTRICITÉ",Société des Huileries du Maghreb,2,atthalin-a; godard-l
distributioneaugazelectricite,maroc,"DISTRIBUTION D'EAU, DE GAZ ET D'ÉLECTRICITÉ",Compagnie du Maroc,2,atthalin-a; godard-l
distributioneaugazelectricite,marocaineentrepriseimmobilieremobiliere,"DISTRIBUTION D'EAU, DE GAZ ET D'ÉLECTRICITÉ","Société Marocaine d'entreprise générale immobilière et mobilière, puis La Construction marocaine et La Construction civile",2,atthalin-a; godard-l
distributioneaugazelectricite,moulinsmaghreb,"DISTRIBUTION D'EAU, DE GAZ ET D'ÉLECTRICITÉ",Société des Moulins du Maghreb,2,atthalin-a; godard-l
distributioneaugazelectricite,sebou,"DISTRIBUTION D'EAU, DE GAZ ET D'ÉLECTRICITÉ",Compagnie du Sebou,2,atthalin-a; godard-l
energieelectriquemaroc,francomarocaine,Énergie électrique du Maroc,Société Générale Franco-Marocaine,2,atthalin-a; bourrellis-l
energieelectriquemaroc,marocaineentrepriseimmobilieremobiliere,Énergie électrique du Maroc,"Société Marocaine d'entreprise générale immobilière et mobilière, puis La Construction marocaine et La Construction civile",2,atthalin-a; laurent-atthalin-a
entreprisesmaroc,huileriesmaghreb,Sté générale d'entreprises au Maroc,Société des Huileries du Maghreb,2,atthalin-a; braunschvig-g
entreprisesmaroc,marocainedistributioneaugazelectricite,Sté générale d'entreprises au Maroc,"Société Marocaine de distribution d'eau, de gaz et d'électricité",2,atthalin-a; rebuffel-c
entreprisesmaroc,moulinsmaghreb,Sté générale d'entreprises au Maroc,Société des Moulins du Maghreb,2,atthalin-a; sagot-a
entreprisesmaroc,sebou,Sté générale d'entreprises au Maroc,Compagnie du Sebou,2,atthalin-a; bourrellis-l
entreprisesmaroc,socgenabattoirsmunicipauxindustrielsmaroc,Sté générale d'entreprises au Maroc,Soc. gén. des ABATTOIRS MUNICIPAUX ET INDUSTRIELS AU MAROC,2,atthalin-a; braunschvig-g
explosifs,marocaineentrepriseimmobilieremobiliere,Société générale d'explosifs,"Société Marocaine d'entreprise générale immobilière et mobilière, puis La Construction marocaine et La Construction civile",2,atthalin-a; l-godard
explosifs,moulinsmaghreb,Société générale d'explosifs,Société des Moulins du Maghreb,2,atthalin-a; l-godard
fasielectricite,huileriesmaghreb,Compagnie Fasi d'Électricité,Société des Huileries du Maghreb,2,atthalin-a; godard-l
fasielectricite,internationaleregiecointeresseetabacsmaroc,Compagnie Fasi d'Électricité,Société internationale de régie co-intéressée des Tabacs au Maroc,2,atthalin-a; jullien-a
fasielectricite,porttanger,Compagnie Fasi d'Électricité,Société du Port de Tanger,2,atthalin-a; lebon-a
fasielectricite,sebou,Compagnie Fasi d'Électricité,Compagnie du Sebou,2,atthalin-a; godard-l
fasielectricite,socgenabattoirsmunicipauxindustrielsmaroc,Compagnie Fasi d'Électricité,Soc. gén. des ABATTOIRS MUNICIPAUX ET INDUSTRIELS AU MAROC,2,atthalin-a; jordan-p
fasielectricite,tabacsmaroc,Compagnie Fasi d'Électricité,Tabacs au Maroc,2,atthalin-a; roudy-a
francoespagnolecheminfertangerfez,portsmarocainsmehedyaportlyautey,Compagnie franco-espagnole du Chemin de fer de Tanger à Fez,Société des ports marocains de Méhédya-Port-Lyautey et,2,atthalin-a; homberg-o
francoespagnolecheminfertangerfez,sebou,Compagnie franco-espagnole du Chemin de fer de Tanger à Fez,Compagnie du Sebou,2,atthalin-a; griolet-g
francoespagnolecheminfertangerfez,tabacsmaroc,Compagnie franco-espagnole du Chemin de fer de Tanger à Fez,Tabacs au Maroc,2,atthalin-a; moreau-e
francomarocaine,marocainedistributioneaugazelectricite,Société Générale Franco-Marocaine,"Société Marocaine de distribution d'eau, de gaz et d'électricité",2,atthalin; atthalin-a
francomarocaine,moulinsmaghreb,Société Générale Franco-Marocaine,Société des Moulins du Maghreb,2,atthalin; atthalin-a
francomarocaine,sebou,Société Générale Franco-Marocaine,Compagnie du Sebou,2,atthalin-a; bourrellis-l
francomarocaine,tabacsmaroc,Société Générale Franco-Marocaine,Tabacs au Maroc,2,atthalin; atthalin-a
huileriesmaghreb,marocainedistributioneaugazelectricite,Société des Huileries du Maghreb,"Société Marocaine de distribution d'eau, de gaz et d'électricité",2,atthalin-a; godard-l
maroc,portsmarocainsmehedyaportlyautey,Compagnie du Maroc,Société des ports marocains de Méhédya-Port-Lyautey et,2,atthalin-a; homberg-o
maroc,porttanger,Compagnie du Maroc,Société du Port de Tanger,2,atthalin-a; laurent-atthalin-a
marocainedistributioneaugazelectricite,portsmarocainsmehedyaportlyautey,"Société Marocaine de distribution d'eau, de gaz et d'électricité",Société des ports marocains de Méhédya-Port-Lyautey et,2,atthalin-a; rebuffel-c
marocainedistributioneaugazelectricite,porttanger,"Société Marocaine de distribution d'eau, de gaz et d'électricité",Société du Port de Tanger,2,atthalin-a; laurent-atthalin-a
marocainedistributioneaugazelectricite,sebou,"Société Marocaine de distribution d'eau, de gaz et d'électricité",Compagnie du Sebou,2,atthalin-a; godard-l
marocaineentrepriseimmobilieremobiliere,porttanger,"Société Marocaine d'entreprise générale immobilière et mobilière, puis La Construction marocaine et La Construction civile",Société du Port de Tanger,2,atthalin-a; laurent-atthalin-a
marocaineentrepriseimmobilieremobiliere,sebou,"Société Marocaine d'entreprise générale immobilière et mobilière, puis La Construction marocaine et La Construction civile",Compagnie du Sebou,2,atthalin-a; godard-l
marocaineentrepriseimmobilieremobiliere,socgenabattoirsmunicipauxindustrielsmaroc,"Société Marocaine d'entreprise générale immobilière et mobilière, puis La Construction marocaine et La Construction civile",Soc. gén. des ABATTOIRS MUNICIPAUX ET INDUSTRIELS AU MAROC,2,atthalin-a; braunschvig-g
moulinsmaghreb,porttanger,Société des Moulins du Maghreb,Société du Port de Tanger,2,atthalin-a; caqueray-g
portsmarocainsmehedyaportlyautey,sebou,Société des ports marocains de Méhédya-Port-Lyautey et,Compagnie du Sebou,2,atthalin-a; bourrellis-l
porttanger,sebou,Société du Port de Tanger,Compagnie du Sebou,2,atthalin-a; philippar-e
porttanger,tabacsmaroc,Société du Port de Tanger,Tabacs au Maroc,2,atthalin-a; laurent-atthalin-a
sebou,socgenabattoirsmunicipauxindustrielsmaroc,Compagnie du Sebou,Soc. gén. des ABATTOIRS MUNICIPAUX ET INDUSTRIELS AU MAROC,2,atthalin-a; de-caqueray-g
abattoirsmunicipauxindustrielsmaroc,banquefoncieremaroc,Société générale des Abattoirs municipaux et industriels au Maroc,Banque foncière du Maroc,2,cotte-l; gerard-e
abattoirsmunicipauxindustrielsmaroc,domainebeniamar,Société générale des Abattoirs municipaux et industriels au Maroc,Domaine de Béni-Amar,2,cotte-l; gerard-e
abattoirsmunicipauxindustrielsmaroc,financierefrancomarocaine,Société générale des Abattoirs municipaux et industriels au Maroc,Sté financière franco-marocaine,2,cotte-l; de-montgolfier-j
abattoirsmunicipauxmaroc,banquefoncieremaroc,Sté générale des abattoirs municipaux au Maroc,Banque foncière du Maroc,2,cotte-l; gerard-e
abattoirsmunicipauxmaroc,domainebeniamar,Sté générale des abattoirs municipaux au Maroc,Domaine de Béni-Amar,2,cotte-l; gerard-e
abattoirsmunicipauxmaroc,financierefrancomarocaine,Sté générale des abattoirs municipaux au Maroc,Sté financière franco-marocaine,2,cotte-l; de-montgolfier-j
banquefoncieremaroc,domainebeniamar,Banque foncière du Maroc,Domaine de Béni-Amar,2,cotte-l; gerard-e
banquefoncieremaroc,socgenabattoirsmunicipauxindustrielsmaroc,Banque foncière du Maroc,Soc. gén. des ABATTOIRS MUNICIPAUX ET INDUSTRIELS AU MAROC,2,cotte-l; gerard-e
domainebeniamar,financierefrancomarocaine,Domaine de Béni-Amar,Sté financière franco-marocaine,2,cotte-l; mignot-l
domainebeniamar,socgenabattoirsmunicipauxindustrielsmaroc,Domaine de Béni-Amar,Soc. gén. des ABATTOIRS MUNICIPAUX ET INDUSTRIELS AU MAROC,2,cotte-l; gerard-e
financierefrancomarocaine,socgenabattoirsmunicipauxindustrielsmaroc,Sté financière franco-marocaine,Soc. gén. des ABATTOIRS MUNICIPAUX ET INDUSTRIELS AU MAROC,2,cotte-l; de-montgolfier-j
entrepotsfrigorifiquesafriquenord,loiremaroc,Société des Entrepôts frigorifiques de l'Afrique du Nord,« Loire-Maroc »,2,dal-piaz-j; piaz-d
entreprisemaritimecommerciale,marocainecharbonsbriquettes,L'Entreprise maritime et commerciale,Société Marocaine de Charbons et briquettes,2,dal-piaz-j; le-gallais-p
entreprisemaritimecommerciale,unioncommercialeindochinoiseafricaine,L'Entreprise maritime et commerciale,L'Union commerciale indochinoise et africaine,2,dal-piaz-j; estier-f
loiremaroc,manutentionmarocaine,« Loire-Maroc »,La Manutention marocaine,2,dal-piaz-j; piaz-d
loiremaroc,marocainecharbonsbriquettes,« Loire-Maroc »,Société Marocaine de Charbons et briquettes,2,dal-piaz-j; piaz-d
loiremaroc,portfedhala,« Loire-Maroc »,Compagnie du Port de Fedhala,2,dal-piaz-j; piaz-d
makanghia,marocainecharbonsbriquettes,La Makanghia,Société Marocaine de Charbons et briquettes,2,dal-piaz-j; le-gallais-p
manutentionmarocaine,unioncommercialeindochinoiseafricaine,La Manutention marocaine,L'Union commerciale indochinoise et africaine,2,dal-piaz-j; estier-f
abattoirsmunicipauxindustrielsmaroc,banquefoncierefrancomarocaine,Société générale des Abattoirs municipaux et industriels au Maroc,Banque foncière franco-marocaine,2,de-montgolfier-j; gerard-e
abattoirsmunicipauxmaroc,banquefoncierefrancomarocaine,Sté générale des abattoirs municipaux au Maroc,Banque foncière franco-marocaine,2,de-montgolfier-j; gerard-e
banquefoncierefrancomarocaine,comptoirsmarocainscuirspeaux,Banque foncière franco-marocaine,Comptoirs marocains des cuirs et peaux,2,gerard-e; werbrouck-a
banquefoncierefrancomarocaine,socgenabattoirsmunicipauxindustrielsmaroc,Banque foncière franco-marocaine,Soc. gén. des ABATTOIRS MUNICIPAUX ET INDUSTRIELS AU MAROC,2,de-montgolfier-j; gerard-e
comptoirsmarocainscuirspeaux,domainebeniamar,Comptoirs marocains des cuirs et peaux,Domaine de Béni-Amar,2,gerard-e; werbrouck-a
abattoirsmunicipauxindustrielsmaroc,immobilieremaroc,Société générale des Abattoirs municipaux et industriels au Maroc,Société Immobilière au Maroc,2,godard-l; roudy-a
abattoirsmunicipauxindustrielsmaroc,liegesmamora,Société générale des Abattoirs municipaux et industriels au Maroc,"Société des Lièges de la Mamora, puis Compagnie de la Mamora",2,godard-l; lacoin-g
abattoirsmunicipauxmaroc,liegesmamora,Sté générale des abattoirs municipaux au Maroc,"Société des Lièges de la Mamora, puis Compagnie de la Mamora",2,godard-l; lacoin-g
chauxcimentsmateriauxconstructionmaroc,fasielectricite,"Chaux, ciments et matériaux de construction au Maroc",Compagnie Fasi d'Électricité,2,godard-l; roudy-a
chauxcimentsmateriauxconstructionmaroc,immobilieremaroc,"Chaux, ciments et matériaux de construction au Maroc",Société Immobilière au Maroc,2,godard-l; roudy-a
chauxcimentsmateriauxconstructionmaroc,maroc,"Chaux, ciments et matériaux de construction au Maroc",Compagnie du Maroc,2,godard-l; roudy-a
chauxcimentsmateriauxconstructionmaroc,marocaineapprovisionnement,"Chaux, ciments et matériaux de construction au Maroc",Marocaine d'approvisionnement,2,godard; godard-l
chauxcimentsmateriauxconstructionmaroc,marocainedistributioneaugazelectricite,"Chaux, ciments et matériaux de construction au Maroc","Société Marocaine de distribution d'eau, de gaz et d'électricité",2,godard-l; roudy-a
chauxcimentsmateriauxconstructionmaroc,tramwaysautobuscasablanca,"Chaux, ciments et matériaux de construction au Maroc",Compagnie des Tramways et autobus de Casablanca,2,godard; godard-l
constructioncivile,habitationsmaroc,Construction civile,Société d'Habitations au Maroc,2,godard-l; sagot-a
constructioncivile,marocaineapprovisionnement,Construction civile,Marocaine d'approvisionnement,2,godard-l; sagot-a
constructioncivile,portsmarocains,Construction civile,Ports marocains,2,godard-l; sagot-a
constructioncivile,tramwaysautobuscasablanca,Construction civile,Compagnie des Tramways et autobus de Casablanca,2,brisac-j; godard-l
fasielectricite,immobilieremaroc,Compagnie Fasi d'Électricité,Société Immobilière au Maroc,2,godard-l; roudy-a
fasielectricite,tramwaysautobuscasablanca,Compagnie Fasi d'Électricité,Compagnie des Tramways et autobus de Casablanca,2,godard-l; jullien-a
habitationsmaroc,marocaineapprovisionnements,Société d'Habitations au Maroc,Société anon. marocaine d'approvisionnements,2,godard-l; toussaint-g
habitationsmaroc,marocaineentrepriseimmobilieremobiliere,Société d'Habitations au Maroc,"Société Marocaine d'entreprise générale immobilière et mobilière, puis La Construction marocaine et La Construction civile",2,godard-l; l-godard
habitationsmaroc,marocaineexploitationsforestieres,Société d'Habitations au Maroc,Société Marocaine d'Exploitations forestières,2,bourrellis-l; godard-l
habitationsmaroc,sebou,Société d'Habitations au Maroc,Compagnie du Sebou,2,bourrellis-l; godard-l
huileriesmaghreb,transportstourismemaroc,Société des Huileries du Maghreb,Compagnie Générale de Transports et tourisme au Maroc,2,godard-l; luret-e
immobilieremaroc,maroc,Société Immobilière au Maroc,Compagnie du Maroc,2,godard-l; roudy-a
immobilieremaroc,marocainedistributioneaugazelectricite,Société Immobilière au Maroc,"Société Marocaine de distribution d'eau, de gaz et d'électricité",2,godard-l; roudy-a
immobilieremaroc,moulinsmaghreb,Société Immobilière au Maroc,Société des Moulins du Maghreb,2,godard-l; roudy-a
liegesmamora,marocaineapprovisionnement,"Société des Lièges de la Mamora, puis Compagnie de la Mamora",Marocaine d'approvisionnement,2,godard-l; vericourt
liegesmamora,tramwaysautobuscasablanca,"Société des Lièges de la Mamora, puis Compagnie de la Mamora",Compagnie des Tramways et autobus de Casablanca,2,godard-l; vericourt
maroc,marocaineapprovisionnement,Compagnie du Maroc,Marocaine d'approvisionnement,2,godard-l; pannetier-g
maroc,marocaineexploitationsforestieres,Compagnie du Maroc,Société Marocaine d'Exploitations forestières,2,godard-l; simon-s
maroc,portsmarocainsmehedyakenitrasalerabat,Compagnie du Maroc,"Société des ports marocains de Méhédya-Kénitra, Salé et Rabat",2,godard-l; homberg-o
maroc,tramwaysautobuscasablanca,Compagnie du Maroc,Compagnie des Tramways et autobus de Casablanca,2,godard-l; jullien-a
marocaineapprovisionnement,marocainedistributioneaugazelectricite,Marocaine d'approvisionnement,"Société Marocaine de distribution d'eau, de gaz et d'électricité",2,godard-l; paris
marocaineapprovisionnement,portsmarocains,Marocaine d'approvisionnement,Ports marocains,2,godard-l; sagot-a
marocaineapprovisionnements,moulinsmaghreb,Société anon. marocaine d'approvisionnements,Société des Moulins du Maghreb,2,godard-l; toussaint-g
marocainedistributioneaugazelectricite,portsmarocainsmehedyakenitrasalerabat,"Société Marocaine de distribution d'eau, de gaz et d'électricité","Société des ports marocains de Méhédya-Kénitra, Salé et Rabat",2,godard-l; rebuffel-c
marocaineexploitationsforestieres,sebou,Société Marocaine d'Exploitations forestières,Compagnie du Sebou,2,bourrellis-l; godard-l
portsmarocains,sebou,Ports marocains,Compagnie du Sebou,2,bourrellis-l; godard-l
portsmarocains,tramwaysautobuscasablanca,Ports marocains,Compagnie des Tramways et autobus de Casablanca,2,godard-l; julien
chaouiamaroc,etudes,Chaouïa et Maroc,"Société d'études, puis Société minière du Haut-Guir",2,harris-w; jordan-p
annonay,banquefoncierefrancomarocaine,ANNONAY,Banque foncière franco-marocaine,2,annonay; de-montgolfier-j
annonay,creditfoncierfrancomarocain,ANNONAY,Crédit foncier franco-marocain,2,de-montgolfier-c; de-montgolfier-j
annonay,financierefrancomarocaine,ANNONAY,Sté financière franco-marocaine,2,de-montgolfier-c; de-montgolfier-j
marocaineminesoutat,marocainetravauxpublics,Société Marocaine des Mines de l’Outat,Société Marocaine de Travaux publics,2,de-caqueray-g; lebon-a
marocainetravauxpublics,minesaouli,Société Marocaine de Travaux publics,Société des Mines d'Aouli,2,de-caqueray-g; lebon-a
abattoirsmunicipauxindustrielsmaroc,eclairageforcemaroc,Société générale des Abattoirs municipaux et industriels au Maroc,Cie d'Éclairage et de force au Maroc,2,katz-m; roudy-a
abattoirsmunicipauxindustrielsmaroc,etudesconstructions,Société générale des Abattoirs municipaux et industriels au Maroc,ÉTUDES et de CONSTRUCTIONS,2,gompel-r; katz-m
abattoirsmunicipauxindustrielsmaroc,industriellemarocaine,Société générale des Abattoirs municipaux et industriels au Maroc,Société Industrielle marocaine,2,gompel-r; katz-m
abattoirsmunicipauxindustrielsmaroc,parismaroc,Société générale des Abattoirs municipaux et industriels au Maroc,« Paris-Maroc »,2,gompel-r; katz-m
abattoirsmunicipauxindustrielsmaroc,parismarocholdingcherifiengustavegompel,Société générale des Abattoirs municipaux et industriels au Maroc,"Paris-Maroc, le holding chérifien de Gustave Gompel",2,gompel-r; katz-m
abattoirsmunicipauxmaroc,brasseriesmaroc,Sté générale des abattoirs municipaux au Maroc,"Société des Brasseries du Maroc, puis Boissons du Maroc",2,gompel-r; katz-m
abattoirsmunicipauxmaroc,etudesconstructions,Sté générale des abattoirs municipaux au Maroc,ÉTUDES et de CONSTRUCTIONS,2,gompel-r; katz-m
abattoirsmunicipauxmaroc,industriellemarocaine,Sté générale des abattoirs municipaux au Maroc,Société Industrielle marocaine,2,gompel-r; katz-m
abattoirsmunicipauxmaroc,parismaroc,Sté générale des abattoirs municipaux au Maroc,« Paris-Maroc »,2,gompel-r; katz-m
abattoirsmunicipauxmaroc,parismarocholdingcherifiengustavegompel,Sté générale des abattoirs municipaux au Maroc,"Paris-Maroc, le holding chérifien de Gustave Gompel",2,gompel-r; katz-m
brasseriesmaroc,eclairageforcemaroc,"Société des Brasseries du Maroc, puis Boissons du Maroc",Cie d'Éclairage et de force au Maroc,2,katz-m; roudy-a
brasseriesmaroc,etudesconstructions,"Société des Brasseries du Maroc, puis Boissons du Maroc",ÉTUDES et de CONSTRUCTIONS,2,gompel-r; katz-m
brasseriesmaroc,huileriesmaghreb,"Société des Brasseries du Maroc, puis Boissons du Maroc",Société des Huileries du Maghreb,2,gompel-r; katz-m
brasseriesmaroc,industriellemarocaine,"Société des Brasseries du Maroc, puis Boissons du Maroc",Société Industrielle marocaine,2,gompel-r; katz-m
brasseriesmaroc,parismaroc,"Société des Brasseries du Maroc, puis Boissons du Maroc",« Paris-Maroc »,2,gompel-r; katz-m
brasseriesmaroc,parismarocholdingcherifiengustavegompel,"Société des Brasseries du Maroc, puis Boissons du Maroc","Paris-Maroc, le holding chérifien de Gustave Gompel",2,gompel-r; katz-m
brasseriesmaroc,socgenabattoirsmunicipauxindustrielsmaroc,"Société des Brasseries du Maroc, puis Boissons du Maroc",Soc. gén. des ABATTOIRS MUNICIPAUX ET INDUSTRIELS AU MAROC,2,gompel-r; katz-m
chauxcimentsmateriauxconstructionmaroc,industriellemarocaine,"Chaux, ciments et matériaux de construction au Maroc",Société Industrielle marocaine,2,gompel-r; katz-m
eclairageforcemaroc,etudesconstructions,Cie d'Éclairage et de force au Maroc,ÉTUDES et de CONSTRUCTIONS,2,katz; katz-m
eclairageforcemaroc,industriellemarocaine,Cie d'Éclairage et de force au Maroc,Société Industrielle marocaine,2,chaussee-de-la-muette; katz-m
eclairageforcemaroc,parismarocholdingcherifiengustavegompel,Cie d'Éclairage et de force au Maroc,"Paris-Maroc, le holding chérifien de Gustave Gompel",2,katz; katz-m
etudesconstructions,huileriesmaghreb,ÉTUDES et de CONSTRUCTIONS,Société des Huileries du Maghreb,2,gompel-r; katz-m
etudesconstructions,industriellemarocaine,ÉTUDES et de CONSTRUCTIONS,Société Industrielle marocaine,2,gompel-r; katz-m
etudesconstructions,socgenabattoirsmunicipauxindustrielsmaroc,ÉTUDES et de CONSTRUCTIONS,Soc. gén. des ABATTOIRS MUNICIPAUX ET INDUSTRIELS AU MAROC,2,gompel-r; katz-m
huileriesmaghreb,industriellemarocaine,Société des Huileries du Maghreb,Société Industrielle marocaine,2,gompel-r; katz-m
huileriesmaghreb,parismaroc,Société des Huileries du Maghreb,« Paris-Maroc »,2,gompel-r; katz-m
huileriesmaghreb,parismarocholdingcherifiengustavegompel,Société des Huileries du Maghreb,"Paris-Maroc, le holding chérifien de Gustave Gompel",2,gompel-r; katz-m
industriellemarocaine,moulinsmaghreb,Société Industrielle marocaine,Société des Moulins du Maghreb,2,gompel-r; katz-m
industriellemarocaine,parismaroc,Société Industrielle marocaine,« Paris-Maroc »,2,gompel-r; katz-m
industriellemarocaine,parismarocholdingcherifiengustavegompel,Société Industrielle marocaine,"Paris-Maroc, le holding chérifien de Gustave Gompel",2,gompel-r; katz-m
industriellemarocaine,socgenabattoirsmunicipauxindustrielsmaroc,Société Industrielle marocaine,Soc. gén. des ABATTOIRS MUNICIPAUX ET INDUSTRIELS AU MAROC,2,gompel-r; katz-m
parismaroc,socgenabattoirsmunicipauxindustrielsmaroc,« Paris-Maroc »,Soc. gén. des ABATTOIRS MUNICIPAUX ET INDUSTRIELS AU MAROC,2,gompel-r; katz-m
parismarocholdingcherifiengustavegompel,socgenabattoirsmunicipauxindustrielsmaroc,"Paris-Maroc, le holding chérifien de Gustave Gompel",Soc. gén. des ABATTOIRS MUNICIPAUX ET INDUSTRIELS AU MAROC,2,gompel-r; katz-m
abattoirsmunicipauxindustrielsmaroc,socchauxcimentsmateriauxconstructionmaroc,Société générale des Abattoirs municipaux et industriels au Maroc,"Soc. an. des CHAUX, CIMENTS et MATÉRIAUX de CONSTRUCTION au MAROC",2,gompel-r; roudy-a
brasseriesmaroc,socchauxcimentsmateriauxconstructionmaroc,"Société des Brasseries du Maroc, puis Boissons du Maroc","Soc. an. des CHAUX, CIMENTS et MATÉRIAUX de CONSTRUCTION au MAROC",2,gompel-r; roudy-a
chauxcimentsmateriauxconstruction,parismaroc,"Sté anon. des chaux, ciments et matériaux de construction au",« Paris-Maroc »,2,gompel-p; gompel-r
cherifiennehoteliereimmobilierefinanciere,cherifienneimmobilierefinanciere,"Société Chérifienne, Hôtelière, Immobilière et Financière",Société chérifienne immobilière et financière,2,germaneau-f; gompel-r
cherifiennehoteliereimmobilierefinanciere,etudesconstructions,"Société Chérifienne, Hôtelière, Immobilière et Financière",ÉTUDES et de CONSTRUCTIONS,2,excelsior-h; gompel-r
omiumfrance,omniumfrance,Omium de France,Omnium de France,2,gompel-r; graciet-j
omiumfrance,omniumfrancemaroc,Omium de France,Omnium de France et du Maroc,2,gompel-r; graciet-j
omniumfrance,omniumfrancemaroc,Omnium de France,Omnium de France et du Maroc,2,gompel-r; graciet-j
parismaroc,socchauxcimentsmateriauxconstructionmaroc,« Paris-Maroc »,"Soc. an. des CHAUX, CIMENTS et MATÉRIAUX de CONSTRUCTION au MAROC",2,gompel-p; gompel-r
banquecommercialemaroc,brasseriesmaroc,Banque commerciale du Maroc,"Société des Brasseries du Maroc, puis Boissons du Maroc",2,roudy-a; sautter
brasseriesmaroc,marocainedistributioneaugazelectricite,"Société des Brasseries du Maroc, puis Boissons du Maroc","Société Marocaine de distribution d'eau, de gaz et d'électricité",2,paris; roudy-a
developpementcasablanca,marocainedistributioneaugazelectricite,Société Générale pour le Développement de Casablanca,"Société Marocaine de distribution d'eau, de gaz et d'électricité",2,paris; roudy-a
eclairageforcemaroc,socchauxcimentsmateriauxconstructionmaroc,Cie d'Éclairage et de force au Maroc,"Soc. an. des CHAUX, CIMENTS et MATÉRIAUX de CONSTRUCTION au MAROC",2,katz; roudy-a
electricitemarrakech,fasielectricite,Société d'Électricité de Marrakech,Compagnie Fasi d'Électricité,2,bonfils; roudy-a
electricitemazagan,fasielectricite,Société d'Électricité de Mazagan,Compagnie Fasi d'Électricité,2,bonfils; roudy-a
electricitesafi,fasielectricite,Société d'Électricité de Safi,Compagnie Fasi d'Électricité,2,bonfils; roudy-a
etablissementsperezcoudert,industriellecommercialeadoursebou,Établissements Pérez et Coudert,Société industrielle et commerciale Adour-Sebou,2,coudert-f; hourdille-r
africaineateliersconstructionschwartzhautmont,africainetransports,Cie africaine des ateliers de construction Schwartz-Hautmont,Compagnie Africaine de Transports,2,berti-v; epinat-j
africaineateliersconstructionschwartzhautmont,franceauto,Cie africaine des ateliers de construction Schwartz-Hautmont,France-Auto,2,berti-v; epinat-j
africaineateliersconstructionschwartzhautmont,marocaineautomobiles,Cie africaine des ateliers de construction Schwartz-Hautmont,Société marocaine d'automobiles,2,berti-v; epinat-j
africaineateliersconstructionschwartzhautmont,marocaineexploitationsminieres,Cie africaine des ateliers de construction Schwartz-Hautmont,Société marocaine d'exploitations minières,2,berti-v; epinat-j
agricolemaroc,transportstourismemaroc,Société Agricole du Maroc,Compagnie Générale de Transports et tourisme au Maroc,2,berti-v; guerard-h
autohall,franceauto,Auto-Hall,France-Auto,2,berti-v; epinat-j
autohall,marocaineexploitationsminieres,Auto-Hall,Société marocaine d'exploitations minières,2,berti-v; epinat-j
developpementcasablanca,marocaineautomobiles,Société Générale pour le Développement de Casablanca,Société marocaine d'automobiles,2,berti-v; paris
developpementcasablanca,minesbouarfa,Société Générale pour le Développement de Casablanca,Société des Mines de Bou-Arfa,2,berti-v; paris
developpementcasablanca,transportstourismemaroc,Société Générale pour le Développement de Casablanca,Compagnie Générale de Transports et tourisme au Maroc,2,berti-v; guerard-h
franceauto,manutentionmarocaine,France-Auto,La Manutention marocaine,2,berti-v; lyautey-p
franceauto,transportstourismemaroc,France-Auto,Compagnie Générale de Transports et tourisme au Maroc,2,berti-v; epinat-j
marocaineautomobiles,marocaineexploitationsminieres,Société marocaine d'automobiles,Société marocaine d'exploitations minières,2,berti-v; epinat-j
marocaineautomobiles,minesbouarfa,Société marocaine d'automobiles,Société des Mines de Bou-Arfa,2,berti-v; paris
marocaineexploitationsminieres,minesbouarfa,Société marocaine d'exploitations minières,Société des Mines de Bou-Arfa,2,berti-v; guerin-a
marocaineexploitationsminieres,transportstourismemaroc,Société marocaine d'exploitations minières,Compagnie Générale de Transports et tourisme au Maroc,2,berti-v; epinat-j
banquecommercialemaroc,etudesentreprisesomniummarocain,Banque commerciale du Maroc,Société d'études et d'entreprises Omnium marocain,2,bloch; delange-e
banquecommercialemaroc,etudesrecherchestraitementphosphatesmaroc,Banque commerciale du Maroc,Société d'études et de recherches du traitement des Phosphates au Maroc,2,bloch; hersent-g
etudesentreprisesomniummarocain,internationaleetudestravauxmaroc,Société d'études et d'entreprises Omnium marocain,Société Internationale d'Études et de travaux au Maroc,2,bloch; gompel
brasseriesmaroc,immobilierecasablanca,"Société des Brasseries du Maroc, puis Boissons du Maroc",Société Immobilière de Casablanca,2,gaston-dreyfus-r; sautter
amizmiz,cherifiennetuileriesbriqueteriesplatrierescasablanca,Sté d'Amizmiz,"Sté chérifienne des tuileries, briqueteries et plâtrières de Casablanca",2,le-guales-de-mezaubran-a; p-guyot
amizmiz,fermesmarocaines,Sté d'Amizmiz,Sté des fermes marocaines,2,morisson-p; p-guyot
amizmiz,fermesmarocainesnantescasablanca,Sté d'Amizmiz,"Société des Fermes marocaines, Nantes-Casablanca",2,morisson-p; p-guyot
amizmiz,tuileriesbriqueteriesplatrierescasablanca,Sté d'Amizmiz,"Tuileries, briqueteries et plâtrières de Casablanca",2,le-guales-de-mezaubran-a; p-guyot
banqueunionmarocaine,molybdene,Banque de l'union marocaine,Le Molybdène,2,e-guernier; guernier-e
ergho,molybdene,Ergho,Le Molybdène,2,e-guernier; guernier-e
caissepretsimmobiliers,caissepretsimmobiliersmaroc,Caisse de prêts immobiliers,Caisse de prêts immobiliers du Maroc,2,andrieux-j; picanon-e
magasinsgenerauxwarrantsmaroc,portfedhala,Société des Magasins généraux et warrants du Maroc,Compagnie du Port de Fedhala,2,ed-philippar; philippar-e
marocaine,portfedhala,Compagnie marocaine,Compagnie du Port de Fedhala,2,ed-philippar; philippar-e
agadir,porttanger,Compagnie d'Agadir,Société du Port de Tanger,2,aug-terrier; philippar-e
creditfoncieragricolemarocain,creditfoncierfrancomarocain,Crédit foncier et agricole marocain,Crédit foncier franco-marocain,2,bentz-audeoud-c; fontaine-f
banquemaroc,creditfrancomarocaincommerceexterieur,Banque française du Maroc,Crédit franco-marocain du commerce extérieur,2,ferme-g; petit-c
banquemaroc,foncieremarococcidental,Banque française du Maroc,Société Foncière du Maroc Occidental,2,delpech-j; petit-c
agricoletadla,developpementcasablanca,Société Agricole du Tadla,Société Générale pour le Développement de Casablanca,2,paris; piot
banquecommercialemaroc,cherifiennecolonisation,Banque commerciale du Maroc,Compagnie Chérifienne de colonisation,2,piot; piot-m
banquecommercialemaroc,etudesmarocainescommerceiindustriemines,Banque commerciale du Maroc,"Sté d'études marocaines pour le commerce, I'industrie et les mines",2,hersent-g; piot
cherifiennecolonisation,etudesmarocainescommerceagriculturemines,Compagnie Chérifienne de colonisation,"Société d'Études marocaines pour le commerce, l'agriculture et les mines",2,piot; piot-m
developpementcasablanca,etudesmarocainescommerceagriculturemines,Société Générale pour le Développement de Casablanca,"Société d'Études marocaines pour le commerce, l'agriculture et les mines",2,piot; piot-m
etudesmarocainescommerceagriculturemines,immobilierecasablanca,"Société d'Études marocaines pour le commerce, l'agriculture et les mines",Société Immobilière de Casablanca,2,piot; piot-m
atlantide,briqueteriesfedhala,L'Atlantide,Briqueteries de Fedhala,2,hersent-g; lefevre-l
atlantide,cherifiennehivernage,L'Atlantide,Société Chérifienne d'hivernage,2,hersent-g; weisweiller-j
atlantide,pecheriesmarocaines,L'Atlantide,Pêcheries marocaines,2,hersent-g; massena-a
atlantide,portfedala,L'Atlantide,Cie du port de Fédala,2,hersent-g; lefevre-l
atlantide,salinesfedala,L'Atlantide,Salines de Fédala,2,hersent-g; lefevre-l
atlantide,salinesmaroc,L'Atlantide,Salines du Maroc,2,hersent-g; lefevre-l
atlantide,transportsmazeres,L'Atlantide,Transports Mazères,2,hersent-g; murat-c
atlantide,vulcanisationmoderne,L'Atlantide,Vulcanisation moderne,2,hersent-g; murat-c
briqueteriesfedala,briqueteriesfedhala,Société des briqueteries de Fédala,Briqueteries de Fedhala,2,hersent-g; huart-p
briqueteriesfedala,salinesfedala,Société des briqueteries de Fédala,Salines de Fédala,2,hersent-g; perrin-de-brichambaut-p
briqueteriesfedala,salinesmaroc,Société des briqueteries de Fédala,Salines du Maroc,2,hersent-g; perrin-de-brichambaut-p
briqueteriesfedhala,marocainetransittransportatlantide,Briqueteries de Fedhala,Cie marocaine de transit. et de transport Atlantide,2,hersent-g; lefevre-l
briqueteriesfedhala,salinesmaroc,Briqueteries de Fedhala,Salines du Maroc,2,hersent-g; lefevre-l
briqueteriesfedhala,valdora,Briqueteries de Fedhala,Sté anon. Valdora,2,hersent-g; hersent-j
cherifiennehivernage,marocainetransittransportatlantide,Société Chérifienne d'hivernage,Cie marocaine de transit. et de transport Atlantide,2,hersent-g; weisweiller-j
etudesmarocainescommerceagriculturemines,francomarocainefedala,"Société d'Études marocaines pour le commerce, l'agriculture et les mines",Cie franco-marocaine de Fédala,2,hersent-g; jourdanne-a
etudesmarocainescommerceagriculturemines,portfedala,"Société d'Études marocaines pour le commerce, l'agriculture et les mines",Cie du port de Fédala,2,hersent-g; jourdanne-a
etudesrecherchestraitementphosphatesmaroc,pecheriesmarocaines,Société d'études et de recherches du traitement des Phosphates au Maroc,Pêcheries marocaines,2,hersent-g; versailles
francomarocainefedala,portfedhala,Cie franco-marocaine de Fédala,Compagnie du Port de Fedhala,2,hersent-g; michel-cote-c
francomarocainefedala,salinesmaroc,Cie franco-marocaine de Fédala,Salines du Maroc,2,hersent-g; perrin-de-brichambaut-p
francomarocainefedhala,salinesfedala,Compagnie Franco-Marocaine de Fedhala,Salines de Fédala,2,hersent-g; hersent-j
francomarocainefedhala,transportsmazeres,Compagnie Franco-Marocaine de Fedhala,Transports Mazères,2,hersent-g; hersent-j
francomarocainefedhala,valdora,Compagnie Franco-Marocaine de Fedhala,Sté anon. Valdora,2,hersent-g; hersent-j
francomarocainefedhala,vulcanisationmoderne,Compagnie Franco-Marocaine de Fedhala,Vulcanisation moderne,2,hersent-g; hersent-j
marocainetransittransportatlantide,pecheriesmarocaines,Cie marocaine de transit. et de transport Atlantide,Pêcheries marocaines,2,hersent-g; massena-a
marocainetransittransportatlantide,portfedala,Cie marocaine de transit. et de transport Atlantide,Cie du port de Fédala,2,hersent-g; lefevre-l
marocainetransittransportatlantide,salinesfedala,Cie marocaine de transit. et de transport Atlantide,Salines de Fédala,2,hersent-g; lefevre-l
marocainetransittransportatlantide,salinesmaroc,Cie marocaine de transit. et de transport Atlantide,Salines du Maroc,2,hersent-g; lefevre-l
marocainetransittransportatlantide,transportsmazeres,Cie marocaine de transit. et de transport Atlantide,Transports Mazères,2,hersent-g; murat-c
marocainetransittransportatlantide,vulcanisationmoderne,Cie marocaine de transit. et de transport Atlantide,Vulcanisation moderne,2,hersent-g; murat-c
pecheriesmarocaines,transportsmazeres,Pêcheries marocaines,Transports Mazères,2,de-noe; hersent-g
portfedala,transportsmazeres,Cie du port de Fédala,Transports Mazères,2,hersent-g; hersent-j
portfedhala,salinesfedala,Compagnie du Port de Fedhala,Salines de Fédala,2,hersent-g; hersent-j
portfedhala,transportsmazeres,Compagnie du Port de Fedhala,Transports Mazères,2,hersent-g; hersent-j
portfedhala,valdora,Compagnie du Port de Fedhala,Sté anon. Valdora,2,hersent-g; hersent-j
portfedhala,vulcanisationmoderne,Compagnie du Port de Fedhala,Vulcanisation moderne,2,hersent-g; hersent-j
salinesfedala,transportsmazeres,Salines de Fédala,Transports Mazères,2,hersent-g; hersent-j
transportsmazeres,valdora,Transports Mazères,Sté anon. Valdora,2,hersent-g; hersent-j
cheminsfermaroc,marocainetravauxpublics,Compagnie des Chemins de fer du Maroc,Société Marocaine de Travaux publics,2,boucard-m; lebon-a
marocaine,marocainetravauxpublics,Compagnie marocaine,Société Marocaine de Travaux publics,2,boucard-m; h-de-freycinet
cherifiennerecherchesforages,manutentionmarocaine,Compagnie Chérifienne de Recherches et de forages,La Manutention marocaine,2,freycinet-h; h-de-freycinet
cherifiennerecherchesforages,marocainedistributioneaugazelectricite,Compagnie Chérifienne de Recherches et de forages,"Société Marocaine de distribution d'eau, de gaz et d'électricité",2,freycinet-h; h-de-freycinet
fasielectricite,marocaine,Compagnie Fasi d'Électricité,Compagnie marocaine,2,h-de-freycinet; renaudin-l
fasielectricite,marocainetravauxpublics,Compagnie Fasi d'Électricité,Société Marocaine de Travaux publics,2,h-de-freycinet; lebon-a
manutentionmarocaine,marocainedistributioneaugazelectricite,La Manutention marocaine,"Société Marocaine de distribution d'eau, de gaz et d'électricité",2,freycinet-h; h-de-freycinet
manutentionmarocaine,recherchesforages,La Manutention marocaine,"Société de Recherches et de forages, puis S.A. de gérance des bruttos de la Société de recherches et de forages",2,freycinet-h; h-de-freycinet
marocaine,marocainedistributioneaugazelectricite,Compagnie marocaine,"Société Marocaine de distribution d'eau, de gaz et d'électricité",2,exbrayat-j; h-de-freycinet
marocainedistributioneaugazelectricite,recherchesforages,"Société Marocaine de distribution d'eau, de gaz et d'électricité","Société de Recherches et de forages, puis S.A. de gérance des bruttos de la Société de recherches et de forages",2,freycinet-h; h-de-freycinet
parisiennecomptoirscoloniaux,tourainemaroc,Compagnie Parisienne des Comptoirs coloniaux,Touraine-Maroc,2,fremiot-h; vacquie-g
comptoirmaroc,industriellepetrolesmaroc,Comptoir français du Maroc,Compagnie Industrielle des Pétroles au Maroc,2,adm-brasseries-du-maroc; orcel-j
cherifiennecolonisation,comptoirsfrancomarocains,Compagnie Chérifienne de colonisation,Comptoirs franco-marocains,2,van-den-ven-p; van-der-ven-p
comptoirmetallurgiquemaroc,distributioneau,Comptoir métallurgique du Maroc,DISTRIBUTION D'EAU,2,cabaud-c; g-pichard
comptoirmetallurgiquemaroc,distributioneaugazelectricite,Comptoir métallurgique du Maroc,"DISTRIBUTION D'EAU, DE GAZ ET D'ÉLECTRICITÉ",2,cabaud-c; pichard-g
comptoirmetallurgiquemaroc,constructionsmodernesmaroc,Comptoir métallurgique du Maroc,Cie de constructions modernes au Maroc,2,f-delaitre; g-pichard
comptoirmetallurgiquemaroc,marocaineconstructionmetallique,Comptoir métallurgique du Maroc,Société Marocaine de Construction métallique,2,g-pichard; pichard-g
marocainedistributioneaugazelectricite,socmarocaineconstructionsmetalliques,"Société Marocaine de distribution d'eau, de gaz et d'électricité",Soc. marocaine de CONSTRUCTIONS MÉTALLIQUES,2,exbrayat-j; g-pichard
cherifienneengraisproduitschimiques,conservesmaroc,Société Chérifienne d'engrais et de produits chimiques,« Les Conserves du Maroc »,2,gradis-g; ledoux-f
cherifienneengraisproduitschimiques,fruitieremaroc,Société Chérifienne d'engrais et de produits chimiques,Cie fruitière du Maroc,2,gradis-g; ledoux-f
cherifienneengraisproduitschimiques,marocaineainsikh,Société Chérifienne d'engrais et de produits chimiques,Societe marocaine d Aïn-Sikh,2,gradis-g; ledoux-f
cherifienneengraisproduitschimiques,marocainebenimtir,Société Chérifienne d'engrais et de produits chimiques,Société Marocaine des Beni M'Tir,2,gradis-g; ledoux-f
cherifienneengraisproduitschimiques,marocainesiditaibi,Société Chérifienne d'engrais et de produits chimiques,Société marocaine de Sidi Taïbi,2,gradis-g; ledoux-f
cherifienneengraisproduitschimiques,marocaineterrescultures,Société Chérifienne d'engrais et de produits chimiques,Société marocaine de Terres et cultures,2,gradis-g; ledoux-f
conservesmaroc,fruitieremaroc,« Les Conserves du Maroc »,Cie fruitière du Maroc,2,gradis-g; ledoux-f
conservesmaroc,marocaineainsikh,« Les Conserves du Maroc »,Societe marocaine d Aïn-Sikh,2,gradis-g; ledoux-f
conservesmaroc,marocainesiditaibi,« Les Conserves du Maroc »,Société marocaine de Sidi Taïbi,2,gradis-g; ledoux-f
conservesmaroc,marocaineterrescultures,« Les Conserves du Maroc »,Société marocaine de Terres et cultures,2,gradis-g; ledoux-f
conservesmaroc,materieltravauxagricoles,« Les Conserves du Maroc »,Cie de Matériel et de travaux agricoles,2,gradis-g; ledoux-f
consortiumindustrielcommercialafriquenord,superphosphatesproduitschimiquesmaroc,Consortium industriel et commercial de l'Afrique du Nord,Compagnie des Superphosphates et des produits chimiques du Maroc,2,agache-d; ledoux-f
fruitieremaroc,marocaineainsikh,Cie fruitière du Maroc,Societe marocaine d Aïn-Sikh,2,gradis-g; ledoux-f
fruitieremaroc,marocaineterrescultures,Cie fruitière du Maroc,Société marocaine de Terres et cultures,2,gradis-g; ledoux-f
marocaineainsikh,marocainebenimtir,Societe marocaine d Aïn-Sikh,Société Marocaine des Beni M'Tir,2,gradis-g; ledoux-f
marocaineainsikh,marocainesiditaibi,Societe marocaine d Aïn-Sikh,Société marocaine de Sidi Taïbi,2,gradis-g; ledoux-f
marocaineainsikh,marocaineterrescultures,Societe marocaine d Aïn-Sikh,Société marocaine de Terres et cultures,2,gradis-g; ledoux-f
marocainebenimtir,marocaineterrescultures,Société Marocaine des Beni M'Tir,Société marocaine de Terres et cultures,2,gradis-g; ledoux-f
marocainesiditaibi,marocaineterrescultures,Société marocaine de Sidi Taïbi,Société marocaine de Terres et cultures,2,gradis-g; ledoux-f
marocaineterrescultures,materieltravauxagricoles,Société marocaine de Terres et cultures,Cie de Matériel et de travaux agricoles,2,gradis-g; ledoux-f
minesaouli,mineserdouz,Société des Mines d'Aouli,Société des Mines de l'Erdouz,2,ledoux-f; van-den-ven-p
minesaouli,minierebramrane,Société des Mines d'Aouli,Société Minière du Bramrane,2,chastel-a; ledoux-f
consortiumindustrielcommercialafriquenord,nantaiseimportationmaroc,Consortium industriel et commercial de l'Afrique du Nord,Société Nantaise d’Importation au Maroc,2,g-hailaust; gutzeit
bordeauxmaroc,ifriquia,Bordeaux-Maroc,L'Ifriquia,2,coquelle-f; ed-daubree
conserveriesalgeromarocaines,sudmarocain,Conserveries algéro-marocaines,Compagnie du Sud-Marocain,2,lemoigne-e; tavernier-p
etablissementssoussanafreres,immobilieremarrakech,Établissements Soussana frères,Société immobilière de Marrakech,2,froment-guieysse-g; lemoigne-e
etablissementssoussanafreres,sudmarocain,Établissements Soussana frères,Compagnie du Sud-Marocain,2,froment-guieysse-g; lemoigne-e
chargeursmarocains,marocainecharbonsbriquettes,Chargeurs marocains,Société Marocaine de Charbons et briquettes,2,dureault-h; plisson-e
cherifienneagricultureelevage,marocainecharbonsbriquettes,Société Chérifienne d'Agriculture et d'élevage,Société Marocaine de Charbons et briquettes,2,dureault-h; plisson-e
cherifiennenavigation,marocainecharbonsbriquettes,Compagnie Chérifienne de navigation,Société Marocaine de Charbons et briquettes,2,dureault-h; plisson-e
marocainecharbonsbriquettes,moulinscherifiens,Société Marocaine de Charbons et briquettes,Moulins chérifiens,2,dureault-h; plisson-e
conservesfedalasardineriecascadec,portfedala,Société anon. de Conserves de Fédala Sardinerie Cascadec,Cie du port de Fédala,2,hersent-j; perrin-de-brichambaut-p
entrepotsfrigorifiquesafriquenord,valdora,Société des Entrepôts frigorifiques de l'Afrique du Nord,Sté anon. Valdora,2,defougere-g; hersent-j
stearineriemarocaine200,transportsmazeres,Stéarinerie marocaine. — 200,Transports Mazères,2,hersent-j; murat-c
stearineriemarocaine200,vulcanisationmoderne,Stéarinerie marocaine. — 200,Vulcanisation moderne,2,hersent-j; murat-c
atlantide,groupemarocainetudeentreprises,L'Atlantide,Groupe marocain d'étude et d'entreprises,2,massena-a; murat-c
atlantide,groupemarocainetudesentreprises,L'Atlantide,Groupe marocain d'études et d'entreprises,2,massena-a; murat-c
atlantide,materieltravauxagricoles,L'Atlantide,Cie de Matériel et de travaux agricoles,2,massena-a; murat-c
atlantide,mobiliereimmobilierefrancomarocaine,L'Atlantide,Société mobilière et immobilière franco-marocaine,2,massena-a; murat-c
atlantide,parfumerieparisfiorquartieriatffoctobre,L'Atlantide,"Sté de parfumerie Paris-FIor, quartier de Ia T. S. F. — Sté an., f. le octobre",2,massena-a; murat-c
atlantide,parisflor,L'Atlantide,Paris-Flor,2,massena-a; murat-c
atlantide,stearineriemarocaine200,L'Atlantide,Stéarinerie marocaine. — 200,2,massena-a; murat-c
cherifienneengraisproduitschimiques,groupemarocainetudesentreprises,Société Chérifienne d'engrais et de produits chimiques,Groupe marocain d'études et d'entreprises,2,gradis-g; massena-a
cherifienneengraisproduitschimiques,moulinsmaghreb,Société Chérifienne d'engrais et de produits chimiques,Société des Moulins du Maghreb,2,massena-a; prince-d-essling
cherifienneengraisproduitschimiques,parisflor,Société Chérifienne d'engrais et de produits chimiques,Paris-Flor,2,massena-a; prince-d-essling
groupemarocainetudeentreprises,marocainetransittransportatlantide,Groupe marocain d'étude et d'entreprises,Cie marocaine de transit. et de transport Atlantide,2,massena-a; murat-c
groupemarocainetudeentreprises,mobiliereimmobilierefrancomarocaine,Groupe marocain d'étude et d'entreprises,Société mobilière et immobilière franco-marocaine,2,massena-a; murat-c
groupemarocainetudeentreprises,parfumerieparisfiorquartieriatffoctobre,Groupe marocain d'étude et d'entreprises,"Sté de parfumerie Paris-FIor, quartier de Ia T. S. F. — Sté an., f. le octobre",2,massena-a; murat-c
groupemarocainetudeentreprises,stearineriemarocaine200,Groupe marocain d'étude et d'entreprises,Stéarinerie marocaine. — 200,2,massena-a; murat-c
groupemarocainetudesentreprises,marocainetransittransportatlantide,Groupe marocain d'études et d'entreprises,Cie marocaine de transit. et de transport Atlantide,2,massena-a; murat-c
groupemarocainetudesentreprises,mobiliereimmobilierefrancomarocaine,Groupe marocain d'études et d'entreprises,Société mobilière et immobilière franco-marocaine,2,massena-a; murat-c
groupemarocainetudesentreprises,parfumerieparisfiorquartieriatffoctobre,Groupe marocain d'études et d'entreprises,"Sté de parfumerie Paris-FIor, quartier de Ia T. S. F. — Sté an., f. le octobre",2,massena-a; murat-c
groupemarocainetudesentreprises,parisflor,Groupe marocain d'études et d'entreprises,Paris-Flor,2,massena-a; murat-c
groupemarocainetudesentreprises,stearineriemarocaine200,Groupe marocain d'études et d'entreprises,Stéarinerie marocaine. — 200,2,massena-a; murat-c
marocainetransittransportatlantide,materieltravauxagricoles,Cie marocaine de transit. et de transport Atlantide,Cie de Matériel et de travaux agricoles,2,massena-a; murat-c
marocainetransittransportatlantide,mobiliereimmobilierefrancomarocaine,Cie marocaine de transit. et de transport Atlantide,Société mobilière et immobilière franco-marocaine,2,massena-a; murat-c
marocainetransittransportatlantide,parfumerieparisfiorquartieriatffoctobre,Cie marocaine de transit. et de transport Atlantide,"Sté de parfumerie Paris-FIor, quartier de Ia T. S. F. — Sté an., f. le octobre",2,massena-a; murat-c
marocainetransittransportatlantide,parisflor,Cie marocaine de transit. et de transport Atlantide,Paris-Flor,2,massena-a; murat-c
marocainetransittransportatlantide,stearineriemarocaine200,Cie marocaine de transit. et de transport Atlantide,Stéarinerie marocaine. — 200,2,massena-a; murat-c
materieltravauxagricoles,mobiliereimmobilierefrancomarocaine,Cie de Matériel et de travaux agricoles,Société mobilière et immobilière franco-marocaine,2,massena-a; murat-c
materieltravauxagricoles,parfumerieparisfiorquartieriatffoctobre,Cie de Matériel et de travaux agricoles,"Sté de parfumerie Paris-FIor, quartier de Ia T. S. F. — Sté an., f. le octobre",2,massena-a; murat-c
materieltravauxagricoles,parisflor,Cie de Matériel et de travaux agricoles,Paris-Flor,2,massena-a; murat-c
mobiliereimmobilierefrancomarocaine,stearineriemarocaine200,Société mobilière et immobilière franco-marocaine,Stéarinerie marocaine. — 200,2,massena-a; murat-c
moulinsmaghreb,parisflor,Société des Moulins du Maghreb,Paris-Flor,2,massena-a; prince-d-essling
parfumerieparisfiorquartieriatffoctobre,stearineriemarocaine200,"Sté de parfumerie Paris-FIor, quartier de Ia T. S. F. — Sté an., f. le octobre",Stéarinerie marocaine. — 200,2,massena-a; murat-c
parisflor,stearineriemarocaine200,Paris-Flor,Stéarinerie marocaine. — 200,2,massena-a; murat-c
groupemarocainetudeentreprises,miroiteriemaroc,Groupe marocain d'étude et d'entreprises,Miroiterie générale du Maroc,2,murat; murat-c
groupemarocainetudesentreprises,miroiteriemaroc,Groupe marocain d'études et d'entreprises,Miroiterie générale du Maroc,2,murat; murat-c
groupemarocainetudesentreprises,transportsmazeres,Groupe marocain d'études et d'entreprises,Transports Mazères,2,gradis-g; murat-c
groupemarocainetudesentreprises,vulcanisationmoderne,Groupe marocain d'études et d'entreprises,Vulcanisation moderne,2,gradis-g; murat-c
materieltravauxagricoles,transportsmazeres,Cie de Matériel et de travaux agricoles,Transports Mazères,2,gradis-g; murat-c
materieltravauxagricoles,vulcanisationmoderne,Cie de Matériel et de travaux agricoles,Vulcanisation moderne,2,gradis-g; murat-c
agricolecommercialeindustriellemarocaine,briqueteriescarrieresusineselhank,"Compagnie Agricole, Commerciale, Industrielle Marocaine","Briqueteries, carrières et usines d'El-Hank",2,bardon-h; h-bardon
briqueteriescarrieresusineseihank,elevageagriculturenordmarocain,"Briqueteries, carrières et usines d'EI-Hank",Société d'Élevage et d'agriculture du Nord-Marocain,2,bardon-h; malcor-c
briqueteriescarrieresusineselhank,elevageagriculturenordmarocain,"Briqueteries, carrières et usines d'El-Hank",Société d'Élevage et d'agriculture du Nord-Marocain,2,bardon-h; malcor-c
agadir,marocaine,Compagnie d'Agadir,Compagnie marocaine,2,philippar-e; villiers-h
caissepretsimmobiliersmaroc,etudesmarocainescommerceagriculturemines,Caisse de prêts immobiliers du Maroc,"Société d'Études marocaines pour le commerce, l'agriculture et les mines",2,jourdanne-a; philippar-e
caissepretsimmobiliersmaroc,portfedhala,Caisse de prêts immobiliers du Maroc,Compagnie du Port de Fedhala,2,philippar; philippar-e
caissepretsimmobiliersmaroc,socporttanger,Caisse de prêts immobiliers du Maroc,Soc. du PORT de TANGER,2,philippar-e; terrier-a
etudesmarocainescommerceagriculturemines,magasinsgenerauxwarrantsmaroc,"Société d'Études marocaines pour le commerce, l'agriculture et les mines",Société des Magasins généraux et warrants du Maroc,2,jourdanne-a; philippar-e
etudesmarocainescommerceagriculturemines,marocaine,"Société d'Études marocaines pour le commerce, l'agriculture et les mines",Compagnie marocaine,2,jourdanne-a; philippar-e
magasinsgenerauxwarrantsmaroc,porttanger,Société des Magasins généraux et warrants du Maroc,Société du Port de Tanger,2,philippar-e; terrier-a
magasinsgenerauxwarrantsmaroc,socporttanger,Société des Magasins généraux et warrants du Maroc,Soc. du PORT de TANGER,2,philippar-e; terrier-a
marocaine,sebou,Compagnie marocaine,Compagnie du Sebou,2,feray-j; philippar-e
marocaine,socporttanger,Compagnie marocaine,Soc. du PORT de TANGER,2,courcelle-j; philippar-e
agricolecommercialeindustriellemarocaine,ergho,"Compagnie Agricole, Commerciale, Industrielle Marocaine",Ergho,2,fondere; hoffmann
energieelectriquemaroc,idem1948,Énergie électrique du Maroc,Idem 1948,2,ardoin-p; margot-m
francoespagnolecheminfertangerfez,idem1948,Compagnie franco-espagnole du Chemin de fer de Tanger à Fez,Idem 1948,2,ardoin-p; margot-m
briqueteriesfedhala,manufacturemarocainecalorifugesliegesagglomeres,Briqueteries de Fedhala,Manufacture marocaine de calorifuges et lièges agglomérés,2,prince-charles-murat; thomas-g
manufacturemarocainecalorifugesliegesagglomeres,portfedhala,Manufacture marocaine de calorifuges et lièges agglomérés,Compagnie du Port de Fedhala,2,de-traz-j; thomas-g
cherifienneenergie,habitationsmaroc,Société chérifienne d'énergie,Société d'Habitations au Maroc,2,bourrellis-l; radiguer-c
eclairageforcemaroc,energieelectriquemaroc,Cie d'Éclairage et de force au Maroc,Énergie électrique du Maroc,2,bourrellis-l; chaussee-de-la-muette
eclairageforcemaroc,habitationsmaroc,Cie d'Éclairage et de force au Maroc,Société d'Habitations au Maroc,2,bourrellis-l; l-bourrellis
energieelectriquemaroc,marocaineexploitationsagricoles,Énergie électrique du Maroc,Société marocaine d'exploitations agricoles,2,bourrellis-l; rebuffel-c
energieelectriquemaroc,marocaineexploitationsforestieres,Énergie électrique du Maroc,Société Marocaine d'Exploitations forestières,2,bourrellis-l; julien
entreprisesmaroc,marocaineexploitationsagricoles,Sté générale d'entreprises au Maroc,Société marocaine d'exploitations agricoles,2,bourrellis-l; rebuffel-c
entreprisesmaroc,marocaineexploitationsforestieres,Sté générale d'entreprises au Maroc,Société Marocaine d'Exploitations forestières,2,bourrellis-l; julien
marocaineexploitationsagricoles,portsmarocainsmehedyaportlyautey,Société marocaine d'exploitations agricoles,Société des ports marocains de Méhédya-Port-Lyautey et,2,bourrellis-l; rebuffel-c
chauxcimentsmateriauxconstructionmaroc,maritimemaroc,"Chaux, ciments et matériaux de construction au Maroc",Compagnie Maritime du Maroc,2,braunschvig; katz
maritimemaroc,socchauxcimentsmateriauxconstructionmaroc,Compagnie Maritime du Maroc,"Soc. an. des CHAUX, CIMENTS et MATÉRIAUX de CONSTRUCTION au MAROC",2,braunschvig; katz
etudestopographiquesgenieruralmaroc,marocaineapprovisionnement,Sté d'études topographiques et de génie rural au Maroc,Marocaine d'approvisionnement,2,godard; pannetier-g
magasinsgenerauxwarrantsmaroc,tramwaysautobuscasablanca,Société des Magasins généraux et warrants du Maroc,Compagnie des Tramways et autobus de Casablanca,2,grillot-a; terrier-a
agencemadrid,hispanomarocainegazelectricite,Agence à MADRID,Cie hispano-marocaine de gaz et d'électricité,2,massenet-a; soto-reguera-j
agricolenordafricain,comptoirminesgrandstravauxmaroc,Société Agricole du Nord-Africain,Comptoir des mines et des grands travaux du Maroc,2,massenet-a; massenet-m
agricolenordafricain,marocaineexplosifscasablancamelilla,Société Agricole du Nord-Africain,"Société Marocaine d'explosifs, Casablanca, Melilla",2,massenet-a; massenet-m
agricolenordafricainagence,internationaledeveloppementtanger,Cie agricole du Nord-Africain. Agence,Société internationale pour le développement de Tanger,2,massenet; massenet-a
agricolenordafricainagence,marocaineexplosifsaccessoiresmines,Cie agricole du Nord-Africain. Agence,Sté marocaine d'explosifs et d'accessoires de mines,2,massenet-a; momiron-p
agricolenordafricainagence,marocaineexplosifscasablancamelilla,Cie agricole du Nord-Africain. Agence,"Société Marocaine d'explosifs, Casablanca, Melilla",2,massenet-a; momiron-p
comptoirminesgrandstravauxmaroc,marocaineexplosifscasablancamelilla,Comptoir des mines et des grands travaux du Maroc,"Société Marocaine d'explosifs, Casablanca, Melilla",2,massenet-a; massenet-m
developpementcasablanca,marocaineexplosifsaccessoiresmines,Société Générale pour le Développement de Casablanca,Sté marocaine d'explosifs et d'accessoires de mines,2,massenet-a; paris
directioncasablanca,marocaineexplosifscasablancamelilla,Direction à Casablanca,"Société Marocaine d'explosifs, Casablanca, Melilla",2,massenet-a; massenet-m
marocainenouvellesgaleries,moulinsbaruk,Société marocaine des Nouvelles-Galeries,Moulins D. Baruk,2,baruk-d; cane-l
brasseriesmaroc,marocaineainsikh,"Société des Brasseries du Maroc, puis Boissons du Maroc",Societe marocaine d Aïn-Sikh,2,gradis-g; paris
developpementcasablanca,marocaineainsikh,Société Générale pour le Développement de Casablanca,Societe marocaine d Aïn-Sikh,2,chateau-des-dervallieres; paris
marocainedistributioneaugazelectricite,minesbouarfa,"Société Marocaine de distribution d'eau, de gaz et d'électricité",Société des Mines de Bou-Arfa,2,guerin-a; paris
anomboissonsgazeusessafimogador,manutentionmarocaine,Sté anom des boissons gazeuses de Safi-Mogador,La Manutention marocaine,2,entrepots-de-marseille; nunzi-a
manutentionmarocaine,transportsautomobilessouss,La Manutention marocaine,Société anon. des transports automobiles du Souss,2,entrepots-de-marseille; nunzi-a
francomarocaine,omniumentreprises,Société Générale Franco-Marocaine,Omnium d'entreprises,2,marchal; marchal-c
omniumentreprises,portsmarocainsmehedyakenitrasalerabat,Omnium d'entreprises,"Société des ports marocains de Méhédya-Kénitra, Salé et Rabat",2,chagnaud-l; marchal-c
omniumentreprises,portsmarocainsmehedyaportlyautey,Omnium d'entreprises,Société des ports marocains de Méhédya-Port-Lyautey et,2,marchal-c; thomine-e
manufacturemarocainecalorifugesliegesagglomeres,pecheriesmarocaines,Manufacture marocaine de calorifuges et lièges agglomérés,Pêcheries marocaines,2,gidoin-a; marchand-j
brasseriesmaroc,carrieresmarocaines,"Société des Brasseries du Maroc, puis Boissons du Maroc",Société des Carrières marocaines,2,charbonnier-a; orcel-j
brasseriesnordmarocain,comptoirmaroc,Société des Brasseries du Nord-Marocain,Comptoir français du Maroc,2,gradis-g; orcel-j
brasseriesnordmarocain,culturesindustriellesmaroc,Société des Brasseries du Nord-Marocain,Société de Cultures industrielles au Maroc,2,gradis-g; orcel-j
brasseriesnordmarocain,developpementcasablanca,Société des Brasseries du Nord-Marocain,Société Générale pour le Développement de Casablanca,2,gaston-dreyfus-r; orcel-j
carrieresmarocaines,culturesindustriellesmaroc,Société des Carrières marocaines,Société de Cultures industrielles au Maroc,2,dreyfus-g; orcel-j
carrieresmarocaines,fruitieremaroc,Société des Carrières marocaines,Cie fruitière du Maroc,2,orcel-j; sagot-a
comptoirmaroc,developpementcasablanca,Comptoir français du Maroc,Société Générale pour le Développement de Casablanca,2,orcel-j; r-gaston-dreyfus
culturesindustriellesmaroc,developpementcasablanca,Société de Cultures industrielles au Maroc,Société Générale pour le Développement de Casablanca,2,delpech-j; orcel-j
developpementcasablanca,fruitieremaroc,Société Générale pour le Développement de Casablanca,Cie fruitière du Maroc,2,gaston-dreyfus-r; orcel-j
developpementcasablanca,industriellepetrolesmaroc,Société Générale pour le Développement de Casablanca,Compagnie Industrielle des Pétroles au Maroc,2,gaston-dreyfus-r; orcel-j
fruitieremaroc,industriellepetrolesmaroc,Cie fruitière du Maroc,Compagnie Industrielle des Pétroles au Maroc,2,gaston-dreyfus-r; orcel-j
briqueteriesfedhala,moulinsmaghreb,Briqueteries de Fedhala,Société des Moulins du Maghreb,2,prince-ch-murat; prince-d-essling
miroiteriemaroc,moulinsmaghreb,Miroiterie générale du Maroc,Société des Moulins du Maghreb,2,murat; prince-ch-murat
internationaledeveloppementtanger,socporttanger,Société internationale pour le développement de Tanger,Soc. du PORT de TANGER,2,portela; van-dorsser
agencefrance,agricolecherifienne,Agence en France,Société Agricole chérifienne,2,guynet-d; ruet-p
agencefrance,cherifienne,Agence en France,Société Générale chérifienne,2,guynet-d; ruet-p
agricolecherifienne,ergho,Société Agricole chérifienne,Ergho,2,p-ruet; ruet-p
cherifienne,entreprisesmarococcidental,Société Générale chérifienne,Société d’Entreprises du Maroc Occidental,2,fondere-a; ruet-p
cherifienne,ergho,Société Générale chérifienne,Ergho,2,ruet-p; w-guynet
chaouiamaroc,etudeshautguir,Chaouïa et Maroc,Sté d'études du Haut-Guir,2,darcy-h; harris-w
maroc,minesmaroc,Compagnie du Maroc,Société Française des Mines du Maroc,2,firminy; vincent-a
portsmarocainsmehedyakenitrarabatsale,portsmarocainsmehedyaportlyautey,Société des Ports marocains de Mehedya-Kenitra et Rabat-Salé,Société des ports marocains de Méhédya-Port-Lyautey et,2,aug-galtier; rebuffel-c
entreprisesmaroc,marocaineetablboussiron,Sté générale d'entreprises au Maroc,Société marocaine des Établ. Boussiron,2,fougerolle-j; julien
entreprisemaritimecommerciale,etudescommercemaroc,L'Entreprise maritime et commerciale,Société d'Études et de commerce au Maroc,2,estier-f; estier-h
etudescommercemaroc,foncieremarocaine,Société d'Études et de commerce au Maroc,Société Foncière Marocaine,2,estier-f; estier-h
etudescommercemaroc,manutentionmarocaine,Société d'Études et de commerce au Maroc,La Manutention marocaine,2,estier-f; estier-h
foncieremarocaine,manutentionmarocaine,Société Foncière Marocaine,La Manutention marocaine,2,estier-f; estier-h
foncieremarococcidental,industriellemarocaine,Société Foncière du Maroc Occidental,Société Industrielle marocaine,2,delpech-j; estier-h
asiatiqueafricaine,foncieremarococcidental,Compagnie Asiatique et africaine,Société Foncière du Maroc Occidental,2,delpech-j; valayer-p
banquemaroc,unioncommercialeindochinoiseafricaine,Banque française du Maroc,L'Union commerciale indochinoise et africaine,2,delpech-j; hecquet-g
cheminsfermaroc,internationaledeveloppementtanger,Compagnie des Chemins de fer du Maroc,Société internationale pour le développement de Tanger,2,lebon; lebon-a
cheminsfermaroc,miniereafriquenord,Compagnie des Chemins de fer du Maroc,Compagnie Minière de l'Afrique du Nord,2,caqueray-g; lebon-a
energieelectriquemaroc,miniereafriquenord,Énergie électrique du Maroc,Compagnie Minière de l'Afrique du Nord,2,caqueray-g; lebon-a
fermieremarocaineexploitationsagricoles,porttanger,Compagnie Fermière Marocaine d’Exploitations agricoles,Société du Port de Tanger,2,lebon-a; regnault-e
miniereafriquenord,porttanger,Compagnie Minière de l'Afrique du Nord,Société du Port de Tanger,2,caqueray-g; lebon-a
etudes,porttanger,"Société d'études, puis Société minière du Haut-Guir",Société du Port de Tanger,2,caqueray-g; harris-w
lyonnaiseetudesmaroc,soclyonnaisesebou,Société Lyonnaise d'Études au Maroc,Soc. lyonnaise du SEBOU,2,isaac-m; l-jacquier
soclyonnaiseetudesmaroc,soclyonnaisesebou,Soc. lyonnaise d'ÉTUDES AU MAROC,Soc. lyonnaise du SEBOU,2,isaac-m; l-jacquier
omniumentreprises,omniumtransportsmaroc,Omnium d'entreprises,Omnium de transports au Maroc,2,chagnaud-l; galtier-a
omniumtransportsmaroc,portsmarocains,Omnium de transports au Maroc,Ports marocains,2,chagnaud-l; galtier-a
omniumtransportsmaroc,portsmarocainsmehedyakenitrarabatsale,Omnium de transports au Maroc,Société des Ports marocains de Mehedya-Kenitra et Rabat-Salé,2,chagnaud-l; galtier-a
agricolemaroc,etudesentreprisesomniummarocain,Société Agricole du Maroc,Société d'études et d'entreprises Omnium marocain,2,guerard-h; h-guerard
agricolemaroc,omniummarocain,Société Agricole du Maroc,Omnium marocain,2,h-guerard; piot-m
agricolemaroc,agricoleouezzan,Société Agricole du Maroc,Compagnie Agricole d'Ouezzan,2,lepel-cointet-g; piot-m
agricolemaroc,agricoleouezzanmechrabelksiri,Société Agricole du Maroc,"Cie agricole d'Ouezzan, MECHRA-BEL-KSIRI",2,lepel-cointet-g; piot-m
agricolemaroc,fruitsprimeursmaroc,Société Agricole du Maroc,Fruits et primeurs du Maroc,2,lepel-cointet-g; piot-m
agricolemaroc,immobilieremedinacasablanca,Société Agricole du Maroc,Société immobilière de la Nouvelle Médina de Casablanca,2,lepel-cointet-g; piot-m
agricoleouezzan,cherifiennecolonisation,Compagnie Agricole d'Ouezzan,Compagnie Chérifienne de colonisation,2,lepel-cointet-g; piot-m
agricoleouezzan,developpementcasablanca,Compagnie Agricole d'Ouezzan,Société Générale pour le Développement de Casablanca,2,lepel-cointet-g; piot-m
agricoleouezzan,immobilierecasablanca,Compagnie Agricole d'Ouezzan,Société Immobilière de Casablanca,2,lepel-cointet-g; piot-m
agricoleouezzan,immobilieremedinacasablanca,Compagnie Agricole d'Ouezzan,Société immobilière de la Nouvelle Médina de Casablanca,2,lepel-cointet-g; piot-m
agricoleouezzanmechrabelksiri,cherifiennecolonisation,"Cie agricole d'Ouezzan, MECHRA-BEL-KSIRI",Compagnie Chérifienne de colonisation,2,lepel-cointet-g; piot-m
agricoleouezzanmechrabelksiri,developpementcasablanca,"Cie agricole d'Ouezzan, MECHRA-BEL-KSIRI",Société Générale pour le Développement de Casablanca,2,lepel-cointet-g; piot-m
agricoleouezzanmechrabelksiri,fruitsprimeursmaroc,"Cie agricole d'Ouezzan, MECHRA-BEL-KSIRI",Fruits et primeurs du Maroc,2,lepel-cointet-g; piot-m
agricoleouezzanmechrabelksiri,immobilierecasablanca,"Cie agricole d'Ouezzan, MECHRA-BEL-KSIRI",Société Immobilière de Casablanca,2,lepel-cointet-g; piot-m
agricoleouezzanmechrabelksiri,immobilieremedinacasablanca,"Cie agricole d'Ouezzan, MECHRA-BEL-KSIRI",Société immobilière de la Nouvelle Médina de Casablanca,2,lepel-cointet-g; piot-m
cherifiennecolonisation,fruitsprimeursmaroc,Compagnie Chérifienne de colonisation,Fruits et primeurs du Maroc,2,lepel-cointet-g; piot-m
cherifiennecolonisation,immobilieremedinacasablanca,Compagnie Chérifienne de colonisation,Société immobilière de la Nouvelle Médina de Casablanca,2,lepel-cointet-g; piot-m
developpementcasablanca,fruitsprimeursmaroc,Société Générale pour le Développement de Casablanca,Fruits et primeurs du Maroc,2,lepel-cointet-g; piot-m
developpementcasablanca,immobilieremedinacasablanca,Société Générale pour le Développement de Casablanca,Société immobilière de la Nouvelle Médina de Casablanca,2,lepel-cointet-g; piot-m
fruitsprimeursmaroc,immobilierecasablanca,Fruits et primeurs du Maroc,Société Immobilière de Casablanca,2,lepel-cointet-g; piot-m
fruitsprimeursmaroc,immobilieremedinacasablanca,Fruits et primeurs du Maroc,Société immobilière de la Nouvelle Médina de Casablanca,2,lepel-cointet-g; piot-m
immobilierecasablanca,immobilieremedinacasablanca,Société Immobilière de Casablanca,Société immobilière de la Nouvelle Médina de Casablanca,2,lepel-cointet-g; piot-m
banquecommercialemaroc,voyageshotelsnordafricains,Banque commerciale du Maroc,Société des voyages et hôtels nord-africains,2,angelini-m; piot-m
cherifiennecolonisation,foncierecasablanca3,Compagnie Chérifienne de colonisation,Sté foncière de Casablanca 3,2,hornung-j; piot-m
cherifiennecolonisation,maroccommerceindustrie,Compagnie Chérifienne de colonisation,Compagnie du Maroc pour le commerce et l'industrie,2,piot-m; van-den-ven-p
developpementcasablanca,foncierecasablanca,Société Générale pour le Développement de Casablanca,Société Foncière de Casablanca,2,hornung-j; piot-m
developpementcasablanca,foncierecasablanca3,Société Générale pour le Développement de Casablanca,Sté foncière de Casablanca 3,2,hornung-j; piot-m
foncierecasablanca,immobilierecasablanca,Société Foncière de Casablanca,Société Immobilière de Casablanca,2,hornung-j; piot-m
foncierecasablanca3,immobilierecasablanca,Sté foncière de Casablanca 3,Société Immobilière de Casablanca,2,hornung-j; piot-m
immobilierecasablanca,maroccommerceindustrie,Société Immobilière de Casablanca,Compagnie du Maroc pour le commerce et l'industrie,2,piot-m; van-den-ven-p
asiatiqueafricaine,manutentionmarocaine,Compagnie Asiatique et africaine,La Manutention marocaine,2,estier-f; lyautey-p
naphtesrharbcentral,naphtesrharbcentraln,Société des Naphtes du Rharb central,Société des naphtes du Rharb central (N,2,kister-e; nater-r
naphtesrharbcentraln,naphtesrhrabcentral,Société des naphtes du Rharb central (N,Sté des naphtes du Rhrab central,2,kister-e; nater-r
chomel,leoncegiraud,Chomel et Cie,Léonce Giraud,2,epicerie; import
chomel,naphtesrhrabcentral,Chomel et Cie,Sté des naphtes du Rhrab central,2,epicerie; import
commercialeagricolemaroc,naphtesrhrabcentral,Commerciale et Agricole du Maroc,Sté des naphtes du Rhrab central,2,import; tissus
mecaniqueagricolefnovembre1920,stearineriemarocaine200,"Cie générale de mécanique agricole. — Sté an., f. le novembre 1920",Stéarinerie marocaine. — 200,2,fouche-c; fr-ledoux
africainetransports,agencefrance,Compagnie Africaine de Transports,Agence en France,2,epinat-j; grand-p
africainetransports,tifnouttiranimine,Compagnie Africaine de Transports,Cie de Tifnout-Tiranimine,2,epinat-j; grand-p
agencefrance,marocaineautomobiles,Agence en France,Société marocaine d'automobiles,2,epinat-j; grand-p
autohall,prospectionetudesminieresmaroc,Auto-Hall,Société de prospection et d'études minières au Maroc,2,epinat-j; grand-p
autohall,tifnouttiranimine,Auto-Hall,Cie de Tifnout-Tiranimine,2,epinat-j; grand-p
marocaineautomobiles,omniumnordafricain,Société marocaine d'automobiles,Omnium nord-africain,2,epinat-j; grand-p
marocaineautomobiles,prospectionetudesminieresmaroc,Société marocaine d'automobiles,Société de prospection et d'études minières au Maroc,2,epinat-j; grand-p
marocaineautomobiles,tifnouttiranimine,Société marocaine d'automobiles,Cie de Tifnout-Tiranimine,2,epinat-j; grand-p
prospectionetudesminieresmaroc,transportstourismemaroc,Société de prospection et d'études minières au Maroc,Compagnie Générale de Transports et tourisme au Maroc,2,epinat-j; grand-p
tifnouttiranimine,transportstourismemaroc,Cie de Tifnout-Tiranimine,Compagnie Générale de Transports et tourisme au Maroc,2,epinat-j; grand-p
mineszellidja,penarroyamaroc,SOCIÉTÉ DES MINES DE ZELLIDJA,Peñarroya-Maroc ),2,pagezy-h; walter-j
grandsbazarsmarocains,miroiteriemaroc,Grands bazars marocains,Miroiterie générale du Maroc,2,maarec-e; s-ettedgui-i
anciensetablissementsusinesgrandsocco,immobilieremaarif,Anciens Établissements des usines du Grand Socco,Sté immobilière du Maarif,2,ettedgui-i; roffe-s
immobilierelyonnaisemarocaine,immobiliererabat,Société Immobilière Lyonnaise Marocaine,Sté immobilière de Rabat,2,fornas-b; mas-p
brasseriesmaroc,marocainepiecommerceavecunionfseetranger,"Société des Brasseries du Maroc, puis Boissons du Maroc",Sté marocaine p. Ie commerce avec l'Union fse et l'étranger,2,bonan-f; gradis-g
comptoirmaroc,marocainepiecommerceavecunionfseetranger,Comptoir français du Maroc,Sté marocaine p. Ie commerce avec l'Union fse et l'étranger,2,bonan-f; gradis-g
culturesindustriellesmaroc,marocainepiecommerceavecunionfseetranger,Société de Cultures industrielles au Maroc,Sté marocaine p. Ie commerce avec l'Union fse et l'étranger,2,bonan-f; gradis-g
fruitieremaroc,marocainepiecommerceavecunionfseetranger,Cie fruitière du Maroc,Sté marocaine p. Ie commerce avec l'Union fse et l'étranger,2,bonan-f; gradis-g
chomel,stearineriemarocaine200,Chomel et Cie,Stéarinerie marocaine. — 200,2,horlogerie; nouveautes
immobilierebriqueterie,immobilierekenitra,Société Immobilière La Briqueterie,Société Immobilière de Kénitra,2,mussard-r; waddington-r
commercialeagricolemaroc,transportsmazeres,Commerciale et Agricole du Maroc,Transports Mazères,2,chapal-e; construct
creditmarocain,marocaineainsikh,Crédit marocain,Societe marocaine d Aïn-Sikh,2,cavroy-j; gradis-g
marocaine,minoteriefrancomarocainesale,Compagnie marocaine,Minoterie franco-marocaine de Salé,2,larache; mogador
maroccommerceindustrie,minesaouli,Compagnie du Maroc pour le commerce et l'industrie,Société des Mines d'Aouli,2,sluys-m; van-den-ven-p
maroccommerceindustrie,miniereafriquenord,Compagnie du Maroc pour le commerce et l'industrie,Compagnie Minière de l'Afrique du Nord,2,sluys-m; van-den-ven-p
bonlogis,maroccommerceindustrie,Le Bon Logis,Compagnie du Maroc pour le commerce et l'industrie,2,orts-p; vauthier-j
industrielleagricolemarrakech,maroccommerceindustrie,Société industrielle et agricole de Marrakech,Compagnie du Maroc pour le commerce et l'industrie,2,orts-p; vauthier-j
energieelectriquemaroc,sucrieremarocaine,Énergie électrique du Maroc,Compagnie Sucrière Marocaine,2,courcelle-j; laurent-atthalin-a
porttanger,sucrieremarocaine,Société du Port de Tanger,Compagnie Sucrière Marocaine,2,courcelle-j; laurent-atthalin-a
agricoledoukkala,culturesindustriellesmaroc,Société Agricole des Doukkala,Société de Cultures industrielles au Maroc,2,de-joannis-e; gradis-g
agricoledoukkala,fruitieremaroc,Société Agricole des Doukkala,Cie fruitière du Maroc,2,de-joannis-e; gradis-g
agricoledoukkala,marocainesiditaibi,Société Agricole des Doukkala,Société marocaine de Sidi Taïbi,2,de-joannis-e; gradis-g
bordelaisemaroc,conservesmaroc,"Compagnie Bordelaise du Maroc, puis Bordelaise de commerce au Maroc",« Les Conserves du Maroc »,2,blanchy; gradis-g
brasseriesmaroc,cherifienneengraisproduitschimiques,"Société des Brasseries du Maroc, puis Boissons du Maroc",Société Chérifienne d'engrais et de produits chimiques,2,gradis-g; sicot-l
brasseriesnordmarocain,cherifienneengraisproduitschimiques,Société des Brasseries du Nord-Marocain,Société Chérifienne d'engrais et de produits chimiques,2,gradis-g; sicot-l
cherifienneengraisproduitschimiques,creditmarocain,Société Chérifienne d'engrais et de produits chimiques,Crédit marocain,2,gradis-g; sicot-l
comptoirmaroc,marocaineainsikh,Comptoir français du Maroc,Societe marocaine d Aïn-Sikh,2,gradis-g; joannis-e
comptoirmaroc,materieltravauxagricoles,Comptoir français du Maroc,Cie de Matériel et de travaux agricoles,2,gradis-g; joannis-e
culturesindustriellesmaroc,marocainesiditaibi,Société de Cultures industrielles au Maroc,Société marocaine de Sidi Taïbi,2,de-joannis-e; gradis-g
marocaineainsikh,marocainebeniahsen,Societe marocaine d Aïn-Sikh,Société marocaine des Béni Ahsen,2,gradis-g; quellennec-j
marocainebeniahsen,marocainebenimtir,Société marocaine des Béni Ahsen,Société Marocaine des Beni M'Tir,2,gradis-g; nis-s
marocainebeniahsen,materieltravauxagricoles,Société marocaine des Béni Ahsen,Cie de Matériel et de travaux agricoles,2,gradis-g; quellennec-j
cherifienneremorquageassistance,makanghia,Société chérifienne de remorquage et d'assistance,La Makanghia,2,tanon-a; yvan-e
cherifienneremorquageassistance,manutentionmarocaine,Société chérifienne de remorquage et d'assistance,La Manutention marocaine,2,tanon-a; yvan-e
nordafricaincommercial,unionimmobilieremarocaine,Nord-africain commercial,Union immobilière marocaine,2,borgeaud-l; grau-j
approvisionnement,marocaineapprovisionnements,Société anonyme nouvelle d'approvisionnement,Société anon. marocaine d'approvisionnements,2,toussaint-g; trubert-j
agavesagadir,agricolezemmours,Société des agaves d'Agadir,Société agricole des Zemmours,2,sagot-a; toussaint-g
agavesagadir,approvisionnement,Société des agaves d'Agadir,Société anonyme nouvelle d'approvisionnement,2,sagot-a; toussaint-g
agavesagadir,habitationsmaroc,Société des agaves d'Agadir,Société d'Habitations au Maroc,2,sagot-a; toussaint-g
agavesagadir,marocaineapprovisionnement,Société des agaves d'Agadir,Marocaine d'approvisionnement,2,sagot-a; toussaint-g
agavesagadir,moulinsmaghreb,Société des agaves d'Agadir,Société des Moulins du Maghreb,2,sagot-a; toussaint-g
agavesagadir,pecheriesconservesalimentaires,Société des agaves d'Agadir,Société anonyme de pêcheries et conserves alimentaires,2,sagot-a; toussaint-g
agavesmaroc,agricolezemmours,Société des agaves du Maroc,Société agricole des Zemmours,2,sagot-a; toussaint-g
agavesmaroc,approvisionnement,Société des agaves du Maroc,Société anonyme nouvelle d'approvisionnement,2,sagot-a; toussaint-g
agavesmaroc,habitationsmaroc,Société des agaves du Maroc,Société d'Habitations au Maroc,2,sagot-a; toussaint-g
agavesmaroc,marocaineapprovisionnement,Société des agaves du Maroc,Marocaine d'approvisionnement,2,sagot-a; toussaint-g
agavesmaroc,moulinsmaghreb,Société des agaves du Maroc,Société des Moulins du Maghreb,2,sagot-a; toussaint-g
agavesmaroc,pecheriesconservesalimentaires,Société des agaves du Maroc,Société anonyme de pêcheries et conserves alimentaires,2,sagot-a; toussaint-g
agricolezemmours,approvisionnement,Société agricole des Zemmours,Société anonyme nouvelle d'approvisionnement,2,sagot-a; toussaint-g
agricolezemmours,habitationsmaroc,Société agricole des Zemmours,Société d'Habitations au Maroc,2,sagot-a; toussaint-g
agricolezemmours,lesieurafrique,Société agricole des Zemmours,Lesieur-Afrique,2,sagot-a; toussaint-g
agricolezemmours,marocaineapprovisionnement,Société agricole des Zemmours,Marocaine d'approvisionnement,2,sagot-a; toussaint-g
agricolezemmours,pecheriesconservesalimentaires,Société agricole des Zemmours,Société anonyme de pêcheries et conserves alimentaires,2,sagot-a; toussaint-g
approvisionnement,habitationsmaroc,Société anonyme nouvelle d'approvisionnement,Société d'Habitations au Maroc,2,sagot-a; toussaint-g
approvisionnement,lesieurafrique,Société anonyme nouvelle d'approvisionnement,Lesieur-Afrique,2,sagot-a; toussaint-g
automobilemarocaine,franceauto,Générale automobile marocaine,France-Auto,2,epinat-j; toussaint-g
automobilemarocaine,nordautomobiles,Générale automobile marocaine,Société Nord-Automobiles,2,epinat-j; toussaint-g
etablbozzibaudin,franceauto,Établ. Bozzi et Baudin,France-Auto,2,epinat-j; toussaint-g
etablbozzibaudin,nordautomobiles,Établ. Bozzi et Baudin,Société Nord-Automobiles,2,epinat-j; toussaint-g
etablbozzibaudin,omniumnordafricain,Établ. Bozzi et Baudin,Omnium nord-africain,2,epinat-j; toussaint-g
franceauto,nordautomobiles,France-Auto,Société Nord-Automobiles,2,epinat-j; toussaint-g
habitationsmaroc,lesieurafrique,Société d'Habitations au Maroc,Lesieur-Afrique,2,sagot-a; toussaint-g
habitationsmaroc,pecheriesconservesalimentaires,Société d'Habitations au Maroc,Société anonyme de pêcheries et conserves alimentaires,2,sagot-a; toussaint-g
lesieurafrique,marocaineapprovisionnement,Lesieur-Afrique,Marocaine d'approvisionnement,2,sagot-a; toussaint-g
lesieurafrique,moulinsmaghreb,Lesieur-Afrique,Société des Moulins du Maghreb,2,sagot-a; toussaint-g
lesieurafrique,pecheriesconservesalimentaires,Lesieur-Afrique,Société anonyme de pêcheries et conserves alimentaires,2,sagot-a; toussaint-g
minoteriesatlas,omniumnordafricain,Société anon. des minoteries de l'Atlas,Omnium nord-africain,2,mourgnot-p; toussaint-g
moulinsmaghreb,omniumnordafricain,Société des Moulins du Maghreb,Omnium nord-africain,2,painvin-g; toussaint-g
nordautomobiles,omniumnordafricain,Société Nord-Automobiles,Omnium nord-africain,2,epinat-j; toussaint-g
omniumnordafricain,pecheriesconservesalimentaires,Omnium nord-africain,Société anonyme de pêcheries et conserves alimentaires,2,painvin-g; toussaint-g
marocaineboismateriauxconstruction,marocaineimmobilieredarbeida,Société marocaine des bois et matériaux de Construction,Société marocaine immobilière « Dar et Beida »,2,goullioud-h; thomasset-j
manutentionmarocaine,marocainemetallurgique,La Manutention marocaine,Société Marocaine Métallurgique,2,gorchs-chacou-f; marceron-m
marocainecharbonsbriquettes,marocainemetallurgique,Société Marocaine de Charbons et briquettes,Société Marocaine Métallurgique,2,gorchs-chacou-f; marceron-m
marocainemetallurgique,portfedhala,Société Marocaine Métallurgique,Compagnie du Port de Fedhala,2,galoppe-r; gorchs-chacou-f
geranceexploitation,horticolearboricolemarocaine,Société anon. de gérance et d'exploitation,Société Horticole et Arboricole Marocaine,2,hanquet-p; maunoury-j
chauxcimentsmateriauxconstructionmaroc,consortiumindustrielcommercialafriquenord,"Chaux, ciments et matériaux de construction au Maroc",Consortium industriel et commercial de l'Afrique du Nord,2,gutzeit; hailaust-g
africaineateliersconstructionschwartzhautmont,minierebouazzergraara,Cie africaine des ateliers de construction Schwartz-Hautmont,Société minière du Bou-Azzer et du Graâra,2,epinat-j; mourgnot-p
africaineateliersconstructionschwartzhautmont,minieremaroc,Cie africaine des ateliers de construction Schwartz-Hautmont,Compagnie Minière du Maroc,2,epinat-j; mourgnot-p
africaineateliersconstructionschwartzhautmont,prospectionetudesminieresmaroc,Cie africaine des ateliers de construction Schwartz-Hautmont,Société de prospection et d'études minières au Maroc,2,epinat-j; mourgnot-p
africaineateliersconstructionschwartzhautmont,tifnouttiranimine,Cie africaine des ateliers de construction Schwartz-Hautmont,Cie de Tifnout-Tiranimine,2,epinat-j; mourgnot-p
africainematerielindustriel,automobilemarocaine,Société africaine de matériel industriel,Générale automobile marocaine,2,chateau-g; epinat-j
africainematerielindustriel,etablbozzibaudin,Société africaine de matériel industriel,Établ. Bozzi et Baudin,2,chateau-g; epinat-j
africainematerielindustriel,nordautomobiles,Société africaine de matériel industriel,Société Nord-Automobiles,2,chalmeton-de-croy; epinat-j
africainetransports,minierebouazzergraara,Compagnie Africaine de Transports,Société minière du Bou-Azzer et du Graâra,2,epinat-j; paris-e
agencefrance,minierebouazzergraara,Agence en France,Société minière du Bou-Azzer et du Graâra,2,epinat-j; mourgnot-p
agencefrance,minieremaroc,Agence en France,Compagnie Minière du Maroc,2,epinat-j; mourgnot-p
franceauto,minierebouazzergraara,France-Auto,Société minière du Bou-Azzer et du Graâra,2,epinat-j; paris-e
franceauto,prospectionetudesminieresmaroc,France-Auto,Société de prospection et d'études minières au Maroc,2,epinat-j; paris-e
lyonmaroc,transportstourismemaroc,Lyon-Maroc,Compagnie Générale de Transports et tourisme au Maroc,2,epinat-j; vichy
marocaineexploitationsminieres,minierebouazzergraara,Société marocaine d'exploitations minières,Société minière du Bou-Azzer et du Graâra,2,epinat-j; paris-e
marocaineexploitationsminieres,prospectionetudesminieresmaroc,Société marocaine d'exploitations minières,Société de prospection et d'études minières au Maroc,2,epinat-j; paris-e
minierebouazzergraara,tifnouttiranimine,Société minière du Bou-Azzer et du Graâra,Cie de Tifnout-Tiranimine,2,epinat-j; mourgnot-p
minieremaroc,omniumnordafricain,Compagnie Minière du Maroc,Omnium nord-africain,2,epinat-j; mourgnot-p
minieremaroc,prospectionetudesminieresmaroc,Compagnie Minière du Maroc,Société de prospection et d'études minières au Maroc,2,epinat-j; mourgnot-p
minieremaroc,tifnouttiranimine,Compagnie Minière du Maroc,Cie de Tifnout-Tiranimine,2,epinat-j; mourgnot-p
fsepetrolesmaroc,paris,Cie Fse des PÉTROLES DU MAROC,À Paris,2,danset-m; palliez-a
paris,petrolesmaroc,À Paris,Compagnie Française des Pétroles du Maroc,2,danset-m; palliez-a
marocainecarburants,paris,Compagnie Marocaine des Carburants,À Paris,2,danset-m; mallet-m
cherifiennehivernage,sudmarocain,Société Chérifienne d'hivernage,Compagnie du Sud-Marocain,2,descours-desacres; froment-guieysse-g
caissepretsimmobiliersmaroc,portfedala,Caisse de prêts immobiliers du Maroc,Cie du port de Fédala,2,jourdanne-a; renaudin-l
marocaine,marocainemagasinsgeneraux,Compagnie marocaine,Société marocaine de magasins généraux,2,jourdanne-a; renaudin-l
marocaine,portfedala,Compagnie marocaine,Cie du port de Fédala,2,jourdanne-a; renaudin-l
marocainemagasinsgeneraux,portfedala,Société marocaine de magasins généraux,Cie du port de Fédala,2,jourdanne-a; renaudin-l
marocainedistributioneaugazelectricite,sucrieremarocaine,"Société Marocaine de distribution d'eau, de gaz et d'électricité",Compagnie Sucrière Marocaine,2,guerin-a; laurent-atthalin-a
caissepretsimmobiliersmaroc,fermieremarocaineexploitationsagricoles,Caisse de prêts immobiliers du Maroc,Compagnie Fermière Marocaine d’Exploitations agricoles,2,gendre-e; philippar-p
liegesmamora,socliegeslasserens,"Société des Lièges de la Mamora, puis Compagnie de la Mamora",Soc. an. des LIÈGES DE LASSERENS,2,becot-h; guerin-j
socliegeslasserens,sucrieremarocaine,Soc. an. des LIÈGES DE LASSERENS,Compagnie Sucrière Marocaine,2,guerin-a; guerin-j
marocaineetablboussiron,marocaineexploitationsforestieres,Société marocaine des Établ. Boussiron,Société Marocaine d'Exploitations forestières,2,coeytaux-e; julien
energieelectriquemaroc,tramwaysautobuscasablanca,Énergie électrique du Maroc,Compagnie des Tramways et autobus de Casablanca,2,julien; julien-m
entreprisesmaroc,tramwaysautobuscasablanca,Sté générale d'entreprises au Maroc,Compagnie des Tramways et autobus de Casablanca,2,jahan-l; julien
autohall,produitsmaroc,Auto-Hall,« Les Produits du Maroc »,2,guillemet-p; mas-p
omniumnordafricain,produitsmaroc,Omnium nord-africain,« Les Produits du Maroc »,2,guillemet-p; mas-p
cherifienneautomobilesmaterielagricole,sudauto,Société chérifienne d'automobiles et de matériel agricole,"« Sud-Auto », anc. Établ. Saclier",2,barathon-e; duplain-p
minoteriebiscuiterieanfa,minoteriemarocaine,Minoterie et biscuiterie d'Anfa,Minoterie marocaine,2,cohen-m; haim-nahon-a
cultureelevagefedalafedala,salinesfedala,"Société de culture et d'élevage de Fédala, FÉDALA",Salines de Fédala,2,foucault-g; peraire-j
agricolemarocaine,banqueetatmaroc,Agricole Marocaine,Banque d'État du Maroc,2,guyot-g; laroche-j
distilleriesmarocaines,etudesentreprisesmaroc,Société Distilleries marocaines des,Société d'études et d'entreprises au Maroc,2,benelbas-a; coutelle-l
huileriessavonneriescherifiennes,immobiliereanfa,Huileries et savonneries chérifiennes,Société Immobilière d'Anfa,2,courtenay-lamb-f; worthington-w
industrielleagricolemarrakech,oumrebia,Société industrielle et agricole de Marrakech,L'Oum Rebia,2,tolila-e; tolila-h
commercialemaghreb,creditmaghreb,Cie commerciale du Maghreb,Crédit du Maghreb,2,legal-c; mahieux-h
commercialemaghreb,mobiliereimmobilierefrancomarocaine,Cie commerciale du Maghreb,Société mobilière et immobilière franco-marocaine,2,legal-c; mahieux-h
creditmaghreb,mobiliereimmobilierefrancomarocaine,Crédit du Maghreb,Société mobilière et immobilière franco-marocaine,2,legal-c; mahieux-h
caissepretsimmobiliersmaroc,tramwaysautobusfes,Caisse de prêts immobiliers du Maroc,Cie des tramways et autobus de Fès,2,fournet-j; poirre-h
espartina,immobilierekenitreenneterrainsindustriels,Sté Espartina,Société immobilière kénitréenne de terrains industriels,2,mussard-r; perriquet-c
espartina,immobilierevillehaute,Sté Espartina,Immobilière Ville-Haute,2,mussard-r; perriquet-c
immobilierekenitreenneterrainsindustriels,immobilierevillehaute,Société immobilière kénitréenne de terrains industriels,Immobilière Ville-Haute,2,mussard-r; perriquet-c
chomel,marrakechauto,Chomel et Cie,Marrakech-Auto,2,d-import-c; lombardet-c
etablissementsbeteille,etsmenagerkenitra,Établissements L. Béteille,Éts Ménager ; Kénitra,2,carle-g; menager-h
forestierekcebia,roannaisefermesafriquenord,Société Forestière de Kcebia,Société Roannaise des Fermes de l'Afrique du Nord,2,desbenoit-l; sauvegrain-l
banqueparisiennemaroc,marocaineconstructionsmetalliques,Banque parisienne pour le Maroc,Société marocaine de constructions métalliques,2,eustache-v; machavoine-g
fermessegmet,socessencesvegetalesafricaines,Société des fermes du Segmet,Soc. des ESSENCES VÉGÉTALES AFRICAINES,2,guillemet-p; villiers-h
agricoleimmobobilieremarococcidental,horticolearboricolemarocaine,Société Agricole et Immobobilière du Maroc occidental,Société Horticole et Arboricole Marocaine,2,gand; hanquet-p
horticolearboricolemarocaine,viticolemarocaine,Société Horticole et Arboricole Marocaine,Société viticole marocaine,2,beernaert-h; hanquet-p
africaineimportationcharbonsbriquettesnordpas,minierehautguir,Société africaine d'importation de charbons et briquettes du Nord et du Pas,Société minière du Haut-Guir,2,delage-y; schiaffino-l
africainebordelaiseindustrielle,africaineeuropecentrale,Société africaine et bordelaise industrielle,Société africaine pour l'Europe Centrale,2,harle-a; lafon-j
pecheriesconservesalimentaires,tramwaysautobuscasablanca,Société anonyme de pêcheries et conserves alimentaires,Compagnie des Tramways et autobus de Casablanca,2,amadou-g; geraud-l
cherifienneetablissementsmory,colonialeindustriellecommerciale,Société Chérifienne des Établissements Mory et Cie,Cie Coloniale Industrielle et Commerciale,2,granier-deferre-h; masset-e
colonialeindustriellecommerciale,marocainepetrolesmory,Cie Coloniale Industrielle et Commerciale,Société marocaine des pétroles Mory,2,granier-deferre-h; masset-e
cherifienneenergie,marocainedistributioneaugazelectricite,Société chérifienne d'énergie,"Société Marocaine de distribution d'eau, de gaz et d'électricité",2,bonfils-m; guerin-a
hydrauliqueafrique,marocaineapplicationselectriques,L'Hydraulique-Afrique,Société marocaine d'applications électriques,2,bonfils-m; thuillier-j
cheminsfermaroc,cherifienneenergie,Compagnie des Chemins de fer du Maroc,Société chérifienne d'énergie,2,ardoin-p; guerin-a
cheminsfermaroc,cherifiennepetroles,Compagnie des Chemins de fer du Maroc,Société Chérifienne des Pétroles,2,ferasson-l; guerin-a
cheminsfermaroc,marocaineapplicationselectriques,Compagnie des Chemins de fer du Maroc,Société marocaine d'applications électriques,2,ardoin-p; guerin-a
cheminsfermaroc,marocaineexploitationsminieresbouarfa,Compagnie des Chemins de fer du Maroc,"Société Marocaine d'Exploitations minières, Bou-Arfa",2,ferasson-l; guerin-a
cheminsfermaroc,marocaineexploitationsminieresbouarfaparoujda,Compagnie des Chemins de fer du Maroc,"Société marocaine d'exploitations minières, BOU-ARFA, par Oujda",2,ferasson-l; guerin-a
cheminsfermarocoriental,cherifienneenergie,Compagnie des Chemins de fer de du Maroc oriental,Société chérifienne d'énergie,2,ardoin-p; guerin-a
cheminsfermarocoriental,marocaineapplicationselectriques,Compagnie des Chemins de fer de du Maroc oriental,Société marocaine d'applications électriques,2,ardoin-p; guerin-a
cheminsfermarocoriental,marocaineexploitationsminieres,Compagnie des Chemins de fer de du Maroc oriental,Société marocaine d'exploitations minières,2,delattre-l; guerin-a
cherifienneenergie,minesbouarfa,Société chérifienne d'énergie,Société des Mines de Bou-Arfa,2,ardoin-p; guerin-a
cherifiennepetroles,marocainedistributioneaugazelectricite,Société Chérifienne des Pétroles,"Société Marocaine de distribution d'eau, de gaz et d'électricité",2,guerin-a; siegler-j
cherifiennepetroles,marocaineexploitationsminieresbouarfa,Société Chérifienne des Pétroles,"Société Marocaine d'Exploitations minières, Bou-Arfa",2,ferasson-l; guerin-a
cherifiennepetroles,marocaineexploitationsminieresbouarfaparoujda,Société Chérifienne des Pétroles,"Société marocaine d'exploitations minières, BOU-ARFA, par Oujda",2,ferasson-l; guerin-a
marocaineapplicationselectriques,minesbouarfa,Société marocaine d'applications électriques,Société des Mines de Bou-Arfa,2,ardoin-p; guerin-a
energieelectriquemaroc,marocaineapplicationselectriques,Énergie électrique du Maroc,Société marocaine d'applications électriques,2,ardoin-p; julien-m
elevagemeknesagouraiparmeknes,nordafricaineventespubliques,"Société d'élevage de Meknès, AGOURAI, par Meknès",Société Nord-Africaine de Ventes publiques,2,lallour-m; pollet-r
developpementminier,minierebramraneminieredjebilet,Société de développement minier,Société minière du Bramrane.Société minière des Djebilet,2,eug-paris; mourgnot-p
agadir,fermessegmet,Compagnie d'Agadir,Société des fermes du Segmet,2,restany-p; villiers-h
cherifiennepetroles,minieremarocaine,Société Chérifienne des Pétroles,Minière Marocaine,2,ferasson-l; salvane-l
eclairageforcemaroc,tramwaysautobuscasablanca,Cie d'Éclairage et de force au Maroc,Compagnie des Tramways et autobus de Casablanca,2,jahan-l; vericourt
minierebouazzergraara,minieretichka,Société minière du Bou-Azzer et du Graâra,Cie minière du Tichka,2,aguillon-j; demnati-l
conservesfedalasardineriecascadec,francomarocainefedala,Société anon. de Conserves de Fédala Sardinerie Cascadec,Cie franco-marocaine de Fédala,2,foucault-g; perrin-de-brichambaut-p
entrepotsfrigorifiquesafriquenord,francomarocainefedala,Société des Entrepôts frigorifiques de l'Afrique du Nord,Cie franco-marocaine de Fédala,2,foucault-g; perrin-de-brichambaut-p
entrepotsfrigorifiquesafriquenord,salinesmaroc,Société des Entrepôts frigorifiques de l'Afrique du Nord,Salines du Maroc,2,defougere-g; perrin-de-brichambaut-p
hotelieremarhaba,immobilieresudmarocain,Société hôtelière « Marhaba »,Société immobilière du Sud marocain,2,ant-nunzi; dailloux-j
minierebramrane,miniererehamna,Société Minière du Bramrane,Société minière des Rehamna,2,chastel-a; heurteau-c
entreprisesarboricolesagricolesmaroc,foncieremaroc,Société d'Entreprises arboricoles et agricoles au Maroc,Société Foncière Française au Maroc,2,clynans-p; de-schoonen-d
foncieremaroc,industrielleagricolemarrakech,Société Foncière Française au Maroc,Société industrielle et agricole de Marrakech,2,de-schoonen-d; vauthier-j
conservesfedalasardineriecascadec,cultureelevagefedalafedala,Société anon. de Conserves de Fédala Sardinerie Cascadec,"Société de culture et d'élevage de Fédala, FÉDALA",2,foucault-g; foucault-j
cherifienneetudesminieres,cherifiennepetroles,Société Chérifienne d'études minières,Société Chérifienne des Pétroles,2,friedel-e; lantenois-h
cherifienneetudesminieres,etudesexploitationsminierestadla,Société Chérifienne d'études minières,Société d'études et d'exploitations minières du Tadla,2,lantenois-h; vigier
cherifiennepetroles,etudesexploitationsminierestadla,Société Chérifienne des Pétroles,Société d'études et d'exploitations minières du Tadla,2,harroy-j; lantenois-h
pecheriesconservesalimentaires,pecheriesconservesalimentairescasablancabenimellal,Société anonyme de pêcheries et conserves alimentaires,"Pêcheries et de conserves alimentaires, Casablanca, Beni-Mellal",2,berge-l; cadoret-f
metauxproduitschimiques,minesgraphitemarocouminesgraphitesmaroc,Métaux et produits chimiques,Mines et graphite du Maroc ou Mines et graphites du Maroc,2,berger-h; berger-v
metauxproduitschimiques,prospectionetudesminieresmaroc,Métaux et produits chimiques,Société de prospection et d'études minières au Maroc,2,berger-h; berger-v
metauxproduitschimiques,societesminieregundafa,Métaux et produits chimiques,Sociétés Minière des Gundafa,2,berger-h; berger-v
minesgraphitemarocouminesgraphitesmaroc,minieregundafa,Mines et graphite du Maroc ou Mines et graphites du Maroc,Société minière des Gundafa,2,berger-h; berger-v
minesgraphitemarocouminesgraphitesmaroc,minieresmala,Mines et graphite du Maroc ou Mines et graphites du Maroc,Société minière des Smala,2,berger-h; berger-v
minesgraphitemarocouminesgraphitesmaroc,prospectionetudesminieresmaroc,Mines et graphite du Maroc ou Mines et graphites du Maroc,Société de prospection et d'études minières au Maroc,2,berger-h; berger-v
minesgraphitemarocouminesgraphitesmaroc,societesminieregundafa,Mines et graphite du Maroc ou Mines et graphites du Maroc,Sociétés Minière des Gundafa,2,berger-h; berger-v
minieregundafa,prospectionetudesminieresmaroc,Société minière des Gundafa,Société de prospection et d'études minières au Maroc,2,berger-h; berger-v
minieresmala,prospectionetudesminieresmaroc,Société minière des Smala,Société de prospection et d'études minières au Maroc,2,berger-h; berger-v
minieresmala,societesminieregundafa,Société minière des Smala,Sociétés Minière des Gundafa,2,berger-h; berger-v
prospectionetudesminieresmaroc,societesminieregundafa,Société de prospection et d'études minières au Maroc,Sociétés Minière des Gundafa,2,berger-h; berger-v
rabatieagriculture,rbatieagriculture,Société anon. Rabatie d'agriculture,R'Batie d'Agriculture,2,calderon-f; rageot-a
agricoledoukkala,agricoledoukkaladomainebenihellalparsidiben,Société Agricole des Doukkala,"Société agricole des Doukkala, Domaine des Beni-Hellal, par Sidi Ben",2,hirsch-p; leven-r
agricoletadla,mutuellehypothecairefrancosudamericaine,Société Agricole du Tadla,Mutuelle hypothécaire Franco-Sud Américaine,2,de-montalivet-c; seydoux-c
comptoirimmobiliermaroc,fermieresourcesmineralesoulmes,Comptoir immobilier du Maroc,Société fermière des sources minérales d'Oulmès,2,bertrand-j; burger-r
autonomecherifiennecarburants,tramwaysautobusfes,L'Autonome chérifienne des carburants,Cie des tramways et autobus de Fès,2,audibert-g; poirre-h
autonomecherifiennecarburants,tramwaysautobusmeknes,L'Autonome chérifienne des carburants,Cie des tramways et autobus de Meknès,2,audibert-g; poirre-h
tramwaysautobusfes,tramwaysautobusmeknes,Cie des tramways et autobus de Fès,Cie des tramways et autobus de Meknès,2,audibert-g; poirre-h
commercemaroc,outremer,Compagnie Générale de Commerce au Maroc,Compagnie Générale d'Outre-mer,2,achalme-j; gogelein-p
cooperativemeunieremarocaine,minoterieatlasboujab,Coopérative meunière marocaine,"Minoterie de l'Atlas à Boujab, puis Société nouvelle des minoteries de l'Atlas",2,levy-s; moulins-du-maghreb
entreprisemarocaineasphaltage,huileriessavonneriesmaroc,Entreprise marocaine d'asphaltage,Huileries et savonneries du Maroc,2,angst-g; greggory-m
marrakechauto,tuileriesbriqueteriesmarrakech,Marrakech-Auto,Tuileries et briqueteries de Marrakech,2,masse-h; renault-a
marocaineterrescultures,unionimmobilieremarocaine,Société marocaine de Terres et cultures,Union immobilière marocaine,2,averseng-g; averseng-j
argilesbouadra,carrieresouedyquemchezmjeancailleing,Sté des argiles de Bou-Adra,"Société des carrières de l'Oued-Yquem, chez M. Jean Caillé, ing",2,bachy-p; laures-f
argilesbouadra,cherifiennesondagesinjectionsforages,Sté des argiles de Bou-Adra,"Société chérifienne de sondages, injections, forages",2,bachy-p; caille-j
carrieresouedyquemchezmjeancailleing,cherifiennesondagesinjectionsforages,"Société des carrières de l'Oued-Yquem, chez M. Jean Caillé, ing","Société chérifienne de sondages, injections, forages",2,bachy-p; postel-r
exploitationverreriemaroc,exploitationverreriemarocsouvent,Société d'exploitation de verrerie au Maroc,Exploitation de verrerie au Maroc (souvent,2,georges-p-sainte-marie-bom; vilcoq-j
immobilierefes,marocaineagriculturecommerce,Société Immobilière de Fès,Société Marocaine pour l'agriculture et le commerce,2,jacobs-a; jaureguiberry-j
marocfoncier,moulinsbaruk,Maroc foncier,Moulins D. Baruk,2,baruk-d; baruk-g
representationsindustriellescommerciales,venteproduitsmetallurgiquespaulfenie,Sté de représentations industrielles et commerciales,Société de vente de produits métallurgiques Paul Fénié,2,champin-p; silhol-m
maroccommercialeimmob,salinesfedala,Sté maroc. commerciale et immob,Salines de Fédala,2,defougere-g; fedala
maroccommercialeimmob,valdora,Sté maroc. commerciale et immob,Sté anon. Valdora,2,defougere-g; fedala
domaineelmoudzine,immobilierekenitra,Domaine d’El-Moudzine,Société Immobilière de Kénitra,2,morsier-e; mussard-r
balima,cherifienneexploitationscommerciales,Société Balima,Société chérifienne d'exploitations commerciales,2,liorel-a; mathias-l
etudescommerceindustrie,etudestravauxartmaroc,Sté d'études pour le commerce et l'industrie,Société d’Études et de Travaux d'art du Maroc,2,pelnard-considere-l; soulie-c
creditmarocain,minieremetallurgique,Crédit marocain,Cie minière et métallurgique,2,gugenheim-j; gugenheim-r
banquenationalecommerceindustrie,creditmarocain,Banque nationale pour le commerce et l'industrie,Crédit marocain,2,pose-a; sicot-l
brasseriesmaroc,nordafricainefinancementparticipations,"Société des Brasseries du Maroc, puis Boissons du Maroc",Société nord-africaine de financement et de participations,2,monnier-c; sicot-l
brasseriesnordmarocain,nordafricainefinancementparticipations,Société des Brasseries du Nord-Marocain,Société nord-africaine de financement et de participations,2,monnier-c; sicot-l
creditmaghreb,techniqueetudesindustriellescommercialesmarocsteic,Crédit du Maghreb,Société technique d'études industrielles et commerciales au Maroc (STEIC,2,favre-gilly-r; meynial-r
mineraisfermagnetiquemoktaelhadid,minesbouskour,Cie des minerais de fer magnétique de Mokta-el-Hadid,Société des Mines de Bou-Skour,2,boissonnas-r; lafond-h
banqueetatmaroc,etablissementsluchaire,Banque d'État du Maroc,Établissements LUCHAIRE,2,lisbonne; madrid
immobilierenordafrique,nordafricaineentreprises,"Société Immobilière du Nord de l'Afrique, puis Société nord-africaine d'entreprise",Société Nord-Africaine d'Entreprises,2,et-maurice-vanderheyden; leplus-p
commercialemarocaine,societesminieregundafa,Compagnie Commerciale Marocaine,Sociétés Minière des Gundafa,2,labesse-g; prodon-p
abattoirsmunicipauxindustrielsmaroc,banqueetatmaroc,Société générale des Abattoirs municipaux et industriels au Maroc,Banque d'État du Maroc,1,atthalin-a
abattoirsmunicipauxindustrielsmaroc,caissepretsimmobiliersmaroc,Société générale des Abattoirs municipaux et industriels au Maroc,Caisse de prêts immobiliers du Maroc,1,atthalin-a
abattoirsmunicipauxindustrielsmaroc,cheminfertangerfez,Société générale des Abattoirs municipaux et industriels au Maroc,Chemin de fer Tanger-Fez,1,atthalin-a
abattoirsmunicipauxindustrielsmaroc,cheminsfermaroc,Société générale des Abattoirs municipaux et industriels au Maroc,Compagnie des Chemins de fer du Maroc,1,atthalin-a
abattoirsmunicipauxindustrielsmaroc,energieelectriquemaroc,Société générale des Abattoirs municipaux et industriels au Maroc,Énergie électrique du Maroc,1,atthalin-a
abattoirsmunicipauxindustrielsmaroc,explosifs,Société générale des Abattoirs municipaux et industriels au Maroc,Société générale d'explosifs,1,atthalin-a
abattoirsmunicipauxindustrielsmaroc,francoespagnolecheminfertangerfez,Société générale des Abattoirs municipaux et industriels au Maroc,Compagnie franco-espagnole du Chemin de fer de Tanger à Fez,1,atthalin-a
abattoirsmunicipauxindustrielsmaroc,francomarocaine,Société générale des Abattoirs municipaux et industriels au Maroc,Société Générale Franco-Marocaine,1,atthalin-a
abattoirsmunicipauxindustrielsmaroc,internationaleregiecointeresseetabacsmaroc,Société générale des Abattoirs municipaux et industriels au Maroc,Société internationale de régie co-intéressée des Tabacs au Maroc,1,atthalin-a
abattoirsmunicipauxindustrielsmaroc,portsmarocainsmehedyaportlyautey,Société générale des Abattoirs municipaux et industriels au Maroc,Société des ports marocains de Méhédya-Port-Lyautey et,1,atthalin-a
abattoirsmunicipauxindustrielsmaroc,porttanger,Société générale des Abattoirs municipaux et industriels au Maroc,Société du Port de Tanger,1,atthalin-a
abattoirsmunicipauxmaroc,agricolezemmours,Sté générale des abattoirs municipaux au Maroc,Société agricole des Zemmours,1,atthalin-a
abattoirsmunicipauxmaroc,banqueetatmaroc,Sté générale des abattoirs municipaux au Maroc,Banque d'État du Maroc,1,atthalin-a
abattoirsmunicipauxmaroc,caissepretsimmobiliersmaroc,Sté générale des abattoirs municipaux au Maroc,Caisse de prêts immobiliers du Maroc,1,atthalin-a
abattoirsmunicipauxmaroc,cheminfertangerfez,Sté générale des abattoirs municipaux au Maroc,Chemin de fer Tanger-Fez,1,atthalin-a
abattoirsmunicipauxmaroc,cheminsfermaroc,Sté générale des abattoirs municipaux au Maroc,Compagnie des Chemins de fer du Maroc,1,atthalin-a
abattoirsmunicipauxmaroc,cheminsfermarocoriental,Sté générale des abattoirs municipaux au Maroc,Compagnie des Chemins de fer de du Maroc oriental,1,atthalin-a
abattoirsmunicipauxmaroc,energieelectriquemaroc,Sté générale des abattoirs municipaux au Maroc,Énergie électrique du Maroc,1,atthalin-a
abattoirsmunicipauxmaroc,explosifs,Sté générale des abattoirs municipaux au Maroc,Société générale d'explosifs,1,atthalin-a
abattoirsmunicipauxmaroc,francoespagnolecheminfertangerfez,Sté générale des abattoirs municipaux au Maroc,Compagnie franco-espagnole du Chemin de fer de Tanger à Fez,1,atthalin-a
abattoirsmunicipauxmaroc,francomarocaine,Sté générale des abattoirs municipaux au Maroc,Société Générale Franco-Marocaine,1,atthalin-a
abattoirsmunicipauxmaroc,internationaleregiecointeresseetabacsmaroc,Sté générale des abattoirs municipaux au Maroc,Société internationale de régie co-intéressée des Tabacs au Maroc,1,atthalin-a
abattoirsmunicipauxmaroc,portsmarocainsmehedyaportlyautey,Sté générale des abattoirs municipaux au Maroc,Société des ports marocains de Méhédya-Port-Lyautey et,1,atthalin-a
abattoirsmunicipauxmaroc,porttanger,Sté générale des abattoirs municipaux au Maroc,Société du Port de Tanger,1,atthalin-a
abattoirsmunicipauxmaroc,tabacsmaroc,Sté générale des abattoirs municipaux au Maroc,Tabacs au Maroc,1,atthalin-a
agricolezemmours,banqueetatmaroc,Société agricole des Zemmours,Banque d'État du Maroc,1,atthalin-a
agricolezemmours,caissepretsimmobiliersmaroc,Société agricole des Zemmours,Caisse de prêts immobiliers du Maroc,1,atthalin-a
agricolezemmours,cheminfertangerfez,Société agricole des Zemmours,Chemin de fer Tanger-Fez,1,atthalin-a
agricolezemmours,cheminsfermaroc,Société agricole des Zemmours,Compagnie des Chemins de fer du Maroc,1,atthalin-a
agricolezemmours,distributioneau,Société agricole des Zemmours,DISTRIBUTION D'EAU,1,atthalin-a
agricolezemmours,distributioneaugazelectricite,Société agricole des Zemmours,"DISTRIBUTION D'EAU, DE GAZ ET D'ÉLECTRICITÉ",1,atthalin-a
agricolezemmours,energieelectriquemaroc,Société agricole des Zemmours,Énergie électrique du Maroc,1,atthalin-a
agricolezemmours,explosifs,Société agricole des Zemmours,Société générale d'explosifs,1,atthalin-a
agricolezemmours,francoespagnolecheminfertangerfez,Société agricole des Zemmours,Compagnie franco-espagnole du Chemin de fer de Tanger à Fez,1,atthalin-a
agricolezemmours,francomarocaine,Société agricole des Zemmours,Société Générale Franco-Marocaine,1,atthalin-a
agricolezemmours,huileriesmaghreb,Société agricole des Zemmours,Société des Huileries du Maghreb,1,atthalin-a
agricolezemmours,internationaleregiecointeresseetabacsmaroc,Société agricole des Zemmours,Société internationale de régie co-intéressée des Tabacs au Maroc,1,atthalin-a
agricolezemmours,portsmarocainsmehedyaportlyautey,Société agricole des Zemmours,Société des ports marocains de Méhédya-Port-Lyautey et,1,atthalin-a
agricolezemmours,porttanger,Société agricole des Zemmours,Société du Port de Tanger,1,atthalin-a
agricolezemmours,sebou,Société agricole des Zemmours,Compagnie du Sebou,1,atthalin-a
agricolezemmours,socgenabattoirsmunicipauxindustrielsmaroc,Société agricole des Zemmours,Soc. gén. des ABATTOIRS MUNICIPAUX ET INDUSTRIELS AU MAROC,1,atthalin-a
banqueetatmaroc,cheminfertangerfez,Banque d'État du Maroc,Chemin de fer Tanger-Fez,1,atthalin-a
banqueetatmaroc,cheminsfermarocoriental,Banque d'État du Maroc,Compagnie des Chemins de fer de du Maroc oriental,1,atthalin-a
banqueetatmaroc,constructioncivile,Banque d'État du Maroc,Construction civile,1,atthalin-a
banqueetatmaroc,distributioneau,Banque d'État du Maroc,DISTRIBUTION D'EAU,1,atthalin-a
banqueetatmaroc,distributioneaugazelectricite,Banque d'État du Maroc,"DISTRIBUTION D'EAU, DE GAZ ET D'ÉLECTRICITÉ",1,atthalin-a
banqueetatmaroc,entreprisesmaroc,Banque d'État du Maroc,Sté générale d'entreprises au Maroc,1,atthalin-a
banqueetatmaroc,explosifs,Banque d'État du Maroc,Société générale d'explosifs,1,atthalin-a
banqueetatmaroc,fasielectricite,Banque d'État du Maroc,Compagnie Fasi d'Électricité,1,atthalin-a
banqueetatmaroc,francomarocaine,Banque d'État du Maroc,Société Générale Franco-Marocaine,1,atthalin-a
banqueetatmaroc,moulinsmaghreb,Banque d'État du Maroc,Société des Moulins du Maghreb,1,atthalin-a
banqueetatmaroc,portsmarocainsmehedyaportlyautey,Banque d'État du Maroc,Société des ports marocains de Méhédya-Port-Lyautey et,1,atthalin-a
banqueetatmaroc,sebou,Banque d'État du Maroc,Compagnie du Sebou,1,atthalin-a
banqueetatmaroc,socgenabattoirsmunicipauxindustrielsmaroc,Banque d'État du Maroc,Soc. gén. des ABATTOIRS MUNICIPAUX ET INDUSTRIELS AU MAROC,1,atthalin-a
caissepretsimmobiliersmaroc,cheminfertangerfez,Caisse de prêts immobiliers du Maroc,Chemin de fer Tanger-Fez,1,atthalin-a
caissepretsimmobiliersmaroc,cheminsfermarocoriental,Caisse de prêts immobiliers du Maroc,Compagnie des Chemins de fer de du Maroc oriental,1,atthalin-a
caissepretsimmobiliersmaroc,constructioncivile,Caisse de prêts immobiliers du Maroc,Construction civile,1,atthalin-a
caissepretsimmobiliersmaroc,distributioneau,Caisse de prêts immobiliers du Maroc,DISTRIBUTION D'EAU,1,atthalin-a
caissepretsimmobiliersmaroc,distributioneaugazelectricite,Caisse de prêts immobiliers du Maroc,"DISTRIBUTION D'EAU, DE GAZ ET D'ÉLECTRICITÉ",1,atthalin-a
caissepretsimmobiliersmaroc,entreprisesmaroc,Caisse de prêts immobiliers du Maroc,Sté générale d'entreprises au Maroc,1,atthalin-a
caissepretsimmobiliersmaroc,explosifs,Caisse de prêts immobiliers du Maroc,Société générale d'explosifs,1,atthalin-a
caissepretsimmobiliersmaroc,francoespagnolecheminfertangerfez,Caisse de prêts immobiliers du Maroc,Compagnie franco-espagnole du Chemin de fer de Tanger à Fez,1,atthalin-a
caissepretsimmobiliersmaroc,francomarocaine,Caisse de prêts immobiliers du Maroc,Société Générale Franco-Marocaine,1,atthalin-a
caissepretsimmobiliersmaroc,huileriesmaghreb,Caisse de prêts immobiliers du Maroc,Société des Huileries du Maghreb,1,atthalin-a
caissepretsimmobiliersmaroc,internationaleregiecointeresseetabacsmaroc,Caisse de prêts immobiliers du Maroc,Société internationale de régie co-intéressée des Tabacs au Maroc,1,atthalin-a
caissepretsimmobiliersmaroc,moulinsmaghreb,Caisse de prêts immobiliers du Maroc,Société des Moulins du Maghreb,1,atthalin-a
caissepretsimmobiliersmaroc,portsmarocainsmehedyaportlyautey,Caisse de prêts immobiliers du Maroc,Société des ports marocains de Méhédya-Port-Lyautey et,1,atthalin-a
caissepretsimmobiliersmaroc,socgenabattoirsmunicipauxindustrielsmaroc,Caisse de prêts immobiliers du Maroc,Soc. gén. des ABATTOIRS MUNICIPAUX ET INDUSTRIELS AU MAROC,1,atthalin-a
cheminfertangerfez,cheminsfermarocoriental,Chemin de fer Tanger-Fez,Compagnie des Chemins de fer de du Maroc oriental,1,atthalin-a
cheminfertangerfez,constructioncivile,Chemin de fer Tanger-Fez,Construction civile,1,atthalin-a
cheminfertangerfez,distributioneau,Chemin de fer Tanger-Fez,DISTRIBUTION D'EAU,1,atthalin-a
cheminfertangerfez,distributioneaugazelectricite,Chemin de fer Tanger-Fez,"DISTRIBUTION D'EAU, DE GAZ ET D'ÉLECTRICITÉ",1,atthalin-a
cheminfertangerfez,entreprisesmaroc,Chemin de fer Tanger-Fez,Sté générale d'entreprises au Maroc,1,atthalin-a
cheminfertangerfez,explosifs,Chemin de fer Tanger-Fez,Société générale d'explosifs,1,atthalin-a
cheminfertangerfez,fasielectricite,Chemin de fer Tanger-Fez,Compagnie Fasi d'Électricité,1,atthalin-a
cheminfertangerfez,francomarocaine,Chemin de fer Tanger-Fez,Société Générale Franco-Marocaine,1,atthalin-a
cheminfertangerfez,huileriesmaghreb,Chemin de fer Tanger-Fez,Société des Huileries du Maghreb,1,atthalin-a
cheminfertangerfez,internationaleregiecointeresseetabacsmaroc,Chemin de fer Tanger-Fez,Société internationale de régie co-intéressée des Tabacs au Maroc,1,atthalin-a
cheminfertangerfez,marocainedistributioneaugazelectricite,Chemin de fer Tanger-Fez,"Société Marocaine de distribution d'eau, de gaz et d'électricité",1,atthalin-a
cheminfertangerfez,marocaineentrepriseimmobilieremobiliere,Chemin de fer Tanger-Fez,"Société Marocaine d'entreprise générale immobilière et mobilière, puis La Construction marocaine et La Construction civile",1,atthalin-a
cheminfertangerfez,moulinsmaghreb,Chemin de fer Tanger-Fez,Société des Moulins du Maghreb,1,atthalin-a
cheminfertangerfez,portsmarocainsmehedyaportlyautey,Chemin de fer Tanger-Fez,Société des ports marocains de Méhédya-Port-Lyautey et,1,atthalin-a
cheminfertangerfez,porttanger,Chemin de fer Tanger-Fez,Société du Port de Tanger,1,atthalin-a
cheminfertangerfez,sebou,Chemin de fer Tanger-Fez,Compagnie du Sebou,1,atthalin-a
cheminfertangerfez,socgenabattoirsmunicipauxindustrielsmaroc,Chemin de fer Tanger-Fez,Soc. gén. des ABATTOIRS MUNICIPAUX ET INDUSTRIELS AU MAROC,1,atthalin-a
cheminfertangerfez,tabacsmaroc,Chemin de fer Tanger-Fez,Tabacs au Maroc,1,atthalin-a
cheminsfermaroc,constructioncivile,Compagnie des Chemins de fer du Maroc,Construction civile,1,atthalin-a
cheminsfermaroc,distributioneau,Compagnie des Chemins de fer du Maroc,DISTRIBUTION D'EAU,1,atthalin-a
cheminsfermaroc,distributioneaugazelectricite,Compagnie des Chemins de fer du Maroc,"DISTRIBUTION D'EAU, DE GAZ ET D'ÉLECTRICITÉ",1,atthalin-a
cheminsfermaroc,explosifs,Compagnie des Chemins de fer du Maroc,Société générale d'explosifs,1,atthalin-a
cheminsfermaroc,huileriesmaghreb,Compagnie des Chemins de fer du Maroc,Société des Huileries du Maghreb,1,atthalin-a
cheminsfermaroc,portsmarocainsmehedyaportlyautey,Compagnie des Chemins de fer du Maroc,Société des ports marocains de Méhédya-Port-Lyautey et,1,atthalin-a
cheminsfermaroc,socgenabattoirsmunicipauxindustrielsmaroc,Compagnie des Chemins de fer du Maroc,Soc. gén. des ABATTOIRS MUNICIPAUX ET INDUSTRIELS AU MAROC,1,atthalin-a
cheminsfermarocoriental,distributioneau,Compagnie des Chemins de fer de du Maroc oriental,DISTRIBUTION D'EAU,1,atthalin-a
cheminsfermarocoriental,distributioneaugazelectricite,Compagnie des Chemins de fer de du Maroc oriental,"DISTRIBUTION D'EAU, DE GAZ ET D'ÉLECTRICITÉ",1,atthalin-a
cheminsfermarocoriental,entreprisesmaroc,Compagnie des Chemins de fer de du Maroc oriental,Sté générale d'entreprises au Maroc,1,atthalin-a
cheminsfermarocoriental,explosifs,Compagnie des Chemins de fer de du Maroc oriental,Société générale d'explosifs,1,atthalin-a
cheminsfermarocoriental,francomarocaine,Compagnie des Chemins de fer de du Maroc oriental,Société Générale Franco-Marocaine,1,atthalin-a
cheminsfermarocoriental,huileriesmaghreb,Compagnie des Chemins de fer de du Maroc oriental,Société des Huileries du Maghreb,1,atthalin-a
cheminsfermarocoriental,internationaleregiecointeresseetabacsmaroc,Compagnie des Chemins de fer de du Maroc oriental,Société internationale de régie co-intéressée des Tabacs au Maroc,1,atthalin-a
cheminsfermarocoriental,portsmarocainsmehedyaportlyautey,Compagnie des Chemins de fer de du Maroc oriental,Société des ports marocains de Méhédya-Port-Lyautey et,1,atthalin-a
cheminsfermarocoriental,porttanger,Compagnie des Chemins de fer de du Maroc oriental,Société du Port de Tanger,1,atthalin-a
cheminsfermarocoriental,sebou,Compagnie des Chemins de fer de du Maroc oriental,Compagnie du Sebou,1,atthalin-a
cheminsfermarocoriental,socgenabattoirsmunicipauxindustrielsmaroc,Compagnie des Chemins de fer de du Maroc oriental,Soc. gén. des ABATTOIRS MUNICIPAUX ET INDUSTRIELS AU MAROC,1,atthalin-a
constructioncivile,energieelectriquemaroc,Construction civile,Énergie électrique du Maroc,1,atthalin-a
constructioncivile,explosifs,Construction civile,Société générale d'explosifs,1,atthalin-a
constructioncivile,francoespagnolecheminfertangerfez,Construction civile,Compagnie franco-espagnole du Chemin de fer de Tanger à Fez,1,atthalin-a
constructioncivile,francomarocaine,Construction civile,Société Générale Franco-Marocaine,1,atthalin-a
constructioncivile,internationaleregiecointeresseetabacsmaroc,Construction civile,Société internationale de régie co-intéressée des Tabacs au Maroc,1,atthalin-a
constructioncivile,portsmarocainsmehedyaportlyautey,Construction civile,Société des ports marocains de Méhédya-Port-Lyautey et,1,atthalin-a
constructioncivile,porttanger,Construction civile,Société du Port de Tanger,1,atthalin-a
distributioneau,entreprisesmaroc,DISTRIBUTION D'EAU,Sté générale d'entreprises au Maroc,1,atthalin-a
distributioneau,explosifs,DISTRIBUTION D'EAU,Société générale d'explosifs,1,atthalin-a
distributioneau,francoespagnolecheminfertangerfez,DISTRIBUTION D'EAU,Compagnie franco-espagnole du Chemin de fer de Tanger à Fez,1,atthalin-a
distributioneau,francomarocaine,DISTRIBUTION D'EAU,Société Générale Franco-Marocaine,1,atthalin-a
distributioneau,internationaleregiecointeresseetabacsmaroc,DISTRIBUTION D'EAU,Société internationale de régie co-intéressée des Tabacs au Maroc,1,atthalin-a
distributioneau,portsmarocainsmehedyaportlyautey,DISTRIBUTION D'EAU,Société des ports marocains de Méhédya-Port-Lyautey et,1,atthalin-a
distributioneau,porttanger,DISTRIBUTION D'EAU,Société du Port de Tanger,1,atthalin-a
distributioneau,socgenabattoirsmunicipauxindustrielsmaroc,DISTRIBUTION D'EAU,Soc. gén. des ABATTOIRS MUNICIPAUX ET INDUSTRIELS AU MAROC,1,atthalin-a
distributioneau,tabacsmaroc,DISTRIBUTION D'EAU,Tabacs au Maroc,1,atthalin-a
distributioneaugazelectricite,energieelectriquemaroc,"DISTRIBUTION D'EAU, DE GAZ ET D'ÉLECTRICITÉ",Énergie électrique du Maroc,1,atthalin-a
distributioneaugazelectricite,entreprisesmaroc,"DISTRIBUTION D'EAU, DE GAZ ET D'ÉLECTRICITÉ",Sté générale d'entreprises au Maroc,1,atthalin-a
distributioneaugazelectricite,explosifs,"DISTRIBUTION D'EAU, DE GAZ ET D'ÉLECTRICITÉ",Société générale d'explosifs,1,atthalin-a
distributioneaugazelectricite,francoespagnolecheminfertangerfez,"DISTRIBUTION D'EAU, DE GAZ ET D'ÉLECTRICITÉ",Compagnie franco-espagnole du Chemin de fer de Tanger à Fez,1,atthalin-a
distributioneaugazelectricite,francomarocaine,"DISTRIBUTION D'EAU, DE GAZ ET D'ÉLECTRICITÉ",Société Générale Franco-Marocaine,1,atthalin-a
distributioneaugazelectricite,internationaleregiecointeresseetabacsmaroc,"DISTRIBUTION D'EAU, DE GAZ ET D'ÉLECTRICITÉ",Société internationale de régie co-intéressée des Tabacs au Maroc,1,atthalin-a
distributioneaugazelectricite,portsmarocainsmehedyaportlyautey,"DISTRIBUTION D'EAU, DE GAZ ET D'ÉLECTRICITÉ",Société des ports marocains de Méhédya-Port-Lyautey et,1,atthalin-a
distributioneaugazelectricite,porttanger,"DISTRIBUTION D'EAU, DE GAZ ET D'ÉLECTRICITÉ",Société du Port de Tanger,1,atthalin-a
distributioneaugazelectricite,socgenabattoirsmunicipauxindustrielsmaroc,"DISTRIBUTION D'EAU, DE GAZ ET D'ÉLECTRICITÉ",Soc. gén. des ABATTOIRS MUNICIPAUX ET INDUSTRIELS AU MAROC,1,atthalin-a
distributioneaugazelectricite,tabacsmaroc,"DISTRIBUTION D'EAU, DE GAZ ET D'ÉLECTRICITÉ",Tabacs au Maroc,1,atthalin-a
energieelectriquemaroc,explosifs,Énergie électrique du Maroc,Société générale d'explosifs,1,atthalin-a
energieelectriquemaroc,huileriesmaghreb,Énergie électrique du Maroc,Société des Huileries du Maghreb,1,atthalin-a
energieelectriquemaroc,socgenabattoirsmunicipauxindustrielsmaroc,Énergie électrique du Maroc,Soc. gén. des ABATTOIRS MUNICIPAUX ET INDUSTRIELS AU MAROC,1,atthalin-a
entreprisesmaroc,explosifs,Sté générale d'entreprises au Maroc,Société générale d'explosifs,1,atthalin-a
entreprisesmaroc,fasielectricite,Sté générale d'entreprises au Maroc,Compagnie Fasi d'Électricité,1,atthalin-a
entreprisesmaroc,francoespagnolecheminfertangerfez,Sté générale d'entreprises au Maroc,Compagnie franco-espagnole du Chemin de fer de Tanger à Fez,1,atthalin-a
entreprisesmaroc,internationaleregiecointeresseetabacsmaroc,Sté générale d'entreprises au Maroc,Société internationale de régie co-intéressée des Tabacs au Maroc,1,atthalin-a
entreprisesmaroc,maroc,Sté générale d'entreprises au Maroc,Compagnie du Maroc,1,atthalin-a
entreprisesmaroc,porttanger,Sté générale d'entreprises au Maroc,Société du Port de Tanger,1,atthalin-a
entreprisesmaroc,tabacsmaroc,Sté générale d'entreprises au Maroc,Tabacs au Maroc,1,atthalin-a
explosifs,francoespagnolecheminfertangerfez,Société générale d'explosifs,Compagnie franco-espagnole du Chemin de fer de Tanger à Fez,1,atthalin-a
explosifs,francomarocaine,Société générale d'explosifs,Société Générale Franco-Marocaine,1,atthalin-a
explosifs,huileriesmaghreb,Société générale d'explosifs,Société des Huileries du Maghreb,1,atthalin-a
explosifs,internationaleregiecointeresseetabacsmaroc,Société générale d'explosifs,Société internationale de régie co-intéressée des Tabacs au Maroc,1,atthalin-a
explosifs,maroc,Société générale d'explosifs,Compagnie du Maroc,1,atthalin-a
explosifs,marocainedistributioneaugazelectricite,Société générale d'explosifs,"Société Marocaine de distribution d'eau, de gaz et d'électricité",1,atthalin-a
explosifs,portsmarocainsmehedyaportlyautey,Société générale d'explosifs,Société des ports marocains de Méhédya-Port-Lyautey et,1,atthalin-a
explosifs,porttanger,Société générale d'explosifs,Société du Port de Tanger,1,atthalin-a
explosifs,sebou,Société générale d'explosifs,Compagnie du Sebou,1,atthalin-a
explosifs,socgenabattoirsmunicipauxindustrielsmaroc,Société générale d'explosifs,Soc. gén. des ABATTOIRS MUNICIPAUX ET INDUSTRIELS AU MAROC,1,atthalin-a
explosifs,tabacsmaroc,Société générale d'explosifs,Tabacs au Maroc,1,atthalin-a
fasielectricite,francoespagnolecheminfertangerfez,Compagnie Fasi d'Électricité,Compagnie franco-espagnole du Chemin de fer de Tanger à Fez,1,atthalin-a
fasielectricite,francomarocaine,Compagnie Fasi d'Électricité,Société Générale Franco-Marocaine,1,atthalin-a
fasielectricite,portsmarocainsmehedyaportlyautey,Compagnie Fasi d'Électricité,Société des ports marocains de Méhédya-Port-Lyautey et,1,atthalin-a
francoespagnolecheminfertangerfez,francomarocaine,Compagnie franco-espagnole du Chemin de fer de Tanger à Fez,Société Générale Franco-Marocaine,1,atthalin-a
francoespagnolecheminfertangerfez,huileriesmaghreb,Compagnie franco-espagnole du Chemin de fer de Tanger à Fez,Société des Huileries du Maghreb,1,atthalin-a
francoespagnolecheminfertangerfez,marocainedistributioneaugazelectricite,Compagnie franco-espagnole du Chemin de fer de Tanger à Fez,"Société Marocaine de distribution d'eau, de gaz et d'électricité",1,atthalin-a
francoespagnolecheminfertangerfez,marocaineentrepriseimmobilieremobiliere,Compagnie franco-espagnole du Chemin de fer de Tanger à Fez,"Société Marocaine d'entreprise générale immobilière et mobilière, puis La Construction marocaine et La Construction civile",1,atthalin-a
francoespagnolecheminfertangerfez,moulinsmaghreb,Compagnie franco-espagnole du Chemin de fer de Tanger à Fez,Société des Moulins du Maghreb,1,atthalin-a
francoespagnolecheminfertangerfez,porttanger,Compagnie franco-espagnole du Chemin de fer de Tanger à Fez,Société du Port de Tanger,1,atthalin-a
francoespagnolecheminfertangerfez,socgenabattoirsmunicipauxindustrielsmaroc,Compagnie franco-espagnole du Chemin de fer de Tanger à Fez,Soc. gén. des ABATTOIRS MUNICIPAUX ET INDUSTRIELS AU MAROC,1,atthalin-a
francomarocaine,huileriesmaghreb,Société Générale Franco-Marocaine,Société des Huileries du Maghreb,1,atthalin-a
francomarocaine,internationaleregiecointeresseetabacsmaroc,Société Générale Franco-Marocaine,Société internationale de régie co-intéressée des Tabacs au Maroc,1,atthalin-a
francomarocaine,maroc,Société Générale Franco-Marocaine,Compagnie du Maroc,1,atthalin-a
francomarocaine,marocaineentrepriseimmobilieremobiliere,Société Générale Franco-Marocaine,"Société Marocaine d'entreprise générale immobilière et mobilière, puis La Construction marocaine et La Construction civile",1,atthalin-a
francomarocaine,porttanger,Société Générale Franco-Marocaine,Société du Port de Tanger,1,atthalin-a
francomarocaine,socgenabattoirsmunicipauxindustrielsmaroc,Société Générale Franco-Marocaine,Soc. gén. des ABATTOIRS MUNICIPAUX ET INDUSTRIELS AU MAROC,1,atthalin-a
huileriesmaghreb,internationaleregiecointeresseetabacsmaroc,Société des Huileries du Maghreb,Société internationale de régie co-intéressée des Tabacs au Maroc,1,atthalin-a
huileriesmaghreb,portsmarocainsmehedyaportlyautey,Société des Huileries du Maghreb,Société des ports marocains de Méhédya-Port-Lyautey et,1,atthalin-a
huileriesmaghreb,porttanger,Société des Huileries du Maghreb,Société du Port de Tanger,1,atthalin-a
huileriesmaghreb,tabacsmaroc,Société des Huileries du Maghreb,Tabacs au Maroc,1,atthalin-a
internationaleregiecointeresseetabacsmaroc,marocaineentrepriseimmobilieremobiliere,Société internationale de régie co-intéressée des Tabacs au Maroc,"Société Marocaine d'entreprise générale immobilière et mobilière, puis La Construction marocaine et La Construction civile",1,atthalin-a
internationaleregiecointeresseetabacsmaroc,moulinsmaghreb,Société internationale de régie co-intéressée des Tabacs au Maroc,Société des Moulins du Maghreb,1,atthalin-a
internationaleregiecointeresseetabacsmaroc,portsmarocainsmehedyaportlyautey,Société internationale de régie co-intéressée des Tabacs au Maroc,Société des ports marocains de Méhédya-Port-Lyautey et,1,atthalin-a
internationaleregiecointeresseetabacsmaroc,porttanger,Société internationale de régie co-intéressée des Tabacs au Maroc,Société du Port de Tanger,1,atthalin-a
internationaleregiecointeresseetabacsmaroc,sebou,Société internationale de régie co-intéressée des Tabacs au Maroc,Compagnie du Sebou,1,atthalin-a
internationaleregiecointeresseetabacsmaroc,socgenabattoirsmunicipauxindustrielsmaroc,Société internationale de régie co-intéressée des Tabacs au Maroc,Soc. gén. des ABATTOIRS MUNICIPAUX ET INDUSTRIELS AU MAROC,1,atthalin-a
maroc,socgenabattoirsmunicipauxindustrielsmaroc,Compagnie du Maroc,Soc. gén. des ABATTOIRS MUNICIPAUX ET INDUSTRIELS AU MAROC,1,atthalin-a
marocainedistributioneaugazelectricite,socgenabattoirsmunicipauxindustrielsmaroc,"Société Marocaine de distribution d'eau, de gaz et d'électricité",Soc. gén. des ABATTOIRS MUNICIPAUX ET INDUSTRIELS AU MAROC,1,atthalin-a
marocaineentrepriseimmobilieremobiliere,portsmarocainsmehedyaportlyautey,"Société Marocaine d'entreprise générale immobilière et mobilière, puis La Construction marocaine et La Construction civile",Société des ports marocains de Méhédya-Port-Lyautey et,1,atthalin-a
moulinsmaghreb,portsmarocainsmehedyaportlyautey,Société des Moulins du Maghreb,Société des ports marocains de Méhédya-Port-Lyautey et,1,atthalin-a
portsmarocainsmehedyaportlyautey,porttanger,Société des ports marocains de Méhédya-Port-Lyautey et,Société du Port de Tanger,1,atthalin-a
portsmarocainsmehedyaportlyautey,socgenabattoirsmunicipauxindustrielsmaroc,Société des ports marocains de Méhédya-Port-Lyautey et,Soc. gén. des ABATTOIRS MUNICIPAUX ET INDUSTRIELS AU MAROC,1,atthalin-a
portsmarocainsmehedyaportlyautey,tabacsmaroc,Société des ports marocains de Méhédya-Port-Lyautey et,Tabacs au Maroc,1,atthalin-a
porttanger,socgenabattoirsmunicipauxindustrielsmaroc,Société du Port de Tanger,Soc. gén. des ABATTOIRS MUNICIPAUX ET INDUSTRIELS AU MAROC,1,atthalin-a
sebou,tabacsmaroc,Compagnie du Sebou,Tabacs au Maroc,1,atthalin-a
socgenabattoirsmunicipauxindustrielsmaroc,tabacsmaroc,Soc. gén. des ABATTOIRS MUNICIPAUX ET INDUSTRIELS AU MAROC,Tabacs au Maroc,1,atthalin-a
abattoirsmunicipauxindustrielsmaroc,horticolearboricolemarocaine,Société générale des Abattoirs municipaux et industriels au Maroc,Société Horticole et Arboricole Marocaine,1,braunschvig-g
abattoirsmunicipauxmaroc,horticolearboricolemarocaine,Sté générale des abattoirs municipaux au Maroc,Société Horticole et Arboricole Marocaine,1,braunschvig-g
chauxcimentsmateriauxconstructionmaroc,entreprisesmaroc,"Chaux, ciments et matériaux de construction au Maroc",Sté générale d'entreprises au Maroc,1,braunschvig-g
chauxcimentsmateriauxconstructionmaroc,horticolearboricolemarocaine,"Chaux, ciments et matériaux de construction au Maroc",Société Horticole et Arboricole Marocaine,1,braunschvig-g
constructioncivile,horticolearboricolemarocaine,Construction civile,Société Horticole et Arboricole Marocaine,1,braunschvig-g
entreprisesmaroc,horticolearboricolemarocaine,Sté générale d'entreprises au Maroc,Société Horticole et Arboricole Marocaine,1,braunschvig-g
horticolearboricolemarocaine,huileriesmaghreb,Société Horticole et Arboricole Marocaine,Société des Huileries du Maghreb,1,braunschvig-g
horticolearboricolemarocaine,marocaineentrepriseimmobilieremobiliere,Société Horticole et Arboricole Marocaine,"Société Marocaine d'entreprise générale immobilière et mobilière, puis La Construction marocaine et La Construction civile",1,braunschvig-g
horticolearboricolemarocaine,socgenabattoirsmunicipauxindustrielsmaroc,Société Horticole et Arboricole Marocaine,Soc. gén. des ABATTOIRS MUNICIPAUX ET INDUSTRIELS AU MAROC,1,braunschvig-g
abattoirsmunicipauxindustrielsmaroc,docksagriculture,Société générale des Abattoirs municipaux et industriels au Maroc,Docks de l'Agriculture,1,cotte-l
abattoirsmunicipauxindustrielsmaroc,etudesrecherchestraitementphosphatesmaroc,Société générale des Abattoirs municipaux et industriels au Maroc,Société d'études et de recherches du traitement des Phosphates au Maroc,1,cotte-l
abattoirsmunicipauxindustrielsmaroc,immobilierelyonannonay,Société générale des Abattoirs municipaux et industriels au Maroc,Société immobilière Lyon-Annonay,1,cotte-l
abattoirsmunicipauxindustrielsmaroc,industrielleboismanufacture,Société générale des Abattoirs municipaux et industriels au Maroc,Société industrielle du bois manufacturé,1,cotte-l
abattoirsmunicipauxindustrielsmaroc,minessidirahmoun,Société générale des Abattoirs municipaux et industriels au Maroc,Société des mines de Sidi Rahmoun,1,cotte-l
abattoirsmunicipauxmaroc,docksagriculture,Sté générale des abattoirs municipaux au Maroc,Docks de l'Agriculture,1,cotte-l
abattoirsmunicipauxmaroc,etudesrecherchestraitementphosphatesmaroc,Sté générale des abattoirs municipaux au Maroc,Société d'études et de recherches du traitement des Phosphates au Maroc,1,cotte-l
abattoirsmunicipauxmaroc,immobilierelyonannonay,Sté générale des abattoirs municipaux au Maroc,Société immobilière Lyon-Annonay,1,cotte-l
abattoirsmunicipauxmaroc,industrielleboismanufacture,Sté générale des abattoirs municipaux au Maroc,Société industrielle du bois manufacturé,1,cotte-l
abattoirsmunicipauxmaroc,minessidirahmoun,Sté générale des abattoirs municipaux au Maroc,Société des mines de Sidi Rahmoun,1,cotte-l
banquefoncieremaroc,docksagriculture,Banque foncière du Maroc,Docks de l'Agriculture,1,cotte-l
banquefoncieremaroc,etudesrecherchestraitementphosphatesmaroc,Banque foncière du Maroc,Société d'études et de recherches du traitement des Phosphates au Maroc,1,cotte-l
banquefoncieremaroc,financierefrancomarocaine,Banque foncière du Maroc,Sté financière franco-marocaine,1,cotte-l
banquefoncieremaroc,immobilierelyonannonay,Banque foncière du Maroc,Société immobilière Lyon-Annonay,1,cotte-l
banquefoncieremaroc,industrielleboismanufacture,Banque foncière du Maroc,Société industrielle du bois manufacturé,1,cotte-l
banquefoncieremaroc,minessidirahmoun,Banque foncière du Maroc,Société des mines de Sidi Rahmoun,1,cotte-l
docksagriculture,domainebeniamar,Docks de l'Agriculture,Domaine de Béni-Amar,1,cotte-l
docksagriculture,etudesrecherchestraitementphosphatesmaroc,Docks de l'Agriculture,Société d'études et de recherches du traitement des Phosphates au Maroc,1,cotte-l
docksagriculture,financierefrancomarocaine,Docks de l'Agriculture,Sté financière franco-marocaine,1,cotte-l
docksagriculture,immobilierelyonannonay,Docks de l'Agriculture,Société immobilière Lyon-Annonay,1,cotte-l
docksagriculture,industrielleboismanufacture,Docks de l'Agriculture,Société industrielle du bois manufacturé,1,cotte-l
docksagriculture,minessidirahmoun,Docks de l'Agriculture,Société des mines de Sidi Rahmoun,1,cotte-l
docksagriculture,socgenabattoirsmunicipauxindustrielsmaroc,Docks de l'Agriculture,Soc. gén. des ABATTOIRS MUNICIPAUX ET INDUSTRIELS AU MAROC,1,cotte-l
domainebeniamar,etudesrecherchestraitementphosphatesmaroc,Domaine de Béni-Amar,Société d'études et de recherches du traitement des Phosphates au Maroc,1,cotte-l
domainebeniamar,immobilierelyonannonay,Domaine de Béni-Amar,Société immobilière Lyon-Annonay,1,cotte-l
domainebeniamar,industrielleboismanufacture,Domaine de Béni-Amar,Société industrielle du bois manufacturé,1,cotte-l
domainebeniamar,minessidirahmoun,Domaine de Béni-Amar,Société des mines de Sidi Rahmoun,1,cotte-l
etudesrecherchestraitementphosphatesmaroc,financierefrancomarocaine,Société d'études et de recherches du traitement des Phosphates au Maroc,Sté financière franco-marocaine,1,cotte-l
etudesrecherchestraitementphosphatesmaroc,immobilierelyonannonay,Société d'études et de recherches du traitement des Phosphates au Maroc,Société immobilière Lyon-Annonay,1,cotte-l
etudesrecherchestraitementphosphatesmaroc,industrielleboismanufacture,Société d'études et de recherches du traitement des Phosphates au Maroc,Société industrielle du bois manufacturé,1,cotte-l
etudesrecherchestraitementphosphatesmaroc,minessidirahmoun,Société d'études et de recherches du traitement des Phosphates au Maroc,Société des mines de Sidi Rahmoun,1,cotte-l
etudesrecherchestraitementphosphatesmaroc,socgenabattoirsmunicipauxindustrielsmaroc,Société d'études et de recherches du traitement des Phosphates au Maroc,Soc. gén. des ABATTOIRS MUNICIPAUX ET INDUSTRIELS AU MAROC,1,cotte-l
financierefrancomarocaine,immobilierelyonannonay,Sté financière franco-marocaine,Société immobilière Lyon-Annonay,1,cotte-l
financierefrancomarocaine,industrielleboismanufacture,Sté financière franco-marocaine,Société industrielle du bois manufacturé,1,cotte-l
financierefrancomarocaine,minessidirahmoun,Sté financière franco-marocaine,Société des mines de Sidi Rahmoun,1,cotte-l
immobilierelyonannonay,industrielleboismanufacture,Société immobilière Lyon-Annonay,Société industrielle du bois manufacturé,1,cotte-l
immobilierelyonannonay,minessidirahmoun,Société immobilière Lyon-Annonay,Société des mines de Sidi Rahmoun,1,cotte-l
immobilierelyonannonay,socgenabattoirsmunicipauxindustrielsmaroc,Société immobilière Lyon-Annonay,Soc. gén. des ABATTOIRS MUNICIPAUX ET INDUSTRIELS AU MAROC,1,cotte-l
industrielleboismanufacture,minessidirahmoun,Société industrielle du bois manufacturé,Société des mines de Sidi Rahmoun,1,cotte-l
industrielleboismanufacture,socgenabattoirsmunicipauxindustrielsmaroc,Société industrielle du bois manufacturé,Soc. gén. des ABATTOIRS MUNICIPAUX ET INDUSTRIELS AU MAROC,1,cotte-l
minessidirahmoun,socgenabattoirsmunicipauxindustrielsmaroc,Société des mines de Sidi Rahmoun,Soc. gén. des ABATTOIRS MUNICIPAUX ET INDUSTRIELS AU MAROC,1,cotte-l
abattoirsmunicipauxindustrielsmaroc,entrepotsfrigorifiquesafriquenord,Société générale des Abattoirs municipaux et industriels au Maroc,Société des Entrepôts frigorifiques de l'Afrique du Nord,1,dal-piaz-j
abattoirsmunicipauxindustrielsmaroc,entreprisemaritimecommerciale,Société générale des Abattoirs municipaux et industriels au Maroc,L'Entreprise maritime et commerciale,1,dal-piaz-j
abattoirsmunicipauxindustrielsmaroc,loiremaroc,Société générale des Abattoirs municipaux et industriels au Maroc,« Loire-Maroc »,1,dal-piaz-j
abattoirsmunicipauxindustrielsmaroc,makanghia,Société générale des Abattoirs municipaux et industriels au Maroc,La Makanghia,1,dal-piaz-j
abattoirsmunicipauxindustrielsmaroc,manutentionmarocaine,Société générale des Abattoirs municipaux et industriels au Maroc,La Manutention marocaine,1,dal-piaz-j
abattoirsmunicipauxindustrielsmaroc,marocainecharbonsbriquettes,Société générale des Abattoirs municipaux et industriels au Maroc,Société Marocaine de Charbons et briquettes,1,dal-piaz-j
abattoirsmunicipauxindustrielsmaroc,portfedhala,Société générale des Abattoirs municipaux et industriels au Maroc,Compagnie du Port de Fedhala,1,dal-piaz-j
abattoirsmunicipauxindustrielsmaroc,unioncommercialeindochinoiseafricaine,Société générale des Abattoirs municipaux et industriels au Maroc,L'Union commerciale indochinoise et africaine,1,dal-piaz-j
abattoirsmunicipauxindustrielsmaroc,voyageshotelsnordafricains,Société générale des Abattoirs municipaux et industriels au Maroc,Société des voyages et hôtels nord-africains,1,dal-piaz-j
abattoirsmunicipauxmaroc,entrepotsfrigorifiquesafriquenord,Sté générale des abattoirs municipaux au Maroc,Société des Entrepôts frigorifiques de l'Afrique du Nord,1,dal-piaz-j
abattoirsmunicipauxmaroc,entreprisemaritimecommerciale,Sté générale des abattoirs municipaux au Maroc,L'Entreprise maritime et commerciale,1,dal-piaz-j
abattoirsmunicipauxmaroc,loiremaroc,Sté générale des abattoirs municipaux au Maroc,« Loire-Maroc »,1,dal-piaz-j
abattoirsmunicipauxmaroc,makanghia,Sté générale des abattoirs municipaux au Maroc,La Makanghia,1,dal-piaz-j
abattoirsmunicipauxmaroc,manutentionmarocaine,Sté générale des abattoirs municipaux au Maroc,La Manutention marocaine,1,dal-piaz-j
abattoirsmunicipauxmaroc,marocainecharbonsbriquettes,Sté générale des abattoirs municipaux au Maroc,Société Marocaine de Charbons et briquettes,1,dal-piaz-j
abattoirsmunicipauxmaroc,portfedhala,Sté générale des abattoirs municipaux au Maroc,Compagnie du Port de Fedhala,1,dal-piaz-j
abattoirsmunicipauxmaroc,unioncommercialeindochinoiseafricaine,Sté générale des abattoirs municipaux au Maroc,L'Union commerciale indochinoise et africaine,1,dal-piaz-j
abattoirsmunicipauxmaroc,voyageshotelsnordafricains,Sté générale des abattoirs municipaux au Maroc,Société des voyages et hôtels nord-africains,1,dal-piaz-j
entrepotsfrigorifiquesafriquenord,entreprisemaritimecommerciale,Société des Entrepôts frigorifiques de l'Afrique du Nord,L'Entreprise maritime et commerciale,1,dal-piaz-j
entrepotsfrigorifiquesafriquenord,makanghia,Société des Entrepôts frigorifiques de l'Afrique du Nord,La Makanghia,1,dal-piaz-j
entrepotsfrigorifiquesafriquenord,socgenabattoirsmunicipauxindustrielsmaroc,Société des Entrepôts frigorifiques de l'Afrique du Nord,Soc. gén. des ABATTOIRS MUNICIPAUX ET INDUSTRIELS AU MAROC,1,dal-piaz-j
entrepotsfrigorifiquesafriquenord,unioncommercialeindochinoiseafricaine,Société des Entrepôts frigorifiques de l'Afrique du Nord,L'Union commerciale indochinoise et africaine,1,dal-piaz-j
entrepotsfrigorifiquesafriquenord,voyageshotelsnordafricains,Société des Entrepôts frigorifiques de l'Afrique du Nord,Société des voyages et hôtels nord-africains,1,dal-piaz-j
entreprisemaritimecommerciale,loiremaroc,L'Entreprise maritime et commerciale,« Loire-Maroc »,1,dal-piaz-j
entreprisemaritimecommerciale,portfedhala,L'Entreprise maritime et commerciale,Compagnie du Port de Fedhala,1,dal-piaz-j
entreprisemaritimecommerciale,socgenabattoirsmunicipauxindustrielsmaroc,L'Entreprise maritime et commerciale,Soc. gén. des ABATTOIRS MUNICIPAUX ET INDUSTRIELS AU MAROC,1,dal-piaz-j
entreprisemaritimecommerciale,voyageshotelsnordafricains,L'Entreprise maritime et commerciale,Société des voyages et hôtels nord-africains,1,dal-piaz-j
loiremaroc,makanghia,« Loire-Maroc »,La Makanghia,1,dal-piaz-j
loiremaroc,socgenabattoirsmunicipauxindustrielsmaroc,« Loire-Maroc »,Soc. gén. des ABATTOIRS MUNICIPAUX ET INDUSTRIELS AU MAROC,1,dal-piaz-j
loiremaroc,unioncommercialeindochinoiseafricaine,« Loire-Maroc »,L'Union commerciale indochinoise et africaine,1,dal-piaz-j
loiremaroc,voyageshotelsnordafricains,« Loire-Maroc »,Société des voyages et hôtels nord-africains,1,dal-piaz-j
makanghia,portfedhala,La Makanghia,Compagnie du Port de Fedhala,1,dal-piaz-j
makanghia,socgenabattoirsmunicipauxindustrielsmaroc,La Makanghia,Soc. gén. des ABATTOIRS MUNICIPAUX ET INDUSTRIELS AU MAROC,1,dal-piaz-j
makanghia,unioncommercialeindochinoiseafricaine,La Makanghia,L'Union commerciale indochinoise et africaine,1,dal-piaz-j
makanghia,voyageshotelsnordafricains,La Makanghia,Société des voyages et hôtels nord-africains,1,dal-piaz-j
manutentionmarocaine,socgenabattoirsmunicipauxindustrielsmaroc,La Manutention marocaine,Soc. gén. des ABATTOIRS MUNICIPAUX ET INDUSTRIELS AU MAROC,1,dal-piaz-j
marocainecharbonsbriquettes,socgenabattoirsmunicipauxindustrielsmaroc,Société Marocaine de Charbons et briquettes,Soc. gén. des ABATTOIRS MUNICIPAUX ET INDUSTRIELS AU MAROC,1,dal-piaz-j
marocainecharbonsbriquettes,unioncommercialeindochinoiseafricaine,Société Marocaine de Charbons et briquettes,L'Union commerciale indochinoise et africaine,1,dal-piaz-j
marocainecharbonsbriquettes,voyageshotelsnordafricains,Société Marocaine de Charbons et briquettes,Société des voyages et hôtels nord-africains,1,dal-piaz-j
portfedhala,socgenabattoirsmunicipauxindustrielsmaroc,Compagnie du Port de Fedhala,Soc. gén. des ABATTOIRS MUNICIPAUX ET INDUSTRIELS AU MAROC,1,dal-piaz-j
portfedhala,unioncommercialeindochinoiseafricaine,Compagnie du Port de Fedhala,L'Union commerciale indochinoise et africaine,1,dal-piaz-j
portfedhala,voyageshotelsnordafricains,Compagnie du Port de Fedhala,Société des voyages et hôtels nord-africains,1,dal-piaz-j
socgenabattoirsmunicipauxindustrielsmaroc,unioncommercialeindochinoiseafricaine,Soc. gén. des ABATTOIRS MUNICIPAUX ET INDUSTRIELS AU MAROC,L'Union commerciale indochinoise et africaine,1,dal-piaz-j
socgenabattoirsmunicipauxindustrielsmaroc,voyageshotelsnordafricains,Soc. gén. des ABATTOIRS MUNICIPAUX ET INDUSTRIELS AU MAROC,Société des voyages et hôtels nord-africains,1,dal-piaz-j
unioncommercialeindochinoiseafricaine,voyageshotelsnordafricains,L'Union commerciale indochinoise et africaine,Société des voyages et hôtels nord-africains,1,dal-piaz-j
abattoirsmunicipauxindustrielsmaroc,comptoirsmarocainscuirspeaux,Société générale des Abattoirs municipaux et industriels au Maroc,Comptoirs marocains des cuirs et peaux,1,gerard-e
abattoirsmunicipauxmaroc,comptoirsmarocainscuirspeaux,Sté générale des abattoirs municipaux au Maroc,Comptoirs marocains des cuirs et peaux,1,gerard-e
banquefoncieremaroc,comptoirsmarocainscuirspeaux,Banque foncière du Maroc,Comptoirs marocains des cuirs et peaux,1,gerard-e
comptoirsmarocainscuirspeaux,socgenabattoirsmunicipauxindustrielsmaroc,Comptoirs marocains des cuirs et peaux,Soc. gén. des ABATTOIRS MUNICIPAUX ET INDUSTRIELS AU MAROC,1,gerard-e
abattoirsmunicipauxindustrielsmaroc,cherifiennecarpettes,Société générale des Abattoirs municipaux et industriels au Maroc,Cie Chérifienne de Carpettes,1,godard-l
abattoirsmunicipauxindustrielsmaroc,habitationsmaroc,Société générale des Abattoirs municipaux et industriels au Maroc,Société d'Habitations au Maroc,1,godard-l
abattoirsmunicipauxindustrielsmaroc,marocaineapprovisionnement,Société générale des Abattoirs municipaux et industriels au Maroc,Marocaine d'approvisionnement,1,godard-l
abattoirsmunicipauxindustrielsmaroc,marocaineapprovisionnements,Société générale des Abattoirs municipaux et industriels au Maroc,Société anon. marocaine d'approvisionnements,1,godard-l
abattoirsmunicipauxindustrielsmaroc,marocaineasiatiquepetroles,Société générale des Abattoirs municipaux et industriels au Maroc,Cie marocaine et asiatique des pétroles,1,godard-l
abattoirsmunicipauxindustrielsmaroc,marocaineexploitationsforestieres,Société générale des Abattoirs municipaux et industriels au Maroc,Société Marocaine d'Exploitations forestières,1,godard-l
abattoirsmunicipauxindustrielsmaroc,portsmarocains,Société générale des Abattoirs municipaux et industriels au Maroc,Ports marocains,1,godard-l
abattoirsmunicipauxindustrielsmaroc,portsmarocainsmehedyakenitrasalerabat,Société générale des Abattoirs municipaux et industriels au Maroc,"Société des ports marocains de Méhédya-Kénitra, Salé et Rabat",1,godard-l
abattoirsmunicipauxindustrielsmaroc,tramwaysautobuscasablanca,Société générale des Abattoirs municipaux et industriels au Maroc,Compagnie des Tramways et autobus de Casablanca,1,godard-l
abattoirsmunicipauxindustrielsmaroc,transportstourismemaroc,Société générale des Abattoirs municipaux et industriels au Maroc,Compagnie Générale de Transports et tourisme au Maroc,1,godard-l
abattoirsmunicipauxmaroc,cherifiennecarpettes,Sté générale des abattoirs municipaux au Maroc,Cie Chérifienne de Carpettes,1,godard-l
abattoirsmunicipauxmaroc,habitationsmaroc,Sté générale des abattoirs municipaux au Maroc,Société d'Habitations au Maroc,1,godard-l
abattoirsmunicipauxmaroc,immobilieremaroc,Sté générale des abattoirs municipaux au Maroc,Société Immobilière au Maroc,1,godard-l
abattoirsmunicipauxmaroc,marocaineapprovisionnement,Sté générale des abattoirs municipaux au Maroc,Marocaine d'approvisionnement,1,godard-l
abattoirsmunicipauxmaroc,marocaineapprovisionnements,Sté générale des abattoirs municipaux au Maroc,Société anon. marocaine d'approvisionnements,1,godard-l
abattoirsmunicipauxmaroc,marocaineasiatiquepetroles,Sté générale des abattoirs municipaux au Maroc,Cie marocaine et asiatique des pétroles,1,godard-l
abattoirsmunicipauxmaroc,marocaineexploitationsforestieres,Sté générale des abattoirs municipaux au Maroc,Société Marocaine d'Exploitations forestières,1,godard-l
abattoirsmunicipauxmaroc,portsmarocains,Sté générale des abattoirs municipaux au Maroc,Ports marocains,1,godard-l
abattoirsmunicipauxmaroc,portsmarocainsmehedyakenitrasalerabat,Sté générale des abattoirs municipaux au Maroc,"Société des ports marocains de Méhédya-Kénitra, Salé et Rabat",1,godard-l
abattoirsmunicipauxmaroc,tramwaysautobuscasablanca,Sté générale des abattoirs municipaux au Maroc,Compagnie des Tramways et autobus de Casablanca,1,godard-l
abattoirsmunicipauxmaroc,transportstourismemaroc,Sté générale des abattoirs municipaux au Maroc,Compagnie Générale de Transports et tourisme au Maroc,1,godard-l
chauxcimentsmateriauxconstructionmaroc,cherifiennecarpettes,"Chaux, ciments et matériaux de construction au Maroc",Cie Chérifienne de Carpettes,1,godard-l
chauxcimentsmateriauxconstructionmaroc,distributioneau,"Chaux, ciments et matériaux de construction au Maroc",DISTRIBUTION D'EAU,1,godard-l
chauxcimentsmateriauxconstructionmaroc,distributioneaugazelectricite,"Chaux, ciments et matériaux de construction au Maroc","DISTRIBUTION D'EAU, DE GAZ ET D'ÉLECTRICITÉ",1,godard-l
chauxcimentsmateriauxconstructionmaroc,habitationsmaroc,"Chaux, ciments et matériaux de construction au Maroc",Société d'Habitations au Maroc,1,godard-l
chauxcimentsmateriauxconstructionmaroc,liegesmamora,"Chaux, ciments et matériaux de construction au Maroc","Société des Lièges de la Mamora, puis Compagnie de la Mamora",1,godard-l
chauxcimentsmateriauxconstructionmaroc,marocaineapprovisionnements,"Chaux, ciments et matériaux de construction au Maroc",Société anon. marocaine d'approvisionnements,1,godard-l
chauxcimentsmateriauxconstructionmaroc,marocaineasiatiquepetroles,"Chaux, ciments et matériaux de construction au Maroc",Cie marocaine et asiatique des pétroles,1,godard-l
chauxcimentsmateriauxconstructionmaroc,marocaineexploitationsforestieres,"Chaux, ciments et matériaux de construction au Maroc",Société Marocaine d'Exploitations forestières,1,godard-l
chauxcimentsmateriauxconstructionmaroc,portsmarocains,"Chaux, ciments et matériaux de construction au Maroc",Ports marocains,1,godard-l
chauxcimentsmateriauxconstructionmaroc,portsmarocainsmehedyakenitrasalerabat,"Chaux, ciments et matériaux de construction au Maroc","Société des ports marocains de Méhédya-Kénitra, Salé et Rabat",1,godard-l
chauxcimentsmateriauxconstructionmaroc,sebou,"Chaux, ciments et matériaux de construction au Maroc",Compagnie du Sebou,1,godard-l
chauxcimentsmateriauxconstructionmaroc,transportstourismemaroc,"Chaux, ciments et matériaux de construction au Maroc",Compagnie Générale de Transports et tourisme au Maroc,1,godard-l
cherifiennecarpettes,constructioncivile,Cie Chérifienne de Carpettes,Construction civile,1,godard-l
cherifiennecarpettes,distributioneau,Cie Chérifienne de Carpettes,DISTRIBUTION D'EAU,1,godard-l
cherifiennecarpettes,distributioneaugazelectricite,Cie Chérifienne de Carpettes,"DISTRIBUTION D'EAU, DE GAZ ET D'ÉLECTRICITÉ",1,godard-l
cherifiennecarpettes,fasielectricite,Cie Chérifienne de Carpettes,Compagnie Fasi d'Électricité,1,godard-l
cherifiennecarpettes,habitationsmaroc,Cie Chérifienne de Carpettes,Société d'Habitations au Maroc,1,godard-l
cherifiennecarpettes,huileriesmaghreb,Cie Chérifienne de Carpettes,Société des Huileries du Maghreb,1,godard-l
cherifiennecarpettes,immobilieremaroc,Cie Chérifienne de Carpettes,Société Immobilière au Maroc,1,godard-l
cherifiennecarpettes,liegesmamora,Cie Chérifienne de Carpettes,"Société des Lièges de la Mamora, puis Compagnie de la Mamora",1,godard-l
cherifiennecarpettes,maroc,Cie Chérifienne de Carpettes,Compagnie du Maroc,1,godard-l
cherifiennecarpettes,marocaineapprovisionnement,Cie Chérifienne de Carpettes,Marocaine d'approvisionnement,1,godard-l
cherifiennecarpettes,marocaineapprovisionnements,Cie Chérifienne de Carpettes,Société anon. marocaine d'approvisionnements,1,godard-l
cherifiennecarpettes,marocaineasiatiquepetroles,Cie Chérifienne de Carpettes,Cie marocaine et asiatique des pétroles,1,godard-l
cherifiennecarpettes,marocainedistributioneaugazelectricite,Cie Chérifienne de Carpettes,"Société Marocaine de distribution d'eau, de gaz et d'électricité",1,godard-l
cherifiennecarpettes,marocaineentrepriseimmobilieremobiliere,Cie Chérifienne de Carpettes,"Société Marocaine d'entreprise générale immobilière et mobilière, puis La Construction marocaine et La Construction civile",1,godard-l
cherifiennecarpettes,marocaineexploitationsforestieres,Cie Chérifienne de Carpettes,Société Marocaine d'Exploitations forestières,1,godard-l
cherifiennecarpettes,moulinsmaghreb,Cie Chérifienne de Carpettes,Société des Moulins du Maghreb,1,godard-l
cherifiennecarpettes,portsmarocains,Cie Chérifienne de Carpettes,Ports marocains,1,godard-l
cherifiennecarpettes,portsmarocainsmehedyakenitrasalerabat,Cie Chérifienne de Carpettes,"Société des ports marocains de Méhédya-Kénitra, Salé et Rabat",1,godard-l
cherifiennecarpettes,sebou,Cie Chérifienne de Carpettes,Compagnie du Sebou,1,godard-l
cherifiennecarpettes,tramwaysautobuscasablanca,Cie Chérifienne de Carpettes,Compagnie des Tramways et autobus de Casablanca,1,godard-l
cherifiennecarpettes,transportstourismemaroc,Cie Chérifienne de Carpettes,Compagnie Générale de Transports et tourisme au Maroc,1,godard-l
constructioncivile,liegesmamora,Construction civile,"Société des Lièges de la Mamora, puis Compagnie de la Mamora",1,godard-l
constructioncivile,marocaineapprovisionnements,Construction civile,Société anon. marocaine d'approvisionnements,1,godard-l
constructioncivile,marocaineasiatiquepetroles,Construction civile,Cie marocaine et asiatique des pétroles,1,godard-l
constructioncivile,marocaineexploitationsforestieres,Construction civile,Société Marocaine d'Exploitations forestières,1,godard-l
constructioncivile,portsmarocainsmehedyakenitrasalerabat,Construction civile,"Société des ports marocains de Méhédya-Kénitra, Salé et Rabat",1,godard-l
constructioncivile,transportstourismemaroc,Construction civile,Compagnie Générale de Transports et tourisme au Maroc,1,godard-l
distributioneau,habitationsmaroc,DISTRIBUTION D'EAU,Société d'Habitations au Maroc,1,godard-l
distributioneau,immobilieremaroc,DISTRIBUTION D'EAU,Société Immobilière au Maroc,1,godard-l
distributioneau,liegesmamora,DISTRIBUTION D'EAU,"Société des Lièges de la Mamora, puis Compagnie de la Mamora",1,godard-l
distributioneau,marocaineapprovisionnement,DISTRIBUTION D'EAU,Marocaine d'approvisionnement,1,godard-l
distributioneau,marocaineapprovisionnements,DISTRIBUTION D'EAU,Société anon. marocaine d'approvisionnements,1,godard-l
distributioneau,marocaineasiatiquepetroles,DISTRIBUTION D'EAU,Cie marocaine et asiatique des pétroles,1,godard-l
distributioneau,marocaineexploitationsforestieres,DISTRIBUTION D'EAU,Société Marocaine d'Exploitations forestières,1,godard-l
distributioneau,portsmarocains,DISTRIBUTION D'EAU,Ports marocains,1,godard-l
distributioneau,portsmarocainsmehedyakenitrasalerabat,DISTRIBUTION D'EAU,"Société des ports marocains de Méhédya-Kénitra, Salé et Rabat",1,godard-l
distributioneau,tramwaysautobuscasablanca,DISTRIBUTION D'EAU,Compagnie des Tramways et autobus de Casablanca,1,godard-l
distributioneau,transportstourismemaroc,DISTRIBUTION D'EAU,Compagnie Générale de Transports et tourisme au Maroc,1,godard-l
distributioneaugazelectricite,habitationsmaroc,"DISTRIBUTION D'EAU, DE GAZ ET D'ÉLECTRICITÉ",Société d'Habitations au Maroc,1,godard-l
distributioneaugazelectricite,immobilieremaroc,"DISTRIBUTION D'EAU, DE GAZ ET D'ÉLECTRICITÉ",Société Immobilière au Maroc,1,godard-l
distributioneaugazelectricite,liegesmamora,"DISTRIBUTION D'EAU, DE GAZ ET D'ÉLECTRICITÉ","Société des Lièges de la Mamora, puis Compagnie de la Mamora",1,godard-l
distributioneaugazelectricite,marocaineapprovisionnement,"DISTRIBUTION D'EAU, DE GAZ ET D'ÉLECTRICITÉ",Marocaine d'approvisionnement,1,godard-l
distributioneaugazelectricite,marocaineapprovisionnements,"DISTRIBUTION D'EAU, DE GAZ ET D'ÉLECTRICITÉ",Société anon. marocaine d'approvisionnements,1,godard-l
distributioneaugazelectricite,marocaineasiatiquepetroles,"DISTRIBUTION D'EAU, DE GAZ ET D'ÉLECTRICITÉ",Cie marocaine et asiatique des pétroles,1,godard-l
distributioneaugazelectricite,marocaineexploitationsforestieres,"DISTRIBUTION D'EAU, DE GAZ ET D'ÉLECTRICITÉ",Société Marocaine d'Exploitations forestières,1,godard-l
distributioneaugazelectricite,portsmarocains,"DISTRIBUTION D'EAU, DE GAZ ET D'ÉLECTRICITÉ",Ports marocains,1,godard-l
distributioneaugazelectricite,portsmarocainsmehedyakenitrasalerabat,"DISTRIBUTION D'EAU, DE GAZ ET D'ÉLECTRICITÉ","Société des ports marocains de Méhédya-Kénitra, Salé et Rabat",1,godard-l
distributioneaugazelectricite,tramwaysautobuscasablanca,"DISTRIBUTION D'EAU, DE GAZ ET D'ÉLECTRICITÉ",Compagnie des Tramways et autobus de Casablanca,1,godard-l
distributioneaugazelectricite,transportstourismemaroc,"DISTRIBUTION D'EAU, DE GAZ ET D'ÉLECTRICITÉ",Compagnie Générale de Transports et tourisme au Maroc,1,godard-l
fasielectricite,liegesmamora,Compagnie Fasi d'Électricité,"Société des Lièges de la Mamora, puis Compagnie de la Mamora",1,godard-l
fasielectricite,marocaineapprovisionnement,Compagnie Fasi d'Électricité,Marocaine d'approvisionnement,1,godard-l
fasielectricite,marocaineapprovisionnements,Compagnie Fasi d'Électricité,Société anon. marocaine d'approvisionnements,1,godard-l
fasielectricite,marocaineasiatiquepetroles,Compagnie Fasi d'Électricité,Cie marocaine et asiatique des pétroles,1,godard-l
fasielectricite,marocaineexploitationsforestieres,Compagnie Fasi d'Électricité,Société Marocaine d'Exploitations forestières,1,godard-l
fasielectricite,portsmarocainsmehedyakenitrasalerabat,Compagnie Fasi d'Électricité,"Société des ports marocains de Méhédya-Kénitra, Salé et Rabat",1,godard-l
fasielectricite,transportstourismemaroc,Compagnie Fasi d'Électricité,Compagnie Générale de Transports et tourisme au Maroc,1,godard-l
habitationsmaroc,huileriesmaghreb,Société d'Habitations au Maroc,Société des Huileries du Maghreb,1,godard-l
habitationsmaroc,immobilieremaroc,Société d'Habitations au Maroc,Société Immobilière au Maroc,1,godard-l
habitationsmaroc,liegesmamora,Société d'Habitations au Maroc,"Société des Lièges de la Mamora, puis Compagnie de la Mamora",1,godard-l
habitationsmaroc,maroc,Société d'Habitations au Maroc,Compagnie du Maroc,1,godard-l
habitationsmaroc,marocaineasiatiquepetroles,Société d'Habitations au Maroc,Cie marocaine et asiatique des pétroles,1,godard-l
habitationsmaroc,marocainedistributioneaugazelectricite,Société d'Habitations au Maroc,"Société Marocaine de distribution d'eau, de gaz et d'électricité",1,godard-l
habitationsmaroc,portsmarocainsmehedyakenitrasalerabat,Société d'Habitations au Maroc,"Société des ports marocains de Méhédya-Kénitra, Salé et Rabat",1,godard-l
habitationsmaroc,tramwaysautobuscasablanca,Société d'Habitations au Maroc,Compagnie des Tramways et autobus de Casablanca,1,godard-l
habitationsmaroc,transportstourismemaroc,Société d'Habitations au Maroc,Compagnie Générale de Transports et tourisme au Maroc,1,godard-l
huileriesmaghreb,immobilieremaroc,Société des Huileries du Maghreb,Société Immobilière au Maroc,1,godard-l
huileriesmaghreb,liegesmamora,Société des Huileries du Maghreb,"Société des Lièges de la Mamora, puis Compagnie de la Mamora",1,godard-l
huileriesmaghreb,marocaineapprovisionnement,Société des Huileries du Maghreb,Marocaine d'approvisionnement,1,godard-l
huileriesmaghreb,marocaineapprovisionnements,Société des Huileries du Maghreb,Société anon. marocaine d'approvisionnements,1,godard-l
huileriesmaghreb,marocaineasiatiquepetroles,Société des Huileries du Maghreb,Cie marocaine et asiatique des pétroles,1,godard-l
huileriesmaghreb,marocaineexploitationsforestieres,Société des Huileries du Maghreb,Société Marocaine d'Exploitations forestières,1,godard-l
huileriesmaghreb,portsmarocains,Société des Huileries du Maghreb,Ports marocains,1,godard-l
huileriesmaghreb,portsmarocainsmehedyakenitrasalerabat,Société des Huileries du Maghreb,"Société des ports marocains de Méhédya-Kénitra, Salé et Rabat",1,godard-l
huileriesmaghreb,tramwaysautobuscasablanca,Société des Huileries du Maghreb,Compagnie des Tramways et autobus de Casablanca,1,godard-l
immobilieremaroc,liegesmamora,Société Immobilière au Maroc,"Société des Lièges de la Mamora, puis Compagnie de la Mamora",1,godard-l
immobilieremaroc,marocaineapprovisionnement,Société Immobilière au Maroc,Marocaine d'approvisionnement,1,godard-l
immobilieremaroc,marocaineapprovisionnements,Société Immobilière au Maroc,Société anon. marocaine d'approvisionnements,1,godard-l
immobilieremaroc,marocaineasiatiquepetroles,Société Immobilière au Maroc,Cie marocaine et asiatique des pétroles,1,godard-l
immobilieremaroc,marocaineexploitationsforestieres,Société Immobilière au Maroc,Société Marocaine d'Exploitations forestières,1,godard-l
immobilieremaroc,portsmarocains,Société Immobilière au Maroc,Ports marocains,1,godard-l
immobilieremaroc,portsmarocainsmehedyakenitrasalerabat,Société Immobilière au Maroc,"Société des ports marocains de Méhédya-Kénitra, Salé et Rabat",1,godard-l
immobilieremaroc,sebou,Société Immobilière au Maroc,Compagnie du Sebou,1,godard-l
immobilieremaroc,tramwaysautobuscasablanca,Société Immobilière au Maroc,Compagnie des Tramways et autobus de Casablanca,1,godard-l
immobilieremaroc,transportstourismemaroc,Société Immobilière au Maroc,Compagnie Générale de Transports et tourisme au Maroc,1,godard-l
liegesmamora,maroc,"Société des Lièges de la Mamora, puis Compagnie de la Mamora",Compagnie du Maroc,1,godard-l
liegesmamora,marocaineapprovisionnements,"Société des Lièges de la Mamora, puis Compagnie de la Mamora",Société anon. marocaine d'approvisionnements,1,godard-l
liegesmamora,marocaineasiatiquepetroles,"Société des Lièges de la Mamora, puis Compagnie de la Mamora",Cie marocaine et asiatique des pétroles,1,godard-l
liegesmamora,marocainedistributioneaugazelectricite,"Société des Lièges de la Mamora, puis Compagnie de la Mamora","Société Marocaine de distribution d'eau, de gaz et d'électricité",1,godard-l
liegesmamora,marocaineentrepriseimmobilieremobiliere,"Société des Lièges de la Mamora, puis Compagnie de la Mamora","Société Marocaine d'entreprise générale immobilière et mobilière, puis La Construction marocaine et La Construction civile",1,godard-l
liegesmamora,marocaineexploitationsforestieres,"Société des Lièges de la Mamora, puis Compagnie de la Mamora",Société Marocaine d'Exploitations forestières,1,godard-l
liegesmamora,moulinsmaghreb,"Société des Lièges de la Mamora, puis Compagnie de la Mamora",Société des Moulins du Maghreb,1,godard-l
liegesmamora,portsmarocains,"Société des Lièges de la Mamora, puis Compagnie de la Mamora",Ports marocains,1,godard-l
liegesmamora,portsmarocainsmehedyakenitrasalerabat,"Société des Lièges de la Mamora, puis Compagnie de la Mamora","Société des ports marocains de Méhédya-Kénitra, Salé et Rabat",1,godard-l
liegesmamora,sebou,"Société des Lièges de la Mamora, puis Compagnie de la Mamora",Compagnie du Sebou,1,godard-l
liegesmamora,transportstourismemaroc,"Société des Lièges de la Mamora, puis Compagnie de la Mamora",Compagnie Générale de Transports et tourisme au Maroc,1,godard-l
maroc,marocaineapprovisionnements,Compagnie du Maroc,Société anon. marocaine d'approvisionnements,1,godard-l
maroc,marocaineasiatiquepetroles,Compagnie du Maroc,Cie marocaine et asiatique des pétroles,1,godard-l
maroc,transportstourismemaroc,Compagnie du Maroc,Compagnie Générale de Transports et tourisme au Maroc,1,godard-l
marocaineapprovisionnement,marocaineasiatiquepetroles,Marocaine d'approvisionnement,Cie marocaine et asiatique des pétroles,1,godard-l
marocaineapprovisionnement,marocaineentrepriseimmobilieremobiliere,Marocaine d'approvisionnement,"Société Marocaine d'entreprise générale immobilière et mobilière, puis La Construction marocaine et La Construction civile",1,godard-l
marocaineapprovisionnement,marocaineexploitationsforestieres,Marocaine d'approvisionnement,Société Marocaine d'Exploitations forestières,1,godard-l
marocaineapprovisionnement,portsmarocainsmehedyakenitrasalerabat,Marocaine d'approvisionnement,"Société des ports marocains de Méhédya-Kénitra, Salé et Rabat",1,godard-l
marocaineapprovisionnement,sebou,Marocaine d'approvisionnement,Compagnie du Sebou,1,godard-l
marocaineapprovisionnement,transportstourismemaroc,Marocaine d'approvisionnement,Compagnie Générale de Transports et tourisme au Maroc,1,godard-l
marocaineapprovisionnements,marocaineasiatiquepetroles,Société anon. marocaine d'approvisionnements,Cie marocaine et asiatique des pétroles,1,godard-l
marocaineapprovisionnements,marocainedistributioneaugazelectricite,Société anon. marocaine d'approvisionnements,"Société Marocaine de distribution d'eau, de gaz et d'électricité",1,godard-l
marocaineapprovisionnements,marocaineentrepriseimmobilieremobiliere,Société anon. marocaine d'approvisionnements,"Société Marocaine d'entreprise générale immobilière et mobilière, puis La Construction marocaine et La Construction civile",1,godard-l
marocaineapprovisionnements,marocaineexploitationsforestieres,Société anon. marocaine d'approvisionnements,Société Marocaine d'Exploitations forestières,1,godard-l
marocaineapprovisionnements,portsmarocains,Société anon. marocaine d'approvisionnements,Ports marocains,1,godard-l
marocaineapprovisionnements,portsmarocainsmehedyakenitrasalerabat,Société anon. marocaine d'approvisionnements,"Société des ports marocains de Méhédya-Kénitra, Salé et Rabat",1,godard-l
marocaineapprovisionnements,sebou,Société anon. marocaine d'approvisionnements,Compagnie du Sebou,1,godard-l
marocaineapprovisionnements,tramwaysautobuscasablanca,Société anon. marocaine d'approvisionnements,Compagnie des Tramways et autobus de Casablanca,1,godard-l
marocaineapprovisionnements,transportstourismemaroc,Société anon. marocaine d'approvisionnements,Compagnie Générale de Transports et tourisme au Maroc,1,godard-l
marocaineasiatiquepetroles,marocainedistributioneaugazelectricite,Cie marocaine et asiatique des pétroles,"Société Marocaine de distribution d'eau, de gaz et d'électricité",1,godard-l
marocaineasiatiquepetroles,marocaineentrepriseimmobilieremobiliere,Cie marocaine et asiatique des pétroles,"Société Marocaine d'entreprise générale immobilière et mobilière, puis La Construction marocaine et La Construction civile",1,godard-l
marocaineasiatiquepetroles,marocaineexploitationsforestieres,Cie marocaine et asiatique des pétroles,Société Marocaine d'Exploitations forestières,1,godard-l
marocaineasiatiquepetroles,moulinsmaghreb,Cie marocaine et asiatique des pétroles,Société des Moulins du Maghreb,1,godard-l
marocaineasiatiquepetroles,portsmarocains,Cie marocaine et asiatique des pétroles,Ports marocains,1,godard-l
marocaineasiatiquepetroles,portsmarocainsmehedyakenitrasalerabat,Cie marocaine et asiatique des pétroles,"Société des ports marocains de Méhédya-Kénitra, Salé et Rabat",1,godard-l
marocaineasiatiquepetroles,sebou,Cie marocaine et asiatique des pétroles,Compagnie du Sebou,1,godard-l
marocaineasiatiquepetroles,transportstourismemaroc,Cie marocaine et asiatique des pétroles,Compagnie Générale de Transports et tourisme au Maroc,1,godard-l
marocainedistributioneaugazelectricite,marocaineexploitationsforestieres,"Société Marocaine de distribution d'eau, de gaz et d'électricité",Société Marocaine d'Exploitations forestières,1,godard-l
marocainedistributioneaugazelectricite,transportstourismemaroc,"Société Marocaine de distribution d'eau, de gaz et d'électricité",Compagnie Générale de Transports et tourisme au Maroc,1,godard-l
marocaineentrepriseimmobilieremobiliere,marocaineexploitationsforestieres,"Société Marocaine d'entreprise générale immobilière et mobilière, puis La Construction marocaine et La Construction civile",Société Marocaine d'Exploitations forestières,1,godard-l
marocaineentrepriseimmobilieremobiliere,portsmarocainsmehedyakenitrasalerabat,"Société Marocaine d'entreprise générale immobilière et mobilière, puis La Construction marocaine et La Construction civile","Société des ports marocains de Méhédya-Kénitra, Salé et Rabat",1,godard-l
marocaineentrepriseimmobilieremobiliere,tramwaysautobuscasablanca,"Société Marocaine d'entreprise générale immobilière et mobilière, puis La Construction marocaine et La Construction civile",Compagnie des Tramways et autobus de Casablanca,1,godard-l
marocaineentrepriseimmobilieremobiliere,transportstourismemaroc,"Société Marocaine d'entreprise générale immobilière et mobilière, puis La Construction marocaine et La Construction civile",Compagnie Générale de Transports et tourisme au Maroc,1,godard-l
marocaineexploitationsforestieres,moulinsmaghreb,Société Marocaine d'Exploitations forestières,Société des Moulins du Maghreb,1,godard-l
marocaineexploitationsforestieres,portsmarocainsmehedyakenitrasalerabat,Société Marocaine d'Exploitations forestières,"Société des ports marocains de Méhédya-Kénitra, Salé et Rabat",1,godard-l
marocaineexploitationsforestieres,transportstourismemaroc,Société Marocaine d'Exploitations forestières,Compagnie Générale de Transports et tourisme au Maroc,1,godard-l
moulinsmaghreb,portsmarocainsmehedyakenitrasalerabat,Société des Moulins du Maghreb,"Société des ports marocains de Méhédya-Kénitra, Salé et Rabat",1,godard-l
moulinsmaghreb,transportstourismemaroc,Société des Moulins du Maghreb,Compagnie Générale de Transports et tourisme au Maroc,1,godard-l
portsmarocains,transportstourismemaroc,Ports marocains,Compagnie Générale de Transports et tourisme au Maroc,1,godard-l
portsmarocainsmehedyakenitrasalerabat,sebou,"Société des ports marocains de Méhédya-Kénitra, Salé et Rabat",Compagnie du Sebou,1,godard-l
portsmarocainsmehedyakenitrasalerabat,tramwaysautobuscasablanca,"Société des ports marocains de Méhédya-Kénitra, Salé et Rabat",Compagnie des Tramways et autobus de Casablanca,1,godard-l
portsmarocainsmehedyakenitrasalerabat,transportstourismemaroc,"Société des ports marocains de Méhédya-Kénitra, Salé et Rabat",Compagnie Générale de Transports et tourisme au Maroc,1,godard-l
sebou,tramwaysautobuscasablanca,Compagnie du Sebou,Compagnie des Tramways et autobus de Casablanca,1,godard-l
sebou,transportstourismemaroc,Compagnie du Sebou,Compagnie Générale de Transports et tourisme au Maroc,1,godard-l
tramwaysautobuscasablanca,transportstourismemaroc,Compagnie des Tramways et autobus de Casablanca,Compagnie Générale de Transports et tourisme au Maroc,1,godard-l
abattoirsmunicipauxindustrielsmaroc,chaouiamaroc,Société générale des Abattoirs municipaux et industriels au Maroc,Chaouïa et Maroc,1,jordan-p
abattoirsmunicipauxindustrielsmaroc,etudes,Société générale des Abattoirs municipaux et industriels au Maroc,"Société d'études, puis Société minière du Haut-Guir",1,jordan-p
abattoirsmunicipauxmaroc,chaouiamaroc,Sté générale des abattoirs municipaux au Maroc,Chaouïa et Maroc,1,jordan-p
abattoirsmunicipauxmaroc,etudes,Sté générale des abattoirs municipaux au Maroc,"Société d'études, puis Société minière du Haut-Guir",1,jordan-p
chaouiamaroc,socgenabattoirsmunicipauxindustrielsmaroc,Chaouïa et Maroc,Soc. gén. des ABATTOIRS MUNICIPAUX ET INDUSTRIELS AU MAROC,1,jordan-p
etudes,fasielectricite,"Société d'études, puis Société minière du Haut-Guir",Compagnie Fasi d'Électricité,1,jordan-p
etudes,socgenabattoirsmunicipauxindustrielsmaroc,"Société d'études, puis Société minière du Haut-Guir",Soc. gén. des ABATTOIRS MUNICIPAUX ET INDUSTRIELS AU MAROC,1,jordan-p
liegesmamora,socgenabattoirsmunicipauxindustrielsmaroc,"Société des Lièges de la Mamora, puis Compagnie de la Mamora",Soc. gén. des ABATTOIRS MUNICIPAUX ET INDUSTRIELS AU MAROC,1,lacoin-g
abattoirsmunicipauxindustrielsmaroc,annonay,Société générale des Abattoirs municipaux et industriels au Maroc,ANNONAY,1,de-montgolfier-j
abattoirsmunicipauxindustrielsmaroc,banquehypothecairemaroc,Société générale des Abattoirs municipaux et industriels au Maroc,Banque hypothécaire du Maroc,1,de-montgolfier-j
abattoirsmunicipauxindustrielsmaroc,creditfoncierfrancomarocain,Société générale des Abattoirs municipaux et industriels au Maroc,Crédit foncier franco-marocain,1,de-montgolfier-j
abattoirsmunicipauxmaroc,annonay,Sté générale des abattoirs municipaux au Maroc,ANNONAY,1,de-montgolfier-j
abattoirsmunicipauxmaroc,banquehypothecairemaroc,Sté générale des abattoirs municipaux au Maroc,Banque hypothécaire du Maroc,1,de-montgolfier-j
abattoirsmunicipauxmaroc,creditfoncierfrancomarocain,Sté générale des abattoirs municipaux au Maroc,Crédit foncier franco-marocain,1,de-montgolfier-j
annonay,socgenabattoirsmunicipauxindustrielsmaroc,ANNONAY,Soc. gén. des ABATTOIRS MUNICIPAUX ET INDUSTRIELS AU MAROC,1,de-montgolfier-j
banquefoncierefrancomarocaine,banquehypothecairemaroc,Banque foncière franco-marocaine,Banque hypothécaire du Maroc,1,de-montgolfier-j
banquefoncierefrancomarocaine,creditfoncierfrancomarocain,Banque foncière franco-marocaine,Crédit foncier franco-marocain,1,de-montgolfier-j
banquefoncierefrancomarocaine,financierefrancomarocaine,Banque foncière franco-marocaine,Sté financière franco-marocaine,1,de-montgolfier-j
banquehypothecairemaroc,socgenabattoirsmunicipauxindustrielsmaroc,Banque hypothécaire du Maroc,Soc. gén. des ABATTOIRS MUNICIPAUX ET INDUSTRIELS AU MAROC,1,de-montgolfier-j
creditfoncierfrancomarocain,socgenabattoirsmunicipauxindustrielsmaroc,Crédit foncier franco-marocain,Soc. gén. des ABATTOIRS MUNICIPAUX ET INDUSTRIELS AU MAROC,1,de-montgolfier-j
abattoirsmunicipauxindustrielsmaroc,etudeshautguir,Société générale des Abattoirs municipaux et industriels au Maroc,Sté d'études du Haut-Guir,1,de-caqueray-g
abattoirsmunicipauxindustrielsmaroc,marocaineminesoutat,Société générale des Abattoirs municipaux et industriels au Maroc,Société Marocaine des Mines de l’Outat,1,de-caqueray-g
abattoirsmunicipauxindustrielsmaroc,marocainetravauxpublics,Société générale des Abattoirs municipaux et industriels au Maroc,Société Marocaine de Travaux publics,1,de-caqueray-g
abattoirsmunicipauxindustrielsmaroc,minesaouli,Société générale des Abattoirs municipaux et industriels au Maroc,Société des Mines d'Aouli,1,de-caqueray-g
abattoirsmunicipauxmaroc,etudeshautguir,Sté générale des abattoirs municipaux au Maroc,Sté d'études du Haut-Guir,1,de-caqueray-g
abattoirsmunicipauxmaroc,marocaineminesoutat,Sté générale des abattoirs municipaux au Maroc,Société Marocaine des Mines de l’Outat,1,de-caqueray-g
abattoirsmunicipauxmaroc,marocainetravauxpublics,Sté générale des abattoirs municipaux au Maroc,Société Marocaine de Travaux publics,1,de-caqueray-g
abattoirsmunicipauxmaroc,minesaouli,Sté générale des abattoirs municipaux au Maroc,Société des Mines d'Aouli,1,de-caqueray-g
etudeshautguir,marocaineminesoutat,Sté d'études du Haut-Guir,Société Marocaine des Mines de l’Outat,1,de-caqueray-g
etudeshautguir,marocainetravauxpublics,Sté d'études du Haut-Guir,Société Marocaine de Travaux publics,1,de-caqueray-g
etudeshautguir,minesaouli,Sté d'études du Haut-Guir,Société des Mines d'Aouli,1,de-caqueray-g
etudeshautguir,moulinsmaghreb,Sté d'études du Haut-Guir,Société des Moulins du Maghreb,1,de-caqueray-g
etudeshautguir,sebou,Sté d'études du Haut-Guir,Compagnie du Sebou,1,de-caqueray-g
etudeshautguir,socgenabattoirsmunicipauxindustrielsmaroc,Sté d'études du Haut-Guir,Soc. gén. des ABATTOIRS MUNICIPAUX ET INDUSTRIELS AU MAROC,1,de-caqueray-g
marocaineminesoutat,moulinsmaghreb,Société Marocaine des Mines de l’Outat,Société des Moulins du Maghreb,1,de-caqueray-g
marocaineminesoutat,sebou,Société Marocaine des Mines de l’Outat,Compagnie du Sebou,1,de-caqueray-g
marocaineminesoutat,socgenabattoirsmunicipauxindustrielsmaroc,Société Marocaine des Mines de l’Outat,Soc. gén. des ABATTOIRS MUNICIPAUX ET INDUSTRIELS AU MAROC,1,de-caqueray-g
marocainetravauxpublics,moulinsmaghreb,Société Marocaine de Travaux publics,Société des Moulins du Maghreb,1,de-caqueray-g
marocainetravauxpublics,sebou,Société Marocaine de Travaux publics,Compagnie du Sebou,1,de-caqueray-g
marocainetravauxpublics,socgenabattoirsmunicipauxindustrielsmaroc,Société Marocaine de Travaux publics,Soc. gén. des ABATTOIRS MUNICIPAUX ET INDUSTRIELS AU MAROC,1,de-caqueray-g
minesaouli,moulinsmaghreb,Société des Mines d'Aouli,Société des Moulins du Maghreb,1,de-caqueray-g
minesaouli,sebou,Société des Mines d'Aouli,Compagnie du Sebou,1,de-caqueray-g
minesaouli,socgenabattoirsmunicipauxindustrielsmaroc,Société des Mines d'Aouli,Soc. gén. des ABATTOIRS MUNICIPAUX ET INDUSTRIELS AU MAROC,1,de-caqueray-g
abattoirsmunicipauxindustrielsmaroc,unionmobiliereprivee,Société générale des Abattoirs municipaux et industriels au Maroc,Union mobilière privée,1,katz-m
abattoirsmunicipauxmaroc,eclairageforcemaroc,Sté générale des abattoirs municipaux au Maroc,Cie d'Éclairage et de force au Maroc,1,katz-m
abattoirsmunicipauxmaroc,unionmobiliereprivee,Sté générale des abattoirs municipaux au Maroc,Union mobilière privée,1,katz-m
brasseriesmaroc,unionmobiliereprivee,"Société des Brasseries du Maroc, puis Boissons du Maroc",Union mobilière privée,1,katz-m
chauxcimentsmateriauxconstructionmaroc,unionmobiliereprivee,"Chaux, ciments et matériaux de construction au Maroc",Union mobilière privée,1,katz-m
eclairageforcemaroc,huileriesmaghreb,Cie d'Éclairage et de force au Maroc,Société des Huileries du Maghreb,1,katz-m
eclairageforcemaroc,parismaroc,Cie d'Éclairage et de force au Maroc,« Paris-Maroc »,1,katz-m
eclairageforcemaroc,socgenabattoirsmunicipauxindustrielsmaroc,Cie d'Éclairage et de force au Maroc,Soc. gén. des ABATTOIRS MUNICIPAUX ET INDUSTRIELS AU MAROC,1,katz-m
eclairageforcemaroc,unionmobiliereprivee,Cie d'Éclairage et de force au Maroc,Union mobilière privée,1,katz-m
etudesconstructions,unionmobiliereprivee,ÉTUDES et de CONSTRUCTIONS,Union mobilière privée,1,katz-m
huileriesmaghreb,unionmobiliereprivee,Société des Huileries du Maghreb,Union mobilière privée,1,katz-m
industriellemarocaine,unionmobiliereprivee,Société Industrielle marocaine,Union mobilière privée,1,katz-m
moulinsmaghreb,unionmobiliereprivee,Société des Moulins du Maghreb,Union mobilière privée,1,katz-m
parismaroc,unionmobiliereprivee,« Paris-Maroc »,Union mobilière privée,1,katz-m
parismarocholdingcherifiengustavegompel,unionmobiliereprivee,"Paris-Maroc, le holding chérifien de Gustave Gompel",Union mobilière privée,1,katz-m
socgenabattoirsmunicipauxindustrielsmaroc,unionmobiliereprivee,Soc. gén. des ABATTOIRS MUNICIPAUX ET INDUSTRIELS AU MAROC,Union mobilière privée,1,katz-m
abattoirsmunicipauxindustrielsmaroc,chauxcimentsmateriauxconstruction,Société générale des Abattoirs municipaux et industriels au Maroc,"Sté anon. des chaux, ciments et matériaux de construction au",1,gompel-r
abattoirsmunicipauxindustrielsmaroc,cherifiennehoteliereimmobilierefinanciere,Société générale des Abattoirs municipaux et industriels au Maroc,"Société Chérifienne, Hôtelière, Immobilière et Financière",1,gompel-r
abattoirsmunicipauxindustrielsmaroc,cherifienneimmobilierefinanciere,Société générale des Abattoirs municipaux et industriels au Maroc,Société chérifienne immobilière et financière,1,gompel-r
abattoirsmunicipauxindustrielsmaroc,omiumfrance,Société générale des Abattoirs municipaux et industriels au Maroc,Omium de France,1,gompel-r
abattoirsmunicipauxindustrielsmaroc,omniumfrance,Société générale des Abattoirs municipaux et industriels au Maroc,Omnium de France,1,gompel-r
abattoirsmunicipauxindustrielsmaroc,omniumfrancemaroc,Société générale des Abattoirs municipaux et industriels au Maroc,Omnium de France et du Maroc,1,gompel-r
abattoirsmunicipauxmaroc,chauxcimentsmateriauxconstruction,Sté générale des abattoirs municipaux au Maroc,"Sté anon. des chaux, ciments et matériaux de construction au",1,gompel-r
abattoirsmunicipauxmaroc,cherifiennehoteliereimmobilierefinanciere,Sté générale des abattoirs municipaux au Maroc,"Société Chérifienne, Hôtelière, Immobilière et Financière",1,gompel-r
abattoirsmunicipauxmaroc,cherifienneimmobilierefinanciere,Sté générale des abattoirs municipaux au Maroc,Société chérifienne immobilière et financière,1,gompel-r
abattoirsmunicipauxmaroc,omiumfrance,Sté générale des abattoirs municipaux au Maroc,Omium de France,1,gompel-r
abattoirsmunicipauxmaroc,omniumfrance,Sté générale des abattoirs municipaux au Maroc,Omnium de France,1,gompel-r
abattoirsmunicipauxmaroc,omniumfrancemaroc,Sté générale des abattoirs municipaux au Maroc,Omnium de France et du Maroc,1,gompel-r
abattoirsmunicipauxmaroc,socchauxcimentsmateriauxconstructionmaroc,Sté générale des abattoirs municipaux au Maroc,"Soc. an. des CHAUX, CIMENTS et MATÉRIAUX de CONSTRUCTION au MAROC",1,gompel-r
brasseriesmaroc,chauxcimentsmateriauxconstruction,"Société des Brasseries du Maroc, puis Boissons du Maroc","Sté anon. des chaux, ciments et matériaux de construction au",1,gompel-r
brasseriesmaroc,cherifiennehoteliereimmobilierefinanciere,"Société des Brasseries du Maroc, puis Boissons du Maroc","Société Chérifienne, Hôtelière, Immobilière et Financière",1,gompel-r
brasseriesmaroc,cherifienneimmobilierefinanciere,"Société des Brasseries du Maroc, puis Boissons du Maroc",Société chérifienne immobilière et financière,1,gompel-r
brasseriesmaroc,omiumfrance,"Société des Brasseries du Maroc, puis Boissons du Maroc",Omium de France,1,gompel-r
brasseriesmaroc,omniumfrance,"Société des Brasseries du Maroc, puis Boissons du Maroc",Omnium de France,1,gompel-r
brasseriesmaroc,omniumfrancemaroc,"Société des Brasseries du Maroc, puis Boissons du Maroc",Omnium de France et du Maroc,1,gompel-r
chauxcimentsmateriauxconstruction,cherifiennehoteliereimmobilierefinanciere,"Sté anon. des chaux, ciments et matériaux de construction au","Société Chérifienne, Hôtelière, Immobilière et Financière",1,gompel-r
chauxcimentsmateriauxconstruction,cherifienneimmobilierefinanciere,"Sté anon. des chaux, ciments et matériaux de construction au",Société chérifienne immobilière et financière,1,gompel-r
chauxcimentsmateriauxconstruction,huileriesmaghreb,"Sté anon. des chaux, ciments et matériaux de construction au",Société des Huileries du Maghreb,1,gompel-r
chauxcimentsmateriauxconstruction,industriellemarocaine,"Sté anon. des chaux, ciments et matériaux de construction au",Société Industrielle marocaine,1,gompel-r
chauxcimentsmateriauxconstruction,omiumfrance,"Sté anon. des chaux, ciments et matériaux de construction au",Omium de France,1,gompel-r
chauxcimentsmateriauxconstruction,omniumfrance,"Sté anon. des chaux, ciments et matériaux de construction au",Omnium de France,1,gompel-r
chauxcimentsmateriauxconstruction,omniumfrancemaroc,"Sté anon. des chaux, ciments et matériaux de construction au",Omnium de France et du Maroc,1,gompel-r
chauxcimentsmateriauxconstruction,socgenabattoirsmunicipauxindustrielsmaroc,"Sté anon. des chaux, ciments et matériaux de construction au",Soc. gén. des ABATTOIRS MUNICIPAUX ET INDUSTRIELS AU MAROC,1,gompel-r
chauxcimentsmateriauxconstructionmaroc,cherifiennehoteliereimmobilierefinanciere,"Chaux, ciments et matériaux de construction au Maroc","Société Chérifienne, Hôtelière, Immobilière et Financière",1,gompel-r
chauxcimentsmateriauxconstructionmaroc,cherifienneimmobilierefinanciere,"Chaux, ciments et matériaux de construction au Maroc",Société chérifienne immobilière et financière,1,gompel-r
chauxcimentsmateriauxconstructionmaroc,omiumfrance,"Chaux, ciments et matériaux de construction au Maroc",Omium de France,1,gompel-r
chauxcimentsmateriauxconstructionmaroc,omniumfrance,"Chaux, ciments et matériaux de construction au Maroc",Omnium de France,1,gompel-r
chauxcimentsmateriauxconstructionmaroc,omniumfrancemaroc,"Chaux, ciments et matériaux de construction au Maroc",Omnium de France et du Maroc,1,gompel-r
cherifiennehoteliereimmobilierefinanciere,huileriesmaghreb,"Société Chérifienne, Hôtelière, Immobilière et Financière",Société des Huileries du Maghreb,1,gompel-r
cherifiennehoteliereimmobilierefinanciere,industriellemarocaine,"Société Chérifienne, Hôtelière, Immobilière et Financière",Société Industrielle marocaine,1,gompel-r
cherifiennehoteliereimmobilierefinanciere,moulinsmaghreb,"Société Chérifienne, Hôtelière, Immobilière et Financière",Société des Moulins du Maghreb,1,gompel-r
cherifiennehoteliereimmobilierefinanciere,omiumfrance,"Société Chérifienne, Hôtelière, Immobilière et Financière",Omium de France,1,gompel-r
cherifiennehoteliereimmobilierefinanciere,omniumfrance,"Société Chérifienne, Hôtelière, Immobilière et Financière",Omnium de France,1,gompel-r
cherifiennehoteliereimmobilierefinanciere,omniumfrancemaroc,"Société Chérifienne, Hôtelière, Immobilière et Financière",Omnium de France et du Maroc,1,gompel-r
cherifiennehoteliereimmobilierefinanciere,parismaroc,"Société Chérifienne, Hôtelière, Immobilière et Financière",« Paris-Maroc »,1,gompel-r
cherifiennehoteliereimmobilierefinanciere,parismarocholdingcherifiengustavegompel,"Société Chérifienne, Hôtelière, Immobilière et Financière","Paris-Maroc, le holding chérifien de Gustave Gompel",1,gompel-r
cherifiennehoteliereimmobilierefinanciere,socchauxcimentsmateriauxconstructionmaroc,"Société Chérifienne, Hôtelière, Immobilière et Financière","Soc. an. des CHAUX, CIMENTS et MATÉRIAUX de CONSTRUCTION au MAROC",1,gompel-r
cherifiennehoteliereimmobilierefinanciere,socgenabattoirsmunicipauxindustrielsmaroc,"Société Chérifienne, Hôtelière, Immobilière et Financière",Soc. gén. des ABATTOIRS MUNICIPAUX ET INDUSTRIELS AU MAROC,1,gompel-r
cherifienneimmobilierefinanciere,etudesconstructions,Société chérifienne immobilière et financière,ÉTUDES et de CONSTRUCTIONS,1,gompel-r
cherifienneimmobilierefinanciere,huileriesmaghreb,Société chérifienne immobilière et financière,Société des Huileries du Maghreb,1,gompel-r
cherifienneimmobilierefinanciere,industriellemarocaine,Société chérifienne immobilière et financière,Société Industrielle marocaine,1,gompel-r
cherifienneimmobilierefinanciere,moulinsmaghreb,Société chérifienne immobilière et financière,Société des Moulins du Maghreb,1,gompel-r
cherifienneimmobilierefinanciere,omiumfrance,Société chérifienne immobilière et financière,Omium de France,1,gompel-r
cherifienneimmobilierefinanciere,omniumfrance,Société chérifienne immobilière et financière,Omnium de France,1,gompel-r
cherifienneimmobilierefinanciere,omniumfrancemaroc,Société chérifienne immobilière et financière,Omnium de France et du Maroc,1,gompel-r
cherifienneimmobilierefinanciere,parismaroc,Société chérifienne immobilière et financière,« Paris-Maroc »,1,gompel-r
cherifienneimmobilierefinanciere,parismarocholdingcherifiengustavegompel,Société chérifienne immobilière et financière,"Paris-Maroc, le holding chérifien de Gustave Gompel",1,gompel-r
cherifienneimmobilierefinanciere,socchauxcimentsmateriauxconstructionmaroc,Société chérifienne immobilière et financière,"Soc. an. des CHAUX, CIMENTS et MATÉRIAUX de CONSTRUCTION au MAROC",1,gompel-r
cherifienneimmobilierefinanciere,socgenabattoirsmunicipauxindustrielsmaroc,Société chérifienne immobilière et financière,Soc. gén. des ABATTOIRS MUNICIPAUX ET INDUSTRIELS AU MAROC,1,gompel-r
etudesconstructions,omiumfrance,ÉTUDES et de CONSTRUCTIONS,Omium de France,1,gompel-r
etudesconstructions,omniumfrance,ÉTUDES et de CONSTRUCTIONS,Omnium de France,1,gompel-r
etudesconstructions,omniumfrancemaroc,ÉTUDES et de CONSTRUCTIONS,Omnium de France et du Maroc,1,gompel-r
huileriesmaghreb,omiumfrance,Société des Huileries du Maghreb,Omium de France,1,gompel-r
huileriesmaghreb,omniumfrance,Société des Huileries du Maghreb,Omnium de France,1,gompel-r
huileriesmaghreb,omniumfrancemaroc,Société des Huileries du Maghreb,Omnium de France et du Maroc,1,gompel-r
huileriesmaghreb,socchauxcimentsmateriauxconstructionmaroc,Société des Huileries du Maghreb,"Soc. an. des CHAUX, CIMENTS et MATÉRIAUX de CONSTRUCTION au MAROC",1,gompel-r
industriellemarocaine,omiumfrance,Société Industrielle marocaine,Omium de France,1,gompel-r
industriellemarocaine,omniumfrance,Société Industrielle marocaine,Omnium de France,1,gompel-r
industriellemarocaine,omniumfrancemaroc,Société Industrielle marocaine,Omnium de France et du Maroc,1,gompel-r
industriellemarocaine,socchauxcimentsmateriauxconstructionmaroc,Société Industrielle marocaine,"Soc. an. des CHAUX, CIMENTS et MATÉRIAUX de CONSTRUCTION au MAROC",1,gompel-r
moulinsmaghreb,omiumfrance,Société des Moulins du Maghreb,Omium de France,1,gompel-r
moulinsmaghreb,omniumfrance,Société des Moulins du Maghreb,Omnium de France,1,gompel-r
moulinsmaghreb,omniumfrancemaroc,Société des Moulins du Maghreb,Omnium de France et du Maroc,1,gompel-r
omiumfrance,parismaroc,Omium de France,« Paris-Maroc »,1,gompel-r
omiumfrance,parismarocholdingcherifiengustavegompel,Omium de France,"Paris-Maroc, le holding chérifien de Gustave Gompel",1,gompel-r
omiumfrance,socchauxcimentsmateriauxconstructionmaroc,Omium de France,"Soc. an. des CHAUX, CIMENTS et MATÉRIAUX de CONSTRUCTION au MAROC",1,gompel-r
omiumfrance,socgenabattoirsmunicipauxindustrielsmaroc,Omium de France,Soc. gén. des ABATTOIRS MUNICIPAUX ET INDUSTRIELS AU MAROC,1,gompel-r
omniumfrance,parismaroc,Omnium de France,« Paris-Maroc »,1,gompel-r
omniumfrance,parismarocholdingcherifiengustavegompel,Omnium de France,"Paris-Maroc, le holding chérifien de Gustave Gompel",1,gompel-r
omniumfrance,socchauxcimentsmateriauxconstructionmaroc,Omnium de France,"Soc. an. des CHAUX, CIMENTS et MATÉRIAUX de CONSTRUCTION au MAROC",1,gompel-r
omniumfrance,socgenabattoirsmunicipauxindustrielsmaroc,Omnium de France,Soc. gén. des ABATTOIRS MUNICIPAUX ET INDUSTRIELS AU MAROC,1,gompel-r
omniumfrancemaroc,parismaroc,Omnium de France et du Maroc,« Paris-Maroc »,1,gompel-r
omniumfrancemaroc,parismarocholdingcherifiengustavegompel,Omnium de France et du Maroc,"Paris-Maroc, le holding chérifien de Gustave Gompel",1,gompel-r
omniumfrancemaroc,socchauxcimentsmateriauxconstructionmaroc,Omnium de France et du Maroc,"Soc. an. des CHAUX, CIMENTS et MATÉRIAUX de CONSTRUCTION au MAROC",1,gompel-r
omniumfrancemaroc,socgenabattoirsmunicipauxindustrielsmaroc,Omnium de France et du Maroc,Soc. gén. des ABATTOIRS MUNICIPAUX ET INDUSTRIELS AU MAROC,1,gompel-r
socchauxcimentsmateriauxconstructionmaroc,socgenabattoirsmunicipauxindustrielsmaroc,"Soc. an. des CHAUX, CIMENTS et MATÉRIAUX de CONSTRUCTION au MAROC",Soc. gén. des ABATTOIRS MUNICIPAUX ET INDUSTRIELS AU MAROC,1,gompel-r
abattoirsmunicipauxindustrielsmaroc,agricolemaroc,Société générale des Abattoirs municipaux et industriels au Maroc,Société Agricole du Maroc,1,roudy-a
abattoirsmunicipauxindustrielsmaroc,banquecommercialemaroc,Société générale des Abattoirs municipaux et industriels au Maroc,Banque commerciale du Maroc,1,roudy-a
abattoirsmunicipauxindustrielsmaroc,developpementcasablanca,Société générale des Abattoirs municipaux et industriels au Maroc,Société Générale pour le Développement de Casablanca,1,roudy-a
abattoirsmunicipauxindustrielsmaroc,electricitemarrakech,Société générale des Abattoirs municipaux et industriels au Maroc,Société d'Électricité de Marrakech,1,roudy-a
abattoirsmunicipauxindustrielsmaroc,electricitemazagan,Société générale des Abattoirs municipaux et industriels au Maroc,Société d'Électricité de Mazagan,1,roudy-a
abattoirsmunicipauxindustrielsmaroc,electricitesafi,Société générale des Abattoirs municipaux et industriels au Maroc,Société d'Électricité de Safi,1,roudy-a
agricolemaroc,agricolezemmours,Société Agricole du Maroc,Société agricole des Zemmours,1,roudy-a
agricolemaroc,brasseriesmaroc,Société Agricole du Maroc,"Société des Brasseries du Maroc, puis Boissons du Maroc",1,roudy-a
agricolemaroc,chauxcimentsmateriauxconstructionmaroc,Société Agricole du Maroc,"Chaux, ciments et matériaux de construction au Maroc",1,roudy-a
agricolemaroc,cheminsfermarocoriental,Société Agricole du Maroc,Compagnie des Chemins de fer de du Maroc oriental,1,roudy-a
agricolemaroc,constructioncivile,Société Agricole du Maroc,Construction civile,1,roudy-a
agricolemaroc,eclairageforcemaroc,Société Agricole du Maroc,Cie d'Éclairage et de force au Maroc,1,roudy-a
agricolemaroc,electricitemarrakech,Société Agricole du Maroc,Société d'Électricité de Marrakech,1,roudy-a
agricolemaroc,electricitemazagan,Société Agricole du Maroc,Société d'Électricité de Mazagan,1,roudy-a
agricolemaroc,electricitesafi,Société Agricole du Maroc,Société d'Électricité de Safi,1,roudy-a
agricolemaroc,fasielectricite,Société Agricole du Maroc,Compagnie Fasi d'Électricité,1,roudy-a
agricolemaroc,immobilieremaroc,Société Agricole du Maroc,Société Immobilière au Maroc,1,roudy-a
agricolemaroc,maroc,Société Agricole du Maroc,Compagnie du Maroc,1,roudy-a
agricolemaroc,marocainedistributioneaugazelectricite,Société Agricole du Maroc,"Société Marocaine de distribution d'eau, de gaz et d'électricité",1,roudy-a
agricolemaroc,marocaineentrepriseimmobilieremobiliere,Société Agricole du Maroc,"Société Marocaine d'entreprise générale immobilière et mobilière, puis La Construction marocaine et La Construction civile",1,roudy-a
agricolemaroc,moulinsmaghreb,Société Agricole du Maroc,Société des Moulins du Maghreb,1,roudy-a
agricolemaroc,socchauxcimentsmateriauxconstructionmaroc,Société Agricole du Maroc,"Soc. an. des CHAUX, CIMENTS et MATÉRIAUX de CONSTRUCTION au MAROC",1,roudy-a
agricolemaroc,tabacsmaroc,Société Agricole du Maroc,Tabacs au Maroc,1,roudy-a
agricolezemmours,banquecommercialemaroc,Société agricole des Zemmours,Banque commerciale du Maroc,1,roudy-a
agricolezemmours,brasseriesmaroc,Société agricole des Zemmours,"Société des Brasseries du Maroc, puis Boissons du Maroc",1,roudy-a
agricolezemmours,chauxcimentsmateriauxconstructionmaroc,Société agricole des Zemmours,"Chaux, ciments et matériaux de construction au Maroc",1,roudy-a
agricolezemmours,developpementcasablanca,Société agricole des Zemmours,Société Générale pour le Développement de Casablanca,1,roudy-a
agricolezemmours,eclairageforcemaroc,Société agricole des Zemmours,Cie d'Éclairage et de force au Maroc,1,roudy-a
agricolezemmours,electricitemarrakech,Société agricole des Zemmours,Société d'Électricité de Marrakech,1,roudy-a
agricolezemmours,electricitemazagan,Société agricole des Zemmours,Société d'Électricité de Mazagan,1,roudy-a
agricolezemmours,electricitesafi,Société agricole des Zemmours,Société d'Électricité de Safi,1,roudy-a
agricolezemmours,immobilieremaroc,Société agricole des Zemmours,Société Immobilière au Maroc,1,roudy-a
agricolezemmours,socchauxcimentsmateriauxconstructionmaroc,Société agricole des Zemmours,"Soc. an. des CHAUX, CIMENTS et MATÉRIAUX de CONSTRUCTION au MAROC",1,roudy-a
banquecommercialemaroc,chauxcimentsmateriauxconstructionmaroc,Banque commerciale du Maroc,"Chaux, ciments et matériaux de construction au Maroc",1,roudy-a
banquecommercialemaroc,cheminsfermarocoriental,Banque commerciale du Maroc,Compagnie des Chemins de fer de du Maroc oriental,1,roudy-a
banquecommercialemaroc,constructioncivile,Banque commerciale du Maroc,Construction civile,1,roudy-a
banquecommercialemaroc,eclairageforcemaroc,Banque commerciale du Maroc,Cie d'Éclairage et de force au Maroc,1,roudy-a
banquecommercialemaroc,electricitemarrakech,Banque commerciale du Maroc,Société d'Électricité de Marrakech,1,roudy-a
banquecommercialemaroc,electricitemazagan,Banque commerciale du Maroc,Société d'Électricité de Mazagan,1,roudy-a
banquecommercialemaroc,electricitesafi,Banque commerciale du Maroc,Société d'Électricité de Safi,1,roudy-a
banquecommercialemaroc,fasielectricite,Banque commerciale du Maroc,Compagnie Fasi d'Électricité,1,roudy-a
banquecommercialemaroc,immobilieremaroc,Banque commerciale du Maroc,Société Immobilière au Maroc,1,roudy-a
banquecommercialemaroc,maroc,Banque commerciale du Maroc,Compagnie du Maroc,1,roudy-a
banquecommercialemaroc,marocainedistributioneaugazelectricite,Banque commerciale du Maroc,"Société Marocaine de distribution d'eau, de gaz et d'électricité",1,roudy-a
banquecommercialemaroc,marocaineentrepriseimmobilieremobiliere,Banque commerciale du Maroc,"Société Marocaine d'entreprise générale immobilière et mobilière, puis La Construction marocaine et La Construction civile",1,roudy-a
banquecommercialemaroc,moulinsmaghreb,Banque commerciale du Maroc,Société des Moulins du Maghreb,1,roudy-a
banquecommercialemaroc,socchauxcimentsmateriauxconstructionmaroc,Banque commerciale du Maroc,"Soc. an. des CHAUX, CIMENTS et MATÉRIAUX de CONSTRUCTION au MAROC",1,roudy-a
banquecommercialemaroc,tabacsmaroc,Banque commerciale du Maroc,Tabacs au Maroc,1,roudy-a
brasseriesmaroc,cheminsfermarocoriental,"Société des Brasseries du Maroc, puis Boissons du Maroc",Compagnie des Chemins de fer de du Maroc oriental,1,roudy-a
brasseriesmaroc,constructioncivile,"Société des Brasseries du Maroc, puis Boissons du Maroc",Construction civile,1,roudy-a
brasseriesmaroc,electricitemarrakech,"Société des Brasseries du Maroc, puis Boissons du Maroc",Société d'Électricité de Marrakech,1,roudy-a
brasseriesmaroc,electricitemazagan,"Société des Brasseries du Maroc, puis Boissons du Maroc",Société d'Électricité de Mazagan,1,roudy-a
brasseriesmaroc,electricitesafi,"Société des Brasseries du Maroc, puis Boissons du Maroc",Société d'Électricité de Safi,1,roudy-a
brasseriesmaroc,fasielectricite,"Société des Brasseries du Maroc, puis Boissons du Maroc",Compagnie Fasi d'Électricité,1,roudy-a
brasseriesmaroc,immobilieremaroc,"Société des Brasseries du Maroc, puis Boissons du Maroc",Société Immobilière au Maroc,1,roudy-a
brasseriesmaroc,maroc,"Société des Brasseries du Maroc, puis Boissons du Maroc",Compagnie du Maroc,1,roudy-a
brasseriesmaroc,marocaineentrepriseimmobilieremobiliere,"Société des Brasseries du Maroc, puis Boissons du Maroc","Société Marocaine d'entreprise générale immobilière et mobilière, puis La Construction marocaine et La Construction civile",1,roudy-a
brasseriesmaroc,tabacsmaroc,"Société des Brasseries du Maroc, puis Boissons du Maroc",Tabacs au Maroc,1,roudy-a
chauxcimentsmateriauxconstructionmaroc,cheminsfermarocoriental,"Chaux, ciments et matériaux de construction au Maroc",Compagnie des Chemins de fer de du Maroc oriental,1,roudy-a
chauxcimentsmateriauxconstructionmaroc,developpementcasablanca,"Chaux, ciments et matériaux de construction au Maroc",Société Générale pour le Développement de Casablanca,1,roudy-a
chauxcimentsmateriauxconstructionmaroc,electricitemarrakech,"Chaux, ciments et matériaux de construction au Maroc",Société d'Électricité de Marrakech,1,roudy-a
chauxcimentsmateriauxconstructionmaroc,electricitemazagan,"Chaux, ciments et matériaux de construction au Maroc",Société d'Électricité de Mazagan,1,roudy-a
chauxcimentsmateriauxconstructionmaroc,electricitesafi,"Chaux, ciments et matériaux de construction au Maroc",Société d'Électricité de Safi,1,roudy-a
chauxcimentsmateriauxconstructionmaroc,tabacsmaroc,"Chaux, ciments et matériaux de construction au Maroc",Tabacs au Maroc,1,roudy-a
cheminsfermarocoriental,developpementcasablanca,Compagnie des Chemins de fer de du Maroc oriental,Société Générale pour le Développement de Casablanca,1,roudy-a
cheminsfermarocoriental,eclairageforcemaroc,Compagnie des Chemins de fer de du Maroc oriental,Cie d'Éclairage et de force au Maroc,1,roudy-a
cheminsfermarocoriental,electricitemarrakech,Compagnie des Chemins de fer de du Maroc oriental,Société d'Électricité de Marrakech,1,roudy-a
cheminsfermarocoriental,electricitemazagan,Compagnie des Chemins de fer de du Maroc oriental,Société d'Électricité de Mazagan,1,roudy-a
cheminsfermarocoriental,electricitesafi,Compagnie des Chemins de fer de du Maroc oriental,Société d'Électricité de Safi,1,roudy-a
cheminsfermarocoriental,immobilieremaroc,Compagnie des Chemins de fer de du Maroc oriental,Société Immobilière au Maroc,1,roudy-a
cheminsfermarocoriental,socchauxcimentsmateriauxconstructionmaroc,Compagnie des Chemins de fer de du Maroc oriental,"Soc. an. des CHAUX, CIMENTS et MATÉRIAUX de CONSTRUCTION au MAROC",1,roudy-a
constructioncivile,developpementcasablanca,Construction civile,Société Générale pour le Développement de Casablanca,1,roudy-a
constructioncivile,eclairageforcemaroc,Construction civile,Cie d'Éclairage et de force au Maroc,1,roudy-a
constructioncivile,electricitemarrakech,Construction civile,Société d'Électricité de Marrakech,1,roudy-a
constructioncivile,electricitemazagan,Construction civile,Société d'Électricité de Mazagan,1,roudy-a
constructioncivile,electricitesafi,Construction civile,Société d'Électricité de Safi,1,roudy-a
constructioncivile,socchauxcimentsmateriauxconstructionmaroc,Construction civile,"Soc. an. des CHAUX, CIMENTS et MATÉRIAUX de CONSTRUCTION au MAROC",1,roudy-a
developpementcasablanca,eclairageforcemaroc,Société Générale pour le Développement de Casablanca,Cie d'Éclairage et de force au Maroc,1,roudy-a
developpementcasablanca,electricitemarrakech,Société Générale pour le Développement de Casablanca,Société d'Électricité de Marrakech,1,roudy-a
developpementcasablanca,electricitemazagan,Société Générale pour le Développement de Casablanca,Société d'Électricité de Mazagan,1,roudy-a
developpementcasablanca,electricitesafi,Société Générale pour le Développement de Casablanca,Société d'Électricité de Safi,1,roudy-a
developpementcasablanca,fasielectricite,Société Générale pour le Développement de Casablanca,Compagnie Fasi d'Électricité,1,roudy-a
developpementcasablanca,immobilieremaroc,Société Générale pour le Développement de Casablanca,Société Immobilière au Maroc,1,roudy-a
developpementcasablanca,maroc,Société Générale pour le Développement de Casablanca,Compagnie du Maroc,1,roudy-a
developpementcasablanca,marocaineentrepriseimmobilieremobiliere,Société Générale pour le Développement de Casablanca,"Société Marocaine d'entreprise générale immobilière et mobilière, puis La Construction marocaine et La Construction civile",1,roudy-a
developpementcasablanca,moulinsmaghreb,Société Générale pour le Développement de Casablanca,Société des Moulins du Maghreb,1,roudy-a
developpementcasablanca,socchauxcimentsmateriauxconstructionmaroc,Société Générale pour le Développement de Casablanca,"Soc. an. des CHAUX, CIMENTS et MATÉRIAUX de CONSTRUCTION au MAROC",1,roudy-a
developpementcasablanca,tabacsmaroc,Société Générale pour le Développement de Casablanca,Tabacs au Maroc,1,roudy-a
eclairageforcemaroc,electricitemarrakech,Cie d'Éclairage et de force au Maroc,Société d'Électricité de Marrakech,1,roudy-a
eclairageforcemaroc,electricitemazagan,Cie d'Éclairage et de force au Maroc,Société d'Électricité de Mazagan,1,roudy-a
eclairageforcemaroc,electricitesafi,Cie d'Éclairage et de force au Maroc,Société d'Électricité de Safi,1,roudy-a
eclairageforcemaroc,fasielectricite,Cie d'Éclairage et de force au Maroc,Compagnie Fasi d'Électricité,1,roudy-a
eclairageforcemaroc,immobilieremaroc,Cie d'Éclairage et de force au Maroc,Société Immobilière au Maroc,1,roudy-a
eclairageforcemaroc,maroc,Cie d'Éclairage et de force au Maroc,Compagnie du Maroc,1,roudy-a
eclairageforcemaroc,marocainedistributioneaugazelectricite,Cie d'Éclairage et de force au Maroc,"Société Marocaine de distribution d'eau, de gaz et d'électricité",1,roudy-a
eclairageforcemaroc,marocaineentrepriseimmobilieremobiliere,Cie d'Éclairage et de force au Maroc,"Société Marocaine d'entreprise générale immobilière et mobilière, puis La Construction marocaine et La Construction civile",1,roudy-a
eclairageforcemaroc,tabacsmaroc,Cie d'Éclairage et de force au Maroc,Tabacs au Maroc,1,roudy-a
electricitemarrakech,immobilieremaroc,Société d'Électricité de Marrakech,Société Immobilière au Maroc,1,roudy-a
electricitemarrakech,maroc,Société d'Électricité de Marrakech,Compagnie du Maroc,1,roudy-a
electricitemarrakech,marocainedistributioneaugazelectricite,Société d'Électricité de Marrakech,"Société Marocaine de distribution d'eau, de gaz et d'électricité",1,roudy-a
electricitemarrakech,marocaineentrepriseimmobilieremobiliere,Société d'Électricité de Marrakech,"Société Marocaine d'entreprise générale immobilière et mobilière, puis La Construction marocaine et La Construction civile",1,roudy-a
electricitemarrakech,moulinsmaghreb,Société d'Électricité de Marrakech,Société des Moulins du Maghreb,1,roudy-a
electricitemarrakech,socchauxcimentsmateriauxconstructionmaroc,Société d'Électricité de Marrakech,"Soc. an. des CHAUX, CIMENTS et MATÉRIAUX de CONSTRUCTION au MAROC",1,roudy-a
electricitemarrakech,tabacsmaroc,Société d'Électricité de Marrakech,Tabacs au Maroc,1,roudy-a
electricitemazagan,immobilieremaroc,Société d'Électricité de Mazagan,Société Immobilière au Maroc,1,roudy-a
electricitemazagan,maroc,Société d'Électricité de Mazagan,Compagnie du Maroc,1,roudy-a
electricitemazagan,marocainedistributioneaugazelectricite,Société d'Électricité de Mazagan,"Société Marocaine de distribution d'eau, de gaz et d'électricité",1,roudy-a
electricitemazagan,marocaineentrepriseimmobilieremobiliere,Société d'Électricité de Mazagan,"Société Marocaine d'entreprise générale immobilière et mobilière, puis La Construction marocaine et La Construction civile",1,roudy-a
electricitemazagan,moulinsmaghreb,Société d'Électricité de Mazagan,Société des Moulins du Maghreb,1,roudy-a
electricitemazagan,socchauxcimentsmateriauxconstructionmaroc,Société d'Électricité de Mazagan,"Soc. an. des CHAUX, CIMENTS et MATÉRIAUX de CONSTRUCTION au MAROC",1,roudy-a
electricitemazagan,tabacsmaroc,Société d'Électricité de Mazagan,Tabacs au Maroc,1,roudy-a
electricitesafi,immobilieremaroc,Société d'Électricité de Safi,Société Immobilière au Maroc,1,roudy-a
electricitesafi,maroc,Société d'Électricité de Safi,Compagnie du Maroc,1,roudy-a
electricitesafi,marocainedistributioneaugazelectricite,Société d'Électricité de Safi,"Société Marocaine de distribution d'eau, de gaz et d'électricité",1,roudy-a
electricitesafi,marocaineentrepriseimmobilieremobiliere,Société d'Électricité de Safi,"Société Marocaine d'entreprise générale immobilière et mobilière, puis La Construction marocaine et La Construction civile",1,roudy-a
electricitesafi,moulinsmaghreb,Société d'Électricité de Safi,Société des Moulins du Maghreb,1,roudy-a
electricitesafi,socchauxcimentsmateriauxconstructionmaroc,Société d'Électricité de Safi,"Soc. an. des CHAUX, CIMENTS et MATÉRIAUX de CONSTRUCTION au MAROC",1,roudy-a
electricitesafi,tabacsmaroc,Société d'Électricité de Safi,Tabacs au Maroc,1,roudy-a
fasielectricite,socchauxcimentsmateriauxconstructionmaroc,Compagnie Fasi d'Électricité,"Soc. an. des CHAUX, CIMENTS et MATÉRIAUX de CONSTRUCTION au MAROC",1,roudy-a
immobilieremaroc,socchauxcimentsmateriauxconstructionmaroc,Société Immobilière au Maroc,"Soc. an. des CHAUX, CIMENTS et MATÉRIAUX de CONSTRUCTION au MAROC",1,roudy-a
immobilieremaroc,tabacsmaroc,Société Immobilière au Maroc,Tabacs au Maroc,1,roudy-a
maroc,socchauxcimentsmateriauxconstructionmaroc,Compagnie du Maroc,"Soc. an. des CHAUX, CIMENTS et MATÉRIAUX de CONSTRUCTION au MAROC",1,roudy-a
marocainedistributioneaugazelectricite,socchauxcimentsmateriauxconstructionmaroc,"Société Marocaine de distribution d'eau, de gaz et d'électricité","Soc. an. des CHAUX, CIMENTS et MATÉRIAUX de CONSTRUCTION au MAROC",1,roudy-a
marocaineentrepriseimmobilieremobiliere,socchauxcimentsmateriauxconstructionmaroc,"Société Marocaine d'entreprise générale immobilière et mobilière, puis La Construction marocaine et La Construction civile","Soc. an. des CHAUX, CIMENTS et MATÉRIAUX de CONSTRUCTION au MAROC",1,roudy-a
socchauxcimentsmateriauxconstructionmaroc,tabacsmaroc,"Soc. an. des CHAUX, CIMENTS et MATÉRIAUX de CONSTRUCTION au MAROC",Tabacs au Maroc,1,roudy-a
comptoirautomobilemarocain,etablissementsperezcoudert,Comptoir automobile marocain,Établissements Pérez et Coudert,1,hourdille-r
comptoirautomobilemarocain,financierefes,Comptoir automobile marocain,Société financière de Fès,1,hourdille-r
comptoirautomobilemarocain,industriellecommercialeadoursebou,Comptoir automobile marocain,Société industrielle et commerciale Adour-Sebou,1,hourdille-r
etablissementsperezcoudert,financierefes,Établissements Pérez et Coudert,Société financière de Fès,1,hourdille-r
financierefes,industriellecommercialeadoursebou,Société financière de Fès,Société industrielle et commerciale Adour-Sebou,1,hourdille-r
industriellecommercialeadoursebou,pecheriesconservesalimentairescasablancabenimellal,Société industrielle et commerciale Adour-Sebou,"Pêcheries et de conserves alimentaires, Casablanca, Beni-Mellal",1,andrieu-g
cherifiennecarpettes,industriellecommercialeadoursebou,Cie Chérifienne de Carpettes,Société industrielle et commerciale Adour-Sebou,1,bayard-j
consortiumindustrielcommercialafriquenord,industriellecommercialeadoursebou,Consortium industriel et commercial de l'Afrique du Nord,Société industrielle et commerciale Adour-Sebou,1,mf
consortiumindustrielcommercialafriquenord,roannaisefermesafriquenord,Consortium industriel et commercial de l'Afrique du Nord,Société Roannaise des Fermes de l'Afrique du Nord,1,mf
industriellecommercialeadoursebou,roannaisefermesafriquenord,Société industrielle et commerciale Adour-Sebou,Société Roannaise des Fermes de l'Afrique du Nord,1,mf
banquealgerotunisiennecommerceexportation,chauxcimentsmateriauxconstructionmaroc,Banque algéro-tunisienne pour le commerce d'exportation,"Chaux, ciments et matériaux de construction au Maroc",1,lache-f
banquealgerotunisiennecommerceexportation,socchauxcimentsmateriauxconstructionmaroc,Banque algéro-tunisienne pour le commerce d'exportation,"Soc. an. des CHAUX, CIMENTS et MATÉRIAUX de CONSTRUCTION au MAROC",1,lache-f
immobilierecasablanca,manutentionmarocaine,Société Immobilière de Casablanca,La Manutention marocaine,1,guerard
africaineateliersconstructionschwartzhautmont,agricolemaroc,Cie africaine des ateliers de construction Schwartz-Hautmont,Société Agricole du Maroc,1,berti-v
africaineateliersconstructionschwartzhautmont,banquecommercialemaroc,Cie africaine des ateliers de construction Schwartz-Hautmont,Banque commerciale du Maroc,1,berti-v
africaineateliersconstructionschwartzhautmont,developpementcasablanca,Cie africaine des ateliers de construction Schwartz-Hautmont,Société Générale pour le Développement de Casablanca,1,berti-v
africaineateliersconstructionschwartzhautmont,manutentionmarocaine,Cie africaine des ateliers de construction Schwartz-Hautmont,La Manutention marocaine,1,berti-v
africaineateliersconstructionschwartzhautmont,marocaineexploitationsminieresbouarfa,Cie africaine des ateliers de construction Schwartz-Hautmont,"Société Marocaine d'Exploitations minières, Bou-Arfa",1,berti-v
africaineateliersconstructionschwartzhautmont,marocaineexploitationsminieresbouarfaparoujda,Cie africaine des ateliers de construction Schwartz-Hautmont,"Société marocaine d'exploitations minières, BOU-ARFA, par Oujda",1,berti-v
africaineateliersconstructionschwartzhautmont,marocainemetauxentreprise,Cie africaine des ateliers de construction Schwartz-Hautmont,Cie marocaine de métaux et d'entreprise,1,berti-v
africaineateliersconstructionschwartzhautmont,marocainemetauxentreprises,Cie africaine des ateliers de construction Schwartz-Hautmont,Cie marocaine de métaux et d'entreprises,1,berti-v
africaineateliersconstructionschwartzhautmont,minesbouarfa,Cie africaine des ateliers de construction Schwartz-Hautmont,Société des Mines de Bou-Arfa,1,berti-v
africainetransports,agricolemaroc,Compagnie Africaine de Transports,Société Agricole du Maroc,1,berti-v
africainetransports,banquecommercialemaroc,Compagnie Africaine de Transports,Banque commerciale du Maroc,1,berti-v
africainetransports,developpementcasablanca,Compagnie Africaine de Transports,Société Générale pour le Développement de Casablanca,1,berti-v
africainetransports,manutentionmarocaine,Compagnie Africaine de Transports,La Manutention marocaine,1,berti-v
africainetransports,marocaineexploitationsminieresbouarfa,Compagnie Africaine de Transports,"Société Marocaine d'Exploitations minières, Bou-Arfa",1,berti-v
africainetransports,marocaineexploitationsminieresbouarfaparoujda,Compagnie Africaine de Transports,"Société marocaine d'exploitations minières, BOU-ARFA, par Oujda",1,berti-v
africainetransports,marocainemetauxentreprise,Compagnie Africaine de Transports,Cie marocaine de métaux et d'entreprise,1,berti-v
africainetransports,marocainemetauxentreprises,Compagnie Africaine de Transports,Cie marocaine de métaux et d'entreprises,1,berti-v
africainetransports,minesbouarfa,Compagnie Africaine de Transports,Société des Mines de Bou-Arfa,1,berti-v
agricolemaroc,autohall,Société Agricole du Maroc,Auto-Hall,1,berti-v
agricolemaroc,franceauto,Société Agricole du Maroc,France-Auto,1,berti-v
agricolemaroc,manutentionmarocaine,Société Agricole du Maroc,La Manutention marocaine,1,berti-v
agricolemaroc,marocaineautomobiles,Société Agricole du Maroc,Société marocaine d'automobiles,1,berti-v
agricolemaroc,marocaineexploitationsminieres,Société Agricole du Maroc,Société marocaine d'exploitations minières,1,berti-v
agricolemaroc,marocaineexploitationsminieresbouarfa,Société Agricole du Maroc,"Société Marocaine d'Exploitations minières, Bou-Arfa",1,berti-v
agricolemaroc,marocaineexploitationsminieresbouarfaparoujda,Société Agricole du Maroc,"Société marocaine d'exploitations minières, BOU-ARFA, par Oujda",1,berti-v
agricolemaroc,marocainemetauxentreprise,Société Agricole du Maroc,Cie marocaine de métaux et d'entreprise,1,berti-v
agricolemaroc,marocainemetauxentreprises,Société Agricole du Maroc,Cie marocaine de métaux et d'entreprises,1,berti-v
agricolemaroc,minesbouarfa,Société Agricole du Maroc,Société des Mines de Bou-Arfa,1,berti-v
autohall,banquecommercialemaroc,Auto-Hall,Banque commerciale du Maroc,1,berti-v
autohall,developpementcasablanca,Auto-Hall,Société Générale pour le Développement de Casablanca,1,berti-v
autohall,manutentionmarocaine,Auto-Hall,La Manutention marocaine,1,berti-v
autohall,marocaineexploitationsminieresbouarfa,Auto-Hall,"Société Marocaine d'Exploitations minières, Bou-Arfa",1,berti-v
autohall,marocaineexploitationsminieresbouarfaparoujda,Auto-Hall,"Société marocaine d'exploitations minières, BOU-ARFA, par Oujda",1,berti-v
autohall,marocainemetauxentreprise,Auto-Hall,Cie marocaine de métaux et d'entreprise,1,berti-v
autohall,marocainemetauxentreprises,Auto-Hall,Cie marocaine de métaux et d'entreprises,1,berti-v
autohall,minesbouarfa,Auto-Hall,Société des Mines de Bou-Arfa,1,berti-v
banquecommercialemaroc,franceauto,Banque commerciale du Maroc,France-Auto,1,berti-v
banquecommercialemaroc,marocaineautomobiles,Banque commerciale du Maroc,Société marocaine d'automobiles,1,berti-v
banquecommercialemaroc,marocaineexploitationsminieres,Banque commerciale du Maroc,Société marocaine d'exploitations minières,1,berti-v
banquecommercialemaroc,marocaineexploitationsminieresbouarfa,Banque commerciale du Maroc,"Société Marocaine d'Exploitations minières, Bou-Arfa",1,berti-v
banquecommercialemaroc,marocaineexploitationsminieresbouarfaparoujda,Banque commerciale du Maroc,"Société marocaine d'exploitations minières, BOU-ARFA, par Oujda",1,berti-v
banquecommercialemaroc,marocainemetauxentreprise,Banque commerciale du Maroc,Cie marocaine de métaux et d'entreprise,1,berti-v
banquecommercialemaroc,marocainemetauxentreprises,Banque commerciale du Maroc,Cie marocaine de métaux et d'entreprises,1,berti-v
banquecommercialemaroc,minesbouarfa,Banque commerciale du Maroc,Société des Mines de Bou-Arfa,1,berti-v
banquecommercialemaroc,transportstourismemaroc,Banque commerciale du Maroc,Compagnie Générale de Transports et tourisme au Maroc,1,berti-v
developpementcasablanca,franceauto,Société Générale pour le Développement de Casablanca,France-Auto,1,berti-v
developpementcasablanca,manutentionmarocaine,Société Générale pour le Développement de Casablanca,La Manutention marocaine,1,berti-v
developpementcasablanca,marocaineexploitationsminieres,Société Générale pour le Développement de Casablanca,Société marocaine d'exploitations minières,1,berti-v
developpementcasablanca,marocaineexploitationsminieresbouarfa,Société Générale pour le Développement de Casablanca,"Société Marocaine d'Exploitations minières, Bou-Arfa",1,berti-v
developpementcasablanca,marocaineexploitationsminieresbouarfaparoujda,Société Générale pour le Développement de Casablanca,"Société marocaine d'exploitations minières, BOU-ARFA, par Oujda",1,berti-v
developpementcasablanca,marocainemetauxentreprise,Société Générale pour le Développement de Casablanca,Cie marocaine de métaux et d'entreprise,1,berti-v
developpementcasablanca,marocainemetauxentreprises,Société Générale pour le Développement de Casablanca,Cie marocaine de métaux et d'entreprises,1,berti-v
franceauto,marocaineexploitationsminieresbouarfa,France-Auto,"Société Marocaine d'Exploitations minières, Bou-Arfa",1,berti-v
franceauto,marocaineexploitationsminieresbouarfaparoujda,France-Auto,"Société marocaine d'exploitations minières, BOU-ARFA, par Oujda",1,berti-v
franceauto,marocainemetauxentreprise,France-Auto,Cie marocaine de métaux et d'entreprise,1,berti-v
franceauto,marocainemetauxentreprises,France-Auto,Cie marocaine de métaux et d'entreprises,1,berti-v
franceauto,minesbouarfa,France-Auto,Société des Mines de Bou-Arfa,1,berti-v
manutentionmarocaine,marocaineautomobiles,La Manutention marocaine,Société marocaine d'automobiles,1,berti-v
manutentionmarocaine,marocaineexploitationsminieres,La Manutention marocaine,Société marocaine d'exploitations minières,1,berti-v
manutentionmarocaine,marocaineexploitationsminieresbouarfa,La Manutention marocaine,"Société Marocaine d'Exploitations minières, Bou-Arfa",1,berti-v
manutentionmarocaine,marocaineexploitationsminieresbouarfaparoujda,La Manutention marocaine,"Société marocaine d'exploitations minières, BOU-ARFA, par Oujda",1,berti-v
manutentionmarocaine,marocainemetauxentreprise,La Manutention marocaine,Cie marocaine de métaux et d'entreprise,1,berti-v
manutentionmarocaine,marocainemetauxentreprises,La Manutention marocaine,Cie marocaine de métaux et d'entreprises,1,berti-v
manutentionmarocaine,minesbouarfa,La Manutention marocaine,Société des Mines de Bou-Arfa,1,berti-v
manutentionmarocaine,transportstourismemaroc,La Manutention marocaine,Compagnie Générale de Transports et tourisme au Maroc,1,berti-v
marocaineautomobiles,marocaineexploitationsminieresbouarfa,Société marocaine d'automobiles,"Société Marocaine d'Exploitations minières, Bou-Arfa",1,berti-v
marocaineautomobiles,marocaineexploitationsminieresbouarfaparoujda,Société marocaine d'automobiles,"Société marocaine d'exploitations minières, BOU-ARFA, par Oujda",1,berti-v
marocaineautomobiles,marocainemetauxentreprise,Société marocaine d'automobiles,Cie marocaine de métaux et d'entreprise,1,berti-v
marocaineautomobiles,marocainemetauxentreprises,Société marocaine d'automobiles,Cie marocaine de métaux et d'entreprises,1,berti-v
marocaineexploitationsminieres,marocainemetauxentreprise,Société marocaine d'exploitations minières,Cie marocaine de métaux et d'entreprise,1,berti-v
marocaineexploitationsminieres,marocainemetauxentreprises,Société marocaine d'exploitations minières,Cie marocaine de métaux et d'entreprises,1,berti-v
marocaineexploitationsminieresbouarfa,marocainemetauxentreprise,"Société Marocaine d'Exploitations minières, Bou-Arfa",Cie marocaine de métaux et d'entreprise,1,berti-v
marocaineexploitationsminieresbouarfa,marocainemetauxentreprises,"Société Marocaine d'Exploitations minières, Bou-Arfa",Cie marocaine de métaux et d'entreprises,1,berti-v
marocaineexploitationsminieresbouarfa,transportstourismemaroc,"Société Marocaine d'Exploitations minières, Bou-Arfa",Compagnie Générale de Transports et tourisme au Maroc,1,berti-v
marocaineexploitationsminieresbouarfaparoujda,marocainemetauxentreprise,"Société marocaine d'exploitations minières, BOU-ARFA, par Oujda",Cie marocaine de métaux et d'entreprise,1,berti-v
marocaineexploitationsminieresbouarfaparoujda,marocainemetauxentreprises,"Société marocaine d'exploitations minières, BOU-ARFA, par Oujda",Cie marocaine de métaux et d'entreprises,1,berti-v
marocaineexploitationsminieresbouarfaparoujda,transportstourismemaroc,"Société marocaine d'exploitations minières, BOU-ARFA, par Oujda",Compagnie Générale de Transports et tourisme au Maroc,1,berti-v
marocainemetauxentreprise,minesbouarfa,Cie marocaine de métaux et d'entreprise,Société des Mines de Bou-Arfa,1,berti-v
marocainemetauxentreprise,transportstourismemaroc,Cie marocaine de métaux et d'entreprise,Compagnie Générale de Transports et tourisme au Maroc,1,berti-v
marocainemetauxentreprises,minesbouarfa,Cie marocaine de métaux et d'entreprises,Société des Mines de Bou-Arfa,1,berti-v
marocainemetauxentreprises,transportstourismemaroc,Cie marocaine de métaux et d'entreprises,Compagnie Générale de Transports et tourisme au Maroc,1,berti-v
minesbouarfa,transportstourismemaroc,Société des Mines de Bou-Arfa,Compagnie Générale de Transports et tourisme au Maroc,1,berti-v
banquecommercialemaroc,grandsmoulinsmarocains,Banque commerciale du Maroc,Grands Moulins marocains,1,bloch
banquecommercialemaroc,immobilierevilleindigene,Banque commerciale du Maroc,Société immobilière de la nouvelle ville indigène,1,bloch
banquecommercialemaroc,internationaleetudestravauxmaroc,Banque commerciale du Maroc,Société Internationale d'Études et de travaux au Maroc,1,bloch
etudesentreprisesomniummarocain,etudesrecherchestraitementphosphatesmaroc,Société d'études et d'entreprises Omnium marocain,Société d'études et de recherches du traitement des Phosphates au Maroc,1,bloch
etudesentreprisesomniummarocain,grandsmoulinsmarocains,Société d'études et d'entreprises Omnium marocain,Grands Moulins marocains,1,bloch
etudesentreprisesomniummarocain,immobilierevilleindigene,Société d'études et d'entreprises Omnium marocain,Société immobilière de la nouvelle ville indigène,1,bloch
etudesrecherchestraitementphosphatesmaroc,grandsmoulinsmarocains,Société d'études et de recherches du traitement des Phosphates au Maroc,Grands Moulins marocains,1,bloch
etudesrecherchestraitementphosphatesmaroc,immobilierevilleindigene,Société d'études et de recherches du traitement des Phosphates au Maroc,Société immobilière de la nouvelle ville indigène,1,bloch
etudesrecherchestraitementphosphatesmaroc,internationaleetudestravauxmaroc,Société d'études et de recherches du traitement des Phosphates au Maroc,Société Internationale d'Études et de travaux au Maroc,1,bloch
grandsmoulinsmarocains,immobilierevilleindigene,Grands Moulins marocains,Société immobilière de la nouvelle ville indigène,1,bloch
grandsmoulinsmarocains,internationaleetudestravauxmaroc,Grands Moulins marocains,Société Internationale d'Études et de travaux au Maroc,1,bloch
immobilierevilleindigene,internationaleetudestravauxmaroc,Société immobilière de la nouvelle ville indigène,Société Internationale d'Études et de travaux au Maroc,1,bloch
algeromarocaineculturecommerce,banquefoncierefrancomarocaine,Société Algéro-Marocaine de Culture et de commerce,Banque foncière franco-marocaine,1,delebart-g
banquefoncierefrancomarocaine,banqueunionmarocaine,Banque foncière franco-marocaine,Banque de l'union marocaine,1,rambaud-r
banquemarocaineagriculturecommerceindustrie,marocainemetallurgique,"Banque marocaine pour l'agriculture, le commerce et l'industrie",Société Marocaine Métallurgique,1,alexandre-j
banquemarocaineagriculturecommerceindustrie,casablancaiseconstructionseconomiquescreditmobilier,"Banque marocaine pour l'agriculture, le commerce et l'industrie",Casablancaise de Constructions economiques et de crédit mobilier,1,porte-m
banquemarocaineagriculturecommerceindustrie,commercialemaroc,"Banque marocaine pour l'agriculture, le commerce et l'industrie",Société Commerciale française au Maroc,1,porte-m
casablancaiseconstructionseconomiquescreditmobilier,commercialemaroc,Casablancaise de Constructions economiques et de crédit mobilier,Société Commerciale française au Maroc,1,porte-m
banquemarocaineagriculturecommerceindustrie,immobilieredoua,"Banque marocaine pour l'agriculture, le commerce et l'industrie",Société immobilière de la Doua,1,pervilhac-h
immobilieredoua,lyonmaroc,Société immobilière de la Doua,Lyon-Maroc,1,pervilhac-h
amizmiz,banquemarocaineagriculturecommerceindustrie,Sté d'Amizmiz,"Banque marocaine pour l'agriculture, le commerce et l'industrie",1,p-guyot
amizmiz,creditfonciermarocain,Sté d'Amizmiz,Crédit foncier marocain,1,p-guyot
banquemarocaineagriculturecommerceindustrie,cherifiennetuileriesbriqueteriesplatrierescasablanca,"Banque marocaine pour l'agriculture, le commerce et l'industrie","Sté chérifienne des tuileries, briqueteries et plâtrières de Casablanca",1,p-guyot
banquemarocaineagriculturecommerceindustrie,creditfonciermarocain,"Banque marocaine pour l'agriculture, le commerce et l'industrie",Crédit foncier marocain,1,p-guyot
banquemarocaineagriculturecommerceindustrie,fermesmarocaines,"Banque marocaine pour l'agriculture, le commerce et l'industrie",Sté des fermes marocaines,1,p-guyot
banquemarocaineagriculturecommerceindustrie,fermesmarocainesnantescasablanca,"Banque marocaine pour l'agriculture, le commerce et l'industrie","Société des Fermes marocaines, Nantes-Casablanca",1,p-guyot
banquemarocaineagriculturecommerceindustrie,tuileriesbriqueteriesplatrierescasablanca,"Banque marocaine pour l'agriculture, le commerce et l'industrie","Tuileries, briqueteries et plâtrières de Casablanca",1,p-guyot
cherifiennetuileriesbriqueteriesplatrierescasablanca,creditfonciermarocain,"Sté chérifienne des tuileries, briqueteries et plâtrières de Casablanca",Crédit foncier marocain,1,p-guyot
cherifiennetuileriesbriqueteriesplatrierescasablanca,fermesmarocaines,"Sté chérifienne des tuileries, briqueteries et plâtrières de Casablanca",Sté des fermes marocaines,1,p-guyot
cherifiennetuileriesbriqueteriesplatrierescasablanca,fermesmarocainesnantescasablanca,"Sté chérifienne des tuileries, briqueteries et plâtrières de Casablanca","Société des Fermes marocaines, Nantes-Casablanca",1,p-guyot
creditfonciermarocain,fermesmarocaines,Crédit foncier marocain,Sté des fermes marocaines,1,p-guyot
creditfonciermarocain,fermesmarocainesnantescasablanca,Crédit foncier marocain,"Société des Fermes marocaines, Nantes-Casablanca",1,p-guyot
creditfonciermarocain,tuileriesbriqueteriesplatrierescasablanca,Crédit foncier marocain,"Tuileries, briqueteries et plâtrières de Casablanca",1,p-guyot
caissepretsimmobiliers,magasinsgenerauxwarrantsmaroc,Caisse de prêts immobiliers,Société des Magasins généraux et warrants du Maroc,1,ed-philippar
caissepretsimmobiliers,marocaine,Caisse de prêts immobiliers,Compagnie marocaine,1,ed-philippar
caissepretsimmobiliers,portfedhala,Caisse de prêts immobiliers,Compagnie du Port de Fedhala,1,ed-philippar
agadir,caissepretsimmobiliers,Compagnie d'Agadir,Caisse de prêts immobiliers,1,aug-terrier
caissepretsimmobiliers,porttanger,Caisse de prêts immobiliers,Société du Port de Tanger,1,aug-terrier
caissepretsimmobiliers,creditfoncieragricolemarocain,Caisse de prêts immobiliers,Crédit foncier et agricole marocain,1,bentz-audeoud-c
caissepretsimmobiliers,creditfoncierfrancomarocain,Caisse de prêts immobiliers,Crédit foncier franco-marocain,1,bentz-audeoud-c
caissepretsimmobiliers,creditfonciermaroc,Caisse de prêts immobiliers,Crédit foncier du Maroc,1,bentz-audeoud-c
creditfoncieragricolemarocain,creditfonciermaroc,Crédit foncier et agricole marocain,Crédit foncier du Maroc,1,bentz-audeoud-c
creditfoncierfrancomarocain,creditfonciermaroc,Crédit foncier franco-marocain,Crédit foncier du Maroc,1,bentz-audeoud-c
creditfoncieragricolemaroc,omniumnordafricain,Crédit foncier agricole du Maroc,Omnium nord-africain,1,mathieu-e
banquemaroc,creditfonciermarocain,Banque française du Maroc,Crédit foncier marocain,1,petit-c
creditfonciermarocain,foncieremarococcidental,Crédit foncier marocain,Société Foncière du Maroc Occidental,1,petit-c
creditfrancomarocaincommerceexterieur,foncieremarococcidental,Crédit franco-marocain du commerce extérieur,Société Foncière du Maroc Occidental,1,petit-c
africaineateliersconstructionschwartzhautmont,creditfrancomarocaincommerceexterieur,Cie africaine des ateliers de construction Schwartz-Hautmont,Crédit franco-marocain du commerce extérieur,1,bloch-j
agencefrance,creditfrancomarocaincommerceexterieur,Agence en France,Crédit franco-marocain du commerce extérieur,1,bloch-j
creditfrancomarocaincommerceexterieur,developpementcasablanca,Crédit franco-marocain du commerce extérieur,Société Générale pour le Développement de Casablanca,1,j-delpech
maisonlevynouveautes,omniumcherifien,Maison Lévy-Nouveautés »,Omnium chérifien,1,levy-i
agricoletadla,banquecommercialemaroc,Société Agricole du Tadla,Banque commerciale du Maroc,1,piot
agricoletadla,etudesmarocainescommerceagriculturemines,Société Agricole du Tadla,"Société d'Études marocaines pour le commerce, l'agriculture et les mines",1,piot
agricoletadla,etudesmarocainescommerceiindustriemines,Société Agricole du Tadla,"Sté d'études marocaines pour le commerce, I'industrie et les mines",1,piot
cherifiennecolonisation,etudesmarocainescommerceiindustriemines,Compagnie Chérifienne de colonisation,"Sté d'études marocaines pour le commerce, I'industrie et les mines",1,piot
developpementcasablanca,etudesmarocainescommerceiindustriemines,Société Générale pour le Développement de Casablanca,"Sté d'études marocaines pour le commerce, I'industrie et les mines",1,piot
etudesmarocainescommerceiindustriemines,immobilierecasablanca,"Sté d'études marocaines pour le commerce, I'industrie et les mines",Société Immobilière de Casablanca,1,piot
atlantide,banquecommercialemaroc,L'Atlantide,Banque commerciale du Maroc,1,hersent-g
atlantide,briqueteriesfedala,L'Atlantide,Société des briqueteries de Fédala,1,hersent-g
atlantide,etudesmarocainescommerceagriculturemines,L'Atlantide,"Société d'Études marocaines pour le commerce, l'agriculture et les mines",1,hersent-g
atlantide,etudesmarocainescommerceiindustriemines,L'Atlantide,"Sté d'études marocaines pour le commerce, I'industrie et les mines",1,hersent-g
atlantide,etudesrecherchestraitementphosphatesmaroc,L'Atlantide,Société d'études et de recherches du traitement des Phosphates au Maroc,1,hersent-g
atlantide,francomarocainefedala,L'Atlantide,Cie franco-marocaine de Fédala,1,hersent-g
atlantide,francomarocainefedhala,L'Atlantide,Compagnie Franco-Marocaine de Fedhala,1,hersent-g
atlantide,manutentionmarocaine,L'Atlantide,La Manutention marocaine,1,hersent-g
atlantide,marocainetravauxpublics,L'Atlantide,Société Marocaine de Travaux publics,1,hersent-g
atlantide,portfedhala,L'Atlantide,Compagnie du Port de Fedhala,1,hersent-g
atlantide,valdora,L'Atlantide,Sté anon. Valdora,1,hersent-g
banquecommercialemaroc,briqueteriesfedala,Banque commerciale du Maroc,Société des briqueteries de Fédala,1,hersent-g
banquecommercialemaroc,briqueteriesfedhala,Banque commerciale du Maroc,Briqueteries de Fedhala,1,hersent-g
banquecommercialemaroc,cherifiennehivernage,Banque commerciale du Maroc,Société Chérifienne d'hivernage,1,hersent-g
banquecommercialemaroc,francomarocainefedala,Banque commerciale du Maroc,Cie franco-marocaine de Fédala,1,hersent-g
banquecommercialemaroc,francomarocainefedhala,Banque commerciale du Maroc,Compagnie Franco-Marocaine de Fedhala,1,hersent-g
banquecommercialemaroc,marocainetransittransportatlantide,Banque commerciale du Maroc,Cie marocaine de transit. et de transport Atlantide,1,hersent-g
banquecommercialemaroc,marocainetravauxpublics,Banque commerciale du Maroc,Société Marocaine de Travaux publics,1,hersent-g
banquecommercialemaroc,pecheriesmarocaines,Banque commerciale du Maroc,Pêcheries marocaines,1,hersent-g
banquecommercialemaroc,portfedala,Banque commerciale du Maroc,Cie du port de Fédala,1,hersent-g
banquecommercialemaroc,portfedhala,Banque commerciale du Maroc,Compagnie du Port de Fedhala,1,hersent-g
banquecommercialemaroc,salinesfedala,Banque commerciale du Maroc,Salines de Fédala,1,hersent-g
banquecommercialemaroc,salinesmaroc,Banque commerciale du Maroc,Salines du Maroc,1,hersent-g
banquecommercialemaroc,transportsmazeres,Banque commerciale du Maroc,Transports Mazères,1,hersent-g
banquecommercialemaroc,valdora,Banque commerciale du Maroc,Sté anon. Valdora,1,hersent-g
banquecommercialemaroc,vulcanisationmoderne,Banque commerciale du Maroc,Vulcanisation moderne,1,hersent-g
briqueteriesfedala,cherifiennehivernage,Société des briqueteries de Fédala,Société Chérifienne d'hivernage,1,hersent-g
briqueteriesfedala,etudesmarocainescommerceagriculturemines,Société des briqueteries de Fédala,"Société d'Études marocaines pour le commerce, l'agriculture et les mines",1,hersent-g
briqueteriesfedala,etudesmarocainescommerceiindustriemines,Société des briqueteries de Fédala,"Sté d'études marocaines pour le commerce, I'industrie et les mines",1,hersent-g
briqueteriesfedala,etudesrecherchestraitementphosphatesmaroc,Société des briqueteries de Fédala,Société d'études et de recherches du traitement des Phosphates au Maroc,1,hersent-g
briqueteriesfedala,francomarocainefedhala,Société des briqueteries de Fédala,Compagnie Franco-Marocaine de Fedhala,1,hersent-g
briqueteriesfedala,manutentionmarocaine,Société des briqueteries de Fédala,La Manutention marocaine,1,hersent-g
briqueteriesfedala,marocainetransittransportatlantide,Société des briqueteries de Fédala,Cie marocaine de transit. et de transport Atlantide,1,hersent-g
briqueteriesfedala,marocainetravauxpublics,Société des briqueteries de Fédala,Société Marocaine de Travaux publics,1,hersent-g
briqueteriesfedala,pecheriesmarocaines,Société des briqueteries de Fédala,Pêcheries marocaines,1,hersent-g
briqueteriesfedala,portfedhala,Société des briqueteries de Fédala,Compagnie du Port de Fedhala,1,hersent-g
briqueteriesfedala,transportsmazeres,Société des briqueteries de Fédala,Transports Mazères,1,hersent-g
briqueteriesfedala,valdora,Société des briqueteries de Fédala,Sté anon. Valdora,1,hersent-g
briqueteriesfedala,vulcanisationmoderne,Société des briqueteries de Fédala,Vulcanisation moderne,1,hersent-g
briqueteriesfedhala,cherifiennehivernage,Briqueteries de Fedhala,Société Chérifienne d'hivernage,1,hersent-g
briqueteriesfedhala,etudesmarocainescommerceagriculturemines,Briqueteries de Fedhala,"Société d'Études marocaines pour le commerce, l'agriculture et les mines",1,hersent-g
briqueteriesfedhala,etudesmarocainescommerceiindustriemines,Briqueteries de Fedhala,"Sté d'études marocaines pour le commerce, I'industrie et les mines",1,hersent-g
briqueteriesfedhala,etudesrecherchestraitementphosphatesmaroc,Briqueteries de Fedhala,Société d'études et de recherches du traitement des Phosphates au Maroc,1,hersent-g
briqueteriesfedhala,francomarocainefedala,Briqueteries de Fedhala,Cie franco-marocaine de Fédala,1,hersent-g
briqueteriesfedhala,manutentionmarocaine,Briqueteries de Fedhala,La Manutention marocaine,1,hersent-g
briqueteriesfedhala,marocainetravauxpublics,Briqueteries de Fedhala,Société Marocaine de Travaux publics,1,hersent-g
briqueteriesfedhala,pecheriesmarocaines,Briqueteries de Fedhala,Pêcheries marocaines,1,hersent-g
cherifiennehivernage,etudesmarocainescommerceagriculturemines,Société Chérifienne d'hivernage,"Société d'Études marocaines pour le commerce, l'agriculture et les mines",1,hersent-g
cherifiennehivernage,etudesmarocainescommerceiindustriemines,Société Chérifienne d'hivernage,"Sté d'études marocaines pour le commerce, I'industrie et les mines",1,hersent-g
cherifiennehivernage,etudesrecherchestraitementphosphatesmaroc,Société Chérifienne d'hivernage,Société d'études et de recherches du traitement des Phosphates au Maroc,1,hersent-g
cherifiennehivernage,francomarocainefedala,Société Chérifienne d'hivernage,Cie franco-marocaine de Fédala,1,hersent-g
cherifiennehivernage,francomarocainefedhala,Société Chérifienne d'hivernage,Compagnie Franco-Marocaine de Fedhala,1,hersent-g
cherifiennehivernage,manutentionmarocaine,Société Chérifienne d'hivernage,La Manutention marocaine,1,hersent-g
cherifiennehivernage,marocainetravauxpublics,Société Chérifienne d'hivernage,Société Marocaine de Travaux publics,1,hersent-g
cherifiennehivernage,pecheriesmarocaines,Société Chérifienne d'hivernage,Pêcheries marocaines,1,hersent-g
cherifiennehivernage,portfedala,Société Chérifienne d'hivernage,Cie du port de Fédala,1,hersent-g
cherifiennehivernage,portfedhala,Société Chérifienne d'hivernage,Compagnie du Port de Fedhala,1,hersent-g
cherifiennehivernage,salinesfedala,Société Chérifienne d'hivernage,Salines de Fédala,1,hersent-g
cherifiennehivernage,salinesmaroc,Société Chérifienne d'hivernage,Salines du Maroc,1,hersent-g
cherifiennehivernage,transportsmazeres,Société Chérifienne d'hivernage,Transports Mazères,1,hersent-g
cherifiennehivernage,valdora,Société Chérifienne d'hivernage,Sté anon. Valdora,1,hersent-g
cherifiennehivernage,vulcanisationmoderne,Société Chérifienne d'hivernage,Vulcanisation moderne,1,hersent-g
etudesmarocainescommerceagriculturemines,etudesrecherchestraitementphosphatesmaroc,"Société d'Études marocaines pour le commerce, l'agriculture et les mines",Société d'études et de recherches du traitement des Phosphates au Maroc,1,hersent-g
etudesmarocainescommerceagriculturemines,francomarocainefedhala,"Société d'Études marocaines pour le commerce, l'agriculture et les mines",Compagnie Franco-Marocaine de Fedhala,1,hersent-g
etudesmarocainescommerceagriculturemines,manutentionmarocaine,"Société d'Études marocaines pour le commerce, l'agriculture et les mines",La Manutention marocaine,1,hersent-g
etudesmarocainescommerceagriculturemines,marocainetransittransportatlantide,"Société d'Études marocaines pour le commerce, l'agriculture et les mines",Cie marocaine de transit. et de transport Atlantide,1,hersent-g
etudesmarocainescommerceagriculturemines,marocainetravauxpublics,"Société d'Études marocaines pour le commerce, l'agriculture et les mines",Société Marocaine de Travaux publics,1,hersent-g
etudesmarocainescommerceagriculturemines,salinesfedala,"Société d'Études marocaines pour le commerce, l'agriculture et les mines",Salines de Fédala,1,hersent-g
etudesmarocainescommerceagriculturemines,salinesmaroc,"Société d'Études marocaines pour le commerce, l'agriculture et les mines",Salines du Maroc,1,hersent-g
etudesmarocainescommerceagriculturemines,transportsmazeres,"Société d'Études marocaines pour le commerce, l'agriculture et les mines",Transports Mazères,1,hersent-g
etudesmarocainescommerceagriculturemines,valdora,"Société d'Études marocaines pour le commerce, l'agriculture et les mines",Sté anon. Valdora,1,hersent-g
etudesmarocainescommerceagriculturemines,vulcanisationmoderne,"Société d'Études marocaines pour le commerce, l'agriculture et les mines",Vulcanisation moderne,1,hersent-g
etudesmarocainescommerceiindustriemines,etudesrecherchestraitementphosphatesmaroc,"Sté d'études marocaines pour le commerce, I'industrie et les mines",Société d'études et de recherches du traitement des Phosphates au Maroc,1,hersent-g
etudesmarocainescommerceiindustriemines,francomarocainefedala,"Sté d'études marocaines pour le commerce, I'industrie et les mines",Cie franco-marocaine de Fédala,1,hersent-g
etudesmarocainescommerceiindustriemines,francomarocainefedhala,"Sté d'études marocaines pour le commerce, I'industrie et les mines",Compagnie Franco-Marocaine de Fedhala,1,hersent-g
etudesmarocainescommerceiindustriemines,manutentionmarocaine,"Sté d'études marocaines pour le commerce, I'industrie et les mines",La Manutention marocaine,1,hersent-g
etudesmarocainescommerceiindustriemines,marocainetransittransportatlantide,"Sté d'études marocaines pour le commerce, I'industrie et les mines",Cie marocaine de transit. et de transport Atlantide,1,hersent-g
etudesmarocainescommerceiindustriemines,marocainetravauxpublics,"Sté d'études marocaines pour le commerce, I'industrie et les mines",Société Marocaine de Travaux publics,1,hersent-g
etudesmarocainescommerceiindustriemines,pecheriesmarocaines,"Sté d'études marocaines pour le commerce, I'industrie et les mines",Pêcheries marocaines,1,hersent-g
etudesmarocainescommerceiindustriemines,portfedala,"Sté d'études marocaines pour le commerce, I'industrie et les mines",Cie du port de Fédala,1,hersent-g
etudesmarocainescommerceiindustriemines,portfedhala,"Sté d'études marocaines pour le commerce, I'industrie et les mines",Compagnie du Port de Fedhala,1,hersent-g
etudesmarocainescommerceiindustriemines,salinesfedala,"Sté d'études marocaines pour le commerce, I'industrie et les mines",Salines de Fédala,1,hersent-g
etudesmarocainescommerceiindustriemines,salinesmaroc,"Sté d'études marocaines pour le commerce, I'industrie et les mines",Salines du Maroc,1,hersent-g
etudesmarocainescommerceiindustriemines,transportsmazeres,"Sté d'études marocaines pour le commerce, I'industrie et les mines",Transports Mazères,1,hersent-g
etudesmarocainescommerceiindustriemines,valdora,"Sté d'études marocaines pour le commerce, I'industrie et les mines",Sté anon. Valdora,1,hersent-g
etudesmarocainescommerceiindustriemines,vulcanisationmoderne,"Sté d'études marocaines pour le commerce, I'industrie et les mines",Vulcanisation moderne,1,hersent-g
etudesrecherchestraitementphosphatesmaroc,francomarocainefedala,Société d'études et de recherches du traitement des Phosphates au Maroc,Cie franco-marocaine de Fédala,1,hersent-g
etudesrecherchestraitementphosphatesmaroc,francomarocainefedhala,Société d'études et de recherches du traitement des Phosphates au Maroc,Compagnie Franco-Marocaine de Fedhala,1,hersent-g
etudesrecherchestraitementphosphatesmaroc,manutentionmarocaine,Société d'études et de recherches du traitement des Phosphates au Maroc,La Manutention marocaine,1,hersent-g
etudesrecherchestraitementphosphatesmaroc,marocainetransittransportatlantide,Société d'études et de recherches du traitement des Phosphates au Maroc,Cie marocaine de transit. et de transport Atlantide,1,hersent-g
etudesrecherchestraitementphosphatesmaroc,marocainetravauxpublics,Société d'études et de recherches du traitement des Phosphates au Maroc,Société Marocaine de Travaux publics,1,hersent-g
etudesrecherchestraitementphosphatesmaroc,portfedala,Société d'études et de recherches du traitement des Phosphates au Maroc,Cie du port de Fédala,1,hersent-g
etudesrecherchestraitementphosphatesmaroc,portfedhala,Société d'études et de recherches du traitement des Phosphates au Maroc,Compagnie du Port de Fedhala,1,hersent-g
etudesrecherchestraitementphosphatesmaroc,salinesfedala,Société d'études et de recherches du traitement des Phosphates au Maroc,Salines de Fédala,1,hersent-g
etudesrecherchestraitementphosphatesmaroc,salinesmaroc,Société d'études et de recherches du traitement des Phosphates au Maroc,Salines du Maroc,1,hersent-g
etudesrecherchestraitementphosphatesmaroc,transportsmazeres,Société d'études et de recherches du traitement des Phosphates au Maroc,Transports Mazères,1,hersent-g
etudesrecherchestraitementphosphatesmaroc,valdora,Société d'études et de recherches du traitement des Phosphates au Maroc,Sté anon. Valdora,1,hersent-g
etudesrecherchestraitementphosphatesmaroc,vulcanisationmoderne,Société d'études et de recherches du traitement des Phosphates au Maroc,Vulcanisation moderne,1,hersent-g
francomarocainefedala,manutentionmarocaine,Cie franco-marocaine de Fédala,La Manutention marocaine,1,hersent-g
francomarocainefedala,marocainetransittransportatlantide,Cie franco-marocaine de Fédala,Cie marocaine de transit. et de transport Atlantide,1,hersent-g
francomarocainefedala,marocainetravauxpublics,Cie franco-marocaine de Fédala,Société Marocaine de Travaux publics,1,hersent-g
francomarocainefedala,pecheriesmarocaines,Cie franco-marocaine de Fédala,Pêcheries marocaines,1,hersent-g
francomarocainefedala,transportsmazeres,Cie franco-marocaine de Fédala,Transports Mazères,1,hersent-g
francomarocainefedala,valdora,Cie franco-marocaine de Fédala,Sté anon. Valdora,1,hersent-g
francomarocainefedala,vulcanisationmoderne,Cie franco-marocaine de Fédala,Vulcanisation moderne,1,hersent-g
francomarocainefedhala,marocainetransittransportatlantide,Compagnie Franco-Marocaine de Fedhala,Cie marocaine de transit. et de transport Atlantide,1,hersent-g
francomarocainefedhala,marocainetravauxpublics,Compagnie Franco-Marocaine de Fedhala,Société Marocaine de Travaux publics,1,hersent-g
francomarocainefedhala,pecheriesmarocaines,Compagnie Franco-Marocaine de Fedhala,Pêcheries marocaines,1,hersent-g
francomarocainefedhala,salinesmaroc,Compagnie Franco-Marocaine de Fedhala,Salines du Maroc,1,hersent-g
manutentionmarocaine,marocainetransittransportatlantide,La Manutention marocaine,Cie marocaine de transit. et de transport Atlantide,1,hersent-g
manutentionmarocaine,pecheriesmarocaines,La Manutention marocaine,Pêcheries marocaines,1,hersent-g
manutentionmarocaine,portfedala,La Manutention marocaine,Cie du port de Fédala,1,hersent-g
manutentionmarocaine,salinesfedala,La Manutention marocaine,Salines de Fédala,1,hersent-g
manutentionmarocaine,salinesmaroc,La Manutention marocaine,Salines du Maroc,1,hersent-g
manutentionmarocaine,transportsmazeres,La Manutention marocaine,Transports Mazères,1,hersent-g
manutentionmarocaine,valdora,La Manutention marocaine,Sté anon. Valdora,1,hersent-g
manutentionmarocaine,vulcanisationmoderne,La Manutention marocaine,Vulcanisation moderne,1,hersent-g
marocainetransittransportatlantide,marocainetravauxpublics,Cie marocaine de transit. et de transport Atlantide,Société Marocaine de Travaux publics,1,hersent-g
marocainetransittransportatlantide,portfedhala,Cie marocaine de transit. et de transport Atlantide,Compagnie du Port de Fedhala,1,hersent-g
marocainetransittransportatlantide,valdora,Cie marocaine de transit. et de transport Atlantide,Sté anon. Valdora,1,hersent-g
marocainetravauxpublics,pecheriesmarocaines,Société Marocaine de Travaux publics,Pêcheries marocaines,1,hersent-g
marocainetravauxpublics,portfedala,Société Marocaine de Travaux publics,Cie du port de Fédala,1,hersent-g
marocainetravauxpublics,portfedhala,Société Marocaine de Travaux publics,Compagnie du Port de Fedhala,1,hersent-g
marocainetravauxpublics,salinesfedala,Société Marocaine de Travaux publics,Salines de Fédala,1,hersent-g
marocainetravauxpublics,salinesmaroc,Société Marocaine de Travaux publics,Salines du Maroc,1,hersent-g
marocainetravauxpublics,transportsmazeres,Société Marocaine de Travaux publics,Transports Mazères,1,hersent-g
marocainetravauxpublics,valdora,Société Marocaine de Travaux publics,Sté anon. Valdora,1,hersent-g
marocainetravauxpublics,vulcanisationmoderne,Société Marocaine de Travaux publics,Vulcanisation moderne,1,hersent-g
pecheriesmarocaines,portfedala,Pêcheries marocaines,Cie du port de Fédala,1,hersent-g
pecheriesmarocaines,portfedhala,Pêcheries marocaines,Compagnie du Port de Fedhala,1,hersent-g
pecheriesmarocaines,salinesfedala,Pêcheries marocaines,Salines de Fédala,1,hersent-g
pecheriesmarocaines,salinesmaroc,Pêcheries marocaines,Salines du Maroc,1,hersent-g
pecheriesmarocaines,valdora,Pêcheries marocaines,Sté anon. Valdora,1,hersent-g
pecheriesmarocaines,vulcanisationmoderne,Pêcheries marocaines,Vulcanisation moderne,1,hersent-g
portfedhala,salinesmaroc,Compagnie du Port de Fedhala,Salines du Maroc,1,hersent-g
salinesmaroc,transportsmazeres,Salines du Maroc,Transports Mazères,1,hersent-g
salinesmaroc,vulcanisationmoderne,Salines du Maroc,Vulcanisation moderne,1,hersent-g
cheminsfermaroc,portsmarocainsmehedyakenitrarabatsale,Compagnie des Chemins de fer du Maroc,Société des Ports marocains de Mehedya-Kenitra et Rabat-Salé,1,boucard-m
marocaine,portsmarocains,Compagnie marocaine,Ports marocains,1,boucard-m
marocaine,portsmarocainsmehedyakenitrarabatsale,Compagnie marocaine,Société des Ports marocains de Mehedya-Kenitra et Rabat-Salé,1,boucard-m
marocainetravauxpublics,portsmarocains,Société Marocaine de Travaux publics,Ports marocains,1,boucard-m
marocainetravauxpublics,portsmarocainsmehedyakenitrarabatsale,Société Marocaine de Travaux publics,Société des Ports marocains de Mehedya-Kenitra et Rabat-Salé,1,boucard-m
cherifiennerecherchesforages,fasielectricite,Compagnie Chérifienne de Recherches et de forages,Compagnie Fasi d'Électricité,1,h-de-freycinet
cherifiennerecherchesforages,marocaine,Compagnie Chérifienne de Recherches et de forages,Compagnie marocaine,1,h-de-freycinet
cherifiennerecherchesforages,marocainetravauxpublics,Compagnie Chérifienne de Recherches et de forages,Société Marocaine de Travaux publics,1,h-de-freycinet
fasielectricite,manutentionmarocaine,Compagnie Fasi d'Électricité,La Manutention marocaine,1,h-de-freycinet
fasielectricite,recherchesforages,Compagnie Fasi d'Électricité,"Société de Recherches et de forages, puis S.A. de gérance des bruttos de la Société de recherches et de forages",1,h-de-freycinet
marocaine,recherchesforages,Compagnie marocaine,"Société de Recherches et de forages, puis S.A. de gérance des bruttos de la Société de recherches et de forages",1,h-de-freycinet
marocainedistributioneaugazelectricite,marocainetravauxpublics,"Société Marocaine de distribution d'eau, de gaz et d'électricité",Société Marocaine de Travaux publics,1,h-de-freycinet
marocainetravauxpublics,recherchesforages,Société Marocaine de Travaux publics,"Société de Recherches et de forages, puis S.A. de gérance des bruttos de la Société de recherches et de forages",1,h-de-freycinet
comptoircommercialsudmarocain,comptoirsmediterraneens,Comptoir commercial du Sud-Marocain,Comptoirs français méditerranéens,1,gilles-a
comptoirsfrancomarocains,loiremaroc,Comptoirs franco-marocains,« Loire-Maroc »,1,besson-l
comptoirsfrancomarocains,marocimmobiliercommercial,Comptoirs franco-marocains,Maroc immobilier et commercial,1,besson-l
comptoirsfrancomarocains,moghrebine,Comptoirs franco-marocains,Moghrebine,1,besson-l
loiremaroc,marocimmobiliercommercial,« Loire-Maroc »,Maroc immobilier et commercial,1,besson-l
loiremaroc,moghrebine,« Loire-Maroc »,Moghrebine,1,besson-l
marocimmobiliercommercial,moghrebine,Maroc immobilier et commercial,Moghrebine,1,besson-l
comptoirmetallurgiquemaroc,socmarocaineconstructionsmetalliques,Comptoir métallurgique du Maroc,Soc. marocaine de CONSTRUCTIONS MÉTALLIQUES,1,g-pichard
constructionsmodernesmaroc,distributioneau,Cie de constructions modernes au Maroc,DISTRIBUTION D'EAU,1,g-pichard
constructionsmodernesmaroc,marocaineconstructionmetallique,Cie de constructions modernes au Maroc,Société Marocaine de Construction métallique,1,g-pichard
constructionsmodernesmaroc,marocainedistributioneaugazelectricite,Cie de constructions modernes au Maroc,"Société Marocaine de distribution d'eau, de gaz et d'électricité",1,g-pichard
constructionsmodernesmaroc,socmarocaineconstructionsmetalliques,Cie de constructions modernes au Maroc,Soc. marocaine de CONSTRUCTIONS MÉTALLIQUES,1,g-pichard
distributioneau,marocaineconstructionmetallique,DISTRIBUTION D'EAU,Société Marocaine de Construction métallique,1,g-pichard
distributioneau,socmarocaineconstructionsmetalliques,DISTRIBUTION D'EAU,Soc. marocaine de CONSTRUCTIONS MÉTALLIQUES,1,g-pichard
consortiumindustrielcommercialafriquenord,domainekorifla,Consortium industriel et commercial de l'Afrique du Nord,Société an. du domaine de Korifla,1,descamps
agricoledoukkaladomainebenihellalparsidiben,cherifienneengraisproduitschimiques,"Société agricole des Doukkala, Domaine des Beni-Hellal, par Sidi Ben",Société Chérifienne d'engrais et de produits chimiques,1,ledoux-f
agricoledoukkaladomainebenihellalparsidiben,conservesmaroc,"Société agricole des Doukkala, Domaine des Beni-Hellal, par Sidi Ben",« Les Conserves du Maroc »,1,ledoux-f
agricoledoukkaladomainebenihellalparsidiben,consortiumindustrielcommercialafriquenord,"Société agricole des Doukkala, Domaine des Beni-Hellal, par Sidi Ben",Consortium industriel et commercial de l'Afrique du Nord,1,ledoux-f
agricoledoukkaladomainebenihellalparsidiben,fruitieremaroc,"Société agricole des Doukkala, Domaine des Beni-Hellal, par Sidi Ben",Cie fruitière du Maroc,1,ledoux-f
agricoledoukkaladomainebenihellalparsidiben,marocaineainsikh,"Société agricole des Doukkala, Domaine des Beni-Hellal, par Sidi Ben",Societe marocaine d Aïn-Sikh,1,ledoux-f
agricoledoukkaladomainebenihellalparsidiben,marocainebenimtir,"Société agricole des Doukkala, Domaine des Beni-Hellal, par Sidi Ben",Société Marocaine des Beni M'Tir,1,ledoux-f
agricoledoukkaladomainebenihellalparsidiben,marocaineminesoutat,"Société agricole des Doukkala, Domaine des Beni-Hellal, par Sidi Ben",Société Marocaine des Mines de l’Outat,1,ledoux-f
agricoledoukkaladomainebenihellalparsidiben,marocainesiditaibi,"Société agricole des Doukkala, Domaine des Beni-Hellal, par Sidi Ben",Société marocaine de Sidi Taïbi,1,ledoux-f
agricoledoukkaladomainebenihellalparsidiben,marocaineterrescultures,"Société agricole des Doukkala, Domaine des Beni-Hellal, par Sidi Ben",Société marocaine de Terres et cultures,1,ledoux-f
agricoledoukkaladomainebenihellalparsidiben,materieltravauxagricoles,"Société agricole des Doukkala, Domaine des Beni-Hellal, par Sidi Ben",Cie de Matériel et de travaux agricoles,1,ledoux-f
agricoledoukkaladomainebenihellalparsidiben,minesaouli,"Société agricole des Doukkala, Domaine des Beni-Hellal, par Sidi Ben",Société des Mines d'Aouli,1,ledoux-f
agricoledoukkaladomainebenihellalparsidiben,mineserdouz,"Société agricole des Doukkala, Domaine des Beni-Hellal, par Sidi Ben",Société des Mines de l'Erdouz,1,ledoux-f
agricoledoukkaladomainebenihellalparsidiben,minierebramrane,"Société agricole des Doukkala, Domaine des Beni-Hellal, par Sidi Ben",Société Minière du Bramrane,1,ledoux-f
agricoledoukkaladomainebenihellalparsidiben,superphosphatesproduitschimiquesmaroc,"Société agricole des Doukkala, Domaine des Beni-Hellal, par Sidi Ben",Compagnie des Superphosphates et des produits chimiques du Maroc,1,ledoux-f
cherifienneengraisproduitschimiques,consortiumindustrielcommercialafriquenord,Société Chérifienne d'engrais et de produits chimiques,Consortium industriel et commercial de l'Afrique du Nord,1,ledoux-f
cherifienneengraisproduitschimiques,marocaineminesoutat,Société Chérifienne d'engrais et de produits chimiques,Société Marocaine des Mines de l’Outat,1,ledoux-f
cherifienneengraisproduitschimiques,minesaouli,Société Chérifienne d'engrais et de produits chimiques,Société des Mines d'Aouli,1,ledoux-f
cherifienneengraisproduitschimiques,mineserdouz,Société Chérifienne d'engrais et de produits chimiques,Société des Mines de l'Erdouz,1,ledoux-f
cherifienneengraisproduitschimiques,minierebramrane,Société Chérifienne d'engrais et de produits chimiques,Société Minière du Bramrane,1,ledoux-f
conservesmaroc,consortiumindustrielcommercialafriquenord,« Les Conserves du Maroc »,Consortium industriel et commercial de l'Afrique du Nord,1,ledoux-f
conservesmaroc,marocaineminesoutat,« Les Conserves du Maroc »,Société Marocaine des Mines de l’Outat,1,ledoux-f
conservesmaroc,minesaouli,« Les Conserves du Maroc »,Société des Mines d'Aouli,1,ledoux-f
conservesmaroc,mineserdouz,« Les Conserves du Maroc »,Société des Mines de l'Erdouz,1,ledoux-f
conservesmaroc,minierebramrane,« Les Conserves du Maroc »,Société Minière du Bramrane,1,ledoux-f
conservesmaroc,superphosphatesproduitschimiquesmaroc,« Les Conserves du Maroc »,Compagnie des Superphosphates et des produits chimiques du Maroc,1,ledoux-f
consortiumindustrielcommercialafriquenord,fruitieremaroc,Consortium industriel et commercial de l'Afrique du Nord,Cie fruitière du Maroc,1,ledoux-f
consortiumindustrielcommercialafriquenord,marocaineainsikh,Consortium industriel et commercial de l'Afrique du Nord,Societe marocaine d Aïn-Sikh,1,ledoux-f
consortiumindustrielcommercialafriquenord,marocainebenimtir,Consortium industriel et commercial de l'Afrique du Nord,Société Marocaine des Beni M'Tir,1,ledoux-f
consortiumindustrielcommercialafriquenord,marocaineminesoutat,Consortium industriel et commercial de l'Afrique du Nord,Société Marocaine des Mines de l’Outat,1,ledoux-f
consortiumindustrielcommercialafriquenord,marocainesiditaibi,Consortium industriel et commercial de l'Afrique du Nord,Société marocaine de Sidi Taïbi,1,ledoux-f
consortiumindustrielcommercialafriquenord,marocaineterrescultures,Consortium industriel et commercial de l'Afrique du Nord,Société marocaine de Terres et cultures,1,ledoux-f
consortiumindustrielcommercialafriquenord,materieltravauxagricoles,Consortium industriel et commercial de l'Afrique du Nord,Cie de Matériel et de travaux agricoles,1,ledoux-f
consortiumindustrielcommercialafriquenord,minesaouli,Consortium industriel et commercial de l'Afrique du Nord,Société des Mines d'Aouli,1,ledoux-f
consortiumindustrielcommercialafriquenord,mineserdouz,Consortium industriel et commercial de l'Afrique du Nord,Société des Mines de l'Erdouz,1,ledoux-f
consortiumindustrielcommercialafriquenord,minierebramrane,Consortium industriel et commercial de l'Afrique du Nord,Société Minière du Bramrane,1,ledoux-f
fruitieremaroc,marocaineminesoutat,Cie fruitière du Maroc,Société Marocaine des Mines de l’Outat,1,ledoux-f
fruitieremaroc,minesaouli,Cie fruitière du Maroc,Société des Mines d'Aouli,1,ledoux-f
fruitieremaroc,mineserdouz,Cie fruitière du Maroc,Société des Mines de l'Erdouz,1,ledoux-f
fruitieremaroc,minierebramrane,Cie fruitière du Maroc,Société Minière du Bramrane,1,ledoux-f
fruitieremaroc,superphosphatesproduitschimiquesmaroc,Cie fruitière du Maroc,Compagnie des Superphosphates et des produits chimiques du Maroc,1,ledoux-f
marocaineainsikh,marocaineminesoutat,Societe marocaine d Aïn-Sikh,Société Marocaine des Mines de l’Outat,1,ledoux-f
marocaineainsikh,minesaouli,Societe marocaine d Aïn-Sikh,Société des Mines d'Aouli,1,ledoux-f
marocaineainsikh,mineserdouz,Societe marocaine d Aïn-Sikh,Société des Mines de l'Erdouz,1,ledoux-f
marocaineainsikh,minierebramrane,Societe marocaine d Aïn-Sikh,Société Minière du Bramrane,1,ledoux-f
marocaineainsikh,superphosphatesproduitschimiquesmaroc,Societe marocaine d Aïn-Sikh,Compagnie des Superphosphates et des produits chimiques du Maroc,1,ledoux-f
marocainebenimtir,marocaineminesoutat,Société Marocaine des Beni M'Tir,Société Marocaine des Mines de l’Outat,1,ledoux-f
marocainebenimtir,minesaouli,Société Marocaine des Beni M'Tir,Société des Mines d'Aouli,1,ledoux-f
marocainebenimtir,mineserdouz,Société Marocaine des Beni M'Tir,Société des Mines de l'Erdouz,1,ledoux-f
marocainebenimtir,minierebramrane,Société Marocaine des Beni M'Tir,Société Minière du Bramrane,1,ledoux-f
marocainebenimtir,superphosphatesproduitschimiquesmaroc,Société Marocaine des Beni M'Tir,Compagnie des Superphosphates et des produits chimiques du Maroc,1,ledoux-f
marocaineminesoutat,marocainesiditaibi,Société Marocaine des Mines de l’Outat,Société marocaine de Sidi Taïbi,1,ledoux-f
marocaineminesoutat,marocaineterrescultures,Société Marocaine des Mines de l’Outat,Société marocaine de Terres et cultures,1,ledoux-f
marocaineminesoutat,materieltravauxagricoles,Société Marocaine des Mines de l’Outat,Cie de Matériel et de travaux agricoles,1,ledoux-f
marocaineminesoutat,mineserdouz,Société Marocaine des Mines de l’Outat,Société des Mines de l'Erdouz,1,ledoux-f
marocaineminesoutat,minierebramrane,Société Marocaine des Mines de l’Outat,Société Minière du Bramrane,1,ledoux-f
marocaineminesoutat,superphosphatesproduitschimiquesmaroc,Société Marocaine des Mines de l’Outat,Compagnie des Superphosphates et des produits chimiques du Maroc,1,ledoux-f
marocainesiditaibi,minesaouli,Société marocaine de Sidi Taïbi,Société des Mines d'Aouli,1,ledoux-f
marocainesiditaibi,mineserdouz,Société marocaine de Sidi Taïbi,Société des Mines de l'Erdouz,1,ledoux-f
marocainesiditaibi,minierebramrane,Société marocaine de Sidi Taïbi,Société Minière du Bramrane,1,ledoux-f
marocainesiditaibi,superphosphatesproduitschimiquesmaroc,Société marocaine de Sidi Taïbi,Compagnie des Superphosphates et des produits chimiques du Maroc,1,ledoux-f
marocaineterrescultures,minesaouli,Société marocaine de Terres et cultures,Société des Mines d'Aouli,1,ledoux-f
marocaineterrescultures,mineserdouz,Société marocaine de Terres et cultures,Société des Mines de l'Erdouz,1,ledoux-f
marocaineterrescultures,minierebramrane,Société marocaine de Terres et cultures,Société Minière du Bramrane,1,ledoux-f
marocaineterrescultures,superphosphatesproduitschimiquesmaroc,Société marocaine de Terres et cultures,Compagnie des Superphosphates et des produits chimiques du Maroc,1,ledoux-f
materieltravauxagricoles,minesaouli,Cie de Matériel et de travaux agricoles,Société des Mines d'Aouli,1,ledoux-f
materieltravauxagricoles,mineserdouz,Cie de Matériel et de travaux agricoles,Société des Mines de l'Erdouz,1,ledoux-f
materieltravauxagricoles,minierebramrane,Cie de Matériel et de travaux agricoles,Société Minière du Bramrane,1,ledoux-f
materieltravauxagricoles,superphosphatesproduitschimiquesmaroc,Cie de Matériel et de travaux agricoles,Compagnie des Superphosphates et des produits chimiques du Maroc,1,ledoux-f
minesaouli,superphosphatesproduitschimiquesmaroc,Société des Mines d'Aouli,Compagnie des Superphosphates et des produits chimiques du Maroc,1,ledoux-f
mineserdouz,minierebramrane,Société des Mines de l'Erdouz,Société Minière du Bramrane,1,ledoux-f
mineserdouz,superphosphatesproduitschimiquesmaroc,Société des Mines de l'Erdouz,Compagnie des Superphosphates et des produits chimiques du Maroc,1,ledoux-f
minierebramrane,superphosphatesproduitschimiquesmaroc,Société Minière du Bramrane,Compagnie des Superphosphates et des produits chimiques du Maroc,1,ledoux-f
djellaba,entreprisecommercialeafriquenord,« Djellaba »,Entreprise commerciale de l'Afrique du Nord,1,jarre-c
djellaba,entreprisemarocaineasphaltage,« Djellaba »,Entreprise marocaine d'asphaltage,1,jarre-c
djellaba,etshubertdolbeau,« Djellaba »,Éts Hubert Dolbeau & Cie,1,jarre-c
djellaba,francomarocaine,« Djellaba »,Société Générale Franco-Marocaine,1,jarre-c
djellaba,immobilieretanger,« Djellaba »,Société Immobilière de Tanger,1,jarre-c
djellaba,moghrebineentreprisesgenerales,« Djellaba »,Sté moghrébine d'entreprises générales,1,jarre-c
entreprisecommercialeafriquenord,entreprisemarocaineasphaltage,Entreprise commerciale de l'Afrique du Nord,Entreprise marocaine d'asphaltage,1,jarre-c
entreprisecommercialeafriquenord,etshubertdolbeau,Entreprise commerciale de l'Afrique du Nord,Éts Hubert Dolbeau & Cie,1,jarre-c
entreprisecommercialeafriquenord,francomarocaine,Entreprise commerciale de l'Afrique du Nord,Société Générale Franco-Marocaine,1,jarre-c
entreprisecommercialeafriquenord,immobilieretanger,Entreprise commerciale de l'Afrique du Nord,Société Immobilière de Tanger,1,jarre-c
entreprisecommercialeafriquenord,moghrebineentreprisesgenerales,Entreprise commerciale de l'Afrique du Nord,Sté moghrébine d'entreprises générales,1,jarre-c
entreprisemarocaineasphaltage,etshubertdolbeau,Entreprise marocaine d'asphaltage,Éts Hubert Dolbeau & Cie,1,jarre-c
entreprisemarocaineasphaltage,francomarocaine,Entreprise marocaine d'asphaltage,Société Générale Franco-Marocaine,1,jarre-c
entreprisemarocaineasphaltage,immobilieretanger,Entreprise marocaine d'asphaltage,Société Immobilière de Tanger,1,jarre-c
entreprisemarocaineasphaltage,moghrebineentreprisesgenerales,Entreprise marocaine d'asphaltage,Sté moghrébine d'entreprises générales,1,jarre-c
etshubertdolbeau,francomarocaine,Éts Hubert Dolbeau & Cie,Société Générale Franco-Marocaine,1,jarre-c
etshubertdolbeau,immobilieretanger,Éts Hubert Dolbeau & Cie,Société Immobilière de Tanger,1,jarre-c
etshubertdolbeau,moghrebineentreprisesgenerales,Éts Hubert Dolbeau & Cie,Sté moghrébine d'entreprises générales,1,jarre-c
francomarocaine,moghrebineentreprisesgenerales,Société Générale Franco-Marocaine,Sté moghrébine d'entreprises générales,1,jarre-c
immobilieretanger,moghrebineentreprisesgenerales,Société Immobilière de Tanger,Sté moghrébine d'entreprises générales,1,jarre-c
franceoutremer,mamora,France-Outremer,Compagnie de la Mamora,1,molinari-a
cherifienneengraisproduitschimiques,ifriquia,Société Chérifienne d'engrais et de produits chimiques,L'Ifriquia,1,maire-a
banquenationalecommerceindustrie,marocaineapprovisionnement,Banque nationale pour le commerce et l'industrie,Marocaine d'approvisionnement,1,mical-l
afrique,commercialefrancomarocaine,L'Afrique française,Sté commerciale franco-marocaine,1,fille-de-leon-weil
afrique,pecheriesconservesalimentairescasablancabenimellal,L'Afrique française,"Pêcheries et de conserves alimentaires, Casablanca, Beni-Mellal",1,fille-de-leon-weil
commercialefrancomarocaine,pecheriesconservesalimentairescasablancabenimellal,Sté commerciale franco-marocaine,"Pêcheries et de conserves alimentaires, Casablanca, Beni-Mellal",1,fille-de-leon-weil
domainebeniamar,internationaleregiecointeresseetabacsmaroc,Domaine de Béni-Amar,Société internationale de régie co-intéressée des Tabacs au Maroc,1,mignot-l
domainebeniamar,tabacsmaroc,Domaine de Béni-Amar,Tabacs au Maroc,1,mignot-l
financierefrancomarocaine,internationaleregiecointeresseetabacsmaroc,Sté financière franco-marocaine,Société internationale de régie co-intéressée des Tabacs au Maroc,1,mignot-l
financierefrancomarocaine,tabacsmaroc,Sté financière franco-marocaine,Tabacs au Maroc,1,mignot-l
conserveriesalgeromarocaines,etablissementsluchaire,Conserveries algéro-marocaines,Établissements LUCHAIRE,1,lemoigne-e
conserveriesalgeromarocaines,etablissementssoussanafreres,Conserveries algéro-marocaines,Établissements Soussana frères,1,lemoigne-e
conserveriesalgeromarocaines,immobilieremarrakech,Conserveries algéro-marocaines,Société immobilière de Marrakech,1,lemoigne-e
conserveriesalgeromarocaines,magasinsgenerauxwarrantsmaroc,Conserveries algéro-marocaines,Société des Magasins généraux et warrants du Maroc,1,lemoigne-e
etablissementsluchaire,etablissementssoussanafreres,Établissements LUCHAIRE,Établissements Soussana frères,1,lemoigne-e
etablissementsluchaire,immobilieremarrakech,Établissements LUCHAIRE,Société immobilière de Marrakech,1,lemoigne-e
etablissementsluchaire,sudmarocain,Établissements LUCHAIRE,Compagnie du Sud-Marocain,1,lemoigne-e
etablissementssoussanafreres,magasinsgenerauxwarrantsmaroc,Établissements Soussana frères,Société des Magasins généraux et warrants du Maroc,1,lemoigne-e
immobilieremarrakech,magasinsgenerauxwarrantsmaroc,Société immobilière de Marrakech,Société des Magasins généraux et warrants du Maroc,1,lemoigne-e
magasinsgenerauxwarrantsmaroc,sudmarocain,Société des Magasins généraux et warrants du Maroc,Compagnie du Sud-Marocain,1,lemoigne-e
magasinsgenerauxwarrantsmaroc,materieltravauxagricoles,Société des Magasins généraux et warrants du Maroc,Cie de Matériel et de travaux agricoles,1,garbe-d
francoespagnolecheminfertangerfez,magasinsgenerauxwarrantsmaroc,Compagnie franco-espagnole du Chemin de fer de Tanger à Fez,Société des Magasins généraux et warrants du Maroc,1,odier-l
magasinsgenerauxwarrantsmaroc,maroc,Société des Magasins généraux et warrants du Maroc,Compagnie du Maroc,1,odier-l
cechargeurs,chargeursmarocains,Ce des CHARGEURS FRANÇAIS,Chargeurs marocains,1,dureault-h
cechargeurs,cherifienneagricultureelevage,Ce des CHARGEURS FRANÇAIS,Société Chérifienne d'Agriculture et d'élevage,1,dureault-h
cechargeurs,cherifiennenavigation,Ce des CHARGEURS FRANÇAIS,Compagnie Chérifienne de navigation,1,dureault-h
cechargeurs,manutentionmarocaine,Ce des CHARGEURS FRANÇAIS,La Manutention marocaine,1,dureault-h
cechargeurs,marocainecharbonsbriquettes,Ce des CHARGEURS FRANÇAIS,Société Marocaine de Charbons et briquettes,1,dureault-h
cechargeurs,moulinscherifiens,Ce des CHARGEURS FRANÇAIS,Moulins chérifiens,1,dureault-h
chargeursmarocains,manutentionmarocaine,Chargeurs marocains,La Manutention marocaine,1,dureault-h
cherifienneagricultureelevage,manutentionmarocaine,Société Chérifienne d'Agriculture et d'élevage,La Manutention marocaine,1,dureault-h
cherifiennenavigation,manutentionmarocaine,Compagnie Chérifienne de navigation,La Manutention marocaine,1,dureault-h
manutentionmarocaine,moulinscherifiens,La Manutention marocaine,Moulins chérifiens,1,dureault-h
briqueteriesfedhala,conservesfedalasardineriecascadec,Briqueteries de Fedhala,Société anon. de Conserves de Fédala Sardinerie Cascadec,1,hersent-j
briqueteriesfedhala,entrepotsfrigorifiquesafriquenord,Briqueteries de Fedhala,Société des Entrepôts frigorifiques de l'Afrique du Nord,1,hersent-j
briqueteriesfedhala,marocainecharbonsbriquettes,Briqueteries de Fedhala,Société Marocaine de Charbons et briquettes,1,hersent-j
briqueteriesfedhala,socmarocaineconstructionsmetalliques,Briqueteries de Fedhala,Soc. marocaine de CONSTRUCTIONS MÉTALLIQUES,1,hersent-j
briqueteriesfedhala,stearineriemarocaine200,Briqueteries de Fedhala,Stéarinerie marocaine. — 200,1,hersent-j
conservesfedalasardineriecascadec,francomarocainefedhala,Société anon. de Conserves de Fédala Sardinerie Cascadec,Compagnie Franco-Marocaine de Fedhala,1,hersent-j
conservesfedalasardineriecascadec,marocainecharbonsbriquettes,Société anon. de Conserves de Fédala Sardinerie Cascadec,Société Marocaine de Charbons et briquettes,1,hersent-j
conservesfedalasardineriecascadec,portfedhala,Société anon. de Conserves de Fédala Sardinerie Cascadec,Compagnie du Port de Fedhala,1,hersent-j
conservesfedalasardineriecascadec,socmarocaineconstructionsmetalliques,Société anon. de Conserves de Fédala Sardinerie Cascadec,Soc. marocaine de CONSTRUCTIONS MÉTALLIQUES,1,hersent-j
conservesfedalasardineriecascadec,stearineriemarocaine200,Société anon. de Conserves de Fédala Sardinerie Cascadec,Stéarinerie marocaine. — 200,1,hersent-j
conservesfedalasardineriecascadec,transportsmazeres,Société anon. de Conserves de Fédala Sardinerie Cascadec,Transports Mazères,1,hersent-j
conservesfedalasardineriecascadec,valdora,Société anon. de Conserves de Fédala Sardinerie Cascadec,Sté anon. Valdora,1,hersent-j
conservesfedalasardineriecascadec,vulcanisationmoderne,Société anon. de Conserves de Fédala Sardinerie Cascadec,Vulcanisation moderne,1,hersent-j
entrepotsfrigorifiquesafriquenord,francomarocainefedhala,Société des Entrepôts frigorifiques de l'Afrique du Nord,Compagnie Franco-Marocaine de Fedhala,1,hersent-j
entrepotsfrigorifiquesafriquenord,socmarocaineconstructionsmetalliques,Société des Entrepôts frigorifiques de l'Afrique du Nord,Soc. marocaine de CONSTRUCTIONS MÉTALLIQUES,1,hersent-j
entrepotsfrigorifiquesafriquenord,stearineriemarocaine200,Société des Entrepôts frigorifiques de l'Afrique du Nord,Stéarinerie marocaine. — 200,1,hersent-j
entrepotsfrigorifiquesafriquenord,transportsmazeres,Société des Entrepôts frigorifiques de l'Afrique du Nord,Transports Mazères,1,hersent-j
entrepotsfrigorifiquesafriquenord,vulcanisationmoderne,Société des Entrepôts frigorifiques de l'Afrique du Nord,Vulcanisation moderne,1,hersent-j
francomarocainefedhala,marocainecharbonsbriquettes,Compagnie Franco-Marocaine de Fedhala,Société Marocaine de Charbons et briquettes,1,hersent-j
francomarocainefedhala,socmarocaineconstructionsmetalliques,Compagnie Franco-Marocaine de Fedhala,Soc. marocaine de CONSTRUCTIONS MÉTALLIQUES,1,hersent-j
francomarocainefedhala,stearineriemarocaine200,Compagnie Franco-Marocaine de Fedhala,Stéarinerie marocaine. — 200,1,hersent-j
marocainecharbonsbriquettes,portfedala,Société Marocaine de Charbons et briquettes,Cie du port de Fédala,1,hersent-j
marocainecharbonsbriquettes,salinesfedala,Société Marocaine de Charbons et briquettes,Salines de Fédala,1,hersent-j
marocainecharbonsbriquettes,socmarocaineconstructionsmetalliques,Société Marocaine de Charbons et briquettes,Soc. marocaine de CONSTRUCTIONS MÉTALLIQUES,1,hersent-j
marocainecharbonsbriquettes,stearineriemarocaine200,Société Marocaine de Charbons et briquettes,Stéarinerie marocaine. — 200,1,hersent-j
marocainecharbonsbriquettes,transportsmazeres,Société Marocaine de Charbons et briquettes,Transports Mazères,1,hersent-j
marocainecharbonsbriquettes,valdora,Société Marocaine de Charbons et briquettes,Sté anon. Valdora,1,hersent-j
marocainecharbonsbriquettes,vulcanisationmoderne,Société Marocaine de Charbons et briquettes,Vulcanisation moderne,1,hersent-j
portfedala,socmarocaineconstructionsmetalliques,Cie du port de Fédala,Soc. marocaine de CONSTRUCTIONS MÉTALLIQUES,1,hersent-j
portfedala,stearineriemarocaine200,Cie du port de Fédala,Stéarinerie marocaine. — 200,1,hersent-j
portfedhala,socmarocaineconstructionsmetalliques,Compagnie du Port de Fedhala,Soc. marocaine de CONSTRUCTIONS MÉTALLIQUES,1,hersent-j
portfedhala,stearineriemarocaine200,Compagnie du Port de Fedhala,Stéarinerie marocaine. — 200,1,hersent-j
salinesfedala,socmarocaineconstructionsmetalliques,Salines de Fédala,Soc. marocaine de CONSTRUCTIONS MÉTALLIQUES,1,hersent-j
salinesfedala,stearineriemarocaine200,Salines de Fédala,Stéarinerie marocaine. — 200,1,hersent-j
socmarocaineconstructionsmetalliques,stearineriemarocaine200,Soc. marocaine de CONSTRUCTIONS MÉTALLIQUES,Stéarinerie marocaine. — 200,1,hersent-j
socmarocaineconstructionsmetalliques,transportsmazeres,Soc. marocaine de CONSTRUCTIONS MÉTALLIQUES,Transports Mazères,1,hersent-j
socmarocaineconstructionsmetalliques,valdora,Soc. marocaine de CONSTRUCTIONS MÉTALLIQUES,Sté anon. Valdora,1,hersent-j
socmarocaineconstructionsmetalliques,vulcanisationmoderne,Soc. marocaine de CONSTRUCTIONS MÉTALLIQUES,Vulcanisation moderne,1,hersent-j
stearineriemarocaine200,valdora,Stéarinerie marocaine. — 200,Sté anon. Valdora,1,hersent-j
huileriessavonneriescherifiennes,marocainecharbonsbriquettes,Huileries et savonneries chérifiennes,Société Marocaine de Charbons et briquettes,1,plisson-e
atlantide,cherifienneengraisproduitschimiques,L'Atlantide,Société Chérifienne d'engrais et de produits chimiques,1,massena-a
atlantide,grandsbazarsmarocains,L'Atlantide,Grands bazars marocains,1,massena-a
atlantide,moulinsmaghreb,L'Atlantide,Société des Moulins du Maghreb,1,massena-a
cherifienneengraisproduitschimiques,grandsbazarsmarocains,Société Chérifienne d'engrais et de produits chimiques,Grands bazars marocains,1,massena-a
cherifienneengraisproduitschimiques,marocainetransittransportatlantide,Société Chérifienne d'engrais et de produits chimiques,Cie marocaine de transit. et de transport Atlantide,1,massena-a
cherifienneengraisproduitschimiques,mobiliereimmobilierefrancomarocaine,Société Chérifienne d'engrais et de produits chimiques,Société mobilière et immobilière franco-marocaine,1,massena-a
cherifienneengraisproduitschimiques,parfumerieparisfiorquartieriatffoctobre,Société Chérifienne d'engrais et de produits chimiques,"Sté de parfumerie Paris-FIor, quartier de Ia T. S. F. — Sté an., f. le octobre",1,massena-a
cherifienneengraisproduitschimiques,pecheriesmarocaines,Société Chérifienne d'engrais et de produits chimiques,Pêcheries marocaines,1,massena-a
cherifienneengraisproduitschimiques,stearineriemarocaine200,Société Chérifienne d'engrais et de produits chimiques,Stéarinerie marocaine. — 200,1,massena-a
grandsbazarsmarocains,groupemarocainetudeentreprises,Grands bazars marocains,Groupe marocain d'étude et d'entreprises,1,massena-a
grandsbazarsmarocains,groupemarocainetudesentreprises,Grands bazars marocains,Groupe marocain d'études et d'entreprises,1,massena-a
grandsbazarsmarocains,marocainetransittransportatlantide,Grands bazars marocains,Cie marocaine de transit. et de transport Atlantide,1,massena-a
grandsbazarsmarocains,materieltravauxagricoles,Grands bazars marocains,Cie de Matériel et de travaux agricoles,1,massena-a
grandsbazarsmarocains,moulinsmaghreb,Grands bazars marocains,Société des Moulins du Maghreb,1,massena-a
grandsbazarsmarocains,pecheriesmarocaines,Grands bazars marocains,Pêcheries marocaines,1,massena-a
grandsbazarsmarocains,stearineriemarocaine200,Grands bazars marocains,Stéarinerie marocaine. — 200,1,massena-a
groupemarocainetudeentreprises,pecheriesmarocaines,Groupe marocain d'étude et d'entreprises,Pêcheries marocaines,1,massena-a
groupemarocainetudesentreprises,pecheriesmarocaines,Groupe marocain d'études et d'entreprises,Pêcheries marocaines,1,massena-a
marocainetransittransportatlantide,moulinsmaghreb,Cie marocaine de transit. et de transport Atlantide,Société des Moulins du Maghreb,1,massena-a
materieltravauxagricoles,pecheriesmarocaines,Cie de Matériel et de travaux agricoles,Pêcheries marocaines,1,massena-a
mobiliereimmobilierefrancomarocaine,moulinsmaghreb,Société mobilière et immobilière franco-marocaine,Société des Moulins du Maghreb,1,massena-a
mobiliereimmobilierefrancomarocaine,pecheriesmarocaines,Société mobilière et immobilière franco-marocaine,Pêcheries marocaines,1,massena-a
moulinsmaghreb,parfumerieparisfiorquartieriatffoctobre,Société des Moulins du Maghreb,"Sté de parfumerie Paris-FIor, quartier de Ia T. S. F. — Sté an., f. le octobre",1,massena-a
moulinsmaghreb,pecheriesmarocaines,Société des Moulins du Maghreb,Pêcheries marocaines,1,massena-a
moulinsmaghreb,stearineriemarocaine200,Société des Moulins du Maghreb,Stéarinerie marocaine. — 200,1,massena-a
parfumerieparisfiorquartieriatffoctobre,pecheriesmarocaines,"Sté de parfumerie Paris-FIor, quartier de Ia T. S. F. — Sté an., f. le octobre",Pêcheries marocaines,1,massena-a
parisflor,pecheriesmarocaines,Paris-Flor,Pêcheries marocaines,1,massena-a
pecheriesmarocaines,stearineriemarocaine200,Pêcheries marocaines,Stéarinerie marocaine. — 200,1,massena-a
atlantide,miroiteriemaroc,L'Atlantide,Miroiterie générale du Maroc,1,murat-c
marocainetransittransportatlantide,miroiteriemaroc,Cie marocaine de transit. et de transport Atlantide,Miroiterie générale du Maroc,1,murat-c
miroiteriemaroc,stearineriemarocaine200,Miroiterie générale du Maroc,Stéarinerie marocaine. — 200,1,murat-c
miroiteriemaroc,transportsmazeres,Miroiterie générale du Maroc,Transports Mazères,1,murat-c
miroiteriemaroc,vulcanisationmoderne,Miroiterie générale du Maroc,Vulcanisation moderne,1,murat-c
mobiliereimmobilierefrancomarocaine,transportsmazeres,Société mobilière et immobilière franco-marocaine,Transports Mazères,1,murat-c
mobiliereimmobilierefrancomarocaine,vulcanisationmoderne,Société mobilière et immobilière franco-marocaine,Vulcanisation moderne,1,murat-c
parfumerieparisfiorquartieriatffoctobre,transportsmazeres,"Sté de parfumerie Paris-FIor, quartier de Ia T. S. F. — Sté an., f. le octobre",Transports Mazères,1,murat-c
parfumerieparisfiorquartieriatffoctobre,vulcanisationmoderne,"Sté de parfumerie Paris-FIor, quartier de Ia T. S. F. — Sté an., f. le octobre",Vulcanisation moderne,1,murat-c
parisflor,transportsmazeres,Paris-Flor,Transports Mazères,1,murat-c
parisflor,vulcanisationmoderne,Paris-Flor,Vulcanisation moderne,1,murat-c
agricolecommercialeindustriellemarocaine,foncierechaouia,"Compagnie Agricole, Commerciale, Industrielle Marocaine",Société Foncière de la Chaouïa,1,h-bardon
briqueteriescarrieresusineselhank,foncierechaouia,"Briqueteries, carrières et usines d'El-Hank",Société Foncière de la Chaouïa,1,h-bardon
agadir,chaouiamaroc,Compagnie d'Agadir,Chaouïa et Maroc,1,maumene-c
agadir,caissepretsimmobiliersmaroc,Compagnie d'Agadir,Caisse de prêts immobiliers du Maroc,1,philippar-e
agadir,etudesmarocainescommerceagriculturemines,Compagnie d'Agadir,"Société d'Études marocaines pour le commerce, l'agriculture et les mines",1,philippar-e
agadir,magasinsgenerauxwarrantsmaroc,Compagnie d'Agadir,Société des Magasins généraux et warrants du Maroc,1,philippar-e
agadir,portfedhala,Compagnie d'Agadir,Compagnie du Port de Fedhala,1,philippar-e
agadir,sebou,Compagnie d'Agadir,Compagnie du Sebou,1,philippar-e
agadir,socporttanger,Compagnie d'Agadir,Soc. du PORT de TANGER,1,philippar-e
etudesmarocainescommerceagriculturemines,porttanger,"Société d'Études marocaines pour le commerce, l'agriculture et les mines",Société du Port de Tanger,1,philippar-e
etudesmarocainescommerceagriculturemines,sebou,"Société d'Études marocaines pour le commerce, l'agriculture et les mines",Compagnie du Sebou,1,philippar-e
etudesmarocainescommerceagriculturemines,socporttanger,"Société d'Études marocaines pour le commerce, l'agriculture et les mines",Soc. du PORT de TANGER,1,philippar-e
magasinsgenerauxwarrantsmaroc,sebou,Société des Magasins généraux et warrants du Maroc,Compagnie du Sebou,1,philippar-e
portfedhala,porttanger,Compagnie du Port de Fedhala,Société du Port de Tanger,1,philippar-e
portfedhala,sebou,Compagnie du Port de Fedhala,Compagnie du Sebou,1,philippar-e
portfedhala,socporttanger,Compagnie du Port de Fedhala,Soc. du PORT de TANGER,1,philippar-e
sebou,socporttanger,Compagnie du Sebou,Soc. du PORT de TANGER,1,philippar-e
agricolecommercialeindustriellemarocaine,recherchesforages,"Compagnie Agricole, Commerciale, Industrielle Marocaine","Société de Recherches et de forages, puis S.A. de gérance des bruttos de la Société de recherches et de forages",1,fondere
ergho,recherchesforages,Ergho,"Société de Recherches et de forages, puis S.A. de gérance des bruttos de la Société de recherches et de forages",1,fondere
cherifiennenavigation,grandsmoulinsmarocains,Compagnie Chérifienne de navigation,Grands Moulins marocains,1,rolland-g
grandsmoulinsmarocains,huileriessavonneriescherifiennes,Grands Moulins marocains,Huileries et savonneries chérifiennes,1,rolland-g
grandsmoulinsmarocains,moulinscherifiens,Grands Moulins marocains,Moulins chérifiens,1,rolland-g
chaouiamaroc,explosifs,Chaouïa et Maroc,Société générale d'explosifs,1,p-jordan
elevageagriculturenordmarocain,frsenordmarocain,Société d'Élevage et d'agriculture du Nord-Marocain,Cie frse du NORD-MAROCAIN,1,ancey-c
elevageagriculturenordmarocain,nordmarocain,Société d'Élevage et d'agriculture du Nord-Marocain,Cie française Française du Nord-Marocain,1,ancey-c
francomarocainefedhala,manufacturemarocainecalorifugesliegesagglomeres,Compagnie Franco-Marocaine de Fedhala,Manufacture marocaine de calorifuges et lièges agglomérés,1,thomas-g
francoespagnolecheminfertangerfez,portsmarocains,Compagnie franco-espagnole du Chemin de fer de Tanger à Fez,Ports marocains,1,homberg-o
francoespagnolecheminfertangerfez,portsmarocainsmehedyakenitrasalerabat,Compagnie franco-espagnole du Chemin de fer de Tanger à Fez,"Société des ports marocains de Méhédya-Kénitra, Salé et Rabat",1,homberg-o
cherifienneenergie,eclairageforcemaroc,Société chérifienne d'énergie,Cie d'Éclairage et de force au Maroc,1,bourrellis-l
cherifienneenergie,entreprisesmaroc,Société chérifienne d'énergie,Sté générale d'entreprises au Maroc,1,bourrellis-l
cherifienneenergie,francomarocaine,Société chérifienne d'énergie,Société Générale Franco-Marocaine,1,bourrellis-l
cherifienneenergie,marocaineeclairageforcemotrice,Société chérifienne d'énergie,Cie marocaine d'éclairage et de force motrice,1,bourrellis-l
cherifienneenergie,marocaineexploitationsagricoles,Société chérifienne d'énergie,Société marocaine d'exploitations agricoles,1,bourrellis-l
cherifienneenergie,marocaineexploitationsforestieres,Société chérifienne d'énergie,Société Marocaine d'Exploitations forestières,1,bourrellis-l
cherifienneenergie,portsmarocains,Société chérifienne d'énergie,Ports marocains,1,bourrellis-l
cherifienneenergie,portsmarocainsmehedyaportlyautey,Société chérifienne d'énergie,Société des ports marocains de Méhédya-Port-Lyautey et,1,bourrellis-l
cherifienneenergie,sebou,Société chérifienne d'énergie,Compagnie du Sebou,1,bourrellis-l
eclairageforcemaroc,francomarocaine,Cie d'Éclairage et de force au Maroc,Société Générale Franco-Marocaine,1,bourrellis-l
eclairageforcemaroc,marocaineexploitationsagricoles,Cie d'Éclairage et de force au Maroc,Société marocaine d'exploitations agricoles,1,bourrellis-l
eclairageforcemaroc,marocaineexploitationsforestieres,Cie d'Éclairage et de force au Maroc,Société Marocaine d'Exploitations forestières,1,bourrellis-l
eclairageforcemaroc,portsmarocains,Cie d'Éclairage et de force au Maroc,Ports marocains,1,bourrellis-l
eclairageforcemaroc,portsmarocainsmehedyaportlyautey,Cie d'Éclairage et de force au Maroc,Société des ports marocains de Méhédya-Port-Lyautey et,1,bourrellis-l
eclairageforcemaroc,sebou,Cie d'Éclairage et de force au Maroc,Compagnie du Sebou,1,bourrellis-l
energieelectriquemaroc,marocaineeclairageforcemotrice,Énergie électrique du Maroc,Cie marocaine d'éclairage et de force motrice,1,bourrellis-l
entreprisesmaroc,marocaineeclairageforcemotrice,Sté générale d'entreprises au Maroc,Cie marocaine d'éclairage et de force motrice,1,bourrellis-l
francomarocaine,habitationsmaroc,Société Générale Franco-Marocaine,Société d'Habitations au Maroc,1,bourrellis-l
francomarocaine,marocaineeclairageforcemotrice,Société Générale Franco-Marocaine,Cie marocaine d'éclairage et de force motrice,1,bourrellis-l
francomarocaine,marocaineexploitationsagricoles,Société Générale Franco-Marocaine,Société marocaine d'exploitations agricoles,1,bourrellis-l
francomarocaine,marocaineexploitationsforestieres,Société Générale Franco-Marocaine,Société Marocaine d'Exploitations forestières,1,bourrellis-l
habitationsmaroc,marocaineeclairageforcemotrice,Société d'Habitations au Maroc,Cie marocaine d'éclairage et de force motrice,1,bourrellis-l
habitationsmaroc,marocaineexploitationsagricoles,Société d'Habitations au Maroc,Société marocaine d'exploitations agricoles,1,bourrellis-l
habitationsmaroc,portsmarocainsmehedyaportlyautey,Société d'Habitations au Maroc,Société des ports marocains de Méhédya-Port-Lyautey et,1,bourrellis-l
marocaineeclairageforcemotrice,marocaineexploitationsagricoles,Cie marocaine d'éclairage et de force motrice,Société marocaine d'exploitations agricoles,1,bourrellis-l
marocaineeclairageforcemotrice,marocaineexploitationsforestieres,Cie marocaine d'éclairage et de force motrice,Société Marocaine d'Exploitations forestières,1,bourrellis-l
marocaineeclairageforcemotrice,portsmarocains,Cie marocaine d'éclairage et de force motrice,Ports marocains,1,bourrellis-l
marocaineeclairageforcemotrice,portsmarocainsmehedyaportlyautey,Cie marocaine d'éclairage et de force motrice,Société des ports marocains de Méhédya-Port-Lyautey et,1,bourrellis-l
marocaineeclairageforcemotrice,sebou,Cie marocaine d'éclairage et de force motrice,Compagnie du Sebou,1,bourrellis-l
marocaineexploitationsagricoles,marocaineexploitationsforestieres,Société marocaine d'exploitations agricoles,Société Marocaine d'Exploitations forestières,1,bourrellis-l
marocaineexploitationsagricoles,sebou,Société marocaine d'exploitations agricoles,Compagnie du Sebou,1,bourrellis-l
marocaineexploitationsforestieres,portsmarocainsmehedyaportlyautey,Société Marocaine d'Exploitations forestières,Société des ports marocains de Méhédya-Port-Lyautey et,1,bourrellis-l
chauxcimentsmateriauxconstruction,eclairageforcemaroc,"Sté anon. des chaux, ciments et matériaux de construction au",Cie d'Éclairage et de force au Maroc,1,katz
chauxcimentsmateriauxconstruction,maritimemaroc,"Sté anon. des chaux, ciments et matériaux de construction au",Compagnie Maritime du Maroc,1,katz
chauxcimentsmateriauxconstruction,marocaineeclairageforcemotrice,"Sté anon. des chaux, ciments et matériaux de construction au",Cie marocaine d'éclairage et de force motrice,1,katz
chauxcimentsmateriauxconstruction,marocainegazcomprimes,"Sté anon. des chaux, ciments et matériaux de construction au",Société Marocaine de Gaz comprimés,1,katz
chauxcimentsmateriauxconstructionmaroc,marocaineeclairageforcemotrice,"Chaux, ciments et matériaux de construction au Maroc",Cie marocaine d'éclairage et de force motrice,1,katz
chauxcimentsmateriauxconstructionmaroc,marocainegazcomprimes,"Chaux, ciments et matériaux de construction au Maroc",Société Marocaine de Gaz comprimés,1,katz
eclairageforcemaroc,maritimemaroc,Cie d'Éclairage et de force au Maroc,Compagnie Maritime du Maroc,1,katz
eclairageforcemaroc,marocainegazcomprimes,Cie d'Éclairage et de force au Maroc,Société Marocaine de Gaz comprimés,1,katz
etudesconstructions,maritimemaroc,ÉTUDES et de CONSTRUCTIONS,Compagnie Maritime du Maroc,1,katz
etudesconstructions,marocaineeclairageforcemotrice,ÉTUDES et de CONSTRUCTIONS,Cie marocaine d'éclairage et de force motrice,1,katz
etudesconstructions,marocainegazcomprimes,ÉTUDES et de CONSTRUCTIONS,Société Marocaine de Gaz comprimés,1,katz
maritimemaroc,marocaineeclairageforcemotrice,Compagnie Maritime du Maroc,Cie marocaine d'éclairage et de force motrice,1,katz
maritimemaroc,marocainegazcomprimes,Compagnie Maritime du Maroc,Société Marocaine de Gaz comprimés,1,katz
maritimemaroc,moulinsmaghreb,Compagnie Maritime du Maroc,Société des Moulins du Maghreb,1,katz
maritimemaroc,parismarocholdingcherifiengustavegompel,Compagnie Maritime du Maroc,"Paris-Maroc, le holding chérifien de Gustave Gompel",1,katz
marocaineeclairageforcemotrice,marocainegazcomprimes,Cie marocaine d'éclairage et de force motrice,Société Marocaine de Gaz comprimés,1,katz
marocaineeclairageforcemotrice,moulinsmaghreb,Cie marocaine d'éclairage et de force motrice,Société des Moulins du Maghreb,1,katz
marocaineeclairageforcemotrice,parismarocholdingcherifiengustavegompel,Cie marocaine d'éclairage et de force motrice,"Paris-Maroc, le holding chérifien de Gustave Gompel",1,katz
marocaineeclairageforcemotrice,socchauxcimentsmateriauxconstructionmaroc,Cie marocaine d'éclairage et de force motrice,"Soc. an. des CHAUX, CIMENTS et MATÉRIAUX de CONSTRUCTION au MAROC",1,katz
marocainegazcomprimes,moulinsmaghreb,Société Marocaine de Gaz comprimés,Société des Moulins du Maghreb,1,katz
marocainegazcomprimes,parismarocholdingcherifiengustavegompel,Société Marocaine de Gaz comprimés,"Paris-Maroc, le holding chérifien de Gustave Gompel",1,katz
marocainegazcomprimes,socchauxcimentsmateriauxconstructionmaroc,Société Marocaine de Gaz comprimés,"Soc. an. des CHAUX, CIMENTS et MATÉRIAUX de CONSTRUCTION au MAROC",1,katz
metallurgiqueminierefrancomarocaine,unionauriferecasablancasuitemarocaineparticipations,Compagnie Métallurgique et minière franco-marocaine,"Union aurifère, Casablanca. Suite de la Marocaine de Participations",1,guy-de-wendel
longometalmaroc,metallurgiqueminierefrancomarocaine,"Longométal-Maroc, puis Longométal-Afrique",Compagnie Métallurgique et minière franco-marocaine,1,raty-j
francomarocaine,tramwaysautobuscasablanca,Société Générale Franco-Marocaine,Compagnie des Tramways et autobus de Casablanca,1,atthalin
tabacsmaroc,tramwaysautobuscasablanca,Tabacs au Maroc,Compagnie des Tramways et autobus de Casablanca,1,atthalin
foncieremarocaine,francomarocainefedhala,Société Foncière Marocaine,Compagnie Franco-Marocaine de Fedhala,1,buhot-h
foncieremarocaine,marocaineasiatiquepetroles,Société Foncière Marocaine,Cie marocaine et asiatique des pétroles,1,buhot-h
foncieremarocaine,tramwaysautobuscasablanca,Société Foncière Marocaine,Compagnie des Tramways et autobus de Casablanca,1,buhot-h
francomarocainefedhala,industriellemarocaine,Compagnie Franco-Marocaine de Fedhala,Société Industrielle marocaine,1,buhot-h
francomarocainefedhala,marocaineasiatiquepetroles,Compagnie Franco-Marocaine de Fedhala,Cie marocaine et asiatique des pétroles,1,buhot-h
francomarocainefedhala,tramwaysautobuscasablanca,Compagnie Franco-Marocaine de Fedhala,Compagnie des Tramways et autobus de Casablanca,1,buhot-h
industriellemarocaine,marocaineasiatiquepetroles,Société Industrielle marocaine,Cie marocaine et asiatique des pétroles,1,buhot-h
industriellemarocaine,tramwaysautobuscasablanca,Société Industrielle marocaine,Compagnie des Tramways et autobus de Casablanca,1,buhot-h
marocaineasiatiquepetroles,marocaineboismateriauxconstruction,Cie marocaine et asiatique des pétroles,Société marocaine des bois et matériaux de Construction,1,fournet
marocaineboismateriauxconstruction,tramwaysautobuscasablanca,Société marocaine des bois et matériaux de Construction,Compagnie des Tramways et autobus de Casablanca,1,fournet
chauxcimentsmateriauxconstruction,etudestopographiquesgenieruralmaroc,"Sté anon. des chaux, ciments et matériaux de construction au",Sté d'études topographiques et de génie rural au Maroc,1,godard
chauxcimentsmateriauxconstruction,laiteriesboucheriesreuniesmaroc,"Sté anon. des chaux, ciments et matériaux de construction au",Compagnie des Laiteries et boucheries réunies au Maroc,1,godard
chauxcimentsmateriauxconstruction,marocaineapprovisionnement,"Sté anon. des chaux, ciments et matériaux de construction au",Marocaine d'approvisionnement,1,godard
chauxcimentsmateriauxconstruction,portsmarocainsmehedyakenitrarabatsale,"Sté anon. des chaux, ciments et matériaux de construction au",Société des Ports marocains de Mehedya-Kenitra et Rabat-Salé,1,godard
chauxcimentsmateriauxconstruction,tramwaysautobuscasablanca,"Sté anon. des chaux, ciments et matériaux de construction au",Compagnie des Tramways et autobus de Casablanca,1,godard
chauxcimentsmateriauxconstructionmaroc,etudestopographiquesgenieruralmaroc,"Chaux, ciments et matériaux de construction au Maroc",Sté d'études topographiques et de génie rural au Maroc,1,godard
chauxcimentsmateriauxconstructionmaroc,laiteriesboucheriesreuniesmaroc,"Chaux, ciments et matériaux de construction au Maroc",Compagnie des Laiteries et boucheries réunies au Maroc,1,godard
chauxcimentsmateriauxconstructionmaroc,portsmarocainsmehedyakenitrarabatsale,"Chaux, ciments et matériaux de construction au Maroc",Société des Ports marocains de Mehedya-Kenitra et Rabat-Salé,1,godard
etudestopographiquesgenieruralmaroc,laiteriesboucheriesreuniesmaroc,Sté d'études topographiques et de génie rural au Maroc,Compagnie des Laiteries et boucheries réunies au Maroc,1,godard
etudestopographiquesgenieruralmaroc,portsmarocainsmehedyakenitrarabatsale,Sté d'études topographiques et de génie rural au Maroc,Société des Ports marocains de Mehedya-Kenitra et Rabat-Salé,1,godard
etudestopographiquesgenieruralmaroc,socchauxcimentsmateriauxconstructionmaroc,Sté d'études topographiques et de génie rural au Maroc,"Soc. an. des CHAUX, CIMENTS et MATÉRIAUX de CONSTRUCTION au MAROC",1,godard
etudestopographiquesgenieruralmaroc,tramwaysautobuscasablanca,Sté d'études topographiques et de génie rural au Maroc,Compagnie des Tramways et autobus de Casablanca,1,godard
laiteriesboucheriesreuniesmaroc,marocaineapprovisionnement,Compagnie des Laiteries et boucheries réunies au Maroc,Marocaine d'approvisionnement,1,godard
laiteriesboucheriesreuniesmaroc,portsmarocainsmehedyakenitrarabatsale,Compagnie des Laiteries et boucheries réunies au Maroc,Société des Ports marocains de Mehedya-Kenitra et Rabat-Salé,1,godard
laiteriesboucheriesreuniesmaroc,socchauxcimentsmateriauxconstructionmaroc,Compagnie des Laiteries et boucheries réunies au Maroc,"Soc. an. des CHAUX, CIMENTS et MATÉRIAUX de CONSTRUCTION au MAROC",1,godard
laiteriesboucheriesreuniesmaroc,tramwaysautobuscasablanca,Compagnie des Laiteries et boucheries réunies au Maroc,Compagnie des Tramways et autobus de Casablanca,1,godard
marocaineapprovisionnement,portsmarocainsmehedyakenitrarabatsale,Marocaine d'approvisionnement,Société des Ports marocains de Mehedya-Kenitra et Rabat-Salé,1,godard
marocaineapprovisionnement,socchauxcimentsmateriauxconstructionmaroc,Marocaine d'approvisionnement,"Soc. an. des CHAUX, CIMENTS et MATÉRIAUX de CONSTRUCTION au MAROC",1,godard
portsmarocainsmehedyakenitrarabatsale,socchauxcimentsmateriauxconstructionmaroc,Société des Ports marocains de Mehedya-Kenitra et Rabat-Salé,"Soc. an. des CHAUX, CIMENTS et MATÉRIAUX de CONSTRUCTION au MAROC",1,godard
portsmarocainsmehedyakenitrarabatsale,tramwaysautobuscasablanca,Société des Ports marocains de Mehedya-Kenitra et Rabat-Salé,Compagnie des Tramways et autobus de Casablanca,1,godard
socchauxcimentsmateriauxconstructionmaroc,tramwaysautobuscasablanca,"Soc. an. des CHAUX, CIMENTS et MATÉRIAUX de CONSTRUCTION au MAROC",Compagnie des Tramways et autobus de Casablanca,1,godard
caissepretsimmobiliersmaroc,marocaineasiatiquepetroles,Caisse de prêts immobiliers du Maroc,Cie marocaine et asiatique des pétroles,1,grillot-a
magasinsgenerauxwarrantsmaroc,marocaineasiatiquepetroles,Société des Magasins généraux et warrants du Maroc,Cie marocaine et asiatique des pétroles,1,grillot-a
marocaineasiatiquepetroles,marocainemagasinsgeneraux,Cie marocaine et asiatique des pétroles,Société marocaine de magasins généraux,1,grillot-a
cheminsfermaroc,marocaineasiatiquepetroles,Compagnie des Chemins de fer du Maroc,Cie marocaine et asiatique des pétroles,1,saint-rene-taillandier-g
francoespagnolecheminfertangerfez,marocaineasiatiquepetroles,Compagnie franco-espagnole du Chemin de fer de Tanger à Fez,Cie marocaine et asiatique des pétroles,1,saint-rene-taillandier-g
francoespagnolecheminfertangerfez,tramwaysautobuscasablanca,Compagnie franco-espagnole du Chemin de fer de Tanger à Fez,Compagnie des Tramways et autobus de Casablanca,1,saint-rene-taillandier-g
agencemadrid,agricolenordafricain,Agence à MADRID,Société Agricole du Nord-Africain,1,massenet-a
agencemadrid,agricolenordafricainagence,Agence à MADRID,Cie agricole du Nord-Africain. Agence,1,massenet-a
agencemadrid,companiadelnorteafricano,Agence à MADRID,Compania del Norte Africano,1,massenet-a
agencemadrid,comptoirminesgrandstravauxmaroc,Agence à MADRID,Comptoir des mines et des grands travaux du Maroc,1,massenet-a
agencemadrid,developpementcasablanca,Agence à MADRID,Société Générale pour le Développement de Casablanca,1,massenet-a
agencemadrid,directioncasablanca,Agence à MADRID,Direction à Casablanca,1,massenet-a
agencemadrid,internationaledeveloppementtanger,Agence à MADRID,Société internationale pour le développement de Tanger,1,massenet-a
agencemadrid,marocaineexplosifsaccessoiresmines,Agence à MADRID,Sté marocaine d'explosifs et d'accessoires de mines,1,massenet-a
agencemadrid,marocaineexplosifscasablancamelilla,Agence à MADRID,"Société Marocaine d'explosifs, Casablanca, Melilla",1,massenet-a
agricolenordafricain,agricolenordafricainagence,Société Agricole du Nord-Africain,Cie agricole du Nord-Africain. Agence,1,massenet-a
agricolenordafricain,companiadelnorteafricano,Société Agricole du Nord-Africain,Compania del Norte Africano,1,massenet-a
agricolenordafricain,developpementcasablanca,Société Agricole du Nord-Africain,Société Générale pour le Développement de Casablanca,1,massenet-a
agricolenordafricain,hispanomarocainegazelectricite,Société Agricole du Nord-Africain,Cie hispano-marocaine de gaz et d'électricité,1,massenet-a
agricolenordafricain,internationaledeveloppementtanger,Société Agricole du Nord-Africain,Société internationale pour le développement de Tanger,1,massenet-a
agricolenordafricainagence,companiadelnorteafricano,Cie agricole du Nord-Africain. Agence,Compania del Norte Africano,1,massenet-a
agricolenordafricainagence,comptoirminesgrandstravauxmaroc,Cie agricole du Nord-Africain. Agence,Comptoir des mines et des grands travaux du Maroc,1,massenet-a
agricolenordafricainagence,developpementcasablanca,Cie agricole du Nord-Africain. Agence,Société Générale pour le Développement de Casablanca,1,massenet-a
agricolenordafricainagence,directioncasablanca,Cie agricole du Nord-Africain. Agence,Direction à Casablanca,1,massenet-a
agricolenordafricainagence,hispanomarocainegazelectricite,Cie agricole du Nord-Africain. Agence,Cie hispano-marocaine de gaz et d'électricité,1,massenet-a
companiadelnorteafricano,comptoirminesgrandstravauxmaroc,Compania del Norte Africano,Comptoir des mines et des grands travaux du Maroc,1,massenet-a
companiadelnorteafricano,developpementcasablanca,Compania del Norte Africano,Société Générale pour le Développement de Casablanca,1,massenet-a
companiadelnorteafricano,directioncasablanca,Compania del Norte Africano,Direction à Casablanca,1,massenet-a
companiadelnorteafricano,hispanomarocainegazelectricite,Compania del Norte Africano,Cie hispano-marocaine de gaz et d'électricité,1,massenet-a
companiadelnorteafricano,internationaledeveloppementtanger,Compania del Norte Africano,Société internationale pour le développement de Tanger,1,massenet-a
companiadelnorteafricano,marocaineexplosifsaccessoiresmines,Compania del Norte Africano,Sté marocaine d'explosifs et d'accessoires de mines,1,massenet-a
companiadelnorteafricano,marocaineexplosifscasablancamelilla,Compania del Norte Africano,"Société Marocaine d'explosifs, Casablanca, Melilla",1,massenet-a
comptoirminesgrandstravauxmaroc,developpementcasablanca,Comptoir des mines et des grands travaux du Maroc,Société Générale pour le Développement de Casablanca,1,massenet-a
comptoirminesgrandstravauxmaroc,hispanomarocainegazelectricite,Comptoir des mines et des grands travaux du Maroc,Cie hispano-marocaine de gaz et d'électricité,1,massenet-a
comptoirminesgrandstravauxmaroc,internationaledeveloppementtanger,Comptoir des mines et des grands travaux du Maroc,Société internationale pour le développement de Tanger,1,massenet-a
developpementcasablanca,directioncasablanca,Société Générale pour le Développement de Casablanca,Direction à Casablanca,1,massenet-a
developpementcasablanca,hispanomarocainegazelectricite,Société Générale pour le Développement de Casablanca,Cie hispano-marocaine de gaz et d'électricité,1,massenet-a
developpementcasablanca,internationaledeveloppementtanger,Société Générale pour le Développement de Casablanca,Société internationale pour le développement de Tanger,1,massenet-a
developpementcasablanca,marocaineexplosifscasablancamelilla,Société Générale pour le Développement de Casablanca,"Société Marocaine d'explosifs, Casablanca, Melilla",1,massenet-a
directioncasablanca,hispanomarocainegazelectricite,Direction à Casablanca,Cie hispano-marocaine de gaz et d'électricité,1,massenet-a
directioncasablanca,internationaledeveloppementtanger,Direction à Casablanca,Société internationale pour le développement de Tanger,1,massenet-a
hispanomarocainegazelectricite,internationaledeveloppementtanger,Cie hispano-marocaine de gaz et d'électricité,Société internationale pour le développement de Tanger,1,massenet-a
hispanomarocainegazelectricite,marocaineexplosifsaccessoiresmines,Cie hispano-marocaine de gaz et d'électricité,Sté marocaine d'explosifs et d'accessoires de mines,1,massenet-a
hispanomarocainegazelectricite,marocaineexplosifscasablancamelilla,Cie hispano-marocaine de gaz et d'électricité,"Société Marocaine d'explosifs, Casablanca, Melilla",1,massenet-a
internationaledeveloppementtanger,marocaineexplosifsaccessoiresmines,Société internationale pour le développement de Tanger,Sté marocaine d'explosifs et d'accessoires de mines,1,massenet-a
internationaledeveloppementtanger,marocaineexplosifscasablancamelilla,Société internationale pour le développement de Tanger,"Société Marocaine d'explosifs, Casablanca, Melilla",1,massenet-a
companiadelnorteafricano,marocaineasiatiquepetroles,Compania del Norte Africano,Cie marocaine et asiatique des pétroles,1,autobus-de-casablanca
companiadelnorteafricano,pecheriesconservesalimentairescasablancabenimellal,Compania del Norte Africano,"Pêcheries et de conserves alimentaires, Casablanca, Beni-Mellal",1,autobus-de-casablanca
companiadelnorteafricano,tifnouttiranimine,Compania del Norte Africano,Cie de Tifnout-Tiranimine,1,autobus-de-casablanca
marocaineasiatiquepetroles,pecheriesconservesalimentairescasablancabenimellal,Cie marocaine et asiatique des pétroles,"Pêcheries et de conserves alimentaires, Casablanca, Beni-Mellal",1,autobus-de-casablanca
marocaineasiatiquepetroles,tifnouttiranimine,Cie marocaine et asiatique des pétroles,Cie de Tifnout-Tiranimine,1,autobus-de-casablanca
pecheriesconservesalimentairescasablancabenimellal,tifnouttiranimine,"Pêcheries et de conserves alimentaires, Casablanca, Beni-Mellal",Cie de Tifnout-Tiranimine,1,autobus-de-casablanca
constructionmarocaine,explosifs,Construction marocaine (Anciennement,Société générale d'explosifs,1,l-godard
constructionmarocaine,fasielectricite,Construction marocaine (Anciennement,Compagnie Fasi d'Électricité,1,l-godard
constructionmarocaine,habitationsmaroc,Construction marocaine (Anciennement,Société d'Habitations au Maroc,1,l-godard
constructionmarocaine,moulinsmaghreb,Construction marocaine (Anciennement,Société des Moulins du Maghreb,1,l-godard
constructionmarocaine,portsmarocains,Construction marocaine (Anciennement,Ports marocains,1,l-godard
constructionmarocaine,portsmarocainsmehedyakenitrarabatsale,Construction marocaine (Anciennement,Société des Ports marocains de Mehedya-Kenitra et Rabat-Salé,1,l-godard
explosifs,habitationsmaroc,Société générale d'explosifs,Société d'Habitations au Maroc,1,l-godard
explosifs,portsmarocains,Société générale d'explosifs,Ports marocains,1,l-godard
explosifs,portsmarocainsmehedyakenitrarabatsale,Société générale d'explosifs,Société des Ports marocains de Mehedya-Kenitra et Rabat-Salé,1,l-godard
fasielectricite,portsmarocainsmehedyakenitrarabatsale,Compagnie Fasi d'Électricité,Société des Ports marocains de Mehedya-Kenitra et Rabat-Salé,1,l-godard
habitationsmaroc,portsmarocainsmehedyakenitrarabatsale,Société d'Habitations au Maroc,Société des Ports marocains de Mehedya-Kenitra et Rabat-Salé,1,l-godard
marocaineentrepriseimmobilieremobiliere,portsmarocainsmehedyakenitrarabatsale,"Société Marocaine d'entreprise générale immobilière et mobilière, puis La Construction marocaine et La Construction civile",Société des Ports marocains de Mehedya-Kenitra et Rabat-Salé,1,l-godard
moulinsmaghreb,portsmarocainsmehedyakenitrarabatsale,Société des Moulins du Maghreb,Société des Ports marocains de Mehedya-Kenitra et Rabat-Salé,1,l-godard
constructionmarocaine,entreprisesmaroc,Construction marocaine (Anciennement,Sté générale d'entreprises au Maroc,1,l-mill
constructioncivile,constructionmarocaine,Construction civile,Construction marocaine (Anciennement,1,hackenberger-p
constructionmarocaine,immobilieremaroc,Construction marocaine (Anciennement,Société Immobilière au Maroc,1,hackenberger-p
autohall,chargeursmarocains,Auto-Hall,Chargeurs marocains,1,cane-l
autohall,huileriessavonneriescherifiennes,Auto-Hall,Huileries et savonneries chérifiennes,1,cane-l
autohall,marocaineetablpparrenin,Auto-Hall,Société marocaine des Établ. P. Parrenin,1,cane-l
autohall,marocainenouvellesgaleries,Auto-Hall,Société marocaine des Nouvelles-Galeries,1,cane-l
autohall,moulinsbaruk,Auto-Hall,Moulins D. Baruk,1,cane-l
autohall,moulinscherifiens,Auto-Hall,Moulins chérifiens,1,cane-l
chargeursmarocains,marocaineetablpparrenin,Chargeurs marocains,Société marocaine des Établ. P. Parrenin,1,cane-l
chargeursmarocains,marocainenouvellesgaleries,Chargeurs marocains,Société marocaine des Nouvelles-Galeries,1,cane-l
chargeursmarocains,moulinsbaruk,Chargeurs marocains,Moulins D. Baruk,1,cane-l
huileriessavonneriescherifiennes,marocaineetablpparrenin,Huileries et savonneries chérifiennes,Société marocaine des Établ. P. Parrenin,1,cane-l
huileriessavonneriescherifiennes,marocainenouvellesgaleries,Huileries et savonneries chérifiennes,Société marocaine des Nouvelles-Galeries,1,cane-l
huileriessavonneriescherifiennes,moulinsbaruk,Huileries et savonneries chérifiennes,Moulins D. Baruk,1,cane-l
marocaineetablpparrenin,marocainenouvellesgaleries,Société marocaine des Établ. P. Parrenin,Société marocaine des Nouvelles-Galeries,1,cane-l
marocaineetablpparrenin,moulinsbaruk,Société marocaine des Établ. P. Parrenin,Moulins D. Baruk,1,cane-l
marocaineetablpparrenin,moulinscherifiens,Société marocaine des Établ. P. Parrenin,Moulins chérifiens,1,cane-l
marocainenouvellesgaleries,moulinscherifiens,Société marocaine des Nouvelles-Galeries,Moulins chérifiens,1,cane-l
moulinsbaruk,moulinscherifiens,Moulins D. Baruk,Moulins chérifiens,1,cane-l
manufacturemarocainecalorifugesliegesagglomeres,socfeutresrok,Manufacture marocaine de calorifuges et lièges agglomérés,Soc. an. des FEUTRES ROK,1,mulhouse
agricoletadla,brasseriesmaroc,Société Agricole du Tadla,"Société des Brasseries du Maroc, puis Boissons du Maroc",1,paris
agricoletadla,comptoirlainierimportation,Société Agricole du Tadla,Comptoir lainier et d'importation,1,paris
agricoletadla,grandsbazarsmarocains,Société Agricole du Tadla,Grands bazars marocains,1,paris
agricoletadla,immobilierefrancomarocaine,Société Agricole du Tadla,"Société Immobilière Franco-Marocaine, puis Commerciale et Immobilière Franco-Marocaine",1,paris
agricoletadla,manufacturemarocainecalorifugesliegesagglomeres,Société Agricole du Tadla,Manufacture marocaine de calorifuges et lièges agglomérés,1,paris
agricoletadla,marocaineainsikh,Société Agricole du Tadla,Societe marocaine d Aïn-Sikh,1,paris
agricoletadla,marocaineapprovisionnement,Société Agricole du Tadla,Marocaine d'approvisionnement,1,paris
agricoletadla,marocaineautomobiles,Société Agricole du Tadla,Société marocaine d'automobiles,1,paris
agricoletadla,marocainedistributioneaugazelectricite,Société Agricole du Tadla,"Société Marocaine de distribution d'eau, de gaz et d'électricité",1,paris
agricoletadla,marocaineexplosifsaccessoiresmines,Société Agricole du Tadla,Sté marocaine d'explosifs et d'accessoires de mines,1,paris
agricoletadla,minesbouarfa,Société Agricole du Tadla,Société des Mines de Bou-Arfa,1,paris
agricoletadla,molybdene,Société Agricole du Tadla,Le Molybdène,1,paris
brasseriesmaroc,comptoirlainierimportation,"Société des Brasseries du Maroc, puis Boissons du Maroc",Comptoir lainier et d'importation,1,paris
brasseriesmaroc,grandsbazarsmarocains,"Société des Brasseries du Maroc, puis Boissons du Maroc",Grands bazars marocains,1,paris
brasseriesmaroc,immobilierefrancomarocaine,"Société des Brasseries du Maroc, puis Boissons du Maroc","Société Immobilière Franco-Marocaine, puis Commerciale et Immobilière Franco-Marocaine",1,paris
brasseriesmaroc,manufacturemarocainecalorifugesliegesagglomeres,"Société des Brasseries du Maroc, puis Boissons du Maroc",Manufacture marocaine de calorifuges et lièges agglomérés,1,paris
brasseriesmaroc,marocaineapprovisionnement,"Société des Brasseries du Maroc, puis Boissons du Maroc",Marocaine d'approvisionnement,1,paris
brasseriesmaroc,marocaineautomobiles,"Société des Brasseries du Maroc, puis Boissons du Maroc",Société marocaine d'automobiles,1,paris
brasseriesmaroc,marocaineexplosifsaccessoiresmines,"Société des Brasseries du Maroc, puis Boissons du Maroc",Sté marocaine d'explosifs et d'accessoires de mines,1,paris
brasseriesmaroc,minesbouarfa,"Société des Brasseries du Maroc, puis Boissons du Maroc",Société des Mines de Bou-Arfa,1,paris
brasseriesmaroc,molybdene,"Société des Brasseries du Maroc, puis Boissons du Maroc",Le Molybdène,1,paris
comptoirlainierimportation,developpementcasablanca,Comptoir lainier et d'importation,Société Générale pour le Développement de Casablanca,1,paris
comptoirlainierimportation,grandsbazarsmarocains,Comptoir lainier et d'importation,Grands bazars marocains,1,paris
comptoirlainierimportation,immobilierefrancomarocaine,Comptoir lainier et d'importation,"Société Immobilière Franco-Marocaine, puis Commerciale et Immobilière Franco-Marocaine",1,paris
comptoirlainierimportation,manufacturemarocainecalorifugesliegesagglomeres,Comptoir lainier et d'importation,Manufacture marocaine de calorifuges et lièges agglomérés,1,paris
comptoirlainierimportation,marocaineainsikh,Comptoir lainier et d'importation,Societe marocaine d Aïn-Sikh,1,paris
comptoirlainierimportation,marocaineapprovisionnement,Comptoir lainier et d'importation,Marocaine d'approvisionnement,1,paris
comptoirlainierimportation,marocaineautomobiles,Comptoir lainier et d'importation,Société marocaine d'automobiles,1,paris
comptoirlainierimportation,marocainedistributioneaugazelectricite,Comptoir lainier et d'importation,"Société Marocaine de distribution d'eau, de gaz et d'électricité",1,paris
comptoirlainierimportation,marocaineexplosifsaccessoiresmines,Comptoir lainier et d'importation,Sté marocaine d'explosifs et d'accessoires de mines,1,paris
comptoirlainierimportation,minesbouarfa,Comptoir lainier et d'importation,Société des Mines de Bou-Arfa,1,paris
comptoirlainierimportation,molybdene,Comptoir lainier et d'importation,Le Molybdène,1,paris
developpementcasablanca,grandsbazarsmarocains,Société Générale pour le Développement de Casablanca,Grands bazars marocains,1,paris
developpementcasablanca,immobilierefrancomarocaine,Société Générale pour le Développement de Casablanca,"Société Immobilière Franco-Marocaine, puis Commerciale et Immobilière Franco-Marocaine",1,paris
developpementcasablanca,manufacturemarocainecalorifugesliegesagglomeres,Société Générale pour le Développement de Casablanca,Manufacture marocaine de calorifuges et lièges agglomérés,1,paris
developpementcasablanca,marocaineapprovisionnement,Société Générale pour le Développement de Casablanca,Marocaine d'approvisionnement,1,paris
developpementcasablanca,molybdene,Société Générale pour le Développement de Casablanca,Le Molybdène,1,paris
grandsbazarsmarocains,immobilierefrancomarocaine,Grands bazars marocains,"Société Immobilière Franco-Marocaine, puis Commerciale et Immobilière Franco-Marocaine",1,paris
grandsbazarsmarocains,manufacturemarocainecalorifugesliegesagglomeres,Grands bazars marocains,Manufacture marocaine de calorifuges et lièges agglomérés,1,paris
grandsbazarsmarocains,marocaineainsikh,Grands bazars marocains,Societe marocaine d Aïn-Sikh,1,paris
grandsbazarsmarocains,marocaineapprovisionnement,Grands bazars marocains,Marocaine d'approvisionnement,1,paris
grandsbazarsmarocains,marocaineautomobiles,Grands bazars marocains,Société marocaine d'automobiles,1,paris
grandsbazarsmarocains,marocainedistributioneaugazelectricite,Grands bazars marocains,"Société Marocaine de distribution d'eau, de gaz et d'électricité",1,paris
grandsbazarsmarocains,marocaineexplosifsaccessoiresmines,Grands bazars marocains,Sté marocaine d'explosifs et d'accessoires de mines,1,paris
grandsbazarsmarocains,minesbouarfa,Grands bazars marocains,Société des Mines de Bou-Arfa,1,paris
grandsbazarsmarocains,molybdene,Grands bazars marocains,Le Molybdène,1,paris
immobilierefrancomarocaine,manufacturemarocainecalorifugesliegesagglomeres,"Société Immobilière Franco-Marocaine, puis Commerciale et Immobilière Franco-Marocaine",Manufacture marocaine de calorifuges et lièges agglomérés,1,paris
immobilierefrancomarocaine,marocaineainsikh,"Société Immobilière Franco-Marocaine, puis Commerciale et Immobilière Franco-Marocaine",Societe marocaine d Aïn-Sikh,1,paris
immobilierefrancomarocaine,marocaineapprovisionnement,"Société Immobilière Franco-Marocaine, puis Commerciale et Immobilière Franco-Marocaine",Marocaine d'approvisionnement,1,paris
immobilierefrancomarocaine,marocaineautomobiles,"Société Immobilière Franco-Marocaine, puis Commerciale et Immobilière Franco-Marocaine",Société marocaine d'automobiles,1,paris
immobilierefrancomarocaine,marocainedistributioneaugazelectricite,"Société Immobilière Franco-Marocaine, puis Commerciale et Immobilière Franco-Marocaine","Société Marocaine de distribution d'eau, de gaz et d'électricité",1,paris
immobilierefrancomarocaine,marocaineexplosifsaccessoiresmines,"Société Immobilière Franco-Marocaine, puis Commerciale et Immobilière Franco-Marocaine",Sté marocaine d'explosifs et d'accessoires de mines,1,paris
immobilierefrancomarocaine,minesbouarfa,"Société Immobilière Franco-Marocaine, puis Commerciale et Immobilière Franco-Marocaine",Société des Mines de Bou-Arfa,1,paris
immobilierefrancomarocaine,molybdene,"Société Immobilière Franco-Marocaine, puis Commerciale et Immobilière Franco-Marocaine",Le Molybdène,1,paris
manufacturemarocainecalorifugesliegesagglomeres,marocaineainsikh,Manufacture marocaine de calorifuges et lièges agglomérés,Societe marocaine d Aïn-Sikh,1,paris
manufacturemarocainecalorifugesliegesagglomeres,marocaineapprovisionnement,Manufacture marocaine de calorifuges et lièges agglomérés,Marocaine d'approvisionnement,1,paris
manufacturemarocainecalorifugesliegesagglomeres,marocaineautomobiles,Manufacture marocaine de calorifuges et lièges agglomérés,Société marocaine d'automobiles,1,paris
manufacturemarocainecalorifugesliegesagglomeres,marocainedistributioneaugazelectricite,Manufacture marocaine de calorifuges et lièges agglomérés,"Société Marocaine de distribution d'eau, de gaz et d'électricité",1,paris
manufacturemarocainecalorifugesliegesagglomeres,marocaineexplosifsaccessoiresmines,Manufacture marocaine de calorifuges et lièges agglomérés,Sté marocaine d'explosifs et d'accessoires de mines,1,paris
manufacturemarocainecalorifugesliegesagglomeres,minesbouarfa,Manufacture marocaine de calorifuges et lièges agglomérés,Société des Mines de Bou-Arfa,1,paris
manufacturemarocainecalorifugesliegesagglomeres,molybdene,Manufacture marocaine de calorifuges et lièges agglomérés,Le Molybdène,1,paris
marocaineainsikh,marocaineapprovisionnement,Societe marocaine d Aïn-Sikh,Marocaine d'approvisionnement,1,paris
marocaineainsikh,marocaineautomobiles,Societe marocaine d Aïn-Sikh,Société marocaine d'automobiles,1,paris
marocaineainsikh,marocainedistributioneaugazelectricite,Societe marocaine d Aïn-Sikh,"Société Marocaine de distribution d'eau, de gaz et d'électricité",1,paris
marocaineainsikh,marocaineexplosifsaccessoiresmines,Societe marocaine d Aïn-Sikh,Sté marocaine d'explosifs et d'accessoires de mines,1,paris
marocaineainsikh,minesbouarfa,Societe marocaine d Aïn-Sikh,Société des Mines de Bou-Arfa,1,paris
marocaineainsikh,molybdene,Societe marocaine d Aïn-Sikh,Le Molybdène,1,paris
marocaineapprovisionnement,marocaineautomobiles,Marocaine d'approvisionnement,Société marocaine d'automobiles,1,paris
marocaineapprovisionnement,marocaineexplosifsaccessoiresmines,Marocaine d'approvisionnement,Sté marocaine d'explosifs et d'accessoires de mines,1,paris
marocaineapprovisionnement,minesbouarfa,Marocaine d'approvisionnement,Société des Mines de Bou-Arfa,1,paris
marocaineapprovisionnement,molybdene,Marocaine d'approvisionnement,Le Molybdène,1,paris
marocaineautomobiles,marocainedistributioneaugazelectricite,Société marocaine d'automobiles,"Société Marocaine de distribution d'eau, de gaz et d'électricité",1,paris
marocaineautomobiles,marocaineexplosifsaccessoiresmines,Société marocaine d'automobiles,Sté marocaine d'explosifs et d'accessoires de mines,1,paris
marocaineautomobiles,molybdene,Société marocaine d'automobiles,Le Molybdène,1,paris
marocainedistributioneaugazelectricite,marocaineexplosifsaccessoiresmines,"Société Marocaine de distribution d'eau, de gaz et d'électricité",Sté marocaine d'explosifs et d'accessoires de mines,1,paris
marocainedistributioneaugazelectricite,molybdene,"Société Marocaine de distribution d'eau, de gaz et d'électricité",Le Molybdène,1,paris
marocaineexplosifsaccessoiresmines,minesbouarfa,Sté marocaine d'explosifs et d'accessoires de mines,Société des Mines de Bou-Arfa,1,paris
marocaineexplosifsaccessoiresmines,molybdene,Sté marocaine d'explosifs et d'accessoires de mines,Le Molybdène,1,paris
minesbouarfa,molybdene,Société des Mines de Bou-Arfa,Le Molybdène,1,paris
etudesmarocainescommerceiindustriemines,manufacturemarocainecalorifugesliegesagglomeres,"Sté d'études marocaines pour le commerce, I'industrie et les mines",Manufacture marocaine de calorifuges et lièges agglomérés,1,et-son-neveu-james-de-traz
entrepotsfrigorifiquesafriquenord,marocaineconstructionmetallique,Société des Entrepôts frigorifiques de l'Afrique du Nord,Société Marocaine de Construction métallique,1,hersent
manutentionmarocaine,marocaineconstructionmetallique,La Manutention marocaine,Société Marocaine de Construction métallique,1,hersent
marocainecharbonsbriquettes,marocaineconstructionmetallique,Société Marocaine de Charbons et briquettes,Société Marocaine de Construction métallique,1,hersent
comind,cooperativemeunieremarocaine,Sté anon. du com. et de l'ind,Coopérative meunière marocaine,1,levy
comind,etshubertdolbeau,Sté anon. du com. et de l'ind,Éts Hubert Dolbeau & Cie,1,levy
comind,maisonlevy,Sté anon. du com. et de l'ind,Maison Lévy,1,levy
comind,omniumcherifien,Sté anon. du com. et de l'ind,Omnium chérifien,1,levy
cooperativemeunieremarocaine,etshubertdolbeau,Coopérative meunière marocaine,Éts Hubert Dolbeau & Cie,1,levy
cooperativemeunieremarocaine,maisonlevy,Coopérative meunière marocaine,Maison Lévy,1,levy
cooperativemeunieremarocaine,omniumcherifien,Coopérative meunière marocaine,Omnium chérifien,1,levy
etshubertdolbeau,maisonlevy,Éts Hubert Dolbeau & Cie,Maison Lévy,1,levy
etshubertdolbeau,omniumcherifien,Éts Hubert Dolbeau & Cie,Omnium chérifien,1,levy
maisonlevy,omniumcherifien,Maison Lévy,Omnium chérifien,1,levy
francomarocaine,portsmarocainsmehedyakenitrasalerabat,Société Générale Franco-Marocaine,"Société des ports marocains de Méhédya-Kénitra, Salé et Rabat",1,marchal-c
asiatiqueafricaine,chauxcimentsmateriauxconstruction,Compagnie Asiatique et africaine,"Sté anon. des chaux, ciments et matériaux de construction au",1,duboin-j
asiatiqueafricaine,chauxcimentsmateriauxconstructionmaroc,Compagnie Asiatique et africaine,"Chaux, ciments et matériaux de construction au Maroc",1,duboin-j
asiatiqueafricaine,socchauxcimentsmateriauxconstructionmaroc,Compagnie Asiatique et africaine,"Soc. an. des CHAUX, CIMENTS et MATÉRIAUX de CONSTRUCTION au MAROC",1,duboin-j
brasseriesmaroc,cherifienneparticipations,"Société des Brasseries du Maroc, puis Boissons du Maroc",Société Chérifienne de participations,1,orcel-j
brasseriesnordmarocain,carrieresmarocaines,Société des Brasseries du Nord-Marocain,Société des Carrières marocaines,1,orcel-j
brasseriesnordmarocain,cherifienneparticipations,Société des Brasseries du Nord-Marocain,Société Chérifienne de participations,1,orcel-j
carrieresmarocaines,cherifienneparticipations,Société des Carrières marocaines,Société Chérifienne de participations,1,orcel-j
carrieresmarocaines,developpementcasablanca,Société des Carrières marocaines,Société Générale pour le Développement de Casablanca,1,orcel-j
carrieresmarocaines,industriellepetrolesmaroc,Société des Carrières marocaines,Compagnie Industrielle des Pétroles au Maroc,1,orcel-j
cherifienneparticipations,comptoirmaroc,Société Chérifienne de participations,Comptoir français du Maroc,1,orcel-j
cherifienneparticipations,culturesindustriellesmaroc,Société Chérifienne de participations,Société de Cultures industrielles au Maroc,1,orcel-j
cherifienneparticipations,developpementcasablanca,Société Chérifienne de participations,Société Générale pour le Développement de Casablanca,1,orcel-j
cherifienneparticipations,fruitieremaroc,Société Chérifienne de participations,Cie fruitière du Maroc,1,orcel-j
cherifienneparticipations,industriellepetrolesmaroc,Société Chérifienne de participations,Compagnie Industrielle des Pétroles au Maroc,1,orcel-j
culturesindustriellesmaroc,industriellepetrolesmaroc,Société de Cultures industrielles au Maroc,Compagnie Industrielle des Pétroles au Maroc,1,orcel-j
brasseriesmaroc,commerceaveccoloniesetranger,"Société des Brasseries du Maroc, puis Boissons du Maroc","Sociéte française pour le commerce avec les colonies et l’étranger, puis Sociéte française pour le commerce avec l'outre-mer",1,gaston-dreyfus-r
brasseriesnordmarocain,commerceaveccoloniesetranger,Société des Brasseries du Nord-Marocain,"Sociéte française pour le commerce avec les colonies et l’étranger, puis Sociéte française pour le commerce avec l'outre-mer",1,gaston-dreyfus-r
brasseriesnordmarocain,immobilierecasablanca,Société des Brasseries du Nord-Marocain,Société Immobilière de Casablanca,1,gaston-dreyfus-r
commerceaveccoloniesetranger,developpementcasablanca,"Sociéte française pour le commerce avec les colonies et l’étranger, puis Sociéte française pour le commerce avec l'outre-mer",Société Générale pour le Développement de Casablanca,1,gaston-dreyfus-r
commerceaveccoloniesetranger,fruitieremaroc,"Sociéte française pour le commerce avec les colonies et l’étranger, puis Sociéte française pour le commerce avec l'outre-mer",Cie fruitière du Maroc,1,gaston-dreyfus-r
commerceaveccoloniesetranger,immobilierecasablanca,"Sociéte française pour le commerce avec les colonies et l’étranger, puis Sociéte française pour le commerce avec l'outre-mer",Société Immobilière de Casablanca,1,gaston-dreyfus-r
commerceaveccoloniesetranger,industriellepetrolesmaroc,"Sociéte française pour le commerce avec les colonies et l’étranger, puis Sociéte française pour le commerce avec l'outre-mer",Compagnie Industrielle des Pétroles au Maroc,1,gaston-dreyfus-r
fruitieremaroc,immobilierecasablanca,Cie fruitière du Maroc,Société Immobilière de Casablanca,1,gaston-dreyfus-r
immobilierecasablanca,industriellepetrolesmaroc,Société Immobilière de Casablanca,Compagnie Industrielle des Pétroles au Maroc,1,gaston-dreyfus-r
briqueteriesfedhala,materieltravauxagricoles,Briqueteries de Fedhala,Cie de Matériel et de travaux agricoles,1,prince-ch-murat
briqueteriesfedhala,miroiteriemaroc,Briqueteries de Fedhala,Miroiterie générale du Maroc,1,prince-ch-murat
briqueteriesfedhala,cherifienneengraisproduitschimiques,Briqueteries de Fedhala,Société Chérifienne d'engrais et de produits chimiques,1,prince-d-essling
briqueteriesfedhala,groupemarocainetudeentreprises,Briqueteries de Fedhala,Groupe marocain d'étude et d'entreprises,1,prince-d-essling
briqueteriesfedhala,parisflor,Briqueteries de Fedhala,Paris-Flor,1,prince-d-essling
constructionsmixtesmaroc,socconstructionsmixtesmaroc,Sté de constructions mixtes au Maroc,Soc. de CONSTRUCTIONS MIXTES au MAROC,1,desfosses-a
constructionsmixtesmaroc,minoteriescomptoirsindigenesmaroc,Sté de constructions mixtes au Maroc,Société de Minoteries et comptoirs indigènes au Maroc,1,chalmeton-de-croy-h
entreprisesmarococcidental,internationaledeveloppementtanger,Société d’Entreprises du Maroc Occidental,Société internationale pour le développement de Tanger,1,van-dorsser
entreprisesmarococcidental,porttanger,Société d’Entreprises du Maroc Occidental,Société du Port de Tanger,1,van-dorsser
entreprisesmarococcidental,socporttanger,Société d’Entreprises du Maroc Occidental,Soc. du PORT de TANGER,1,van-dorsser
agencefrance,entreprisesmarococcidental,Agence en France,Société d’Entreprises du Maroc Occidental,1,ruet-p
agencefrance,ergho,Agence en France,Ergho,1,ruet-p
agencefrance,industrielleafriquenordfabricationciresbougies,Agence en France,Société industrielle de l'Afrique du Nord pour la fabrication des cires et bougies,1,ruet-p
agricolecherifienne,entreprisesmarococcidental,Société Agricole chérifienne,Société d’Entreprises du Maroc Occidental,1,ruet-p
agricolecherifienne,industrielleafriquenordfabricationciresbougies,Société Agricole chérifienne,Société industrielle de l'Afrique du Nord pour la fabrication des cires et bougies,1,ruet-p
cherifienne,industrielleafriquenordfabricationciresbougies,Société Générale chérifienne,Société industrielle de l'Afrique du Nord pour la fabrication des cires et bougies,1,ruet-p
entreprisesmarococcidental,ergho,Société d’Entreprises du Maroc Occidental,Ergho,1,ruet-p
entreprisesmarococcidental,industrielleafriquenordfabricationciresbougies,Société d’Entreprises du Maroc Occidental,Société industrielle de l'Afrique du Nord pour la fabrication des cires et bougies,1,ruet-p
ergho,industrielleafriquenordfabricationciresbougies,Ergho,Société industrielle de l'Afrique du Nord pour la fabrication des cires et bougies,1,ruet-p
etudeshautguir,fasielectricite,Sté d'études du Haut-Guir,Compagnie Fasi d'Électricité,1,darcy-h
etudeshautguir,mineraisfermagnetiquemoktaelhadid,Sté d'études du Haut-Guir,Cie des minerais de fer magnétique de Mokta-el-Hadid,1,gafsa
approvisionnement,etudestopographiquesgenieruralmaroc,Société anonyme nouvelle d'approvisionnement,Sté d'études topographiques et de génie rural au Maroc,1,pannetier-g
approvisionnement,maroc,Société anonyme nouvelle d'approvisionnement,Compagnie du Maroc,1,pannetier-g
etudestopographiquesgenieruralmaroc,maroc,Sté d'études topographiques et de génie rural au Maroc,Compagnie du Maroc,1,pannetier-g
energieelectriquemaroc,metallurgiqueminierefrancomarocaine,Énergie électrique du Maroc,Compagnie Métallurgique et minière franco-marocaine,1,rebuffel-c
energieelectriquemaroc,portsmarocainsmehedyakenitrarabatsale,Énergie électrique du Maroc,Société des Ports marocains de Mehedya-Kenitra et Rabat-Salé,1,rebuffel-c
energieelectriquemaroc,portsmarocainsmehedyakenitrasalerabat,Énergie électrique du Maroc,"Société des ports marocains de Méhédya-Kénitra, Salé et Rabat",1,rebuffel-c
entreprisesmaroc,metallurgiqueminierefrancomarocaine,Sté générale d'entreprises au Maroc,Compagnie Métallurgique et minière franco-marocaine,1,rebuffel-c
marocainedistributioneaugazelectricite,marocaineexploitationsagricoles,"Société Marocaine de distribution d'eau, de gaz et d'électricité",Société marocaine d'exploitations agricoles,1,rebuffel-c
marocainedistributioneaugazelectricite,metallurgiqueminierefrancomarocaine,"Société Marocaine de distribution d'eau, de gaz et d'électricité",Compagnie Métallurgique et minière franco-marocaine,1,rebuffel-c
marocainedistributioneaugazelectricite,portsmarocainsmehedyakenitrarabatsale,"Société Marocaine de distribution d'eau, de gaz et d'électricité",Société des Ports marocains de Mehedya-Kenitra et Rabat-Salé,1,rebuffel-c
marocaineexploitationsagricoles,metallurgiqueminierefrancomarocaine,Société marocaine d'exploitations agricoles,Compagnie Métallurgique et minière franco-marocaine,1,rebuffel-c
marocaineexploitationsagricoles,portsmarocainsmehedyakenitrarabatsale,Société marocaine d'exploitations agricoles,Société des Ports marocains de Mehedya-Kenitra et Rabat-Salé,1,rebuffel-c
marocaineexploitationsagricoles,portsmarocainsmehedyakenitrasalerabat,Société marocaine d'exploitations agricoles,"Société des ports marocains de Méhédya-Kénitra, Salé et Rabat",1,rebuffel-c
metallurgiqueminierefrancomarocaine,portsmarocains,Compagnie Métallurgique et minière franco-marocaine,Ports marocains,1,rebuffel-c
metallurgiqueminierefrancomarocaine,portsmarocainsmehedyakenitrarabatsale,Compagnie Métallurgique et minière franco-marocaine,Société des Ports marocains de Mehedya-Kenitra et Rabat-Salé,1,rebuffel-c
metallurgiqueminierefrancomarocaine,portsmarocainsmehedyakenitrasalerabat,Compagnie Métallurgique et minière franco-marocaine,"Société des ports marocains de Méhédya-Kénitra, Salé et Rabat",1,rebuffel-c
metallurgiqueminierefrancomarocaine,portsmarocainsmehedyaportlyautey,Compagnie Métallurgique et minière franco-marocaine,Société des ports marocains de Méhédya-Port-Lyautey et,1,rebuffel-c
entreprisemaritimecommerciale,foncieremarococcidental,L'Entreprise maritime et commerciale,Société Foncière du Maroc Occidental,1,estier-h
entreprisemaritimecommerciale,industriellemarocaine,L'Entreprise maritime et commerciale,Société Industrielle marocaine,1,estier-h
etudescommercemaroc,foncieremarococcidental,Société d'Études et de commerce au Maroc,Société Foncière du Maroc Occidental,1,estier-h
etudescommercemaroc,industriellemarocaine,Société d'Études et de commerce au Maroc,Société Industrielle marocaine,1,estier-h
foncieremarococcidental,manutentionmarocaine,Société Foncière du Maroc Occidental,La Manutention marocaine,1,estier-h
industriellemarocaine,manutentionmarocaine,Société Industrielle marocaine,La Manutention marocaine,1,estier-h
asiatiqueafricaine,culturesindustriellesmaroc,Compagnie Asiatique et africaine,Société de Cultures industrielles au Maroc,1,delpech-j
asiatiqueafricaine,developpementcasablanca,Compagnie Asiatique et africaine,Société Générale pour le Développement de Casablanca,1,delpech-j
asiatiqueafricaine,fermieremarocaineexploitationsagricoles,Compagnie Asiatique et africaine,Compagnie Fermière Marocaine d’Exploitations agricoles,1,delpech-j
asiatiqueafricaine,francocherifienneagricultureindustrieminesdirection,Compagnie Asiatique et africaine,"Cie franco-chérifienne pour l'agriculture, l'industrie et les mines, Direction",1,delpech-j
asiatiqueafricaine,industriellemarocaine,Compagnie Asiatique et africaine,Société Industrielle marocaine,1,delpech-j
banquemaroc,culturesindustriellesmaroc,Banque française du Maroc,Société de Cultures industrielles au Maroc,1,delpech-j
banquemaroc,developpementcasablanca,Banque française du Maroc,Société Générale pour le Développement de Casablanca,1,delpech-j
banquemaroc,fermieremarocaineexploitationsagricoles,Banque française du Maroc,Compagnie Fermière Marocaine d’Exploitations agricoles,1,delpech-j
banquemaroc,foncieremarocaine,Banque française du Maroc,Société Foncière Marocaine,1,delpech-j
banquemaroc,francocherifienneagricultureindustrieminesdirection,Banque française du Maroc,"Cie franco-chérifienne pour l'agriculture, l'industrie et les mines, Direction",1,delpech-j
banquemaroc,industriellemarocaine,Banque française du Maroc,Société Industrielle marocaine,1,delpech-j
culturesindustriellesmaroc,fermieremarocaineexploitationsagricoles,Société de Cultures industrielles au Maroc,Compagnie Fermière Marocaine d’Exploitations agricoles,1,delpech-j
culturesindustriellesmaroc,foncieremarocaine,Société de Cultures industrielles au Maroc,Société Foncière Marocaine,1,delpech-j
culturesindustriellesmaroc,foncieremarococcidental,Société de Cultures industrielles au Maroc,Société Foncière du Maroc Occidental,1,delpech-j
culturesindustriellesmaroc,francocherifienneagricultureindustrieminesdirection,Société de Cultures industrielles au Maroc,"Cie franco-chérifienne pour l'agriculture, l'industrie et les mines, Direction",1,delpech-j
culturesindustriellesmaroc,industriellemarocaine,Société de Cultures industrielles au Maroc,Société Industrielle marocaine,1,delpech-j
culturesindustriellesmaroc,unioncommercialeindochinoiseafricaine,Société de Cultures industrielles au Maroc,L'Union commerciale indochinoise et africaine,1,delpech-j
developpementcasablanca,fermieremarocaineexploitationsagricoles,Société Générale pour le Développement de Casablanca,Compagnie Fermière Marocaine d’Exploitations agricoles,1,delpech-j
developpementcasablanca,foncieremarocaine,Société Générale pour le Développement de Casablanca,Société Foncière Marocaine,1,delpech-j
developpementcasablanca,foncieremarococcidental,Société Générale pour le Développement de Casablanca,Société Foncière du Maroc Occidental,1,delpech-j
developpementcasablanca,francocherifienneagricultureindustrieminesdirection,Société Générale pour le Développement de Casablanca,"Cie franco-chérifienne pour l'agriculture, l'industrie et les mines, Direction",1,delpech-j
developpementcasablanca,industriellemarocaine,Société Générale pour le Développement de Casablanca,Société Industrielle marocaine,1,delpech-j
developpementcasablanca,unioncommercialeindochinoiseafricaine,Société Générale pour le Développement de Casablanca,L'Union commerciale indochinoise et africaine,1,delpech-j
fermieremarocaineexploitationsagricoles,foncieremarocaine,Compagnie Fermière Marocaine d’Exploitations agricoles,Société Foncière Marocaine,1,delpech-j
fermieremarocaineexploitationsagricoles,foncieremarococcidental,Compagnie Fermière Marocaine d’Exploitations agricoles,Société Foncière du Maroc Occidental,1,delpech-j
fermieremarocaineexploitationsagricoles,francocherifienneagricultureindustrieminesdirection,Compagnie Fermière Marocaine d’Exploitations agricoles,"Cie franco-chérifienne pour l'agriculture, l'industrie et les mines, Direction",1,delpech-j
fermieremarocaineexploitationsagricoles,industriellemarocaine,Compagnie Fermière Marocaine d’Exploitations agricoles,Société Industrielle marocaine,1,delpech-j
fermieremarocaineexploitationsagricoles,unioncommercialeindochinoiseafricaine,Compagnie Fermière Marocaine d’Exploitations agricoles,L'Union commerciale indochinoise et africaine,1,delpech-j
foncieremarocaine,francocherifienneagricultureindustrieminesdirection,Société Foncière Marocaine,"Cie franco-chérifienne pour l'agriculture, l'industrie et les mines, Direction",1,delpech-j
foncieremarococcidental,francocherifienneagricultureindustrieminesdirection,Société Foncière du Maroc Occidental,"Cie franco-chérifienne pour l'agriculture, l'industrie et les mines, Direction",1,delpech-j
foncieremarococcidental,unioncommercialeindochinoiseafricaine,Société Foncière du Maroc Occidental,L'Union commerciale indochinoise et africaine,1,delpech-j
francocherifienneagricultureindustrieminesdirection,industriellemarocaine,"Cie franco-chérifienne pour l'agriculture, l'industrie et les mines, Direction",Société Industrielle marocaine,1,delpech-j
francocherifienneagricultureindustrieminesdirection,unioncommercialeindochinoiseafricaine,"Cie franco-chérifienne pour l'agriculture, l'industrie et les mines, Direction",L'Union commerciale indochinoise et africaine,1,delpech-j
industriellemarocaine,unioncommercialeindochinoiseafricaine,Société Industrielle marocaine,L'Union commerciale indochinoise et africaine,1,delpech-j
cherifienneengraisproduitschimiques,industriellemarocaine,Société Chérifienne d'engrais et de produits chimiques,Société Industrielle marocaine,1,forges
etudestravauxnavalsaeronautiques,industriellemarocaine,Société d'études et de travaux navals et aéronautiques,Société Industrielle marocaine,1,forges
industriellemarocaine,metallurgiqueminierefrancomarocaine,Société Industrielle marocaine,Compagnie Métallurgique et minière franco-marocaine,1,acieries-du-nord
cheminsfermaroc,fermieremarocaineexploitationsagricoles,Compagnie des Chemins de fer du Maroc,Compagnie Fermière Marocaine d’Exploitations agricoles,1,lebon-a
cheminsfermaroc,marocaineminesoutat,Compagnie des Chemins de fer du Maroc,Société Marocaine des Mines de l’Outat,1,lebon-a
cheminsfermaroc,minesaouli,Compagnie des Chemins de fer du Maroc,Société des Mines d'Aouli,1,lebon-a
energieelectriquemaroc,fermieremarocaineexploitationsagricoles,Énergie électrique du Maroc,Compagnie Fermière Marocaine d’Exploitations agricoles,1,lebon-a
energieelectriquemaroc,internationaledeveloppementtanger,Énergie électrique du Maroc,Société internationale pour le développement de Tanger,1,lebon-a
energieelectriquemaroc,marocaineminesoutat,Énergie électrique du Maroc,Société Marocaine des Mines de l’Outat,1,lebon-a
energieelectriquemaroc,marocainetravauxpublics,Énergie électrique du Maroc,Société Marocaine de Travaux publics,1,lebon-a
energieelectriquemaroc,minesaouli,Énergie électrique du Maroc,Société des Mines d'Aouli,1,lebon-a
fasielectricite,fermieremarocaineexploitationsagricoles,Compagnie Fasi d'Électricité,Compagnie Fermière Marocaine d’Exploitations agricoles,1,lebon-a
fasielectricite,internationaledeveloppementtanger,Compagnie Fasi d'Électricité,Société internationale pour le développement de Tanger,1,lebon-a
fasielectricite,marocaineminesoutat,Compagnie Fasi d'Électricité,Société Marocaine des Mines de l’Outat,1,lebon-a
fasielectricite,minesaouli,Compagnie Fasi d'Électricité,Société des Mines d'Aouli,1,lebon-a
fasielectricite,miniereafriquenord,Compagnie Fasi d'Électricité,Compagnie Minière de l'Afrique du Nord,1,lebon-a
fermieremarocaineexploitationsagricoles,internationaledeveloppementtanger,Compagnie Fermière Marocaine d’Exploitations agricoles,Société internationale pour le développement de Tanger,1,lebon-a
fermieremarocaineexploitationsagricoles,marocaineminesoutat,Compagnie Fermière Marocaine d’Exploitations agricoles,Société Marocaine des Mines de l’Outat,1,lebon-a
fermieremarocaineexploitationsagricoles,marocainetravauxpublics,Compagnie Fermière Marocaine d’Exploitations agricoles,Société Marocaine de Travaux publics,1,lebon-a
fermieremarocaineexploitationsagricoles,minesaouli,Compagnie Fermière Marocaine d’Exploitations agricoles,Société des Mines d'Aouli,1,lebon-a
fermieremarocaineexploitationsagricoles,miniereafriquenord,Compagnie Fermière Marocaine d’Exploitations agricoles,Compagnie Minière de l'Afrique du Nord,1,lebon-a
internationaledeveloppementtanger,marocaineminesoutat,Société internationale pour le développement de Tanger,Société Marocaine des Mines de l’Outat,1,lebon-a
internationaledeveloppementtanger,marocainetravauxpublics,Société internationale pour le développement de Tanger,Société Marocaine de Travaux publics,1,lebon-a
internationaledeveloppementtanger,minesaouli,Société internationale pour le développement de Tanger,Société des Mines d'Aouli,1,lebon-a
internationaledeveloppementtanger,miniereafriquenord,Société internationale pour le développement de Tanger,Compagnie Minière de l'Afrique du Nord,1,lebon-a
marocaineminesoutat,porttanger,Société Marocaine des Mines de l’Outat,Société du Port de Tanger,1,lebon-a
marocainetravauxpublics,miniereafriquenord,Société Marocaine de Travaux publics,Compagnie Minière de l'Afrique du Nord,1,lebon-a
marocainetravauxpublics,porttanger,Société Marocaine de Travaux publics,Société du Port de Tanger,1,lebon-a
minesaouli,porttanger,Société des Mines d'Aouli,Société du Port de Tanger,1,lebon-a
etablissementsluchaire,internationaledeveloppementtanger,Établissements LUCHAIRE,Société internationale pour le développement de Tanger,1,e-philippar
chaouiamaroc,internationaledeveloppementtanger,Chaouïa et Maroc,Société internationale pour le développement de Tanger,1,harris-w
chaouiamaroc,porttanger,Chaouïa et Maroc,Société du Port de Tanger,1,harris-w
etudes,internationaledeveloppementtanger,"Société d'études, puis Société minière du Haut-Guir",Société internationale pour le développement de Tanger,1,harris-w
etudeshautguir,internationaledeveloppementtanger,Sté d'études du Haut-Guir,Société internationale pour le développement de Tanger,1,harris-w
etudeshautguir,porttanger,Sté d'études du Haut-Guir,Société du Port de Tanger,1,harris-w
abrahamhalmnahon,commercialeagricolemaroc,Abraham Halm Nahon,Commerciale et Agricole du Maroc,1,pichard-g
abrahamhalmnahon,comptoirmetallurgiquemaroc,Abraham Halm Nahon,Comptoir métallurgique du Maroc,1,pichard-g
abrahamhalmnahon,distributioneaugazelectricite,Abraham Halm Nahon,"DISTRIBUTION D'EAU, DE GAZ ET D'ÉLECTRICITÉ",1,pichard-g
abrahamhalmnahon,internationaleetudestravauxmaroc,Abraham Halm Nahon,Société Internationale d'Études et de travaux au Maroc,1,pichard-g
abrahamhalmnahon,marocaineconstructionmetallique,Abraham Halm Nahon,Société Marocaine de Construction métallique,1,pichard-g
abrahamhalmnahon,marocainedistributioneaugazelectricite,Abraham Halm Nahon,"Société Marocaine de distribution d'eau, de gaz et d'électricité",1,pichard-g
commercialeagricolemaroc,comptoirmetallurgiquemaroc,Commerciale et Agricole du Maroc,Comptoir métallurgique du Maroc,1,pichard-g
commercialeagricolemaroc,distributioneaugazelectricite,Commerciale et Agricole du Maroc,"DISTRIBUTION D'EAU, DE GAZ ET D'ÉLECTRICITÉ",1,pichard-g
commercialeagricolemaroc,internationaleetudestravauxmaroc,Commerciale et Agricole du Maroc,Société Internationale d'Études et de travaux au Maroc,1,pichard-g
commercialeagricolemaroc,marocaineconstructionmetallique,Commerciale et Agricole du Maroc,Société Marocaine de Construction métallique,1,pichard-g
commercialeagricolemaroc,marocainedistributioneaugazelectricite,Commerciale et Agricole du Maroc,"Société Marocaine de distribution d'eau, de gaz et d'électricité",1,pichard-g
distributioneaugazelectricite,internationaleetudestravauxmaroc,"DISTRIBUTION D'EAU, DE GAZ ET D'ÉLECTRICITÉ",Société Internationale d'Études et de travaux au Maroc,1,pichard-g
distributioneaugazelectricite,marocaineconstructionmetallique,"DISTRIBUTION D'EAU, DE GAZ ET D'ÉLECTRICITÉ",Société Marocaine de Construction métallique,1,pichard-g
internationaleetudestravauxmaroc,marocaineconstructionmetallique,Société Internationale d'Études et de travaux au Maroc,Société Marocaine de Construction métallique,1,pichard-g
internationaleetudestravauxmaroc,marocainedistributioneaugazelectricite,Société Internationale d'Études et de travaux au Maroc,"Société Marocaine de distribution d'eau, de gaz et d'électricité",1,pichard-g
lyonnaiseetudesmaroc,lyonnaisesebou,Société Lyonnaise d'Études au Maroc,Société Lyonnaise du Sebou,1,isaac-m
lyonnaisesebou,soclyonnaiseetudesmaroc,Société Lyonnaise du Sebou,Soc. lyonnaise d'ÉTUDES AU MAROC,1,isaac-m
lyonnaisesebou,minieremaroc,Société Lyonnaise du Sebou,Compagnie Minière du Maroc,1,bonnardel-j
marocaine,marocaineconstructionmetallique,Compagnie marocaine,Société Marocaine de Construction métallique,1,exbrayat-j
marocaine,socmarocaineconstructionsmetalliques,Compagnie marocaine,Soc. marocaine de CONSTRUCTIONS MÉTALLIQUES,1,exbrayat-j
marocaineconstructionmetallique,minieremzaita,Société Marocaine de Construction métallique,Compagnie minière du M'Zaïta,1,grandet-h
minieremzaita,socmarocaineconstructionsmetalliques,Compagnie minière du M'Zaïta,Soc. marocaine de CONSTRUCTIONS MÉTALLIQUES,1,grandet-h
agricoletadla,bonlogis,Société Agricole du Tadla,Le Bon Logis,1,peltzer-g
agricoletadla,immobilieremedinacasablanca,Société Agricole du Tadla,Société immobilière de la Nouvelle Médina de Casablanca,1,peltzer-g
agricoletadla,minieremaroc,Société Agricole du Tadla,Compagnie Minière du Maroc,1,peltzer-g
bonlogis,immobilieremedinacasablanca,Le Bon Logis,Société immobilière de la Nouvelle Médina de Casablanca,1,peltzer-g
bonlogis,minieremaroc,Le Bon Logis,Compagnie Minière du Maroc,1,peltzer-g
immobilieremedinacasablanca,minieremaroc,Société immobilière de la Nouvelle Médina de Casablanca,Compagnie Minière du Maroc,1,peltzer-g
africaineateliersconstructionschwartzhautmont,nordafricaineetudesminieresindustrielles,Cie africaine des ateliers de construction Schwartz-Hautmont,Société Nord-Africaine d’Études minières et industrielles,1,schwartz-a
domainekorifla,nordafricaineetudesminieresindustrielles,Société an. du domaine de Korifla,Société Nord-Africaine d’Études minières et industrielles,1,cassagnavere-p
omniumtransportsmaroc,portsmarocainsmehedyakenitrasalerabat,Omnium de transports au Maroc,"Société des ports marocains de Méhédya-Kénitra, Salé et Rabat",1,chagnaud-l
francomarocaine,portsmarocainsmehedyakenitrarabatsale,Société Générale Franco-Marocaine,Société des Ports marocains de Mehedya-Kenitra et Rabat-Salé,1,marchal
agronomiquemarocaine,marocaineexploitationsforestieres,Agronomique Marocaine,Société Marocaine d'Exploitations forestières,1,brun-g
elevageagriculturenordmarocain,elevageexploitationagricole,Société d'Élevage et d'agriculture du Nord-Marocain,Cie d'élevage et d'exploitation agricole,1,lallier-du-coudray-a
elevageagriculturenordmarocain,fermieremarocaineexploitationsagricoles,Société d'Élevage et d'agriculture du Nord-Marocain,Compagnie Fermière Marocaine d’Exploitations agricoles,1,lallier-du-coudray-a
elevageagriculturenordmarocain,industrielleentreprisesmarocaines,Société d'Élevage et d'agriculture du Nord-Marocain,Société industrielle d'entreprises marocaines,1,lallier-du-coudray-a
elevageagriculturenordmarocain,nordafricaineelevageexploitationagricole,Société d'Élevage et d'agriculture du Nord-Marocain,Cie nord-africaine d'élevage et d'exploitation agricole,1,lallier-du-coudray-a
elevageexploitationagricole,industrielleentreprisesmarocaines,Cie d'élevage et d'exploitation agricole,Société industrielle d'entreprises marocaines,1,lallier-du-coudray-a
fermieremarocaineexploitationsagricoles,industrielleentreprisesmarocaines,Compagnie Fermière Marocaine d’Exploitations agricoles,Société industrielle d'entreprises marocaines,1,lallier-du-coudray-a
industrielleentreprisesmarocaines,nordafricaineelevageexploitationagricole,Société industrielle d'entreprises marocaines,Cie nord-africaine d'élevage et d'exploitation agricole,1,lallier-du-coudray-a
fermessegmet,sebou,Société des fermes du Segmet,Compagnie du Sebou,1,feray-j
marocagricolecommercial,portfedhala,Le Maroc agricole et commercial,Compagnie du Port de Fedhala,1,thomas
agricoledomainesahel,agricolemaroc,Société agricole du domaine de Sahel,Société Agricole du Maroc,1,piot-m
agricoledomainesahel,agricoleouezzan,Société agricole du domaine de Sahel,Compagnie Agricole d'Ouezzan,1,piot-m
agricoledomainesahel,agricoleouezzanmechrabelksiri,Société agricole du domaine de Sahel,"Cie agricole d'Ouezzan, MECHRA-BEL-KSIRI",1,piot-m
agricoledomainesahel,banquecommercialemaroc,Société agricole du domaine de Sahel,Banque commerciale du Maroc,1,piot-m
agricoledomainesahel,cherifiennecolonisation,Société agricole du domaine de Sahel,Compagnie Chérifienne de colonisation,1,piot-m
agricoledomainesahel,developpementcasablanca,Société agricole du domaine de Sahel,Société Générale pour le Développement de Casablanca,1,piot-m
agricoledomainesahel,entreprisesarboricolesagricolesmaroc,Société agricole du domaine de Sahel,Société d'Entreprises arboricoles et agricoles au Maroc,1,piot-m
agricoledomainesahel,etudesmarocainescommerceagriculturemines,Société agricole du domaine de Sahel,"Société d'Études marocaines pour le commerce, l'agriculture et les mines",1,piot-m
agricoledomainesahel,foncierecasablanca,Société agricole du domaine de Sahel,Société Foncière de Casablanca,1,piot-m
agricoledomainesahel,foncierecasablanca3,Société agricole du domaine de Sahel,Sté foncière de Casablanca 3,1,piot-m
agricoledomainesahel,fruitsprimeursmaroc,Société agricole du domaine de Sahel,Fruits et primeurs du Maroc,1,piot-m
agricoledomainesahel,immobilierecasablanca,Société agricole du domaine de Sahel,Société Immobilière de Casablanca,1,piot-m
agricoledomainesahel,immobilieremedinacasablanca,Société agricole du domaine de Sahel,Société immobilière de la Nouvelle Médina de Casablanca,1,piot-m
agricoledomainesahel,maroccommerceindustrie,Société agricole du domaine de Sahel,Compagnie du Maroc pour le commerce et l'industrie,1,piot-m
agricoledomainesahel,omniumimmobiliermaroc,Société agricole du domaine de Sahel,Omnium immobilier du Maroc,1,piot-m
agricoledomainesahel,omniummarocain,Société agricole du domaine de Sahel,Omnium marocain,1,piot-m
agricoledomainesahel,voyageshotelsnordafricains,Société agricole du domaine de Sahel,Société des voyages et hôtels nord-africains,1,piot-m
agricolemaroc,entreprisesarboricolesagricolesmaroc,Société Agricole du Maroc,Société d'Entreprises arboricoles et agricoles au Maroc,1,piot-m
agricolemaroc,etudesmarocainescommerceagriculturemines,Société Agricole du Maroc,"Société d'Études marocaines pour le commerce, l'agriculture et les mines",1,piot-m
agricolemaroc,foncierecasablanca,Société Agricole du Maroc,Société Foncière de Casablanca,1,piot-m
agricolemaroc,foncierecasablanca3,Société Agricole du Maroc,Sté foncière de Casablanca 3,1,piot-m
agricolemaroc,maroccommerceindustrie,Société Agricole du Maroc,Compagnie du Maroc pour le commerce et l'industrie,1,piot-m
agricolemaroc,omniumimmobiliermaroc,Société Agricole du Maroc,Omnium immobilier du Maroc,1,piot-m
agricolemaroc,voyageshotelsnordafricains,Société Agricole du Maroc,Société des voyages et hôtels nord-africains,1,piot-m
agricoleouezzan,banquecommercialemaroc,Compagnie Agricole d'Ouezzan,Banque commerciale du Maroc,1,piot-m
agricoleouezzan,entreprisesarboricolesagricolesmaroc,Compagnie Agricole d'Ouezzan,Société d'Entreprises arboricoles et agricoles au Maroc,1,piot-m
agricoleouezzan,etudesmarocainescommerceagriculturemines,Compagnie Agricole d'Ouezzan,"Société d'Études marocaines pour le commerce, l'agriculture et les mines",1,piot-m
agricoleouezzan,foncierecasablanca,Compagnie Agricole d'Ouezzan,Société Foncière de Casablanca,1,piot-m
agricoleouezzan,foncierecasablanca3,Compagnie Agricole d'Ouezzan,Sté foncière de Casablanca 3,1,piot-m
agricoleouezzan,maroccommerceindustrie,Compagnie Agricole d'Ouezzan,Compagnie du Maroc pour le commerce et l'industrie,1,piot-m
agricoleouezzan,omniumimmobiliermaroc,Compagnie Agricole d'Ouezzan,Omnium immobilier du Maroc,1,piot-m
agricoleouezzan,omniummarocain,Compagnie Agricole d'Ouezzan,Omnium marocain,1,piot-m
agricoleouezzan,voyageshotelsnordafricains,Compagnie Agricole d'Ouezzan,Société des voyages et hôtels nord-africains,1,piot-m
agricoleouezzanmechrabelksiri,banquecommercialemaroc,"Cie agricole d'Ouezzan, MECHRA-BEL-KSIRI",Banque commerciale du Maroc,1,piot-m
agricoleouezzanmechrabelksiri,entreprisesarboricolesagricolesmaroc,"Cie agricole d'Ouezzan, MECHRA-BEL-KSIRI",Société d'Entreprises arboricoles et agricoles au Maroc,1,piot-m
agricoleouezzanmechrabelksiri,etudesmarocainescommerceagriculturemines,"Cie agricole d'Ouezzan, MECHRA-BEL-KSIRI","Société d'Études marocaines pour le commerce, l'agriculture et les mines",1,piot-m
agricoleouezzanmechrabelksiri,foncierecasablanca,"Cie agricole d'Ouezzan, MECHRA-BEL-KSIRI",Société Foncière de Casablanca,1,piot-m
agricoleouezzanmechrabelksiri,foncierecasablanca3,"Cie agricole d'Ouezzan, MECHRA-BEL-KSIRI",Sté foncière de Casablanca 3,1,piot-m
agricoleouezzanmechrabelksiri,maroccommerceindustrie,"Cie agricole d'Ouezzan, MECHRA-BEL-KSIRI",Compagnie du Maroc pour le commerce et l'industrie,1,piot-m
agricoleouezzanmechrabelksiri,omniumimmobiliermaroc,"Cie agricole d'Ouezzan, MECHRA-BEL-KSIRI",Omnium immobilier du Maroc,1,piot-m
agricoleouezzanmechrabelksiri,omniummarocain,"Cie agricole d'Ouezzan, MECHRA-BEL-KSIRI",Omnium marocain,1,piot-m
agricoleouezzanmechrabelksiri,voyageshotelsnordafricains,"Cie agricole d'Ouezzan, MECHRA-BEL-KSIRI",Société des voyages et hôtels nord-africains,1,piot-m
banquecommercialemaroc,entreprisesarboricolesagricolesmaroc,Banque commerciale du Maroc,Société d'Entreprises arboricoles et agricoles au Maroc,1,piot-m
banquecommercialemaroc,foncierecasablanca,Banque commerciale du Maroc,Société Foncière de Casablanca,1,piot-m
banquecommercialemaroc,foncierecasablanca3,Banque commerciale du Maroc,Sté foncière de Casablanca 3,1,piot-m
banquecommercialemaroc,fruitsprimeursmaroc,Banque commerciale du Maroc,Fruits et primeurs du Maroc,1,piot-m
banquecommercialemaroc,immobilieremedinacasablanca,Banque commerciale du Maroc,Société immobilière de la Nouvelle Médina de Casablanca,1,piot-m
banquecommercialemaroc,maroccommerceindustrie,Banque commerciale du Maroc,Compagnie du Maroc pour le commerce et l'industrie,1,piot-m
banquecommercialemaroc,omniumimmobiliermaroc,Banque commerciale du Maroc,Omnium immobilier du Maroc,1,piot-m
banquecommercialemaroc,omniummarocain,Banque commerciale du Maroc,Omnium marocain,1,piot-m
cherifiennecolonisation,entreprisesarboricolesagricolesmaroc,Compagnie Chérifienne de colonisation,Société d'Entreprises arboricoles et agricoles au Maroc,1,piot-m
cherifiennecolonisation,omniumimmobiliermaroc,Compagnie Chérifienne de colonisation,Omnium immobilier du Maroc,1,piot-m
cherifiennecolonisation,omniummarocain,Compagnie Chérifienne de colonisation,Omnium marocain,1,piot-m
cherifiennecolonisation,voyageshotelsnordafricains,Compagnie Chérifienne de colonisation,Société des voyages et hôtels nord-africains,1,piot-m
developpementcasablanca,entreprisesarboricolesagricolesmaroc,Société Générale pour le Développement de Casablanca,Société d'Entreprises arboricoles et agricoles au Maroc,1,piot-m
developpementcasablanca,maroccommerceindustrie,Société Générale pour le Développement de Casablanca,Compagnie du Maroc pour le commerce et l'industrie,1,piot-m
developpementcasablanca,omniumimmobiliermaroc,Société Générale pour le Développement de Casablanca,Omnium immobilier du Maroc,1,piot-m
developpementcasablanca,omniummarocain,Société Générale pour le Développement de Casablanca,Omnium marocain,1,piot-m
developpementcasablanca,voyageshotelsnordafricains,Société Générale pour le Développement de Casablanca,Société des voyages et hôtels nord-africains,1,piot-m
entreprisesarboricolesagricolesmaroc,etudesmarocainescommerceagriculturemines,Société d'Entreprises arboricoles et agricoles au Maroc,"Société d'Études marocaines pour le commerce, l'agriculture et les mines",1,piot-m
entreprisesarboricolesagricolesmaroc,foncierecasablanca,Société d'Entreprises arboricoles et agricoles au Maroc,Société Foncière de Casablanca,1,piot-m
entreprisesarboricolesagricolesmaroc,foncierecasablanca3,Société d'Entreprises arboricoles et agricoles au Maroc,Sté foncière de Casablanca 3,1,piot-m
entreprisesarboricolesagricolesmaroc,fruitsprimeursmaroc,Société d'Entreprises arboricoles et agricoles au Maroc,Fruits et primeurs du Maroc,1,piot-m
entreprisesarboricolesagricolesmaroc,immobilierecasablanca,Société d'Entreprises arboricoles et agricoles au Maroc,Société Immobilière de Casablanca,1,piot-m
entreprisesarboricolesagricolesmaroc,immobilieremedinacasablanca,Société d'Entreprises arboricoles et agricoles au Maroc,Société immobilière de la Nouvelle Médina de Casablanca,1,piot-m
entreprisesarboricolesagricolesmaroc,maroccommerceindustrie,Société d'Entreprises arboricoles et agricoles au Maroc,Compagnie du Maroc pour le commerce et l'industrie,1,piot-m
entreprisesarboricolesagricolesmaroc,omniumimmobiliermaroc,Société d'Entreprises arboricoles et agricoles au Maroc,Omnium immobilier du Maroc,1,piot-m
entreprisesarboricolesagricolesmaroc,omniummarocain,Société d'Entreprises arboricoles et agricoles au Maroc,Omnium marocain,1,piot-m
entreprisesarboricolesagricolesmaroc,voyageshotelsnordafricains,Société d'Entreprises arboricoles et agricoles au Maroc,Société des voyages et hôtels nord-africains,1,piot-m
etudesmarocainescommerceagriculturemines,foncierecasablanca,"Société d'Études marocaines pour le commerce, l'agriculture et les mines",Société Foncière de Casablanca,1,piot-m
etudesmarocainescommerceagriculturemines,foncierecasablanca3,"Société d'Études marocaines pour le commerce, l'agriculture et les mines",Sté foncière de Casablanca 3,1,piot-m
etudesmarocainescommerceagriculturemines,fruitsprimeursmaroc,"Société d'Études marocaines pour le commerce, l'agriculture et les mines",Fruits et primeurs du Maroc,1,piot-m
etudesmarocainescommerceagriculturemines,immobilieremedinacasablanca,"Société d'Études marocaines pour le commerce, l'agriculture et les mines",Société immobilière de la Nouvelle Médina de Casablanca,1,piot-m
etudesmarocainescommerceagriculturemines,maroccommerceindustrie,"Société d'Études marocaines pour le commerce, l'agriculture et les mines",Compagnie du Maroc pour le commerce et l'industrie,1,piot-m
etudesmarocainescommerceagriculturemines,omniumimmobiliermaroc,"Société d'Études marocaines pour le commerce, l'agriculture et les mines",Omnium immobilier du Maroc,1,piot-m
etudesmarocainescommerceagriculturemines,omniummarocain,"Société d'Études marocaines pour le commerce, l'agriculture et les mines",Omnium marocain,1,piot-m
etudesmarocainescommerceagriculturemines,voyageshotelsnordafricains,"Société d'Études marocaines pour le commerce, l'agriculture et les mines",Société des voyages et hôtels nord-africains,1,piot-m
foncierecasablanca,fruitsprimeursmaroc,Société Foncière de Casablanca,Fruits et primeurs du Maroc,1,piot-m
foncierecasablanca,immobilieremedinacasablanca,Société Foncière de Casablanca,Société immobilière de la Nouvelle Médina de Casablanca,1,piot-m
foncierecasablanca,maroccommerceindustrie,Société Foncière de Casablanca,Compagnie du Maroc pour le commerce et l'industrie,1,piot-m
foncierecasablanca,omniumimmobiliermaroc,Société Foncière de Casablanca,Omnium immobilier du Maroc,1,piot-m
foncierecasablanca,omniummarocain,Société Foncière de Casablanca,Omnium marocain,1,piot-m
foncierecasablanca,voyageshotelsnordafricains,Société Foncière de Casablanca,Société des voyages et hôtels nord-africains,1,piot-m
foncierecasablanca3,fruitsprimeursmaroc,Sté foncière de Casablanca 3,Fruits et primeurs du Maroc,1,piot-m
foncierecasablanca3,immobilieremedinacasablanca,Sté foncière de Casablanca 3,Société immobilière de la Nouvelle Médina de Casablanca,1,piot-m
foncierecasablanca3,maroccommerceindustrie,Sté foncière de Casablanca 3,Compagnie du Maroc pour le commerce et l'industrie,1,piot-m
foncierecasablanca3,omniumimmobiliermaroc,Sté foncière de Casablanca 3,Omnium immobilier du Maroc,1,piot-m
foncierecasablanca3,omniummarocain,Sté foncière de Casablanca 3,Omnium marocain,1,piot-m
foncierecasablanca3,voyageshotelsnordafricains,Sté foncière de Casablanca 3,Société des voyages et hôtels nord-africains,1,piot-m
fruitsprimeursmaroc,maroccommerceindustrie,Fruits et primeurs du Maroc,Compagnie du Maroc pour le commerce et l'industrie,1,piot-m
fruitsprimeursmaroc,omniumimmobiliermaroc,Fruits et primeurs du Maroc,Omnium immobilier du Maroc,1,piot-m
fruitsprimeursmaroc,omniummarocain,Fruits et primeurs du Maroc,Omnium marocain,1,piot-m
fruitsprimeursmaroc,voyageshotelsnordafricains,Fruits et primeurs du Maroc,Société des voyages et hôtels nord-africains,1,piot-m
immobilierecasablanca,omniumimmobiliermaroc,Société Immobilière de Casablanca,Omnium immobilier du Maroc,1,piot-m
immobilierecasablanca,omniummarocain,Société Immobilière de Casablanca,Omnium marocain,1,piot-m
immobilierecasablanca,voyageshotelsnordafricains,Société Immobilière de Casablanca,Société des voyages et hôtels nord-africains,1,piot-m
immobilieremedinacasablanca,maroccommerceindustrie,Société immobilière de la Nouvelle Médina de Casablanca,Compagnie du Maroc pour le commerce et l'industrie,1,piot-m
immobilieremedinacasablanca,omniumimmobiliermaroc,Société immobilière de la Nouvelle Médina de Casablanca,Omnium immobilier du Maroc,1,piot-m
immobilieremedinacasablanca,omniummarocain,Société immobilière de la Nouvelle Médina de Casablanca,Omnium marocain,1,piot-m
immobilieremedinacasablanca,voyageshotelsnordafricains,Société immobilière de la Nouvelle Médina de Casablanca,Société des voyages et hôtels nord-africains,1,piot-m
maroccommerceindustrie,omniumimmobiliermaroc,Compagnie du Maroc pour le commerce et l'industrie,Omnium immobilier du Maroc,1,piot-m
maroccommerceindustrie,omniummarocain,Compagnie du Maroc pour le commerce et l'industrie,Omnium marocain,1,piot-m
maroccommerceindustrie,voyageshotelsnordafricains,Compagnie du Maroc pour le commerce et l'industrie,Société des voyages et hôtels nord-africains,1,piot-m
omniumimmobiliermaroc,omniummarocain,Omnium immobilier du Maroc,Omnium marocain,1,piot-m
omniumimmobiliermaroc,voyageshotelsnordafricains,Omnium immobilier du Maroc,Société des voyages et hôtels nord-africains,1,piot-m
omniummarocain,voyageshotelsnordafricains,Omnium marocain,Société des voyages et hôtels nord-africains,1,piot-m
elevagemeknes,etudesmarocainescommerceagriculturemines,Société d'Élevage de Meknès,"Société d'Études marocaines pour le commerce, l'agriculture et les mines",1,pouyer-j
elevagemeknes,etudesmarocainescommerceiindustriemines,Société d'Élevage de Meknès,"Sté d'études marocaines pour le commerce, I'industrie et les mines",1,pouyer-j
elevagemeknes,rpdomange,Société d'Élevage de Meknès,R.et P DOMANGE,1,pouyer-j
etudesmarocainescommerceagriculturemines,rpdomange,"Société d'Études marocaines pour le commerce, l'agriculture et les mines",R.et P DOMANGE,1,pouyer-j
etudesmarocainescommerceiindustriemines,rpdomange,"Sté d'études marocaines pour le commerce, I'industrie et les mines",R.et P DOMANGE,1,pouyer-j
fermesmarocaines,lyonmaroc,Sté des fermes marocaines,Lyon-Maroc,1,henri-c
fermesmarocainesnantescasablanca,lyonmaroc,"Société des Fermes marocaines, Nantes-Casablanca",Lyon-Maroc,1,henri-c
bordeauxmaroc,cherifiennecolonisation,Bordeaux-Maroc,Compagnie Chérifienne de colonisation,1,bates
fonciereagricolemaroc,maroc,Compagnie Foncière et Agricole du Maroc,Compagnie du Maroc,1,audeoud-e
etudesentreprisesomniummarocain,internationalegrandsmagasins,Société d'études et d'entreprises Omnium marocain,Cie internationale de Grands Magasins,1,bloch-m
internationalegrandsmagasins,omniummarocain,Cie internationale de Grands Magasins,Omnium marocain,1,bloch-m
etudesentreprisesomniummarocain,maritimemaroc,Société d'études et d'entreprises Omnium marocain,Compagnie Maritime du Maroc,1,gompel
internationaleetudestravauxmaroc,maritimemaroc,Société Internationale d'Études et de travaux au Maroc,Compagnie Maritime du Maroc,1,gompel
internationaleetudestravauxmaroc,omniummarocain,Société Internationale d'Études et de travaux au Maroc,Omnium marocain,1,gompel
maritimemaroc,omniummarocain,Compagnie Maritime du Maroc,Omnium marocain,1,gompel
entreprisemaritimecommerciale,moulinsmaghreb,L'Entreprise maritime et commerciale,Société des Moulins du Maghreb,1,fabry-r
entreprisemaritimecommerciale,rharbkhlot,L'Entreprise maritime et commerciale,Rharb et Khlot,1,fabry-r
moulinsmaghreb,rharbkhlot,Société des Moulins du Maghreb,Rharb et Khlot,1,fabry-r
briqueteriescarrieresusineseihank,foncierechaouia,"Briqueteries, carrières et usines d'EI-Hank",Société Foncière de la Chaouïa,1,casati-f
asiatiqueafricaine,entreprisemaritimecommerciale,Compagnie Asiatique et africaine,L'Entreprise maritime et commerciale,1,estier-f
asiatiqueafricaine,etudescommercemaroc,Compagnie Asiatique et africaine,Société d'Études et de commerce au Maroc,1,estier-f
etudescommercemaroc,unioncommercialeindochinoiseafricaine,Société d'Études et de commerce au Maroc,L'Union commerciale indochinoise et africaine,1,estier-f
asiatiqueafricaine,lyonnaisechaouia,Compagnie Asiatique et africaine,Société Lyonnaise de la Chaouia,1,valayer-p
foncieremarocaine,lyonnaisechaouia,Société Foncière Marocaine,Société Lyonnaise de la Chaouia,1,valayer-p
foncieremarococcidental,lyonnaisechaouia,Société Foncière du Maroc Occidental,Société Lyonnaise de la Chaouia,1,valayer-p
francomarocaine,lyonnaiseetudesmaroc,Société Générale Franco-Marocaine,Société Lyonnaise d'Études au Maroc,1,c-jarre
francomarocaine,soclyonnaiseetudesmaroc,Société Générale Franco-Marocaine,Soc. lyonnaise d'ÉTUDES AU MAROC,1,c-jarre
francomarocaineoufrancomarocaine,lyonnaiseetudesmaroc,Société Franco-Marocaine ou Société franco-marocaine,Société Lyonnaise d'Études au Maroc,1,c-jarre
francomarocaineoufrancomarocaine,soclyonnaiseetudesmaroc,Société Franco-Marocaine ou Société franco-marocaine,Soc. lyonnaise d'ÉTUDES AU MAROC,1,c-jarre
developpementcasablanca,etudesentreprisesomniummarocain,Société Générale pour le Développement de Casablanca,Société d'études et d'entreprises Omnium marocain,1,guerard-h
etudesentreprisesomniummarocain,transportstourismemaroc,Société d'études et d'entreprises Omnium marocain,Compagnie Générale de Transports et tourisme au Maroc,1,guerard-h
banqueetatmaroc,habitationsmaroc,Banque d'État du Maroc,Société d'Habitations au Maroc,1,gauran-h
agricultureindustriemarocaines,bonlogis,L’Agriculture et l’Industrie marocaines,Le Bon Logis,1,hornung-j
agricultureindustriemarocaines,cherifiennecolonisation,L’Agriculture et l’Industrie marocaines,Compagnie Chérifienne de colonisation,1,hornung-j
agricultureindustriemarocaines,developpementcasablanca,L’Agriculture et l’Industrie marocaines,Société Générale pour le Développement de Casablanca,1,hornung-j
agricultureindustriemarocaines,foncierecasablanca,L’Agriculture et l’Industrie marocaines,Société Foncière de Casablanca,1,hornung-j
agricultureindustriemarocaines,foncierecasablanca3,L’Agriculture et l’Industrie marocaines,Sté foncière de Casablanca 3,1,hornung-j
agricultureindustriemarocaines,foncieremaroc,L’Agriculture et l’Industrie marocaines,Société Foncière Française au Maroc,1,hornung-j
agricultureindustriemarocaines,immobilierecasablanca,L’Agriculture et l’Industrie marocaines,Société Immobilière de Casablanca,1,hornung-j
bonlogis,cherifiennecolonisation,Le Bon Logis,Compagnie Chérifienne de colonisation,1,hornung-j
bonlogis,developpementcasablanca,Le Bon Logis,Société Générale pour le Développement de Casablanca,1,hornung-j
bonlogis,foncierecasablanca,Le Bon Logis,Société Foncière de Casablanca,1,hornung-j
bonlogis,foncierecasablanca3,Le Bon Logis,Sté foncière de Casablanca 3,1,hornung-j
bonlogis,immobilierecasablanca,Le Bon Logis,Société Immobilière de Casablanca,1,hornung-j
cherifiennecolonisation,foncieremaroc,Compagnie Chérifienne de colonisation,Société Foncière Française au Maroc,1,hornung-j
developpementcasablanca,foncieremaroc,Société Générale pour le Développement de Casablanca,Société Foncière Française au Maroc,1,hornung-j
foncierecasablanca,foncieremaroc,Société Foncière de Casablanca,Société Foncière Française au Maroc,1,hornung-j
foncierecasablanca3,foncieremaroc,Sté foncière de Casablanca 3,Société Foncière Française au Maroc,1,hornung-j
foncieremaroc,immobilierecasablanca,Société Foncière Française au Maroc,Société Immobilière de Casablanca,1,hornung-j
cheminsfermaroc,immobilieremaroc,Compagnie des Chemins de fer du Maroc,Société Immobilière au Maroc,1,choppin-de-janvry-j
agricolecommercialeindustriellemarocaine,briqueteriescarrieresusineseihank,"Compagnie Agricole, Commerciale, Industrielle Marocaine","Briqueteries, carrières et usines d'EI-Hank",1,bardon-h
agricolecommercialeindustriellemarocaine,elevageagriculturenordmarocain,"Compagnie Agricole, Commerciale, Industrielle Marocaine",Société d'Élevage et d'agriculture du Nord-Marocain,1,bardon-h
agricolecommercialeindustriellemarocaine,immobilieremarrakech,"Compagnie Agricole, Commerciale, Industrielle Marocaine",Société immobilière de Marrakech,1,bardon-h
agricolecommercialeindustriellemarocaine,marocaineimmeublesurbains,"Compagnie Agricole, Commerciale, Industrielle Marocaine",Société marocaine des Immeubles urbains,1,bardon-h
briqueteriescarrieresusineseihank,immobilieremarrakech,"Briqueteries, carrières et usines d'EI-Hank",Société immobilière de Marrakech,1,bardon-h
briqueteriescarrieresusineseihank,marocaineimmeublesurbains,"Briqueteries, carrières et usines d'EI-Hank",Société marocaine des Immeubles urbains,1,bardon-h
briqueteriescarrieresusineselhank,immobilieremarrakech,"Briqueteries, carrières et usines d'El-Hank",Société immobilière de Marrakech,1,bardon-h
briqueteriescarrieresusineselhank,marocaineimmeublesurbains,"Briqueteries, carrières et usines d'El-Hank",Société marocaine des Immeubles urbains,1,bardon-h
elevageagriculturenordmarocain,immobilieremarrakech,Société d'Élevage et d'agriculture du Nord-Marocain,Société immobilière de Marrakech,1,bardon-h
elevageagriculturenordmarocain,marocaineimmeublesurbains,Société d'Élevage et d'agriculture du Nord-Marocain,Société marocaine des Immeubles urbains,1,bardon-h
immobilieremarrakech,marocaineimmeublesurbains,Société immobilière de Marrakech,Société marocaine des Immeubles urbains,1,bardon-h
minoteriefrancomarocainesale,naphtesrhrabcentral,Minoterie franco-marocaine de Salé,Sté des naphtes du Rhrab central,1,cohen-d
charbonnierecasablanca,chomel,Compagnie Charbonniere de Casablanca,Chomel et Cie,1,import
charbonnierecasablanca,commercialeagricolemaroc,Compagnie Charbonniere de Casablanca,Commerciale et Agricole du Maroc,1,import
charbonnierecasablanca,leoncegiraud,Compagnie Charbonniere de Casablanca,Léonce Giraud,1,import
charbonnierecasablanca,naphtesrhrabcentral,Compagnie Charbonniere de Casablanca,Sté des naphtes du Rhrab central,1,import
chomel,commercialeagricolemaroc,Chomel et Cie,Commerciale et Agricole du Maroc,1,import
africaineplantesparfum,fruitieremaroc,Cie africaine de plantes à parfum,Cie fruitière du Maroc,1,cahen-d-anvers-c
africaineplantesparfum,marocainebenimtir,Cie africaine de plantes à parfum,Société Marocaine des Beni M'Tir,1,cahen-d-anvers-c
africaineplantesparfum,marocainesiditaibi,Cie africaine de plantes à parfum,Société marocaine de Sidi Taïbi,1,cahen-d-anvers-c
africaineplantesparfum,materieltravauxagricoles,Cie africaine de plantes à parfum,Cie de Matériel et de travaux agricoles,1,cahen-d-anvers-c
africaineplantesparfum,mecaniqueagricolefnovembre1920,Cie africaine de plantes à parfum,"Cie générale de mécanique agricole. — Sté an., f. le novembre 1920",1,cahen-d-anvers-c
fruitieremaroc,mecaniqueagricolefnovembre1920,Cie fruitière du Maroc,"Cie générale de mécanique agricole. — Sté an., f. le novembre 1920",1,cahen-d-anvers-c
marocainebenimtir,mecaniqueagricolefnovembre1920,Société Marocaine des Beni M'Tir,"Cie générale de mécanique agricole. — Sté an., f. le novembre 1920",1,cahen-d-anvers-c
marocainesiditaibi,mecaniqueagricolefnovembre1920,Société marocaine de Sidi Taïbi,"Cie générale de mécanique agricole. — Sté an., f. le novembre 1920",1,cahen-d-anvers-c
materieltravauxagricoles,miniererehamna,Cie de Matériel et de travaux agricoles,Société minière des Rehamna,1,fr-ledoux
mecaniqueagricolefnovembre1920,miniererehamna,"Cie générale de mécanique agricole. — Sté an., f. le novembre 1920",Société minière des Rehamna,1,fr-ledoux
miniererehamna,stearineriemarocaine200,Société minière des Rehamna,Stéarinerie marocaine. — 200,1,fr-ledoux
africainetransports,banqueunionmarocaine,Compagnie Africaine de Transports,Banque de l'union marocaine,1,grand-p
africainetransports,cherifienneorganisationmoderne,Compagnie Africaine de Transports,Société anon. chérifienne d'organisation moderne,1,grand-p
africainetransports,docksagriculture,Compagnie Africaine de Transports,Docks de l'Agriculture,1,grand-p
africainetransports,immobilieresettat,Compagnie Africaine de Transports,Société immobilière de Settat,1,grand-p
agencefrance,banqueunionmarocaine,Agence en France,Banque de l'union marocaine,1,grand-p
agencefrance,cherifienneorganisationmoderne,Agence en France,Société anon. chérifienne d'organisation moderne,1,grand-p
agencefrance,docksagriculture,Agence en France,Docks de l'Agriculture,1,grand-p
agencefrance,immobilieresettat,Agence en France,Société immobilière de Settat,1,grand-p
autohall,banqueunionmarocaine,Auto-Hall,Banque de l'union marocaine,1,grand-p
autohall,cherifienneorganisationmoderne,Auto-Hall,Société anon. chérifienne d'organisation moderne,1,grand-p
autohall,docksagriculture,Auto-Hall,Docks de l'Agriculture,1,grand-p
autohall,immobilieresettat,Auto-Hall,Société immobilière de Settat,1,grand-p
banqueunionmarocaine,cherifienneorganisationmoderne,Banque de l'union marocaine,Société anon. chérifienne d'organisation moderne,1,grand-p
banqueunionmarocaine,docksagriculture,Banque de l'union marocaine,Docks de l'Agriculture,1,grand-p
banqueunionmarocaine,immobilieresettat,Banque de l'union marocaine,Société immobilière de Settat,1,grand-p
banqueunionmarocaine,marocaineautomobiles,Banque de l'union marocaine,Société marocaine d'automobiles,1,grand-p
banqueunionmarocaine,omniumnordafricain,Banque de l'union marocaine,Omnium nord-africain,1,grand-p
banqueunionmarocaine,prospectionetudesminieresmaroc,Banque de l'union marocaine,Société de prospection et d'études minières au Maroc,1,grand-p
banqueunionmarocaine,tifnouttiranimine,Banque de l'union marocaine,Cie de Tifnout-Tiranimine,1,grand-p
banqueunionmarocaine,transportstourismemaroc,Banque de l'union marocaine,Compagnie Générale de Transports et tourisme au Maroc,1,grand-p
cherifienneorganisationmoderne,docksagriculture,Société anon. chérifienne d'organisation moderne,Docks de l'Agriculture,1,grand-p
cherifienneorganisationmoderne,immobilieresettat,Société anon. chérifienne d'organisation moderne,Société immobilière de Settat,1,grand-p
cherifienneorganisationmoderne,marocaineautomobiles,Société anon. chérifienne d'organisation moderne,Société marocaine d'automobiles,1,grand-p
cherifienneorganisationmoderne,omniumnordafricain,Société anon. chérifienne d'organisation moderne,Omnium nord-africain,1,grand-p
cherifienneorganisationmoderne,prospectionetudesminieresmaroc,Société anon. chérifienne d'organisation moderne,Société de prospection et d'études minières au Maroc,1,grand-p
cherifienneorganisationmoderne,tifnouttiranimine,Société anon. chérifienne d'organisation moderne,Cie de Tifnout-Tiranimine,1,grand-p
cherifienneorganisationmoderne,transportstourismemaroc,Société anon. chérifienne d'organisation moderne,Compagnie Générale de Transports et tourisme au Maroc,1,grand-p
docksagriculture,immobilieresettat,Docks de l'Agriculture,Société immobilière de Settat,1,grand-p
docksagriculture,marocaineautomobiles,Docks de l'Agriculture,Société marocaine d'automobiles,1,grand-p
docksagriculture,omniumnordafricain,Docks de l'Agriculture,Omnium nord-africain,1,grand-p
docksagriculture,prospectionetudesminieresmaroc,Docks de l'Agriculture,Société de prospection et d'études minières au Maroc,1,grand-p
docksagriculture,tifnouttiranimine,Docks de l'Agriculture,Cie de Tifnout-Tiranimine,1,grand-p
docksagriculture,transportstourismemaroc,Docks de l'Agriculture,Compagnie Générale de Transports et tourisme au Maroc,1,grand-p
immobilieresettat,marocaineautomobiles,Société immobilière de Settat,Société marocaine d'automobiles,1,grand-p
immobilieresettat,omniumnordafricain,Société immobilière de Settat,Omnium nord-africain,1,grand-p
immobilieresettat,prospectionetudesminieresmaroc,Société immobilière de Settat,Société de prospection et d'études minières au Maroc,1,grand-p
immobilieresettat,tifnouttiranimine,Société immobilière de Settat,Cie de Tifnout-Tiranimine,1,grand-p
immobilieresettat,transportstourismemaroc,Société immobilière de Settat,Compagnie Générale de Transports et tourisme au Maroc,1,grand-p
cherifienneaffichage,docksagriculture,Société Chérifienne d’Affichage,Docks de l'Agriculture,1,rambaud-e
cherifienneaffichage,etshubertdolbeau,Société Chérifienne d’Affichage,Éts Hubert Dolbeau & Cie,1,rambaud-e
docksagriculture,etshubertdolbeau,Docks de l'Agriculture,Éts Hubert Dolbeau & Cie,1,rambaud-e
agricolesoukelarbarharb,etshubertdolbeau,Cie agricole de Souk-el-Arba-du-Rharb,Éts Hubert Dolbeau & Cie,1,charbon-m
asiatiqueafricaine,grandsmoulinsmarocains,Compagnie Asiatique et africaine,Grands Moulins marocains,1,delmas-j
administration,grandsmoulinsmarocains,Administration,Grands Moulins marocains,1,walter-j
administration,nordafricaineplombouedelheimer,Administration,"Société nord-africaine du plomb, OUED-EL-HEIMER",1,walter-j
administration,penarroyamaroc,Administration,Peñarroya-Maroc ),1,walter-j
grandsmoulinsmarocains,mineszellidja,Grands Moulins marocains,SOCIÉTÉ DES MINES DE ZELLIDJA,1,walter-j
grandsmoulinsmarocains,minierezellidja,Grands Moulins marocains,"Société Minière de la Zellidja, puis Mines de Zellidja",1,walter-j
grandsmoulinsmarocains,nordafricaineplombouedelheimer,Grands Moulins marocains,"Société nord-africaine du plomb, OUED-EL-HEIMER",1,walter-j
grandsmoulinsmarocains,penarroyamaroc,Grands Moulins marocains,Peñarroya-Maroc ),1,walter-j
mineszellidja,nordafricaineplombouedelheimer,SOCIÉTÉ DES MINES DE ZELLIDJA,"Société nord-africaine du plomb, OUED-EL-HEIMER",1,walter-j
minierezellidja,nordafricaineplombouedelheimer,"Société Minière de la Zellidja, puis Mines de Zellidja","Société nord-africaine du plomb, OUED-EL-HEIMER",1,walter-j
minierezellidja,penarroyamaroc,"Société Minière de la Zellidja, puis Mines de Zellidja",Peñarroya-Maroc ),1,walter-j
nordafricaineplombouedelheimer,penarroyamaroc,"Société nord-africaine du plomb, OUED-EL-HEIMER",Peñarroya-Maroc ),1,walter-j
etudesimmobilierescommercialesindustriellesafrique,marocimmobilier,"Société d'études immobilières, commerciales et industrielles en Afrique",Maroc Immobilier,1,blondel
marocimmobilier,placementimmobiliermaroc,Maroc Immobilier,Société de placement immobilier au Maroc,1,blondel
colonialeindustriellecommerciale,filaturestissagesmarocains,Cie Coloniale Industrielle et Commerciale,Société des Filatures et tissages marocains,1,croze-h
colonialeindustriellecommerciale,francocherifiennenavigation,Cie Coloniale Industrielle et Commerciale,Cie franco-chérifienne de navigation,1,croze-h
colonialeindustriellecommerciale,geranceimmobiliereagricole,Cie Coloniale Industrielle et Commerciale,Société de gérance immobilière et agricole,1,croze-h
colonialeindustriellecommerciale,immobilieremarrakech,Cie Coloniale Industrielle et Commerciale,Société immobilière de Marrakech,1,croze-h
colonialeindustriellecommerciale,marocimmobilier,Cie Coloniale Industrielle et Commerciale,Maroc Immobilier,1,croze-h
colonialeindustriellecommerciale,moullotmaroc,Cie Coloniale Industrielle et Commerciale,Société Moullot-Maroc,1,croze-h
filaturestissagesmarocains,francocherifiennenavigation,Société des Filatures et tissages marocains,Cie franco-chérifienne de navigation,1,croze-h
filaturestissagesmarocains,geranceimmobiliereagricole,Société des Filatures et tissages marocains,Société de gérance immobilière et agricole,1,croze-h
filaturestissagesmarocains,immobilieremarrakech,Société des Filatures et tissages marocains,Société immobilière de Marrakech,1,croze-h
filaturestissagesmarocains,loirethaentjens,Société des Filatures et tissages marocains,Loiret et Haentjens,1,croze-h
filaturestissagesmarocains,marocimmobilier,Société des Filatures et tissages marocains,Maroc Immobilier,1,croze-h
filaturestissagesmarocains,moullotmaroc,Société des Filatures et tissages marocains,Société Moullot-Maroc,1,croze-h
francocherifiennenavigation,geranceimmobiliereagricole,Cie franco-chérifienne de navigation,Société de gérance immobilière et agricole,1,croze-h
francocherifiennenavigation,immobilieremarrakech,Cie franco-chérifienne de navigation,Société immobilière de Marrakech,1,croze-h
francocherifiennenavigation,loirethaentjens,Cie franco-chérifienne de navigation,Loiret et Haentjens,1,croze-h
francocherifiennenavigation,marocimmobilier,Cie franco-chérifienne de navigation,Maroc Immobilier,1,croze-h
francocherifiennenavigation,moullotmaroc,Cie franco-chérifienne de navigation,Société Moullot-Maroc,1,croze-h
geranceimmobiliereagricole,immobilieremarrakech,Société de gérance immobilière et agricole,Société immobilière de Marrakech,1,croze-h
geranceimmobiliereagricole,loirethaentjens,Société de gérance immobilière et agricole,Loiret et Haentjens,1,croze-h
geranceimmobiliereagricole,marocimmobilier,Société de gérance immobilière et agricole,Maroc Immobilier,1,croze-h
geranceimmobiliereagricole,moullotmaroc,Société de gérance immobilière et agricole,Société Moullot-Maroc,1,croze-h
immobilieremarrakech,loirethaentjens,Société immobilière de Marrakech,Loiret et Haentjens,1,croze-h
immobilieremarrakech,marocimmobilier,Société immobilière de Marrakech,Maroc Immobilier,1,croze-h
immobilieremarrakech,moullotmaroc,Société immobilière de Marrakech,Société Moullot-Maroc,1,croze-h
loirethaentjens,marocimmobilier,Loiret et Haentjens,Maroc Immobilier,1,croze-h
loirethaentjens,moullotmaroc,Loiret et Haentjens,Société Moullot-Maroc,1,croze-h
marocimmobilier,moullotmaroc,Maroc Immobilier,Société Moullot-Maroc,1,croze-h
bordelaisemaroc,bordelaisemarocf,"Compagnie Bordelaise du Maroc, puis Bordelaise de commerce au Maroc","Sté bordelaise du Maroc — Sté an., f",1,buhan-p
constructionslotissementsurbains,industrielleagricolemarrakech,Sté des constructions et lotissements urbains,Société industrielle et agricole de Marrakech,1,toledano-j
constructionslotissementsurbains,oumrebia,Sté des constructions et lotissements urbains,L'Oum Rebia,1,tolila-m
exportationimportationmaroc,industrielleafriquenordfabricationciresbougies,Sté d'exportation et d'importation au Maroc,Société industrielle de l'Afrique du Nord pour la fabrication des cires et bougies,1,baumann-a
exportationimportationmaroc,minesbouarfa,Sté d'exportation et d'importation au Maroc,Société des Mines de Bou-Arfa,1,muller-g
exportationimportationmaroc,fermieremarocaineexploitationsagricolesboitepost,Sté d'exportation et d'importation au Maroc,Cie fermière marocaine d'exploitations agricoles Boîte post,1,zang-p
immobilieremaarif,marocaineagricolejacma,Sté immobilière du Maarif,Société marocaine agricole du Jacma,1,guyot-p
immobilieremaarif,marocimmobilier,Sté immobilière du Maarif,Maroc Immobilier,1,guyot-p
marocaineagricolejacma,marocimmobilier,Société marocaine agricole du Jacma,Maroc Immobilier,1,guyot-p
bergeron,bitumeliquide,Bergeron,« Le Bitume liquide »,1,alluchon-h
bergeron,marocaineapprovisionnementtransportcredit,Bergeron,Sté marocaine d'approvisionnement. de transport et de crédit,1,alluchon-h
bitumeliquide,marocaineapprovisionnementtransportcredit,« Le Bitume liquide »,Sté marocaine d'approvisionnement. de transport et de crédit,1,alluchon-h
brasseriesmaroc,miroiteriemaroc,"Société des Brasseries du Maroc, puis Boissons du Maroc",Miroiterie générale du Maroc,1,bonan-f
brasseriesmaroc,mobiliereimmobilierefrancomarocaine,"Société des Brasseries du Maroc, puis Boissons du Maroc",Société mobilière et immobilière franco-marocaine,1,bonan-f
brasseriesmaroc,parfumerieparisfiorquartieriatffoctobre,"Société des Brasseries du Maroc, puis Boissons du Maroc","Sté de parfumerie Paris-FIor, quartier de Ia T. S. F. — Sté an., f. le octobre",1,bonan-f
brasseriesmaroc,parisflor,"Société des Brasseries du Maroc, puis Boissons du Maroc",Paris-Flor,1,bonan-f
comptoirmaroc,miroiteriemaroc,Comptoir français du Maroc,Miroiterie générale du Maroc,1,bonan-f
comptoirmaroc,mobiliereimmobilierefrancomarocaine,Comptoir français du Maroc,Société mobilière et immobilière franco-marocaine,1,bonan-f
comptoirmaroc,parfumerieparisfiorquartieriatffoctobre,Comptoir français du Maroc,"Sté de parfumerie Paris-FIor, quartier de Ia T. S. F. — Sté an., f. le octobre",1,bonan-f
comptoirmaroc,parisflor,Comptoir français du Maroc,Paris-Flor,1,bonan-f
culturesindustriellesmaroc,miroiteriemaroc,Société de Cultures industrielles au Maroc,Miroiterie générale du Maroc,1,bonan-f
culturesindustriellesmaroc,mobiliereimmobilierefrancomarocaine,Société de Cultures industrielles au Maroc,Société mobilière et immobilière franco-marocaine,1,bonan-f
culturesindustriellesmaroc,parfumerieparisfiorquartieriatffoctobre,Société de Cultures industrielles au Maroc,"Sté de parfumerie Paris-FIor, quartier de Ia T. S. F. — Sté an., f. le octobre",1,bonan-f
culturesindustriellesmaroc,parisflor,Société de Cultures industrielles au Maroc,Paris-Flor,1,bonan-f
fruitieremaroc,miroiteriemaroc,Cie fruitière du Maroc,Miroiterie générale du Maroc,1,bonan-f
fruitieremaroc,mobiliereimmobilierefrancomarocaine,Cie fruitière du Maroc,Société mobilière et immobilière franco-marocaine,1,bonan-f
fruitieremaroc,parfumerieparisfiorquartieriatffoctobre,Cie fruitière du Maroc,"Sté de parfumerie Paris-FIor, quartier de Ia T. S. F. — Sté an., f. le octobre",1,bonan-f
fruitieremaroc,parisflor,Cie fruitière du Maroc,Paris-Flor,1,bonan-f
marocainepiecommerceavecunionfseetranger,miroiteriemaroc,Sté marocaine p. Ie commerce avec l'Union fse et l'étranger,Miroiterie générale du Maroc,1,bonan-f
marocainepiecommerceavecunionfseetranger,mobiliereimmobilierefrancomarocaine,Sté marocaine p. Ie commerce avec l'Union fse et l'étranger,Société mobilière et immobilière franco-marocaine,1,bonan-f
marocainepiecommerceavecunionfseetranger,parfumerieparisfiorquartieriatffoctobre,Sté marocaine p. Ie commerce avec l'Union fse et l'étranger,"Sté de parfumerie Paris-FIor, quartier de Ia T. S. F. — Sté an., f. le octobre",1,bonan-f
marocainepiecommerceavecunionfseetranger,parisflor,Sté marocaine p. Ie commerce avec l'Union fse et l'étranger,Paris-Flor,1,bonan-f
algeromarocainecrins,preservatricemarocaine,Société algéro-marocaine des crins,Préservatrice marocaine,1,georges
algeromarocainecrins,stearineriemarocaine200,Société algéro-marocaine des crins,Stéarinerie marocaine. — 200,1,georges
preservatricemarocaine,stearineriemarocaine200,Préservatrice marocaine,Stéarinerie marocaine. — 200,1,georges
chomel,minoteriesatlas,Chomel et Cie,Société anon. des minoteries de l'Atlas,1,nouveautes
minoteriesatlas,stearineriemarocaine200,Société anon. des minoteries de l'Atlas,Stéarinerie marocaine. — 200,1,nouveautes
industriellecommercialeadoursebou,soclyonnaisesebou,Société industrielle et commerciale Adour-Sebou,Soc. lyonnaise du SEBOU,1,camille
soclyonnaisesebou,stearineriemarocaine200,Soc. lyonnaise du SEBOU,Stéarinerie marocaine. — 200,1,camille
industriellecommercialeadoursebou,madrague,Société industrielle et commerciale Adour-Sebou,« La Madrague »,1,perriquet-e
madrague,stearineriemarocaine200,« La Madrague »,Stéarinerie marocaine. — 200,1,perriquet-e
immobilierebriqueterie,industriellecommercialeadoursebou,Société Immobilière La Briqueterie,Société industrielle et commerciale Adour-Sebou,1,waddington-r
immobilierebriqueterie,stearineriemarocaine200,Société Immobilière La Briqueterie,Stéarinerie marocaine. — 200,1,waddington-r
immobilierekenitra,industriellecommercialeadoursebou,Société Immobilière de Kénitra,Société industrielle et commerciale Adour-Sebou,1,waddington-r
immobilierekenitra,stearineriemarocaine200,Société Immobilière de Kénitra,Stéarinerie marocaine. — 200,1,waddington-r
industriellecommercialeadoursebou,minoteriefrancomarocainesale,Société industrielle et commerciale Adour-Sebou,Minoterie franco-marocaine de Salé,1,menuiserie
minoteriefrancomarocainesale,stearineriemarocaine200,Minoterie franco-marocaine de Salé,Stéarinerie marocaine. — 200,1,menuiserie
afriqueindustriellecommercialeagricole,agricolezemmours,"L'Afrique industrielle, commerciale et agricole",Société agricole des Zemmours,1,construct
afriqueindustriellecommercialeagricole,briqueteriesfedhala,"L'Afrique industrielle, commerciale et agricole",Briqueteries de Fedhala,1,construct
afriqueindustriellecommercialeagricole,commercialeagricolemaroc,"L'Afrique industrielle, commerciale et agricole",Commerciale et Agricole du Maroc,1,construct
afriqueindustriellecommercialeagricole,leoncegiraud,"L'Afrique industrielle, commerciale et agricole",Léonce Giraud,1,construct
afriqueindustriellecommercialeagricole,transportsmazeres,"L'Afrique industrielle, commerciale et agricole",Transports Mazères,1,construct
afriqueindustriellecommercialeagricole,vulcanisationmoderne,"L'Afrique industrielle, commerciale et agricole",Vulcanisation moderne,1,construct
agricolezemmours,briqueteriesfedhala,Société agricole des Zemmours,Briqueteries de Fedhala,1,construct
agricolezemmours,commercialeagricolemaroc,Société agricole des Zemmours,Commerciale et Agricole du Maroc,1,construct
agricolezemmours,leoncegiraud,Société agricole des Zemmours,Léonce Giraud,1,construct
agricolezemmours,transportsmazeres,Société agricole des Zemmours,Transports Mazères,1,construct
agricolezemmours,vulcanisationmoderne,Société agricole des Zemmours,Vulcanisation moderne,1,construct
briqueteriesfedhala,commercialeagricolemaroc,Briqueteries de Fedhala,Commerciale et Agricole du Maroc,1,construct
briqueteriesfedhala,leoncegiraud,Briqueteries de Fedhala,Léonce Giraud,1,construct
commercialeagricolemaroc,vulcanisationmoderne,Commerciale et Agricole du Maroc,Vulcanisation moderne,1,construct
leoncegiraud,transportsmazeres,Léonce Giraud,Transports Mazères,1,construct
leoncegiraud,vulcanisationmoderne,Léonce Giraud,Vulcanisation moderne,1,construct
commercialeagricolemaroc,industriellecommercialeadoursebou,Commerciale et Agricole du Maroc,Société industrielle et commerciale Adour-Sebou,1,minoterie
commercialeagricolemaroc,minoterieatlasboujab,Commerciale et Agricole du Maroc,"Minoterie de l'Atlas à Boujab, puis Société nouvelle des minoteries de l'Atlas",1,minoterie
industriellecommercialeadoursebou,leoncegiraud,Société industrielle et commerciale Adour-Sebou,Léonce Giraud,1,minoterie
industriellecommercialeadoursebou,minoterieatlasboujab,Société industrielle et commerciale Adour-Sebou,"Minoterie de l'Atlas à Boujab, puis Société nouvelle des minoteries de l'Atlas",1,minoterie
leoncegiraud,minoterieatlasboujab,Léonce Giraud,"Minoterie de l'Atlas à Boujab, puis Société nouvelle des minoteries de l'Atlas",1,minoterie
leoncegiraud,unionindustrcommerciale,Léonce Giraud,Union industr. et commerciale,1,benichou-h
afriqueindustriellecommercialeagricole,agricolesoukelarbarharb,"L'Afrique industrielle, commerciale et agricole",Cie agricole de Souk-el-Arba-du-Rharb,1,durand-a
afriqueindustriellecommercialeagricole,foncieremarocainemessara,"L'Afrique industrielle, commerciale et agricole",Société Foncière Marocaine Messara,1,durand-a
agricolesoukelarbarharb,foncieremarocainemessara,Cie agricole de Souk-el-Arba-du-Rharb,Société Foncière Marocaine Messara,1,durand-a
balima,bonlogis,Société Balima,Le Bon Logis,1,croizau-g
agricolezemmours,commercialeimmobilieremaroc,Société agricole des Zemmours,Société Commerciale et Immobilière au Maroc,1,saucaz-p
agricolezemmours,tuileriesbriqueteriesmarrakech,Société agricole des Zemmours,Tuileries et briqueteries de Marrakech,1,saucaz-p
commercialeimmobilieremaroc,tuileriesbriqueteriesmarrakech,Société Commerciale et Immobilière au Maroc,Tuileries et briqueteries de Marrakech,1,saucaz-p
commercialeimmobilieremaroc,creditmarocain,Société Commerciale et Immobilière au Maroc,Crédit marocain,1,cavroy-j
commercialeimmobilieremaroc,marocaineechanges,Société Commerciale et Immobilière au Maroc,Société marocaine d'échanges,1,cavroy-j
marocaineainsikh,marocaineechanges,Societe marocaine d Aïn-Sikh,Société marocaine d'échanges,1,cavroy-j
commercialeimmobilieremaroc,liegesindustrialisesmaroc,Société Commerciale et Immobilière au Maroc,Société des lièges industrialisés du Maroc,1,aciers
domainesnordmarocain,minoteriefrancomarocainesale,Domaines du Nord-Marocain,Minoterie franco-marocaine de Salé,1,jacquet-a
chomel,minoteriefrancomarocainesale,Chomel et Cie,Minoterie franco-marocaine de Salé,1,materiaux-de-construction
etablbozzibaudin,minoteriefrancomarocainesale,Établ. Bozzi et Baudin,Minoterie franco-marocaine de Salé,1,bois
frsenordmarocain,minoteriefrancomarocainesale,Cie frse du NORD-MAROCAIN,Minoterie franco-marocaine de Salé,1,oudjda
agricoletadla,comptoirsfrancomarocains,Société Agricole du Tadla,Comptoirs franco-marocains,1,van-den-ven-p
agricoletadla,maroccommerceindustrie,Société Agricole du Tadla,Compagnie du Maroc pour le commerce et l'industrie,1,van-den-ven-p
agricoletadla,minesaouli,Société Agricole du Tadla,Société des Mines d'Aouli,1,van-den-ven-p
agricoletadla,mineserdouz,Société Agricole du Tadla,Société des Mines de l'Erdouz,1,van-den-ven-p
agricoletadla,miniereafriquenord,Société Agricole du Tadla,Compagnie Minière de l'Afrique du Nord,1,van-den-ven-p
cherifiennecolonisation,minesaouli,Compagnie Chérifienne de colonisation,Société des Mines d'Aouli,1,van-den-ven-p
cherifiennecolonisation,mineserdouz,Compagnie Chérifienne de colonisation,Société des Mines de l'Erdouz,1,van-den-ven-p
cherifiennecolonisation,miniereafriquenord,Compagnie Chérifienne de colonisation,Compagnie Minière de l'Afrique du Nord,1,van-den-ven-p
comptoirsfrancomarocains,immobilierecasablanca,Comptoirs franco-marocains,Société Immobilière de Casablanca,1,van-den-ven-p
comptoirsfrancomarocains,minesaouli,Comptoirs franco-marocains,Société des Mines d'Aouli,1,van-den-ven-p
comptoirsfrancomarocains,mineserdouz,Comptoirs franco-marocains,Société des Mines de l'Erdouz,1,van-den-ven-p
comptoirsfrancomarocains,miniereafriquenord,Comptoirs franco-marocains,Compagnie Minière de l'Afrique du Nord,1,van-den-ven-p
immobilierecasablanca,minesaouli,Société Immobilière de Casablanca,Société des Mines d'Aouli,1,van-den-ven-p
immobilierecasablanca,mineserdouz,Société Immobilière de Casablanca,Société des Mines de l'Erdouz,1,van-den-ven-p
immobilierecasablanca,miniereafriquenord,Société Immobilière de Casablanca,Compagnie Minière de l'Afrique du Nord,1,van-den-ven-p
maroccommerceindustrie,mineserdouz,Compagnie du Maroc pour le commerce et l'industrie,Société des Mines de l'Erdouz,1,van-den-ven-p
mineserdouz,miniereafriquenord,Société des Mines de l'Erdouz,Compagnie Minière de l'Afrique du Nord,1,van-den-ven-p
marocaineminesoutat,maroccommerceindustrie,Société Marocaine des Mines de l’Outat,Compagnie du Maroc pour le commerce et l'industrie,1,sluys-m
cheminsfermaroc,socporttanger,Compagnie des Chemins de fer du Maroc,Soc. du PORT de TANGER,1,courcelle-j
energieelectriquemaroc,socporttanger,Énergie électrique du Maroc,Soc. du PORT de TANGER,1,courcelle-j
marocaine,sucrieremarocaine,Compagnie marocaine,Compagnie Sucrière Marocaine,1,courcelle-j
socporttanger,sucrieremarocaine,Soc. du PORT de TANGER,Compagnie Sucrière Marocaine,1,courcelle-j
agricoledoukkala,bordelaisemaroc,Société Agricole des Doukkala,"Compagnie Bordelaise du Maroc, puis Bordelaise de commerce au Maroc",1,gradis-g
agricoledoukkala,brasseriesmaroc,Société Agricole des Doukkala,"Société des Brasseries du Maroc, puis Boissons du Maroc",1,gradis-g
agricoledoukkala,brasseriesnordmarocain,Société Agricole des Doukkala,Société des Brasseries du Nord-Marocain,1,gradis-g
agricoledoukkala,cherifienneengraisproduitschimiques,Société Agricole des Doukkala,Société Chérifienne d'engrais et de produits chimiques,1,gradis-g
agricoledoukkala,comptoirmaroc,Société Agricole des Doukkala,Comptoir français du Maroc,1,gradis-g
agricoledoukkala,conservesmaroc,Société Agricole des Doukkala,« Les Conserves du Maroc »,1,gradis-g
agricoledoukkala,creditmarocain,Société Agricole des Doukkala,Crédit marocain,1,gradis-g
agricoledoukkala,groupemarocainetudeentreprises,Société Agricole des Doukkala,Groupe marocain d'étude et d'entreprises,1,gradis-g
agricoledoukkala,groupemarocainetudesentreprises,Société Agricole des Doukkala,Groupe marocain d'études et d'entreprises,1,gradis-g
agricoledoukkala,marocaineainsikh,Société Agricole des Doukkala,Societe marocaine d Aïn-Sikh,1,gradis-g
agricoledoukkala,marocainebeniahsen,Société Agricole des Doukkala,Société marocaine des Béni Ahsen,1,gradis-g
agricoledoukkala,marocainebenimtir,Société Agricole des Doukkala,Société Marocaine des Beni M'Tir,1,gradis-g
agricoledoukkala,marocainepiecommerceavecunionfseetranger,Société Agricole des Doukkala,Sté marocaine p. Ie commerce avec l'Union fse et l'étranger,1,gradis-g
agricoledoukkala,marocaineterrescultures,Société Agricole des Doukkala,Société marocaine de Terres et cultures,1,gradis-g
agricoledoukkala,materieltravauxagricoles,Société Agricole des Doukkala,Cie de Matériel et de travaux agricoles,1,gradis-g
agricoledoukkala,nordafricaineetudesminieresindustrielles,Société Agricole des Doukkala,Société Nord-Africaine d’Études minières et industrielles,1,gradis-g
agricoledoukkala,transportsmazeres,Société Agricole des Doukkala,Transports Mazères,1,gradis-g
agricoledoukkala,vulcanisationmoderne,Société Agricole des Doukkala,Vulcanisation moderne,1,gradis-g
bordelaisemaroc,brasseriesmaroc,"Compagnie Bordelaise du Maroc, puis Bordelaise de commerce au Maroc","Société des Brasseries du Maroc, puis Boissons du Maroc",1,gradis-g
bordelaisemaroc,brasseriesnordmarocain,"Compagnie Bordelaise du Maroc, puis Bordelaise de commerce au Maroc",Société des Brasseries du Nord-Marocain,1,gradis-g
bordelaisemaroc,cherifienneengraisproduitschimiques,"Compagnie Bordelaise du Maroc, puis Bordelaise de commerce au Maroc",Société Chérifienne d'engrais et de produits chimiques,1,gradis-g
bordelaisemaroc,comptoirmaroc,"Compagnie Bordelaise du Maroc, puis Bordelaise de commerce au Maroc",Comptoir français du Maroc,1,gradis-g
bordelaisemaroc,creditmarocain,"Compagnie Bordelaise du Maroc, puis Bordelaise de commerce au Maroc",Crédit marocain,1,gradis-g
bordelaisemaroc,culturesindustriellesmaroc,"Compagnie Bordelaise du Maroc, puis Bordelaise de commerce au Maroc",Société de Cultures industrielles au Maroc,1,gradis-g
bordelaisemaroc,fruitieremaroc,"Compagnie Bordelaise du Maroc, puis Bordelaise de commerce au Maroc",Cie fruitière du Maroc,1,gradis-g
bordelaisemaroc,groupemarocainetudeentreprises,"Compagnie Bordelaise du Maroc, puis Bordelaise de commerce au Maroc",Groupe marocain d'étude et d'entreprises,1,gradis-g
bordelaisemaroc,groupemarocainetudesentreprises,"Compagnie Bordelaise du Maroc, puis Bordelaise de commerce au Maroc",Groupe marocain d'études et d'entreprises,1,gradis-g
bordelaisemaroc,marocaineainsikh,"Compagnie Bordelaise du Maroc, puis Bordelaise de commerce au Maroc",Societe marocaine d Aïn-Sikh,1,gradis-g
bordelaisemaroc,marocainebeniahsen,"Compagnie Bordelaise du Maroc, puis Bordelaise de commerce au Maroc",Société marocaine des Béni Ahsen,1,gradis-g
bordelaisemaroc,marocainebenimtir,"Compagnie Bordelaise du Maroc, puis Bordelaise de commerce au Maroc",Société Marocaine des Beni M'Tir,1,gradis-g
bordelaisemaroc,marocainepiecommerceavecunionfseetranger,"Compagnie Bordelaise du Maroc, puis Bordelaise de commerce au Maroc",Sté marocaine p. Ie commerce avec l'Union fse et l'étranger,1,gradis-g
bordelaisemaroc,marocainesiditaibi,"Compagnie Bordelaise du Maroc, puis Bordelaise de commerce au Maroc",Société marocaine de Sidi Taïbi,1,gradis-g
bordelaisemaroc,marocaineterrescultures,"Compagnie Bordelaise du Maroc, puis Bordelaise de commerce au Maroc",Société marocaine de Terres et cultures,1,gradis-g
bordelaisemaroc,materieltravauxagricoles,"Compagnie Bordelaise du Maroc, puis Bordelaise de commerce au Maroc",Cie de Matériel et de travaux agricoles,1,gradis-g
bordelaisemaroc,nordafricaineetudesminieresindustrielles,"Compagnie Bordelaise du Maroc, puis Bordelaise de commerce au Maroc",Société Nord-Africaine d’Études minières et industrielles,1,gradis-g
bordelaisemaroc,transportsmazeres,"Compagnie Bordelaise du Maroc, puis Bordelaise de commerce au Maroc",Transports Mazères,1,gradis-g
bordelaisemaroc,vulcanisationmoderne,"Compagnie Bordelaise du Maroc, puis Bordelaise de commerce au Maroc",Vulcanisation moderne,1,gradis-g
brasseriesmaroc,conservesmaroc,"Société des Brasseries du Maroc, puis Boissons du Maroc",« Les Conserves du Maroc »,1,gradis-g
brasseriesmaroc,groupemarocainetudeentreprises,"Société des Brasseries du Maroc, puis Boissons du Maroc",Groupe marocain d'étude et d'entreprises,1,gradis-g
brasseriesmaroc,groupemarocainetudesentreprises,"Société des Brasseries du Maroc, puis Boissons du Maroc",Groupe marocain d'études et d'entreprises,1,gradis-g
brasseriesmaroc,marocainebeniahsen,"Société des Brasseries du Maroc, puis Boissons du Maroc",Société marocaine des Béni Ahsen,1,gradis-g
brasseriesmaroc,marocainebenimtir,"Société des Brasseries du Maroc, puis Boissons du Maroc",Société Marocaine des Beni M'Tir,1,gradis-g
brasseriesmaroc,marocainesiditaibi,"Société des Brasseries du Maroc, puis Boissons du Maroc",Société marocaine de Sidi Taïbi,1,gradis-g
brasseriesmaroc,marocaineterrescultures,"Société des Brasseries du Maroc, puis Boissons du Maroc",Société marocaine de Terres et cultures,1,gradis-g
brasseriesmaroc,materieltravauxagricoles,"Société des Brasseries du Maroc, puis Boissons du Maroc",Cie de Matériel et de travaux agricoles,1,gradis-g
brasseriesmaroc,nordafricaineetudesminieresindustrielles,"Société des Brasseries du Maroc, puis Boissons du Maroc",Société Nord-Africaine d’Études minières et industrielles,1,gradis-g
brasseriesmaroc,transportsmazeres,"Société des Brasseries du Maroc, puis Boissons du Maroc",Transports Mazères,1,gradis-g
brasseriesmaroc,vulcanisationmoderne,"Société des Brasseries du Maroc, puis Boissons du Maroc",Vulcanisation moderne,1,gradis-g
brasseriesnordmarocain,conservesmaroc,Société des Brasseries du Nord-Marocain,« Les Conserves du Maroc »,1,gradis-g
brasseriesnordmarocain,groupemarocainetudeentreprises,Société des Brasseries du Nord-Marocain,Groupe marocain d'étude et d'entreprises,1,gradis-g
brasseriesnordmarocain,groupemarocainetudesentreprises,Société des Brasseries du Nord-Marocain,Groupe marocain d'études et d'entreprises,1,gradis-g
brasseriesnordmarocain,marocaineainsikh,Société des Brasseries du Nord-Marocain,Societe marocaine d Aïn-Sikh,1,gradis-g
brasseriesnordmarocain,marocainebeniahsen,Société des Brasseries du Nord-Marocain,Société marocaine des Béni Ahsen,1,gradis-g
brasseriesnordmarocain,marocainebenimtir,Société des Brasseries du Nord-Marocain,Société Marocaine des Beni M'Tir,1,gradis-g
brasseriesnordmarocain,marocainepiecommerceavecunionfseetranger,Société des Brasseries du Nord-Marocain,Sté marocaine p. Ie commerce avec l'Union fse et l'étranger,1,gradis-g
brasseriesnordmarocain,marocainesiditaibi,Société des Brasseries du Nord-Marocain,Société marocaine de Sidi Taïbi,1,gradis-g
brasseriesnordmarocain,marocaineterrescultures,Société des Brasseries du Nord-Marocain,Société marocaine de Terres et cultures,1,gradis-g
brasseriesnordmarocain,materieltravauxagricoles,Société des Brasseries du Nord-Marocain,Cie de Matériel et de travaux agricoles,1,gradis-g
brasseriesnordmarocain,nordafricaineetudesminieresindustrielles,Société des Brasseries du Nord-Marocain,Société Nord-Africaine d’Études minières et industrielles,1,gradis-g
brasseriesnordmarocain,transportsmazeres,Société des Brasseries du Nord-Marocain,Transports Mazères,1,gradis-g
brasseriesnordmarocain,vulcanisationmoderne,Société des Brasseries du Nord-Marocain,Vulcanisation moderne,1,gradis-g
cherifienneengraisproduitschimiques,comptoirmaroc,Société Chérifienne d'engrais et de produits chimiques,Comptoir français du Maroc,1,gradis-g
cherifienneengraisproduitschimiques,culturesindustriellesmaroc,Société Chérifienne d'engrais et de produits chimiques,Société de Cultures industrielles au Maroc,1,gradis-g
cherifienneengraisproduitschimiques,marocainebeniahsen,Société Chérifienne d'engrais et de produits chimiques,Société marocaine des Béni Ahsen,1,gradis-g
cherifienneengraisproduitschimiques,marocainepiecommerceavecunionfseetranger,Société Chérifienne d'engrais et de produits chimiques,Sté marocaine p. Ie commerce avec l'Union fse et l'étranger,1,gradis-g
cherifienneengraisproduitschimiques,nordafricaineetudesminieresindustrielles,Société Chérifienne d'engrais et de produits chimiques,Société Nord-Africaine d’Études minières et industrielles,1,gradis-g
cherifienneengraisproduitschimiques,transportsmazeres,Société Chérifienne d'engrais et de produits chimiques,Transports Mazères,1,gradis-g
cherifienneengraisproduitschimiques,vulcanisationmoderne,Société Chérifienne d'engrais et de produits chimiques,Vulcanisation moderne,1,gradis-g
comptoirmaroc,conservesmaroc,Comptoir français du Maroc,« Les Conserves du Maroc »,1,gradis-g
comptoirmaroc,creditmarocain,Comptoir français du Maroc,Crédit marocain,1,gradis-g
comptoirmaroc,groupemarocainetudeentreprises,Comptoir français du Maroc,Groupe marocain d'étude et d'entreprises,1,gradis-g
comptoirmaroc,groupemarocainetudesentreprises,Comptoir français du Maroc,Groupe marocain d'études et d'entreprises,1,gradis-g
comptoirmaroc,marocainebeniahsen,Comptoir français du Maroc,Société marocaine des Béni Ahsen,1,gradis-g
comptoirmaroc,marocainebenimtir,Comptoir français du Maroc,Société Marocaine des Beni M'Tir,1,gradis-g
comptoirmaroc,marocainesiditaibi,Comptoir français du Maroc,Société marocaine de Sidi Taïbi,1,gradis-g
comptoirmaroc,marocaineterrescultures,Comptoir français du Maroc,Société marocaine de Terres et cultures,1,gradis-g
comptoirmaroc,nordafricaineetudesminieresindustrielles,Comptoir français du Maroc,Société Nord-Africaine d’Études minières et industrielles,1,gradis-g
comptoirmaroc,transportsmazeres,Comptoir français du Maroc,Transports Mazères,1,gradis-g
comptoirmaroc,vulcanisationmoderne,Comptoir français du Maroc,Vulcanisation moderne,1,gradis-g
conservesmaroc,creditmarocain,« Les Conserves du Maroc »,Crédit marocain,1,gradis-g
conservesmaroc,culturesindustriellesmaroc,« Les Conserves du Maroc »,Société de Cultures industrielles au Maroc,1,gradis-g
conservesmaroc,groupemarocainetudeentreprises,« Les Conserves du Maroc »,Groupe marocain d'étude et d'entreprises,1,gradis-g
conservesmaroc,groupemarocainetudesentreprises,« Les Conserves du Maroc »,Groupe marocain d'études et d'entreprises,1,gradis-g
conservesmaroc,marocainebeniahsen,« Les Conserves du Maroc »,Société marocaine des Béni Ahsen,1,gradis-g
conservesmaroc,marocainepiecommerceavecunionfseetranger,« Les Conserves du Maroc »,Sté marocaine p. Ie commerce avec l'Union fse et l'étranger,1,gradis-g
conservesmaroc,nordafricaineetudesminieresindustrielles,« Les Conserves du Maroc »,Société Nord-Africaine d’Études minières et industrielles,1,gradis-g
conservesmaroc,transportsmazeres,« Les Conserves du Maroc »,Transports Mazères,1,gradis-g
conservesmaroc,vulcanisationmoderne,« Les Conserves du Maroc »,Vulcanisation moderne,1,gradis-g
creditmarocain,culturesindustriellesmaroc,Crédit marocain,Société de Cultures industrielles au Maroc,1,gradis-g
creditmarocain,fruitieremaroc,Crédit marocain,Cie fruitière du Maroc,1,gradis-g
creditmarocain,groupemarocainetudeentreprises,Crédit marocain,Groupe marocain d'étude et d'entreprises,1,gradis-g
creditmarocain,groupemarocainetudesentreprises,Crédit marocain,Groupe marocain d'études et d'entreprises,1,gradis-g
creditmarocain,marocainebeniahsen,Crédit marocain,Société marocaine des Béni Ahsen,1,gradis-g
creditmarocain,marocainebenimtir,Crédit marocain,Société Marocaine des Beni M'Tir,1,gradis-g
creditmarocain,marocainepiecommerceavecunionfseetranger,Crédit marocain,Sté marocaine p. Ie commerce avec l'Union fse et l'étranger,1,gradis-g
creditmarocain,marocainesiditaibi,Crédit marocain,Société marocaine de Sidi Taïbi,1,gradis-g
creditmarocain,marocaineterrescultures,Crédit marocain,Société marocaine de Terres et cultures,1,gradis-g
creditmarocain,materieltravauxagricoles,Crédit marocain,Cie de Matériel et de travaux agricoles,1,gradis-g
creditmarocain,nordafricaineetudesminieresindustrielles,Crédit marocain,Société Nord-Africaine d’Études minières et industrielles,1,gradis-g
creditmarocain,transportsmazeres,Crédit marocain,Transports Mazères,1,gradis-g
creditmarocain,vulcanisationmoderne,Crédit marocain,Vulcanisation moderne,1,gradis-g
culturesindustriellesmaroc,groupemarocainetudeentreprises,Société de Cultures industrielles au Maroc,Groupe marocain d'étude et d'entreprises,1,gradis-g
culturesindustriellesmaroc,groupemarocainetudesentreprises,Société de Cultures industrielles au Maroc,Groupe marocain d'études et d'entreprises,1,gradis-g
culturesindustriellesmaroc,marocaineainsikh,Société de Cultures industrielles au Maroc,Societe marocaine d Aïn-Sikh,1,gradis-g
culturesindustriellesmaroc,marocainebeniahsen,Société de Cultures industrielles au Maroc,Société marocaine des Béni Ahsen,1,gradis-g
culturesindustriellesmaroc,marocainebenimtir,Société de Cultures industrielles au Maroc,Société Marocaine des Beni M'Tir,1,gradis-g
culturesindustriellesmaroc,marocaineterrescultures,Société de Cultures industrielles au Maroc,Société marocaine de Terres et cultures,1,gradis-g
culturesindustriellesmaroc,materieltravauxagricoles,Société de Cultures industrielles au Maroc,Cie de Matériel et de travaux agricoles,1,gradis-g
culturesindustriellesmaroc,nordafricaineetudesminieresindustrielles,Société de Cultures industrielles au Maroc,Société Nord-Africaine d’Études minières et industrielles,1,gradis-g
culturesindustriellesmaroc,transportsmazeres,Société de Cultures industrielles au Maroc,Transports Mazères,1,gradis-g
culturesindustriellesmaroc,vulcanisationmoderne,Société de Cultures industrielles au Maroc,Vulcanisation moderne,1,gradis-g
fruitieremaroc,groupemarocainetudeentreprises,Cie fruitière du Maroc,Groupe marocain d'étude et d'entreprises,1,gradis-g
fruitieremaroc,groupemarocainetudesentreprises,Cie fruitière du Maroc,Groupe marocain d'études et d'entreprises,1,gradis-g
fruitieremaroc,marocainebeniahsen,Cie fruitière du Maroc,Société marocaine des Béni Ahsen,1,gradis-g
fruitieremaroc,nordafricaineetudesminieresindustrielles,Cie fruitière du Maroc,Société Nord-Africaine d’Études minières et industrielles,1,gradis-g
fruitieremaroc,transportsmazeres,Cie fruitière du Maroc,Transports Mazères,1,gradis-g
fruitieremaroc,vulcanisationmoderne,Cie fruitière du Maroc,Vulcanisation moderne,1,gradis-g
groupemarocainetudeentreprises,marocaineainsikh,Groupe marocain d'étude et d'entreprises,Societe marocaine d Aïn-Sikh,1,gradis-g
groupemarocainetudeentreprises,marocainebeniahsen,Groupe marocain d'étude et d'entreprises,Société marocaine des Béni Ahsen,1,gradis-g
groupemarocainetudeentreprises,marocainebenimtir,Groupe marocain d'étude et d'entreprises,Société Marocaine des Beni M'Tir,1,gradis-g
groupemarocainetudeentreprises,marocainepiecommerceavecunionfseetranger,Groupe marocain d'étude et d'entreprises,Sté marocaine p. Ie commerce avec l'Union fse et l'étranger,1,gradis-g
groupemarocainetudeentreprises,marocainesiditaibi,Groupe marocain d'étude et d'entreprises,Société marocaine de Sidi Taïbi,1,gradis-g
groupemarocainetudeentreprises,marocaineterrescultures,Groupe marocain d'étude et d'entreprises,Société marocaine de Terres et cultures,1,gradis-g
groupemarocainetudeentreprises,nordafricaineetudesminieresindustrielles,Groupe marocain d'étude et d'entreprises,Société Nord-Africaine d’Études minières et industrielles,1,gradis-g
groupemarocainetudesentreprises,marocaineainsikh,Groupe marocain d'études et d'entreprises,Societe marocaine d Aïn-Sikh,1,gradis-g
groupemarocainetudesentreprises,marocainebeniahsen,Groupe marocain d'études et d'entreprises,Société marocaine des Béni Ahsen,1,gradis-g
groupemarocainetudesentreprises,marocainebenimtir,Groupe marocain d'études et d'entreprises,Société Marocaine des Beni M'Tir,1,gradis-g
groupemarocainetudesentreprises,marocainepiecommerceavecunionfseetranger,Groupe marocain d'études et d'entreprises,Sté marocaine p. Ie commerce avec l'Union fse et l'étranger,1,gradis-g
groupemarocainetudesentreprises,marocainesiditaibi,Groupe marocain d'études et d'entreprises,Société marocaine de Sidi Taïbi,1,gradis-g
groupemarocainetudesentreprises,marocaineterrescultures,Groupe marocain d'études et d'entreprises,Société marocaine de Terres et cultures,1,gradis-g
groupemarocainetudesentreprises,nordafricaineetudesminieresindustrielles,Groupe marocain d'études et d'entreprises,Société Nord-Africaine d’Études minières et industrielles,1,gradis-g
marocaineainsikh,marocainepiecommerceavecunionfseetranger,Societe marocaine d Aïn-Sikh,Sté marocaine p. Ie commerce avec l'Union fse et l'étranger,1,gradis-g
marocaineainsikh,nordafricaineetudesminieresindustrielles,Societe marocaine d Aïn-Sikh,Société Nord-Africaine d’Études minières et industrielles,1,gradis-g
marocaineainsikh,transportsmazeres,Societe marocaine d Aïn-Sikh,Transports Mazères,1,gradis-g
marocaineainsikh,vulcanisationmoderne,Societe marocaine d Aïn-Sikh,Vulcanisation moderne,1,gradis-g
marocainebeniahsen,marocainepiecommerceavecunionfseetranger,Société marocaine des Béni Ahsen,Sté marocaine p. Ie commerce avec l'Union fse et l'étranger,1,gradis-g
marocainebeniahsen,marocainesiditaibi,Société marocaine des Béni Ahsen,Société marocaine de Sidi Taïbi,1,gradis-g
marocainebeniahsen,marocaineterrescultures,Société marocaine des Béni Ahsen,Société marocaine de Terres et cultures,1,gradis-g
marocainebeniahsen,nordafricaineetudesminieresindustrielles,Société marocaine des Béni Ahsen,Société Nord-Africaine d’Études minières et industrielles,1,gradis-g
marocainebeniahsen,transportsmazeres,Société marocaine des Béni Ahsen,Transports Mazères,1,gradis-g
marocainebeniahsen,vulcanisationmoderne,Société marocaine des Béni Ahsen,Vulcanisation moderne,1,gradis-g
marocainebenimtir,marocainepiecommerceavecunionfseetranger,Société Marocaine des Beni M'Tir,Sté marocaine p. Ie commerce avec l'Union fse et l'étranger,1,gradis-g
marocainebenimtir,nordafricaineetudesminieresindustrielles,Société Marocaine des Beni M'Tir,Société Nord-Africaine d’Études minières et industrielles,1,gradis-g
marocainebenimtir,transportsmazeres,Société Marocaine des Beni M'Tir,Transports Mazères,1,gradis-g
marocainebenimtir,vulcanisationmoderne,Société Marocaine des Beni M'Tir,Vulcanisation moderne,1,gradis-g
marocainepiecommerceavecunionfseetranger,marocainesiditaibi,Sté marocaine p. Ie commerce avec l'Union fse et l'étranger,Société marocaine de Sidi Taïbi,1,gradis-g
marocainepiecommerceavecunionfseetranger,marocaineterrescultures,Sté marocaine p. Ie commerce avec l'Union fse et l'étranger,Société marocaine de Terres et cultures,1,gradis-g
marocainepiecommerceavecunionfseetranger,materieltravauxagricoles,Sté marocaine p. Ie commerce avec l'Union fse et l'étranger,Cie de Matériel et de travaux agricoles,1,gradis-g
marocainepiecommerceavecunionfseetranger,nordafricaineetudesminieresindustrielles,Sté marocaine p. Ie commerce avec l'Union fse et l'étranger,Société Nord-Africaine d’Études minières et industrielles,1,gradis-g
marocainepiecommerceavecunionfseetranger,transportsmazeres,Sté marocaine p. Ie commerce avec l'Union fse et l'étranger,Transports Mazères,1,gradis-g
marocainepiecommerceavecunionfseetranger,vulcanisationmoderne,Sté marocaine p. Ie commerce avec l'Union fse et l'étranger,Vulcanisation moderne,1,gradis-g
marocainesiditaibi,nordafricaineetudesminieresindustrielles,Société marocaine de Sidi Taïbi,Société Nord-Africaine d’Études minières et industrielles,1,gradis-g
marocainesiditaibi,transportsmazeres,Société marocaine de Sidi Taïbi,Transports Mazères,1,gradis-g
marocainesiditaibi,vulcanisationmoderne,Société marocaine de Sidi Taïbi,Vulcanisation moderne,1,gradis-g
marocaineterrescultures,nordafricaineetudesminieresindustrielles,Société marocaine de Terres et cultures,Société Nord-Africaine d’Études minières et industrielles,1,gradis-g
marocaineterrescultures,transportsmazeres,Société marocaine de Terres et cultures,Transports Mazères,1,gradis-g
marocaineterrescultures,vulcanisationmoderne,Société marocaine de Terres et cultures,Vulcanisation moderne,1,gradis-g
materieltravauxagricoles,nordafricaineetudesminieresindustrielles,Cie de Matériel et de travaux agricoles,Société Nord-Africaine d’Études minières et industrielles,1,gradis-g
nordafricaineetudesminieresindustrielles,transportsmazeres,Société Nord-Africaine d’Études minières et industrielles,Transports Mazères,1,gradis-g
nordafricaineetudesminieresindustrielles,vulcanisationmoderne,Société Nord-Africaine d’Études minières et industrielles,Vulcanisation moderne,1,gradis-g
banqueunionmarocaine,comptoirmetallurgiquemaroc,Banque de l'union marocaine,Comptoir métallurgique du Maroc,1,baguenault-de-puchesse-a
cherifiennecolonisation,comptoirmetallurgiquemaroc,Compagnie Chérifienne de colonisation,Comptoir métallurgique du Maroc,1,vicaire-a
cherifienneremorquageassistance,entreprisemaritimecommerciale,Société chérifienne de remorquage et d'assistance,L'Entreprise maritime et commerciale,1,tanon-a
chaouiamaroc,entreprisemaritimecommerciale,Chaouïa et Maroc,L'Entreprise maritime et commerciale,1,blanchet-a
chaouiamaroc,makanghia,Chaouïa et Maroc,La Makanghia,1,blanchet-a
chaouiamaroc,manutentionmarocaine,Chaouïa et Maroc,La Manutention marocaine,1,blanchet-a
agricoleimmobilieremarococcidental,etablissementsemilelaport,Société agricole et immobilière du Maroc occidental,Établissements Émile Laport et Cie,1,hauquet-p
etudesconstructions,liegesmamora,ÉTUDES et de CONSTRUCTIONS,"Société des Lièges de la Mamora, puis Compagnie de la Mamora",1,prevot-e
etudesconstructions,mamora,ÉTUDES et de CONSTRUCTIONS,Compagnie de la Mamora,1,prevot-e
liegesmamora,parismaroc,"Société des Lièges de la Mamora, puis Compagnie de la Mamora",« Paris-Maroc »,1,prevot-e
mamora,parismaroc,Compagnie de la Mamora,« Paris-Maroc »,1,prevot-e
agavesagadir,automobilemarocaine,Société des agaves d'Agadir,Générale automobile marocaine,1,toussaint-g
agavesagadir,cooperativepharmaceutiquemarocaine,Société des agaves d'Agadir,Coopérative pharmaceutique marocaine,1,toussaint-g
agavesagadir,etablbozzibaudin,Société des agaves d'Agadir,Établ. Bozzi et Baudin,1,toussaint-g
agavesagadir,franceauto,Société des agaves d'Agadir,France-Auto,1,toussaint-g
agavesagadir,marocaineapprovisionnements,Société des agaves d'Agadir,Société anon. marocaine d'approvisionnements,1,toussaint-g
agavesagadir,minoteriesatlas,Société des agaves d'Agadir,Société anon. des minoteries de l'Atlas,1,toussaint-g
agavesagadir,nordautomobiles,Société des agaves d'Agadir,Société Nord-Automobiles,1,toussaint-g
agavesagadir,omniumnordafricain,Société des agaves d'Agadir,Omnium nord-africain,1,toussaint-g
agavesmaroc,automobilemarocaine,Société des agaves du Maroc,Générale automobile marocaine,1,toussaint-g
agavesmaroc,cooperativepharmaceutiquemarocaine,Société des agaves du Maroc,Coopérative pharmaceutique marocaine,1,toussaint-g
agavesmaroc,etablbozzibaudin,Société des agaves du Maroc,Établ. Bozzi et Baudin,1,toussaint-g
agavesmaroc,franceauto,Société des agaves du Maroc,France-Auto,1,toussaint-g
agavesmaroc,marocaineapprovisionnements,Société des agaves du Maroc,Société anon. marocaine d'approvisionnements,1,toussaint-g
agavesmaroc,minoteriesatlas,Société des agaves du Maroc,Société anon. des minoteries de l'Atlas,1,toussaint-g
agavesmaroc,nordautomobiles,Société des agaves du Maroc,Société Nord-Automobiles,1,toussaint-g
agavesmaroc,omniumnordafricain,Société des agaves du Maroc,Omnium nord-africain,1,toussaint-g
agricolezemmours,automobilemarocaine,Société agricole des Zemmours,Générale automobile marocaine,1,toussaint-g
agricolezemmours,cooperativepharmaceutiquemarocaine,Société agricole des Zemmours,Coopérative pharmaceutique marocaine,1,toussaint-g
agricolezemmours,etablbozzibaudin,Société agricole des Zemmours,Établ. Bozzi et Baudin,1,toussaint-g
agricolezemmours,franceauto,Société agricole des Zemmours,France-Auto,1,toussaint-g
agricolezemmours,marocaineapprovisionnements,Société agricole des Zemmours,Société anon. marocaine d'approvisionnements,1,toussaint-g
agricolezemmours,minoteriesatlas,Société agricole des Zemmours,Société anon. des minoteries de l'Atlas,1,toussaint-g
agricolezemmours,nordautomobiles,Société agricole des Zemmours,Société Nord-Automobiles,1,toussaint-g
agricolezemmours,omniumnordafricain,Société agricole des Zemmours,Omnium nord-africain,1,toussaint-g
approvisionnement,automobilemarocaine,Société anonyme nouvelle d'approvisionnement,Générale automobile marocaine,1,toussaint-g
approvisionnement,cooperativepharmaceutiquemarocaine,Société anonyme nouvelle d'approvisionnement,Coopérative pharmaceutique marocaine,1,toussaint-g
approvisionnement,etablbozzibaudin,Société anonyme nouvelle d'approvisionnement,Établ. Bozzi et Baudin,1,toussaint-g
approvisionnement,franceauto,Société anonyme nouvelle d'approvisionnement,France-Auto,1,toussaint-g
approvisionnement,minoteriesatlas,Société anonyme nouvelle d'approvisionnement,Société anon. des minoteries de l'Atlas,1,toussaint-g
approvisionnement,nordautomobiles,Société anonyme nouvelle d'approvisionnement,Société Nord-Automobiles,1,toussaint-g
approvisionnement,omniumnordafricain,Société anonyme nouvelle d'approvisionnement,Omnium nord-africain,1,toussaint-g
automobilemarocaine,cooperativepharmaceutiquemarocaine,Générale automobile marocaine,Coopérative pharmaceutique marocaine,1,toussaint-g
automobilemarocaine,habitationsmaroc,Générale automobile marocaine,Société d'Habitations au Maroc,1,toussaint-g
automobilemarocaine,lesieurafrique,Générale automobile marocaine,Lesieur-Afrique,1,toussaint-g
automobilemarocaine,marocaineapprovisionnement,Générale automobile marocaine,Marocaine d'approvisionnement,1,toussaint-g
automobilemarocaine,marocaineapprovisionnements,Générale automobile marocaine,Société anon. marocaine d'approvisionnements,1,toussaint-g
automobilemarocaine,minoteriesatlas,Générale automobile marocaine,Société anon. des minoteries de l'Atlas,1,toussaint-g
automobilemarocaine,moulinsmaghreb,Générale automobile marocaine,Société des Moulins du Maghreb,1,toussaint-g
automobilemarocaine,pecheriesconservesalimentaires,Générale automobile marocaine,Société anonyme de pêcheries et conserves alimentaires,1,toussaint-g
cooperativepharmaceutiquemarocaine,etablbozzibaudin,Coopérative pharmaceutique marocaine,Établ. Bozzi et Baudin,1,toussaint-g
cooperativepharmaceutiquemarocaine,franceauto,Coopérative pharmaceutique marocaine,France-Auto,1,toussaint-g
cooperativepharmaceutiquemarocaine,habitationsmaroc,Coopérative pharmaceutique marocaine,Société d'Habitations au Maroc,1,toussaint-g
cooperativepharmaceutiquemarocaine,lesieurafrique,Coopérative pharmaceutique marocaine,Lesieur-Afrique,1,toussaint-g
cooperativepharmaceutiquemarocaine,marocaineapprovisionnement,Coopérative pharmaceutique marocaine,Marocaine d'approvisionnement,1,toussaint-g
cooperativepharmaceutiquemarocaine,marocaineapprovisionnements,Coopérative pharmaceutique marocaine,Société anon. marocaine d'approvisionnements,1,toussaint-g
cooperativepharmaceutiquemarocaine,minoteriesatlas,Coopérative pharmaceutique marocaine,Société anon. des minoteries de l'Atlas,1,toussaint-g
cooperativepharmaceutiquemarocaine,moulinsmaghreb,Coopérative pharmaceutique marocaine,Société des Moulins du Maghreb,1,toussaint-g
cooperativepharmaceutiquemarocaine,nordautomobiles,Coopérative pharmaceutique marocaine,Société Nord-Automobiles,1,toussaint-g
cooperativepharmaceutiquemarocaine,omniumnordafricain,Coopérative pharmaceutique marocaine,Omnium nord-africain,1,toussaint-g
cooperativepharmaceutiquemarocaine,pecheriesconservesalimentaires,Coopérative pharmaceutique marocaine,Société anonyme de pêcheries et conserves alimentaires,1,toussaint-g
etablbozzibaudin,habitationsmaroc,Établ. Bozzi et Baudin,Société d'Habitations au Maroc,1,toussaint-g
etablbozzibaudin,lesieurafrique,Établ. Bozzi et Baudin,Lesieur-Afrique,1,toussaint-g
etablbozzibaudin,marocaineapprovisionnement,Établ. Bozzi et Baudin,Marocaine d'approvisionnement,1,toussaint-g
etablbozzibaudin,marocaineapprovisionnements,Établ. Bozzi et Baudin,Société anon. marocaine d'approvisionnements,1,toussaint-g
etablbozzibaudin,minoteriesatlas,Établ. Bozzi et Baudin,Société anon. des minoteries de l'Atlas,1,toussaint-g
etablbozzibaudin,moulinsmaghreb,Établ. Bozzi et Baudin,Société des Moulins du Maghreb,1,toussaint-g
etablbozzibaudin,pecheriesconservesalimentaires,Établ. Bozzi et Baudin,Société anonyme de pêcheries et conserves alimentaires,1,toussaint-g
franceauto,habitationsmaroc,France-Auto,Société d'Habitations au Maroc,1,toussaint-g
franceauto,lesieurafrique,France-Auto,Lesieur-Afrique,1,toussaint-g
franceauto,marocaineapprovisionnement,France-Auto,Marocaine d'approvisionnement,1,toussaint-g
franceauto,marocaineapprovisionnements,France-Auto,Société anon. marocaine d'approvisionnements,1,toussaint-g
franceauto,minoteriesatlas,France-Auto,Société anon. des minoteries de l'Atlas,1,toussaint-g
franceauto,moulinsmaghreb,France-Auto,Société des Moulins du Maghreb,1,toussaint-g
franceauto,pecheriesconservesalimentaires,France-Auto,Société anonyme de pêcheries et conserves alimentaires,1,toussaint-g
habitationsmaroc,minoteriesatlas,Société d'Habitations au Maroc,Société anon. des minoteries de l'Atlas,1,toussaint-g
habitationsmaroc,nordautomobiles,Société d'Habitations au Maroc,Société Nord-Automobiles,1,toussaint-g
habitationsmaroc,omniumnordafricain,Société d'Habitations au Maroc,Omnium nord-africain,1,toussaint-g
lesieurafrique,marocaineapprovisionnements,Lesieur-Afrique,Société anon. marocaine d'approvisionnements,1,toussaint-g
lesieurafrique,minoteriesatlas,Lesieur-Afrique,Société anon. des minoteries de l'Atlas,1,toussaint-g
lesieurafrique,nordautomobiles,Lesieur-Afrique,Société Nord-Automobiles,1,toussaint-g
lesieurafrique,omniumnordafricain,Lesieur-Afrique,Omnium nord-africain,1,toussaint-g
marocaineapprovisionnement,minoteriesatlas,Marocaine d'approvisionnement,Société anon. des minoteries de l'Atlas,1,toussaint-g
marocaineapprovisionnement,nordautomobiles,Marocaine d'approvisionnement,Société Nord-Automobiles,1,toussaint-g
marocaineapprovisionnement,omniumnordafricain,Marocaine d'approvisionnement,Omnium nord-africain,1,toussaint-g
marocaineapprovisionnements,minoteriesatlas,Société anon. marocaine d'approvisionnements,Société anon. des minoteries de l'Atlas,1,toussaint-g
marocaineapprovisionnements,nordautomobiles,Société anon. marocaine d'approvisionnements,Société Nord-Automobiles,1,toussaint-g
marocaineapprovisionnements,omniumnordafricain,Société anon. marocaine d'approvisionnements,Omnium nord-africain,1,toussaint-g
marocaineapprovisionnements,pecheriesconservesalimentaires,Société anon. marocaine d'approvisionnements,Société anonyme de pêcheries et conserves alimentaires,1,toussaint-g
minoteriesatlas,moulinsmaghreb,Société anon. des minoteries de l'Atlas,Société des Moulins du Maghreb,1,toussaint-g
minoteriesatlas,nordautomobiles,Société anon. des minoteries de l'Atlas,Société Nord-Automobiles,1,toussaint-g
minoteriesatlas,pecheriesconservesalimentaires,Société anon. des minoteries de l'Atlas,Société anonyme de pêcheries et conserves alimentaires,1,toussaint-g
moulinsmaghreb,nordautomobiles,Société des Moulins du Maghreb,Société Nord-Automobiles,1,toussaint-g
nordautomobiles,pecheriesconservesalimentaires,Société Nord-Automobiles,Société anonyme de pêcheries et conserves alimentaires,1,toussaint-g
comind,exportationimportationmaroc,Sté anon. du com. et de l'ind,Sté d'exportation et d'importation au Maroc,1,bloch-p
exportationimportationmaroc,metauxproduitschimiques,Sté d'exportation et d'importation au Maroc,Métaux et produits chimiques,1,abt-j
agricolecommercialeindustriellemarocaine,cherifienne,"Compagnie Agricole, Commerciale, Industrielle Marocaine",Société Générale chérifienne,1,fondere-a
agricolecommercialeindustriellemarocaine,entreprisesmarococcidental,"Compagnie Agricole, Commerciale, Industrielle Marocaine",Société d’Entreprises du Maroc Occidental,1,fondere-a
banquecommercialemaroc,cherifienne,Banque commerciale du Maroc,Société Générale chérifienne,1,dutasta-p
immobiliereagricolemarocaine,lyonnaisecommerceindustriemaroc,Société Immobiliere et Agricole Marocaine,Sté lyonnaise de commerce et d'industrie au Maroc,1,goullioud-h
immobiliereagricolemarocaine,marocaineimmobilieredarbeida,Société Immobiliere et Agricole Marocaine,Société marocaine immobilière « Dar et Beida »,1,goullioud-h
lyonnaisecommerceindustriemaroc,marocaineboismateriauxconstruction,Sté lyonnaise de commerce et d'industrie au Maroc,Société marocaine des bois et matériaux de Construction,1,goullioud-h
lyonnaisecommerceindustriemaroc,marocaineimmobilieredarbeida,Sté lyonnaise de commerce et d'industrie au Maroc,Société marocaine immobilière « Dar et Beida »,1,goullioud-h
lyonnaisecommerceindustriemaroc,marocaineimmobilieredarelbeida,Sté lyonnaise de commerce et d'industrie au Maroc,Société marocaine Immobilière Dar el Beida,1,goullioud-h
domainedarsridge,marocainemetallurgique,Société du domaine de Dar Sridge,Société Marocaine Métallurgique,1,bouvier-p
geranceexploitation,marocainemetallurgique,Société anon. de gérance et d'exploitation,Société Marocaine Métallurgique,1,maunoury-j
horticolearboricolemarocaine,marocainemetallurgique,Société Horticole et Arboricole Marocaine,Société Marocaine Métallurgique,1,maunoury-j
marocainemetallurgique,metallurgiqueminierefrancomarocaine,Société Marocaine Métallurgique,Compagnie Métallurgique et minière franco-marocaine,1,damour-a
chauxcimentsmateriauxconstructionmaroc,nantaiseimportationmarochailaustgutzeitmollinedahl,"Chaux, ciments et matériaux de construction au Maroc","Sté nantaise d'importation au Maroc (Hailaust & Gutzeit, Molliné & Dahl",1,hailaust-g
consortiumindustrielcommercialafriquenord,socchauxcimentsmateriauxconstructionmaroc,Consortium industriel et commercial de l'Afrique du Nord,"Soc. an. des CHAUX, CIMENTS et MATÉRIAUX de CONSTRUCTION au MAROC",1,hailaust-g
nantaiseimportationmarochailaustgutzeitmollinedahl,socchauxcimentsmateriauxconstructionmaroc,"Sté nantaise d'importation au Maroc (Hailaust & Gutzeit, Molliné & Dahl","Soc. an. des CHAUX, CIMENTS et MATÉRIAUX de CONSTRUCTION au MAROC",1,hailaust-g
briqueteriescarrieresusineseihank,marocaineasiatiquepetroles,"Briqueteries, carrières et usines d'EI-Hank",Cie marocaine et asiatique des pétroles,1,magnier-a
briqueteriescarrieresusineselhank,marocaineasiatiquepetroles,"Briqueteries, carrières et usines d'El-Hank",Cie marocaine et asiatique des pétroles,1,magnier-a
africaineateliersconstructionschwartzhautmont,africainematerielindustriel,Cie africaine des ateliers de construction Schwartz-Hautmont,Société africaine de matériel industriel,1,epinat-j
africaineateliersconstructionschwartzhautmont,automobilemarocaine,Cie africaine des ateliers de construction Schwartz-Hautmont,Générale automobile marocaine,1,epinat-j
africaineateliersconstructionschwartzhautmont,etablautomobilesrey,Cie africaine des ateliers de construction Schwartz-Hautmont,Société des Établ. automobiles Rey,1,epinat-j
africaineateliersconstructionschwartzhautmont,etablbozzibaudin,Cie africaine des ateliers de construction Schwartz-Hautmont,Établ. Bozzi et Baudin,1,epinat-j
africaineateliersconstructionschwartzhautmont,lyonmaroc,Cie africaine des ateliers de construction Schwartz-Hautmont,Lyon-Maroc,1,epinat-j
africaineateliersconstructionschwartzhautmont,nordautomobiles,Cie africaine des ateliers de construction Schwartz-Hautmont,Société Nord-Automobiles,1,epinat-j
africaineateliersconstructionschwartzhautmont,transportsminiers,Cie africaine des ateliers de construction Schwartz-Hautmont,Société de transports miniers,1,epinat-j
africainematerielindustriel,africainetransports,Société africaine de matériel industriel,Compagnie Africaine de Transports,1,epinat-j
africainematerielindustriel,agencefrance,Société africaine de matériel industriel,Agence en France,1,epinat-j
africainematerielindustriel,autohall,Société africaine de matériel industriel,Auto-Hall,1,epinat-j
africainematerielindustriel,etablautomobilesrey,Société africaine de matériel industriel,Société des Établ. automobiles Rey,1,epinat-j
africainematerielindustriel,franceauto,Société africaine de matériel industriel,France-Auto,1,epinat-j
africainematerielindustriel,lyonmaroc,Société africaine de matériel industriel,Lyon-Maroc,1,epinat-j
africainematerielindustriel,marocaineautomobiles,Société africaine de matériel industriel,Société marocaine d'automobiles,1,epinat-j
africainematerielindustriel,marocaineexploitationsminieres,Société africaine de matériel industriel,Société marocaine d'exploitations minières,1,epinat-j
africainematerielindustriel,minierebouazzergraara,Société africaine de matériel industriel,Société minière du Bou-Azzer et du Graâra,1,epinat-j
africainematerielindustriel,minieremaroc,Société africaine de matériel industriel,Compagnie Minière du Maroc,1,epinat-j
africainematerielindustriel,omniumnordafricain,Société africaine de matériel industriel,Omnium nord-africain,1,epinat-j
africainematerielindustriel,prospectionetudesminieresmaroc,Société africaine de matériel industriel,Société de prospection et d'études minières au Maroc,1,epinat-j
africainematerielindustriel,tifnouttiranimine,Société africaine de matériel industriel,Cie de Tifnout-Tiranimine,1,epinat-j
africainematerielindustriel,transportsminiers,Société africaine de matériel industriel,Société de transports miniers,1,epinat-j
africainematerielindustriel,transportstourismemaroc,Société africaine de matériel industriel,Compagnie Générale de Transports et tourisme au Maroc,1,epinat-j
africainetransports,automobilemarocaine,Compagnie Africaine de Transports,Générale automobile marocaine,1,epinat-j
africainetransports,etablautomobilesrey,Compagnie Africaine de Transports,Société des Établ. automobiles Rey,1,epinat-j
africainetransports,etablbozzibaudin,Compagnie Africaine de Transports,Établ. Bozzi et Baudin,1,epinat-j
africainetransports,lyonmaroc,Compagnie Africaine de Transports,Lyon-Maroc,1,epinat-j
africainetransports,minieremaroc,Compagnie Africaine de Transports,Compagnie Minière du Maroc,1,epinat-j
africainetransports,nordautomobiles,Compagnie Africaine de Transports,Société Nord-Automobiles,1,epinat-j
africainetransports,transportsminiers,Compagnie Africaine de Transports,Société de transports miniers,1,epinat-j
agencefrance,automobilemarocaine,Agence en France,Générale automobile marocaine,1,epinat-j
agencefrance,etablautomobilesrey,Agence en France,Société des Établ. automobiles Rey,1,epinat-j
agencefrance,etablbozzibaudin,Agence en France,Établ. Bozzi et Baudin,1,epinat-j
agencefrance,franceauto,Agence en France,France-Auto,1,epinat-j
agencefrance,lyonmaroc,Agence en France,Lyon-Maroc,1,epinat-j
agencefrance,marocaineexploitationsminieres,Agence en France,Société marocaine d'exploitations minières,1,epinat-j
agencefrance,nordautomobiles,Agence en France,Société Nord-Automobiles,1,epinat-j
agencefrance,transportsminiers,Agence en France,Société de transports miniers,1,epinat-j
autohall,automobilemarocaine,Auto-Hall,Générale automobile marocaine,1,epinat-j
autohall,etablautomobilesrey,Auto-Hall,Société des Établ. automobiles Rey,1,epinat-j
autohall,etablbozzibaudin,Auto-Hall,Établ. Bozzi et Baudin,1,epinat-j
autohall,lyonmaroc,Auto-Hall,Lyon-Maroc,1,epinat-j
autohall,minierebouazzergraara,Auto-Hall,Société minière du Bou-Azzer et du Graâra,1,epinat-j
autohall,minieremaroc,Auto-Hall,Compagnie Minière du Maroc,1,epinat-j
autohall,nordautomobiles,Auto-Hall,Société Nord-Automobiles,1,epinat-j
autohall,transportsminiers,Auto-Hall,Société de transports miniers,1,epinat-j
automobilemarocaine,etablautomobilesrey,Générale automobile marocaine,Société des Établ. automobiles Rey,1,epinat-j
automobilemarocaine,lyonmaroc,Générale automobile marocaine,Lyon-Maroc,1,epinat-j
automobilemarocaine,marocaineautomobiles,Générale automobile marocaine,Société marocaine d'automobiles,1,epinat-j
automobilemarocaine,marocaineexploitationsminieres,Générale automobile marocaine,Société marocaine d'exploitations minières,1,epinat-j
automobilemarocaine,minierebouazzergraara,Générale automobile marocaine,Société minière du Bou-Azzer et du Graâra,1,epinat-j
automobilemarocaine,minieremaroc,Générale automobile marocaine,Compagnie Minière du Maroc,1,epinat-j
automobilemarocaine,prospectionetudesminieresmaroc,Générale automobile marocaine,Société de prospection et d'études minières au Maroc,1,epinat-j
automobilemarocaine,tifnouttiranimine,Générale automobile marocaine,Cie de Tifnout-Tiranimine,1,epinat-j
automobilemarocaine,transportsminiers,Générale automobile marocaine,Société de transports miniers,1,epinat-j
automobilemarocaine,transportstourismemaroc,Générale automobile marocaine,Compagnie Générale de Transports et tourisme au Maroc,1,epinat-j
etablautomobilesrey,etablbozzibaudin,Société des Établ. automobiles Rey,Établ. Bozzi et Baudin,1,epinat-j
etablautomobilesrey,franceauto,Société des Établ. automobiles Rey,France-Auto,1,epinat-j
etablautomobilesrey,lyonmaroc,Société des Établ. automobiles Rey,Lyon-Maroc,1,epinat-j
etablautomobilesrey,marocaineautomobiles,Société des Établ. automobiles Rey,Société marocaine d'automobiles,1,epinat-j
etablautomobilesrey,marocaineexploitationsminieres,Société des Établ. automobiles Rey,Société marocaine d'exploitations minières,1,epinat-j
etablautomobilesrey,minierebouazzergraara,Société des Établ. automobiles Rey,Société minière du Bou-Azzer et du Graâra,1,epinat-j
etablautomobilesrey,minieremaroc,Société des Établ. automobiles Rey,Compagnie Minière du Maroc,1,epinat-j
etablautomobilesrey,nordautomobiles,Société des Établ. automobiles Rey,Société Nord-Automobiles,1,epinat-j
etablautomobilesrey,omniumnordafricain,Société des Établ. automobiles Rey,Omnium nord-africain,1,epinat-j
etablautomobilesrey,prospectionetudesminieresmaroc,Société des Établ. automobiles Rey,Société de prospection et d'études minières au Maroc,1,epinat-j
etablautomobilesrey,tifnouttiranimine,Société des Établ. automobiles Rey,Cie de Tifnout-Tiranimine,1,epinat-j
etablautomobilesrey,transportsminiers,Société des Établ. automobiles Rey,Société de transports miniers,1,epinat-j
etablautomobilesrey,transportstourismemaroc,Société des Établ. automobiles Rey,Compagnie Générale de Transports et tourisme au Maroc,1,epinat-j
etablbozzibaudin,lyonmaroc,Établ. Bozzi et Baudin,Lyon-Maroc,1,epinat-j
etablbozzibaudin,marocaineautomobiles,Établ. Bozzi et Baudin,Société marocaine d'automobiles,1,epinat-j
etablbozzibaudin,marocaineexploitationsminieres,Établ. Bozzi et Baudin,Société marocaine d'exploitations minières,1,epinat-j
etablbozzibaudin,minierebouazzergraara,Établ. Bozzi et Baudin,Société minière du Bou-Azzer et du Graâra,1,epinat-j
etablbozzibaudin,minieremaroc,Établ. Bozzi et Baudin,Compagnie Minière du Maroc,1,epinat-j
etablbozzibaudin,prospectionetudesminieresmaroc,Établ. Bozzi et Baudin,Société de prospection et d'études minières au Maroc,1,epinat-j
etablbozzibaudin,tifnouttiranimine,Établ. Bozzi et Baudin,Cie de Tifnout-Tiranimine,1,epinat-j
etablbozzibaudin,transportsminiers,Établ. Bozzi et Baudin,Société de transports miniers,1,epinat-j
etablbozzibaudin,transportstourismemaroc,Établ. Bozzi et Baudin,Compagnie Générale de Transports et tourisme au Maroc,1,epinat-j
franceauto,lyonmaroc,France-Auto,Lyon-Maroc,1,epinat-j
franceauto,minieremaroc,France-Auto,Compagnie Minière du Maroc,1,epinat-j
franceauto,tifnouttiranimine,France-Auto,Cie de Tifnout-Tiranimine,1,epinat-j
franceauto,transportsminiers,France-Auto,Société de transports miniers,1,epinat-j
lyonmaroc,marocaineautomobiles,Lyon-Maroc,Société marocaine d'automobiles,1,epinat-j
lyonmaroc,marocaineexploitationsminieres,Lyon-Maroc,Société marocaine d'exploitations minières,1,epinat-j
lyonmaroc,minierebouazzergraara,Lyon-Maroc,Société minière du Bou-Azzer et du Graâra,1,epinat-j
lyonmaroc,minieremaroc,Lyon-Maroc,Compagnie Minière du Maroc,1,epinat-j
lyonmaroc,nordautomobiles,Lyon-Maroc,Société Nord-Automobiles,1,epinat-j
lyonmaroc,omniumnordafricain,Lyon-Maroc,Omnium nord-africain,1,epinat-j
lyonmaroc,prospectionetudesminieresmaroc,Lyon-Maroc,Société de prospection et d'études minières au Maroc,1,epinat-j
lyonmaroc,tifnouttiranimine,Lyon-Maroc,Cie de Tifnout-Tiranimine,1,epinat-j
lyonmaroc,transportsminiers,Lyon-Maroc,Société de transports miniers,1,epinat-j
marocaineautomobiles,minierebouazzergraara,Société marocaine d'automobiles,Société minière du Bou-Azzer et du Graâra,1,epinat-j
marocaineautomobiles,minieremaroc,Société marocaine d'automobiles,Compagnie Minière du Maroc,1,epinat-j
marocaineautomobiles,nordautomobiles,Société marocaine d'automobiles,Société Nord-Automobiles,1,epinat-j
marocaineautomobiles,transportsminiers,Société marocaine d'automobiles,Société de transports miniers,1,epinat-j
marocaineexploitationsminieres,minieremaroc,Société marocaine d'exploitations minières,Compagnie Minière du Maroc,1,epinat-j
marocaineexploitationsminieres,nordautomobiles,Société marocaine d'exploitations minières,Société Nord-Automobiles,1,epinat-j
marocaineexploitationsminieres,tifnouttiranimine,Société marocaine d'exploitations minières,Cie de Tifnout-Tiranimine,1,epinat-j
marocaineexploitationsminieres,transportsminiers,Société marocaine d'exploitations minières,Société de transports miniers,1,epinat-j
minierebouazzergraara,nordautomobiles,Société minière du Bou-Azzer et du Graâra,Société Nord-Automobiles,1,epinat-j
minierebouazzergraara,transportsminiers,Société minière du Bou-Azzer et du Graâra,Société de transports miniers,1,epinat-j
minierebouazzergraara,transportstourismemaroc,Société minière du Bou-Azzer et du Graâra,Compagnie Générale de Transports et tourisme au Maroc,1,epinat-j
minieremaroc,nordautomobiles,Compagnie Minière du Maroc,Société Nord-Automobiles,1,epinat-j
minieremaroc,transportsminiers,Compagnie Minière du Maroc,Société de transports miniers,1,epinat-j
minieremaroc,transportstourismemaroc,Compagnie Minière du Maroc,Compagnie Générale de Transports et tourisme au Maroc,1,epinat-j
nordautomobiles,prospectionetudesminieresmaroc,Société Nord-Automobiles,Société de prospection et d'études minières au Maroc,1,epinat-j
nordautomobiles,tifnouttiranimine,Société Nord-Automobiles,Cie de Tifnout-Tiranimine,1,epinat-j
nordautomobiles,transportsminiers,Société Nord-Automobiles,Société de transports miniers,1,epinat-j
nordautomobiles,transportstourismemaroc,Société Nord-Automobiles,Compagnie Générale de Transports et tourisme au Maroc,1,epinat-j
omniumnordafricain,transportsminiers,Omnium nord-africain,Société de transports miniers,1,epinat-j
prospectionetudesminieresmaroc,transportsminiers,Société de prospection et d'études minières au Maroc,Société de transports miniers,1,epinat-j
tifnouttiranimine,transportsminiers,Cie de Tifnout-Tiranimine,Société de transports miniers,1,epinat-j
transportsminiers,transportstourismemaroc,Société de transports miniers,Compagnie Générale de Transports et tourisme au Maroc,1,epinat-j
africaineateliersconstructionschwartzhautmont,constructioncivile,Cie africaine des ateliers de construction Schwartz-Hautmont,Construction civile,1,grimaud-g
cheminfertangerfez,manutentionmarocaine,Chemin de fer Tanger-Fez,La Manutention marocaine,1,perouse-d
cheminsfermaroc,etudescommercemaroc,Compagnie des Chemins de fer du Maroc,Société d'Études et de commerce au Maroc,1,roume-e
cherifiennecarpettes,elevagemeknesagouraiparmeknes,Cie Chérifienne de Carpettes,"Société d'élevage de Meknès, AGOURAI, par Meknès",1,laine-l
cherifiennecarpettes,unionovineafriquenord,Cie Chérifienne de Carpettes,Union ovine de l'Afrique du Nord,1,laine-l
cheminsfermaroc,marocainepetrolesmory,Compagnie des Chemins de fer du Maroc,Société marocaine des pétroles Mory,1,laurent-atthalin
fasielectricite,marocainepetrolesmory,Compagnie Fasi d'Électricité,Société marocaine des pétroles Mory,1,laurent-atthalin
marocainepetrolesmory,portsmarocains,Société marocaine des pétroles Mory,Ports marocains,1,laurent-atthalin
cherifiennepetroles,fsepetrolesmaroc,Société Chérifienne des Pétroles,Cie Fse des PÉTROLES DU MAROC,1,palliez-a
cherifiennepetroles,paris,Société Chérifienne des Pétroles,À Paris,1,palliez-a
frsepetrolesmaroc,marocainecarburants,Cie frse des PÉTROLES du MAROC,Compagnie Marocaine des Carburants,1,danset-m
frsepetrolesmaroc,paris,Cie frse des PÉTROLES du MAROC,À Paris,1,danset-m
fsepetrolesmaroc,marocainecarburants,Cie Fse des PÉTROLES DU MAROC,Compagnie Marocaine des Carburants,1,danset-m
marocainecarburants,petrolesmaroc,Compagnie Marocaine des Carburants,Compagnie Française des Pétroles du Maroc,1,danset-m
agricoleboumais,frsepetrolesmaroc,Cie agricole de Bou Maïs,Cie frse des PÉTROLES du MAROC,1,laroche-h
agricoleboumais,fsepetrolesmaroc,Cie agricole de Bou Maïs,Cie Fse des PÉTROLES DU MAROC,1,laroche-h
agricoleboumais,petrolesmaroc,Cie agricole de Bou Maïs,Compagnie Française des Pétroles du Maroc,1,laroche-h
banqueetatmaroc,transportstourismemaroc,Banque d'État du Maroc,Compagnie Générale de Transports et tourisme au Maroc,1,luret-e
hispanomarocainegazelectricite,maroccommercialeimmob,Cie hispano-marocaine de gaz et d'électricité,Sté maroc. commerciale et immob,1,palma-j
hispanomarocainegazelectricite,portfedala,Cie hispano-marocaine de gaz et d'électricité,Cie du port de Fédala,1,palma-j
agencefrance,immobilierenordmarocain,Agence en France,Société Immobilière du Nord-Marocain,1,benedic-e
agencefrance,materieltravauxagricoles,Agence en France,Cie de Matériel et de travaux agricoles,1,benedic-e
agencefrance,olivettesmarocaines,Agence en France,Les Olivettes marocaines,1,benedic-e
agencefrance,olivettesnordmarocain,Agence en France,Olivettes du Nord marocain,1,benedic-e
immobilierenordmarocain,materieltravauxagricoles,Société Immobilière du Nord-Marocain,Cie de Matériel et de travaux agricoles,1,benedic-e
materieltravauxagricoles,olivettesmarocaines,Cie de Matériel et de travaux agricoles,Les Olivettes marocaines,1,benedic-e
materieltravauxagricoles,olivettesnordmarocain,Cie de Matériel et de travaux agricoles,Olivettes du Nord marocain,1,benedic-e
cherifienneetudesminieres,metallurgiqueminierefrancomarocaine,Société Chérifienne d'études minières,Compagnie Métallurgique et minière franco-marocaine,1,daum-l
marocainebeniahsen,moulinsmaghreb,Société marocaine des Béni Ahsen,Société des Moulins du Maghreb,1,massena-prince-d-essling-a
marocainebeniahsen,superphosphatesproduitschimiquesmaroc,Société marocaine des Béni Ahsen,Compagnie des Superphosphates et des produits chimiques du Maroc,1,massena-prince-d-essling-a
moulinsmaghreb,superphosphatesproduitschimiquesmaroc,Société des Moulins du Maghreb,Compagnie des Superphosphates et des produits chimiques du Maroc,1,massena-prince-d-essling-a
molybdene,superphosphatesproduitschimiquesmaroc,Le Molybdène,Compagnie des Superphosphates et des produits chimiques du Maroc,1,telliere-a
energieelectriquemaroc,financierecherifienne,Énergie électrique du Maroc,Cie financière chérifienne,1,giros-a
entreprisesmaroc,financierecherifienne,Sté générale d'entreprises au Maroc,Cie financière chérifienne,1,giros-a
financierecherifienne,portsmarocains,Cie financière chérifienne,Ports marocains,1,giros-a
financierecherifienne,portsmarocainsmehedyaportlyautey,Cie financière chérifienne,Société des ports marocains de Méhédya-Port-Lyautey et,1,giros-a
cheminsfermaroc,habitationsmaroc,Compagnie des Chemins de fer du Maroc,Société d'Habitations au Maroc,1,porche-g
cherifiennehivernage,etablissementssoussanafreres,Société Chérifienne d'hivernage,Établissements Soussana frères,1,froment-guieysse-g
cherifiennehivernage,immobilieremarrakech,Société Chérifienne d'hivernage,Société immobilière de Marrakech,1,froment-guieysse-g
etudesmarocainescommerceagriculturemines,manufacturemarocainecalorifugesliegesagglomeres,"Société d'Études marocaines pour le commerce, l'agriculture et les mines",Manufacture marocaine de calorifuges et lièges agglomérés,1,gidoin-a
francomarocaine,pecheriesmarocaines,Société Générale Franco-Marocaine,Pêcheries marocaines,1,fliche-g
francomarocaineoufrancomarocaine,pecheriesmarocaines,Société Franco-Marocaine ou Société franco-marocaine,Pêcheries marocaines,1,fliche-g
immobilieretanger,pecheriesmarocaines,Société Immobilière de Tanger,Pêcheries marocaines,1,fliche-g
ateliersrabat,manufacturecrinvegetalfedhala,Ateliers de Rabat,Manufacture de crin végétal de Fédhala,1,danton-f
ateliersrabat,transportsmazeres,Ateliers de Rabat,Transports Mazères,1,danton-f
brasseriesmaroc,omniummarocain,"Société des Brasseries du Maroc, puis Boissons du Maroc",Omnium marocain,1,sautter-r
etudeshautguir,minierehautguir,Sté d'études du Haut-Guir,Société minière du Haut-Guir,1,de-peyerimhoff-h
maroc,socminesmaroc,Compagnie du Maroc,Soc. française des MINES du MAROC,1,vincent-a
caissepretsimmobiliersmaroc,entreprisemaritimecommerciale,Caisse de prêts immobiliers du Maroc,L'Entreprise maritime et commerciale,1,jourdanne-a
caissepretsimmobiliersmaroc,francomarocainefedala,Caisse de prêts immobiliers du Maroc,Cie franco-marocaine de Fédala,1,jourdanne-a
caissepretsimmobiliersmaroc,nordafricaineventespubliques,Caisse de prêts immobiliers du Maroc,Société Nord-Africaine de Ventes publiques,1,jourdanne-a
entreprisemaritimecommerciale,etudesmarocainescommerceagriculturemines,L'Entreprise maritime et commerciale,"Société d'Études marocaines pour le commerce, l'agriculture et les mines",1,jourdanne-a
entreprisemaritimecommerciale,francomarocainefedala,L'Entreprise maritime et commerciale,Cie franco-marocaine de Fédala,1,jourdanne-a
entreprisemaritimecommerciale,magasinsgenerauxwarrantsmaroc,L'Entreprise maritime et commerciale,Société des Magasins généraux et warrants du Maroc,1,jourdanne-a
entreprisemaritimecommerciale,marocainemagasinsgeneraux,L'Entreprise maritime et commerciale,Société marocaine de magasins généraux,1,jourdanne-a
entreprisemaritimecommerciale,nordafricaineventespubliques,L'Entreprise maritime et commerciale,Société Nord-Africaine de Ventes publiques,1,jourdanne-a
entreprisemaritimecommerciale,portfedala,L'Entreprise maritime et commerciale,Cie du port de Fédala,1,jourdanne-a
etudesmarocainescommerceagriculturemines,marocainemagasinsgeneraux,"Société d'Études marocaines pour le commerce, l'agriculture et les mines",Société marocaine de magasins généraux,1,jourdanne-a
etudesmarocainescommerceagriculturemines,nordafricaineventespubliques,"Société d'Études marocaines pour le commerce, l'agriculture et les mines",Société Nord-Africaine de Ventes publiques,1,jourdanne-a
francomarocainefedala,magasinsgenerauxwarrantsmaroc,Cie franco-marocaine de Fédala,Société des Magasins généraux et warrants du Maroc,1,jourdanne-a
francomarocainefedala,marocaine,Cie franco-marocaine de Fédala,Compagnie marocaine,1,jourdanne-a
francomarocainefedala,marocainemagasinsgeneraux,Cie franco-marocaine de Fédala,Société marocaine de magasins généraux,1,jourdanne-a
francomarocainefedala,nordafricaineventespubliques,Cie franco-marocaine de Fédala,Société Nord-Africaine de Ventes publiques,1,jourdanne-a
magasinsgenerauxwarrantsmaroc,nordafricaineventespubliques,Société des Magasins généraux et warrants du Maroc,Société Nord-Africaine de Ventes publiques,1,jourdanne-a
magasinsgenerauxwarrantsmaroc,portfedala,Société des Magasins généraux et warrants du Maroc,Cie du port de Fédala,1,jourdanne-a
marocaine,nordafricaineventespubliques,Compagnie marocaine,Société Nord-Africaine de Ventes publiques,1,jourdanne-a
marocainemagasinsgeneraux,nordafricaineventespubliques,Société marocaine de magasins généraux,Société Nord-Africaine de Ventes publiques,1,jourdanne-a
nordafricaineventespubliques,portfedala,Société Nord-Africaine de Ventes publiques,Cie du port de Fédala,1,jourdanne-a
caissepretsimmobiliersmaroc,marocaineexploitationsforestieres,Caisse de prêts immobiliers du Maroc,Société Marocaine d'Exploitations forestières,1,terrier-a
magasinsgenerauxwarrantsmaroc,marocaineexploitationsforestieres,Société des Magasins généraux et warrants du Maroc,Société Marocaine d'Exploitations forestières,1,terrier-a
marocaineexploitationsforestieres,porttanger,Société Marocaine d'Exploitations forestières,Société du Port de Tanger,1,terrier-a
marocaineexploitationsforestieres,socporttanger,Société Marocaine d'Exploitations forestières,Soc. du PORT de TANGER,1,terrier-a
porttanger,tramwaysautobuscasablanca,Société du Port de Tanger,Compagnie des Tramways et autobus de Casablanca,1,terrier-a
socporttanger,tramwaysautobuscasablanca,Soc. du PORT de TANGER,Compagnie des Tramways et autobus de Casablanca,1,terrier-a
banqueetatmaroc,portsmarocains,Banque d'État du Maroc,Ports marocains,1,laurent-atthalin-a
banqueetatmaroc,sucrieremarocaine,Banque d'État du Maroc,Compagnie Sucrière Marocaine,1,laurent-atthalin-a
caissepretsimmobiliersmaroc,portsmarocains,Caisse de prêts immobiliers du Maroc,Ports marocains,1,laurent-atthalin-a
caissepretsimmobiliersmaroc,sucrieremarocaine,Caisse de prêts immobiliers du Maroc,Compagnie Sucrière Marocaine,1,laurent-atthalin-a
maroc,sucrieremarocaine,Compagnie du Maroc,Compagnie Sucrière Marocaine,1,laurent-atthalin-a
marocaineentrepriseimmobilieremobiliere,sucrieremarocaine,"Société Marocaine d'entreprise générale immobilière et mobilière, puis La Construction marocaine et La Construction civile",Compagnie Sucrière Marocaine,1,laurent-atthalin-a
portsmarocains,porttanger,Ports marocains,Société du Port de Tanger,1,laurent-atthalin-a
portsmarocains,sucrieremarocaine,Ports marocains,Compagnie Sucrière Marocaine,1,laurent-atthalin-a
portsmarocains,tabacsmaroc,Ports marocains,Tabacs au Maroc,1,laurent-atthalin-a
sucrieremarocaine,tabacsmaroc,Compagnie Sucrière Marocaine,Tabacs au Maroc,1,laurent-atthalin-a
directioncasablanca,marocaineconstructionsmetalliques,Direction à Casablanca,Société marocaine de constructions métalliques,1,audy-p
marocaineconstructionsmetalliques,marocaineexplosifsaccessoiresmines,Société marocaine de constructions métalliques,Sté marocaine d'explosifs et d'accessoires de mines,1,audy-p
agricolenordafricain,materielagricolenordafricain,Société Agricole du Nord-Africain,Matériel agricole Nord-Africain,1,hustache-f
directioncasablanca,materielagricolenordafricain,Direction à Casablanca,Matériel agricole Nord-Africain,1,hustache-f
marocaineexplosifsaccessoiresmines,materielagricolenordafricain,Sté marocaine d'explosifs et d'accessoires de mines,Matériel agricole Nord-Africain,1,hustache-f
culturesindustriellesmaroc,minoteriescomptoirsindigenesmaroc,Société de Cultures industrielles au Maroc,Société de Minoteries et comptoirs indigènes au Maroc,1,pillois-l
banquealgerotunisiennecommerceexportation,chaouiamaroc,Banque algéro-tunisienne pour le commerce d'exportation,Chaouïa et Maroc,1,galicier-a
agricolemarocaine,frsepetrolesmaroc,Agricole Marocaine,Cie frse des PÉTROLES du MAROC,1,colas-e
agricolemarocaine,fsepetrolesmaroc,Agricole Marocaine,Cie Fse des PÉTROLES DU MAROC,1,colas-e
cherifiennecolonisation,marocfoncier,Compagnie Chérifienne de colonisation,Maroc foncier,1,calary-de-lamaziere-m
cherifiennecolonisation,marocaineagricolesidifatah,Compagnie Chérifienne de colonisation,Société marocaine agricole de Sidi-Fatah,1,caze-g
agricoletadla,foncierecasablanca,Société Agricole du Tadla,Société Foncière de Casablanca,1,gautier-de-charnace-c
fermieremarocaineexploitationsagricoles,immobilieremedinacasablanca,Compagnie Fermière Marocaine d’Exploitations agricoles,Société immobilière de la Nouvelle Médina de Casablanca,1,soulange-bodin-a
caissepretsimmobiliersmaroc,entreprisesgrandstravauxhydrauliques,Caisse de prêts immobiliers du Maroc,Entreprises de grands travaux hydrauliques,1,gendre-e
caissepretsimmobiliersmaroc,fermieremarocaineexploitationsagricolesboitepost,Caisse de prêts immobiliers du Maroc,Cie fermière marocaine d'exploitations agricoles Boîte post,1,gendre-e
caissepretsimmobiliersmaroc,minieremarocaine,Caisse de prêts immobiliers du Maroc,Minière Marocaine,1,gendre-e
entreprisesgrandstravauxhydrauliques,fermieremarocaineexploitationsagricoles,Entreprises de grands travaux hydrauliques,Compagnie Fermière Marocaine d’Exploitations agricoles,1,gendre-e
entreprisesgrandstravauxhydrauliques,fermieremarocaineexploitationsagricolesboitepost,Entreprises de grands travaux hydrauliques,Cie fermière marocaine d'exploitations agricoles Boîte post,1,gendre-e
entreprisesgrandstravauxhydrauliques,marocainemagasinsgeneraux,Entreprises de grands travaux hydrauliques,Société marocaine de magasins généraux,1,gendre-e
entreprisesgrandstravauxhydrauliques,minieremarocaine,Entreprises de grands travaux hydrauliques,Minière Marocaine,1,gendre-e
entreprisesgrandstravauxhydrauliques,tramwaysautobuscasablanca,Entreprises de grands travaux hydrauliques,Compagnie des Tramways et autobus de Casablanca,1,gendre-e
fermieremarocaineexploitationsagricoles,fermieremarocaineexploitationsagricolesboitepost,Compagnie Fermière Marocaine d’Exploitations agricoles,Cie fermière marocaine d'exploitations agricoles Boîte post,1,gendre-e
fermieremarocaineexploitationsagricoles,marocainemagasinsgeneraux,Compagnie Fermière Marocaine d’Exploitations agricoles,Société marocaine de magasins généraux,1,gendre-e
fermieremarocaineexploitationsagricoles,minieremarocaine,Compagnie Fermière Marocaine d’Exploitations agricoles,Minière Marocaine,1,gendre-e
fermieremarocaineexploitationsagricoles,tramwaysautobuscasablanca,Compagnie Fermière Marocaine d’Exploitations agricoles,Compagnie des Tramways et autobus de Casablanca,1,gendre-e
fermieremarocaineexploitationsagricolesboitepost,marocainemagasinsgeneraux,Cie fermière marocaine d'exploitations agricoles Boîte post,Société marocaine de magasins généraux,1,gendre-e
fermieremarocaineexploitationsagricolesboitepost,minieremarocaine,Cie fermière marocaine d'exploitations agricoles Boîte post,Minière Marocaine,1,gendre-e
fermieremarocaineexploitationsagricolesboitepost,tramwaysautobuscasablanca,Cie fermière marocaine d'exploitations agricoles Boîte post,Compagnie des Tramways et autobus de Casablanca,1,gendre-e
marocainemagasinsgeneraux,minieremarocaine,Société marocaine de magasins généraux,Minière Marocaine,1,gendre-e
minieremarocaine,tramwaysautobuscasablanca,Minière Marocaine,Compagnie des Tramways et autobus de Casablanca,1,gendre-e
cherifiennehivernage,marocaineimmobilieredarelbeida,Société Chérifienne d'hivernage,Société marocaine Immobilière Dar el Beida,1,descours-desacres
marocaineimmobilieredarelbeida,sudmarocain,Société marocaine Immobilière Dar el Beida,Compagnie du Sud-Marocain,1,descours-desacres
etudesentreprisesmaroc,immobilieremarrakech,Société d'études et d'entreprises au Maroc,Société immobilière de Marrakech,1,egret-a
etudesentreprisesmaroc,sudmarocain,Société d'études et d'entreprises au Maroc,Compagnie du Sud-Marocain,1,egret-a
agricoleimmobilieremarococcidental,entreprisesculturesafrique,Société agricole et immobilière du Maroc occidental,Cie générale d'entreprises et de cultures en Afrique,1,de-brouwer-j
agricoleimmobilieremarococcidental,geranceexploitation,Société agricole et immobilière du Maroc occidental,Société anon. de gérance et d'exploitation,1,de-brouwer-j
entreprisesculturesafrique,geranceexploitation,Cie générale d'entreprises et de cultures en Afrique,Société anon. de gérance et d'exploitation,1,de-brouwer-j
agricoleimmobilieremarococcidental,agricoleimmobobilieremarococcidental,Société agricole et immobilière du Maroc occidental,Société Agricole et Immobobilière du Maroc occidental,1,lauwick
agricolemaroc,developpementminier,Société Agricole du Maroc,Société de développement minier,1,philippe-r
foncieremarococcidental,soctravauxpublicsconstructionscimentarme,Société Foncière du Maroc Occidental,Soc. de TRAVAUX PUBLICS et de CONSTRUCTIONS en CIMENT ARMÉ,1,lazard-a
auxiliaireunion,liegesmamora,Société auxiliaire de l'Union française,"Société des Lièges de la Mamora, puis Compagnie de la Mamora",1,guerin-j
auxiliaireunion,socliegeslasserens,Société auxiliaire de l'Union française,Soc. an. des LIÈGES DE LASSERENS,1,guerin-j
auxiliaireunion,sucrieremarocaine,Société auxiliaire de l'Union française,Compagnie Sucrière Marocaine,1,guerin-j
liegesmamora,sucrieremarocaine,"Société des Lièges de la Mamora, puis Compagnie de la Mamora",Compagnie Sucrière Marocaine,1,guerin-j
centralemarocaine,mamora,Société Centrale marocaine,Compagnie de la Mamora,1,delcourt-e
energieelectriquemaroc,marocaineetablboussiron,Énergie électrique du Maroc,Société marocaine des Établ. Boussiron,1,julien
marocaineetablboussiron,portsmarocains,Société marocaine des Établ. Boussiron,Ports marocains,1,julien
marocaineetablboussiron,tramwaysautobuscasablanca,Société marocaine des Établ. Boussiron,Compagnie des Tramways et autobus de Casablanca,1,julien
francomarocainefedala,plantationslallaito,Cie franco-marocaine de Fédala,Société des plantations de Lalla Ito,1,bertrand-l
francomarocainefedhala,plantationslallaito,Compagnie Franco-Marocaine de Fedhala,Société des plantations de Lalla Ito,1,bertrand-l
comptoirlorrainmaroc,immobilierevilleindigene,Comptoir lorrain du Maroc,Société immobilière de la nouvelle ville indigène,1,nathan-e
etudesimmobilierestanger,maroc,Société d'Études immobilières à Tanger,Compagnie du Maroc,1,despaux-a
domainekorifla,foncierecasablanca,Société an. du domaine de Korifla,Société Foncière de Casablanca,1,de-liedekerke-l
autohall,immobilierelyonnaisemarocaine,Auto-Hall,Société Immobilière Lyonnaise Marocaine,1,mas-p
autohall,immobiliererabat,Auto-Hall,Sté immobilière de Rabat,1,mas-p
autohall,lyonnaisechaouia,Auto-Hall,Société Lyonnaise de la Chaouia,1,mas-p
autohall,marocaineimportationpapiers,Auto-Hall,Marocaine d'Importation des papiers,1,mas-p
immobilierelyonnaisemarocaine,lyonnaisechaouia,Société Immobilière Lyonnaise Marocaine,Société Lyonnaise de la Chaouia,1,mas-p
immobilierelyonnaisemarocaine,marocaineimportationpapiers,Société Immobilière Lyonnaise Marocaine,Marocaine d'Importation des papiers,1,mas-p
immobilierelyonnaisemarocaine,omniumnordafricain,Société Immobilière Lyonnaise Marocaine,Omnium nord-africain,1,mas-p
immobilierelyonnaisemarocaine,produitsmaroc,Société Immobilière Lyonnaise Marocaine,« Les Produits du Maroc »,1,mas-p
immobiliererabat,lyonnaisechaouia,Sté immobilière de Rabat,Société Lyonnaise de la Chaouia,1,mas-p
immobiliererabat,marocaineimportationpapiers,Sté immobilière de Rabat,Marocaine d'Importation des papiers,1,mas-p
immobiliererabat,omniumnordafricain,Sté immobilière de Rabat,Omnium nord-africain,1,mas-p
immobiliererabat,produitsmaroc,Sté immobilière de Rabat,« Les Produits du Maroc »,1,mas-p
lyonnaisechaouia,marocaineimportationpapiers,Société Lyonnaise de la Chaouia,Marocaine d'Importation des papiers,1,mas-p
lyonnaisechaouia,omniumnordafricain,Société Lyonnaise de la Chaouia,Omnium nord-africain,1,mas-p
lyonnaisechaouia,produitsmaroc,Société Lyonnaise de la Chaouia,« Les Produits du Maroc »,1,mas-p
marocaineimportationpapiers,omniumnordafricain,Marocaine d'Importation des papiers,Omnium nord-africain,1,mas-p
marocaineimportationpapiers,produitsmaroc,Marocaine d'Importation des papiers,« Les Produits du Maroc »,1,mas-p
ateliersmagasinssebou,autohall,Ateliers et magasins du Sebou,Auto-Hall,1,barathon-e
ateliersmagasinssebou,cherifienneautomobilesmaterielagricole,Ateliers et magasins du Sebou,Société chérifienne d'automobiles et de matériel agricole,1,barathon-e
ateliersmagasinssebou,sudauto,Ateliers et magasins du Sebou,"« Sud-Auto », anc. Établ. Saclier",1,barathon-e
autohall,cherifienneautomobilesmaterielagricole,Auto-Hall,Société chérifienne d'automobiles et de matériel agricole,1,barathon-e
autohall,sudauto,Auto-Hall,"« Sud-Auto », anc. Établ. Saclier",1,barathon-e
chevre,creditmarocain,« La Chèvre »,Crédit marocain,1,blumenthal-c
marocaineasiatiquepetroles,unionmaritimecoloniale,Cie marocaine et asiatique des pétroles,Union maritime et coloniale,1,terrier
comptoirlainierimportation,comptoirlainierimportationmaroc,Comptoir lainier et d'importation,Comptoir lainier et d'importation au Maroc,1,segard-l
algeromarocaineculturecommerce,chalutagemediterranee,Société Algéro-Marocaine de Culture et de commerce,Société de Chalutage de la Méditerranée,1,roubaix
algeromarocaineculturecommerce,comptoirlanguedocienentreprisesmarocaines,Société Algéro-Marocaine de Culture et de commerce,Comptoir languedocien d'entreprises marocaines,1,roubaix
algeromarocaineculturecommerce,nordafricainetonte,Société Algéro-Marocaine de Culture et de commerce,Société Nord-Africaine de Tonte,1,roubaix
chalutagemediterranee,comptoirlanguedocienentreprisesmarocaines,Société de Chalutage de la Méditerranée,Comptoir languedocien d'entreprises marocaines,1,roubaix
chalutagemediterranee,nordafricainetonte,Société de Chalutage de la Méditerranée,Société Nord-Africaine de Tonte,1,roubaix
comptoirlanguedocienentreprisesmarocaines,nordafricainetonte,Comptoir languedocien d'entreprises marocaines,Société Nord-Africaine de Tonte,1,roubaix
entreprisesquilmes,etablrogermagnier,Entreprises Quilmès,Établ. Roger Magnier,1,giraud-l
entreprisesquilmes,immeublestrezieres,Entreprises Quilmès,Société des immeubles Trézières,1,giraud-l
etablrogermagnier,immeublestrezieres,Établ. Roger Magnier,Société des immeubles Trézières,1,giraud-l
franceauto,transportsautomobilessouss,France-Auto,Société anon. des transports automobiles du Souss,1,ed-lebascle
marocaineautomobiles,transportsautomobilessouss,Société marocaine d'automobiles,Société anon. des transports automobiles du Souss,1,ed-lebascle
autorabat,franceauto,Auto-Rabat,France-Auto,1,dorner-f
autorabat,meknesauto,Auto-Rabat,« Meknès-Auto»,1,dorner-f
franceauto,meknesauto,France-Auto,« Meknès-Auto»,1,dorner-f
maisonlevynouveautes,minesgraphitemarocouminesgraphitesmaroc,Maison Lévy-Nouveautés »,Mines et graphite du Maroc ou Mines et graphites du Maroc,1,levy-a
maisonlevynouveautes,minoteriesatlas,Maison Lévy-Nouveautés »,Société anon. des minoteries de l'Atlas,1,levy-a
minesgraphitemarocouminesgraphitesmaroc,minoteriesatlas,Mines et graphite du Maroc ou Mines et graphites du Maroc,Société anon. des minoteries de l'Atlas,1,levy-a
carton,ecolescharlesfoucault,Carton,Écoles Charles-de-Foucault,1,blondel-h
carton,marocimmobilier,Carton,Maroc Immobilier,1,blondel-h
ecolescharlesfoucault,marocimmobilier,Écoles Charles-de-Foucault,Maroc Immobilier,1,blondel-h
huileriessavonneriesmaroc,minoteriemarocaine,Huileries et savonneries du Maroc,Minoterie marocaine,1,benedic-l
chauxcimentsmateriauxconstructionmaroc,minoteriemarocaine,"Chaux, ciments et matériaux de construction au Maroc",Minoterie marocaine,1,braunschwig-g
marocaineentrepriseimmobilieremobiliere,minoteriemarocaine,"Société Marocaine d'entreprise générale immobilière et mobilière, puis La Construction marocaine et La Construction civile",Minoterie marocaine,1,braunschwig-g
cultureelevagefedalafedala,minoteriemarocaine,"Société de culture et d'élevage de Fédala, FÉDALA",Minoterie marocaine,1,peraire-j
cultureelevagefedalafedala,portfedala,"Société de culture et d'élevage de Fédala, FÉDALA",Cie du port de Fédala,1,peraire-j
cultureelevagefedalafedala,salinesmaroc,"Société de culture et d'élevage de Fédala, FÉDALA",Salines du Maroc,1,peraire-j
minoteriemarocaine,portfedala,Minoterie marocaine,Cie du port de Fédala,1,peraire-j
minoteriemarocaine,salinesfedala,Minoterie marocaine,Salines de Fédala,1,peraire-j
minoteriemarocaine,salinesmaroc,Minoterie marocaine,Salines du Maroc,1,peraire-j
miroiteriemaroc,moulinsmaroc,Miroiterie générale du Maroc,Moulins du Maroc,1,ettedgui-s
elevagemeknesagouraiparmeknes,immobilierenordmarocain,"Société d'élevage de Meknès, AGOURAI, par Meknès",Société Immobilière du Nord-Marocain,1,paitel-g
elevagemeknesagouraiparmeknes,merinosmarocain,"Société d'élevage de Meknès, AGOURAI, par Meknès",Le Mérinos marocain,1,paitel-g
elevagemeknesagouraiparmeknes,olivettesmarocaines,"Société d'élevage de Meknès, AGOURAI, par Meknès",Les Olivettes marocaines,1,paitel-g
elevagemeknesagouraiparmeknes,olivettesnordmarocain,"Société d'élevage de Meknès, AGOURAI, par Meknès",Olivettes du Nord marocain,1,paitel-g
immobilierenordmarocain,unionovineafriquenord,Société Immobilière du Nord-Marocain,Union ovine de l'Afrique du Nord,1,paitel-g
merinosmarocain,unionovineafriquenord,Le Mérinos marocain,Union ovine de l'Afrique du Nord,1,paitel-g
olivettesmarocaines,unionovineafriquenord,Les Olivettes marocaines,Union ovine de l'Afrique du Nord,1,paitel-g
olivettesnordmarocain,unionovineafriquenord,Olivettes du Nord marocain,Union ovine de l'Afrique du Nord,1,paitel-g
immobilierenordmarocain,omniumtextilesfermo,Société Immobilière du Nord-Marocain,Omnium des textiles A. Fermo,1,faure-a
olivettesmarocaines,omniumtextilesfermo,Les Olivettes marocaines,Omnium des textiles A. Fermo,1,faure-a
olivettesnordmarocain,omniumtextilesfermo,Olivettes du Nord marocain,Omnium des textiles A. Fermo,1,faure-a
etudesgrandatlas,immobilierenordmarocain,Société d'Études du Grand-Atlas,Société Immobilière du Nord-Marocain,1,sabeau-j
etudesgrandatlas,olivettesnordmarocain,Société d'Études du Grand-Atlas,Olivettes du Nord marocain,1,sabeau-j
senouf,societeandesanciensetabllouissenouf,Senouf,Société an. des anciens Établ. Louis Senouf,1,senouf-l
domainekorifla,etudescommercemaroc,Société an. du domaine de Korifla,Société d'Études et de commerce au Maroc,1,ghion-l
domainekoriflaainelaouda,etudescommercemaroc,"Domaine de Korifla, Aïn-el-Aouda",Société d'Études et de commerce au Maroc,1,ghion-l
domainekorifla,minoteriesatlas,Société an. du domaine de Korifla,Société anon. des minoteries de l'Atlas,1,pertuizo-l
marocaineboismateriauxconstruction,sudmarocain,Société marocaine des bois et matériaux de Construction,Compagnie du Sud-Marocain,1,descours-desacres-a
asiatiqueafricaine,marocaineexportationprimeurs,Compagnie Asiatique et africaine,Société marocaine d'exportation de primeurs,1,hecquet-g
banquemaroc,marocaineexportationprimeurs,Banque française du Maroc,Société marocaine d'exportation de primeurs,1,hecquet-g
marocaineexportationprimeurs,unioncommercialeindochinoiseafricaine,Société marocaine d'exportation de primeurs,L'Union commerciale indochinoise et africaine,1,hecquet-g
commercialemaghreb,legalfreres,Cie commerciale du Maghreb,Legal frères & Cie,1,mahieux-h
creditmaghreb,legalfreres,Crédit du Maghreb,Legal frères & Cie,1,mahieux-h
legalfreres,mobiliereimmobilierefrancomarocaine,Legal frères & Cie,Société mobilière et immobilière franco-marocaine,1,mahieux-h
moulinsmaghreb,nordafricaineventespubliques,Société des Moulins du Maghreb,Société Nord-Africaine de Ventes publiques,1,schweisguth-c
moulinsmaghreb,transportsmazeres,Société des Moulins du Maghreb,Transports Mazères,1,schweisguth-c
nordafricaineventespubliques,transportsmazeres,Société Nord-Africaine de Ventes publiques,Transports Mazères,1,schweisguth-c
africaineexplosifs,caissepretsimmobiliersmaroc,Cie africaine des explosifs,Caisse de prêts immobiliers du Maroc,1,fournet-j
africaineexplosifs,entreprisemarocaineasphaltage,Cie africaine des explosifs,Entreprise marocaine d'asphaltage,1,fournet-j
africaineexplosifs,forestierekcebia,Cie africaine des explosifs,Société Forestière de Kcebia,1,fournet-j
africaineexplosifs,produitsmaroc,Cie africaine des explosifs,« Les Produits du Maroc »,1,fournet-j
africaineexplosifs,tramwaysautobuscasablanca,Cie africaine des explosifs,Compagnie des Tramways et autobus de Casablanca,1,fournet-j
africaineexplosifs,tramwaysautobusfes,Cie africaine des explosifs,Cie des tramways et autobus de Fès,1,fournet-j
africaineexplosifs,transportsmazeres,Cie africaine des explosifs,Transports Mazères,1,fournet-j
caissepretsimmobiliersmaroc,entreprisemarocaineasphaltage,Caisse de prêts immobiliers du Maroc,Entreprise marocaine d'asphaltage,1,fournet-j
caissepretsimmobiliersmaroc,forestierekcebia,Caisse de prêts immobiliers du Maroc,Société Forestière de Kcebia,1,fournet-j
caissepretsimmobiliersmaroc,produitsmaroc,Caisse de prêts immobiliers du Maroc,« Les Produits du Maroc »,1,fournet-j
caissepretsimmobiliersmaroc,transportsmazeres,Caisse de prêts immobiliers du Maroc,Transports Mazères,1,fournet-j
entreprisemarocaineasphaltage,forestierekcebia,Entreprise marocaine d'asphaltage,Société Forestière de Kcebia,1,fournet-j
entreprisemarocaineasphaltage,produitsmaroc,Entreprise marocaine d'asphaltage,« Les Produits du Maroc »,1,fournet-j
entreprisemarocaineasphaltage,tramwaysautobuscasablanca,Entreprise marocaine d'asphaltage,Compagnie des Tramways et autobus de Casablanca,1,fournet-j
entreprisemarocaineasphaltage,tramwaysautobusfes,Entreprise marocaine d'asphaltage,Cie des tramways et autobus de Fès,1,fournet-j
entreprisemarocaineasphaltage,transportsmazeres,Entreprise marocaine d'asphaltage,Transports Mazères,1,fournet-j
forestierekcebia,produitsmaroc,Société Forestière de Kcebia,« Les Produits du Maroc »,1,fournet-j
forestierekcebia,tramwaysautobuscasablanca,Société Forestière de Kcebia,Compagnie des Tramways et autobus de Casablanca,1,fournet-j
forestierekcebia,tramwaysautobusfes,Société Forestière de Kcebia,Cie des tramways et autobus de Fès,1,fournet-j
forestierekcebia,transportsmazeres,Société Forestière de Kcebia,Transports Mazères,1,fournet-j
produitsmaroc,tramwaysautobuscasablanca,« Les Produits du Maroc »,Compagnie des Tramways et autobus de Casablanca,1,fournet-j
produitsmaroc,tramwaysautobusfes,« Les Produits du Maroc »,Cie des tramways et autobus de Fès,1,fournet-j
produitsmaroc,transportsmazeres,« Les Produits du Maroc »,Transports Mazères,1,fournet-j
tramwaysautobuscasablanca,tramwaysautobusfes,Compagnie des Tramways et autobus de Casablanca,Cie des tramways et autobus de Fès,1,fournet-j
tramwaysautobuscasablanca,transportsmazeres,Compagnie des Tramways et autobus de Casablanca,Transports Mazères,1,fournet-j
tramwaysautobusfes,transportsmazeres,Cie des tramways et autobus de Fès,Transports Mazères,1,fournet-j
socetudesrecherchestraitementphosphatesmaroc,transportsmazeres,Soc. d'études et de recherches du traitement des PHOSPHATES au MAROC,Transports Mazères,1,bel-j
etudesculturericinmaroc,transportsmazeres,Société d'études pour la culture du ricin au Maroc,Transports Mazères,1,cotte
internationalecarburants,phosphatesafriquenord,Compagnie Internationale des carburants,"Cie des Phosphates de l'Afrique du Nord, puis Produits chimiques et phsphates de l'Afrique du Nord, puis Pétroles, Produits chimiques et phosphates et, à nouveau, Phosphates de l'Afrique du Nord",1,moatti-e
internationalecarburants,transportsmazeres,Compagnie Internationale des carburants,Transports Mazères,1,moatti-e
phosphatesafriquenord,transportsmazeres,"Cie des Phosphates de l'Afrique du Nord, puis Produits chimiques et phsphates de l'Afrique du Nord, puis Pétroles, Produits chimiques et phosphates et, à nouveau, Phosphates de l'Afrique du Nord",Transports Mazères,1,moatti-e
espartina,industriellecommercialeadoursebou,Sté Espartina,Société industrielle et commerciale Adour-Sebou,1,perriquet-c
immobilierekenitreenneterrainsindustriels,industriellecommercialeadoursebou,Société immobilière kénitréenne de terrains industriels,Société industrielle et commerciale Adour-Sebou,1,perriquet-c
immobilierevillehaute,industriellecommercialeadoursebou,Immobilière Ville-Haute,Société industrielle et commerciale Adour-Sebou,1,perriquet-c
chomel,financiereagricultureindustriemaroc,Chomel et Cie,Cie Financière pour l'agriculture et l'industrie au Maroc,1,derck-f
chomel,tuileriesbriqueteriesmarrakech,Chomel et Cie,Tuileries et briqueteries de Marrakech,1,marrakech-medina
1923clovistreboz,chomel,"S.A., 1923 Clovis Tréboz",Chomel et Cie,1,lombardet-c
1923clovistreboz,continentafricain,"S.A., 1923 Clovis Tréboz",Compagnie Française du Continent africain,1,lombardet-c
1923clovistreboz,marrakechauto,"S.A., 1923 Clovis Tréboz",Marrakech-Auto,1,lombardet-c
chomel,continentafricain,Chomel et Cie,Compagnie Française du Continent africain,1,lombardet-c
continentafricain,marrakechauto,Compagnie Française du Continent africain,Marrakech-Auto,1,lombardet-c
chomel,societesminieregundafa,Chomel et Cie,Sociétés Minière des Gundafa,1,descas-c
commercialeagricolemaroc,etablissementsperezcoudert,Commerciale et Agricole du Maroc,Établissements Pérez et Coudert,1,loiseau-j
commercialeagricolemaroc,creditmarocain,Commerciale et Agricole du Maroc,Crédit marocain,1,represent
elgalyjacquet,entrepriseafricainesanitairethermique,Elgaly et Jacquet,Entreprise africaine sanitaire et thermique,1,bourges-h
elgalyjacquet,marocaineimmobilieredarelbeida,Elgaly et Jacquet,Société marocaine Immobilière Dar el Beida,1,bourges-h
entrepriseafricainesanitairethermique,marocaineimmobilieredarelbeida,Entreprise africaine sanitaire et thermique,Société marocaine Immobilière Dar el Beida,1,bourges-h
comptoirautomobileagricole,moghrebineentreprisesgenerales,Comptoir automobile et agricole,Sté moghrébine d'entreprises générales,1,dolbeau-h
carrieresmarocaines,comptoirautomobileagricole,Société des Carrières marocaines,Comptoir automobile et agricole,1,gillet-g
agricolezemmours,culturesindustriellesmaroc,Société agricole des Zemmours,Société de Cultures industrielles au Maroc,1,carle-g
agricolezemmours,etablissementsbeteille,Société agricole des Zemmours,Établissements L. Béteille,1,carle-g
agricolezemmours,etsmenagerkenitra,Société agricole des Zemmours,Éts Ménager ; Kénitra,1,carle-g
agricolezemmours,industrielleboismanufacture,Société agricole des Zemmours,Société industrielle du bois manufacturé,1,carle-g
culturesindustriellesmaroc,etablissementsbeteille,Société de Cultures industrielles au Maroc,Établissements L. Béteille,1,carle-g
culturesindustriellesmaroc,etsmenagerkenitra,Société de Cultures industrielles au Maroc,Éts Ménager ; Kénitra,1,carle-g
culturesindustriellesmaroc,industrielleboismanufacture,Société de Cultures industrielles au Maroc,Société industrielle du bois manufacturé,1,carle-g
etablissementsbeteille,industrielleboismanufacture,Établissements L. Béteille,Société industrielle du bois manufacturé,1,carle-g
etsmenagerkenitra,industrielleboismanufacture,Éts Ménager ; Kénitra,Société industrielle du bois manufacturé,1,carle-g
annonay,cotonniererodumna,ANNONAY,Société Cotonnière Rodumna,1,desbenoit-l
annonay,forestierekcebia,ANNONAY,Société Forestière de Kcebia,1,desbenoit-l
annonay,roannaisefermesafriquenord,ANNONAY,Société Roannaise des Fermes de l'Afrique du Nord,1,desbenoit-l
banquehypothecairemaroc,cotonniererodumna,Banque hypothécaire du Maroc,Société Cotonnière Rodumna,1,desbenoit-l
banquehypothecairemaroc,forestierekcebia,Banque hypothécaire du Maroc,Société Forestière de Kcebia,1,desbenoit-l
banquehypothecairemaroc,roannaisefermesafriquenord,Banque hypothécaire du Maroc,Société Roannaise des Fermes de l'Afrique du Nord,1,desbenoit-l
cotonniererodumna,forestierekcebia,Société Cotonnière Rodumna,Société Forestière de Kcebia,1,desbenoit-l
cotonniererodumna,roannaisefermesafriquenord,Société Cotonnière Rodumna,Société Roannaise des Fermes de l'Afrique du Nord,1,desbenoit-l
abrahamhalmnahon,foncieretanger,Abraham Halm Nahon,Société Française Foncière de Tanger,1,kuhn-p
annonay,comptoirhorticoleviticolecherifien,ANNONAY,Comptoir horticole et viticole chérifien,1,gioja-d
banquehypothecairemaroc,comptoirhorticoleviticolecherifien,Banque hypothécaire du Maroc,Comptoir horticole et viticole chérifien,1,gioja-d
commercialemaghreb,entreprisemarocaineasphaltage,Cie commerciale du Maghreb,Entreprise marocaine d'asphaltage,1,legal-c
commercialemaghreb,forestiereindustriellecommerciale,Cie commerciale du Maghreb,Société forestière industrielle et commerciale,1,legal-c
commercialemaghreb,maisontempliervignoud,Cie commerciale du Maghreb,"Maison Templier, Vignoud et Cie",1,legal-c
creditmaghreb,entreprisemarocaineasphaltage,Crédit du Maghreb,Entreprise marocaine d'asphaltage,1,legal-c
creditmaghreb,forestiereindustriellecommerciale,Crédit du Maghreb,Société forestière industrielle et commerciale,1,legal-c
creditmaghreb,maisontempliervignoud,Crédit du Maghreb,"Maison Templier, Vignoud et Cie",1,legal-c
entreprisemarocaineasphaltage,forestiereindustriellecommerciale,Entreprise marocaine d'asphaltage,Société forestière industrielle et commerciale,1,legal-c
entreprisemarocaineasphaltage,maisontempliervignoud,Entreprise marocaine d'asphaltage,"Maison Templier, Vignoud et Cie",1,legal-c
entreprisemarocaineasphaltage,mobiliereimmobilierefrancomarocaine,Entreprise marocaine d'asphaltage,Société mobilière et immobilière franco-marocaine,1,legal-c
forestiereindustriellecommerciale,maisontempliervignoud,Société forestière industrielle et commerciale,"Maison Templier, Vignoud et Cie",1,legal-c
forestiereindustriellecommerciale,mobiliereimmobilierefrancomarocaine,Société forestière industrielle et commerciale,Société mobilière et immobilière franco-marocaine,1,legal-c
maisontempliervignoud,mobiliereimmobilierefrancomarocaine,"Maison Templier, Vignoud et Cie",Société mobilière et immobilière franco-marocaine,1,legal-c
banqueunionmarocaine,creditmaghreb,Banque de l'union marocaine,Crédit du Maghreb,1,guillaud-l
banqueunionmarocaine,ecolescharlesfoucault,Banque de l'union marocaine,Écoles Charles-de-Foucault,1,guillaud-l
creditmaghreb,ecolescharlesfoucault,Crédit du Maghreb,Écoles Charles-de-Foucault,1,guillaud-l
creditmarocain,etablissementsdomerc,Crédit marocain,Établissements Domerc,1,domerc-j
creditmarocain,etsjosephdomerc,Crédit marocain,Éts Joseph Domerc,1,domerc-j
etablissementsdomerc,etsjosephdomerc,Établissements Domerc,Éts Joseph Domerc,1,domerc-j
centraleautomobilecherifienne,creditmarocain,Centrale automobile chérifienne,Crédit marocain,1,domerc-l
internationalegrandsmagasins,metallurgiqueminierefrancomarocaine,Cie internationale de Grands Magasins,Compagnie Métallurgique et minière franco-marocaine,1,michel-c
africaineateliersconstructionschwartzhautmont,agricolesoukelarbarharb,Cie africaine des ateliers de construction Schwartz-Hautmont,Cie agricole de Souk-el-Arba-du-Rharb,1,guillemet-p
africaineateliersconstructionschwartzhautmont,culturesindustriellesmaroc,Cie africaine des ateliers de construction Schwartz-Hautmont,Société de Cultures industrielles au Maroc,1,guillemet-p
africaineateliersconstructionschwartzhautmont,entrepriseelectriquezenatasfedala,Cie africaine des ateliers de construction Schwartz-Hautmont,Entreprise électrique des Zenatas-Fédala,1,guillemet-p
africaineateliersconstructionschwartzhautmont,fermessegmet,Cie africaine des ateliers de construction Schwartz-Hautmont,Société des fermes du Segmet,1,guillemet-p
africaineateliersconstructionschwartzhautmont,marocainevinicole,Cie africaine des ateliers de construction Schwartz-Hautmont,Compagnie marocaine vinicole,1,guillemet-p
africaineateliersconstructionschwartzhautmont,produitsmaroc,Cie africaine des ateliers de construction Schwartz-Hautmont,« Les Produits du Maroc »,1,guillemet-p
africaineateliersconstructionschwartzhautmont,socessencesvegetalesafricaines,Cie africaine des ateliers de construction Schwartz-Hautmont,Soc. des ESSENCES VÉGÉTALES AFRICAINES,1,guillemet-p
africaineateliersconstructionschwartzhautmont,sucrieremarocaine,Cie africaine des ateliers de construction Schwartz-Hautmont,Compagnie Sucrière Marocaine,1,guillemet-p
agencefrance,agricolesoukelarbarharb,Agence en France,Cie agricole de Souk-el-Arba-du-Rharb,1,guillemet-p
agencefrance,culturesindustriellesmaroc,Agence en France,Société de Cultures industrielles au Maroc,1,guillemet-p
agencefrance,entrepriseelectriquezenatasfedala,Agence en France,Entreprise électrique des Zenatas-Fédala,1,guillemet-p
agencefrance,fermessegmet,Agence en France,Société des fermes du Segmet,1,guillemet-p
agencefrance,marocainevinicole,Agence en France,Compagnie marocaine vinicole,1,guillemet-p
agencefrance,produitsmaroc,Agence en France,« Les Produits du Maroc »,1,guillemet-p
agencefrance,socessencesvegetalesafricaines,Agence en France,Soc. des ESSENCES VÉGÉTALES AFRICAINES,1,guillemet-p
agencefrance,sucrieremarocaine,Agence en France,Compagnie Sucrière Marocaine,1,guillemet-p
agricolesoukelarbarharb,autohall,Cie agricole de Souk-el-Arba-du-Rharb,Auto-Hall,1,guillemet-p
agricolesoukelarbarharb,culturesindustriellesmaroc,Cie agricole de Souk-el-Arba-du-Rharb,Société de Cultures industrielles au Maroc,1,guillemet-p
agricolesoukelarbarharb,entrepriseelectriquezenatasfedala,Cie agricole de Souk-el-Arba-du-Rharb,Entreprise électrique des Zenatas-Fédala,1,guillemet-p
agricolesoukelarbarharb,fermessegmet,Cie agricole de Souk-el-Arba-du-Rharb,Société des fermes du Segmet,1,guillemet-p
agricolesoukelarbarharb,marocainevinicole,Cie agricole de Souk-el-Arba-du-Rharb,Compagnie marocaine vinicole,1,guillemet-p
agricolesoukelarbarharb,omniumnordafricain,Cie agricole de Souk-el-Arba-du-Rharb,Omnium nord-africain,1,guillemet-p
agricolesoukelarbarharb,produitsmaroc,Cie agricole de Souk-el-Arba-du-Rharb,« Les Produits du Maroc »,1,guillemet-p
agricolesoukelarbarharb,socessencesvegetalesafricaines,Cie agricole de Souk-el-Arba-du-Rharb,Soc. des ESSENCES VÉGÉTALES AFRICAINES,1,guillemet-p
agricolesoukelarbarharb,sucrieremarocaine,Cie agricole de Souk-el-Arba-du-Rharb,Compagnie Sucrière Marocaine,1,guillemet-p
autohall,culturesindustriellesmaroc,Auto-Hall,Société de Cultures industrielles au Maroc,1,guillemet-p
autohall,entrepriseelectriquezenatasfedala,Auto-Hall,Entreprise électrique des Zenatas-Fédala,1,guillemet-p
autohall,fermessegmet,Auto-Hall,Société des fermes du Segmet,1,guillemet-p
autohall,marocainevinicole,Auto-Hall,Compagnie marocaine vinicole,1,guillemet-p
autohall,socessencesvegetalesafricaines,Auto-Hall,Soc. des ESSENCES VÉGÉTALES AFRICAINES,1,guillemet-p
autohall,sucrieremarocaine,Auto-Hall,Compagnie Sucrière Marocaine,1,guillemet-p
culturesindustriellesmaroc,entrepriseelectriquezenatasfedala,Société de Cultures industrielles au Maroc,Entreprise électrique des Zenatas-Fédala,1,guillemet-p
culturesindustriellesmaroc,fermessegmet,Société de Cultures industrielles au Maroc,Société des fermes du Segmet,1,guillemet-p
culturesindustriellesmaroc,marocainevinicole,Société de Cultures industrielles au Maroc,Compagnie marocaine vinicole,1,guillemet-p
culturesindustriellesmaroc,omniumnordafricain,Société de Cultures industrielles au Maroc,Omnium nord-africain,1,guillemet-p
culturesindustriellesmaroc,produitsmaroc,Société de Cultures industrielles au Maroc,« Les Produits du Maroc »,1,guillemet-p
culturesindustriellesmaroc,socessencesvegetalesafricaines,Société de Cultures industrielles au Maroc,Soc. des ESSENCES VÉGÉTALES AFRICAINES,1,guillemet-p
culturesindustriellesmaroc,sucrieremarocaine,Société de Cultures industrielles au Maroc,Compagnie Sucrière Marocaine,1,guillemet-p
entrepriseelectriquezenatasfedala,fermessegmet,Entreprise électrique des Zenatas-Fédala,Société des fermes du Segmet,1,guillemet-p
entrepriseelectriquezenatasfedala,marocainevinicole,Entreprise électrique des Zenatas-Fédala,Compagnie marocaine vinicole,1,guillemet-p
entrepriseelectriquezenatasfedala,omniumnordafricain,Entreprise électrique des Zenatas-Fédala,Omnium nord-africain,1,guillemet-p
entrepriseelectriquezenatasfedala,produitsmaroc,Entreprise électrique des Zenatas-Fédala,« Les Produits du Maroc »,1,guillemet-p
entrepriseelectriquezenatasfedala,socessencesvegetalesafricaines,Entreprise électrique des Zenatas-Fédala,Soc. des ESSENCES VÉGÉTALES AFRICAINES,1,guillemet-p
entrepriseelectriquezenatasfedala,sucrieremarocaine,Entreprise électrique des Zenatas-Fédala,Compagnie Sucrière Marocaine,1,guillemet-p
fermessegmet,omniumnordafricain,Société des fermes du Segmet,Omnium nord-africain,1,guillemet-p
fermessegmet,produitsmaroc,Société des fermes du Segmet,« Les Produits du Maroc »,1,guillemet-p
fermessegmet,sucrieremarocaine,Société des fermes du Segmet,Compagnie Sucrière Marocaine,1,guillemet-p
marocainevinicole,omniumnordafricain,Compagnie marocaine vinicole,Omnium nord-africain,1,guillemet-p
marocainevinicole,produitsmaroc,Compagnie marocaine vinicole,« Les Produits du Maroc »,1,guillemet-p
marocainevinicole,socessencesvegetalesafricaines,Compagnie marocaine vinicole,Soc. des ESSENCES VÉGÉTALES AFRICAINES,1,guillemet-p
marocainevinicole,sucrieremarocaine,Compagnie marocaine vinicole,Compagnie Sucrière Marocaine,1,guillemet-p
omniumnordafricain,socessencesvegetalesafricaines,Omnium nord-africain,Soc. des ESSENCES VÉGÉTALES AFRICAINES,1,guillemet-p
omniumnordafricain,sucrieremarocaine,Omnium nord-africain,Compagnie Sucrière Marocaine,1,guillemet-p
produitsmaroc,socessencesvegetalesafricaines,« Les Produits du Maroc »,Soc. des ESSENCES VÉGÉTALES AFRICAINES,1,guillemet-p
produitsmaroc,sucrieremarocaine,« Les Produits du Maroc »,Compagnie Sucrière Marocaine,1,guillemet-p
socessencesvegetalesafricaines,sucrieremarocaine,Soc. des ESSENCES VÉGÉTALES AFRICAINES,Compagnie Sucrière Marocaine,1,guillemet-p
grandsbazarsmarocains,marocainevinicole,Grands bazars marocains,Compagnie marocaine vinicole,1,chapon-m
grandsbazarsmarocains,materielagricolenordafricain,Grands bazars marocains,Matériel agricole Nord-Africain,1,chapon-m
grandsbazarsmarocains,tramwaysautobuscasablanca,Grands bazars marocains,Compagnie des Tramways et autobus de Casablanca,1,chapon-m
marocainevinicole,materielagricolenordafricain,Compagnie marocaine vinicole,Matériel agricole Nord-Africain,1,chapon-m
marocainevinicole,tramwaysautobuscasablanca,Compagnie marocaine vinicole,Compagnie des Tramways et autobus de Casablanca,1,chapon-m
materielagricolenordafricain,tramwaysautobuscasablanca,Matériel agricole Nord-Africain,Compagnie des Tramways et autobus de Casablanca,1,chapon-m
forestierekcebia,liantsmateriauxmaroc,Société Forestière de Kcebia,Liants et matériaux du Maroc,1,sicre-a
forestierekcebia,maisontempliervignoud,Société Forestière de Kcebia,"Maison Templier, Vignoud et Cie",1,sicre-a
forestierekcebia,marocaineapprovisionnement,Société Forestière de Kcebia,Marocaine d'approvisionnement,1,sicre-a
forestierekcebia,marocainebois,Société Forestière de Kcebia,« La Marocaine des bois »,1,sicre-a
forestierekcebia,marocainevinicole,Société Forestière de Kcebia,Compagnie marocaine vinicole,1,sicre-a
liantsmateriauxmaroc,maisontempliervignoud,Liants et matériaux du Maroc,"Maison Templier, Vignoud et Cie",1,sicre-a
liantsmateriauxmaroc,marocaineapprovisionnement,Liants et matériaux du Maroc,Marocaine d'approvisionnement,1,sicre-a
liantsmateriauxmaroc,marocainevinicole,Liants et matériaux du Maroc,Compagnie marocaine vinicole,1,sicre-a
maisontempliervignoud,marocaineapprovisionnement,"Maison Templier, Vignoud et Cie",Marocaine d'approvisionnement,1,sicre-a
maisontempliervignoud,marocainebois,"Maison Templier, Vignoud et Cie",« La Marocaine des bois »,1,sicre-a
maisontempliervignoud,marocainevinicole,"Maison Templier, Vignoud et Cie",Compagnie marocaine vinicole,1,sicre-a
marocaineapprovisionnement,marocainebois,Marocaine d'approvisionnement,« La Marocaine des bois »,1,sicre-a
marocaineapprovisionnement,marocainevinicole,Marocaine d'approvisionnement,Compagnie marocaine vinicole,1,sicre-a
marocainebois,marocainevinicole,« La Marocaine des bois »,Compagnie marocaine vinicole,1,sicre-a
comptoirmaroc,domainekorifla,Comptoir français du Maroc,Société an. du domaine de Korifla,1,de-cherisey-r
comptoirmaroc,foncieremaroc,Comptoir français du Maroc,Société Foncière Française au Maroc,1,de-cherisey-r
domainekorifla,foncieremaroc,Société an. du domaine de Korifla,Société Foncière Française au Maroc,1,de-cherisey-r
comptoirmetallurgiquemaroc,marocaineetsjjcarnaudforgesbasseindre,Comptoir métallurgique du Maroc,Société marocaine des Éts J.-J. Carnaud et Forges de Basse-Indre,1,goldberger-h
automobilemarocaine,banqueetatmaroc,Générale automobile marocaine,Banque d'État du Maroc,1,rengnet-p
automobilemarocaine,caissepretsimmobiliersmaroc,Générale automobile marocaine,Caisse de prêts immobiliers du Maroc,1,rengnet-p
africainematerielindustriel,officenordafricain,Société africaine de matériel industriel,Office nord-africain,1,chateau-g
automobilemarocaine,officenordafricain,Générale automobile marocaine,Office nord-africain,1,chateau-g
etablbozzibaudin,officenordafricain,Établ. Bozzi et Baudin,Office nord-africain,1,chateau-g
agricoleimmobobilieremarococcidental,etablissementsemilelaport,Société Agricole et Immobobilière du Maroc occidental,Établissements Émile Laport et Cie,1,hanquet-p
agricoleimmobobilieremarococcidental,geranceexploitation,Société Agricole et Immobobilière du Maroc occidental,Société anon. de gérance et d'exploitation,1,hanquet-p
agricoleimmobobilieremarococcidental,viticolemarocaine,Société Agricole et Immobobilière du Maroc occidental,Société viticole marocaine,1,hanquet-p
etablissementsemilelaport,geranceexploitation,Établissements Émile Laport et Cie,Société anon. de gérance et d'exploitation,1,hanquet-p
etablissementsemilelaport,horticolearboricolemarocaine,Établissements Émile Laport et Cie,Société Horticole et Arboricole Marocaine,1,hanquet-p
etablissementsemilelaport,viticolemarocaine,Établissements Émile Laport et Cie,Société viticole marocaine,1,hanquet-p
geranceexploitation,viticolemarocaine,Société anon. de gérance et d'exploitation,Société viticole marocaine,1,hanquet-p
fruitsprimeursmaroc,nordafricaincommercial,Fruits et primeurs du Maroc,Nord-africain commercial,1,borgeaud-h
africaineimportationcharbonsbriquettesnordpas,lyonmaroc,Société africaine d'importation de charbons et briquettes du Nord et du Pas,Lyon-Maroc,1,henry
africainebordelaiseindustrielle,etablindustrielsjlafon,Société africaine et bordelaise industrielle,Établ. industriels J. Lafon,1,lafon-j
africaineeuropecentrale,etablindustrielsjlafon,Société africaine pour l'Europe Centrale,Établ. industriels J. Lafon,1,lafon-j
etablissementslyonnaismaroc,salinesfedalafedala,Société anon. des Établissements lyonnais au Maroc,"Salines de Fédala, FÉDALA",1,mollard-h
etablissementslyonnaismaroc,salinesfedhala,Société anon. des Établissements lyonnais au Maroc,Salines de Fedhala,1,mollard-h
sadelam,salinesfedalafedala,« Sadelam »,"Salines de Fédala, FÉDALA",1,mollard-h
sadelam,salinesfedhala,« Sadelam »,Salines de Fedhala,1,mollard-h
approvisionnement,tramwaysautobuscasablanca,Société anonyme nouvelle d'approvisionnement,Compagnie des Tramways et autobus de Casablanca,1,geraud-l
agavesagadir,carrieresmarocaines,Société des agaves d'Agadir,Société des Carrières marocaines,1,sagot-a
agavesagadir,constructioncivile,Société des agaves d'Agadir,Construction civile,1,sagot-a
agavesagadir,entreprisesmaroc,Société des agaves d'Agadir,Sté générale d'entreprises au Maroc,1,sagot-a
agavesagadir,fruitieremaroc,Société des agaves d'Agadir,Cie fruitière du Maroc,1,sagot-a
agavesagadir,intermediairecommissionproduitsalimentaires,Société des agaves d'Agadir,Société intermédiaire de commission en produits alimentaires,1,sagot-a
agavesagadir,portsmarocains,Société des agaves d'Agadir,Ports marocains,1,sagot-a
agavesmaroc,carrieresmarocaines,Société des agaves du Maroc,Société des Carrières marocaines,1,sagot-a
agavesmaroc,constructioncivile,Société des agaves du Maroc,Construction civile,1,sagot-a
agavesmaroc,entreprisesmaroc,Société des agaves du Maroc,Sté générale d'entreprises au Maroc,1,sagot-a
agavesmaroc,fruitieremaroc,Société des agaves du Maroc,Cie fruitière du Maroc,1,sagot-a
agavesmaroc,intermediairecommissionproduitsalimentaires,Société des agaves du Maroc,Société intermédiaire de commission en produits alimentaires,1,sagot-a
agavesmaroc,portsmarocains,Société des agaves du Maroc,Ports marocains,1,sagot-a
agricolezemmours,carrieresmarocaines,Société agricole des Zemmours,Société des Carrières marocaines,1,sagot-a
agricolezemmours,fruitieremaroc,Société agricole des Zemmours,Cie fruitière du Maroc,1,sagot-a
agricolezemmours,intermediairecommissionproduitsalimentaires,Société agricole des Zemmours,Société intermédiaire de commission en produits alimentaires,1,sagot-a
agricolezemmours,portsmarocains,Société agricole des Zemmours,Ports marocains,1,sagot-a
approvisionnement,carrieresmarocaines,Société anonyme nouvelle d'approvisionnement,Société des Carrières marocaines,1,sagot-a
approvisionnement,constructioncivile,Société anonyme nouvelle d'approvisionnement,Construction civile,1,sagot-a
approvisionnement,entreprisesmaroc,Société anonyme nouvelle d'approvisionnement,Sté générale d'entreprises au Maroc,1,sagot-a
approvisionnement,fruitieremaroc,Société anonyme nouvelle d'approvisionnement,Cie fruitière du Maroc,1,sagot-a
approvisionnement,intermediairecommissionproduitsalimentaires,Société anonyme nouvelle d'approvisionnement,Société intermédiaire de commission en produits alimentaires,1,sagot-a
approvisionnement,portsmarocains,Société anonyme nouvelle d'approvisionnement,Ports marocains,1,sagot-a
carrieresmarocaines,constructioncivile,Société des Carrières marocaines,Construction civile,1,sagot-a
carrieresmarocaines,entreprisesmaroc,Société des Carrières marocaines,Sté générale d'entreprises au Maroc,1,sagot-a
carrieresmarocaines,habitationsmaroc,Société des Carrières marocaines,Société d'Habitations au Maroc,1,sagot-a
carrieresmarocaines,intermediairecommissionproduitsalimentaires,Société des Carrières marocaines,Société intermédiaire de commission en produits alimentaires,1,sagot-a
carrieresmarocaines,lesieurafrique,Société des Carrières marocaines,Lesieur-Afrique,1,sagot-a
carrieresmarocaines,marocaineapprovisionnement,Société des Carrières marocaines,Marocaine d'approvisionnement,1,sagot-a
carrieresmarocaines,moulinsmaghreb,Société des Carrières marocaines,Société des Moulins du Maghreb,1,sagot-a
carrieresmarocaines,pecheriesconservesalimentaires,Société des Carrières marocaines,Société anonyme de pêcheries et conserves alimentaires,1,sagot-a
carrieresmarocaines,portsmarocains,Société des Carrières marocaines,Ports marocains,1,sagot-a
constructioncivile,fruitieremaroc,Construction civile,Cie fruitière du Maroc,1,sagot-a
constructioncivile,intermediairecommissionproduitsalimentaires,Construction civile,Société intermédiaire de commission en produits alimentaires,1,sagot-a
constructioncivile,lesieurafrique,Construction civile,Lesieur-Afrique,1,sagot-a
constructioncivile,pecheriesconservesalimentaires,Construction civile,Société anonyme de pêcheries et conserves alimentaires,1,sagot-a
entreprisesmaroc,fruitieremaroc,Sté générale d'entreprises au Maroc,Cie fruitière du Maroc,1,sagot-a
entreprisesmaroc,intermediairecommissionproduitsalimentaires,Sté générale d'entreprises au Maroc,Société intermédiaire de commission en produits alimentaires,1,sagot-a
entreprisesmaroc,lesieurafrique,Sté générale d'entreprises au Maroc,Lesieur-Afrique,1,sagot-a
entreprisesmaroc,marocaineapprovisionnement,Sté générale d'entreprises au Maroc,Marocaine d'approvisionnement,1,sagot-a
entreprisesmaroc,pecheriesconservesalimentaires,Sté générale d'entreprises au Maroc,Société anonyme de pêcheries et conserves alimentaires,1,sagot-a
fruitieremaroc,habitationsmaroc,Cie fruitière du Maroc,Société d'Habitations au Maroc,1,sagot-a
fruitieremaroc,intermediairecommissionproduitsalimentaires,Cie fruitière du Maroc,Société intermédiaire de commission en produits alimentaires,1,sagot-a
fruitieremaroc,lesieurafrique,Cie fruitière du Maroc,Lesieur-Afrique,1,sagot-a
fruitieremaroc,marocaineapprovisionnement,Cie fruitière du Maroc,Marocaine d'approvisionnement,1,sagot-a
fruitieremaroc,moulinsmaghreb,Cie fruitière du Maroc,Société des Moulins du Maghreb,1,sagot-a
fruitieremaroc,pecheriesconservesalimentaires,Cie fruitière du Maroc,Société anonyme de pêcheries et conserves alimentaires,1,sagot-a
fruitieremaroc,portsmarocains,Cie fruitière du Maroc,Ports marocains,1,sagot-a
habitationsmaroc,intermediairecommissionproduitsalimentaires,Société d'Habitations au Maroc,Société intermédiaire de commission en produits alimentaires,1,sagot-a
intermediairecommissionproduitsalimentaires,lesieurafrique,Société intermédiaire de commission en produits alimentaires,Lesieur-Afrique,1,sagot-a
intermediairecommissionproduitsalimentaires,marocaineapprovisionnement,Société intermédiaire de commission en produits alimentaires,Marocaine d'approvisionnement,1,sagot-a
intermediairecommissionproduitsalimentaires,moulinsmaghreb,Société intermédiaire de commission en produits alimentaires,Société des Moulins du Maghreb,1,sagot-a
intermediairecommissionproduitsalimentaires,pecheriesconservesalimentaires,Société intermédiaire de commission en produits alimentaires,Société anonyme de pêcheries et conserves alimentaires,1,sagot-a
intermediairecommissionproduitsalimentaires,portsmarocains,Société intermédiaire de commission en produits alimentaires,Ports marocains,1,sagot-a
lesieurafrique,portsmarocains,Lesieur-Afrique,Ports marocains,1,sagot-a
pecheriesconservesalimentaires,portsmarocains,Société anonyme de pêcheries et conserves alimentaires,Ports marocains,1,sagot-a
approvisionnement,portsmarocainsmehedyaportlyautey,Société anonyme nouvelle d'approvisionnement,Société des ports marocains de Méhédya-Port-Lyautey et,1,de-vogue-f
cherifienneengraisproduitschimiques,cherifienneetablissementsmory,Société Chérifienne d'engrais et de produits chimiques,Société Chérifienne des Établissements Mory et Cie,1,masset-e
cherifienneengraisproduitschimiques,colonialeindustriellecommerciale,Société Chérifienne d'engrais et de produits chimiques,Cie Coloniale Industrielle et Commerciale,1,masset-e
cherifienneengraisproduitschimiques,marocainepetrolesmory,Société Chérifienne d'engrais et de produits chimiques,Société marocaine des pétroles Mory,1,masset-e
cherifienneengraisproduitschimiques,marocainetransportsmaritimes,Société Chérifienne d'engrais et de produits chimiques,Cie marocaine de transports maritimes,1,masset-e
cherifienneetablissementsmory,marocainetransportsmaritimes,Société Chérifienne des Établissements Mory et Cie,Cie marocaine de transports maritimes,1,masset-e
colonialeindustriellecommerciale,marocainetransportsmaritimes,Cie Coloniale Industrielle et Commerciale,Cie marocaine de transports maritimes,1,masset-e
marocainepetrolesmory,marocainetransportsmaritimes,Société marocaine des pétroles Mory,Cie marocaine de transports maritimes,1,masset-e
cherifienneetablissementsmory,omniumnordafricain,Société Chérifienne des Établissements Mory et Cie,Omnium nord-africain,1,peyronnet-a
creditfoncierfrancomarocain,orientalecommerce,Crédit foncier franco-marocain,Cie orientale pour le commerce du thé,1,hoppenot-b
financierefrancomarocaine,orientalecommerce,Sté financière franco-marocaine,Cie orientale pour le commerce du thé,1,hoppenot-b
creditfoncierfrancomarocain,industriellemarbresouvres,Crédit foncier franco-marocain,Société industrielle des marbres ouvrés,1,fayolle-p
financierefrancomarocaine,industriellemarbresouvres,Sté financière franco-marocaine,Société industrielle des marbres ouvrés,1,fayolle-p
cherifienneenergie,fasielectricite,Société chérifienne d'énergie,Compagnie Fasi d'Électricité,1,bonfils-m
cherifienneenergie,hydrauliqueafrique,Société chérifienne d'énergie,L'Hydraulique-Afrique,1,bonfils-m
cheminsfermaroc,entrepriseelectriquezenatasfedhala,Compagnie des Chemins de fer du Maroc,Entreprise électrique des Zenatas-Fédhala,1,guerin-a
cheminsfermaroc,marocaineexploitationsminieres,Compagnie des Chemins de fer du Maroc,Société marocaine d'exploitations minières,1,guerin-a
cheminsfermaroc,socliegeslasserens,Compagnie des Chemins de fer du Maroc,Soc. an. des LIÈGES DE LASSERENS,1,guerin-a
cheminsfermaroc,voyageshotelsnordafricains,Compagnie des Chemins de fer du Maroc,Société des voyages et hôtels nord-africains,1,guerin-a
cheminsfermarocoriental,entrepriseelectriquezenatasfedhala,Compagnie des Chemins de fer de du Maroc oriental,Entreprise électrique des Zenatas-Fédhala,1,guerin-a
cheminsfermarocoriental,socliegeslasserens,Compagnie des Chemins de fer de du Maroc oriental,Soc. an. des LIÈGES DE LASSERENS,1,guerin-a
cheminsfermarocoriental,sucrieremarocaine,Compagnie des Chemins de fer de du Maroc oriental,Compagnie Sucrière Marocaine,1,guerin-a
cheminsfermarocoriental,voyageshotelsnordafricains,Compagnie des Chemins de fer de du Maroc oriental,Société des voyages et hôtels nord-africains,1,guerin-a
cherifienneenergie,entrepriseelectriquezenatasfedhala,Société chérifienne d'énergie,Entreprise électrique des Zenatas-Fédhala,1,guerin-a
cherifienneenergie,marocaineexploitationsminieres,Société chérifienne d'énergie,Société marocaine d'exploitations minières,1,guerin-a
cherifienneenergie,marocaineexploitationsminieresbouarfa,Société chérifienne d'énergie,"Société Marocaine d'Exploitations minières, Bou-Arfa",1,guerin-a
cherifienneenergie,marocaineexploitationsminieresbouarfaparoujda,Société chérifienne d'énergie,"Société marocaine d'exploitations minières, BOU-ARFA, par Oujda",1,guerin-a
cherifienneenergie,socliegeslasserens,Société chérifienne d'énergie,Soc. an. des LIÈGES DE LASSERENS,1,guerin-a
cherifienneenergie,sucrieremarocaine,Société chérifienne d'énergie,Compagnie Sucrière Marocaine,1,guerin-a
cherifienneenergie,voyageshotelsnordafricains,Société chérifienne d'énergie,Société des voyages et hôtels nord-africains,1,guerin-a
cherifiennepetroles,entrepriseelectriquezenatasfedhala,Société Chérifienne des Pétroles,Entreprise électrique des Zenatas-Fédhala,1,guerin-a
cherifiennepetroles,marocaineexploitationsminieres,Société Chérifienne des Pétroles,Société marocaine d'exploitations minières,1,guerin-a
cherifiennepetroles,socliegeslasserens,Société Chérifienne des Pétroles,Soc. an. des LIÈGES DE LASSERENS,1,guerin-a
cherifiennepetroles,sucrieremarocaine,Société Chérifienne des Pétroles,Compagnie Sucrière Marocaine,1,guerin-a
cherifiennepetroles,voyageshotelsnordafricains,Société Chérifienne des Pétroles,Société des voyages et hôtels nord-africains,1,guerin-a
entrepriseelectriquezenatasfedhala,marocaineapplicationselectriques,Entreprise électrique des Zenatas-Fédhala,Société marocaine d'applications électriques,1,guerin-a
entrepriseelectriquezenatasfedhala,marocainedistributioneaugazelectricite,Entreprise électrique des Zenatas-Fédhala,"Société Marocaine de distribution d'eau, de gaz et d'électricité",1,guerin-a
entrepriseelectriquezenatasfedhala,marocaineexploitationsminieres,Entreprise électrique des Zenatas-Fédhala,Société marocaine d'exploitations minières,1,guerin-a
entrepriseelectriquezenatasfedhala,marocaineexploitationsminieresbouarfa,Entreprise électrique des Zenatas-Fédhala,"Société Marocaine d'Exploitations minières, Bou-Arfa",1,guerin-a
entrepriseelectriquezenatasfedhala,marocaineexploitationsminieresbouarfaparoujda,Entreprise électrique des Zenatas-Fédhala,"Société marocaine d'exploitations minières, BOU-ARFA, par Oujda",1,guerin-a
entrepriseelectriquezenatasfedhala,minesbouarfa,Entreprise électrique des Zenatas-Fédhala,Société des Mines de Bou-Arfa,1,guerin-a
entrepriseelectriquezenatasfedhala,socliegeslasserens,Entreprise électrique des Zenatas-Fédhala,Soc. an. des LIÈGES DE LASSERENS,1,guerin-a
entrepriseelectriquezenatasfedhala,sucrieremarocaine,Entreprise électrique des Zenatas-Fédhala,Compagnie Sucrière Marocaine,1,guerin-a
entrepriseelectriquezenatasfedhala,voyageshotelsnordafricains,Entreprise électrique des Zenatas-Fédhala,Société des voyages et hôtels nord-africains,1,guerin-a
marocaineapplicationselectriques,marocaineexploitationsminieres,Société marocaine d'applications électriques,Société marocaine d'exploitations minières,1,guerin-a
marocaineapplicationselectriques,marocaineexploitationsminieresbouarfa,Société marocaine d'applications électriques,"Société Marocaine d'Exploitations minières, Bou-Arfa",1,guerin-a
marocaineapplicationselectriques,marocaineexploitationsminieresbouarfaparoujda,Société marocaine d'applications électriques,"Société marocaine d'exploitations minières, BOU-ARFA, par Oujda",1,guerin-a
marocaineapplicationselectriques,socliegeslasserens,Société marocaine d'applications électriques,Soc. an. des LIÈGES DE LASSERENS,1,guerin-a
marocaineapplicationselectriques,sucrieremarocaine,Société marocaine d'applications électriques,Compagnie Sucrière Marocaine,1,guerin-a
marocaineapplicationselectriques,voyageshotelsnordafricains,Société marocaine d'applications électriques,Société des voyages et hôtels nord-africains,1,guerin-a
marocainedistributioneaugazelectricite,marocaineexploitationsminieres,"Société Marocaine de distribution d'eau, de gaz et d'électricité",Société marocaine d'exploitations minières,1,guerin-a
marocainedistributioneaugazelectricite,marocaineexploitationsminieresbouarfa,"Société Marocaine de distribution d'eau, de gaz et d'électricité","Société Marocaine d'Exploitations minières, Bou-Arfa",1,guerin-a
marocainedistributioneaugazelectricite,marocaineexploitationsminieresbouarfaparoujda,"Société Marocaine de distribution d'eau, de gaz et d'électricité","Société marocaine d'exploitations minières, BOU-ARFA, par Oujda",1,guerin-a
marocainedistributioneaugazelectricite,socliegeslasserens,"Société Marocaine de distribution d'eau, de gaz et d'électricité",Soc. an. des LIÈGES DE LASSERENS,1,guerin-a
marocainedistributioneaugazelectricite,voyageshotelsnordafricains,"Société Marocaine de distribution d'eau, de gaz et d'électricité",Société des voyages et hôtels nord-africains,1,guerin-a
marocaineexploitationsminieres,socliegeslasserens,Société marocaine d'exploitations minières,Soc. an. des LIÈGES DE LASSERENS,1,guerin-a
marocaineexploitationsminieres,sucrieremarocaine,Société marocaine d'exploitations minières,Compagnie Sucrière Marocaine,1,guerin-a
marocaineexploitationsminieres,voyageshotelsnordafricains,Société marocaine d'exploitations minières,Société des voyages et hôtels nord-africains,1,guerin-a
marocaineexploitationsminieresbouarfa,socliegeslasserens,"Société Marocaine d'Exploitations minières, Bou-Arfa",Soc. an. des LIÈGES DE LASSERENS,1,guerin-a
marocaineexploitationsminieresbouarfa,sucrieremarocaine,"Société Marocaine d'Exploitations minières, Bou-Arfa",Compagnie Sucrière Marocaine,1,guerin-a
marocaineexploitationsminieresbouarfa,voyageshotelsnordafricains,"Société Marocaine d'Exploitations minières, Bou-Arfa",Société des voyages et hôtels nord-africains,1,guerin-a
marocaineexploitationsminieresbouarfaparoujda,socliegeslasserens,"Société marocaine d'exploitations minières, BOU-ARFA, par Oujda",Soc. an. des LIÈGES DE LASSERENS,1,guerin-a
marocaineexploitationsminieresbouarfaparoujda,sucrieremarocaine,"Société marocaine d'exploitations minières, BOU-ARFA, par Oujda",Compagnie Sucrière Marocaine,1,guerin-a
marocaineexploitationsminieresbouarfaparoujda,voyageshotelsnordafricains,"Société marocaine d'exploitations minières, BOU-ARFA, par Oujda",Société des voyages et hôtels nord-africains,1,guerin-a
minesbouarfa,socliegeslasserens,Société des Mines de Bou-Arfa,Soc. an. des LIÈGES DE LASSERENS,1,guerin-a
minesbouarfa,sucrieremarocaine,Société des Mines de Bou-Arfa,Compagnie Sucrière Marocaine,1,guerin-a
minesbouarfa,voyageshotelsnordafricains,Société des Mines de Bou-Arfa,Société des voyages et hôtels nord-africains,1,guerin-a
socliegeslasserens,voyageshotelsnordafricains,Soc. an. des LIÈGES DE LASSERENS,Société des voyages et hôtels nord-africains,1,guerin-a
sucrieremarocaine,voyageshotelsnordafricains,Compagnie Sucrière Marocaine,Société des voyages et hôtels nord-africains,1,guerin-a
cherifiennepetroles,habitationsmaroc,Société Chérifienne des Pétroles,Société d'Habitations au Maroc,1,radiguer-c
habitationsmaroc,marocaineapplicationselectriques,Société d'Habitations au Maroc,Société marocaine d'applications électriques,1,radiguer-c
cherifienneenergie,petrolesmaroc,Société chérifienne d'énergie,Compagnie Française des Pétroles du Maroc,1,julien-m
cherifienneenergie,tramwaysautobuscasablanca,Société chérifienne d'énergie,Compagnie des Tramways et autobus de Casablanca,1,julien-m
cherifiennepetroles,energieelectriquemaroc,Société Chérifienne des Pétroles,Énergie électrique du Maroc,1,julien-m
cherifiennepetroles,tramwaysautobuscasablanca,Société Chérifienne des Pétroles,Compagnie des Tramways et autobus de Casablanca,1,julien-m
energieelectriquemaroc,petrolesmaroc,Énergie électrique du Maroc,Compagnie Française des Pétroles du Maroc,1,julien-m
marocaineapplicationselectriques,petrolesmaroc,Société marocaine d'applications électriques,Compagnie Française des Pétroles du Maroc,1,julien-m
marocaineapplicationselectriques,tramwaysautobuscasablanca,Société marocaine d'applications électriques,Compagnie des Tramways et autobus de Casablanca,1,julien-m
petrolesmaroc,tramwaysautobuscasablanca,Compagnie Française des Pétroles du Maroc,Compagnie des Tramways et autobus de Casablanca,1,julien-m
marocaineapplicationselectriques,minesaouli,Société marocaine d'applications électriques,Société des Mines d'Aouli,1,pagezy-h
marocaineapplicationselectriques,mineszellidja,Société marocaine d'applications électriques,SOCIÉTÉ DES MINES DE ZELLIDJA,1,pagezy-h
marocaineapplicationselectriques,minieremzaita,Société marocaine d'applications électriques,Compagnie minière du M'Zaïta,1,pagezy-h
marocaineapplicationselectriques,omniumnordafricain,Société marocaine d'applications électriques,Omnium nord-africain,1,pagezy-h
marocaineapplicationselectriques,penarroyamaroc,Société marocaine d'applications électriques,Peñarroya-Maroc ),1,pagezy-h
minesaouli,mineszellidja,Société des Mines d'Aouli,SOCIÉTÉ DES MINES DE ZELLIDJA,1,pagezy-h
minesaouli,minieremzaita,Société des Mines d'Aouli,Compagnie minière du M'Zaïta,1,pagezy-h
minesaouli,omniumnordafricain,Société des Mines d'Aouli,Omnium nord-africain,1,pagezy-h
minesaouli,penarroyamaroc,Société des Mines d'Aouli,Peñarroya-Maroc ),1,pagezy-h
mineszellidja,minieremzaita,SOCIÉTÉ DES MINES DE ZELLIDJA,Compagnie minière du M'Zaïta,1,pagezy-h
mineszellidja,omniumnordafricain,SOCIÉTÉ DES MINES DE ZELLIDJA,Omnium nord-africain,1,pagezy-h
minieremzaita,omniumnordafricain,Compagnie minière du M'Zaïta,Omnium nord-africain,1,pagezy-h
minieremzaita,penarroyamaroc,Compagnie minière du M'Zaïta,Peñarroya-Maroc ),1,pagezy-h
colonialemines,minescuivredjebiletparcorinnekrouck,Société Coloniale de mines,Société des Mines de cuivre des Djebilet par Corinne Krouck et A.L.,1,richner-l
africaineateliersconstructionschwartzhautmont,cherifiennepetroles,Cie africaine des ateliers de construction Schwartz-Hautmont,Société Chérifienne des Pétroles,1,mourgnot-p
africaineateliersconstructionschwartzhautmont,commercialeminiereafriquenord,Cie africaine des ateliers de construction Schwartz-Hautmont,Société Commerciale et Minière pour l'Afrique du Nord,1,mourgnot-p
africaineateliersconstructionschwartzhautmont,developpementminier,Cie africaine des ateliers de construction Schwartz-Hautmont,Société de développement minier,1,mourgnot-p
africaineateliersconstructionschwartzhautmont,minierebramraneminieredjebilet,Cie africaine des ateliers de construction Schwartz-Hautmont,Société minière du Bramrane.Société minière des Djebilet,1,mourgnot-p
africaineateliersconstructionschwartzhautmont,minoteriesatlas,Cie africaine des ateliers de construction Schwartz-Hautmont,Société anon. des minoteries de l'Atlas,1,mourgnot-p
agencefrance,cherifiennepetroles,Agence en France,Société Chérifienne des Pétroles,1,mourgnot-p
agencefrance,commercialeminiereafriquenord,Agence en France,Société Commerciale et Minière pour l'Afrique du Nord,1,mourgnot-p
agencefrance,developpementminier,Agence en France,Société de développement minier,1,mourgnot-p
agencefrance,minierebramraneminieredjebilet,Agence en France,Société minière du Bramrane.Société minière des Djebilet,1,mourgnot-p
agencefrance,minoteriesatlas,Agence en France,Société anon. des minoteries de l'Atlas,1,mourgnot-p
cherifiennepetroles,developpementminier,Société Chérifienne des Pétroles,Société de développement minier,1,mourgnot-p
cherifiennepetroles,minierebouazzergraara,Société Chérifienne des Pétroles,Société minière du Bou-Azzer et du Graâra,1,mourgnot-p
cherifiennepetroles,minierebramraneminieredjebilet,Société Chérifienne des Pétroles,Société minière du Bramrane.Société minière des Djebilet,1,mourgnot-p
cherifiennepetroles,minieremaroc,Société Chérifienne des Pétroles,Compagnie Minière du Maroc,1,mourgnot-p
cherifiennepetroles,minoteriesatlas,Société Chérifienne des Pétroles,Société anon. des minoteries de l'Atlas,1,mourgnot-p
cherifiennepetroles,omniumnordafricain,Société Chérifienne des Pétroles,Omnium nord-africain,1,mourgnot-p
cherifiennepetroles,prospectionetudesminieresmaroc,Société Chérifienne des Pétroles,Société de prospection et d'études minières au Maroc,1,mourgnot-p
cherifiennepetroles,tifnouttiranimine,Société Chérifienne des Pétroles,Cie de Tifnout-Tiranimine,1,mourgnot-p
commercialeminiereafriquenord,developpementminier,Société Commerciale et Minière pour l'Afrique du Nord,Société de développement minier,1,mourgnot-p
commercialeminiereafriquenord,minierebouazzergraara,Société Commerciale et Minière pour l'Afrique du Nord,Société minière du Bou-Azzer et du Graâra,1,mourgnot-p
commercialeminiereafriquenord,minierebramraneminieredjebilet,Société Commerciale et Minière pour l'Afrique du Nord,Société minière du Bramrane.Société minière des Djebilet,1,mourgnot-p
commercialeminiereafriquenord,minieremaroc,Société Commerciale et Minière pour l'Afrique du Nord,Compagnie Minière du Maroc,1,mourgnot-p
commercialeminiereafriquenord,minoteriesatlas,Société Commerciale et Minière pour l'Afrique du Nord,Société anon. des minoteries de l'Atlas,1,mourgnot-p
commercialeminiereafriquenord,omniumnordafricain,Société Commerciale et Minière pour l'Afrique du Nord,Omnium nord-africain,1,mourgnot-p
commercialeminiereafriquenord,prospectionetudesminieresmaroc,Société Commerciale et Minière pour l'Afrique du Nord,Société de prospection et d'études minières au Maroc,1,mourgnot-p
commercialeminiereafriquenord,tifnouttiranimine,Société Commerciale et Minière pour l'Afrique du Nord,Cie de Tifnout-Tiranimine,1,mourgnot-p
developpementminier,minierebouazzergraara,Société de développement minier,Société minière du Bou-Azzer et du Graâra,1,mourgnot-p
developpementminier,minieremaroc,Société de développement minier,Compagnie Minière du Maroc,1,mourgnot-p
developpementminier,minoteriesatlas,Société de développement minier,Société anon. des minoteries de l'Atlas,1,mourgnot-p
developpementminier,omniumnordafricain,Société de développement minier,Omnium nord-africain,1,mourgnot-p
developpementminier,prospectionetudesminieresmaroc,Société de développement minier,Société de prospection et d'études minières au Maroc,1,mourgnot-p
developpementminier,tifnouttiranimine,Société de développement minier,Cie de Tifnout-Tiranimine,1,mourgnot-p
minierebouazzergraara,minierebramraneminieredjebilet,Société minière du Bou-Azzer et du Graâra,Société minière du Bramrane.Société minière des Djebilet,1,mourgnot-p
minierebouazzergraara,minoteriesatlas,Société minière du Bou-Azzer et du Graâra,Société anon. des minoteries de l'Atlas,1,mourgnot-p
minierebramraneminieredjebilet,minieremaroc,Société minière du Bramrane.Société minière des Djebilet,Compagnie Minière du Maroc,1,mourgnot-p
minierebramraneminieredjebilet,minoteriesatlas,Société minière du Bramrane.Société minière des Djebilet,Société anon. des minoteries de l'Atlas,1,mourgnot-p
minierebramraneminieredjebilet,omniumnordafricain,Société minière du Bramrane.Société minière des Djebilet,Omnium nord-africain,1,mourgnot-p
minierebramraneminieredjebilet,prospectionetudesminieresmaroc,Société minière du Bramrane.Société minière des Djebilet,Société de prospection et d'études minières au Maroc,1,mourgnot-p
minierebramraneminieredjebilet,tifnouttiranimine,Société minière du Bramrane.Société minière des Djebilet,Cie de Tifnout-Tiranimine,1,mourgnot-p
minieremaroc,minoteriesatlas,Compagnie Minière du Maroc,Société anon. des minoteries de l'Atlas,1,mourgnot-p
minoteriesatlas,prospectionetudesminieresmaroc,Société anon. des minoteries de l'Atlas,Société de prospection et d'études minières au Maroc,1,mourgnot-p
minoteriesatlas,tifnouttiranimine,Société anon. des minoteries de l'Atlas,Cie de Tifnout-Tiranimine,1,mourgnot-p
agadir,essencesvegetalesafricaines,Compagnie d'Agadir,Société des Essences végétales africaines,1,villiers-h
agadir,socessencesvegetalesafricaines,Compagnie d'Agadir,Soc. des ESSENCES VÉGÉTALES AFRICAINES,1,villiers-h
agadir,unionovineafriquenord,Compagnie d'Agadir,Union ovine de l'Afrique du Nord,1,villiers-h
essencesvegetalesafricaines,fermessegmet,Société des Essences végétales africaines,Société des fermes du Segmet,1,villiers-h
essencesvegetalesafricaines,marocaine,Société des Essences végétales africaines,Compagnie marocaine,1,villiers-h
essencesvegetalesafricaines,socessencesvegetalesafricaines,Société des Essences végétales africaines,Soc. des ESSENCES VÉGÉTALES AFRICAINES,1,villiers-h
essencesvegetalesafricaines,unionovineafriquenord,Société des Essences végétales africaines,Union ovine de l'Afrique du Nord,1,villiers-h
fermessegmet,unionovineafriquenord,Société des fermes du Segmet,Union ovine de l'Afrique du Nord,1,villiers-h
marocaine,socessencesvegetalesafricaines,Compagnie marocaine,Soc. des ESSENCES VÉGÉTALES AFRICAINES,1,villiers-h
marocaine,unionovineafriquenord,Compagnie marocaine,Union ovine de l'Afrique du Nord,1,villiers-h
socessencesvegetalesafricaines,unionovineafriquenord,Soc. des ESSENCES VÉGÉTALES AFRICAINES,Union ovine de l'Afrique du Nord,1,villiers-h
cheminsfermaroc,marocaineetudessiderurgiques,Compagnie des Chemins de fer du Maroc,Société marocaine d'études sidérurgiques,1,ferasson-l
cheminsfermaroc,minieremarocaine,Compagnie des Chemins de fer du Maroc,Minière Marocaine,1,ferasson-l
cheminsfermarocoriental,marocaineetudessiderurgiques,Compagnie des Chemins de fer de du Maroc oriental,Société marocaine d'études sidérurgiques,1,ferasson-l
cheminsfermarocoriental,minieremarocaine,Compagnie des Chemins de fer de du Maroc oriental,Minière Marocaine,1,ferasson-l
cherifiennepetroles,idem1948,Société Chérifienne des Pétroles,Idem 1948,1,ferasson-l
cherifiennepetroles,marocaineetudessiderurgiques,Société Chérifienne des Pétroles,Société marocaine d'études sidérurgiques,1,ferasson-l
idem1948,marocaineetudessiderurgiques,Idem 1948,Société marocaine d'études sidérurgiques,1,ferasson-l
idem1948,minieremarocaine,Idem 1948,Minière Marocaine,1,ferasson-l
marocaineetudessiderurgiques,marocaineexploitationsminieresbouarfa,Société marocaine d'études sidérurgiques,"Société Marocaine d'Exploitations minières, Bou-Arfa",1,ferasson-l
marocaineetudessiderurgiques,marocaineexploitationsminieresbouarfaparoujda,Société marocaine d'études sidérurgiques,"Société marocaine d'exploitations minières, BOU-ARFA, par Oujda",1,ferasson-l
marocaineetudessiderurgiques,minesbouarfa,Société marocaine d'études sidérurgiques,Société des Mines de Bou-Arfa,1,ferasson-l
marocaineetudessiderurgiques,minieremarocaine,Société marocaine d'études sidérurgiques,Minière Marocaine,1,ferasson-l
marocaineexploitationsminieresbouarfa,minieremarocaine,"Société Marocaine d'Exploitations minières, Bou-Arfa",Minière Marocaine,1,ferasson-l
marocaineexploitationsminieresbouarfaparoujda,minieremarocaine,"Société marocaine d'exploitations minières, BOU-ARFA, par Oujda",Minière Marocaine,1,ferasson-l
minesbouarfa,minieremarocaine,Société des Mines de Bou-Arfa,Minière Marocaine,1,ferasson-l
eclairageforcemaroc,marocainemagasinsgeneraux,Cie d'Éclairage et de force au Maroc,Société marocaine de magasins généraux,1,jahan-l
entreprisesmaroc,marocainemagasinsgeneraux,Sté générale d'entreprises au Maroc,Société marocaine de magasins généraux,1,jahan-l
comptoirautomobileagricole,eclairageforcemaroc,Comptoir automobile et agricole,Cie d'Éclairage et de force au Maroc,1,noel
comptoirautomobileagricole,transportsrabatsale,Comptoir automobile et agricole,Compagnie des Transports de Rabat-Salé,1,noel
eclairageforcemaroc,transportsrabatsale,Cie d'Éclairage et de force au Maroc,Compagnie des Transports de Rabat-Salé,1,noel
eclairageforcemaroc,fonciereportlyauteymaroc,Cie d'Éclairage et de force au Maroc,Société foncière de Port-Lyautey et du Maroc,1,palaz-j
fasielectricite,marocainemagasinsgeneraux,Compagnie Fasi d'Électricité,Société marocaine de magasins généraux,1,renaudin-l
fasielectricite,portfedala,Compagnie Fasi d'Électricité,Cie du port de Fédala,1,renaudin-l
maroc,minesissougri,Compagnie du Maroc,Société des Mines de l'Issougri,1,bardoux-j
mamora,socliegeslasserens,Compagnie de la Mamora,Soc. an. des LIÈGES DE LASSERENS,1,becot-h
cherifiennehoteliereimmobilierefinanciere,mamora,"Société Chérifienne, Hôtelière, Immobilière et Financière",Compagnie de la Mamora,1,germaneau-f
cherifienneimmobilierefinanciere,mamora,Société chérifienne immobilière et financière,Compagnie de la Mamora,1,germaneau-f
charbonnagesnordafricains,cherifienneetudesminierestizeroutine,Charbonnages nord-africains,Société chérifienne d'études minières de Tizeroutine,1,perot-f
charbonnagesnordafricains,metallurgiqueminierefrancomarocaine,Charbonnages nord-africains,Compagnie Métallurgique et minière franco-marocaine,1,perot-f
cherifienneetudesminierestizeroutine,cherifiennepetroles,Société chérifienne d'études minières de Tizeroutine,Société Chérifienne des Pétroles,1,perot-f
cherifienneetudesminierestizeroutine,metallurgiqueminierefrancomarocaine,Société chérifienne d'études minières de Tizeroutine,Compagnie Métallurgique et minière franco-marocaine,1,perot-f
cherifiennepetroles,metallurgiqueminierefrancomarocaine,Société Chérifienne des Pétroles,Compagnie Métallurgique et minière franco-marocaine,1,perot-f
africaineagricoleminiere,creditmarocain,Compagnie africaine agricole et minière,Crédit marocain,1,demnati-l
africaineagricoleminiere,mineserdouz,Compagnie africaine agricole et minière,Société des Mines de l'Erdouz,1,demnati-l
africaineagricoleminiere,minierebouazzergraara,Compagnie africaine agricole et minière,Société minière du Bou-Azzer et du Graâra,1,demnati-l
africaineagricoleminiere,minieremaroc,Compagnie africaine agricole et minière,Compagnie Minière du Maroc,1,demnati-l
africaineagricoleminiere,minieretichka,Compagnie africaine agricole et minière,Cie minière du Tichka,1,demnati-l
creditmarocain,mineserdouz,Crédit marocain,Société des Mines de l'Erdouz,1,demnati-l
creditmarocain,minierebouazzergraara,Crédit marocain,Société minière du Bou-Azzer et du Graâra,1,demnati-l
creditmarocain,minieremaroc,Crédit marocain,Compagnie Minière du Maroc,1,demnati-l
creditmarocain,minieretichka,Crédit marocain,Cie minière du Tichka,1,demnati-l
mineserdouz,minierebouazzergraara,Société des Mines de l'Erdouz,Société minière du Bou-Azzer et du Graâra,1,demnati-l
mineserdouz,minieremaroc,Société des Mines de l'Erdouz,Compagnie Minière du Maroc,1,demnati-l
mineserdouz,minieretichka,Société des Mines de l'Erdouz,Cie minière du Tichka,1,demnati-l
minieremaroc,minieretichka,Compagnie Minière du Maroc,Cie minière du Tichka,1,demnati-l
briqueteriesfedala,conservesfedalasardineriecascadec,Société des briqueteries de Fédala,Société anon. de Conserves de Fédala Sardinerie Cascadec,1,perrin-de-brichambaut-p
briqueteriesfedala,entrepotsfrigorifiquesafriquenord,Société des briqueteries de Fédala,Société des Entrepôts frigorifiques de l'Afrique du Nord,1,perrin-de-brichambaut-p
conservesfedalasardineriecascadec,salinesmaroc,Société anon. de Conserves de Fédala Sardinerie Cascadec,Salines du Maroc,1,perrin-de-brichambaut-p
minessidibouothman,royaleasturiennemines,Société des mines de Sidi Bou Othman,Compagnie royale Asturienne des Mines,1,hauzeur-l
etudesentreprisesomniummarocain,tramwaysautobuscasablanca,Société d'études et d'entreprises Omnium marocain,Compagnie des Tramways et autobus de Casablanca,1,blondeau-h
cheminsfermaroc,hydrauliqueafrique,Compagnie des Chemins de fer du Maroc,L'Hydraulique-Afrique,1,jullien-a
hydrauliqueafrique,internationaleregiecointeresseetabacsmaroc,L'Hydraulique-Afrique,Société internationale de régie co-intéressée des Tabacs au Maroc,1,jullien-a
hydrauliqueafrique,maroc,L'Hydraulique-Afrique,Compagnie du Maroc,1,jullien-a
hydrauliqueafrique,tramwaysautobuscasablanca,L'Hydraulique-Afrique,Compagnie des Tramways et autobus de Casablanca,1,jullien-a
internationaleregiecointeresseetabacsmaroc,tramwaysautobuscasablanca,Société internationale de régie co-intéressée des Tabacs au Maroc,Compagnie des Tramways et autobus de Casablanca,1,jullien-a
conserveriesmarocaines,polietchaussonmaroc,Conserveries marocaines,Poliet et Chausson-Maroc,1,flipo-p
etablissementsperezcoudert,tuilesbriquesceramiquesfesquartierlouajerine,Établissements Pérez et Coudert,"Tuiles, briques et céramiques de Fès, quartier Louajerine",1,coudert-f
anomboissonsgazeusessafimogador,voyageshotelsnordafricains,Sté anom des boissons gazeuses de Safi-Mogador,Société des voyages et hôtels nord-africains,1,nunzi-a
transportsautomobilessouss,voyageshotelsnordafricains,Société anon. des transports automobiles du Souss,Société des voyages et hôtels nord-africains,1,nunzi-a
francocherifiennenavigation,hotelieremarhaba,Cie franco-chérifienne de navigation,Société hôtelière « Marhaba »,1,dailloux-j
francocherifiennenavigation,immobilieresudmarocain,Cie franco-chérifienne de navigation,Société immobilière du Sud marocain,1,dailloux-j
francocherifiennenavigation,manutentionmarocaine,Cie franco-chérifienne de navigation,La Manutention marocaine,1,dailloux-j
hotelieremarhaba,manutentionmarocaine,Société hôtelière « Marhaba »,La Manutention marocaine,1,dailloux-j
immobilieresudmarocain,manutentionmarocaine,Société immobilière du Sud marocain,La Manutention marocaine,1,dailloux-j
africaineagricoleminiere,asiatiqueafricaine,Compagnie africaine agricole et minière,Compagnie Asiatique et africaine,1,lyautey-p
africaineagricoleminiere,franceauto,Compagnie africaine agricole et minière,France-Auto,1,lyautey-p
africaineagricoleminiere,manutentionmarocaine,Compagnie africaine agricole et minière,La Manutention marocaine,1,lyautey-p
africaineagricoleminiere,portsmarocains,Compagnie africaine agricole et minière,Ports marocains,1,lyautey-p
africaineagricoleminiere,portsmarocainsmehedyaportlyautey,Compagnie africaine agricole et minière,Société des ports marocains de Méhédya-Port-Lyautey et,1,lyautey-p
asiatiqueafricaine,franceauto,Compagnie Asiatique et africaine,France-Auto,1,lyautey-p
asiatiqueafricaine,portsmarocains,Compagnie Asiatique et africaine,Ports marocains,1,lyautey-p
asiatiqueafricaine,portsmarocainsmehedyaportlyautey,Compagnie Asiatique et africaine,Société des ports marocains de Méhédya-Port-Lyautey et,1,lyautey-p
franceauto,portsmarocains,France-Auto,Ports marocains,1,lyautey-p
franceauto,portsmarocainsmehedyaportlyautey,France-Auto,Société des ports marocains de Méhédya-Port-Lyautey et,1,lyautey-p
manutentionmarocaine,portsmarocains,La Manutention marocaine,Ports marocains,1,lyautey-p
manutentionmarocaine,portsmarocainsmehedyaportlyautey,La Manutention marocaine,Société des ports marocains de Méhédya-Port-Lyautey et,1,lyautey-p
minesaouli,minesmaroc,Société des Mines d'Aouli,Société Française des Mines du Maroc,1,chastel-a
minesaouli,miniererehamna,Société des Mines d'Aouli,Société minière des Rehamna,1,chastel-a
minesmaroc,minierebramrane,Société Française des Mines du Maroc,Société Minière du Bramrane,1,chastel-a
minesmaroc,miniererehamna,Société Française des Mines du Maroc,Société minière des Rehamna,1,chastel-a
bonlogis,marocaineminesoutat,Le Bon Logis,Société Marocaine des Mines de l’Outat,1,prangey-h
bonlogis,minesaouli,Le Bon Logis,Société des Mines d'Aouli,1,prangey-h
bonlogis,miniereafriquenord,Le Bon Logis,Compagnie Minière de l'Afrique du Nord,1,prangey-h
entreprisesarboricolesagricolesmaroc,industrielleagricolemarrakech,Société d'Entreprises arboricoles et agricoles au Maroc,Société industrielle et agricole de Marrakech,1,de-schoonen-d
entreprisesarboricolesagricolesmaroc,minesaouli,Société d'Entreprises arboricoles et agricoles au Maroc,Société des Mines d'Aouli,1,de-schoonen-d
foncieremaroc,minesaouli,Société Foncière Française au Maroc,Société des Mines d'Aouli,1,de-schoonen-d
industrielleagricolemarrakech,minesaouli,Société industrielle et agricole de Marrakech,Société des Mines d'Aouli,1,de-schoonen-d
commercialeminiereafriquenord,minieremarocaine,Société Commerciale et Minière pour l'Afrique du Nord,Minière Marocaine,1,salvane-l
africainetransports,officenordafricain,Compagnie Africaine de Transports,Office nord-africain,1,paris-e
franceauto,officenordafricain,France-Auto,Office nord-africain,1,paris-e
marocaineexploitationsminieres,officenordafricain,Société marocaine d'exploitations minières,Office nord-africain,1,paris-e
minierebouazzergraara,officenordafricain,Société minière du Bou-Azzer et du Graâra,Office nord-africain,1,paris-e
officenordafricain,omniumnordafricain,Office nord-africain,Omnium nord-africain,1,paris-e
officenordafricain,prospectionetudesminieresmaroc,Office nord-africain,Société de prospection et d'études minières au Maroc,1,paris-e
agricoleboumais,polietchaussonmaroc,Cie agricole de Bou Maïs,Poliet et Chausson-Maroc,1,gillet-p
commercialeciments,polietchaussonmaroc,Cie commerciale des ciments,Poliet et Chausson-Maroc,1,chausson-h
cultureelevagefedalafedala,entrepotsfrigorifiquesafriquenord,"Société de culture et d'élevage de Fédala, FÉDALA",Société des Entrepôts frigorifiques de l'Afrique du Nord,1,foucault-g
cultureelevagefedalafedala,francomarocainefedala,"Société de culture et d'élevage de Fédala, FÉDALA",Cie franco-marocaine de Fédala,1,foucault-g
conservesfedalasardineriecascadec,conservesmaroc,Société anon. de Conserves de Fédala Sardinerie Cascadec,« Les Conserves du Maroc »,1,a-s
conservesmaroc,entrepotsfrigorifiquesafriquenord,« Les Conserves du Maroc »,Société des Entrepôts frigorifiques de l'Afrique du Nord,1,a-s
africainefilaturetissage,chalutagemediterranee,Société africaine de filature et tissage,Société de Chalutage de la Méditerranée,1,tiberghien-breuvart-c
chauxcimentsmateriauxconstructionmaroc,financiereimmobilieremarocaine,"Chaux, ciments et matériaux de construction au Maroc",Société financière et immobilière marocaine,1,daher-c
cherifienneetudesminieres,consortiumindustrielcommercialafriquenord,Société Chérifienne d'études minières,Consortium industriel et commercial de l'Afrique du Nord,1,boulogne-g
minesbouarfa,portfedhala,Société des Mines de Bou-Arfa,Compagnie du Port de Fedhala,1,kroller-a
energieelectriquemaroc,hydrauliqueasie,Énergie électrique du Maroc,L'Hydraulique-Asie,1,anthoine-f
energieelectriquemaroc,pecheriesconservesalimentaires,Énergie électrique du Maroc,Société anonyme de pêcheries et conserves alimentaires,1,anthoine-f
fasielectricite,hydrauliqueasie,Compagnie Fasi d'Électricité,L'Hydraulique-Asie,1,anthoine-f
fasielectricite,pecheriesconservesalimentaires,Compagnie Fasi d'Électricité,Société anonyme de pêcheries et conserves alimentaires,1,anthoine-f
hydrauliqueasie,maroc,L'Hydraulique-Asie,Compagnie du Maroc,1,anthoine-f
hydrauliqueasie,marocainedistributioneaugazelectricite,L'Hydraulique-Asie,"Société Marocaine de distribution d'eau, de gaz et d'électricité",1,anthoine-f
hydrauliqueasie,moulinsmaghreb,L'Hydraulique-Asie,Société des Moulins du Maghreb,1,anthoine-f
hydrauliqueasie,pecheriesconservesalimentaires,L'Hydraulique-Asie,Société anonyme de pêcheries et conserves alimentaires,1,anthoine-f
maroc,pecheriesconservesalimentaires,Compagnie du Maroc,Société anonyme de pêcheries et conserves alimentaires,1,anthoine-f
marocainedistributioneaugazelectricite,pecheriesconservesalimentaires,"Société Marocaine de distribution d'eau, de gaz et d'électricité",Société anonyme de pêcheries et conserves alimentaires,1,anthoine-f
cherifiennepetroles,distributioneaugazelectricite,Société Chérifienne des Pétroles,"DISTRIBUTION D'EAU, DE GAZ ET D'ÉLECTRICITÉ",1,siegler-j
cherifiennepetroles,officenordafricain,Société Chérifienne des Pétroles,Office nord-africain,1,lenhardt-e
charbonnagesnordafricains,etudesexploitationsminierestadla,Charbonnages nord-africains,Société d'études et d'exploitations minières du Tadla,1,harroy-j
cherifienneetudescharbonnagestirkou,cherifiennepetroles,Société chérifienne d'études des charbonnages de Tirkou,Société Chérifienne des Pétroles,1,noulens-j
cherifiennepetroles,etudesinitiativemisevaleursous,Société Chérifienne des Pétroles,Société d'études et d'initiative pour la mise en valeur du Sous,1,miniere-pour-l-afrique-du-nord
carrieresmarocaines,electricitemarrakech,Société des Carrières marocaines,Société d'Électricité de Marrakech,1,dreyfus-g
carrieresmarocaines,electricitemazagan,Société des Carrières marocaines,Société d'Électricité de Mazagan,1,dreyfus-g
carrieresmarocaines,electricitesafi,Société des Carrières marocaines,Société d'Électricité de Safi,1,dreyfus-g
culturesindustriellesmaroc,electricitemarrakech,Société de Cultures industrielles au Maroc,Société d'Électricité de Marrakech,1,dreyfus-g
culturesindustriellesmaroc,electricitemazagan,Société de Cultures industrielles au Maroc,Société d'Électricité de Mazagan,1,dreyfus-g
culturesindustriellesmaroc,electricitesafi,Société de Cultures industrielles au Maroc,Société d'Électricité de Safi,1,dreyfus-g
etudesexploitationsminierestadla,marocaineminesproduitschimiques,Société d'études et d'exploitations minières du Tadla,Société Marocaine de mines et de produits chimiques,1,lodeizen-a
etudesexploitationsminierestadla,marocaineetudessiderurgiques,Société d'études et d'exploitations minières du Tadla,Société marocaine d'études sidérurgiques,1,schneider
etudesinitiativemisevaleursous,minesmaroc,Société d'études et d'initiative pour la mise en valeur du Sous,Société Française des Mines du Maroc,1,minerais
etudesinitiativemisevaleursous,recherchesforages,Société d'études et d'initiative pour la mise en valeur du Sous,"Société de Recherches et de forages, puis S.A. de gérance des bruttos de la Société de recherches et de forages",1,minerais
minesmaroc,recherchesforages,Société Française des Mines du Maroc,"Société de Recherches et de forages, puis S.A. de gérance des bruttos de la Société de recherches et de forages",1,minerais
africainetransports,etudesinitiativemisevaleursous,Compagnie Africaine de Transports,Société d'études et d'initiative pour la mise en valeur du Sous,1,x-m
creditmarocain,francomarocaine,Crédit marocain,Société Générale Franco-Marocaine,1,giscard-d-estaing-e
creditmarocain,portsmarocains,Crédit marocain,Ports marocains,1,giscard-d-estaing-e
creditmarocain,portsmarocainsmehedyaportlyautey,Crédit marocain,Société des ports marocains de Méhédya-Port-Lyautey et,1,giscard-d-estaing-e
marocainemagasinsgeneraux,transportsmazeres,Société marocaine de magasins généraux,Transports Mazères,1,millagou-a
banqueunionmarocaine,minesantimoineouedzem,Banque de l'union marocaine,Société des Mines d'antimoine d'Oued-Zem,1,busset-f
banqueunionmarocaine,minescuivredjebilet,Banque de l'union marocaine,Société des mines de cuivre de Djebilet,1,busset-f
banqueunionmarocaine,minescuivredjebiletparcorinnekrouck,Banque de l'union marocaine,Société des Mines de cuivre des Djebilet par Corinne Krouck et A.L.,1,busset-f
banqueunionmarocaine,minesdjebelsalrhef,Banque de l'union marocaine,Société des Mines du Djebel-Salrhef,1,busset-f
banqueunionmarocaine,minessidibouothman,Banque de l'union marocaine,Société des mines de Sidi Bou Othman,1,busset-f
banqueunionmarocaine,minierebouazzergraara,Banque de l'union marocaine,Société minière du Bou-Azzer et du Graâra,1,busset-f
banqueunionmarocaine,minierebramrane,Banque de l'union marocaine,Société Minière du Bramrane,1,busset-f
minesantimoineouedzem,minescuivredjebilet,Société des Mines d'antimoine d'Oued-Zem,Société des mines de cuivre de Djebilet,1,busset-f
minesantimoineouedzem,minescuivredjebiletparcorinnekrouck,Société des Mines d'antimoine d'Oued-Zem,Société des Mines de cuivre des Djebilet par Corinne Krouck et A.L.,1,busset-f
minesantimoineouedzem,minesdjebelsalrhef,Société des Mines d'antimoine d'Oued-Zem,Société des Mines du Djebel-Salrhef,1,busset-f
minesantimoineouedzem,minessidibouothman,Société des Mines d'antimoine d'Oued-Zem,Société des mines de Sidi Bou Othman,1,busset-f
minesantimoineouedzem,minierebouazzergraara,Société des Mines d'antimoine d'Oued-Zem,Société minière du Bou-Azzer et du Graâra,1,busset-f
minesantimoineouedzem,minierebramrane,Société des Mines d'antimoine d'Oued-Zem,Société Minière du Bramrane,1,busset-f
minescuivredjebilet,minesdjebelsalrhef,Société des mines de cuivre de Djebilet,Société des Mines du Djebel-Salrhef,1,busset-f
minescuivredjebilet,minessidibouothman,Société des mines de cuivre de Djebilet,Société des mines de Sidi Bou Othman,1,busset-f
minescuivredjebilet,minierebouazzergraara,Société des mines de cuivre de Djebilet,Société minière du Bou-Azzer et du Graâra,1,busset-f
minescuivredjebilet,minierebramrane,Société des mines de cuivre de Djebilet,Société Minière du Bramrane,1,busset-f
minescuivredjebiletparcorinnekrouck,minesdjebelsalrhef,Société des Mines de cuivre des Djebilet par Corinne Krouck et A.L.,Société des Mines du Djebel-Salrhef,1,busset-f
minescuivredjebiletparcorinnekrouck,minessidibouothman,Société des Mines de cuivre des Djebilet par Corinne Krouck et A.L.,Société des mines de Sidi Bou Othman,1,busset-f
minescuivredjebiletparcorinnekrouck,minierebouazzergraara,Société des Mines de cuivre des Djebilet par Corinne Krouck et A.L.,Société minière du Bou-Azzer et du Graâra,1,busset-f
minescuivredjebiletparcorinnekrouck,minierebramrane,Société des Mines de cuivre des Djebilet par Corinne Krouck et A.L.,Société Minière du Bramrane,1,busset-f
minesdjebelsalrhef,minessidibouothman,Société des Mines du Djebel-Salrhef,Société des mines de Sidi Bou Othman,1,busset-f
minesdjebelsalrhef,minierebouazzergraara,Société des Mines du Djebel-Salrhef,Société minière du Bou-Azzer et du Graâra,1,busset-f
minesdjebelsalrhef,minierebramrane,Société des Mines du Djebel-Salrhef,Société Minière du Bramrane,1,busset-f
minessidibouothman,minierebouazzergraara,Société des mines de Sidi Bou Othman,Société minière du Bou-Azzer et du Graâra,1,busset-f
minessidibouothman,minierebramrane,Société des mines de Sidi Bou Othman,Société Minière du Bramrane,1,busset-f
minierebouazzergraara,minierebramrane,Société minière du Bou-Azzer et du Graâra,Société Minière du Bramrane,1,busset-f
metauxproduitschimiques,minierefrancoespagnoleceuta,Métaux et produits chimiques,Société minière franco-espagnole de Ceuta,1,berger-v
minesgraphitemarocouminesgraphitesmaroc,minierefrancoespagnoleceuta,Mines et graphite du Maroc ou Mines et graphites du Maroc,Société minière franco-espagnole de Ceuta,1,berger-v
minierefrancoespagnoleceuta,minieregundafa,Société minière franco-espagnole de Ceuta,Société minière des Gundafa,1,berger-v
minierefrancoespagnoleceuta,minieresmala,Société minière franco-espagnole de Ceuta,Société minière des Smala,1,berger-v
minierefrancoespagnoleceuta,prospectionetudesminieresmaroc,Société minière franco-espagnole de Ceuta,Société de prospection et d'études minières au Maroc,1,berger-v
minierefrancoespagnoleceuta,societesminieregundafa,Société minière franco-espagnole de Ceuta,Sociétés Minière des Gundafa,1,berger-v
minieregundafa,succursaleparis,Société minière des Gundafa,Succursale de PARIS,1,long-c
societesminieregundafa,succursaleparis,Sociétés Minière des Gundafa,Succursale de PARIS,1,long-c
banqueunionmarocaine,fruitieremaroc,Banque de l'union marocaine,Cie fruitière du Maroc,1,guernier-e
ergho,fruitieremaroc,Ergho,Cie fruitière du Maroc,1,guernier-e
fruitieremaroc,molybdene,Cie fruitière du Maroc,Le Molybdène,1,guernier-e
agricoleouezzan,molybdene,Compagnie Agricole d'Ouezzan,Le Molybdène,1,boissonnas-a
agricoleouezzan,recherchesminieresfalta,Compagnie Agricole d'Ouezzan,Société de Recherches minières du Falta,1,boissonnas-a
fruitsprimeursmaroc,molybdene,Fruits et primeurs du Maroc,Le Molybdène,1,boissonnas-a
fruitsprimeursmaroc,recherchesminieresfalta,Fruits et primeurs du Maroc,Société de Recherches minières du Falta,1,boissonnas-a
agricolecotonnieremarocsidimoussa,agricolefrancomarocaine,Société agricole cotonnière du Maroc « Sidi-Moussa »,Société agricole franco-marocaine,1,incertains-r
agricolecotonnieremarocsidimoussa,agricolemarocaine,Société agricole cotonnière du Maroc « Sidi-Moussa »,Agricole Marocaine,1,incertains-r
agricolecotonnieremarocsidimoussa,agricoleouezzan,Société agricole cotonnière du Maroc « Sidi-Moussa »,Compagnie Agricole d'Ouezzan,1,incertains-r
agricolecotonnieremarocsidimoussa,fonciereagricolehautmaroc,Société agricole cotonnière du Maroc « Sidi-Moussa »,Compagnie foncière et agricole du Haut-Maroc,1,incertains-r
agricolecotonnieremarocsidimoussa,immobilieretanger,Société agricole cotonnière du Maroc « Sidi-Moussa »,Société Immobilière de Tanger,1,incertains-r
agricolecotonnieremarocsidimoussa,maroc,Société agricole cotonnière du Maroc « Sidi-Moussa »,Compagnie du Maroc,1,incertains-r
agricolecotonnieremarocsidimoussa,naphtesrharbcentraln,Société agricole cotonnière du Maroc « Sidi-Moussa »,Société des naphtes du Rharb central (N,1,incertains-r
agricolecotonnieremarocsidimoussa,unionmobiliereprivee,Société agricole cotonnière du Maroc « Sidi-Moussa »,Union mobilière privée,1,incertains-r
agricolefrancomarocaine,agricolemarocaine,Société agricole franco-marocaine,Agricole Marocaine,1,incertains-r
agricolefrancomarocaine,agricoleouezzan,Société agricole franco-marocaine,Compagnie Agricole d'Ouezzan,1,incertains-r
agricolefrancomarocaine,fonciereagricolehautmaroc,Société agricole franco-marocaine,Compagnie foncière et agricole du Haut-Maroc,1,incertains-r
agricolefrancomarocaine,immobilieretanger,Société agricole franco-marocaine,Société Immobilière de Tanger,1,incertains-r
agricolefrancomarocaine,maroc,Société agricole franco-marocaine,Compagnie du Maroc,1,incertains-r
agricolefrancomarocaine,naphtesrharbcentraln,Société agricole franco-marocaine,Société des naphtes du Rharb central (N,1,incertains-r
agricolefrancomarocaine,unionmobiliereprivee,Société agricole franco-marocaine,Union mobilière privée,1,incertains-r
agricolemarocaine,agricoleouezzan,Agricole Marocaine,Compagnie Agricole d'Ouezzan,1,incertains-r
agricolemarocaine,fonciereagricolehautmaroc,Agricole Marocaine,Compagnie foncière et agricole du Haut-Maroc,1,incertains-r
agricolemarocaine,immobilieretanger,Agricole Marocaine,Société Immobilière de Tanger,1,incertains-r
agricolemarocaine,maroc,Agricole Marocaine,Compagnie du Maroc,1,incertains-r
agricolemarocaine,naphtesrharbcentraln,Agricole Marocaine,Société des naphtes du Rharb central (N,1,incertains-r
agricolemarocaine,unionmobiliereprivee,Agricole Marocaine,Union mobilière privée,1,incertains-r
agricoleouezzan,fonciereagricolehautmaroc,Compagnie Agricole d'Ouezzan,Compagnie foncière et agricole du Haut-Maroc,1,incertains-r
agricoleouezzan,immobilieretanger,Compagnie Agricole d'Ouezzan,Société Immobilière de Tanger,1,incertains-r
agricoleouezzan,maroc,Compagnie Agricole d'Ouezzan,Compagnie du Maroc,1,incertains-r
agricoleouezzan,naphtesrharbcentraln,Compagnie Agricole d'Ouezzan,Société des naphtes du Rharb central (N,1,incertains-r
agricoleouezzan,unionmobiliereprivee,Compagnie Agricole d'Ouezzan,Union mobilière privée,1,incertains-r
fonciereagricolehautmaroc,immobilieretanger,Compagnie foncière et agricole du Haut-Maroc,Société Immobilière de Tanger,1,incertains-r
fonciereagricolehautmaroc,maroc,Compagnie foncière et agricole du Haut-Maroc,Compagnie du Maroc,1,incertains-r
fonciereagricolehautmaroc,naphtesrharbcentraln,Compagnie foncière et agricole du Haut-Maroc,Société des naphtes du Rharb central (N,1,incertains-r
fonciereagricolehautmaroc,unionmobiliereprivee,Compagnie foncière et agricole du Haut-Maroc,Union mobilière privée,1,incertains-r
immobilieretanger,maroc,Société Immobilière de Tanger,Compagnie du Maroc,1,incertains-r
immobilieretanger,naphtesrharbcentraln,Société Immobilière de Tanger,Société des naphtes du Rharb central (N,1,incertains-r
immobilieretanger,unionmobiliereprivee,Société Immobilière de Tanger,Union mobilière privée,1,incertains-r
maroc,naphtesrharbcentraln,Compagnie du Maroc,Société des naphtes du Rharb central (N,1,incertains-r
maroc,unionmobiliereprivee,Compagnie du Maroc,Union mobilière privée,1,incertains-r
naphtesrharbcentraln,unionmobiliereprivee,Société des naphtes du Rharb central (N,Union mobilière privée,1,incertains-r
administration,officenordafricain,Administration,Office nord-africain,1,duvernoy-g
mineszellidja,officenordafricain,SOCIÉTÉ DES MINES DE ZELLIDJA,Office nord-africain,1,duvernoy-g
minierezellidja,officenordafricain,"Société Minière de la Zellidja, puis Mines de Zellidja",Office nord-africain,1,duvernoy-g
entrepriseelectriquezenatasfedala,voyageshotelsnordafricains,Entreprise électrique des Zenatas-Fédala,Société des voyages et hôtels nord-africains,1,nacivet-j
agricoleouezzan,marocfoncier,Compagnie Agricole d'Ouezzan,Maroc foncier,1,mangeard-h
fruitsprimeursmaroc,marocfoncier,Fruits et primeurs du Maroc,Maroc foncier,1,mangeard-h
culturesindustriellesmaroc,entreprisesculturesafrique,Société de Cultures industrielles au Maroc,Cie générale d'entreprises et de cultures en Afrique,1,provot-g
culturesindustriellesmaroc,financierefes,Société de Cultures industrielles au Maroc,Société financière de Fès,1,provot-g
culturesindustriellesmaroc,fonciereportlyauteymaroc,Société de Cultures industrielles au Maroc,Société foncière de Port-Lyautey et du Maroc,1,provot-g
culturesindustriellesmaroc,immobilierefes,Société de Cultures industrielles au Maroc,Société Immobilière de Fès,1,provot-g
culturesindustriellesmaroc,omniumimmobiliermaroc,Société de Cultures industrielles au Maroc,Omnium immobilier du Maroc,1,provot-g
entreprisesculturesafrique,financierefes,Cie générale d'entreprises et de cultures en Afrique,Société financière de Fès,1,provot-g
entreprisesculturesafrique,fonciereportlyauteymaroc,Cie générale d'entreprises et de cultures en Afrique,Société foncière de Port-Lyautey et du Maroc,1,provot-g
entreprisesculturesafrique,fruitieremaroc,Cie générale d'entreprises et de cultures en Afrique,Cie fruitière du Maroc,1,provot-g
entreprisesculturesafrique,immobilierefes,Cie générale d'entreprises et de cultures en Afrique,Société Immobilière de Fès,1,provot-g
entreprisesculturesafrique,omniumimmobiliermaroc,Cie générale d'entreprises et de cultures en Afrique,Omnium immobilier du Maroc,1,provot-g
financierefes,fonciereportlyauteymaroc,Société financière de Fès,Société foncière de Port-Lyautey et du Maroc,1,provot-g
financierefes,fruitieremaroc,Société financière de Fès,Cie fruitière du Maroc,1,provot-g
financierefes,omniumimmobiliermaroc,Société financière de Fès,Omnium immobilier du Maroc,1,provot-g
fonciereportlyauteymaroc,fruitieremaroc,Société foncière de Port-Lyautey et du Maroc,Cie fruitière du Maroc,1,provot-g
fonciereportlyauteymaroc,immobilierefes,Société foncière de Port-Lyautey et du Maroc,Société Immobilière de Fès,1,provot-g
fonciereportlyauteymaroc,omniumimmobiliermaroc,Société foncière de Port-Lyautey et du Maroc,Omnium immobilier du Maroc,1,provot-g
fruitieremaroc,immobilierefes,Cie fruitière du Maroc,Société Immobilière de Fès,1,provot-g
fruitieremaroc,omniumimmobiliermaroc,Cie fruitière du Maroc,Omnium immobilier du Maroc,1,provot-g
immobilierefes,omniumimmobiliermaroc,Société Immobilière de Fès,Omnium immobilier du Maroc,1,provot-g
mamora,sudmarocain,Compagnie de la Mamora,Compagnie du Sud-Marocain,1,clausse-r
etablissementschamsonsafi,etudestravauxconstructionmaroc,"Établissements Chamson, SAFI",Société d’Études et de Travaux de construction du Maroc,1,deloncle-p
agricoleboumais,rabatieagriculture,Cie agricole de Bou Maïs,Société anon. Rabatie d'agriculture,1,calderon-f
agricoleboumais,rbatieagriculture,Cie agricole de Bou Maïs,R'Batie d'Agriculture,1,calderon-f
agavesagadir,creditmarocain,Société des agaves d'Agadir,Crédit marocain,1,laurent-a
agricolefrancomarocaine,agricoletadla,Société agricole franco-marocaine,Société Agricole du Tadla,1,bassuet-m
agricolefrancomarocaine,immobilierecasablanca,Société agricole franco-marocaine,Société Immobilière de Casablanca,1,bassuet-m
culturesindustriellesmaroc,immobilierecasablancamaroc,Société de Cultures industrielles au Maroc,Société immobilière Casablanca et Maroc,1,fourcade-a
creditfonciermarocain,culturesindustriellesmaroc,Crédit foncier marocain,Société de Cultures industrielles au Maroc,1,delpech
creditfonciermarocain,etudescommercemaroc,Crédit foncier marocain,Société d'Études et de commerce au Maroc,1,delpech
creditfrancomarocaincommerceexterieur,culturesindustriellesmaroc,Crédit franco-marocain du commerce extérieur,Société de Cultures industrielles au Maroc,1,delpech
creditfrancomarocaincommerceexterieur,etudescommercemaroc,Crédit franco-marocain du commerce extérieur,Société d'Études et de commerce au Maroc,1,delpech
culturesindustriellesmaroc,etudescommercemaroc,Société de Cultures industrielles au Maroc,Société d'Études et de commerce au Maroc,1,delpech
financieretransafricaine,francomarocainefedala,Société Financière Transafricaine,Cie franco-marocaine de Fédala,1,hersent-s
cherifiennehivernage,frigorifiquemaroc,Société Chérifienne d'hivernage,Compagnie Frigorifique du Maroc,1,dufau-p
essencesvegetalesafricaines,etudesimmobilierescommercialesindustriellesafrique,Société des Essences végétales africaines,"Société d'études immobilières, commerciales et industrielles en Afrique",1,guillemet
autonomecherifiennecarburants,caissepretsimmobiliersmaroc,L'Autonome chérifienne des carburants,Caisse de prêts immobiliers du Maroc,1,poirre-h
caissepretsimmobiliersmaroc,tramwaysautobusmeknes,Caisse de prêts immobiliers du Maroc,Cie des tramways et autobus de Meknès,1,poirre-h
bergeron,miroiteriemaroc,Bergeron,Miroiterie générale du Maroc,1,luquet-l
bergeron,moghrebine,Bergeron,Moghrebine,1,martin-e
bergeron,comptoircherifienbois,Bergeron,Comptoir chérifien des bois,1,viale-p
bergeron,maisonisothermemarocaine,Bergeron,Maison isotherme marocaine,1,viale-p
comptoircherifienbois,maisonisothermemarocaine,Comptoir chérifien des bois,Maison isotherme marocaine,1,viale-p
chocolateriemaroc,commercialeciments,Chocolaterie du Maroc,Cie commerciale des ciments,1,theil-j
agricolesefrou,djellaba,Cie agricole de Sefrou,« Djellaba »,1,rivollet-m
agricolesefrou,continentalemaroc,Cie agricole de Sefrou,Cie continentale du Maroc,1,covo-d
cherifienneexclusivitesindustriellescommerciales,minieregundafa,Cie chérifienne d'exclusivités industrielles et commerciales,Société minière des Gundafa,1,desgouttes-j
continentalemaroc,mauleonsoule,Cie continentale du Maroc,MAULÉON-SOULE,1,lang-l
africaine,marocaineconstructionmetallique,L'Africaine,Société Marocaine de Construction métallique,1,barbie-j
africaine,marocaineconstructionsmetalliques,L'Africaine,Société marocaine de constructions métalliques,1,barbie-j
chauffageplomberie,marocaineconstructionmetallique,Générale de Chauffage et de plomberie Compagnie),Société Marocaine de Construction métallique,1,barbie-j
chauffageplomberie,marocaineconstructionsmetalliques,Générale de Chauffage et de plomberie Compagnie),Société marocaine de constructions métalliques,1,barbie-j
marocaineconstructionmetallique,metaux,Société Marocaine de Construction métallique,Cie française des métaux,1,barbie-j
marocaineconstructionsmetalliques,metaux,Société marocaine de constructions métalliques,Cie française des métaux,1,barbie-j
africaine,mamora,L'Africaine,Compagnie de la Mamora,1,domec-b
chauffageplomberie,mamora,Générale de Chauffage et de plomberie Compagnie),Compagnie de la Mamora,1,domec-b
mamora,metaux,Compagnie de la Mamora,Cie française des métaux,1,domec-b
africaine,industriellehuilesmaroc,L'Africaine,Société industrielle des huiles du Maroc,1,mimard-p
africaine,marocainetissagemetallique,L'Africaine,Sté marocaine de tissage métallique,1,mimard-p
chauffageplomberie,industriellehuilesmaroc,Générale de Chauffage et de plomberie Compagnie),Société industrielle des huiles du Maroc,1,mimard-p
chauffageplomberie,marocainetissagemetallique,Générale de Chauffage et de plomberie Compagnie),Sté marocaine de tissage métallique,1,mimard-p
industriellehuilesmaroc,marocainetissagemetallique,Société industrielle des huiles du Maroc,Sté marocaine de tissage métallique,1,mimard-p
industriellehuilesmaroc,metaux,Société industrielle des huiles du Maroc,Cie française des métaux,1,mimard-p
marocainetissagemetallique,metaux,Sté marocaine de tissage métallique,Cie française des métaux,1,mimard-p
entreprisesculturesafrique,immobilierecasablancamaroc,Cie générale d'entreprises et de cultures en Afrique,Société immobilière Casablanca et Maroc,1,brusselmans-f
immobiliereanfa,immobilieremoghreb,Société Immobilière d'Anfa,Cie immobilière du Moghreb,1,schearer-a
immobilieremoghreb,industriellevoletsroulantsspecialitesbatimentrtecampboulhaut,Cie immobilière du Moghreb,"Cie industrielle des volets roulants et spécialités du bâtiment, rte de Camp-Boulhaut",1,mourier-m
industrielleentreprisesmarocaines,mobiliereimmobilieremarocsoudan,Société industrielle d'entreprises marocaines,Cie mobilière et immobilière Maroc et Soudan,1,construction
cooperativemeunieremarocaine,etablbozzibaudin,Coopérative meunière marocaine,Établ. Bozzi et Baudin,1,coudert
agricolefoncieremaroc,bonlogis,Société agricole et foncière du Maroc,Le Bon Logis,1,vauthier-j
agricolefoncieremaroc,cherifienneorganisationmoderne,Société agricole et foncière du Maroc,Société anon. chérifienne d'organisation moderne,1,vauthier-j
agricolefoncieremaroc,domainebeniamar,Société agricole et foncière du Maroc,Domaine de Béni-Amar,1,vauthier-j
agricolefoncieremaroc,foncieremaroc,Société agricole et foncière du Maroc,Société Foncière Française au Maroc,1,vauthier-j
agricolefoncieremaroc,industrielleagricolemarrakech,Société agricole et foncière du Maroc,Société industrielle et agricole de Marrakech,1,vauthier-j
agricolefoncieremaroc,maroccommerceindustrie,Société agricole et foncière du Maroc,Compagnie du Maroc pour le commerce et l'industrie,1,vauthier-j
bonlogis,cherifienneorganisationmoderne,Le Bon Logis,Société anon. chérifienne d'organisation moderne,1,vauthier-j
bonlogis,domainebeniamar,Le Bon Logis,Domaine de Béni-Amar,1,vauthier-j
cherifienneorganisationmoderne,domainebeniamar,Société anon. chérifienne d'organisation moderne,Domaine de Béni-Amar,1,vauthier-j
cherifienneorganisationmoderne,foncieremaroc,Société anon. chérifienne d'organisation moderne,Société Foncière Française au Maroc,1,vauthier-j
cherifienneorganisationmoderne,industrielleagricolemarrakech,Société anon. chérifienne d'organisation moderne,Société industrielle et agricole de Marrakech,1,vauthier-j
cherifienneorganisationmoderne,maroccommerceindustrie,Société anon. chérifienne d'organisation moderne,Compagnie du Maroc pour le commerce et l'industrie,1,vauthier-j
domainebeniamar,foncieremaroc,Domaine de Béni-Amar,Société Foncière Française au Maroc,1,vauthier-j
domainebeniamar,industrielleagricolemarrakech,Domaine de Béni-Amar,Société industrielle et agricole de Marrakech,1,vauthier-j
domainebeniamar,maroccommerceindustrie,Domaine de Béni-Amar,Compagnie du Maroc pour le commerce et l'industrie,1,vauthier-j
foncieremaroc,maroccommerceindustrie,Société Foncière Française au Maroc,Compagnie du Maroc pour le commerce et l'industrie,1,vauthier-j
entreprisemarocaineasphaltage,techniqueetudesindustriellescommercialesmarocsteic,Entreprise marocaine d'asphaltage,Société technique d'études industrielles et commerciales au Maroc (STEIC,1,greggory-m
huileriessavonneriesmaroc,techniqueetudesindustriellescommercialesmarocsteic,Huileries et savonneries du Maroc,Société technique d'études industrielles et commerciales au Maroc (STEIC,1,greggory-m
manufacturespapetieresmaroc,mouillefarinedoncavantmars1965,Manufactures papetières du Maroc,"Mouillefarine, donc avant le mars 1965]",1,bourchenin-a
domainebennabet,materielagricolenordafricain,Société anon. du domaine de Ben-Nabet,Matériel agricole Nord-Africain,1,cerdan-a
domainebennabet,minoteriesatlas,Société anon. du domaine de Ben-Nabet,Société anon. des minoteries de l'Atlas,1,cerdan-a
materielagricolenordafricain,minoteriesatlas,Matériel agricole Nord-Africain,Société anon. des minoteries de l'Atlas,1,cerdan-a
marrakechauto,merinosmarocain,Marrakech-Auto,Le Mérinos marocain,1,glaoui
marrakechauto,minierebouazzergraara,Marrakech-Auto,Société minière du Bou-Azzer et du Graâra,1,glaoui
merinosmarocain,minierebouazzergraara,Le Mérinos marocain,Société minière du Bou-Azzer et du Graâra,1,glaoui
cherifiennehivernage,makanghia,Société Chérifienne d'hivernage,La Makanghia,1,ricard-j
cherifiennehivernage,merinosmarocain,Société Chérifienne d'hivernage,Le Mérinos marocain,1,ricard-j
makanghia,merinosmarocain,La Makanghia,Le Mérinos marocain,1,ricard-j
lyonmaroc,minoteriemarocaine,Lyon-Maroc,Minoterie marocaine,1,paul
africainepetroles,commercemaroc,Société Africaine des Pétroles,Compagnie Générale de Commerce au Maroc,1,grenier-j
africainepetroles,omniumtextilesfermo,Société Africaine des Pétroles,Omnium des textiles A. Fermo,1,grenier-j
commercemaroc,omniumtextilesfermo,Compagnie Générale de Commerce au Maroc,Omnium des textiles A. Fermo,1,grenier-j
africainematerielindustriel,geranceexploitation,Société africaine de matériel industriel,Société anon. de gérance et d'exploitation,1,bernard-a
africainematerielindustriel,industriellemarbresouvres,Société africaine de matériel industriel,Société industrielle des marbres ouvrés,1,bernard-a
africainematerielindustriel,transporteursfes,Société africaine de matériel industriel,Société des transporteurs de Fès,1,bernard-a
africainematerielindustriel,unionmaritimecoloniale,Société africaine de matériel industriel,Union maritime et coloniale,1,bernard-a
geranceexploitation,industriellemarbresouvres,Société anon. de gérance et d'exploitation,Société industrielle des marbres ouvrés,1,bernard-a
geranceexploitation,transporteursfes,Société anon. de gérance et d'exploitation,Société des transporteurs de Fès,1,bernard-a
geranceexploitation,unionmaritimecoloniale,Société anon. de gérance et d'exploitation,Union maritime et coloniale,1,bernard-a
industriellemarbresouvres,transporteursfes,Société industrielle des marbres ouvrés,Société des transporteurs de Fès,1,bernard-a
industriellemarbresouvres,unionmaritimecoloniale,Société industrielle des marbres ouvrés,Union maritime et coloniale,1,bernard-a
transporteursfes,unionmaritimecoloniale,Société des transporteurs de Fès,Union maritime et coloniale,1,bernard-a
africainematerielindustriel,immobilieresettat,Société africaine de matériel industriel,Société immobilière de Settat,1,chalmeton-de-croy
immobilieresettat,nordautomobiles,Société immobilière de Settat,Société Nord-Automobiles,1,chalmeton-de-croy
africainematerielindustriel,developpementminier,Société africaine de matériel industriel,Société de développement minier,1,eug-paris
africainematerielindustriel,minierebramraneminieredjebilet,Société africaine de matériel industriel,Société minière du Bramrane.Société minière des Djebilet,1,eug-paris
agricoleelevagemaroc,marrakechauto,Société agricole et d'élevage au Maroc,Marrakech-Auto,1,renault-a
agricoleelevagemaroc,tuileriesbriqueteriesmarrakech,Société agricole et d'élevage au Maroc,Tuileries et briqueteries de Marrakech,1,renault-a
algeromarocainecrins,marocaineterrescultures,Société algéro-marocaine des crins,Société marocaine de Terres et cultures,1,averseng-g
algeromarocainecrins,unionimmobilieremarocaine,Société algéro-marocaine des crins,Union immobilière marocaine,1,averseng-g
algeromarocainecrins,algeromarocaineimmobiliereminiere,Société algéro-marocaine des crins,Société Algéro-Marocaine Immobilière et Minière,1,reutemann-m
cherifienneorganisationmoderne,portfedala,Société anon. chérifienne d'organisation moderne,Cie du port de Fédala,1,peche
minoteriesatlas,moullotmaroc,Société anon. des minoteries de l'Atlas,Société Moullot-Maroc,1,moullot-a
argilesbouadra,portsmarocains,Sté des argiles de Bou-Adra,Ports marocains,1,laures-f
carrieresouedyquemchezmjeancailleing,portsmarocains,"Société des carrières de l'Oued-Yquem, chez M. Jean Caillé, ing",Ports marocains,1,laures-f
cherifienneremorquageassistance,industriellemarbresouvres,Société chérifienne de remorquage et d'assistance,Société industrielle des marbres ouvrés,1,bigard-l
cherifienneremorquageassistance,marocaineaffretementconsignationtransitcasablancaportlyautey,Société chérifienne de remorquage et d'assistance,"Société Marocaine d'Affrètement, de consignation et de transit, Casablanca, Port-Lyautey",1,bigard-l
anomboissonsgazeusessafimogador,domainedarsridge,Sté anom des boissons gazeuses de Safi-Mogador,Société du domaine de Dar Sridge,1,ant-philip
anomboissonsgazeusessafimogador,grandsbazarsmarocains,Sté anom des boissons gazeuses de Safi-Mogador,Grands bazars marocains,1,ant-philip
domainedarsridge,grandsbazarsmarocains,Société du domaine de Dar Sridge,Grands bazars marocains,1,ant-philip
domainedarsridge,transportsautomobilessouss,Société du domaine de Dar Sridge,Société anon. des transports automobiles du Souss,1,ant-philip
grandsbazarsmarocains,transportsautomobilessouss,Grands bazars marocains,Société anon. des transports automobiles du Souss,1,ant-philip
etudesindustrieagricole,grandsbazarsmarocains,Société d'études pour l'industrie agricole,Grands bazars marocains,1,taourel-l
etudesindustrieagricole,taourelfreres,Société d'études pour l'industrie agricole,Société Taourel frères et Cie,1,taourel-l
grandsbazarsmarocains,taourelfreres,Grands bazars marocains,Société Taourel frères et Cie,1,taourel-l
africaineateliersconstructionschwartzhautmont,exploitationverreriemaroc,Cie africaine des ateliers de construction Schwartz-Hautmont,Société d'exploitation de verrerie au Maroc,1,vilcoq-j
africaineateliersconstructionschwartzhautmont,exploitationverreriemarocsouvent,Cie africaine des ateliers de construction Schwartz-Hautmont,Exploitation de verrerie au Maroc (souvent,1,vilcoq-j
agricolecherifienne,fiduciairemaroc,Société Agricole chérifienne,Société fiduciaire du Maroc,1,de-launay-l
agricolecherifienne,miniereakka,Société Agricole chérifienne,Société minière d'Akka,1,de-launay-l
agricolecherifienne,minieremoghreb,Société Agricole chérifienne,Cie minière du Moghreb,1,de-launay-l
agricolecherifienne,moghreb,Société Agricole chérifienne,Cie générale du Moghreb,1,de-launay-l
fiduciairemaroc,miniereakka,Société fiduciaire du Maroc,Société minière d'Akka,1,de-launay-l
fiduciairemaroc,minieremoghreb,Société fiduciaire du Maroc,Cie minière du Moghreb,1,de-launay-l
fiduciairemaroc,moghreb,Société fiduciaire du Maroc,Cie générale du Moghreb,1,de-launay-l
miniereakka,minieremoghreb,Société minière d'Akka,Cie minière du Moghreb,1,de-launay-l
miniereakka,moghreb,Société minière d'Akka,Cie générale du Moghreb,1,de-launay-l
minieremoghreb,moghreb,Cie minière du Moghreb,Cie générale du Moghreb,1,de-launay-l
geranceimmobiliereagricole,industriellehuilesmaroc,Société de gérance immobilière et agricole,Société industrielle des huiles du Maroc,1,israel-j
creditmaghreb,immobiliereavenuemarine,Crédit du Maghreb,Société immobilière de l'avenue de la Marine,1,lamy-l
entreprisesmaroc,immobilierecasablancamaroc,Sté générale d'entreprises au Maroc,Société immobilière Casablanca et Maroc,1,braunschwig-p
immobilierebriqueterie,immobilierecasablancamaroc,Société Immobilière La Briqueterie,Société immobilière Casablanca et Maroc,1,gautier-v
immobilierecasablancamaroc,internationaleregiecointeresseetabacsmaroc,Société immobilière Casablanca et Maroc,Société internationale de régie co-intéressée des Tabacs au Maroc,1,isabelle-e
immobilierecasablancamaroc,tabacsmaroc,Société immobilière Casablanca et Maroc,Tabacs au Maroc,1,isabelle-e
immobilierecasablancamaroc,immobilierefes,Société immobilière Casablanca et Maroc,Société Immobilière de Fès,1,jaureguiberry-j
immobilierecasablancamaroc,marocaineagricolesidifatah,Société immobilière Casablanca et Maroc,Société marocaine agricole de Sidi-Fatah,1,jaureguiberry-j
immobilierecasablancamaroc,marocaineagriculturecommerce,Société immobilière Casablanca et Maroc,Société Marocaine pour l'agriculture et le commerce,1,jaureguiberry-j
immobilierefes,marocaineagricolesidifatah,Société Immobilière de Fès,Société marocaine agricole de Sidi-Fatah,1,jaureguiberry-j
immobilieredoua,industriellemarbresouvres,Société immobilière de la Doua,Société industrielle des marbres ouvrés,1,fond-j
immobilieremarocaineagadirsousse,marocaineexploitationcinematographique,Société immobilière marocaine « Agadir-Sousse »,Société marocaine d'exploitation cinématographique,1,bonnan-g
industrielleboismanufacture,marocaineexploitationcinematographique,Société industrielle du bois manufacturé,Société marocaine d'exploitation cinématographique,1,beurrier-n
anciensetablissementsalexandredamestoy,hotelieremarocaine,Anciens Établissements Alexandre Damestoy,Société Hôtelière Marocaine,1,trichet-l
anciensetablissementsalexandredamestoy,industriellemarbresouvres,Anciens Établissements Alexandre Damestoy,Société industrielle des marbres ouvrés,1,trichet-l
anciensetablissementsalexandredamestoy,marocaineaffretementconsignationtransitcasablancaportlyautey,Anciens Établissements Alexandre Damestoy,"Société Marocaine d'Affrètement, de consignation et de transit, Casablanca, Port-Lyautey",1,trichet-l
hotelieremarocaine,industriellemarbresouvres,Société Hôtelière Marocaine,Société industrielle des marbres ouvrés,1,trichet-l
hotelieremarocaine,marocaineaffretementconsignationtransitcasablancaportlyautey,Société Hôtelière Marocaine,"Société Marocaine d'Affrètement, de consignation et de transit, Casablanca, Port-Lyautey",1,trichet-l
marocaineetablpparrenin,marocaineetspaulparrenin,Société marocaine des Établ. P. Parrenin,Société marocaine des Ets Paul Parrenin,1,parrenin-p
algeromarocaineimmobiliereminiere,mazagan,Société Algéro-Marocaine Immobilière et Minière,Mazagan),1,reutemann-g
marocainecommerceindustriecereales,plantationslallaito,Sté marocaine de commerce et d'industrie des céréales,Société des plantations de Lalla Ito,1,fiol-j
mazagan,plantationslallaito,Mazagan),Société des plantations de Lalla Ito,1,fiol-j
moulinsmazagan,plantationslallaito,"Société des Moulins de Mazagan, puis Société marocaine industrielle et commerciale",Société des plantations de Lalla Ito,1,fiol-j
immobilierecommercialeindustriellemarocaine,marocainenouvellesgaleries,"Société immobilière commerciale, industrielle marocaine",Société marocaine des Nouvelles-Galeries,1,baruk-d
immobilierecommercialeindustriellemarocaine,marocfoncier,"Société immobilière commerciale, industrielle marocaine",Maroc foncier,1,baruk-d
immobilierecommercialeindustriellemarocaine,minoterieatlasboujab,"Société immobilière commerciale, industrielle marocaine","Minoterie de l'Atlas à Boujab, puis Société nouvelle des minoteries de l'Atlas",1,baruk-d
immobilierecommercialeindustriellemarocaine,moulinsbaruk,"Société immobilière commerciale, industrielle marocaine",Moulins D. Baruk,1,baruk-d
marocainenouvellesgaleries,marocfoncier,Société marocaine des Nouvelles-Galeries,Maroc foncier,1,baruk-d
marocainenouvellesgaleries,minoterieatlasboujab,Société marocaine des Nouvelles-Galeries,"Minoterie de l'Atlas à Boujab, puis Société nouvelle des minoteries de l'Atlas",1,baruk-d
marocfoncier,minoterieatlasboujab,Maroc foncier,"Minoterie de l'Atlas à Boujab, puis Société nouvelle des minoteries de l'Atlas",1,baruk-d
minoterieatlasboujab,moulinsbaruk,"Minoterie de l'Atlas à Boujab, puis Société nouvelle des minoteries de l'Atlas",Moulins D. Baruk,1,baruk-d
marocainesolomite,molybdene,Société marocaine du Solomite,Le Molybdène,1,vinson-j
etudesmarocainescommerceagriculturemines,minescuivredjebilet,"Société d'Études marocaines pour le commerce, l'agriculture et les mines",Société des mines de cuivre de Djebilet,1,claus-g
etudesmarocainescommerceagriculturemines,minescuivredjebiletparcorinnekrouck,"Société d'Études marocaines pour le commerce, l'agriculture et les mines",Société des Mines de cuivre des Djebilet par Corinne Krouck et A.L.,1,claus-g
etudesmarocainescommerceiindustriemines,minescuivredjebilet,"Sté d'études marocaines pour le commerce, I'industrie et les mines",Société des mines de cuivre de Djebilet,1,claus-g
etudesmarocainescommerceiindustriemines,minescuivredjebiletparcorinnekrouck,"Sté d'études marocaines pour le commerce, I'industrie et les mines",Société des Mines de cuivre des Djebilet par Corinne Krouck et A.L.,1,claus-g
etablcommerciauxindustrielsmoghreb,fonciereimmobilierefes,"Établ, commerciaux et industriels du Moghreb",Cie foncière et immobilière de Fès,1,koester-l
etablcommerciauxindustrielsmoghreb,nordautomobiles,"Établ, commerciaux et industriels du Moghreb",Société Nord-Automobiles,1,koester-l
fonciereimmobilierefes,nordautomobiles,Cie foncière et immobilière de Fès,Société Nord-Automobiles,1,koester-l
maroc,plantationslallaito,Compagnie du Maroc,Société des plantations de Lalla Ito,1,boissonnas-j
transitrapidemarocain,unioncommercialemarocaine,Transit rapide marocain,Union commerciale marocaine,1,blage
developpementminier,unionimmobilieremarocaine,Société de développement minier,Union immobilière marocaine,1,benazeraf
maroccommercialeimmob,vulcanisationmoderne,Sté maroc. commerciale et immob,Vulcanisation moderne,1,fedala
entrepotsfrigorifiquesafriquenord,maroccommercialeimmob,Société des Entrepôts frigorifiques de l'Afrique du Nord,Sté maroc. commerciale et immob,1,defougere-g
maroccommercialeimmob,salinesmaroc,Sté maroc. commerciale et immob,Salines du Maroc,1,defougere-g
etablbozzibaudin,fonciereimmobilierefes,Établ. Bozzi et Baudin,Cie foncière et immobilière de Fès,1,ancey-g
etablbozzibaudin,stedesancetablhbernard,Établ. Bozzi et Baudin,Sté des anc. Établ. H. Bernard,1,ancey-g
fonciereimmobilierefes,stedesancetablhbernard,Cie foncière et immobilière de Fès,Sté des anc. Établ. H. Bernard,1,ancey-g
grandsmagasinsreunismaroc,immouzer,Grands magasins réunis du Maroc,Société anon. d'Immouzer,1,suavet-l
agricolecherifienne,immouzer,Société Agricole chérifienne,Société anon. d'Immouzer,1,monjoin-p
immouzer,raselma,Société anon. d'Immouzer,Societe de Ras-el-Ma,1,hanus-a
financierefes,marocaineagriculturecommerce,Société financière de Fès,Société Marocaine pour l'agriculture et le commerce,1,jacobs-a
comptoircommercialsudmarocain,tuileriesbriqueteriesmarrakech,Comptoir commercial du Sud-Marocain,Tuileries et briqueteries de Marrakech,1,garanger-e
colonialeindustriellecommerciale,etudesrecherchesminieresagoundis,Cie Coloniale Industrielle et Commerciale,Société d'études et de recherches minières de l'Agoundis,1,loiret-m
colonialeindustriellecommerciale,marrakechauto,Cie Coloniale Industrielle et Commerciale,Marrakech-Auto,1,loiret-m
etudesrecherchesminieresagoundis,marrakechauto,Société d'études et de recherches minières de l'Agoundis,Marrakech-Auto,1,loiret-m
immobilieregueliz,portsmarocains,Société immobilière du Gueliz,Ports marocains,1,andre
industriellesudmarocain,mineserdouz,Société industrielle du Sud-Marocain,Société des Mines de l'Erdouz,1,adj-lahoussine-demnati
banqueetatmaroc,moulinsmazagan,Banque d'État du Maroc,"Société des Moulins de Mazagan, puis Société marocaine industrielle et commerciale",1,buisson-a
carton,moulinsmazagan,Carton,"Société des Moulins de Mazagan, puis Société marocaine industrielle et commerciale",1,richard
carton,syndicatmaroc,Carton,Syndicat général pour le Maroc,1,richard
moulinsmazagan,syndicatmaroc,"Société des Moulins de Mazagan, puis Société marocaine industrielle et commerciale",Syndicat général pour le Maroc,1,richard
conservesmaroc,marocaineapprovisionnement,« Les Conserves du Maroc »,Marocaine d'approvisionnement,1,gerard
meknesauto,societedesancetablhbernard,« Meknès-Auto»,Société des anc. Établ. H. Bernard,1,david-e
cherifienneautomobilesmaterielagricole,electra,Société chérifienne d'automobiles et de matériel agricole,« Electra »,1,meslin-g
cherifienneautomobilesmaterielagricole,societedesancetablhbernard,Société chérifienne d'automobiles et de matériel agricole,Société des anc. Établ. H. Bernard,1,meslin-g
electra,societedesancetablhbernard,« Electra »,Société des anc. Établ. H. Bernard,1,meslin-g
marocagricolecommercial,societedesancetablhbernard,Le Maroc agricole et commercial,Société des anc. Établ. H. Bernard,1,agricole-e
banquenationalecommerceindustrie,societedesancetablhbernard,Banque nationale pour le commerce et l'industrie,Société des anc. Établ. H. Bernard,1,germain-j
immeublestrezieres,societedesancetablhbernard,Société des immeubles Trézières,Société des anc. Établ. H. Bernard,1,delachaussee-f
domaineelmoudzine,espartina,Domaine d’El-Moudzine,Sté Espartina,1,mussard-r
domaineelmoudzine,immeublestrezieres,Domaine d’El-Moudzine,Société des immeubles Trézières,1,mussard-r
domaineelmoudzine,immobilierebriqueterie,Domaine d’El-Moudzine,Société Immobilière La Briqueterie,1,mussard-r
domaineelmoudzine,immobilierekenitreenneterrainsindustriels,Domaine d’El-Moudzine,Société immobilière kénitréenne de terrains industriels,1,mussard-r
domaineelmoudzine,immobilierevillehaute,Domaine d’El-Moudzine,Immobilière Ville-Haute,1,mussard-r
domaineelmoudzine,madrague,Domaine d’El-Moudzine,« La Madrague »,1,mussard-r
espartina,immeublestrezieres,Sté Espartina,Société des immeubles Trézières,1,mussard-r
espartina,immobilierebriqueterie,Sté Espartina,Société Immobilière La Briqueterie,1,mussard-r
espartina,immobilierekenitra,Sté Espartina,Société Immobilière de Kénitra,1,mussard-r
espartina,madrague,Sté Espartina,« La Madrague »,1,mussard-r
immeublestrezieres,immobilierebriqueterie,Société des immeubles Trézières,Société Immobilière La Briqueterie,1,mussard-r
immeublestrezieres,immobilierekenitra,Société des immeubles Trézières,Société Immobilière de Kénitra,1,mussard-r
immeublestrezieres,immobilierekenitreenneterrainsindustriels,Société des immeubles Trézières,Société immobilière kénitréenne de terrains industriels,1,mussard-r
immeublestrezieres,immobilierevillehaute,Société des immeubles Trézières,Immobilière Ville-Haute,1,mussard-r
immeublestrezieres,madrague,Société des immeubles Trézières,« La Madrague »,1,mussard-r
immobilierebriqueterie,immobilierekenitreenneterrainsindustriels,Société Immobilière La Briqueterie,Société immobilière kénitréenne de terrains industriels,1,mussard-r
immobilierebriqueterie,immobilierevillehaute,Société Immobilière La Briqueterie,Immobilière Ville-Haute,1,mussard-r
immobilierebriqueterie,madrague,Société Immobilière La Briqueterie,« La Madrague »,1,mussard-r
immobilierekenitra,immobilierekenitreenneterrainsindustriels,Société Immobilière de Kénitra,Société immobilière kénitréenne de terrains industriels,1,mussard-r
immobilierekenitra,immobilierevillehaute,Société Immobilière de Kénitra,Immobilière Ville-Haute,1,mussard-r
immobilierekenitra,madrague,Société Immobilière de Kénitra,« La Madrague »,1,mussard-r
immobilierekenitreenneterrainsindustriels,madrague,Société immobilière kénitréenne de terrains industriels,« La Madrague »,1,mussard-r
immobilierevillehaute,madrague,Immobilière Ville-Haute,« La Madrague »,1,mussard-r
etablissementsbeteille,transportsautomobilessouss,Établissements L. Béteille,Société anon. des transports automobiles du Souss,1,b-o-m-l
agricoleboumais,etablissementsbeteille,Cie agricole de Bou Maïs,Établissements L. Béteille,1,menager-h
agricoleboumais,etsmenagerkenitra,Cie agricole de Bou Maïs,Éts Ménager ; Kénitra,1,menager-h
bonlogis,entreprisesarboricolesagricolesmaroc,Le Bon Logis,Société d'Entreprises arboricoles et agricoles au Maroc,1,clynans-p
argilesbouadra,liegesindustrialisesmaroc,Sté des argiles de Bou-Adra,Société des lièges industrialisés du Maroc,1,simionesco-e
cherifienneetudescharbonnagestirkou,transitrapidemarocain,Société chérifienne d'études des charbonnages de Tirkou,Transit rapide marocain,1,meyer-h
makanghia,marocaineagricolesidifatah,La Makanghia,Société marocaine agricole de Sidi-Fatah,1,monchicourt-a
makanghia,marocaineagriculturecommerce,La Makanghia,Société Marocaine pour l'agriculture et le commerce,1,monchicourt-a
agricolesoukelarbarharb,fruitsprimeursmaroc,Cie agricole de Souk-el-Arba-du-Rharb,Fruits et primeurs du Maroc,1,acquisition
agricolesoukelarbarharb,transportsautomobilessouss,Cie agricole de Souk-el-Arba-du-Rharb,Société anon. des transports automobiles du Souss,1,dar-kadour
brasseriesmaroc,etudesrecherchestraitementphosphatesmaroc,"Société des Brasseries du Maroc, puis Boissons du Maroc",Société d'études et de recherches du traitement des Phosphates au Maroc,1,versailles
brasseriesmaroc,forestierekcebia,"Société des Brasseries du Maroc, puis Boissons du Maroc",Société Forestière de Kcebia,1,versailles
brasseriesmaroc,pecheriesmarocaines,"Société des Brasseries du Maroc, puis Boissons du Maroc",Pêcheries marocaines,1,versailles
brasseriesmaroc,renot,"Société des Brasseries du Maroc, puis Boissons du Maroc",Rénot & Cie,1,versailles
etudesrecherchestraitementphosphatesmaroc,forestierekcebia,Société d'études et de recherches du traitement des Phosphates au Maroc,Société Forestière de Kcebia,1,versailles
etudesrecherchestraitementphosphatesmaroc,renot,Société d'études et de recherches du traitement des Phosphates au Maroc,Rénot & Cie,1,versailles
forestierekcebia,pecheriesmarocaines,Société Forestière de Kcebia,Pêcheries marocaines,1,versailles
forestierekcebia,renot,Société Forestière de Kcebia,Rénot & Cie,1,versailles
pecheriesmarocaines,renot,Pêcheries marocaines,Rénot & Cie,1,versailles
cherifiennetextiles,marocainemetallurgique,Cie chérifienne des Textiles,Société Marocaine Métallurgique,1,damour
creditmarocain,succursaleparis,Crédit marocain,Succursale de PARIS,1,gugenheim-j
minieremetallurgique,succursaleparis,Cie minière et métallurgique,Succursale de PARIS,1,gugenheim-j
banquenationalecommerceindustrie,brasseriesmaroc,Banque nationale pour le commerce et l'industrie,"Société des Brasseries du Maroc, puis Boissons du Maroc",1,sicot-l
banquenationalecommerceindustrie,brasseriesnordmarocain,Banque nationale pour le commerce et l'industrie,Société des Brasseries du Nord-Marocain,1,sicot-l
banquenationalecommerceindustrie,cherifienneengraisproduitschimiques,Banque nationale pour le commerce et l'industrie,Société Chérifienne d'engrais et de produits chimiques,1,sicot-l
banquenationalecommerceindustrie,entreprisesurbainescoloniales,Banque nationale pour le commerce et l'industrie,Société d'entreprises urbaines et coloniales,1,sicot-l
banquenationalecommerceindustrie,nordafricainefinancementparticipations,Banque nationale pour le commerce et l'industrie,Société nord-africaine de financement et de participations,1,sicot-l
brasseriesmaroc,entreprisesurbainescoloniales,"Société des Brasseries du Maroc, puis Boissons du Maroc",Société d'entreprises urbaines et coloniales,1,sicot-l
brasseriesnordmarocain,entreprisesurbainescoloniales,Société des Brasseries du Nord-Marocain,Société d'entreprises urbaines et coloniales,1,sicot-l
cherifienneengraisproduitschimiques,entreprisesurbainescoloniales,Société Chérifienne d'engrais et de produits chimiques,Société d'entreprises urbaines et coloniales,1,sicot-l
cherifienneengraisproduitschimiques,nordafricainefinancementparticipations,Société Chérifienne d'engrais et de produits chimiques,Société nord-africaine de financement et de participations,1,sicot-l
creditmarocain,entreprisesurbainescoloniales,Crédit marocain,Société d'entreprises urbaines et coloniales,1,sicot-l
entreprisesurbainescoloniales,nordafricainefinancementparticipations,Société d'entreprises urbaines et coloniales,Société nord-africaine de financement et de participations,1,sicot-l
idem1948,marocaineexploitationsminieres,Idem 1948,Société marocaine d'exploitations minières,1,delattre-l
metauxproduitschimiques,minieremoghreb,Métaux et produits chimiques,Cie minière du Moghreb,1,nenard-r
minieregundafa,minieremoghreb,Société minière des Gundafa,Cie minière du Moghreb,1,nenard-r
minieremoghreb,minieresmala,Cie minière du Moghreb,Société minière des Smala,1,nenard-r
cherifiennearmement,marocainetransportsmaritimes,Cie chérifienne d'armement,Cie marocaine de transports maritimes,1,g-mory
banquecommercialemaroc,francocherifiennenavigation,Banque commerciale du Maroc,Cie franco-chérifienne de navigation,1,faure
banquecommercialemaroc,merinosmarocain,Banque commerciale du Maroc,Le Mérinos marocain,1,faure
francocherifiennenavigation,merinosmarocain,Cie franco-chérifienne de navigation,Le Mérinos marocain,1,faure
africaineexplosifs,banquecommercialemaroc,Cie africaine des explosifs,Banque commerciale du Maroc,1,merlin-e
annonay,domainebeniamar,ANNONAY,Domaine de Béni-Amar,1,annonay
banquenationalecommerceindustrie,cheminsfermaroc,Banque nationale pour le commerce et l'industrie,Compagnie des Chemins de fer du Maroc,1,mercier-g
banquenationalecommerceindustrie,energieelectriquemaroc,Banque nationale pour le commerce et l'industrie,Énergie électrique du Maroc,1,mercier-g
banquenationalecommerceindustrie,unionminierepanafricaine,Banque nationale pour le commerce et l'industrie,Union minière panafricaine,1,pose-a
creditmarocain,unionminierepanafricaine,Crédit marocain,Union minière panafricaine,1,pose-a
creditmaghreb,marocainemetallurgique,Crédit du Maghreb,Société Marocaine Métallurgique,1,grenoble
comptoirminesgrandstravauxmaroc,creditmarocain,Comptoir des mines et des grands travaux du Maroc,Crédit marocain,1,aries-j
creditmarocain,marocaineexplosifsaccessoiresmines,Crédit marocain,Sté marocaine d'explosifs et d'accessoires de mines,1,aries-j
creditmarocain,emballagescellulosiques,Crédit marocain,« Les Emballages Cellulosiques »,1,franck-m
commerceaveccoloniesetranger,creditmarocain,"Sociéte française pour le commerce avec les colonies et l’étranger, puis Sociéte française pour le commerce avec l'outre-mer",Crédit marocain,1,gradis-j
commerceaveccoloniesetranger,nordafricainefinancementparticipations,"Sociéte française pour le commerce avec les colonies et l’étranger, puis Sociéte française pour le commerce avec l'outre-mer",Société nord-africaine de financement et de participations,1,gradis-j
commerceaveccoloniesetranger,participationscolonialesfinancieres,"Sociéte française pour le commerce avec les colonies et l’étranger, puis Sociéte française pour le commerce avec l'outre-mer",Société de participations coloniales et financières,1,gradis-j
creditmarocain,marocainemetallurgique,Crédit marocain,Société Marocaine Métallurgique,1,laurent-j
marocainemetallurgique,nordafricainefinancementparticipations,Société Marocaine Métallurgique,Société nord-africaine de financement et de participations,1,laurent-j
brasseriesmaroc,participationscolonialesfinancieres,"Société des Brasseries du Maroc, puis Boissons du Maroc",Société de participations coloniales et financières,1,monnier-c
brasseriesmaroc,priveemarocaine,"Société des Brasseries du Maroc, puis Boissons du Maroc",Cie privée marocaine,1,monnier-c
brasseriesnordmarocain,participationscolonialesfinancieres,Société des Brasseries du Nord-Marocain,Société de participations coloniales et financières,1,monnier-c
brasseriesnordmarocain,priveemarocaine,Société des Brasseries du Nord-Marocain,Cie privée marocaine,1,monnier-c
creditmarocain,priveemarocaine,Crédit marocain,Cie privée marocaine,1,monnier-c
nordafricainefinancementparticipations,priveemarocaine,Société nord-africaine de financement et de participations,Cie privée marocaine,1,monnier-c
participationscolonialesfinancieres,priveemarocaine,Société de participations coloniales et financières,Cie privée marocaine,1,monnier-c
unionmarocaineoutremer,unionmetropolitaineafricaine,Union marocaine et d'outremer,Union métropolitaine et africaine,1,de-laboulaye-e
minieremzaita,unionmetropolitaineafricaine,Compagnie minière du M'Zaïta,Union métropolitaine et africaine,1,bertrand-de-la-bouillerie
chauxcimentsmateriauxconstructionmaroc,marocaine,"Chaux, ciments et matériaux de construction au Maroc",Compagnie marocaine,1,hermil-a
marocaine,minesbouskour,Compagnie marocaine,Société des Mines de Bou-Skour,1,mallet-a
marocaine,minesissougri,Compagnie marocaine,Société des Mines de l'Issougri,1,mallet-a
fermessegmet,rharbkhlot,Société des fermes du Segmet,Rharb et Khlot,1,h-villiers
marocaine,marocainevinicole,Compagnie marocaine,Compagnie marocaine vinicole,1,h-villiers
marocainevinicole,rharbkhlot,Compagnie marocaine vinicole,Rharb et Khlot,1,h-villiers
agadir,marocainevinicole,Compagnie d'Agadir,Compagnie marocaine vinicole,1,restany-p
metauxproduitschimiques,xvproduitschimiquesdroguerieengrais,Métaux et produits chimiques,XV. PRODUITS CHIMIQUES DROGUERIE ENGRAIS,1,abt-a
auxiliaireunion,penarroyamaroc,Société auxiliaire de l'Union française,Peñarroya-Maroc ),1,ramin-j
africaineindustrielleautomobile,auxiliaireunion,Société Africaine Industrielle et Automobile,Société auxiliaire de l'Union française,1,casablanca-n
africaineindustrielleautomobile,saupiquetmaroc,Société Africaine Industrielle et Automobile,Saupiquet-Maroc,1,casablanca-n
auxiliaireunion,saupiquetmaroc,Société auxiliaire de l'Union française,Saupiquet-Maroc,1,casablanca-n
electricitemarrakech,marocaineapplicationselectriques,Société d'Électricité de Marrakech,Société marocaine d'applications électriques,1,l-lefrancois
electricitemazagan,marocaineapplicationselectriques,Société d'Électricité de Mazagan,Société marocaine d'applications électriques,1,l-lefrancois
electricitesafi,marocaineapplicationselectriques,Société d'Électricité de Safi,Société marocaine d'applications électriques,1,l-lefrancois
cheminsfermaroc,entreprisecolonialeelectrification,Compagnie des Chemins de fer du Maroc,Entreprise coloniale d'électrification,1,ardoin-p
cheminsfermaroc,entrepriseelectriquezenatasfedala,Compagnie des Chemins de fer du Maroc,Entreprise électrique des Zenatas-Fédala,1,ardoin-p
cheminsfermarocoriental,entreprisecolonialeelectrification,Compagnie des Chemins de fer de du Maroc oriental,Entreprise coloniale d'électrification,1,ardoin-p
cheminsfermarocoriental,entrepriseelectriquezenatasfedala,Compagnie des Chemins de fer de du Maroc oriental,Entreprise électrique des Zenatas-Fédala,1,ardoin-p
cherifienneenergie,entreprisecolonialeelectrification,Société chérifienne d'énergie,Entreprise coloniale d'électrification,1,ardoin-p
cherifienneenergie,entrepriseelectriquezenatasfedala,Société chérifienne d'énergie,Entreprise électrique des Zenatas-Fédala,1,ardoin-p
cherifienneenergie,francoespagnolecheminfertangerfez,Société chérifienne d'énergie,Compagnie franco-espagnole du Chemin de fer de Tanger à Fez,1,ardoin-p
cherifienneenergie,idem1948,Société chérifienne d'énergie,Idem 1948,1,ardoin-p
energieelectriquemaroc,entreprisecolonialeelectrification,Énergie électrique du Maroc,Entreprise coloniale d'électrification,1,ardoin-p
energieelectriquemaroc,entrepriseelectriquezenatasfedala,Énergie électrique du Maroc,Entreprise électrique des Zenatas-Fédala,1,ardoin-p
energieelectriquemaroc,minesbouarfa,Énergie électrique du Maroc,Société des Mines de Bou-Arfa,1,ardoin-p
entreprisecolonialeelectrification,entrepriseelectriquezenatasfedala,Entreprise coloniale d'électrification,Entreprise électrique des Zenatas-Fédala,1,ardoin-p
entreprisecolonialeelectrification,francoespagnolecheminfertangerfez,Entreprise coloniale d'électrification,Compagnie franco-espagnole du Chemin de fer de Tanger à Fez,1,ardoin-p
entreprisecolonialeelectrification,idem1948,Entreprise coloniale d'électrification,Idem 1948,1,ardoin-p
entreprisecolonialeelectrification,marocaineapplicationselectriques,Entreprise coloniale d'électrification,Société marocaine d'applications électriques,1,ardoin-p
entreprisecolonialeelectrification,minesbouarfa,Entreprise coloniale d'électrification,Société des Mines de Bou-Arfa,1,ardoin-p
entrepriseelectriquezenatasfedala,francoespagnolecheminfertangerfez,Entreprise électrique des Zenatas-Fédala,Compagnie franco-espagnole du Chemin de fer de Tanger à Fez,1,ardoin-p
entrepriseelectriquezenatasfedala,idem1948,Entreprise électrique des Zenatas-Fédala,Idem 1948,1,ardoin-p
entrepriseelectriquezenatasfedala,marocaineapplicationselectriques,Entreprise électrique des Zenatas-Fédala,Société marocaine d'applications électriques,1,ardoin-p
entrepriseelectriquezenatasfedala,minesbouarfa,Entreprise électrique des Zenatas-Fédala,Société des Mines de Bou-Arfa,1,ardoin-p
francoespagnolecheminfertangerfez,marocaineapplicationselectriques,Compagnie franco-espagnole du Chemin de fer de Tanger à Fez,Société marocaine d'applications électriques,1,ardoin-p
francoespagnolecheminfertangerfez,minesbouarfa,Compagnie franco-espagnole du Chemin de fer de Tanger à Fez,Société des Mines de Bou-Arfa,1,ardoin-p
idem1948,marocaineapplicationselectriques,Idem 1948,Société marocaine d'applications électriques,1,ardoin-p
nantaiseimportationmarochailaustgutzeitmollinedahl,saupiquetmaroc,"Sté nantaise d'importation au Maroc (Hailaust & Gutzeit, Molliné & Dahl",Saupiquet-Maroc,1,casa
charbonnagesnordafricains,unionauriferecasablancasuitemarocaineparticipations,Charbonnages nord-africains,"Union aurifère, Casablanca. Suite de la Marocaine de Participations",1,solignac-m
charbonnagesnordafricains,minesaouli,Charbonnages nord-africains,Société des Mines d'Aouli,1,loix-g
africaineagricoleminiere,minieregundafa,Compagnie africaine agricole et minière,Société minière des Gundafa,1,peretti-a
energieelectriquemaroc,omniumnordafricain,Énergie électrique du Maroc,Omnium nord-africain,1,reyre-j
maroc,omniumnordafricain,Compagnie du Maroc,Omnium nord-africain,1,reyre-j
mamora,marocaineminesproduitschimiques,Compagnie de la Mamora,Société Marocaine de mines et de produits chimiques,1,fournier-g
mamora,mineszellidja,Compagnie de la Mamora,SOCIÉTÉ DES MINES DE ZELLIDJA,1,fournier-g
marocaineminesproduitschimiques,mineszellidja,Société Marocaine de mines et de produits chimiques,SOCIÉTÉ DES MINES DE ZELLIDJA,1,fournier-g
mineraisfermagnetiquemoktaelhadid,minesissougri,Cie des minerais de fer magnétique de Mokta-el-Hadid,Société des Mines de l'Issougri,1,boissonnas-r
cheminsfermaroc,mineraisfermagnetiquemoktaelhadid,Compagnie des Chemins de fer du Maroc,Cie des minerais de fer magnétique de Mokta-el-Hadid,1,bouruet-aubertot-h
minieremaroc,minieremzaita,Compagnie Minière du Maroc,Compagnie minière du M'Zaïta,1,minerais-s
cheminsfermaroc,minierebouazzergraara,Compagnie des Chemins de fer du Maroc,Société minière du Bou-Azzer et du Graâra,1,aguillon-j
cheminsfermaroc,minieretichka,Compagnie des Chemins de fer du Maroc,Cie minière du Tichka,1,aguillon-j
cheminsfermaroc,omniumnordafricain,Compagnie des Chemins de fer du Maroc,Omnium nord-africain,1,aguillon-j
cheminsfermaroc,penarroyamaroc,Compagnie des Chemins de fer du Maroc,Peñarroya-Maroc ),1,aguillon-j
minesbouarfa,minierebouazzergraara,Société des Mines de Bou-Arfa,Société minière du Bou-Azzer et du Graâra,1,aguillon-j
minesbouarfa,minieretichka,Société des Mines de Bou-Arfa,Cie minière du Tichka,1,aguillon-j
minesbouarfa,omniumnordafricain,Société des Mines de Bou-Arfa,Omnium nord-africain,1,aguillon-j
minesbouarfa,penarroyamaroc,Société des Mines de Bou-Arfa,Peñarroya-Maroc ),1,aguillon-j
minierebouazzergraara,penarroyamaroc,Société minière du Bou-Azzer et du Graâra,Peñarroya-Maroc ),1,aguillon-j
minieretichka,omniumnordafricain,Cie minière du Tichka,Omnium nord-africain,1,aguillon-j
minieretichka,penarroyamaroc,Cie minière du Tichka,Peñarroya-Maroc ),1,aguillon-j
cherifienneetudesminieres,minieretichka,Société Chérifienne d'études minières,Cie minière du Tichka,1,bouillot-a
marocaineetudessiderurgiques,minieretichka,Société marocaine d'études sidérurgiques,Cie minière du Tichka,1,ugine-s
cherifienneetudesminieres,minesaouli,Société Chérifienne d'études minières,Société des Mines d'Aouli,1,friedel-e
cherifiennepetroles,minesaouli,Société Chérifienne des Pétroles,Société des Mines d'Aouli,1,friedel-e
africainefilaturetissage,polietchaussonmaroc,Société africaine de filature et tissage,Poliet et Chausson-Maroc,1,dupleix-p
chauxcimentsmateriauxconstructionmaroc,unionminierepanafricaine,"Chaux, ciments et matériaux de construction au Maroc",Union minière panafricaine,1,demonque-m
cherifienneengraisproduitschimiques,marocaineetsjjcarnaudforgesbasseindre,Société Chérifienne d'engrais et de produits chimiques,Société marocaine des Éts J.-J. Carnaud et Forges de Basse-Indre,1,lefebvre-j
cherifienneengraisproduitschimiques,minoterieatlasboujab,Société Chérifienne d'engrais et de produits chimiques,"Minoterie de l'Atlas à Boujab, puis Société nouvelle des minoteries de l'Atlas",1,boisset-l
etudesexploitationsminierestadla,etudesminieresouarzemine,Société d'études et d'exploitations minières du Tadla,Société d'études minières de l'Ouarzemine,1,representee-par-m-ie-baron-de-nervo
etudesminieresouarzemine,metallurgiqueminierefrancomarocaine,Société d'études minières de l'Ouarzemine,Compagnie Métallurgique et minière franco-marocaine,1,fonderies-de-pont-a-mousson
marocaineetsjjcarnaudforgesbasseindre,minesissougri,Société marocaine des Éts J.-J. Carnaud et Forges de Basse-Indre,Société des Mines de l'Issougri,1,petin-j
anciensetablissementsalexandredamestoy,marocaineminesproduitschimiques,Anciens Établissements Alexandre Damestoy,Société Marocaine de mines et de produits chimiques,1,lantz-l
marocaineminesproduitschimiques,omniumfrancemaroc,Société Marocaine de mines et de produits chimiques,Omnium de France et du Maroc,1,aubert
miniereatlasmarocain,minierebramrane,Société minière de l'Atlas marocain,Société Minière du Bramrane,1,metallurgique-de-penarroya
minesaouli,miniereatlasmarocain,Société des Mines d'Aouli,Société minière de l'Atlas marocain,1,penarroya-maroc-s
chaouiamaroc,xvproduitschimiquesdroguerieengrais,Chaouïa et Maroc,XV. PRODUITS CHIMIQUES DROGUERIE ENGRAIS,1,keller-m
immobilieremaroc,marocainepiecommerceavecunionfseetranger,Société Immobilière au Maroc,Sté marocaine p. Ie commerce avec l'Union fse et l'étranger,1,tunis
materielagricolenordafricain,valdora,Matériel agricole Nord-Africain,Sté anon. Valdora,1,perdriau-a
marocaineetspaulparrenin,marocainepiecommerceavecunionfseetranger,Société marocaine des Ets Paul Parrenin,Sté marocaine p. Ie commerce avec l'Union fse et l'étranger,1,delval-e
cuny,entreprisesquilmes,Cuny,Entreprises Quilmès,1,graf-s
conserveriesmarocaines,portfedala,Conserveries marocaines,Cie du port de Fédala,1,et-lefebvre
conserveriesmarocaines,valdora,Conserveries marocaines,Sté anon. Valdora,1,et-lefebvre
etablissementsbeteille,immobilierevillehaute,Établissements L. Béteille,Immobilière Ville-Haute,1,lejeune
agricolesoukelarbarharb,forestierekcebia,Cie agricole de Souk-el-Arba-du-Rharb,Société Forestière de Kcebia,1,sauvegrain-l
agricolenordafricain,banqueetatmaroc,Société Agricole du Nord-Africain,Banque d'État du Maroc,1,madrid
agricolenordafricain,etablissementsluchaire,Société Agricole du Nord-Africain,Établissements LUCHAIRE,1,madrid
agricolenordafricain,francoespagnolecheminfertangerfez,Société Agricole du Nord-Africain,Compagnie franco-espagnole du Chemin de fer de Tanger à Fez,1,madrid
agricolenordafricain,pecheriesmarocaines,Société Agricole du Nord-Africain,Pêcheries marocaines,1,madrid
banqueetatmaroc,pecheriesmarocaines,Banque d'État du Maroc,Pêcheries marocaines,1,madrid
etablissementsluchaire,francoespagnolecheminfertangerfez,Établissements LUCHAIRE,Compagnie franco-espagnole du Chemin de fer de Tanger à Fez,1,madrid
etablissementsluchaire,pecheriesmarocaines,Établissements LUCHAIRE,Pêcheries marocaines,1,madrid
francoespagnolecheminfertangerfez,pecheriesmarocaines,Compagnie franco-espagnole du Chemin de fer de Tanger à Fez,Pêcheries marocaines,1,madrid
agricultureindustriemarocaines,maroccommerceindustrie,L’Agriculture et l’Industrie marocaines,Compagnie du Maroc pour le commerce et l'industrie,1,piot-c
marocainegazcomprimes,syndicatmaroc,Société Marocaine de Gaz comprimés,Syndicat général pour le Maroc,1,chapuis
francomarocaineminerais,industriellemarocaine,Cie Franco-Marocaine de Minerais,Société Industrielle marocaine,1,schwob
francomarocaineminerais,marocainegazcomprimes,Cie Franco-Marocaine de Minerais,Société Marocaine de Gaz comprimés,1,schwob
industriellemarocaine,marocainegazcomprimes,Société Industrielle marocaine,Société Marocaine de Gaz comprimés,1,schwob
aguilas,cheminsfermarocoriental,Compagnie d'Aguilas,Compagnie des Chemins de fer de du Maroc oriental,1,p-tallon
aguilas,minesbouarfa,Compagnie d'Aguilas,Société des Mines de Bou-Arfa,1,p-tallon
aguilas,etablissementsluchaire,Compagnie d'Aguilas,Établissements LUCHAIRE,1,beyrouth
comptoirindustrielagricolefrancecolonies,metallurgiqueminierefrancomarocaine,COMPTOIR INDUSTRIEL ET AGRICOLE DE FRANCE ET DES COLONIES,Compagnie Métallurgique et minière franco-marocaine,1,maroc
comptoirindustrielagricolefrancecolonies,outremer,COMPTOIR INDUSTRIEL ET AGRICOLE DE FRANCE ET DES COLONIES,Compagnie Générale d'Outre-mer,1,maroc
metallurgiqueminierefrancomarocaine,outremer,Compagnie Métallurgique et minière franco-marocaine,Compagnie Générale d'Outre-mer,1,maroc
entreprises,nordafricaineentreprises,ENTREPRISES,Société Nord-Africaine d'Entreprises,1,gaudin-de-lagrange-l
entreprises,socnordafricaineentreprises,ENTREPRISES,Soc. Nord-Africaine d'ENTREPRISES,1,gaudin-de-lagrange-l
immobilierenordafrique,socnordafricaineentreprises,"Société Immobilière du Nord de l'Afrique, puis Société nord-africaine d'entreprise",Soc. Nord-Africaine d'ENTREPRISES,1,leplus-p
siemensfrance,socfeutresrok,SIEMENS-FRANCE,Soc. an. des FEUTRES ROK,1,cognac
etablissementsluchaire,porttanger,Établissements LUCHAIRE,Société du Port de Tanger,1,barcelone
porttanger,soctravauxpublicsconstructionscimentarme,Société du Port de Tanger,Soc. de TRAVAUX PUBLICS et de CONSTRUCTIONS en CIMENT ARMÉ,1,barcelone
etablissementsluchaire,siemensfrance,Établissements LUCHAIRE,SIEMENS-FRANCE,1,strasbourg
machinesagricolesrwallut,siemensfrance,MACHINES AGRICOLES R. WALLUT et Cie,SIEMENS-FRANCE,1,strasbourg
banqueunionmarocaine,commercemaroc,Banque de l'union marocaine,Compagnie Générale de Commerce au Maroc,1,rte-de-mediouna
banqueunionmarocaine,domainekoriflaainelaouda,Banque de l'union marocaine,"Domaine de Korifla, Aïn-el-Aouda",1,rte-de-mediouna
banqueunionmarocaine,etablissementsluchaire,Banque de l'union marocaine,Établissements LUCHAIRE,1,rte-de-mediouna
banqueunionmarocaine,machinesagricolesrwallut,Banque de l'union marocaine,MACHINES AGRICOLES R. WALLUT et Cie,1,rte-de-mediouna
banqueunionmarocaine,senouf,Banque de l'union marocaine,Senouf,1,rte-de-mediouna
commercemaroc,domainekoriflaainelaouda,Compagnie Générale de Commerce au Maroc,"Domaine de Korifla, Aïn-el-Aouda",1,rte-de-mediouna
commercemaroc,ergho,Compagnie Générale de Commerce au Maroc,Ergho,1,rte-de-mediouna
commercemaroc,etablissementsluchaire,Compagnie Générale de Commerce au Maroc,Établissements LUCHAIRE,1,rte-de-mediouna
commercemaroc,machinesagricolesrwallut,Compagnie Générale de Commerce au Maroc,MACHINES AGRICOLES R. WALLUT et Cie,1,rte-de-mediouna
commercemaroc,senouf,Compagnie Générale de Commerce au Maroc,Senouf,1,rte-de-mediouna
domainekoriflaainelaouda,ergho,"Domaine de Korifla, Aïn-el-Aouda",Ergho,1,rte-de-mediouna
domainekoriflaainelaouda,etablissementsluchaire,"Domaine de Korifla, Aïn-el-Aouda",Établissements LUCHAIRE,1,rte-de-mediouna
domainekoriflaainelaouda,machinesagricolesrwallut,"Domaine de Korifla, Aïn-el-Aouda",MACHINES AGRICOLES R. WALLUT et Cie,1,rte-de-mediouna
domainekoriflaainelaouda,senouf,"Domaine de Korifla, Aïn-el-Aouda",Senouf,1,rte-de-mediouna
ergho,etablissementsluchaire,Ergho,Établissements LUCHAIRE,1,rte-de-mediouna
ergho,machinesagricolesrwallut,Ergho,MACHINES AGRICOLES R. WALLUT et Cie,1,rte-de-mediouna
ergho,senouf,Ergho,Senouf,1,rte-de-mediouna
etablissementsluchaire,senouf,Établissements LUCHAIRE,Senouf,1,rte-de-mediouna
machinesagricolesrwallut,senouf,MACHINES AGRICOLES R. WALLUT et Cie,Senouf,1,rte-de-mediouna
banqueetatmaroc,charbonnierecasablanca,Banque d'État du Maroc,Compagnie Charbonniere de Casablanca,1,ec-l
charbonnierecasablanca,soctravauxpublicsconstructionscimentarme,Compagnie Charbonniere de Casablanca,Soc. de TRAVAUX PUBLICS et de CONSTRUCTIONS en CIMENT ARMÉ,1,ec-l
banquecommercialemaroc,unionfinanciereconstructionmaroc,Banque commerciale du Maroc,Union financière pour la construction au Maroc,1,faure-j
banquecommercialemaroc,molybdene,Banque commerciale du Maroc,Le Molybdène,1,pietri-n
habitationsmaroc,socportsmarocainsmehedyakenitrarabatsale,Société d'Habitations au Maroc,Soc. des Ports Marocains de MEHEDYA-KÉNITRA et RABAT-SALÉ,1,rabat-sale
creditfrancomarocaincommerceexterieur,metallurgiqueminierefrancomarocaine,Crédit franco-marocain du commerce extérieur,Compagnie Métallurgique et minière franco-marocaine,1,reille
autohall,comptoirautomobileagricole,Auto-Hall,Comptoir automobile et agricole,1,peyroux-p
autohall,senouf,Auto-Hall,Senouf,1,cherrier-m
banqueunionmarocaine,casablancaiseconstructionseconomiquescreditmobilier,Banque de l'union marocaine,Casablancaise de Constructions economiques et de crédit mobilier,1,chanforan-m
banqueunionmarocaine,nantaiseimportationmaroc,Banque de l'union marocaine,Société Nantaise d’Importation au Maroc,1,chanforan-m
casablancaiseconstructionseconomiquescreditmobilier,nantaiseimportationmaroc,Casablancaise de Constructions economiques et de crédit mobilier,Société Nantaise d’Importation au Maroc,1,chanforan-m
financieretransafricaine,minierebouazzergraara,Société Financière Transafricaine,Société minière du Bou-Azzer et du Graâra,1,travaux
asiatiqueafricaine,creditfrancomarocaincommerceexterieur,Compagnie Asiatique et africaine,Crédit franco-marocain du commerce extérieur,1,ferme-g
brasseriesmaroc,liegesmamora,"Société des Brasseries du Maroc, puis Boissons du Maroc","Société des Lièges de la Mamora, puis Compagnie de la Mamora",1,chaussee-d-antin
camionnagemarocainealgerienne,marocaine,Société de Camionnage marocaine et algérienne,Compagnie marocaine,1,delanne
cheminsfermaroc,minesmaroc,Compagnie des Chemins de fer du Maroc,Société Française des Mines du Maroc,1,heurteau
cheminsfermaroc,etudes,Compagnie des Chemins de fer du Maroc,"Société d'études, puis Société minière du Haut-Guir",1,caqueray-g
cheminsfermaroc,marocainecharbonsbriquettes,Compagnie des Chemins de fer du Maroc,Société Marocaine de Charbons et briquettes,1,caqueray-g
energieelectriquemaroc,etudes,Énergie électrique du Maroc,"Société d'études, puis Société minière du Haut-Guir",1,caqueray-g
energieelectriquemaroc,marocainecharbonsbriquettes,Énergie électrique du Maroc,Société Marocaine de Charbons et briquettes,1,caqueray-g
etudes,marocaine,"Société d'études, puis Société minière du Haut-Guir",Compagnie marocaine,1,caqueray-g
etudes,marocainecharbonsbriquettes,"Société d'études, puis Société minière du Haut-Guir",Société Marocaine de Charbons et briquettes,1,caqueray-g
etudes,miniereafriquenord,"Société d'études, puis Société minière du Haut-Guir",Compagnie Minière de l'Afrique du Nord,1,caqueray-g
etudes,moulinsmaghreb,"Société d'études, puis Société minière du Haut-Guir",Société des Moulins du Maghreb,1,caqueray-g
marocaine,marocainecharbonsbriquettes,Compagnie marocaine,Société Marocaine de Charbons et briquettes,1,caqueray-g
marocaine,miniereafriquenord,Compagnie marocaine,Compagnie Minière de l'Afrique du Nord,1,caqueray-g
marocainecharbonsbriquettes,miniereafriquenord,Société Marocaine de Charbons et briquettes,Compagnie Minière de l'Afrique du Nord,1,caqueray-g
marocainecharbonsbriquettes,moulinsmaghreb,Société Marocaine de Charbons et briquettes,Société des Moulins du Maghreb,1,caqueray-g
marocainecharbonsbriquettes,porttanger,Société Marocaine de Charbons et briquettes,Société du Port de Tanger,1,caqueray-g
miniereafriquenord,moulinsmaghreb,Compagnie Minière de l'Afrique du Nord,Société des Moulins du Maghreb,1,caqueray-g
francoespagnolecheminfertangerfez,portsmarocainsmehedyakenitrarabatsale,Compagnie franco-espagnole du Chemin de fer de Tanger à Fez,Société des Ports marocains de Mehedya-Kenitra et Rabat-Salé,1,charles-roux-j
cheminfertangerfez,unionfinanciereconstructionmaroc,Chemin de fer Tanger-Fez,Union financière pour la construction au Maroc,1,krantz-c
francoespagnolecheminfertangerfez,unionfinanciereconstructionmaroc,Compagnie franco-espagnole du Chemin de fer de Tanger à Fez,Union financière pour la construction au Maroc,1,krantz-c
chalutagemediterranee,consortiumindustrielcommercialafriquenord,Société de Chalutage de la Méditerranée,Consortium industriel et commercial de l'Afrique du Nord,1,grand-rue
chargeursmarocains,cherifiennehoteliereimmobilierefinanciere,Chargeurs marocains,"Société Chérifienne, Hôtelière, Immobilière et Financière",1,bayonne
chargeursmarocains,marocaineainsikh,Chargeurs marocains,Societe marocaine d Aïn-Sikh,1,bayonne
cherifienneagricultureelevage,cherifiennehoteliereimmobilierefinanciere,Société Chérifienne d'Agriculture et d'élevage,"Société Chérifienne, Hôtelière, Immobilière et Financière",1,bayonne
cherifienneagricultureelevage,marocaineainsikh,Société Chérifienne d'Agriculture et d'élevage,Societe marocaine d Aïn-Sikh,1,bayonne
cherifiennehoteliereimmobilierefinanciere,marocaineainsikh,"Société Chérifienne, Hôtelière, Immobilière et Financière",Societe marocaine d Aïn-Sikh,1,bayonne
chauxcimentsmateriauxconstructionmaroc,etudesmarocainescommerceagriculturemines,"Chaux, ciments et matériaux de construction au Maroc","Société d'Études marocaines pour le commerce, l'agriculture et les mines",1,bloch-r
chauxcimentsmateriauxconstructionmaroc,nantaiseimportationmaroc,"Chaux, ciments et matériaux de construction au Maroc",Société Nantaise d’Importation au Maroc,1,gutzeit
cherifienneetudesminieres,francomarocaineminerais,Société Chérifienne d'études minières,Cie Franco-Marocaine de Minerais,1,mercier-j
commercialemarocaine,creditfonciermarocain,Compagnie Commerciale Marocaine,Crédit foncier marocain,1,prodon-p
creditfonciermarocain,societesminieregundafa,Crédit foncier marocain,Sociétés Minière des Gundafa,1,prodon-p
creditfonciermarocain,maroc,Crédit foncier marocain,Compagnie du Maroc,1,boissieu-p
maroc,maroccommerceindustrie,Compagnie du Maroc,Compagnie du Maroc pour le commerce et l'industrie,1,geneve
sudmarocain,zincsalindresberreetang,Compagnie du Sud-Marocain,"Compagnie Française du Zinc, Salindres, Berre-l'Étang",1,carnot-j
eclairageforcemaroc,minescuivredjebiletparcorinnekrouck,Cie d'Éclairage et de force au Maroc,Société des Mines de cuivre des Djebilet par Corinne Krouck et A.L.,1,chaussee-de-la-muette
eclairageforcemaroc,sudmarocain,Cie d'Éclairage et de force au Maroc,Compagnie du Sud-Marocain,1,chaussee-de-la-muette
energieelectriquemaroc,industriellemarocaine,Énergie électrique du Maroc,Société Industrielle marocaine,1,chaussee-de-la-muette
energieelectriquemaroc,minescuivredjebiletparcorinnekrouck,Énergie électrique du Maroc,Société des Mines de cuivre des Djebilet par Corinne Krouck et A.L.,1,chaussee-de-la-muette
energieelectriquemaroc,sudmarocain,Énergie électrique du Maroc,Compagnie du Sud-Marocain,1,chaussee-de-la-muette
industriellemarocaine,minescuivredjebiletparcorinnekrouck,Société Industrielle marocaine,Société des Mines de cuivre des Djebilet par Corinne Krouck et A.L.,1,chaussee-de-la-muette
industriellemarocaine,sudmarocain,Société Industrielle marocaine,Compagnie du Sud-Marocain,1,chaussee-de-la-muette
minescuivredjebiletparcorinnekrouck,sudmarocain,Société des Mines de cuivre des Djebilet par Corinne Krouck et A.L.,Compagnie du Sud-Marocain,1,chaussee-de-la-muette
comptoirlorrainmaroc,marocaineapprovisionnement,Comptoir lorrain du Maroc,Marocaine d'approvisionnement,1,nancy
comptoirlorrainmaroc,metallurgiqueminierefrancomarocaine,Comptoir lorrain du Maroc,Compagnie Métallurgique et minière franco-marocaine,1,nancy
marocaineapprovisionnement,metallurgiqueminierefrancomarocaine,Marocaine d'approvisionnement,Compagnie Métallurgique et minière franco-marocaine,1,nancy
comptoirmetallurgiquemaroc,foncieretanger,Comptoir métallurgique du Maroc,Société Française Foncière de Tanger,1,delaitre
foncieretanger,internationaleetudestravauxmaroc,Société Française Foncière de Tanger,Société Internationale d'Études et de travaux au Maroc,1,delaitre
creditfrancomarocaincommerceexterieur,domainekoriflaainelaouda,Crédit franco-marocain du commerce extérieur,"Domaine de Korifla, Aïn-el-Aouda",1,carpentier
domainebeniamar,domainekoriflaainelaouda,Domaine de Béni-Amar,"Domaine de Korifla, Aïn-el-Aouda",1,grand-place
eclairageforcemaroc,liegesmamora,Cie d'Éclairage et de force au Maroc,"Société des Lièges de la Mamora, puis Compagnie de la Mamora",1,vericourt
eclairageforcemaroc,marocaineapprovisionnement,Cie d'Éclairage et de force au Maroc,Marocaine d'approvisionnement,1,vericourt
eclairageforcemaroc,pecheriesconservesalimentairescasablancabenimellal,Cie d'Éclairage et de force au Maroc,"Pêcheries et de conserves alimentaires, Casablanca, Beni-Mellal",1,vericourt
liegesmamora,pecheriesconservesalimentairescasablancabenimellal,"Société des Lièges de la Mamora, puis Compagnie de la Mamora","Pêcheries et de conserves alimentaires, Casablanca, Beni-Mellal",1,vericourt
marocaineapprovisionnement,pecheriesconservesalimentairescasablancabenimellal,Marocaine d'approvisionnement,"Pêcheries et de conserves alimentaires, Casablanca, Beni-Mellal",1,vericourt
pecheriesconservesalimentairescasablancabenimellal,tramwaysautobuscasablanca,"Pêcheries et de conserves alimentaires, Casablanca, Beni-Mellal",Compagnie des Tramways et autobus de Casablanca,1,vericourt
essencesvegetalesafricaines,manutentionmarocaine,Société des Essences végétales africaines,La Manutention marocaine,1,vial
etudesgrandatlas,immobilierecasablanca,Société d'Études du Grand-Atlas,Société Immobilière de Casablanca,1,fabre
etudescommercemaroc,pecheriesmarocaines,Société d'Études et de commerce au Maroc,Pêcheries marocaines,1,martin
developpementcasablanca,financieremoghreb,Société Générale pour le Développement de Casablanca,Compagnie Financière du Moghreb,1,charbonniere-r
francomarocainefedhala,lyonmaroc,Compagnie Franco-Marocaine de Fedhala,Lyon-Maroc,1,jean-h
etshubertdolbeau,francomarocaineoufrancomarocaine,Éts Hubert Dolbeau & Cie,Société Franco-Marocaine ou Société franco-marocaine,1,jary-c
immobilierecasablanca,recherchesforages,Société Immobilière de Casablanca,"Société de Recherches et de forages, puis S.A. de gérance des bruttos de la Société de recherches et de forages",1,guet
lyonmaroc,minesoudjda,Lyon-Maroc,Société des Mines d'Oudjda,1,clement
makanghia,minesentifa,La Makanghia,Société des Mines d'Entifa,1,a-j
agricolecherifienne,cherifiennehivernage,Société Agricole chérifienne,Société Chérifienne d'hivernage,1,benedic
agricolecherifienne,materieltravauxagricoles,Société Agricole chérifienne,Cie de Matériel et de travaux agricoles,1,benedic
cherifienne,cherifiennehivernage,Société Générale chérifienne,Société Chérifienne d'hivernage,1,benedic
cherifienne,materieltravauxagricoles,Société Générale chérifienne,Cie de Matériel et de travaux agricoles,1,benedic
cherifiennehivernage,materieltravauxagricoles,Société Chérifienne d'hivernage,Cie de Matériel et de travaux agricoles,1,benedic
minesoudjda,portfedhala,Société des Mines d'Oudjda,Compagnie du Port de Fedhala,1,traz-j
minieremaroc,tabacsmaroc,Compagnie Minière du Maroc,Tabacs au Maroc,1,petit
etudesconstructions,minoterieatlasboujab,ÉTUDES et de CONSTRUCTIONS,"Minoterie de l'Atlas à Boujab, puis Société nouvelle des minoteries de l'Atlas",1,modernes-m
cherifienneparticipations,nordafricaineetudesminieresindustrielles,Société Chérifienne de participations,Société Nord-Africaine d’Études minières et industrielles,1,gradis
cherifienneparticipations,commerceaveccoloniesetranger,Société Chérifienne de participations,"Sociéte française pour le commerce avec les colonies et l’étranger, puis Sociéte française pour le commerce avec l'outre-mer",1,g-gradis
transportstourismemaroc,unionmaritimecoloniale,Compagnie Générale de Transports et tourisme au Maroc,Union maritime et coloniale,1,saint-aulaire
