doc_id,pdf_url,entry_type,name_normalised,sector,country,region,year_start,year_end,title_raw
inde-indochine-a-b-david-cie-c8f4b7,https://entreprises-coloniales.fr/inde-indochine/A._B._David_&_Cie.pdf,company,David et Cie,Commerce,Indochine,Indochine,,,"David et Cie (Aaron Brook), Saïgon"
inde-indochine-a-la-menagere-hanoi-0f7510,https://entreprises-coloniales.fr/inde-indochine/A_la_Menagere-Hanoi.pdf,company,À la Ménagère,Commerce,Indochine,Indochine,,,"À la Ménagère (Nebelung frères, puis Deschamps et Cie), Hanoï, Haïphong : quincaillerie"
inde-indochine-a-la-ville-de-prague-hanoi-0240e3,https://entreprises-coloniales.fr/inde-indochine/A_la_Ville_de_Prague-Hanoi.pdf,company,Zitech À la ville de Prague,Commerce,Indochine,Indochine,,,"Zitech (Émilie) À la ville de Prague, Hanoï : curiosités, objets d'art"
inde-indochine-a-r-marty-haiphong-31517c,https://entreprises-coloniales.fr/inde-indochine/A.-R._Marty-Haiphong.pdf,person,Marty,Commerce,Indochine,Indochine,,,"Marty (Auguste-Raphaël), Haïphong : commerçant"
inde-indochine-aapfi-fbd517,https://entreprises-coloniales.fr/inde-indochine/AAPFI.pdf,source_document,"Association amicale des colons et fonctionnaires civils de l'Indo-Chine, Indo-Chinois de Paris, Association amicale et de prévoyance des Français d'Indochine",Amicales régionales et professionnelles : les petites patries à l'ombre de la grande ; amitié et solidarité,Indochine,Indochine,,,"Association amicale des colons et fonctionnaires civils de l'Indo-Chine, Indo-Chinois de Paris, Association amicale et de prévoyance des Français d'Indochine, Paris"
inde-indochine-abattoirs-annam-98f719,https://entreprises-coloniales.fr/inde-indochine/Abattoirs_Annam.pdf,company,Abattoirs de l'Annam. Le commerce du bétail en Annam en 1933,"Élevage, abattage, boucherie",Indochine,Indochine,,,Abattoirs de l'Annam. Le commerce du bétail en Annam en 1933
inde-indochine-abattoirs-haiphong-358c6b,https://entreprises-coloniales.fr/inde-indochine/Abattoirs_Haiphong.pdf,company,Abattoirs de Haïphong,"Élevage, abattage, boucherie",Indochine,Indochine,,,Abattoirs de Haïphong
inde-indochine-abattoirs-hanoi-aaab21,https://entreprises-coloniales.fr/inde-indochine/Abattoirs_Hanoi.pdf,company,Abattoirs de Hanoï,"Élevage, abattage, boucherie",Indochine,Indochine,,,Abattoirs de Hanoï
inde-indochine-abattoirs-regionaux-saigon-cholon-73a7af,https://entreprises-coloniales.fr/inde-indochine/Abattoirs_regionaux_Saigon-Cholon.pdf,company,Abattoirs régionaux de Saïgon-Cholon,"Élevage, abattage, boucherie",Indochine,Indochine,,,Abattoirs régionaux de Saïgon-Cholon
inde-indochine-abattoirs-thanh-hoa-09189b,https://entreprises-coloniales.fr/inde-indochine/Abattoirs_Thanh-hoa.pdf,company,"Abattoirs de Thanh-hoa, bouverie modèle de Nông-Công","Élevage, abattage, boucherie",Indochine,Indochine,,,"Abattoirs de Thanh-hoa, bouverie modèle de Nông-Công"
inde-indochine-achard-chimie-lamgio-b2c629,https://entreprises-coloniales.fr/inde-indochine/Achard_Chimie-Lamgio.pdf,company,"Fabrique de produits chimiques Casimir Louis Achard, Lam-Gio",Industries diverses,Indochine,Indochine,1916,1919,"Fabrique de produits chimiques Casimir Louis Achard (1916-1919), Lam-Gio"
inde-indochine-achard-entrepr-tonkin-5efa52,https://entreprises-coloniales.fr/inde-indochine/Achard_Entrepr.-Tonkin.pdf,person,Achard,"Bâtiment-travaux publics, matériaux de construction, céramiques",Indochine,Indochine,,,"Achard (Casimir Louis), Haïphong, Hanoï : entrepreneur du bâtiment, industriel en chimie, journaliste, patron de journal"
inde-indochine-acric-24a2ef,https://entreprises-coloniales.fr/inde-indochine/ACRIC.pdf,company,Agence collective de représentations industrielles en Indochine,Commerce,Indochine,Indochine,1924,1933,"Agence collective de représentations industrielles en Indochine (ACRIC)(1924-1933), Saïgon, Hanoï"
inde-indochine-adolphe-krug-hanoi-46c069,https://entreprises-coloniales.fr/inde-indochine/Adolphe_Krug-Hanoi.pdf,person,Krug,"Bâtiment-travaux publics, matériaux de construction, céramiques",Indochine,Indochine,,,"Krug (Adolphe), Hanoï : géomètre expert, entrepreneur, colon, industriel …"
inde-indochine-adolphe-lagrange-621de9,https://entreprises-coloniales.fr/inde-indochine/Adolphe_Lagrange.pdf,person,Lagrange,"Eau et assainissement, électricité (Utilities)",Indochine,Indochine,,,Lagrange (Adolphe) : l'ingénieur eurasien qui électrifia l'Annam et le Laos
inde-indochine-adrien-vidal-haiphong-051913,https://entreprises-coloniales.fr/inde-indochine/Adrien_Vidal-Haiphong.pdf,person,Vidal,"Bâtiment-travaux publics, matériaux de construction, céramiques",Indochine,Indochine,,,"Vidal (Adrien)(Redessan, 1844-Haïphong, 1913), Haïphong : entrepreneur"
inde-indochine-aec-1922-indochine-c3f1fb,https://entreprises-coloniales.fr/inde-indochine/AEC_1922-Indochine.pdf,source_document,Annuaire des entreprises coloniales,Documents généraux (par ordre chronologique),Indochine,Indochine,1922,,Annuaire des entreprises coloniales (1922) : l'Indochine
inde-indochine-aec-1926-indochine-f45146,https://entreprises-coloniales.fr/inde-indochine/AEC_1926-Indochine.pdf,source_document,Annuaire des entreprises coloniales,Documents généraux (par ordre chronologique),Indochine,Indochine,1926,,Annuaire des entreprises coloniales (1926) : l'Indochine
inde-indochine-aec-1937-indochine-d31611,https://entreprises-coloniales.fr/inde-indochine/AEC_1937-Indochine.pdf,source_document,Annuaire des entreprises coloniales,Documents généraux (par ordre chronologique),Indochine,Indochine,1937,,Annuaire des entreprises coloniales (1937) : l'Indochine
inde-indochine-aec-1949-indochine-7b1df8,https://entreprises-coloniales.fr/inde-indochine/AEC_1949-Indochine.pdf,source_document,Annuaire des entreprises coloniales,Documents généraux (par ordre chronologique),Indochine,Indochine,1949,,Annuaire des entreprises coloniales (1949) : l'Indochine
inde-indochine-aec-1951-indochine-96799d,https://entreprises-coloniales.fr/inde-indochine/AEC_1951-Indochine.pdf,source_document,Annuaire des entreprises coloniales,Documents généraux (par ordre chronologique),Indochine,Indochine,1951,,Annuaire des entreprises coloniales (1951) : l'Indochine
inde-indochine-aero-club-cochinchine-6a3429,https://entreprises-coloniales.fr/inde-indochine/Aero-club_Cochinchine.pdf,company,"Aéro-club de Saïgon, puis Aéro-club de Cochinchine, Saïgon, Tan-Son-Nhut. Avec 30 caricatures signées Joseph Pépino et une de Jean Péraud .",Sports,Indochine,Indochine,1933,,"Aéro-club de Saïgon, puis Aéro-club de Cochinchine (« Ailes cochinchinoises »), Saïgon, Tan-Son-Nhut. Avec 30 caricatures signées Joseph Pépino (1933) et une de Jean Péraud (1934)."
inde-indochine-aero-club-d-annam-94f595,https://entreprises-coloniales.fr/inde-indochine/Aero-club_d'Annam.pdf,company,Aéro-club d'Annam,Sports,Indochine,Indochine,,,"Aéro-club d'Annam, Hué"
inde-indochine-aero-club-du-nord-ic-2fe74f,https://entreprises-coloniales.fr/inde-indochine/Aero-club_du_Nord-IC.pdf,company,"Aéro-club du Nord-Indochine et Ailes tonkinoises réunis, Hanoï, Gialam. Avec leurs antécédents",Sports,Indochine,Indochine,,,"Aéro-club du Nord-Indochine et Ailes tonkinoises réunis, Hanoï, Gialam. Avec leurs antécédents"
inde-indochine-affaire-fribgest-8852f0,https://entreprises-coloniales.fr/inde-indochine/Affaire_Fribgest.pdf,company,L'affaire Fribgest,"Banque, gérance, assurances…",Indochine,Indochine,,,L'affaire Fribgest (avril-septembre 1971)
inde-indochine-affreteurs-ic-orsini-e2db29,https://entreprises-coloniales.fr/inde-indochine/Affreteurs_IC_Orsini.pdf,company,"Affréteurs indochinois, puis Affréteurs maritimes indochinois","Transports fluviaux, maritimes et aériens. Ports, phares",Indochine,Indochine,,,"Affréteurs indochinois, puis Affréteurs maritimes indochinois (Charles Orsini), Saïgon"
inde-indochine-afima-hanoi-567f26,https://entreprises-coloniales.fr/inde-indochine/AFIMA_Hanoi.pdf,company,Association pour la formation intellectuelle et morale des Annamites,"Enseignement, recherche, sociétés savantes, musées…",Indochine,Indochine,,,"Association pour la formation intellectuelle et morale des Annamites (AFIMA), Hanoï"
inde-indochine-agaves-de-l-annam-46f1b5,https://entreprises-coloniales.fr/inde-indochine/Agaves_de_l'Annam.pdf,company,"Société des Plantations d'agaves de l'Annam, Dong-Mé",Cuirs et textiles,Indochine,Indochine,,,"Plantations d'agaves de l'Annam (Société des), Dong-Mé"
inde-indochine-agence-eco-fin-ic-97bb2a,https://entreprises-coloniales.fr/inde-indochine/Agence_eco_fin_IC.pdf,company,L'Indochine financière,"Imprimerie, presse, édition",Indochine,Indochine,,,"Indochine financière (L'), Saïgon"
inde-indochine-agindo-paris-df0622,https://entreprises-coloniales.fr/inde-indochine/Agindo-Paris.pdf,source_document,Agence économique de l'Indochine,Documents généraux (par ordre chronologique),Indochine,Indochine,1917,,"Agence économique de l'Indochine (Agindo)(1917)(97 p.), Paris"
inde-indochine-agonie-indochine-frse-1940-1945-1897b8,https://entreprises-coloniales.fr/inde-indochine/Agonie_Indochine_frse_1940-1945.pdf,source_document,"Agonie de l'Indochine française par Alain Léger comprenant un résumé critique des mémoires de l'amiral Decoux, À la barre de l'Indochine",Documents généraux (par ordre chronologique),Indochine,Indochine,1940,1945,"Agonie de l'Indochine française (1940-1945) par Alain Léger (1997) comprenant un résumé critique des mémoires de l'amiral Decoux, À la barre de l'Indochine"
inde-indochine-agric-forest-yen-my-5dfe34,https://entreprises-coloniales.fr/inde-indochine/Agric.+forest._Yen-My.pdf,company,"Yên-My, Nord-Annam","Café, thé, épices, coco, quinquina, vanille",Indochine,Indochine,,,"Yên-My (Agricole et forestière de)(SAFY), Nord-Annam : café"
inde-indochine-agricole-de-baria-bbe553,https://entreprises-coloniales.fr/inde-indochine/Agricole_de_Baria.pdf,company,Société Agricole de Baria,Héveas et caoutchouc,Indochine,Indochine,1927,1934,Baria (Société Agricole de)(Agricole de Baria)(1927-1934)
inde-indochine-agricole-de-ben-bo-a4b150,https://entreprises-coloniales.fr/inde-indochine/Agricole de Ben-bo.pdf,company,Société Agricole de Bên-Bo,Autres industries alimentaires,Indochine,Indochine,,,"Agricole de Bên-Bo (Société), Bac-giang : élevage"
inde-indochine-agricole-de-binh-ri-e3687d,https://entreprises-coloniales.fr/inde-indochine/Agricole_de_Binh-Ri.pdf,company,Société Agricole de Binh-Ri,"Café, thé, épices, coco, quinquina, vanille",Indochine,Indochine,,,Agricole de Binh-Ri (Société) : café
inde-indochine-agricole-de-cho-ganh-c9eb4b,https://entreprises-coloniales.fr/inde-indochine/Agricole_de_Cho-Ganh.pdf,company,Société Agricole de Cho-Ganh,"Café, thé, épices, coco, quinquina, vanille",Indochine,Indochine,,,"Agricole de Cho-Ganh (Société) : café, thé"
inde-indochine-agricole-de-djiring-cb44bb,https://entreprises-coloniales.fr/inde-indochine/Agricole_de_Djiring.pdf,company,Société Agricole de Djiring,"Café, thé, épices, coco, quinquina, vanille",Indochine,Indochine,,,Agricole de Djiring (Société)
inde-indochine-agricole-de-djoe-djiring-4f06cf,https://entreprises-coloniales.fr/inde-indochine/Agricole_de_Djoe_Djiring.pdf,company,"Société Agricole de Djoe Djiring, café","Café, thé, épices, coco, quinquina, vanille",Indochine,Indochine,1943,,"Agricole de Djoe Djiring (Société)(Sarl, 1943), café"
inde-indochine-agricole-de-dong-song-117b6a,https://entreprises-coloniales.fr/inde-indochine/Agricole_de_Dong-Song.pdf,company,Dong-Song,"Café, thé, épices, coco, quinquina, vanille",Indochine,Indochine,,,Dong-Song (Société civile agricole de ) : café
inde-indochine-agricole-de-l-ea-kmur-ad46a6,https://entreprises-coloniales.fr/inde-indochine/Agricole_de_l_Ea-Kmur.pdf,company,Société agricole de l’Ea-Kmur,"Café, thé, épices, coco, quinquina, vanille",Indochine,Indochine,1943,,"Ea-Kmur (Société agricole de l’)(Sarl, 1943)"
inde-indochine-agricole-de-long-chieu-e96574,https://entreprises-coloniales.fr/inde-indochine/Agricole_de_Long-Chieu.pdf,company,Société agricole de Long-Chiêu,Héveas et caoutchouc,Indochine,Indochine,,,Long-Chiêu (Société agricole de)(SALC)
inde-indochine-agricole-de-myduc-c2135f,https://entreprises-coloniales.fr/inde-indochine/Agricole_de_Myduc.pdf,company,Société agricole de Myduc ou My-duc,Héveas et caoutchouc,Indochine,Indochine,,,Myduc ou My-duc (Société agricole de)
inde-indochine-agricole-de-yen-lay-2a514b,https://entreprises-coloniales.fr/inde-indochine/Agricole_de_Yen-Lay.pdf,company,Yên-Lay,"Café, thé, épices, coco, quinquina, vanille",Indochine,Indochine,,,Yên-Lay (Agricole de)
inde-indochine-agricole-du-kontum-e17678,https://entreprises-coloniales.fr/inde-indochine/Agricole_du_Kontum.pdf,company,Société Agricole du Kontum,"Café, thé, épices, coco, quinquina, vanille",Indochine,Indochine,1925,1933,"Agricole du Kontum (Société )(1925-1933) : thé, café"
inde-indochine-agricole-du-tonkin-24a6c5,https://entreprises-coloniales.fr/inde-indochine/Agricole_du_Tonkin.pdf,company,Société Agricole du Tonkin,"Rizières, rizeries, négoce de riz et autres céréales",Indochine,Indochine,,,"Agricole du Tonkin (Société), Bac-giang"
inde-indochine-agricole-et-elevage-de-pleiku-9590ab,https://entreprises-coloniales.fr/inde-indochine/Agricole_et_elevage_de_Pleiku.pdf,company,Société Agricole et d'élevage de Pleiku,"Café, thé, épices, coco, quinquina, vanille",Indochine,Indochine,,,Agricole et d'élevage de Pleiku (Société)
inde-indochine-agricole-franco-annamite-cc8d27,https://entreprises-coloniales.fr/inde-indochine/Agricole_franco-annamite.pdf,company,Société Agricole franco-annamite,"Rizières, rizeries, négoce de riz et autres céréales",Indochine,Indochine,1930,1960,Agricole franco-annamite (Société)(SAFA)(1930-1960)
inde-indochine-agricole-indochinoise-cie-45752d,https://entreprises-coloniales.fr/inde-indochine/Agricole_Indochinoise_Cie.pdf,company,Compagnie Agricole Indochinoise,"Café, thé, épices, coco, quinquina, vanille",Indochine,Indochine,,,Agricole Indochinoise (Compagnie)
inde-indochine-agricole-l-ea-tul-884d7f,https://entreprises-coloniales.fr/inde-indochine/Agricole_l_Ea-Tul.pdf,company,Société Agricole L'Ea-Tul,"Café, thé, épices, coco, quinquina, vanille",Indochine,Indochine,1942,,"Agricole L'Ea-Tul (Société)(sarl, 1942), Ban-mé-thuot"
inde-indochine-agros-du-sud-indochinois-af9f8f,https://entreprises-coloniales.fr/inde-indochine/Agros_du_Sud-Indochinois.pdf,source_document,Association des Agros du Sud-Indochinois,Amicales régionales et professionnelles : les petites patries à l'ombre de la grande ; amitié et solidarité,Indochine,Indochine,,,Agros du Sud-Indochinois (Association des) : ingénieurs agronomes
inde-indochine-aigle-azur-ic-8c1bfa,https://entreprises-coloniales.fr/inde-indochine/Aigle-Azur-IC.pdf,company,Aigle-Azur et l'Indochine,"Transports fluviaux, maritimes et aériens. Ports, phares",Indochine,Indochine,,,Aigle-Azur et l'Indochine
inde-indochine-ailes-tonkinoises-d88143,https://entreprises-coloniales.fr/inde-indochine/Ailes_tonkinoises.pdf,company,Ailes tonkinoises,Sports,Indochine,Indochine,1935,1936,Ailes tonkinoises (1935-1936)
inde-indochine-aime-lagarde-1888-1941-07c99f,https://entreprises-coloniales.fr/inde-indochine/Aime_Lagarde_1888-1941.pdf,person,Lagarde,"Rizières, rizeries, négoce de riz et autres céréales",Indochine,Indochine,,,"Lagarde (Aimé)(1888-1941) : entrepreneur à Saïgon, riziculteur à Long-xuyên"
inde-indochine-aime-seau-sculpteur-animalier-ae8f29,https://entreprises-coloniales.fr/inde-indochine/Aime_Seau_sculpteur_animalier.pdf,company,"Seau, sculpteur animalier sur laque","Artistes peintres, sculpteurs et galeries",Indochine,Indochine,,,"Seau (Aimé), sculpteur animalier sur laque"
inde-indochine-air-asie-1928-1930-f76f6c,https://entreprises-coloniales.fr/inde-indochine/Air_Asie_1928-1930.pdf,company,Air Asie,"Transports fluviaux, maritimes et aériens. Ports, phares",Indochine,Indochine,1928,1930,Air Asie (1928-1930)
inde-indochine-alban-guyonnet-224fb7,https://entreprises-coloniales.fr/inde-indochine/Alban_Guyonnet.pdf,company,Guyonnet -Frigorifique de l'alimentaire,"Élevage, abattage, boucherie",Indochine,Indochine,,,"Guyonnet (Alban)-Frigorifique de l'alimentaire : boucher-charcutier en gros et détail, conserves…, Saïgon, Phu-My"
inde-indochine-alban-guyonnet-phu-my-ffaf79,https://entreprises-coloniales.fr/inde-indochine/Alban_Guyonnet-Phu-My.pdf,company,"Plantations Alban Guyonnet, Vinh-Cu, puis Phu-My et Xuân-Lôc",Héveas et caoutchouc,Indochine,Indochine,1910,,"Guyonnet (Plantations Alban), Vinh-Cu (1910), puis (1925) Phu-My et Xuân-Lôc"
inde-indochine-albert-arborati-1886-1971-07b2c3,https://entreprises-coloniales.fr/inde-indochine/Albert_Arborati_1886-1971.pdf,person,Arborati,"Rizières, rizeries, négoce de riz et autres céréales",Indochine,Indochine,,,"Arborati (Albert)(1886-1971) : géomètre, riziculteur, hévéaculteur…"
inde-indochine-albert-cezard-1869-1916-34288f,https://entreprises-coloniales.fr/inde-indochine/Albert_Cezard_1869-1916.pdf,person,Cézard,"Artistes peintres, sculpteurs et galeries",Indochine,Indochine,,,"Cézard (Albert)(1869-1916), Hanoï : peintre décorateur et vitrier, dessinateur, caricaturiste, illustrateur, peintre"
inde-indochine-albert-malortigue-80f34f,https://entreprises-coloniales.fr/inde-indochine/Albert_Malortigue.pdf,company,Malortigue,Mines,Indochine,Indochine,,,"Malortigue (Albert) : exploitant minier, etc."
inde-indochine-albert-mayer-saigon-3d5de1,https://entreprises-coloniales.fr/inde-indochine/Albert_Mayer-Saigon.pdf,company,Mayer,"Bâtiment-travaux publics, matériaux de construction, céramiques",Indochine,Indochine,1836,1886,"Mayer (Abraham Beer dit Albert)(1836-1886), Saïgon : entrepreneur"
inde-indochine-albert-rousselin-hanoi-6a6663,https://entreprises-coloniales.fr/inde-indochine/Albert_Rousselin-Hanoi.pdf,person,"Rousselin, polytechnicien","Bâtiment-travaux publics, matériaux de construction, céramiques",Indochine,Indochine,,,"Rousselin (Albert), polytechnicien, Hanoï : entrepreneur (1896-1904)"
inde-indochine-albert-wuhrlin-hanoi-709275,https://entreprises-coloniales.fr/inde-indochine/Albert_Wuhrlin-Hanoi.pdf,company,Wuhrlin frères,Autres industries alimentaires,Indochine,Indochine,,,"Wuhrlin frères (et non Wurhlin frères), Hanoï : distillerie, scierie"
inde-indochine-alcide-guyonnet-565e73,https://entreprises-coloniales.fr/inde-indochine/Alcide_Guyonnet.pdf,company,Guyonnet,"Élevage, abattage, boucherie",Indochine,Indochine,,,"Guyonnet (Alcide) : boucher-charcutier, épicier, Pnom-Penh"
inde-indochine-alerte-1934-1939-saigon-eb7f10,https://entreprises-coloniales.fr/inde-indochine/Alerte_1934-1939-Saigon.pdf,company,"L'Alerte, trihebdomadaire saïgonnais nippophile","Imprimerie, presse, édition",Indochine,Indochine,1934,1939,"Alerte (L')(1934-1939)(Pierre Fauquenot), trihebdomadaire saïgonnais nippophile"
inde-indochine-alexandre-brizon-372f3e,https://entreprises-coloniales.fr/inde-indochine/Alexandre_Brizon.pdf,person,Brizon,Groupes indochinois et dirigeants d'affaires diverses,Indochine,Indochine,,,"Brizon (Alexandre)(ca 1851-ca 1933) : directeur de sociétés, planteur, syndic, actionnaire de sociétés rizicole et minières"
inde-indochine-alexandre-francis-decoly-61f4d8,https://entreprises-coloniales.fr/inde-indochine/Alexandre_Francis_Decoly.pdf,person,Decoly,"Imprimerie, presse, édition",Indochine,Indochine,,,"Decoly (Alexandre Francis)(1878-1945), Saïgon : éditeur de cartes postales et — surtout — liquidateur, commissaire aux comptes et administrateur de sociétés"
inde-indochine-alexandre-lacouture-a69038,https://entreprises-coloniales.fr/inde-indochine/Alexandre_Lacouture.pdf,person,Lacouture,"Rizières, rizeries, négoce de riz et autres céréales",Indochine,Indochine,,,"Lacouture (Alexandre)(1877-1930) : magistrat, avocat-défenseur à Saïgon, riziculteur à Bac-lieu, planteur d'hévéas à Giadinh…"
inde-indochine-alexandre-leroy-hanoi-f65295,https://entreprises-coloniales.fr/inde-indochine/Alexandre_Leroy-Hanoi.pdf,person,Leroy,"Bâtiment-travaux publics, matériaux de construction, céramiques",Indochine,Indochine,,,"Leroy (Alexandre), Hanoï : entrepreneur"
inde-indochine-alexandre-yersin-1863-1943-6bd87b,https://entreprises-coloniales.fr/inde-indochine/Alexandre_Yersin_1863-1943.pdf,person,Yersin,Santé,Indochine,Indochine,,,"Yersin (Dr Alexandre)(1863-1943) : documentation non hagiographique. Peste bubonique, peste bovine, hévéas, chinchona (arbre à quinquina)"
inde-indochine-alfred-cie-hanoi-60c89d,https://entreprises-coloniales.fr/inde-indochine/Alfred_&_Cie-Hanoi.pdf,company,Alfred & Cie,Cinémas et théâtres de l'Indochine (du nord au sud),Indochine,Indochine,,,"Alfred & Cie, Hanoï : exploitant"
inde-indochine-alfred-langlet-phanthiet-00ca4f,https://entreprises-coloniales.fr/inde-indochine/Alfred_Langlet-Phanthiet.pdf,person,Langlet,Commerce,Indochine,Indochine,,,"Langlet (Alfred), Phanthiêt : banquier, négociant, syndic…"
inde-indochine-alfred-lavallee-mines-b2a53b,https://entreprises-coloniales.fr/inde-indochine/Alfred_Lavallee-Mines.pdf,person,Lavallée,Mines,Indochine,Indochine,,,"Lavallée (Alfred) : directeur des Postes de l'Indochine (1923-1926), puis prospecteur et exploitant minier (1927-1945)"
inde-indochine-algerienne-indochinoise-tabacs-2d2986,https://entreprises-coloniales.fr/inde-indochine/Algerienne&Indochinoise_Tabacs.pdf,company,Société Algérienne et Indochinoise des Tabacs,Autres industries alimentaires,Indochine,Indochine,1932,,"Algérienne et Indochinoise des Tabacs (Société)(S.A., 1932), Paris"
inde-indochine-alix-ayme-peintre-cfe4c8,https://entreprises-coloniales.fr/inde-indochine/Alix_Ayme_peintre.pdf,person,Aymé,"Artistes peintres, sculpteurs et galeries",Indochine,Indochine,,,Aymé (Alix)(1894-1989) : artiste peintre
inde-indochine-allatini-cie-saigon-60601a,https://entreprises-coloniales.fr/inde-indochine/Allatini_&_Cie-Saigon.pdf,company,Allatini & Cie,Commerce,Indochine,Indochine,1894,1909,"Allatini & Cie (1894-1909), Saïgon"
inde-indochine-allemands-mines-tonkin-313b8d,https://entreprises-coloniales.fr/inde-indochine/Allemands-Mines-Tonkin.pdf,company,"L'ingérence allemande dans les mines tonkinoises, par le lieutenant Sire",Mines,Indochine,Indochine,1915,,"L'ingérence allemande dans les mines tonkinoises (1915), par le lieutenant Sire"
inde-indochine-allumettes-du-tonkin-84ec41,https://entreprises-coloniales.fr/inde-indochine/Allumettes_du_Tonkin.pdf,company,Allumettes du Tonkin,"Bois, meubles, papier, allumettes",Indochine,Indochine,,,"Allumettes du Tonkin, Hanoï : usine créée par la Société française des allumettes (1890), affermée à un Chinois (1896), reprise par la Société centrale des allumettes (1897-1903)"
inde-indochine-allumettes-hop-thanh-00e516,https://entreprises-coloniales.fr/inde-indochine/Allumettes_Hop_Thanh.pdf,company,Manufacture d'allumettes Hop Thanh,"Bois, meubles, papier, allumettes",Indochine,Indochine,,,"Manufacture d'allumettes Hop Thanh, Cholon"
inde-indochine-alphonse-bec-e0a285,https://entreprises-coloniales.fr/inde-indochine/Alphonse_Bec.pdf,person,Bec,Groupes indochinois et dirigeants d'affaires diverses,Indochine,Indochine,,,"Bec (Alphonse)(1878-1938) : architecte municipal de Saïgon, planteur d'hévéas, riziculteur, fabricant de matériaux de construction, actionnaire d'un garage…"
inde-indochine-alphonse-forest-haiphong-b3c9b3,https://entreprises-coloniales.fr/inde-indochine/Alphonse_Forest-Haiphong.pdf,person,Forest,Santé,Indochine,Indochine,,,"Forest (Alphonse)(1877-1962), Haïphong : le médecin, l'homme d'affaires, l'homme politique"
inde-indochine-alphonse-guerin-hue-8b06df,https://entreprises-coloniales.fr/inde-indochine/Alphonse_Guerin-Hue.pdf,person,Guérin,"Imprimerie, presse, édition",Indochine,Indochine,,,"Guérin (Alphonse)(1872-1943), Hué : hôtelier, commerçant et éditeur de cartes postales (1901-1905), par Caroline Requet"
inde-indochine-alsaciens-lorrains-cochinchine-d99310,https://entreprises-coloniales.fr/inde-indochine/Alsaciens-Lorrains-Cochinchine.pdf,source_document,Alsaciens-Lorrains de Cochinchine,Amicales régionales et professionnelles : les petites patries à l'ombre de la grande ; amitié et solidarité,Indochine,Indochine,,,"Alsaciens-Lorrains de Cochinchine (Groupement des), Saïgon : secours aux Alsaciens-Lorrains expulsés (1940-1941)"
inde-indochine-amicale-algerienne-saigon-352174,https://entreprises-coloniales.fr/inde-indochine/Amicale_algerienne_Saigon.pdf,source_document,Amicale algérienne,Amicales régionales et professionnelles : les petites patries à l'ombre de la grande ; amitié et solidarité,Indochine,Indochine,,,"Amicale algérienne, Saïgon"
inde-indochine-amicale-bourbonnaise-cochinchine-7fe900,https://entreprises-coloniales.fr/inde-indochine/Amicale_bourbonnaise-Cochinchine.pdf,source_document,Amicale bourbonnaise,Amicales régionales et professionnelles : les petites patries à l'ombre de la grande ; amitié et solidarité,Indochine,Indochine,,,"Amicale bourbonnaise, Saïgon : Réunionnais"
inde-indochine-amicale-bretonne-haiphong-d09ada,https://entreprises-coloniales.fr/inde-indochine/Amicale_bretonne-Haiphong.pdf,source_document,Amicale des Bretons du Tonkin et du Nord-Annam L'Armoricaine,Amicales régionales et professionnelles : les petites patries à l'ombre de la grande ; amitié et solidarité,Indochine,Indochine,,,"Amicale des Bretons du Tonkin et du Nord-Annam L'Armoricaine, Haïphong"
inde-indochine-amicale-bretonne-hanoi-2e7486,https://entreprises-coloniales.fr/inde-indochine/Amicale_bretonne-Hanoi.pdf,source_document,Amicale des Bretons du Tonkin et du Nord-Annam L'Armoricaine,Amicales régionales et professionnelles : les petites patries à l'ombre de la grande ; amitié et solidarité,Indochine,Indochine,,,"Amicale des Bretons du Tonkin et du Nord-Annam L'Armoricaine, Hanoï"
inde-indochine-amicale-bretonne-pnompenh-48c206,https://entreprises-coloniales.fr/inde-indochine/Amicale_bretonne-Pnompenh.pdf,source_document,Amicale bretonne,Amicales régionales et professionnelles : les petites patries à l'ombre de la grande ; amitié et solidarité,Indochine,Indochine,,,"Amicale bretonne, Pnom-Penh"
inde-indochine-amicale-bretonne-saigon-598230,https://entreprises-coloniales.fr/inde-indochine/Amicale_bretonne-Saigon.pdf,source_document,Amicale bretonne,Amicales régionales et professionnelles : les petites patries à l'ombre de la grande ; amitié et solidarité,Indochine,Indochine,,,"Amicale bretonne, Saïgon"
inde-indochine-amicale-corse-cambodge-be0424,https://entreprises-coloniales.fr/inde-indochine/Amicale_corse-Cambodge.pdf,source_document,Amicale corse du Cambodge,Amicales régionales et professionnelles : les petites patries à l'ombre de la grande ; amitié et solidarité,Indochine,Indochine,,,"Amicale corse du Cambodge, Phnom-Penh"
inde-indochine-amicale-corse-cochinchine-a4042e,https://entreprises-coloniales.fr/inde-indochine/Amicale_corse-Cochinchine.pdf,source_document,Amicale corse de Cochinchine et la Fraternité ajaccienne,Amicales régionales et professionnelles : les petites patries à l'ombre de la grande ; amitié et solidarité,Indochine,Indochine,,,"Amicale corse de Cochinchine et la Fraternité ajaccienne, Saïgon"
inde-indochine-amicale-de-l-est-tonkin-8e4664,https://entreprises-coloniales.fr/inde-indochine/Amicale_de_l_Est-Tonkin.pdf,source_document,Amicale de l'Est,Amicales régionales et professionnelles : les petites patries à l'ombre de la grande ; amitié et solidarité,Indochine,Indochine,,,"Amicale de l'Est, Hanoï"
inde-indochine-amicale-des-provencaux-de-cochinchine-66f058,https://entreprises-coloniales.fr/inde-indochine/Amicale_des_Provencaux_de_Cochinchine.pdf,source_document,Amicale des Provençaux de Cochinchine,Amicales régionales et professionnelles : les petites patries à l'ombre de la grande ; amitié et solidarité,Indochine,Indochine,1926,,Amicale des Provençaux de Cochinchine (1926)
inde-indochine-amicale-du-nord-tonkin-a345c8,https://entreprises-coloniales.fr/inde-indochine/Amicale_du_Nord-Tonkin.pdf,source_document,Gas de Ch'Nord et de la Belgique,Amicales régionales et professionnelles : les petites patries à l'ombre de la grande ; amitié et solidarité,Indochine,Indochine,,,"Gas de Ch'Nord et de la Belgique, Hanoï"
inde-indochine-amicale-indochinoise-nice-889996,https://entreprises-coloniales.fr/inde-indochine/Amicale_indochinoise-Nice.pdf,source_document,"Amicale des Indochinois du Tonkin et du Var, Toulon ; Amicale indochinoise de la Côte-d'Azur",Amicales régionales et professionnelles : les petites patries à l'ombre de la grande ; amitié et solidarité,Indochine,Indochine,,,"Amicale des Indochinois du Tonkin et du Var, Toulon ; Amicale indochinoise de la Côte-d'Azur, Nice"
inde-indochine-amicale-provencaux-hanoi-bf4c97,https://entreprises-coloniales.fr/inde-indochine/Amicale_Provencaux-Hanoi.pdf,source_document,"La Côte d'Azur, puis la Sartan",Amicales régionales et professionnelles : les petites patries à l'ombre de la grande ; amitié et solidarité,Indochine,Indochine,,,"Côte d'Azur (La), puis la Sartan, Hanoï : amicales des Provençaux"
inde-indochine-amicale-rapatriement-haiphong-4b6f76,https://entreprises-coloniales.fr/inde-indochine/Amicale_rapatriement-Haiphong.pdf,source_document,Association amicale de rapatriement des employés de l'Indo-Chine,Amicales régionales et professionnelles : les petites patries à l'ombre de la grande ; amitié et solidarité,Indochine,Indochine,,,"Association amicale de rapatriement des employés de l'Indo-Chine, Haïphong"
inde-indochine-amicales-corses-tonkin-8d56c3,https://entreprises-coloniales.fr/inde-indochine/Amicales_corses-Tonkin.pdf,source_document,Amicales corses du Tonkin,Amicales régionales et professionnelles : les petites patries à l'ombre de la grande ; amitié et solidarité,Indochine,Indochine,,,"Amicales corses du Tonkin : la Corse, les Amis de la Corse, la Cyrnéenne, l'Amicale des Corses du Tonkin et de l'Annam"
inde-indochine-amis-de-l-art-saigon-1935-285644,https://entreprises-coloniales.fr/inde-indochine/Amis_de_l_art_Saïgon_1935.pdf,company,Exposition des « Amis de l'art »,"Artistes peintres, sculpteurs et galeries",Indochine,Indochine,1935,,"Exposition des « Amis de l'art », Saïgon (1935)"
inde-indochine-amposta-donghoi-6e86af,https://entreprises-coloniales.fr/inde-indochine/Amposta_Donghoi.pdf,company,"Amposta, Donghoï",Pêche et produits de la mer,Indochine,Indochine,,,"Amposta (Joseph Eugène), Donghoï : ostréiculteur et aubergiste"
inde-indochine-an-loc-1911-1935-9a416c,https://entreprises-coloniales.fr/inde-indochine/An-Loc_1911-1935.pdf,company,Plantations d’An-Loc,Héveas et caoutchouc,Indochine,Indochine,1911,1935,An-Loc (Plantations d’)(1911-1935)
inde-indochine-an-phu-ha-2ae1ec,https://entreprises-coloniales.fr/inde-indochine/An-Phu-Ha.pdf,company,An-Phu-Ha,Héveas et caoutchouc,Indochine,Indochine,,,An-Phu-Ha (Caoutchoucs d')(SACAPH)(suite de Bonnefoy frères et Veillet)
inde-indochine-anc-plantation-belland-8a1e9b,https://entreprises-coloniales.fr/inde-indochine/Anc._plantation_Belland.pdf,company,Société Immobilière et agricole sud-indochinoise,Héveas et caoutchouc,Indochine,Indochine,,,Immobilière et agricole sud-indochinoise (Société)(ancienne plantation Belland)
inde-indochine-anciens-emp-126fe0,https://entreprises-coloniales.fr/inde-indochine/Anciens_EMP.pdf,source_document,Anciens élèves de l'École des mines de Paris,Amicales régionales et professionnelles : les petites patries à l'ombre de la grande ; amitié et solidarité,Indochine,Indochine,,,Anciens élèves de l'École des mines de Paris : Indochine
inde-indochine-anciens-hec-ic-8b260c,https://entreprises-coloniales.fr/inde-indochine/Anciens_HEC-IC.pdf,source_document,Association des anciens élèves de l'École des Hautes Études commerciales,Amicales régionales et professionnelles : les petites patries à l'ombre de la grande ; amitié et solidarité,Indochine,Inde et Indochine,,,Hautes Études commerciales (Association des anciens élèves de l'École des) : section indochinoise
inde-indochine-anciens-legionnaires-tonkin-a258be,https://entreprises-coloniales.fr/inde-indochine/Anciens_Legionnaires_Tonkin.pdf,source_document,Association Amicale des Anciens Légionnaires en Indochine,Amicales régionales et professionnelles : les petites patries à l'ombre de la grande ; amitié et solidarité,Indochine,Indochine,,,"Amicale des Anciens Légionnaires en Indochine (Association), Hanoï"
inde-indochine-anciens-sup-de-co-ic-394833,https://entreprises-coloniales.fr/inde-indochine/Anciens_Sup_de_co-IC.pdf,source_document,Anciens élèves des Écoles supérieures de commerce,Amicales régionales et professionnelles : les petites patries à l'ombre de la grande ; amitié et solidarité,Indochine,Indochine,,,Anciens élèves des Écoles supérieures de commerce : Indochine
inde-indochine-anciens-tonkinois-hanoi-c453d3,https://entreprises-coloniales.fr/inde-indochine/Anciens_Tonkinois-Hanoi.pdf,source_document,Amicale des Anciens Tonkinois,Amicales régionales et professionnelles : les petites patries à l'ombre de la grande ; amitié et solidarité,Indochine,Indochine,,,"Amicale des Anciens Tonkinois, Hanoï"
inde-indochine-andre-chenivesse-1941-1947-3ffb85,https://entreprises-coloniales.fr/inde-indochine/Andre_Chenivesse_1941-1947.pdf,source_document,Chenivesse,Documents généraux (par ordre chronologique),Indochine,Indochine,,,"Chenivesse (André) : Mémoire d'un disparu (2004) : sous-lieutenant en Cochinchine, au Tonkin, en Annam et au Laos (1941-1947)"
inde-indochine-andre-fontaine-465269,https://entreprises-coloniales.fr/inde-indochine/Andre_Fontaine.pdf,person,Fontaine,Autres industries alimentaires,Indochine,Indochine,,,Fontaine (André)(1891-1928)
inde-indochine-andre-haberlay-thudaumot-55fdcd,https://entreprises-coloniales.fr/inde-indochine/Andre_Haberlay_Thudaumot.pdf,company,Haberlay,"Bois, meubles, papier, allumettes",Indochine,Indochine,,,"Haberlay (André), Thudaumot : marchand de bois"
inde-indochine-andre-jourdan-soctrang-66491b,https://entreprises-coloniales.fr/inde-indochine/Andre_Jourdan-Soctrang.pdf,person,Jourdan,"Rizières, rizeries, négoce de riz et autres céréales",Indochine,Indochine,,,"Jourdan (André)(1894-1960), Soctrang : 1.300 hectares de rizières"
inde-indochine-andre-simonpietri-saigon-e26d55,https://entreprises-coloniales.fr/inde-indochine/Andre_Simonpietri-Saigon.pdf,person,Simonpiétri,Transports terrestres et garages,Indochine,Indochine,,,"Simonpiétri (André), Saïgon : transitaire, entrepositaire, transporteur. Bar-restaurant Le Cyrnos (1936)"
inde-indochine-andre-touzet-6cf7c5,https://entreprises-coloniales.fr/inde-indochine/Andre_Touzet.pdf,company,"André Touzet, un haut fonctionnaire colonial devenu directeur des Comptoirs",Commerce,Indochine,Indochine,,,"André Touzet, un haut fonctionnaire colonial devenu directeur des Comptoirs"
inde-indochine-ange-eminente-hanoi-fbd267,https://entreprises-coloniales.fr/inde-indochine/Ange_Eminente-Hanoi.pdf,person,Eminente,"Bâtiment-travaux publics, matériaux de construction, céramiques",Indochine,Indochine,,,"Eminente (Ange)(1858-1918), Hanoï : entrepreneur et commerçant à l'enseigne « Aux Fabriques des Vosges » (tissus)"
inde-indochine-angkor-bungalow-8bb77a,https://entreprises-coloniales.fr/inde-indochine/Angkor-Bungalow.pdf,company,Bungalow d'Angkor,"Hôtellerie, tourisme",Indochine,Indochine,,,Bungalow d'Angkor (« Bungalow des Ruines »)
inde-indochine-angkor-pillages-malraux-7617ad,https://entreprises-coloniales.fr/inde-indochine/Angkor-pillages_Malraux.pdf,company,Angkor,Autres loisirs,Indochine,Indochine,,,Angkor : quand Chevasson et Malraux pillaient les ruines (1924)
inde-indochine-angkor-sauvetage-tourisme-006e39,https://entreprises-coloniales.fr/inde-indochine/Angkor-sauvetage+tourisme.pdf,company,Angkor,"Enseignement, recherche, sociétés savantes, musées…",Indochine,Indochine,,,"Angkor : découverte et sauvetage des ruines, source d'inspiration, visiteurs célèbres et exploitation touristique"
inde-indochine-ann-adm-ic-1950-4ddaec,https://entreprises-coloniales.fr/inde-indochine/Ann._adm._IC_1950.pdf,source_document,Annuaire administratif des services communs de l’Indochine,Documents généraux (par ordre chronologique),Indochine,Indochine,1950,,Annuaire administratif des services communs de l’Indochine (1950) : en mode image
inde-indochine-ann-adm-indoch-1950-250d70,https://entreprises-coloniales.fr/inde-indochine/Ann._adm._Indoch._1950.pdf,source_document,Annuaire administratif des services communs de l’Indochine,Documents généraux (par ordre chronologique),Indochine,Indochine,1950,,Annuaire administratif des services communs de l’Indochine (1950) : index des noms cités
inde-indochine-ann-indus-1925-ic-5c0965,https://entreprises-coloniales.fr/inde-indochine/Ann._indus._1925-IC.pdf,source_document,Annuaire industriel,Documents généraux (par ordre chronologique),Indochine,Indochine,1925,,Annuaire industriel (1925) : sociétés indochinoises et administrateurs. Ingénieurs.
inde-indochine-ann-indus-1938-ic-ef7299,https://entreprises-coloniales.fr/inde-indochine/Ann._indus._1938-IC.pdf,source_document,Annuaire industriel,Documents généraux (par ordre chronologique),Indochine,Indochine,1938,,Annuaire industriel (1938) : Indochine
inde-indochine-annam-nouveau-hanoi-c5da2b,https://entreprises-coloniales.fr/inde-indochine/Annam_nouveau-Hanoi.pdf,company,L'Annam nouveau,"Imprimerie, presse, édition",Indochine,Indochine,1931,,"Annam nouveau (L')(1931), Hanoï : bihebdomadaire"
inde-indochine-annam-reservoir-maindoeuvre-949326,https://entreprises-coloniales.fr/inde-indochine/Annam_reservoir_maindoeuvre.pdf,company,L'Annam,Recruteurs de main-d'œuvre (engagistes),Indochine,Indochine,,,L'Annam : réservoir de main-d'œuvre ?
inde-indochine-annamite-assurauto-5e788c,https://entreprises-coloniales.fr/inde-indochine/Annamite_assurauto.pdf,company,Compagnie Annamite d'assurances automobiles,"Banque, gérance, assurances…",Indochine,Indochine,,,"Annamite d'assurances automobiles (Compagnie), Saïgon"
inde-indochine-annamite-de-credit-b0ca48,https://entreprises-coloniales.fr/inde-indochine/Annamite_de_credit.pdf,company,Société Annamite de crédit,"Banque, gérance, assurances…",Indochine,Indochine,,,"Annamite de crédit (Société), Saïgon"
inde-indochine-annuaire-planteurs-caout-1916-620b30,https://entreprises-coloniales.fr/inde-indochine/Annuaire_planteurs_caout.1916.pdf,company,Annuaire des planteurs de caoutchouc de l'Indochine,Héveas et caoutchouc,Indochine,Indochine,1916,,Annuaire des planteurs de caoutchouc de l'Indochine (1916)(en mode texte) : liste des plantations (notices)
inde-indochine-annuaire-planteurs-caout-1923-35bc60,https://entreprises-coloniales.fr/inde-indochine/Annuaire_planteurs_caout.1923.pdf,company,Annuaire des planteurs de caoutchouc de l'Indochine,Héveas et caoutchouc,Indochine,Indochine,1923,,Annuaire des planteurs de caoutchouc de l'Indochine (1923)(en mode texte) : liste des plantations (notices)
inde-indochine-annuaire-planteurs-caout-1926-bf848d,https://entreprises-coloniales.fr/inde-indochine/Annuaire_planteurs_caout.1926.pdf,company,Annuaire des planteurs de caoutchouc de l'Indochine,Héveas et caoutchouc,Indochine,Indochine,1926,,Annuaire des planteurs de caoutchouc de l'Indochine (1926)(en mode texte) : liste des plantations (notices)
inde-indochine-annuaire-planteurs-caout-1931-be609d,https://entreprises-coloniales.fr/inde-indochine/Annuaire_planteurs_caout.1931.pdf,company,Annuaire des planteurs de caoutchouc de l'Indochine,Héveas et caoutchouc,Indochine,Indochine,1931,,Annuaire des planteurs de caoutchouc de l'Indochine (1931)(en mode texte) : Historique. Tableaux statistiques par provinces. Notices sur les plantations
inde-indochine-anthracites-du-tonkin-e059e6,https://entreprises-coloniales.fr/inde-indochine/Anthracites_du_Tonkin.pdf,company,"Anthracites du Tonkin, Mao-Khé, Trang-bach",Mines,Indochine,Indochine,1920,1933,"Anthracites du Tonkin (1920-1933), Mao-Khé, Trang-bach"
inde-indochine-antimoines-indochine-959938,https://entreprises-coloniales.fr/inde-indochine/Antimoines-Indochine.pdf,company,Société des Antimoines de l'Indochine,"Métallurgie, constructions mécaniques, électriques, navales",Indochine,Indochine,1916,,"Antimoines de l'Indochine (Société des)(1916), Haïphong"
inde-indochine-antoine-baffeleuf-1883-1963-d19d4c,https://entreprises-coloniales.fr/inde-indochine/Antoine_Baffeleuf_1883-1963.pdf,person,Baffeleuf,Groupes indochinois et dirigeants d'affaires diverses,Indochine,Indochine,,,"Baffeleuf (Antoine)(1883-1963) : administrateur civil, puis avocat à Hanoï et homme d'affaires"
inde-indochine-antoine-thibert-simili-marbre-939ecc,https://entreprises-coloniales.fr/inde-indochine/Antoine_Thibert_simili-marbre.pdf,company,Thibert,"Bâtiment-travaux publics, matériaux de construction, céramiques",Indochine,Indochine,,,"Thibert (Antoine), Saïgon : projet de fabrication de simili-marbre (brevet Brunel)(1929)"
inde-indochine-antonovitch-et-lan-hanoi-a69dc3,https://entreprises-coloniales.fr/inde-indochine/Antonovitch_et_Lan-Hanoi.pdf,company,Antonovitch et Lan,"Bâtiment-travaux publics, matériaux de construction, céramiques",Indochine,Indochine,,,"Antonovitch (Michel) et Lan (Jean), Hanoï : entrepreneurs (1934-1938), puis transitaires"
inde-indochine-arboretum-de-trangbom-996aa5,https://entreprises-coloniales.fr/inde-indochine/Arboretum_de_Trangbom.pdf,company,Trangbom ou Trang-bom,"Bois, meubles, papier, allumettes",Indochine,Indochine,,,"Trangbom ou Trang-bom (Cochinchine) : station forestière expérimentale, arboretum, monument aux forestiers morts en 1914-1918, charbon de bois"
inde-indochine-ardin-plantation-hippolyte-dc0898,https://entreprises-coloniales.fr/inde-indochine/Ardin_Plantation_Hippolyte.pdf,company,Plantation Hippolyte Ardin,Héveas et caoutchouc,Indochine,Indochine,,,Ardin (Plantation Hippolyte)
inde-indochine-ardin-sili-saigon-6078a6,https://entreprises-coloniales.fr/inde-indochine/Ardin-SILI-Saigon.pdf,company,"Ardin - Société des imprimeries et librairies indochinoises, puis Le-Van-Tan","Imprimerie, presse, édition",Indochine,Indochine,,,"Ardin - Société des imprimeries et librairies indochinoises (SILI)(Anc. maison Rey), puis Le-Van-Tan, Saïgon"
inde-indochine-argus-indochinois-c54aeb,https://entreprises-coloniales.fr/inde-indochine/Argus_indochinois.pdf,company,"L'Argus indochinois, Hanoï. Hebdomadaire autonomiste créé par Amédée Clémenti, mécanicien, entrepreneur, assassin, fondateur d'une famille franco-annamite, riziculteur. Suivi d'un recueil des articles d'Amédée Clémenti et de « Pierre Toussaint » dans l'Effort","Imprimerie, presse, édition",Indochine,Indochine,1921,1931,"Argus indochinois (L')(1921-1931), Hanoï. Hebdomadaire autonomiste créé par Amédée Clémenti (1871-1944), mécanicien, entrepreneur, assassin, fondateur d'une famille franco-annamite, riziculteur. Suivi d'un recueil des articles d'Amédée Clémenti et de « Pierre Toussaint » dans l'Effort (1937-1939)(176 p.)"
inde-indochine-arip-733070,https://entreprises-coloniales.fr/inde-indochine/ARIP.pdf,company,Agence radiotélégraphique de l'Indochine et du Pacifique,"Imprimerie, presse, édition",Indochine,Indochine,1924,,Agence radiotélégraphique de l'Indochine et du Pacifique (A.R.I.P.)(ARIP)(Indopacifi)(filiale de la CSF et d'Havas)(1924)
inde-indochine-armand-guillou-dd928a,https://entreprises-coloniales.fr/inde-indochine/Armand_Guillou.pdf,person,Guillou,"Bâtiment-travaux publics, matériaux de construction, céramiques",Indochine,Indochine,,,"Guillou (Armand)(ingénieur E.C.P.), Hanoï, Haïphong : entrepreneur, industriel"
inde-indochine-armand-seville-planteur-d509fa,https://entreprises-coloniales.fr/inde-indochine/Armand_Seville_Planteur.pdf,company,"Séville, administrateur civil, planteur de café et de poivre à Thanh-dien","Café, thé, épices, coco, quinquina, vanille",Indochine,Indochine,,,"Séville (Armand), administrateur civil, planteur de café et de poivre à Thanh-dien (Tây-ninh)"
inde-indochine-armorique-pb-argentifere-8bc5ce,https://entreprises-coloniales.fr/inde-indochine/Armorique_pb_argentifere.pdf,company,"Société de la mine Armorique, Tulé",Mines,Indochine,Indochine,,,"Armorique (Société de la mine), Tulé (Tonkin) : plomb argentifère"
inde-indochine-arnaud-dreyfus-haiphong-5ef088,https://entreprises-coloniales.fr/inde-indochine/Arnaud_Dreyfus-Haiphong.pdf,company,Dreyfus,Commerce,Indochine,Indochine,,,"Dreyfus (Arnaud), Haïphong, Hanoï : équipement de la personne, atelier de fabrication et réparation de sellerie et harnachement"
inde-indochine-arpea-quang-ngai-8bfe12,https://entreprises-coloniales.fr/inde-indochine/Arpea-Quang-ngai.pdf,company,"Arpéa, Quang-ngai","Bâtiment-travaux publics, matériaux de construction, céramiques",Indochine,Indochine,,,"Arpéa (Michel), Quang-ngai"
inde-indochine-arsenal-marine-saigon-dfaa26,https://entreprises-coloniales.fr/inde-indochine/Arsenal-Marine-Saigon.pdf,company,Arsenal de la Marine,"Métallurgie, constructions mécaniques, électriques, navales",Indochine,Indochine,,,"Arsenal de la Marine, Saïgon : roulement du personnel européen, polytechniciens, ingénieurs du génie maritime (386 p.)"
inde-indochine-asiatique-de-navigation-fe9eb5,https://entreprises-coloniales.fr/inde-indochine/Asiatique_de_navigation.pdf,company,Compagnie Asiatique de navigation,"Transports fluviaux, maritimes et aériens. Ports, phares",Indochine,Indochine,1938,,"Asiatique de navigation (Compagnie)(1938), Haïphong"
inde-indochine-asiatique-impex-hauet-efe17e,https://entreprises-coloniales.fr/inde-indochine/Asiatique-impex-Hauet.pdf,company,Société Asiatique d'importation et d'exportation,Commerce,Indochine,Indochine,,,Asiatique d'importation et d'exportation (Société)(Albert Hauet et Cie)
inde-indochine-asile-alienes-takmau-74d032,https://entreprises-coloniales.fr/inde-indochine/Asile_alienes_Takmau.pdf,company,"Asile d'aliénés de Takmau, près Pnom-penh",Santé,Indochine,Indochine,,,"Asile d'aliénés de Takmau, près Pnom-penh"
inde-indochine-asile-alienes-voi-5cf91e,https://entreprises-coloniales.fr/inde-indochine/Asile_alienes_Voi.pdf,company,"Asile mixte d'aliénés de Voi, près Bac-giang",Santé,Indochine,Indochine,,,"Asile mixte d'aliénés de Voi, près Bac-giang"
inde-indochine-ass-exportateurs-riz-3ee8b0,https://entreprises-coloniales.fr/inde-indochine/Ass._exportateurs_riz.pdf,company,De l'Association des exportateurs de riz au Syndicat des exportateurs d'Indochine. Un volume de dragages supérieur à celui du canal de Suez et de Panama réunis,"Rizières, rizeries, négoce de riz et autres céréales",Indochine,Indochine,,,De l'Association des exportateurs de riz au Syndicat des exportateurs d'Indochine. Un volume de dragages supérieur à celui du canal de Suez et de Panama réunis
inde-indochine-assistance-medicale-laos-1927-db418c,https://entreprises-coloniales.fr/inde-indochine/Assistance_medicale_Laos_1927.pdf,company,"Le développement de l'Assistance médicale au Laos, par le Dr Guillemet",Santé,Indochine,Indochine,1927,,"Le développement de l'Assistance médicale au Laos (1927), par le Dr Guillemet"
inde-indochine-associated-oil-co-of-indochina-dfde9a,https://entreprises-coloniales.fr/inde-indochine/Associated_Oil_Co_of_Indochina.pdf,company,Associated Oil Company of Indochina,Commerce,Indochine,Indochine,,,"Associated Oil Company of Indochina, Saïgon"
inde-indochine-assurance-fr-asiatique-e280cc,https://entreprises-coloniales.fr/inde-indochine/Assurance_fr.-asiatique.pdf,company,L'Assurance franco-asiatique,"Banque, gérance, assurances…",Indochine,Indochine,,,"Assurance franco-asiatique (L') : Chine, Indochine, Malaisie, France, AFN"
inde-indochine-assurance-fr-indochine-df1dd8,https://entreprises-coloniales.fr/inde-indochine/Assurance_Fr.-Indochine.pdf,company,L'Assurance France-Indochine,"Banque, gérance, assurances…",Indochine,Indochine,,,"Assurance France-Indochine (L'), Saïgon"
inde-indochine-atelier-d-arts-francais-324567,https://entreprises-coloniales.fr/inde-indochine/Atelier_d'arts_francais.pdf,company,Atelier d'arts français,"Artistes peintres, sculpteurs et galeries",Indochine,Indochine,,,"Atelier d'arts français (Janick Pétra-David), Saïgon : ensemblier-décorateur"
inde-indochine-ateliers-asiatiques-arts-appliques-3e08f9,https://entreprises-coloniales.fr/inde-indochine/Ateliers_asiatiques_arts_appliques.pdf,company,Ateliers asiatiques d'arts appliqués,"Bois, meubles, papier, allumettes",Indochine,Indochine,,,"Ateliers asiatiques d'arts appliqués, Saïgon"
inde-indochine-ateliers-avalanche-montreuil-df0a39,https://entreprises-coloniales.fr/inde-indochine/Ateliers_Avalanche_Montreuil.pdf,company,"Ateliers de l'Avalanche, charpente, huisserie, menuiserie, ameublement","Bois, meubles, papier, allumettes",Indochine,Indochine,,,"Ateliers de l'Avalanche (Paul Beauvilain de Montreuil), charpente, huisserie, menuiserie, ameublement, Saïgon"
inde-indochine-ateliers-combel-haiphong-6be3bb,https://entreprises-coloniales.fr/inde-indochine/Ateliers_Combel-Haiphong.pdf,company,Ateliers Combel,"Métallurgie, constructions mécaniques, électriques, navales",Indochine,Indochine,,,"Ateliers Combel, Haïphong"
inde-indochine-ateliers-maritimes-de-haiphong-185b4f,https://entreprises-coloniales.fr/inde-indochine/Ateliers_maritimes_de_Haiphong.pdf,company,Ateliers maritimes de Haïphong,"Métallurgie, constructions mécaniques, électriques, navales",Indochine,Indochine,1883,1912,Ateliers maritimes de Haïphong (1883-1912)(« Ateliers de la Marine ») : arsenal
inde-indochine-ateliers-porchet-haiphong-72c79a,https://entreprises-coloniales.fr/inde-indochine/Ateliers_Porchet-Haiphong.pdf,company,"Ateliers Porchet, puis Ateliers maritimes d'Haïphong","Métallurgie, constructions mécaniques, électriques, navales",Indochine,Indochine,,,"Ateliers Porchet, puis Ateliers maritimes d'Haïphong (anc. Chaumont et Daniel), Haïphong"
inde-indochine-ateliers-quenelle-haiphong-1a3903,https://entreprises-coloniales.fr/inde-indochine/Ateliers_Quenelle-Haiphong.pdf,company,Ateliers Quenelle,"Métallurgie, constructions mécaniques, électriques, navales",Indochine,Indochine,,,"Ateliers Quenelle, Haïphong"
inde-indochine-ateliers-soieries-hadong-a0a573,https://entreprises-coloniales.fr/inde-indochine/Ateliers_soieries-Hadong.pdf,company,"Ateliers des arts indigènes, Hadông",Cuirs et textiles,Indochine,Indochine,,,"Ateliers des arts indigènes, Hadông : soieries"
inde-indochine-au-chardon-bleu-saigon-441b13,https://entreprises-coloniales.fr/inde-indochine/Au_Chardon_bleu-Saigon.pdf,company,Au Chardon bleu,Commerce,Indochine,Indochine,,,"Au Chardon bleu (Jeanne Willman-Courtessole), Saïgon : nouveautés, chaussures"
inde-indochine-au-menestrel-hanoi-4ffd8c,https://entreprises-coloniales.fr/inde-indochine/Au_Menestrel-Hanoi.pdf,company,Au Ménestrel,Commerce,Indochine,Indochine,,,"Au Ménestrel (E. Déchenaux, Omer Baivy), Hanoï : instruments de musique, disques, cours"
inde-indochine-aubry-gabriel-an-thai-bfdb5b,https://entreprises-coloniales.fr/inde-indochine/Aubry_(Gabriel)-An-thai.pdf,company,"Aubry, An-thai","Café, thé, épices, coco, quinquina, vanille",Indochine,Indochine,,,"Aubry (Gabriel), An-thai"
inde-indochine-auguste-darles-1876-1940-496def,https://entreprises-coloniales.fr/inde-indochine/Auguste_Darles_1876-1940.pdf,person,Darles,Autres industries alimentaires,Indochine,Indochine,,,Darles (Auguste)(1876-1940) : quand le « bourreau de Thaï-Nguyen » pantouflait aux Distilleries à Saïgon
inde-indochine-auguste-olleac-transporteur-cca950,https://entreprises-coloniales.fr/inde-indochine/Auguste_Olleac_transporteur.pdf,person,Olléac,Transports terrestres et garages,Indochine,Indochine,,,"Olléac (Auguste Antoine Alexandre)(1867-1930), Dap-cau, Hanoï : entrepreneur de transports et de travaux, concessionnaire de mont-de-piété, débitant d'alcool…"
inde-indochine-auguste-perroud-hanoi-f08a2f,https://entreprises-coloniales.fr/inde-indochine/Auguste_Perroud-Hanoi.pdf,company,Perroud,Commerce,Indochine,Indochine,1906,1945,"Perroud (Auguste), Hanoï (1906-1945) : horloger-bijoutier"
inde-indochine-auguste-piganiol-db3ebf,https://entreprises-coloniales.fr/inde-indochine/Auguste_Piganiol.pdf,person,Piganiol,Commerce,Indochine,Indochine,,,"Piganiol (Auguste)(1858-1922), Phu-lang-Thuong, Dap-cau : commerçant, hôtelier, entrepreneur, planteur, propriétaire minier"
inde-indochine-auto-accessoires-saigon-19cc15,https://entreprises-coloniales.fr/inde-indochine/Auto-Accessoires-Saigon.pdf,company,Auto-Accessoires,Transports terrestres et garages,Indochine,Indochine,,,"Auto-Accessoires (maison Marius Didier), Saïgon"
inde-indochine-auxiliaire-placement-emission-saigon-a6fc64,https://entreprises-coloniales.fr/inde-indochine/Auxiliaire_placement_emission_Saigon.pdf,company,Société Auxiliaire de placement et d'émission,"Banque, gérance, assurances…",Indochine,Indochine,1926,,"Auxiliaire de placement et d'émission (Société)(S.A., 1926), Saïgon"
inde-indochine-avenir-du-tonkin-afe72d,https://entreprises-coloniales.fr/inde-indochine/Avenir_du_Tonkin.pdf,company,L'Avenir du Tonkin,"Imprimerie, presse, édition",Indochine,Indochine,1884,1941,"Avenir du Tonkin (L')(1884-1941), Hanoï"
inde-indochine-aviation-indochine-1940-1945-4b45c9,https://entreprises-coloniales.fr/inde-indochine/Aviation_Indochine_1940-1945.pdf,company,"Grandeurs et misère de notre aviation en Indochine, par Georges Héloury","Transports fluviaux, maritimes et aériens. Ports, phares",Indochine,Indochine,1940,1945,"Grandeurs et misère de notre aviation en Indochine (1940-1945), par Georges Héloury (Les Ailes, 16 et 23 février 1946)"
inde-indochine-aviation-indochine-1949-ee0fed,https://entreprises-coloniales.fr/inde-indochine/Aviation_Indochine-1949.pdf,company,"L'aviation en Indochine, par François Gale","Transports fluviaux, maritimes et aériens. Ports, phares",Indochine,Indochine,1949,,"L'aviation en Indochine (1949), par François Gale"
inde-indochine-baboud-et-ottavy-2db45e,https://entreprises-coloniales.fr/inde-indochine/Baboud_et_Ottavy.pdf,company,Baboud et Ottavy,"Bois, meubles, papier, allumettes",Indochine,Indochine,1940,,"Baboud et Ottavy (Sarl, 1940), Saïgon : charbon de bois"
inde-indochine-bac-lieu-bungalow-bc0200,https://entreprises-coloniales.fr/inde-indochine/Bac-lieu-Bungalow.pdf,company,Bungalow,"Hôtellerie, tourisme",Indochine,Indochine,,,"Bungalow, Baclieu (Bac-liêu)"
inde-indochine-bach-thai-buoi-2d2d83,https://entreprises-coloniales.fr/inde-indochine/Bach_Thai_Buoi.pdf,company,"Bach-Thai-Buoi, armateur à Nam-Dinh","Transports fluviaux, maritimes et aériens. Ports, phares",Indochine,Indochine,,,"Bach-Thai-Buoi, armateur à Nam-Dinh, puis Haïphong"
inde-indochine-baie-d-along-1920-1940-ec093e,https://entreprises-coloniales.fr/inde-indochine/Baie_d'Along_1920-1940.pdf,company,Baie d'Along,"Hôtellerie, tourisme",Indochine,Indochine,1920,1940,"Baie d'Along (1920-1940) : Cercle nautique, syndicat d'initiative…"
inde-indochine-bainier-auto-hall-saigon-678b07,https://entreprises-coloniales.fr/inde-indochine/Bainier-Auto-Hall-Saigon.pdf,company,Éts Bainier d'Indochine -Auto-Hall,Transports terrestres et garages,Indochine,Indochine,1914,,"Bainier d'Indochine (Éts)-Auto-Hall, Saïgon (1914)"
inde-indochine-bainier-hanoi-9b70df,https://entreprises-coloniales.fr/inde-indochine/Bainier-Hanoi.pdf,company,"Éts Bainier d'Indochine -Auto-Hall, succursale de Hanoï",Transports terrestres et garages,Indochine,Indochine,1926,,"Bainier d'Indochine (Éts)-Auto-Hall, succursale de Hanoï (1926)"
inde-indochine-bainier-pnom-penh-571091,https://entreprises-coloniales.fr/inde-indochine/Bainier-Pnom-Penh.pdf,company,"Éts Bainier d'Indochine -Auto-Hall, succursale de Pnom-Penh",Transports terrestres et garages,Indochine,Indochine,1925,,"Bainier d'Indochine (Éts)-Auto-Hall, succursale de Pnom-Penh (1925)"
inde-indochine-bainier-pnom-penh-hanoi-33a734,https://entreprises-coloniales.fr/inde-indochine/Bainier-Pnom-Penh-Hanoi.pdf,company,"Éts Bainier d'Indochine -Auto-Hall, succursales de Pnom-Penh et Hanoï",Transports terrestres et garages,Indochine,Inde et Indochine,,,"Bainier d'Indochine (Éts)-Auto-Hall, succursales de Pnom-Penh et Hanoï"
inde-indochine-balencie-charles-8e87bc,https://entreprises-coloniales.fr/inde-indochine/Balencie_Charles.pdf,company,Balencie,Héveas et caoutchouc,Indochine,Indochine,,,"Balencie (Charles)(Pinas, 1871-Toulon, 1936) : Phu-Duc (Société agricole de) et Plantation de Phu-hoà-dong"
inde-indochine-balencie-henri-18a144,https://entreprises-coloniales.fr/inde-indochine/Balencie_Henri.pdf,person,Balencie,Héveas et caoutchouc,Indochine,Indochine,,,"Balencie (Henri)(1877-après 1952) : administrateur des services civils, planteur, conseiller colonial, président de la chambre d'agriculture"
inde-indochine-balencie-leopold-bd6153,https://entreprises-coloniales.fr/inde-indochine/Balencie_Leopold.pdf,person,Balencie,Héveas et caoutchouc,Indochine,Indochine,,,Balencie (Léopold)(1887-1947) : Carbage-Leop (Société civile du Domaine de)
inde-indochine-ballous-bauge-bc731f,https://entreprises-coloniales.fr/inde-indochine/Ballous_&_Bauge.pdf,company,"Ballous et Baugé, Loc-hung",Héveas et caoutchouc,Indochine,Indochine,,,"Ballous et Baugé, Loc-hung"
inde-indochine-baluteig-cambon-0523a0,https://entreprises-coloniales.fr/inde-indochine/Baluteig_&_Cambon.pdf,company,Baluteig & Cambon-Grand Garage Khmer à Pnom-Penh,Transports terrestres et garages,Indochine,Indochine,,,Baluteig & Cambon-Grand Garage Khmer à Pnom-Penh
inde-indochine-ban-me-thuot-elec-edab0c,https://entreprises-coloniales.fr/inde-indochine/Ban-Me-Thuot-elec.pdf,company,Ban-Mé-Thuot,"Eau et assainissement, électricité (Utilities)",Indochine,Indochine,,,Ban-Mé-Thuot (Clément Bourgery)(Darlac) : hydroélectricité.
inde-indochine-bana-hotel-morin-freres-053404,https://entreprises-coloniales.fr/inde-indochine/Bana-Hotel_Morin_freres.pdf,company,"Hôtel Morin frères, Bana, station d'altitude","Hôtellerie, tourisme",Indochine,Indochine,,,"Hôtel Morin frères, Bana, station d'altitude"
inde-indochine-banghoi-bungalow-96031a,https://entreprises-coloniales.fr/inde-indochine/Banghoi-Bungalow.pdf,company,"Bungalow, Banghoï, près Cam-ranh","Hôtellerie, tourisme",Indochine,Indochine,,,"Bungalow, Banghoï (ou Ba-ngoi), près Cam-ranh"
inde-indochine-bank-of-china-tonkin-edf1ce,https://entreprises-coloniales.fr/inde-indochine/Bank_of_China-Tonkin.pdf,company,Bank of China,"Banque, gérance, assurances…",Indochine,Indochine,,,"Bank of China, Hanoï, Haïphong"
inde-indochine-bank-of-communications-ic-5eaf8d,https://entreprises-coloniales.fr/inde-indochine/Bank_of_communications-IC.pdf,company,Bank of communications,"Banque, gérance, assurances…",Indochine,Indochine,,,"Bank of communications, Haïphong, Saïgon"
inde-indochine-bank-of-east-asia-d4f981,https://entreprises-coloniales.fr/inde-indochine/Bank_of_East_Asia.pdf,company,Bank of East Asia,"Banque, gérance, assurances…",Indochine,Indochine,,,"Bank of East Asia (East Asia Bank), Saïgon, Haïphong"
inde-indochine-banmethuot-bungalow-4ddd53,https://entreprises-coloniales.fr/inde-indochine/Banmethuot-Bungalow.pdf,company,Bungalow ou Hôtel du Grand Cerf,"Hôtellerie, tourisme",Indochine,Indochine,,,"Bungalow ou Hôtel du Grand Cerf (Élie Nicolas-Granjon), Ban-mé-thuot"
inde-indochine-banque-de-cochinchine-c2e5d7,https://entreprises-coloniales.fr/inde-indochine/Banque_de_Cochinchine.pdf,company,Banque de Cochinchine,"Banque, gérance, assurances…",Indochine,Indochine,1907,1912,Banque de Cochinchine (1907-1912)
inde-indochine-banque-de-saigon-cabb77,https://entreprises-coloniales.fr/inde-indochine/Banque_de_Saigon.pdf,company,Banque de Saigon,"Banque, gérance, assurances…",Indochine,Indochine,1926,1932,Banque de Saigon (1926-1932)
inde-indochine-bao-hang-domaine-c71aed,https://entreprises-coloniales.fr/inde-indochine/Bao-Hang_Domaine.pdf,company,Domaine de Bao-Hang,Héveas et caoutchouc,Indochine,Indochine,,,Bao-Hang (Domaine de)(Philip)
inde-indochine-barbanson-cholon-e67b1f,https://entreprises-coloniales.fr/inde-indochine/Barbanson-Cholon.pdf,person,Barbanson,Commerce,Indochine,Indochine,,,"Barbanson (François), Cholon : boulanger, négociant, hôtelier, planteur…"
inde-indochine-bardon-khanh-hoi-922ff9,https://entreprises-coloniales.fr/inde-indochine/Bardon-Khanh-Hoi.pdf,company,"Bardon, Saïgon-Khanh-Hoi","Métallurgie, constructions mécaniques, électriques, navales",Indochine,Indochine,,,"Bardon (Charles), Saïgon-Khanh-Hoi : constructions navales"
inde-indochine-baria-bungalow-c190ab,https://entreprises-coloniales.fr/inde-indochine/Baria-Bungalow.pdf,company,Bungalow,"Hôtellerie, tourisme",Indochine,Indochine,,,"Bungalow, Baria"
inde-indochine-barrage-d-ankroet-cc93de,https://entreprises-coloniales.fr/inde-indochine/Barrage_d_Ankroet.pdf,company,Ankroet,"Eau et assainissement, électricité (Utilities)",Indochine,Indochine,1943,1945,Ankroet (1943-1945) : barrage alimentant Dalat en hydroélectricité.
inde-indochine-barrage-de-bai-thuong-b10c38,https://entreprises-coloniales.fr/inde-indochine/Barrage_de_Bai-thuong.pdf,company,Thanh-hoa,"Hydraulique agricole, irrigations (du nord au sud)",Indochine,Indochine,,,"Thanh-hoa : le barrage de Baï-thuong, 60.000 hectares irrigués (1918-1926)"
inde-indochine-barrage-du-day-e0cd41,https://entreprises-coloniales.fr/inde-indochine/Barrage_du_Day.pdf,company,Le barrage du Day,"Hydraulique agricole, irrigations (du nord au sud)",Indochine,Indochine,1937,,Le barrage du Day (1937)
inde-indochine-barry-eugene-hanoi-0f7e8b,https://entreprises-coloniales.fr/inde-indochine/Barry_Eugene-Hanoi.pdf,company,Barry,Industries diverses,Indochine,Indochine,,,"Barry (Eugène), Hanoï : mastics, colles, peintures"
inde-indochine-barthelemy-alata-hanoi-9dd14f,https://entreprises-coloniales.fr/inde-indochine/Barthelemy_Alata-Hanoi.pdf,company,Alata,"Enseignement, recherche, sociétés savantes, musées…",Indochine,Indochine,,,"Alata (Barthélémy), Hanoï : pianiste, compositeur, professeur de musique"
inde-indochine-bartholoni-genealogie-288924,https://entreprises-coloniales.fr/inde-indochine/Bartholoni_genealogie.pdf,company,Bartholoni,Mines,Indochine,Indochine,,,Bartholoni (généalogie des) : affaires et politique
inde-indochine-bastos-indochine-50c1b9,https://entreprises-coloniales.fr/inde-indochine/Bastos-Indochine.pdf,company,Bastos d’Indochine,Autres industries alimentaires,Indochine,Indochine,,,"Bastos d’Indochine, Saïgon"
inde-indochine-bata-indochine-6d318c,https://entreprises-coloniales.fr/inde-indochine/Bata-Indochine.pdf,company,Bata,Commerce,Indochine,Indochine,,,Bata (chaussures) : succursales d'Indochine
inde-indochine-batignolles-indochine-de3091,https://entreprises-coloniales.fr/inde-indochine/Batignolles-Indochine.pdf,company,Batignolles-Indochine,"Bâtiment-travaux publics, matériaux de construction, céramiques",Indochine,Indochine,,,Batignolles-Indochine
inde-indochine-battambang-bungalow-1be6f8,https://entreprises-coloniales.fr/inde-indochine/Battambang-Bungalow.pdf,company,Bungalow de Battambang,"Hôtellerie, tourisme",Indochine,Indochine,,,Bungalow de Battambang
inde-indochine-baud-et-sauvage-haiphong-ae0162,https://entreprises-coloniales.fr/inde-indochine/Baud_et_Sauvage-Haiphong.pdf,company,Baud et Sauvage,Industries diverses,Indochine,Indochine,1906,1914,"Baud et Sauvage (1906-1914), Haïphong : huiles, mastics, peintures, vernis"
inde-indochine-baudrit-rues-saigon-ad860d,https://entreprises-coloniales.fr/inde-indochine/Baudrit-Rues_Saigon.pdf,source_document,"Baudrit, Guide historique des rues de Saïgon, 542 p. Les autres en parlent ; on vous l'offre !",Documents généraux (par ordre chronologique),Indochine,Indochine,1943,,"Baudrit (André), Guide historique des rues de Saïgon (1943), 542 p. Les autres en parlent ; on vous l'offre !"
inde-indochine-baurac-cochinchine-est-db4415,https://entreprises-coloniales.fr/inde-indochine/Baurac_Cochinchine_Est.pdf,source_document,"Docteur J.-C. Baurac, La Cochinchine et ses habitants. Provinces de l'Est, Saïgon, 1899",Documents généraux (par ordre chronologique),Indochine,Indochine,,,"Docteur J.-C. Baurac, La Cochinchine et ses habitants. Provinces de l'Est, Saïgon, 1899"
inde-indochine-baurac-cochinchine-ouest-ec4c8d,https://entreprises-coloniales.fr/inde-indochine/Baurac_Cochinchine_Ouest.pdf,source_document,"Docteur J.-C. Baurac, La Cochinchine et ses habitants. Provinces de l'Ouest, Saïgon, 1894",Documents généraux (par ordre chronologique),Indochine,Indochine,,,"Docteur J.-C. Baurac, La Cochinchine et ses habitants. Provinces de l'Ouest, Saïgon, 1894"
inde-indochine-bazars-parisiens-ic-a56ada,https://entreprises-coloniales.fr/inde-indochine/Bazars_parisiens_IC.pdf,company,Société Grands Bazars parisiens d'Indo-Chine,Commerce,Indochine,Indochine,,,"Grands Bazars parisiens d'Indo-Chine (Société)(G. Morand et A. Gros, fermiers de l'alcool et de l'opium à Cho-Bo), Paris, Saïgon, Haïphong, Hanoï, Tourane, Pnom-penh (« Bazars de Paris »)"
inde-indochine-beauville-eynaud-rachgia-013ce4,https://entreprises-coloniales.fr/inde-indochine/Beauville_Eynaud-Rachgia.pdf,company,"Beauville dit Eynaud, métis riziculteur à Rachgia. Sa bérézina judiciaire","Rizières, rizeries, négoce de riz et autres céréales",Indochine,Indochine,,,"Beauville dit Eynaud, métis riziculteur à Rachgia. Sa bérézina judiciaire"
inde-indochine-becker-lang-son-a7996b,https://entreprises-coloniales.fr/inde-indochine/Becker-Lang-son.pdf,company,Becker,"Bois, meubles, papier, allumettes",Indochine,Indochine,,,"Becker (Adrien), Lang-son : marchand de bois, éleveur, en butte à l'arbitraire administratif et aux vols des indigènes"
inde-indochine-bedat-et-saint-mathurin-964e43,https://entreprises-coloniales.fr/inde-indochine/Bedat_et_Saint-Mathurin.pdf,company,Bédat et de Saint-Mathurin pour l'exploitation des mines,Mines,Indochine,Indochine,1888,,"Bédat et de Saint-Mathurin pour l'exploitation des mines (Société en participation, 10 avril 1888, société en nom collectif , 15 décembre 1888), Hanoï : mine Lucie à Ngan-Son (Langson), argent"
inde-indochine-begin-cie-1bf607,https://entreprises-coloniales.fr/inde-indochine/Begin_&_Cie.pdf,company,Begin & Cie,Commerce,Indochine,Indochine,,,"Begin & Cie, Saïgon : import-export, représentation"
inde-indochine-bellevue-hotel-rene-berthe-1e2db5,https://entreprises-coloniales.fr/inde-indochine/Bellevue-Hotel_Rene-Berthe.pdf,company,"Hôtel René Berthe, Bellevue","Hôtellerie, tourisme",Indochine,Indochine,,,"Hôtel René Berthe, Bellevue (Annam)"
inde-indochine-ben-cui-7f0630,https://entreprises-coloniales.fr/inde-indochine/Ben-Cui.pdf,company,Société agricole et industrielle de Bên-Cui,Héveas et caoutchouc,Indochine,Indochine,1926,1935,Bên-Cui (Société agricole et industrielle de)(SAIB)(1926-1935)
inde-indochine-bentre-bungalow-3a9783,https://entreprises-coloniales.fr/inde-indochine/Bentre-Bungalow.pdf,company,"Bungalow, Bentré","Hôtellerie, tourisme",Indochine,Indochine,,,"Bungalow, Bentré"
inde-indochine-berdoulat-tartarin-baie-d-along-176a5c,https://entreprises-coloniales.fr/inde-indochine/Berdoulat_Tartarin_baie_d_Along.pdf,company,"Berdoulat, le Tartarin de la baie d'Along",Sports,Indochine,Indochine,,,"Berdoulat, le Tartarin de la baie d'Along"
inde-indochine-berli-cie-271a9d,https://entreprises-coloniales.fr/inde-indochine/Berli_&_Cie.pdf,company,Berli & Cie,Commerce,Indochine,Indochine,,,"Berli & Cie, Saïgon : import-export (des Suisses en Cochichine)"
inde-indochine-bernard-avenir-eco-ic-f0b7ab,https://entreprises-coloniales.fr/inde-indochine/Bernard-Avenir_eco_IC.pdf,source_document,Bernard,Documents généraux (par ordre chronologique),Indochine,Indochine,,,"Bernard (Paul) : L'avenir économique de l'Indochine (France-Illustration, juin 1949). Si…"
inde-indochine-bernard-industrialiser-l-ic-0d2c6f,https://entreprises-coloniales.fr/inde-indochine/Bernard-Industrialiser_l'IC.pdf,source_document,Bernard,Documents généraux (par ordre chronologique),Indochine,Indochine,,,"Bernard (Paul)(SFFC) : L'industrialisation, remède au surpeuplement (Les Annales coloniales, 1937). Débats au Comité du commerce, etc. Conférence au Centre polytechnicien d'études économiques (1939)."
inde-indochine-bernard-nvx-aspects-pb-eco-ic-ca92f1,https://entreprises-coloniales.fr/inde-indochine/Bernard-Nvx_aspects_pb_eco_IC.pdf,source_document,Bernard,Documents généraux (par ordre chronologique),Indochine,Indochine,,,Bernard (Paul)(SFFC) : Nouveaux aspects du problème économique indochinois (1937) : incontournable
inde-indochine-bernay-et-norre-80f3fa,https://entreprises-coloniales.fr/inde-indochine/Bernay_et_Norre.pdf,company,"Bernay et Norre, puis H. Balencie et Norre, Phu-hoà",Héveas et caoutchouc,Indochine,Indochine,,,"Bernay et Norre, puis H. Balencie et Norre, Phu-hoà"
inde-indochine-berquet-et-luya-7d7c5a,https://entreprises-coloniales.fr/inde-indochine/Berquet_et_Luya.pdf,company,Berquet et Luya,"Rizières, rizeries, négoce de riz et autres céréales",Indochine,Indochine,,,"Berquet et Luya : 1.567 hectares à Nhon-Ninh (Tanan, plaine des Joncs)"
inde-indochine-berritz-indochine-1946-ff0ca0,https://entreprises-coloniales.fr/inde-indochine/Berritz_Indochine_1946.pdf,source_document,Berritz,Documents généraux (par ordre chronologique),Indochine,Indochine,,,"Berritz (Sabine) : En Indochine (« Combat », 19 avril-5 juin 1946)"
inde-indochine-berthet-charriere-885344,https://entreprises-coloniales.fr/inde-indochine/Berthet_&_Charriere.pdf,person,"Charrière, Charrière & Cie, puis Berthet & Charrière",Commerce,Indochine,Indochine,,,"Charrière (Félix)(1887), Charrière & Cie, puis Berthet & Charrière (1912-1923), Hanoï, Haïphong, Saïgon"
inde-indochine-berthet-nouveautes-catinat-93764f,https://entreprises-coloniales.fr/inde-indochine/Berthet-Nouveautes_Catinat.pdf,person,"Berthet, Saïgon, Berthet et Charrière, puis Berthet et Cie -Nouveautés Catinat",Commerce,Indochine,Indochine,,,"Berthet (Jules)(1887), Saïgon, Berthet et Charrière (1912-1923), puis Berthet et Cie (Lucien)-Nouveautés Catinat, Saïgon"
inde-indochine-berthoin-dap-cau-4bf423,https://entreprises-coloniales.fr/inde-indochine/Berthoin-Dap-Cau.pdf,company,Berthoin & Cie,"Bois, meubles, papier, allumettes",Indochine,Indochine,,,"Berthoin & Cie, Dap-Cau : papier de bambou"
inde-indochine-berthoin-haiphong-331864,https://entreprises-coloniales.fr/inde-indochine/Berthoin-Haiphong.pdf,company,"Berthoin, puis Dupré et Jame",Industries diverses,Indochine,Indochine,,,"Berthoin (Augustin), puis Dupré et Jame : Haïphong, Tourane, Hoi-How : albumine et jaunes d'œufs"
inde-indochine-betterave-cochinchinoise-6a2542,https://entreprises-coloniales.fr/inde-indochine/Betterave_cochinchinoise.pdf,source_document,La Betterave cochinchinoise,Amicales régionales et professionnelles : les petites patries à l'ombre de la grande ; amitié et solidarité,Indochine,Indochine,,,"Betterave cochinchinoise (La), Saïgon : amicale des originaires du Nord (gars de ch'Nord)"
inde-indochine-bgi-1927-1975-344190,https://entreprises-coloniales.fr/inde-indochine/BGI_1927-1975.pdf,company,Brasseries et glacières de l’Indochine,Autres industries alimentaires,Indochine,Indochine,1927,1975,Brasseries et glacières de l’Indochine (1927-1975)
inde-indochine-bgi-laos-d5955a,https://entreprises-coloniales.fr/inde-indochine/BGI-Laos.pdf,company,Brasseries et glacières du Laos,Autres industries alimentaires,Indochine,Indochine,1973,,"Brasseries et glacières du Laos (1973), Vientiane"
inde-indochine-bgi-tonkin-f7571b,https://entreprises-coloniales.fr/inde-indochine/BGI_Tonkin.pdf,company,Brasseries et glacières de l’Indochine,Autres industries alimentaires,Indochine,Indochine,1928,1954,Brasseries et glacières de l’Indochine (1928-1954) : branche tonkinoise
inde-indochine-bgi-vietnam-3847b7,https://entreprises-coloniales.fr/inde-indochine/BGI-Vietnam.pdf,person,"BGI-Tien Giang, Mytho, et BGI-Da Nang . Rachat par Forster's",Autres industries alimentaires,Indochine,Indochine,,,"BGI-Tien Giang (1992-1997), Mytho, et BGI-Da Nang (1994-1997). Rachat par Forster's (Australie)"
inde-indochine-biaille-de-langibaudiere-marcel-b19be3,https://entreprises-coloniales.fr/inde-indochine/Biaille_de_Langibaudiere_Marcel.pdf,person,Biaille de Langibaudière,Santé,Indochine,Indochine,,,Biaille de Langibaudière (Marcel)(1874-1975) : médecin de l'assistance médicale indigène (1922-1952)
inde-indochine-biedermann-cie-26ae67,https://entreprises-coloniales.fr/inde-indochine/Biedermann_&_Cie.pdf,company,Biedermann & Cie,Commerce,Indochine,Indochine,,,Biedermann & Cie
inde-indochine-bienhoa-hotel-du-donai-14e097,https://entreprises-coloniales.fr/inde-indochine/Bienhoa_Hotel_du_Donai.pdf,company,"Hôtel du Donai, Biênhoà","Hôtellerie, tourisme",Indochine,Indochine,,,"Hôtel du Donai, Biênhoà"
inde-indochine-bienhoa-i-f-1908-1939-789a91,https://entreprises-coloniales.fr/inde-indochine/Bienhoa_I&F_1908-1939.pdf,company,Biênhoà industrielle et forestière,Héveas et caoutchouc,Indochine,Indochine,1908,1939,Biênhoà industrielle et forestière (1908-1939)
inde-indochine-bietry-guigne-cam-tiem-20a8ee,https://entreprises-coloniales.fr/inde-indochine/Bietry+Guigne-Cam-Tiem.pdf,company,"Biétry et Guigné, Cam-Tiêm",Héveas et caoutchouc,Indochine,Indochine,,,"Biétry (Pierre) et Guigné (Albert de), Cam-Tiêm : anciens animateurs des syndicats jaunes"
inde-indochine-billiottet-conseils-aux-mamans-e41c7b,https://entreprises-coloniales.fr/inde-indochine/Billiottet-Conseils_aux_mamans.pdf,person,Billiottet,Santé,Indochine,Indochine,,,"Billiottet (Dr Jean) : Conseils du médecin aux mamans d’Indochine, adapté au milieu et aux circonstances (Aspar, Saïgon, août 1944, 106 p.)"
inde-indochine-billon-au-service-de-l-empire-d11540,https://entreprises-coloniales.fr/inde-indochine/Billon-Au_service_de_l_empire.pdf,company,Billon,Cinémas et théâtres de l'Indochine (du nord au sud),Indochine,Indochine,,,Billon (Pierre) : Au service de l'empire (1939)
inde-indochine-binh-lieu-usine-hydrolelectrique-3862f0,https://entreprises-coloniales.fr/inde-indochine/Binh-Lieu_Usine_hydrolelectrique.pdf,company,Binh-Lieu,"Eau et assainissement, électricité (Utilities)",Indochine,Indochine,,,Binh-Lieu (1er territoire militaire) : usine hydroélectrique alimentée par un barrage de 83 m
inde-indochine-binh-truoc-1db72d,https://entreprises-coloniales.fr/inde-indochine/Binh-Truoc.pdf,company,Société agricole de Binh-Truoc,Héveas et caoutchouc,Indochine,Indochine,1909,,"Binh-Truoc (Société agricole de)(1909)(S.A., 1919)"
inde-indochine-blanchard-de-la-brosse-goucoch-31727a,https://entreprises-coloniales.fr/inde-indochine/Blanchard_de_la_Brosse-goucoch.pdf,source_document,"Blanchard de la Brosse, gouverneur de la Cochinchine",Documents généraux (par ordre chronologique),Indochine,Indochine,,,"Blanchard de la Brosse (Paul), gouverneur de la Cochinchine (déc. 1926-jan. 1929)"
inde-indochine-blanchisserie-extreme-orient-ef7a71,https://entreprises-coloniales.fr/inde-indochine/Blanchisserie-Extreme-Orient.pdf,company,Blanchisserie aseptique d'Extrême-Orient,Cuirs et textiles,Indochine,Indochine,,,"Blanchisserie aseptique d'Extrême-Orient (« Blanchisserie Pierre », « Blanchisserie Muller »), Hanoï"
inde-indochine-blanchisserie-tonkinoise-8126a8,https://entreprises-coloniales.fr/inde-indochine/Blanchisserie_tonkinoise.pdf,company,Blanchisserie tonkinoise,Cuirs et textiles,Indochine,Indochine,,,"Blanchisserie tonkinoise, Haïphong"
inde-indochine-blao-domaine-agricole-66309e,https://entreprises-coloniales.fr/inde-indochine/Blao-Domaine_agricole.pdf,company,Blao,"Café, thé, épices, coco, quinquina, vanille",Indochine,Indochine,,,"Blao (S.A. Domaine agricole de), Haut-Donnaï (Annam)"
inde-indochine-blazeix-dap-cau-021221,https://entreprises-coloniales.fr/inde-indochine/Blazeix_Dap-Cau.pdf,company,Blazeix & Cie,"Bâtiment-travaux publics, matériaux de construction, céramiques",Indochine,Indochine,,,"Blazeix & Cie (Henry), Dap-Cau"
inde-indochine-blot-david-an-phuoc-763b64,https://entreprises-coloniales.fr/inde-indochine/Blot-David_An-Phuoc.pdf,company,Blot-David à An-Phuoc,Héveas et caoutchouc,Indochine,Indochine,,,Blot-David à An-Phuoc (Thu-dau-Mot) : photos inédites
inde-indochine-bnci-indochine-500b57,https://entreprises-coloniales.fr/inde-indochine/BNCI-Indochine.pdf,company,Banque nationale pour le commerce et l'industrie -Indochine,"Banque, gérance, assurances…",Indochine,Indochine,,,Banque nationale pour le commerce et l'industrie (BNCI)-Indochine
inde-indochine-bockor-bungalow-f6f79b,https://entreprises-coloniales.fr/inde-indochine/Bockor_bungalow.pdf,company,Bungalow de Bockor,"Hôtellerie, tourisme",Indochine,Indochine,,,Bungalow de Bockor
inde-indochine-bockor-palace-696f34,https://entreprises-coloniales.fr/inde-indochine/Bockor_Palace.pdf,company,"Bockor Palace, à 1.000 m d'altitude, sur le mont Éléphant.","Hôtellerie, tourisme",Indochine,Indochine,,,"Bockor (ou Bokor) Palace, à 1.000 m d'altitude, sur le mont Éléphant."
inde-indochine-bogaert-mang-ca-d40da8,https://entreprises-coloniales.fr/inde-indochine/Bogaert-Mang-Ca.pdf,company,"Bogaert, Mang-Ca","Café, thé, épices, coco, quinquina, vanille",Indochine,Indochine,,,"Bogaert (Henri), Mang-Ca : café"
inde-indochine-bogaert-scierie-hue-914957,https://entreprises-coloniales.fr/inde-indochine/Bogaert-scierie-Hue.pdf,company,"Bogaert, scierie, Thua-Luu","Bois, meubles, papier, allumettes",Indochine,Indochine,,,"Bogaert (Henri), scierie, Thua-Luu (Huê)"
inde-indochine-boillot-peugeot-hanoi-22417f,https://entreprises-coloniales.fr/inde-indochine/Boillot-Peugeot-Hanoi.pdf,company,Éts Charles Boillot,Transports terrestres et garages,Indochine,Indochine,,,"Boillot (Éts Charles), Hanoï : Peugeot"
inde-indochine-bois-d-extreme-orient-82067b,https://entreprises-coloniales.fr/inde-indochine/Bois_d_Extreme-Orient.pdf,company,Les Bois d'Extrême-Orient,"Bois, meubles, papier, allumettes",Indochine,Indochine,1928,,"Bois d'Extrême-Orient (Les)(1928), Saïgon : coupes à Tayninh et au Cambodge"
inde-indochine-bois-de-mine-ic-99f7d1,https://entreprises-coloniales.fr/inde-indochine/Bois_de_mine_IC.pdf,company,Bois de mine,"Bois, meubles, papier, allumettes",Indochine,Indochine,,,"Bois de mine (Indochinoise des), Haïphong"
inde-indochine-bois-du-cambodge-1b842e,https://entreprises-coloniales.fr/inde-indochine/Bois_du_Cambodge.pdf,company,Société des Bois du Cambodge,"Bois, meubles, papier, allumettes",Indochine,Indochine,1928,1937,Bois du Cambodge (Société des)(1928-1937)
inde-indochine-bois-indochine-df10b7,https://entreprises-coloniales.fr/inde-indochine/Bois_Indochine.pdf,company,"Cie des Bois d'Indochine, scierie, Song-Phan","Bois, meubles, papier, allumettes",Indochine,Indochine,1926,1937,"Bois d'Indochine (Cie des)(1926-1937), scierie, Song-Phan (Binh-Thuan, Annam)"
inde-indochine-boissons-naturelles-d-indochine-cbdd04,https://entreprises-coloniales.fr/inde-indochine/Boissons_naturelles_d_Indochine.pdf,company,Société des Boissons naturelles d’Indochine,Autres industries alimentaires,Indochine,Indochine,1942,,"Boissons naturelles d’Indochine (Société des)(Sarl, 1942), Saïgon"
inde-indochine-boite-a-musique-hanoi-e8ed1d,https://entreprises-coloniales.fr/inde-indochine/Boite_a_musique-Hanoi.pdf,company,La Boîte à musique,Cinémas et théâtres de l'Indochine (du nord au sud),Indochine,Indochine,1909,,"Boîte à musique (La)(1909), Hanoï"
inde-indochine-bola-plantation-6dad47,https://entreprises-coloniales.fr/inde-indochine/BOLA_Plantation.pdf,company,Société de plantation d'hévéas en Indochine BOLA,Héveas et caoutchouc,Indochine,Indochine,,,BOLA (Société de plantation d'hévéas en Indochine)
inde-indochine-bolliet-preverenges-ecc404,https://entreprises-coloniales.fr/inde-indochine/Bolliet-Preverenges.pdf,company,"Bolliet, de Préverenges, un Vaudois en Cochinchine",Commerce,Indochine,Indochine,,,"Bolliet (John), de Préverenges, un Vaudois en Cochinchine"
inde-indochine-bolovens-cafe-7bc588,https://entreprises-coloniales.fr/inde-indochine/Bolovens-cafe.pdf,company,"Société annamite pour l'exploitation du plateau des Bolovens, café","Café, thé, épices, coco, quinquina, vanille",Indochine,Indochine,,,"Bolovens (Bas-Laos)(Société annamite pour l'exploitation du plateau des), café"
inde-indochine-bonifacio-penotti-c325a6,https://entreprises-coloniales.fr/inde-indochine/Bonifacio_Penotti.pdf,company,Penotti,"Bâtiment-travaux publics, matériaux de construction, céramiques",Indochine,Indochine,,,Penotti (Bonifacio) : entrepreneur et planteur d'hévéas
inde-indochine-bonna-indochine-9d34f9,https://entreprises-coloniales.fr/inde-indochine/Bonna-Indochine.pdf,company,Bonna-Indochine,"Bâtiment-travaux publics, matériaux de construction, céramiques",Indochine,Indochine,,,Bonna-Indochine
inde-indochine-bonniot-enfance-metisse-malheureuse-cde0fd,https://entreprises-coloniales.fr/inde-indochine/Bonniot-Enfance_métisse_malheureuse.pdf,company,"René Bonniot, L'Enfance métisse malheureuse, Saïgon, 1940","Enseignement, recherche, sociétés savantes, musées…",Indochine,Indochine,,,"René Bonniot, L'Enfance métisse malheureuse, Saïgon, 1940"
inde-indochine-bordelaise-indochinoise-a7bc14,https://entreprises-coloniales.fr/inde-indochine/Bordelaise_Indochinoise.pdf,company,"Société Bordelaise Indochinoise, puis Marcillac & Guiraut",Commerce,Indochine,Indochine,,,"Bordelaise Indochinoise (Société)(anc. Henri Navarre et Cie, Soustre et Faure), puis Marcillac & Guiraut, Saïgon, Haïphong"
inde-indochine-bordelaise-saigon-a4fdc6,https://entreprises-coloniales.fr/inde-indochine/Bordelaise-Saigon.pdf,company,"La Bordelaise, 96-104, rue d'Ormay",Commerce,Indochine,Indochine,,,"Bordelaise (La), 96-104, rue d'Ormay, Saïgon : alimentation générale, graines."
inde-indochine-borel-ernest-6852f8,https://entreprises-coloniales.fr/inde-indochine/Borel_Ernest.pdf,company,"Borel, Co-Nhgia","Café, thé, épices, coco, quinquina, vanille",Indochine,Indochine,,,"Borel (Ernest), Co-Nhgia : café, bovins, ovins"
inde-indochine-borel-marius-0eb8ef,https://entreprises-coloniales.fr/inde-indochine/Borel_Marius.pdf,company,Borel,"Café, thé, épices, coco, quinquina, vanille",Indochine,Indochine,,,"Borel (Marius), My-khê : café"
inde-indochine-boulangerie-butreau-hanoi-1cf1fc,https://entreprises-coloniales.fr/inde-indochine/Boulangerie_Butreau-Hanoi.pdf,company,"Boulangerie Butreau, Hanoï, 50, rue Borgnis-Desbordes",Commerce,Indochine,Indochine,,,"Boulangerie Butreau, Hanoï, 50, rue Borgnis-Desbordes : Eugène Butreau et Nguyên-thi-Lê"
inde-indochine-boulangerie-d-aix-hanoi-001582,https://entreprises-coloniales.fr/inde-indochine/Boulangerie_d_Aix-Hanoi.pdf,company,Boulangerie d'Aix,Commerce,Indochine,Indochine,,,"Boulangerie d'Aix, Hanoï : Astier, Trotabas, Henri Géraud, Vincenti, J. Portalès, Aloïs Zenner"
inde-indochine-boulangerie-du-centre-hanoi-c872a2,https://entreprises-coloniales.fr/inde-indochine/Boulangerie_du_Centre-Hanoi.pdf,company,Boulangerie du Centre,Commerce,Indochine,Indochine,,,"Boulangerie du Centre, Hanoï : Pierre Camin, puis Alexandre Rochat"
inde-indochine-boulangerie-hanoienne-a1b535,https://entreprises-coloniales.fr/inde-indochine/Boulangerie_hanoienne.pdf,company,Boulangerie hanoïenne,Commerce,Indochine,Indochine,,,"Boulangerie hanoïenne (Duong-van-Dzi), Hanoï"
inde-indochine-boulangerie-parisienne-hanoi-4e4388,https://entreprises-coloniales.fr/inde-indochine/Boulangerie_parisienne-Hanoi.pdf,company,Boulangerie parisienne,Commerce,Indochine,Indochine,,,"Boulangerie parisienne, Hanoï : Becker, Lecorney, Le Guern, Foursaud"
inde-indochine-boulangerie-patisserie-moderne-saigon-79dbd7,https://entreprises-coloniales.fr/inde-indochine/Boulangerie-patisserie_moderne-Saigon.pdf,company,"Boulangerie-pâtisserie Moderne, Saïgon, 72, boulevard Bonard",Commerce,Indochine,Indochine,,,"Boulangerie-pâtisserie Moderne (Veuve Jeanne Bresset, née Tomasi), Saïgon, 72, boulevard Bonard"
inde-indochine-boulangeries-reunies-hanoi-76af03,https://entreprises-coloniales.fr/inde-indochine/Boulangeries_reunies-Hanoi.pdf,company,Boulangeries réunies,Commerce,Indochine,Indochine,,,"Boulangeries réunies, Hanoï"
inde-indochine-boulouys-binh-truoc-c5f558,https://entreprises-coloniales.fr/inde-indochine/Boulouys-Binh-Truoc.pdf,company,"Boulouys, expert-comptable, planteur à Binh-Truoc",Héveas et caoutchouc,Indochine,Indochine,,,"Boulouys (René), expert-comptable, planteur à Binh-Truoc"
inde-indochine-bourgouin-meiffre-badiane-966b53,https://entreprises-coloniales.fr/inde-indochine/Bourgouin-Meiffre-badiane.pdf,company,Bourgouin-Meiffre,Commerce,Indochine,Indochine,,,Bourgouin-Meiffre (Numa) : fermier de la badiane au Tonkin (1887-1893)
inde-indochine-bourgouin-meiffre-hanoi-07e40f,https://entreprises-coloniales.fr/inde-indochine/Bourgouin-Meiffre-Hanoi.pdf,company,"Éts Bourgouin-Meiffre, filature, confection",Cuirs et textiles,Indochine,Indochine,,,"Bourgouin-Meiffre (Éts), filature, confection, Hanoï"
inde-indochine-bourguet-transports-saigon-9b3fad,https://entreprises-coloniales.fr/inde-indochine/Bourguet_transports_Saigon.pdf,company,"Bourguet, Saïgon, Khanhoï",Transports terrestres et garages,Indochine,Indochine,,,"Bourguet (Marcel), Saïgon, Khanhoï : transports terrestres et fluviaux"
inde-indochine-boy-ferme-sidec-a860d7,https://entreprises-coloniales.fr/inde-indochine/Boy-Ferme-SIDEC.pdf,company,Société Indochinoise d'études et de constructions,"Bâtiment-travaux publics, matériaux de construction, céramiques",Indochine,Indochine,,,"Indochinoise d'études et de constructions (Société)(SIDEC)(ex-Richaud & Papa, Société cochinchinoise de béton armé, puis Établissements Boy-Fermé), Saïgon"
inde-indochine-boy-landry-saigon-dcbf3d,https://entreprises-coloniales.fr/inde-indochine/Boy_Landry-Saigon.pdf,company,Boy Landry,Commerce,Indochine,Indochine,,,"Boy Landry (Èts), Hanoï, Saïgon, Haïphong, Shanghaï, Dalat, Thakhek, Pnom-penh, Tourane, Cantho"
inde-indochine-boyganbar-plantations-0216a3,https://entreprises-coloniales.fr/inde-indochine/Boyganbar_Plantations.pdf,company,Plantations Boyganbar,Héveas et caoutchouc,Indochine,Indochine,,,"Boyganbar (Plantations)(Boy Landry, Gantier et Barbier)"
inde-indochine-bq-frse-asie-8a94b7,https://entreprises-coloniales.fr/inde-indochine/Bq_frse-Asie.pdf,company,Banque française de l'Asie,"Banque, gérance, assurances…",Indochine,Indochine,1955,1975,"Banque française de l'Asie (1955-1975), Saïgon"
inde-indochine-bq-indoch-1875-1945-f61f44,https://entreprises-coloniales.fr/inde-indochine/Bq_Indoch._1875-1945.pdf,company,Banque de l’Indochine,"Banque, gérance, assurances…",Indochine,Indochine,1875,1945,Banque de l’Indochine (1875-1945)(491 p.)
inde-indochine-bq-indoch-1945-1966-a245a9,https://entreprises-coloniales.fr/inde-indochine/Bq_Indoch._1945-1966.pdf,company,Banque de l’Indochine,"Banque, gérance, assurances…",Indochine,Indochine,1945,1966,Banque de l’Indochine (1945-1966)(74 p.)
inde-indochine-bq-indoch-1966-1972-fd04e1,https://entreprises-coloniales.fr/inde-indochine/Bq_Indoch._1966-1972.pdf,company,Banque de l’Indochine,"Banque, gérance, assurances…",Indochine,Indochine,1966,1972,Banque de l’Indochine (1966-1972)
inde-indochine-bq-indoch-cambodge-5c7d5d,https://entreprises-coloniales.fr/inde-indochine/Bq_Indoch.-Cambodge.pdf,company,Banque de l’Indochine,"Banque, gérance, assurances…",Indochine,Indochine,,,"Banque de l’Indochine, Pnom-Penh, Battambang"
inde-indochine-bq-indoch-cantho-4eb634,https://entreprises-coloniales.fr/inde-indochine/Bq_Indoch.-Cantho.pdf,company,Banque de l’Indochine,"Banque, gérance, assurances…",Indochine,Indochine,,,"Banque de l’Indochine, Cântho"
inde-indochine-bq-indoch-dalat-ad399c,https://entreprises-coloniales.fr/inde-indochine/Bq_Indoch.-Dalat.pdf,company,Banque de l’Indochine,"Banque, gérance, assurances…",Indochine,Indochine,,,"Banque de l’Indochine, Dalat"
inde-indochine-bq-indoch-dansette-20da4b,https://entreprises-coloniales.fr/inde-indochine/Bq_Indoch._Dansette.pdf,company,Banque de l’Indochine,"Banque, gérance, assurances…",Indochine,Indochine,,,Banque de l’Indochine : les débuts vus par Jean Lambert-Dansette
inde-indochine-bq-indoch-haiphong-fb341f,https://entreprises-coloniales.fr/inde-indochine/Bq_Indoch.-Haiphong.pdf,company,Banque de l’Indochine,"Banque, gérance, assurances…",Indochine,Indochine,,,"Banque de l’Indochine, Haïphong"
inde-indochine-bq-indoch-hanoi-41e349,https://entreprises-coloniales.fr/inde-indochine/Bq_Indoch.-Hanoi.pdf,company,Banque de l’Indochine,"Banque, gérance, assurances…",Indochine,Indochine,,,"Banque de l’Indochine, Hanoï"
inde-indochine-bq-indoch-hue-c68276,https://entreprises-coloniales.fr/inde-indochine/Bq_Indoch.-Hue.pdf,company,Banque de l’Indochine,"Banque, gérance, assurances…",Indochine,Indochine,,,"Banque de l’Indochine, Huê"
inde-indochine-bq-indoch-namdinh-7ee35c,https://entreprises-coloniales.fr/inde-indochine/Bq_Indoch.-Namdinh.pdf,company,Banque de l’Indochine,"Banque, gérance, assurances…",Indochine,Indochine,,,"Banque de l’Indochine, Nam-Dinh"
inde-indochine-bq-indoch-quang-tcheou-wan-b21f1f,https://entreprises-coloniales.fr/inde-indochine/Bq_Indoch.-Quang-tcheou-Wan.pdf,company,"Banque de l’Indochine, Kouang-tchéou-Wan","Banque, gérance, assurances…",Indochine,Indochine,,,"Banque de l’Indochine, Kouang-tchéou-Wan"
inde-indochine-bq-indoch-quinhon-0214d0,https://entreprises-coloniales.fr/inde-indochine/Bq_Indoch.-Quinhon.pdf,company,Banque de l’Indochine,"Banque, gérance, assurances…",Indochine,Indochine,,,"Banque de l’Indochine, Quinhon"
inde-indochine-bq-indoch-saigon-6b84c7,https://entreprises-coloniales.fr/inde-indochine/Bq_Indoch.-Saigon.pdf,company,Banque de l’Indochine,"Banque, gérance, assurances…",Indochine,Indochine,,,"Banque de l’Indochine, Saïgon"
inde-indochine-bq-indoch-tourane-7a714e,https://entreprises-coloniales.fr/inde-indochine/Bq_Indoch.-Tourane.pdf,company,Banque de l’Indochine,"Banque, gérance, assurances…",Indochine,Indochine,,,"Banque de l’Indochine, Tourane"
inde-indochine-bq-indoch-vientiane-a7b5a1,https://entreprises-coloniales.fr/inde-indochine/Bq_Indoch.-Vientiane.pdf,company,Banque de l’Indochine,"Banque, gérance, assurances…",Indochine,Indochine,1953,,"Banque de l’Indochine, Vientiane (1953)"
inde-indochine-bq-indoch-vinh-6bec39,https://entreprises-coloniales.fr/inde-indochine/Bq_Indoch.-Vinh.pdf,company,Banque de l’Indochine,"Banque, gérance, assurances…",Indochine,Indochine,,,"Banque de l’Indochine, Vinh"
inde-indochine-brasserie-boheme-ziteck-2147c6,https://entreprises-coloniales.fr/inde-indochine/Brasserie_Boheme-Ziteck.pdf,company,Brasserie de Bohême,Autres industries alimentaires,Indochine,Indochine,,,"Brasserie de Bohême (Anciennement Ziteck & Cie), Hanoï : bière Zitek"
inde-indochine-brasserie-hommel-1892-1927-e112bd,https://entreprises-coloniales.fr/inde-indochine/Brasserie_Hommel_1892-1927.pdf,company,Brasserie Hommel,Autres industries alimentaires,Indochine,Indochine,1892,1927,"Brasserie Hommel (1892-1927), Hanoï"
inde-indochine-brasserie-sochaux-fontaine-f4095e,https://entreprises-coloniales.fr/inde-indochine/Brasserie_Sochaux-Fontaine.pdf,company,Brasserie de Sochaux,Autres industries alimentaires,Indochine,Indochine,,,Brasserie de Sochaux (intérêts d'A.-R. et L. Fontaine dans la)
inde-indochine-brasseries-glacieres-internationales-32bfd6,https://entreprises-coloniales.fr/inde-indochine/Brasseries_glacieres_internationales.pdf,company,Brasseries et glacières internationales,Autres industries alimentaires,Indochine,Indochine,,,Brasseries et glacières internationales (de 1975 à nos jours)
inde-indochine-brelivet-nationalisme-annamite-1948-2c99e8,https://entreprises-coloniales.fr/inde-indochine/Brelivet_Nationalisme_annamite-1948.pdf,source_document,Brélivet,Documents généraux (par ordre chronologique),Indochine,Indochine,,,"Brélivet (Père) : le Nationalisme annamite en face des prétentions françaises sur le Viêt-nam (La Vie intellectuelle, mars 1948, Éditions du Cerf)(dominicains)"
inde-indochine-bresset-et-cie-saigon-92454f,https://entreprises-coloniales.fr/inde-indochine/Bresset_et-Cie-Saigon.pdf,company,"Bresset & Cie, Saïgon, 98, bd Charner",Commerce,Indochine,Indochine,,,"Bresset & Cie (Léopold), Saïgon, 98, bd Charner"
inde-indochine-brevie-gougal-ic-1937-1939-7a8f7c,https://entreprises-coloniales.fr/inde-indochine/Brevie_gougal_IC_1937-1939.pdf,source_document,"Brévié, gouverneur général de l'Indochine",Documents généraux (par ordre chronologique),Indochine,Indochine,,,"Brévié (Jules), gouverneur général de l'Indochine (janvier 1937-août 1939)(157 p.)"
inde-indochine-briffaud-haiphong-68c835,https://entreprises-coloniales.fr/inde-indochine/Briffaud-Haiphong.pdf,company,"Éts Pierre Briffaud, puis Charbons et agglomérés de Haïphong",Mines,Indochine,Indochine,,,"Briffaud (Éts Pierre), puis Charbons et agglomérés de Haïphong (Société des) : usine de briquettes de charbon"
inde-indochine-briqueterie-de-binh-an-e9f674,https://entreprises-coloniales.fr/inde-indochine/Briqueterie_de_Binh-An.pdf,company,Briqueterie de Binh-An,"Bâtiment-travaux publics, matériaux de construction, céramiques",Indochine,Indochine,,,Briqueterie de Binh-An (Thuduc) : briques réfractaires
inde-indochine-briqueterie-trinh-son-c186b1,https://entreprises-coloniales.fr/inde-indochine/Briqueterie_Trinh-Son.pdf,company,"Trinh-Son & Cie, An-Hoà","Bâtiment-travaux publics, matériaux de construction, céramiques",Indochine,Indochine,,,"Trinh-Son & Cie, An-Hoà (Tâyninh) : briqueterie"
inde-indochine-briqueteries-song-to-lich-d3692e,https://entreprises-coloniales.fr/inde-indochine/Briqueteries_Song-to-Lich.pdf,company,Briqueteries de la vallée du song To Lich,"Bâtiment-travaux publics, matériaux de construction, céramiques",Indochine,Indochine,,,Briqueteries de la vallée du song To Lich (vers 1905)
inde-indochine-briqueteries-tuileries-tonkin-525ce0,https://entreprises-coloniales.fr/inde-indochine/Briqueteries_tuileries_Tonkin.pdf,company,"Briqueteries et tuileries du Tonkin, Hanoï, Yên-Viên","Bâtiment-travaux publics, matériaux de construction, céramiques",Indochine,Indochine,,,"Briqueteries et tuileries du Tonkin, Hanoï, Yên-Viên"
inde-indochine-brodard-saigon-bb4b69,https://entreprises-coloniales.fr/inde-indochine/Brodard-Saigon.pdf,company,Brodard,Commerce,Indochine,Indochine,,,"Brodard, Saïgon : pâtisserie"
inde-indochine-brodeurs-tonkinois-3143e0,https://entreprises-coloniales.fr/inde-indochine/Brodeurs_tonkinois.pdf,company,Brodeurs tonkinois par Yvonne Schultz de Fénis,Commerce,Indochine,Indochine,1929,,Brodeurs tonkinois (Lettre ouverte aux) par Yvonne Schultz de Fénis (1929)
inde-indochine-bron-dupont-gregori-84a94a,https://entreprises-coloniales.fr/inde-indochine/Bron_Dupont_Gregori.pdf,company,"Bron, Dupont & Grégori, Khanh-hoi","Métallurgie, constructions mécaniques, électriques, navales",Indochine,Indochine,,,"Bron, Dupont & Grégori, Khanh-hoi (Saïgon) : constructions mécaniques et navales, BTP"
inde-indochine-brossard-mopin-chine-6f3fa8,https://entreprises-coloniales.fr/inde-indochine/Brossard_&_Mopin-Chine.pdf,company,Brossard & Mopin,"Bâtiment-travaux publics, matériaux de construction, céramiques",Indochine,Indochine,,,Brossard & Mopin (Brossard et Mopin) : pionniers du béton armé en Chine
inde-indochine-brossard-mopin-indochine-27cdec,https://entreprises-coloniales.fr/inde-indochine/Brossard_&_Mopin-Indochine.pdf,company,Brossard & Mopin,"Bâtiment-travaux publics, matériaux de construction, céramiques",Indochine,Indochine,,,"Brossard & Mopin (Brossard et Mopin) : branche Indochine, Singapour et Thaïlande"
inde-indochine-bui-huy-tin-domaines-3e300d,https://entreprises-coloniales.fr/inde-indochine/Bui-huy-tin_Domaines.pdf,company,Bùi-huy-Tín,"Café, thé, épices, coco, quinquina, vanille",Indochine,Indochine,,,"Bùi-huy-Tín: domaines à Phu-to (Tonkin), Loc-yen : café, bovins…"
inde-indochine-bui-huy-tin-entrepreneur-c641f7,https://entreprises-coloniales.fr/inde-indochine/Bui-huy-Tin_entrepreneur.pdf,company,Bùi-huy-Tín,"Bâtiment-travaux publics, matériaux de construction, céramiques",Indochine,Indochine,,,"Bùi-huy-Tín, Hanoï, Hué : entrepreneur"
inde-indochine-bui-huy-tin-mines-44225f,https://entreprises-coloniales.fr/inde-indochine/Bui-huy-Tin_Mines.pdf,company,Bùi-huy-Tín,Mines,Indochine,Indochine,,,Bùi-huy-Tín : exploitant de mines
inde-indochine-bulletin-commercial-krug-db3fcb,https://entreprises-coloniales.fr/inde-indochine/Bulletin_commercial-Krug.pdf,company,Bulletin commercial et économique de l’Indo-Chine,"Imprimerie, presse, édition",Indochine,Indochine,1897,,"Bulletin commercial et économique de l’Indo-Chine, Hanoï (1897)"
inde-indochine-bulletin-economique-ic-a1ecca,https://entreprises-coloniales.fr/inde-indochine/Bulletin_economique_IC.pdf,company,Bulletin économique de l'Indochine,"Imprimerie, presse, édition",Indochine,Indochine,,,"Bulletin économique de l'Indochine (1910-193?), Saïgon : animé par Pierre Biétry (des Syndicats jaunes), puis sa veuve dont une fille épousera le journaliste Pierre Sallinger, porte-parole de J.-F. Kennedy"
inde-indochine-bungalow-de-kontum-34628f,https://entreprises-coloniales.fr/inde-indochine/Bungalow_de_Kontum.pdf,company,"Bungalow, Kontum. Auberge des Trois Chevaux","Hôtellerie, tourisme",Indochine,Indochine,,,"Bungalow, Kontum. Auberge des Trois Chevaux"
inde-indochine-cabotage-mers-chine-1d5b96,https://entreprises-coloniales.fr/inde-indochine/Cabotage_mers_Chine.pdf,company,Compagnie française de Cabotage des mers de Chine,"Transports fluviaux, maritimes et aériens. Ports, phares",Indochine,Indochine,1901,1909,Cabotage des mers de Chine (Compagnie française de)(1901-1909)
inde-indochine-cafeo-73fff9,https://entreprises-coloniales.fr/inde-indochine/CAFEO.pdf,company,Compagnie Aéronautique Française d’Extrême-Orient,"Transports fluviaux, maritimes et aériens. Ports, phares",Indochine,Indochine,1922,1924,Aéronautique Française d’Extrême-Orient (Compagnie)(CAFEO)(1922-1924)
inde-indochine-cafes-de-l-indochine-dad7c6,https://entreprises-coloniales.fr/inde-indochine/Cafes_de_l_Indochine.pdf,company,Société des Cafés de l’Indochine,"Café, thé, épices, coco, quinquina, vanille",Indochine,Indochine,,,Cafés de l’Indochine (Société des)(SCAFI)
inde-indochine-caffa-papiers-hanoi-e11b66,https://entreprises-coloniales.fr/inde-indochine/Caffa-Papiers-Hanoi.pdf,company,Caffa-Papiers,"Bois, meubles, papier, allumettes",Indochine,Indochine,,,"Caffa-Papiers, Hanoï"
inde-indochine-caffort-saigon-847191,https://entreprises-coloniales.fr/inde-indochine/Caffort-Saigon.pdf,company,Caffort,Commerce,Indochine,Indochine,,,"Caffort (Léon), Saïgon, Pnom-Penh : armurier-bijoutier (Suite de la maison F. Michel)"
inde-indochine-cagouille-cochinchinoise-f059bc,https://entreprises-coloniales.fr/inde-indochine/Cagouille_cochinchinoise.pdf,source_document,La Cagouille cochinchinoise,Amicales régionales et professionnelles : les petites patries à l'ombre de la grande ; amitié et solidarité,Indochine,Indochine,,,"Cagouille cochinchinoise (La), Saïgon : amicale charentaise"
inde-indochine-cairns-saigon-30bcdb,https://entreprises-coloniales.fr/inde-indochine/Cairns-Saigon.pdf,company,Cairns,"Métallurgie, constructions mécaniques, électriques, navales",Indochine,Indochine,,,"Cairns (J.), Saïgon : machines et matériels pour plantations d'hévéas"
inde-indochine-caisse-epargne-saigon-e3589e,https://entreprises-coloniales.fr/inde-indochine/Caisse_epargne-Saigon.pdf,company,Caisse d'épargne municipale,"Banque, gérance, assurances…",Indochine,Indochine,,,"Caisse d'épargne municipale, Saïgon"
inde-indochine-caisses-a-caoutchouc-a73a1f,https://entreprises-coloniales.fr/inde-indochine/Caisses_à_caoutchouc.pdf,company,"Caisses à caoutchouc, thé, café","Bois, meubles, papier, allumettes",Indochine,Indochine,,,"Caisses à caoutchouc, thé, café : problèmes de qualité, dumping étranger"
inde-indochine-cam-ranh-port-dbb5a6,https://entreprises-coloniales.fr/inde-indochine/Cam-ranh-port.pdf,company,Port de Cam-ranh,"Transports fluviaux, maritimes et aériens. Ports, phares",Indochine,Indochine,,,Cam-ranh (Port de)(Sud-Annam)
inde-indochine-cam-tiem-1924-1937-8df437,https://entreprises-coloniales.fr/inde-indochine/Cam-Tiem_1924-1937.pdf,company,Société agricole et industrielle de Cam-Tiêm,Héveas et caoutchouc,Indochine,Indochine,1924,1937,Cam-Tiêm (Société agricole et industrielle de)(1924-1937) : suite de la Société civile d'On-Qué (1916)
inde-indochine-camau-bungalow-2a27fe,https://entreprises-coloniales.fr/inde-indochine/Camau-Bungalow.pdf,company,Bungalow,"Hôtellerie, tourisme",Indochine,Indochine,,,"Bungalow, Camau"
inde-indochine-camau-sporting-club-fcc9ea,https://entreprises-coloniales.fr/inde-indochine/Camau_sporting_club.pdf,company,Camau sporting club,Sports,Indochine,Indochine,,,Camau sporting club
inde-indochine-cambodge-adductions-eau-b31f87,https://entreprises-coloniales.fr/inde-indochine/Cambodge-Adductions_eau.pdf,company,Adductions d'eau au Cambodge,"Eau et assainissement, électricité (Utilities)",Indochine,Indochine,,,"Adductions d'eau au Cambodge : Kompong-Trach, Takhmau…"
inde-indochine-cambodge-agricole-1929-fdae31,https://entreprises-coloniales.fr/inde-indochine/Cambodge_agricole_1929.pdf,company,Le Cambodge agricole,"Rizières, rizeries, négoce de riz et autres céréales",Indochine,Indochine,,,Cambodge agricole (Le) : domination croissante de la riziculture (1929)
inde-indochine-canal-saintenoy-bassac-8b6103,https://entreprises-coloniales.fr/inde-indochine/Canal_Saintenoy-Bassac.pdf,company,Canal Saintenoy-Bassac à Cantho,"Hydraulique agricole, irrigations (du nord au sud)",Indochine,Indochine,1943,,Canal Saintenoy-Bassac à Cantho (1943)
inde-indochine-canque-et-lanaud-cb91bf,https://entreprises-coloniales.fr/inde-indochine/Canque_et_Lanaud.pdf,company,"Canque, puis Canque et Lanaud","Bâtiment-travaux publics, matériaux de construction, céramiques",Indochine,Indochine,,,"Canque (Pierre), puis Canque et Lanaud : Hanoï, Yên-Bay, Vinh"
inde-indochine-cantho-bungalow-b1c25d,https://entreprises-coloniales.fr/inde-indochine/Cantho-Bungalow.pdf,company,Bungalow,"Hôtellerie, tourisme",Indochine,Indochine,,,"Bungalow, Cantho"
inde-indochine-cantho-hotel-central-6ba5ed,https://entreprises-coloniales.fr/inde-indochine/Cantho-Hotel_Central.pdf,company,Hôtel Central,"Hôtellerie, tourisme",Indochine,Indochine,,,"Hôtel Central, Cantho"
inde-indochine-caobang-central-hotel-684804,https://entreprises-coloniales.fr/inde-indochine/Caobang-Central-Hotel.pdf,company,Central-Hôtel,"Hôtellerie, tourisme",Indochine,Indochine,,,"Central-Hôtel, Caobang"
inde-indochine-caobang-delair-ferriere-6f8a8a,https://entreprises-coloniales.fr/inde-indochine/Caobang-Delair+Ferriere.pdf,company,"Hôtel Ferrière, Hôtel Delair","Hôtellerie, tourisme",Indochine,Indochine,,,"Hôtel Ferrière, Hôtel Delair, Caobang"
inde-indochine-caodaistes-d48770,https://entreprises-coloniales.fr/inde-indochine/Caodaistes.pdf,company,Caodaïstes,Entreprises religieuses,Indochine,Indochine,,,"Caodaïstes : inventeurs du caodaïsme, influences, schismes, loyalisme ou hostilité au pouvoir colonial, interprétations. Répressions, libéralisations, alliances"
inde-indochine-caoutch-de-binh-loc-d69f26,https://entreprises-coloniales.fr/inde-indochine/Caoutch._de_Binh-Loc.pdf,company,Binh-Loc,Héveas et caoutchouc,Indochine,Indochine,1927,1936,Binh-Loc (Soc. des caoutchoucs de)(1927-1936)
inde-indochine-caoutch-du-mekong-76bc83,https://entreprises-coloniales.fr/inde-indochine/Caoutch._du_Mekong.pdf,company,"Compagnie des Caoutchoucs du Mékong, Prekkak",Héveas et caoutchouc,Indochine,Indochine,1927,,"Caoutchoucs du Mékong (Compagnie des)(Camekong)(1927), Prekkak (Cambodge)"
inde-indochine-caoutch-et-cultures-ic-ad94a0,https://entreprises-coloniales.fr/inde-indochine/Caoutch._et_cultures_IC.pdf,company,"Société de Caoutchouc et cultures en Indochine, Minh-Thanh",Héveas et caoutchouc,Indochine,Indochine,1927,1934,"Caoutchouc et cultures en Indochine (Société de)(1927-1934), Minh-Thanh (Thudaumot)"
inde-indochine-caoutchouc-de-lianes-laos-857d87,https://entreprises-coloniales.fr/inde-indochine/Caoutchouc_de_lianes_Laos.pdf,company,Le caoutchouc en Indo-Chine . Le caoutchouc de lianes au Laos vers 1900,Héveas et caoutchouc,Indochine,Indochine,1899,,Le caoutchouc en Indo-Chine (1899). Le caoutchouc de lianes au Laos vers 1900
inde-indochine-caoutchouc-giadinh-1925-1778be,https://entreprises-coloniales.fr/inde-indochine/Caoutchouc_Giadinh-1925.pdf,company,Plantations européennes d'hévéas dans la province de Giadinh,Héveas et caoutchouc,Indochine,Indochine,,,Plantations européennes d'hévéas dans la province de Giadinh (1er sem. 1925)
inde-indochine-caoutchouc-manufacture-22d049,https://entreprises-coloniales.fr/inde-indochine/Caoutchouc_manufacture.pdf,company,Le Caoutchouc manufacturé -Joseph Labbé,Héveas et caoutchouc,Indochine,Indochine,,,"Caoutchouc manufacturé (Le)-Joseph Labbé, Saïgon"
inde-indochine-caoutchoucs-du-donai-d0fc3f,https://entreprises-coloniales.fr/inde-indochine/Caoutchoucs_du_Donai.pdf,company,Caoutchoucs du Donaï,Héveas et caoutchouc,Indochine,Indochine,,,Caoutchoucs du Donaï (L.C.D.) : avec les rapports intégraux sur les exercices 1944 et 1945
inde-indochine-caoutchoucs-indochine-e73c90,https://entreprises-coloniales.fr/inde-indochine/Caoutchoucs_Indochine.pdf,company,"Société des Caoutchoucs de l'Indochine, Loc-Ninh",Héveas et caoutchouc,Indochine,Indochine,1910,,"Caoutchoucs de l'Indochine (Société des)(S.A., 1910), Loc-Ninh"
inde-indochine-caoutchoutiere-gia-nhan-fe0231,https://entreprises-coloniales.fr/inde-indochine/Caoutchoutiere_Gia-nhan.pdf,company,Cie caoutchoutière de Gia-nhan ou Caoutchoutière de Gia-Nhan,Héveas et caoutchouc,Indochine,Indochine,,,Gia-nhan (Cie caoutchoutière de) ou Caoutchoutière de Gia-Nhan
inde-indochine-caoutchoutiere-xa-bang-380bc9,https://entreprises-coloniales.fr/inde-indochine/Caoutchoutiere_Xa-Bang.pdf,company,Société caoutchoutière de Xa-Bang,Héveas et caoutchouc,Indochine,Indochine,,,Xa-Bang (Société caoutchoutière de)
inde-indochine-cap-beausejour-096af8,https://entreprises-coloniales.fr/inde-indochine/Cap-Beausejour.pdf,company,Hôtel Beauséjour,"Hôtellerie, tourisme",Indochine,Indochine,,,"Hôtel Beauséjour (Barboteau), Cap Saint-Jacques"
inde-indochine-cap-st-jacques-bartholi-abcdf9,https://entreprises-coloniales.fr/inde-indochine/Cap-St-Jacques_Bartholi.pdf,company,"Le Cap Saint-Jacques, par Franc Bartholi-Sabad","Hôtellerie, tourisme",Indochine,Indochine,,,"Le Cap Saint-Jacques (actuel Vũng Tàu), par Franc Bartholi-Sabad : monographie (1933). Suivi de : les Fonctionnaires au Cap Saint-Jacques (1929). Photos d'hier et d'aujourd'hui"
inde-indochine-cap-st-jacques-grd-hotel-365433,https://entreprises-coloniales.fr/inde-indochine/Cap-St-Jacques_Grd_Hotel.pdf,company,Grand Hôtel,"Hôtellerie, tourisme",Indochine,Indochine,,,"Grand Hôtel, Cap Saint-Jacques"
inde-indochine-cap-st-jacques-villa-gouverneur-c0d09a,https://entreprises-coloniales.fr/inde-indochine/Cap-St-Jacques-Villa_gouverneur.pdf,company,"Villa du gouverneur, Cap Saint-Jacques, ou Villa Blanche, villa Doumer . Joseph Sambet, architecte. Reportage photo de Sunny Le Galloudec","Hôtellerie, tourisme",Indochine,Indochine,1899,,"Villa du gouverneur, Cap Saint-Jacques, ou Villa Blanche, villa Doumer (1899). Joseph Sambet, architecte. Reportage photo de Sunny Le Galloudec (7-10 août 2025)"
inde-indochine-caralp-chouquet-f0f3a4,https://entreprises-coloniales.fr/inde-indochine/Caralp_&_Chouquet.pdf,company,"Caralp et Chouquet, Phuc-luong","Café, thé, épices, coco, quinquina, vanille",Indochine,Indochine,,,"Caralp (Étienne) et Chouquet (Édouard), Phuc-luong : café"
inde-indochine-caralp-nam-dinh-8e86d6,https://entreprises-coloniales.fr/inde-indochine/Caralp-Nam-Dinh.pdf,company,Caralp,"Bâtiment-travaux publics, matériaux de construction, céramiques",Indochine,Indochine,,,"Caralp (Étienne), Nam-Dinh : tuilerie-briqueterie, scierie, constructions mécaniques, entreprise"
inde-indochine-carbonisation-d-extreme-orient-b1f3e1,https://entreprises-coloniales.fr/inde-indochine/Carbonisation_d_Extreme-Orient.pdf,company,La Carbonisation d'Extrême-Orient,"Bois, meubles, papier, allumettes",Indochine,Indochine,1928,,"Carbonisation d'Extrême-Orient (La)(1928), Saïgon"
inde-indochine-caric-6edd25,https://entreprises-coloniales.fr/inde-indochine/CARIC.pdf,company,Chantiers et ateliers réunis d'Indochine,"Métallurgie, constructions mécaniques, électriques, navales",Indochine,Indochine,1938,,"Chantiers et ateliers réunis d'Indochine (CARIC)(S.A., 1938), Saïgon"
inde-indochine-carrieres-du-vietnam-4626dd,https://entreprises-coloniales.fr/inde-indochine/Carrieres_du_Vietnam.pdf,company,Les Carrières du Vietnam,"Bâtiment-travaux publics, matériaux de construction, céramiques",Indochine,Indochine,1950,,"Carrières du Vietnam (Les),(1950), Hanoï : rocher du Huong-Son"
inde-indochine-cartoucherie-phu-tho-05e9b4,https://entreprises-coloniales.fr/inde-indochine/Cartoucherie_Phu-Tho.pdf,company,"Cartoucherie, Phu-Tho","Métallurgie, constructions mécaniques, électriques, navales",Indochine,Indochine,1939,,"Cartoucherie (1939), Phu-Tho (Tonkin)"
inde-indochine-casi-1926-1936-ff9476,https://entreprises-coloniales.fr/inde-indochine/CASI_1926-1936.pdf,company,Cie Agricole Sud-Indochinoise,Héveas et caoutchouc,Indochine,Indochine,1926,1936,Agricole Sud-Indochinoise (Cie)(CASI)(1926-1936)
inde-indochine-casino-de-bentre-735862,https://entreprises-coloniales.fr/inde-indochine/Casino_de_Bentre.pdf,company,"Le Casino, Bêntre",Cinémas et théâtres de l'Indochine (du nord au sud),Indochine,Indochine,,,"Casino (Le), Bêntre : cinéma"
inde-indochine-casino-de-cantho-4e77e3,https://entreprises-coloniales.fr/inde-indochine/Casino_de_Cantho.pdf,company,Le Casino,Cinémas et théâtres de l'Indochine (du nord au sud),Indochine,Indochine,,,"Casino (Le), Cântho : cinéma"
inde-indochine-casino-de-saigon-4fdb2f,https://entreprises-coloniales.fr/inde-indochine/Casino_de_Saigon.pdf,company,"Le Casino, Saïgon, rue Pellerin",Cinémas et théâtres de l'Indochine (du nord au sud),Indochine,Indochine,,,"Casino (Le), Saïgon, rue Pellerin (angle du bd Bonard) : cinéma"
inde-indochine-catecka-e087de,https://entreprises-coloniales.fr/inde-indochine/Catecka.pdf,company,Compagnie agricole des Thés et Cafés du Kontum-Annam,"Café, thé, épices, coco, quinquina, vanille",Indochine,Indochine,1925,,Thés et Cafés du Kontum-Annam (Compagnie agricole des)(Catecka)(1925)
inde-indochine-catif-005b4c,https://entreprises-coloniales.fr/inde-indochine/CATIF.pdf,source_document,Comité d'assistance aux travailleurs indochinois en France,Documents généraux (par ordre chronologique),Indochine,Indochine,1915,,Comité d'assistance aux travailleurs indochinois en France (1915)
inde-indochine-catinat-cine-saigon-54abfd,https://entreprises-coloniales.fr/inde-indochine/Catinat_Cine-Saigon.pdf,company,Catinat Ciné,Cinémas et théâtres de l'Indochine (du nord au sud),Indochine,Indochine,,,"Catinat Ciné, Saïgon"
inde-indochine-catroux-gougal-ic-1939-1940-cb1c65,https://entreprises-coloniales.fr/inde-indochine/Catroux_gougal_IC_1939-1940.pdf,source_document,"Catroux, général d'armée, gouverneur général de l'Indochine",Documents généraux (par ordre chronologique),Indochine,Indochine,,,"Catroux (Georges), général d'armée, gouverneur général de l'Indochine (août 1939-juillet 1940)"
inde-indochine-cavan-mine-fer-cbb51a,https://entreprises-coloniales.fr/inde-indochine/Cavan_mine_fer.pdf,company,"Mine de fer de Cavan, Thai-Nguyên",Mines,Indochine,Indochine,,,"Cavan (Mine de fer de)(Bourgouin-Meiffre), Thai-Nguyên"
inde-indochine-caves-algeriennes-saigon-c41088,https://entreprises-coloniales.fr/inde-indochine/Caves_algeriennes-Saigon.pdf,company,Caves algériennes,Commerce,Indochine,Indochine,,,"Caves algériennes, Saïgon"
inde-indochine-caves-de-france-hanoi-a85650,https://entreprises-coloniales.fr/inde-indochine/Caves_de_France-Hanoi.pdf,company,Les Caves de France,Commerce,Indochine,Indochine,,,"Caves de France (Les)(Compagnie française de commerce), Hanoï"
inde-indochine-caves-de-saint-paul-hanoi-ba55da,https://entreprises-coloniales.fr/inde-indochine/Caves_de_Saint_Paul-Hanoi.pdf,company,Caves de Saint Paul,Commerce,Indochine,Indochine,,,"Caves de Saint Paul, Hanoï"
inde-indochine-caves-du-sahel-saigon-9de310,https://entreprises-coloniales.fr/inde-indochine/Caves_du_Sahel-Saigon.pdf,company,Caves du Sahel,Commerce,Indochine,Indochine,,,"Caves du Sahel (Crisias & Pettinato), Saïgon"
inde-indochine-ccei-1936-1938-9395d5,https://entreprises-coloniales.fr/inde-indochine/CCEI_1936-1938.pdf,company,Compagnie de commerce et d'exportation d'Indochine,Groupes indochinois et dirigeants d'affaires diverses,Indochine,Indochine,1936,1938,Compagnie de commerce et d'exportation d'Indochine (1936-1938)
inde-indochine-cci-haiphong-electeurs-1940-47571d,https://entreprises-coloniales.fr/inde-indochine/CCI_Haiphong_electeurs-1940.pdf,source_document,Chambre de commerce et d'industrie de Haïphong,Organismes représentatifs. — Listes électorales (du nord au sud),Indochine,Indochine,,,"Chambre de commerce et d'industrie de Haïphong : liste des 95 électeurs (1902), des 101 lecteurs (1904), des 124 lecteurs (1906), des 124 électeurs (1908), 125 (1910), 109 (1911), 105 (1912), 98 (1919), 107 (1920), 128 (1923), 125 (1925), 134 (1927), 149 (1928), 150 (1929), 139 (1930), 142 (1931), 142 (1934), 143 (1935), 142 (1936), 141 (1938) et des 135 (1940)"
inde-indochine-cci-hanoi-electeurs-1940-d90183,https://entreprises-coloniales.fr/inde-indochine/CCI_Hanoi_electeurs-1940.pdf,source_document,Chambre de commerce et d'industrie de Hanoï,Organismes représentatifs. — Listes électorales (du nord au sud),Indochine,Indochine,,,"Chambre de commerce et d'industrie de Hanoï : listes des 136 électeurs (1902), 176 (1904), 172 (1906), 192 (1907), 183 (1908), 173 (1911), 192 (1913), 117 (1919), 120 (1920), 160 (1922), 185 (1925), 170 (1927), 176 (1929), 207 (1936), 237 (1940) et des 240 (1941)"
inde-indochine-ccneo-47fa56,https://entreprises-coloniales.fr/inde-indochine/CCNEO.pdf,company,CCNEO,Groupes indochinois et dirigeants d'affaires diverses,Indochine,Indochine,1909,,CCNEO (1909)
inde-indochine-cdt-reverony-hanoi-3b313c,https://entreprises-coloniales.fr/inde-indochine/Cdt_Reverony-Hanoi.pdf,person,Révérony,"Café, thé, épices, coco, quinquina, vanille",Indochine,Indochine,,,"Révérony (Jules)(« commandant Révérony »), Hanoï : planteur à Hoa-binh"
inde-indochine-celestin-talayrach-1f9dd3,https://entreprises-coloniales.fr/inde-indochine/Celestin_Talayrach.pdf,company,"Talayrach & Cie, Pézilla-la-Rivière, Saïgon. Succursales",Commerce,Indochine,Indochine,,,"Talayrach & Cie (Célestin), Pézilla-la-Rivière (P.-O.), Saïgon. Succursales : Tourane, Haïphong, Hanoï. Vins et spiritueux"
inde-indochine-celluloses-papiers-ic-2d05e9,https://entreprises-coloniales.fr/inde-indochine/Celluloses&papiers-IC.pdf,company,Celluloses et papiers indo-chinois,"Bois, meubles, papier, allumettes",Indochine,Indochine,1905,1910,"Celluloses et papiers indo-chinois (S.A. française des)(1905-1910), Dap-Cau"
inde-indochine-cemeo-saigon-1992fb,https://entreprises-coloniales.fr/inde-indochine/CEMEO-Saigon.pdf,company,Compagnie Électro-mécanique d’Extrême-Orient,"Eau et assainissement, électricité (Utilities)",Indochine,Indochine,,,"Électro-mécanique d’Extrême-Orient (Compagnie), Saïgon"
inde-indochine-cemi-langson-baeb55,https://entreprises-coloniales.fr/inde-indochine/CEMI-Langson.pdf,company,Compagnie Électrique minière indochinoise,Mines,Indochine,Indochine,1939,,"Électrique minière indochinoise (Compagnie)(CEMI)(1939), Langson : lignites et schistes ligniteux de Loc-Binh, carbure de calcium"
inde-indochine-censure-cinema-indochine-8d2abf,https://entreprises-coloniales.fr/inde-indochine/Censure_cinema_Indochine.pdf,company,La censure du cinéma en Indochine,Cinémas et théâtres de l'Indochine (du nord au sud),Indochine,Indochine,,,La censure du cinéma en Indochine
inde-indochine-centrale-des-etains-830b68,https://entreprises-coloniales.fr/inde-indochine/Centrale_des_Etains.pdf,company,Compagnie Centrale des Étains,Mines,Indochine,Indochine,,,Centrale des Étains (Compagnie)
inde-indochine-centre-culturel-sino-francais-ic-772e6f,https://entreprises-coloniales.fr/inde-indochine/Centre_culturel_sino-francais-IC.pdf,company,Centre culturel sino-français,"Enseignement, recherche, sociétés savantes, musées…",Indochine,Indochine,1939,,"Centre culturel sino-français (1939), Hanoï, Saïgon"
inde-indochine-ceramiques-cochinchine-828e9d,https://entreprises-coloniales.fr/inde-indochine/Ceramiques-Cochinchine.pdf,company,Société franco-sino-annamite des Céramiques de Cochinchine,"Bâtiment-travaux publics, matériaux de construction, céramiques",Indochine,Indochine,1923,,"Céramiques de Cochinchine (Société franco-sino-annamite des)(1923), Thien-Quan, Biên-Hoà"
inde-indochine-ceramiques-donai-dubourg-cf521f,https://entreprises-coloniales.fr/inde-indochine/Ceramiques-Donai-Dubourg.pdf,company,Céramiques du Donaï,"Bâtiment-travaux publics, matériaux de construction, céramiques",Indochine,Indochine,,,"Céramiques du Donaï (Georges Dubourg) : de CEDO à EXCEDO, Tam Hiêp (Biên-Hoà), Thanh-My-Tay (Giadinh), Thi-Nghé (Saïgon-Phu-My). La reconversion : Monacéra à Monaco."
inde-indochine-cercle-du-commerce-haiphong-71c62d,https://entreprises-coloniales.fr/inde-indochine/Cercle_du_Commerce-Haiphong.pdf,source_document,Cercle du Commerce,Amicales régionales et professionnelles : les petites patries à l'ombre de la grande ; amitié et solidarité,Indochine,Indochine,1888,,"Cercle du Commerce, Haïphong (1888)"
inde-indochine-cercle-du-commerce-hanoi-7fd33d,https://entreprises-coloniales.fr/inde-indochine/Cercle_du_Commerce-Hanoi.pdf,source_document,Cercle du Commerce et de l'Industrie,Amicales régionales et professionnelles : les petites patries à l'ombre de la grande ; amitié et solidarité,Indochine,Indochine,1904,,"Cercle du Commerce et de l'Industrie, Hanoï (1904)"
inde-indochine-cercle-hippique-saigonnais-1b3499,https://entreprises-coloniales.fr/inde-indochine/Cercle_hippique_saigonnais.pdf,company,Cercle hippique saïgonnais,Sports,Indochine,Indochine,,,Cercle hippique saïgonnais
inde-indochine-cercle-nautique-doson-e345ce,https://entreprises-coloniales.fr/inde-indochine/Cercle_nautique_Doson.pdf,company,Cercle nautique de Do-son,Sports,Indochine,Indochine,,,"Cercle nautique de Do-son, Doson"
inde-indochine-cercle-sportif-annamite-sadec-87f604,https://entreprises-coloniales.fr/inde-indochine/Cercle_sportif_annamite-Sadec.pdf,company,Cercle sportif annamite de Sadec,Sports,Indochine,Indochine,,,Cercle sportif annamite de Sadec
inde-indochine-cercle-sportif-haiphonnais-0a3ebf,https://entreprises-coloniales.fr/inde-indochine/Cercle_sportif_haiphonnais.pdf,company,Cercle sportif haïphonnais,Sports,Indochine,Indochine,1922,,Cercle sportif haïphonnais (1922) : Haïphong
inde-indochine-cercle-sportif-hanoi-d06d4d,https://entreprises-coloniales.fr/inde-indochine/Cercle_sportif_Hanoi.pdf,company,Cercle sportif de Hanoï,Sports,Indochine,Indochine,,,"Cercle sportif de Hanoï : tennis, piscine…"
inde-indochine-cercle-sportif-saigonnais-1c6ea6,https://entreprises-coloniales.fr/inde-indochine/Cercle_sportif_saigonnais.pdf,company,Cercle sportif saïgonnais,Sports,Indochine,Indochine,1902,,Cercle sportif saïgonnais (1902)(181 p.)
inde-indochine-cesar-casabianca-hanoi-240857,https://entreprises-coloniales.fr/inde-indochine/Cesar_Casabianca-Hanoi.pdf,person,Casabianca,Cuirs et textiles,Indochine,Indochine,,,"Casabianca (César), Hanoï : maître-bottier, propriétaire hippique, meurtrier"
inde-indochine-cexo-29d2d1,https://entreprises-coloniales.fr/inde-indochine/CEXO.pdf,company,Caoutchoucs d'Extrême-Orient,Héveas et caoutchouc,Indochine,Indochine,1949,,Caoutchoucs d'Extrême-Orient (CEXO)(1949)
inde-indochine-cfap-saffi-6abcac,https://entreprises-coloniales.fr/inde-indochine/CFAP-SAFFI.pdf,company,Société anonyme foncière franco-indochinoise,Commerce,Indochine,Indochine,,,"Société anonyme foncière franco-indochinoise (SAFFI), Saïgon"
inde-indochine-cfap-shell-annam-af6e26,https://entreprises-coloniales.fr/inde-indochine/CFAP_Shell-Annam.pdf,company,"Compagnie franco-asiatique des pétroles, Annam et Laos",Commerce,Indochine,Indochine,,,"Compagnie franco-asiatique des pétroles, Annam et Laos"
inde-indochine-cfap-shell-nord-ic-96fae3,https://entreprises-coloniales.fr/inde-indochine/CFAP_Shell-Nord-IC.pdf,company,Compagnie franco-asiatique des pétroles-Nord Indochine,Commerce,Indochine,Indochine,,,Compagnie franco-asiatique des pétroles-Nord Indochine
inde-indochine-cfap-shell-sud-ic-57c576,https://entreprises-coloniales.fr/inde-indochine/CFAP_Shell-Sud-IC.pdf,company,Compagnie franco-asiatique des pétroles-Sud Indochine,Commerce,Indochine,Indochine,,,Compagnie franco-asiatique des pétroles-Sud Indochine
inde-indochine-cgfmc-b61a93,https://entreprises-coloniales.fr/inde-indochine/CGFMC.pdf,company,Compagnie générale financière pour la métropole et les colonies,Groupes indochinois et dirigeants d'affaires diverses,Indochine,Indochine,,,Compagnie générale financière pour la métropole et les colonies (CGFMC)
inde-indochine-cgtupic-a2d464,https://entreprises-coloniales.fr/inde-indochine/CGTUPIC.pdf,company,Compagnie des Grands Travaux d'utilité publique de l'Indo-Chine,"Bâtiment-travaux publics, matériaux de construction, céramiques",Indochine,Indochine,1891,1895,Grands Travaux d'utilité publique de l'Indo-Chine (Compagnie des)(1891-1895) : tentative de mainmise sur le port de Tourane
inde-indochine-ch-fer-bassin-mekong-96b391,https://entreprises-coloniales.fr/inde-indochine/Ch._fer_bassin_Mekong.pdf,company,Société d'Études de chemin de fer dans le bassin du Mékong,Transports terrestres et garages,Indochine,Indochine,1908,,Études de chemin de fer dans le bassin du Mékong (Société d')(1908)
inde-indochine-ch-fer-garantis-colonies-0fbecf,https://entreprises-coloniales.fr/inde-indochine/Ch._fer_garantis_colonies.pdf,company,Cie des Chemins de fer garantis des colonies françaises,Transports terrestres et garages,Indochine,Indochine,,,Chemins de fer garantis des colonies françaises (Cie des) : Saïgon-Mytho
inde-indochine-ch-fer-ic-yunnan-1934-a63865,https://entreprises-coloniales.fr/inde-indochine/Ch._fer_IC-Yunnan-1934.pdf,company,Compagnie française des Chemins de fer de l'Indochine et du Yunnan par Charles Gallet,Transports terrestres et garages,Indochine,Indochine,,,"Chemins de fer de l'Indochine et du Yunnan (Compagnie française des) par Charles Gallet (Mondes et voyages, 1934)"
inde-indochine-ch-fer-ic-yunnan-docu-ef3de9,https://entreprises-coloniales.fr/inde-indochine/Ch._fer_IC-Yunnan-docu.pdf,company,Compagnie française des Chemins de fer de l'Indochine et du Yunnan,Transports terrestres et garages,Indochine,Indochine,,,Chemins de fer de l'Indochine et du Yunnan (Compagnie française des) : revue de presse (520 p.)
inde-indochine-ch-fer-ic-yunnan-meuleau-7f60f8,https://entreprises-coloniales.fr/inde-indochine/Ch._fer_IC-Yunnan-Meuleau.pdf,company,Compagnie française des Chemins de fer de l'Indochine et du Yunnan,Transports terrestres et garages,Indochine,Indochine,,,Chemins de fer de l'Indochine et du Yunnan (Compagnie française des) : les débuts par Marc Meuleau
inde-indochine-ch-fer-langbiang-920e9a,https://entreprises-coloniales.fr/inde-indochine/Ch._fer_Langbiang.pdf,company,Chemin de fer du Langbiang,Transports terrestres et garages,Indochine,Indochine,1906,1932,Chemin de fer du Langbiang (1906-1932) : Tourcham-Dalat
inde-indochine-ch-fer-sud-indochine-b20476,https://entreprises-coloniales.fr/inde-indochine/Ch._fer_Sud_Indochine.pdf,company,Chemin de fer du Sud de l'Indochine,Transports terrestres et garages,Indochine,Indochine,1929,1935,Chemin de fer du Sud de l'Indochine (1929-1935) : Pnom-Penh-Battambang
inde-indochine-ch-fer-tan-ap-thakhek-b36c0f,https://entreprises-coloniales.fr/inde-indochine/Ch._fer_Tan-Ap-Thakhek.pdf,company,Chemin de fer Tân-Ap–Thakhek,Transports terrestres et garages,Indochine,Indochine,,,Chemin de fer Tân-Ap–Thakhek : tentative de débloquement du Laos
inde-indochine-ch-fer-transindochinois-4e6c44,https://entreprises-coloniales.fr/inde-indochine/Ch._fer_transindochinois.pdf,company,Chemin de fer transindochinois Hanoï-Saïgon,Transports terrestres et garages,Indochine,Indochine,,,Chemin de fer transindochinois Hanoï-Saïgon (306 p.)
inde-indochine-ch-vezin-1840-1919-9e5e6f,https://entreprises-coloniales.fr/inde-indochine/Ch._Vezin_1840-1919.pdf,person,Vézin,"Bâtiment-travaux publics, matériaux de construction, céramiques",Indochine,Indochine,,,Vézin (Charles)(1840-1919) : entrepreneur au Tonkin et en Annam (1886-1900)
inde-indochine-chabot-hanoi-72f2a7,https://entreprises-coloniales.fr/inde-indochine/Chabot-Hanoi.pdf,company,"Chabot, Hanoï. Sucursales à Haïphong et Saïgon",Commerce,Indochine,Indochine,,,"Chabot (Paul), Hanoï. Sucursales à Haïphong et Saïgon : bijouterie-horlogerie, nouveautés"
inde-indochine-chaffanjon-haiphong-3689fa,https://entreprises-coloniales.fr/inde-indochine/Chaffanjon-Haiphong.pdf,company,"Éts Chaffanjon, Haïphong, Hanoï, Hongay, Hué, etc.",Commerce,Indochine,Indochine,,,"Chaffanjon (Éts)(Magasins Chaffanjon, Mag'Chaf'), Haïphong, Hanoï, Hongay, Hué, etc."
inde-indochine-chaffanjon-phu-to-1f16a0,https://entreprises-coloniales.fr/inde-indochine/Chaffanjon-Phu-To.pdf,company,"Chaffanjon, Tinh-cuong","Café, thé, épices, coco, quinquina, vanille",Indochine,Indochine,,,"Chaffanjon (Paul), Tinh-cuong (Phu-To) : thé"
inde-indochine-chambre-agric-coch-electeurs-8dec62,https://entreprises-coloniales.fr/inde-indochine/Chambre_agric._Coch.-electeurs.pdf,source_document,Chambre d'agriculture de Cochinchine,Organismes représentatifs. — Listes électorales (du nord au sud),Indochine,Indochine,,,"Chambre d'agriculture de Cochinchine, Saïgon : listes des 112 électeurs (1897), des 156 (1899), des 290 électeurs (1909-1910), des 307 (1911), des 363 (1913), des 1.087 (1928), des 820 (1929), des 921 (1930), des 985 (1934) et des 675 (1938), listes de colons…"
inde-indochine-chambre-commerce-saigon-54c2ab,https://entreprises-coloniales.fr/inde-indochine/Chambre_commerce_Saigon.pdf,source_document,Chambre de commerce et d'industrie de Cochinchine,Organismes représentatifs. — Listes électorales (du nord au sud),Indochine,Indochine,,,"Chambre de commerce et d'industrie de Cochinchine, Saïgon : présidents, bureaux, listes des 139 électeurs français (1905), 196 (1912), 238 (1924), 268 (1928), 250 (1929), 231 (1930), 204 (1933) et 245 (1938)"
inde-indochine-chambre-consultative-indigene-tonkin-1ac428,https://entreprises-coloniales.fr/inde-indochine/Chambre_consultative_indigene_Tonkin.pdf,source_document,Chambre consultative indigène du Tonkin,Organismes représentatifs. — Listes électorales (du nord au sud),Indochine,Indochine,1913,1926,Chambre consultative indigène du Tonkin (1913-1926)
inde-indochine-chambre-mixte-annam-electeurs-e3c898,https://entreprises-coloniales.fr/inde-indochine/Chambre_mixte_Annam-Electeurs.pdf,source_document,Chambre mixte d'agriculture et de commerce de l'Annam,Organismes représentatifs. — Listes électorales (du nord au sud),Indochine,Indochine,,,"Chambre mixte d'agriculture et de commerce de l'Annam (Tourane) : listes des électeurs 1899, 1901, 1908, 1909, 1910, 1921, 1924, 1926, 1927 (194), 1928, 1929 (225), 1960 (267), 1932, 1933, 1937, 1940, 1942, 1943"
inde-indochine-chambre-mixte-cambodge-82448e,https://entreprises-coloniales.fr/inde-indochine/Chambre_mixte_Cambodge.pdf,source_document,Chambre mixte de commerce et d'agriculture du Cambodge,Organismes représentatifs. — Listes électorales (du nord au sud),Indochine,Indochine,,,"Chambre mixte de commerce et d'agriculture du Cambodge : listes des 26 électeurs (1897), des 49 (1901), des 52 (1903), des 75 (1910), des 82 (1912), des 100 (1913), des 105 (1921), des 112 (1923), des 129 (1929), 1930, 1932, des 200 (1933), des 67 nouveaux inscrits (1934), des 149 (1935)"
inde-indochine-chambre-mixte-laos-d60dcf,https://entreprises-coloniales.fr/inde-indochine/Chambre_mixte_Laos.pdf,source_document,Chambre mixte de commerce et d'agriculture du Laos,Organismes représentatifs. — Listes électorales (du nord au sud),Indochine,Indochine,,,"Chambre mixte de commerce et d'agriculture du Laos : listes des 65 électeurs (1928), 108 électeurs (1930), des 91 (1931) et des 66 électeurs (1938)"
inde-indochine-chambre-mixte-nord-annam-7baeeb,https://entreprises-coloniales.fr/inde-indochine/Chambre_mixte_Nord-Annam.pdf,source_document,Chambre mixte de commerce et d'agriculture du Nord-Annam,Organismes représentatifs. — Listes électorales (du nord au sud),Indochine,Indochine,,,Chambre mixte de commerce et d'agriculture du Nord-Annam : liste des électeurs 1927
inde-indochine-chamcar-l-u-c42b8f,https://entreprises-coloniales.fr/inde-indochine/Chamcar-Lœu.pdf,company,Caoutchoucs de Chamcar-Lœu,Héveas et caoutchouc,Indochine,Indochine,1927,1949,Caoutchoucs de Chamcar-Lœu (1927-1949)
inde-indochine-chantecler-hanoi-13be44,https://entreprises-coloniales.fr/inde-indochine/Chantecler-Hanoi.pdf,company,Chantecler,"Imprimerie, presse, édition",Indochine,Indochine,,,"Chantecler (Casimir Louis Achard), Hanoï : bihebdomadaire"
inde-indochine-chapa-station-altitude-eefe63,https://entreprises-coloniales.fr/inde-indochine/Chapa_station_altitude.pdf,company,"Chapa, station d'altitude","Hôtellerie, tourisme",Indochine,Indochine,,,"Chapa, station d'altitude : le Dalat tonkinois. Le Grand Hôtel (Jourlin, Fouyer, Métropole), l'Hôtel du Fan-Si-Pan (Nguyên-van-Ky dit Mariky) devenu Chapa Hôtel (Sourdain), La Madeleine à Chapa-Bas (Tocco), La Chaumière à Chapa-Bas (Viaud) et l'Hôtel du Centre (Vaumousse). 152 p."
inde-indochine-charavy-savelon-hanoi-561756,https://entreprises-coloniales.fr/inde-indochine/Charavy-Savelon-Hanoi.pdf,company,Charavy & Savelon,"Bâtiment-travaux publics, matériaux de construction, céramiques",Indochine,Indochine,,,"Charavy & Savelon, Hanoï"
inde-indochine-charbon-dong-trieu-1941-9737e7,https://entreprises-coloniales.fr/inde-indochine/Charbon._Dong-Trieu_1941.pdf,company,Charbonnages du Dông-Triêu,Mines,Indochine,Indochine,,,"Charbonnages du Dông-Triêu : reportage d'« Indochine », hebdomadaire illustré, 16 octobre 1941"
inde-indochine-charbon-kebao-1888-1895-318a18,https://entreprises-coloniales.fr/inde-indochine/Charbon._Kebao_1888-1895.pdf,company,Société anonyme française de Kébao,Mines,Indochine,Indochine,1888,1895,"Société anonyme française de Kébao (1888-1895) : Jean Dupuis (1829-1912), fondateur ; Raoul Guillemard, président"
inde-indochine-charbon-kebao-1896-1899-54de77,https://entreprises-coloniales.fr/inde-indochine/Charbon._Kebao_1896-1899.pdf,company,Société nouvelle de Kébao,Mines,Indochine,Indochine,1896,1899,Société nouvelle de Kébao (1896-1899)
inde-indochine-charbon-kebao-1901-1921-3fae68,https://entreprises-coloniales.fr/inde-indochine/Charbon._Kebao_1901-1921.pdf,company,Société civile du domaine de Kébao,Mines,Indochine,Indochine,1901,1921,Société civile du domaine de Kébao (1901-1921) : comprenant des plaquettes avec photos publiées en 1901 et un mémoire d'André GÉRARD sur l'île de Kébao (1904)
inde-indochine-charbon-kebao-1921-1933-8444dd,https://entreprises-coloniales.fr/inde-indochine/Charbon._Kebao_1921-1933.pdf,company,Société civile du domaine de Kébao,Mines,Indochine,Indochine,1921,1933,Société civile du domaine de Kébao (1921-1933) : règne de la CCNEO
inde-indochine-charbon-tonkin-1888-1895-80ca46,https://entreprises-coloniales.fr/inde-indochine/Charbon._Tonkin_1888-1895.pdf,company,Charbonnages du Tonkin,Mines,Indochine,Indochine,1888,1895,"Charbonnages du Tonkin (1888-1895) : Bavier-Chauffour administrateur délégué, Marmottan président, capital à majorité anglaise de Hong-Kong (46 p.)"
inde-indochine-charbon-tonkin-1895-1899-3dd9df,https://entreprises-coloniales.fr/inde-indochine/Charbon._Tonkin_1895-1899.pdf,company,Charbonnages du Tonkin,Mines,Indochine,Indochine,1895,1899,Charbonnages du Tonkin (1895-1899) : francisation par la Banque A. Luc & Cie. Fernand de Carrère président (49 p.)
inde-indochine-charbon-tonkin-1899-2015-c91a81,https://entreprises-coloniales.fr/inde-indochine/Charbon._Tonkin_1899-2015.pdf,company,Charbonnages du Tonkin,Mines,Indochine,Indochine,1899,2015,"Charbonnages du Tonkin (1899-2015) : le CIC à la barre. Présidences Monplanet, Georges-Picot, Thelier et Lebée (434 p.)"
inde-indochine-charbonnages-along-dong-dang-0a4f49,https://entreprises-coloniales.fr/inde-indochine/Charbonnages_Along_Dong-Dang.pdf,company,Société française des Charbonnages d’Along et Dong-Dang,Mines,Indochine,Indochine,1924,,Charbonnages d’Along et Dong-Dang (Société française des)(SFCAD)(1924)
inde-indochine-charbonnages-de-bicho-679436,https://entreprises-coloniales.fr/inde-indochine/Charbonnages_de_Bicho.pdf,company,Charbonnages de Bi-cho,Mines,Indochine,Indochine,,,Charbonnages de Bi-cho (ou Bicho)
inde-indochine-charbonnages-de-dei-dhan-808e1d,https://entreprises-coloniales.fr/inde-indochine/Charbonnages_de_Dei-Dhan.pdf,company,Charbonnages de Dei-dhan et Dong-dang,Mines,Indochine,Indochine,,,Charbonnages de Dei-dhan et Dong-dang
inde-indochine-charbonnages-de-maokhe-66ba99,https://entreprises-coloniales.fr/inde-indochine/Charbonnages_de_Maokhe.pdf,company,Charbonnages de Maokhé,Mines,Indochine,Indochine,,,Charbonnages de Maokhé
inde-indochine-charbonnages-de-phan-me-e73eb6,https://entreprises-coloniales.fr/inde-indochine/Charbonnages_de_Phan-me.pdf,company,Charbonnages de Phan-mé. Photos de l'album de Bruno Barraco,Mines,Indochine,Indochine,,,Charbonnages de Phan-mé. Photos de l'album de Bruno Barraco
inde-indochine-charbonnages-de-phu-no-quan-62fef1,https://entreprises-coloniales.fr/inde-indochine/Charbonnages_de_Phu-No-Quan.pdf,company,Charbonnages de Phu-nho-quan,Mines,Indochine,Indochine,,,Charbonnages de Phu-nho-quan
inde-indochine-charbonnages-du-doi-hoa-fb9d15,https://entreprises-coloniales.fr/inde-indochine/Charbonnages_du_Doi-hoa.pdf,company,Charbonnages du Doi-hoa,Mines,Indochine,Indochine,,,"Charbonnages du Doi-hoa (Schaller-Borel), Chi-né"
inde-indochine-charbonnages-du-dong-trieu-dcbfcf,https://entreprises-coloniales.fr/inde-indochine/Charbonnages_du_Dong-Trieu.pdf,company,Charbonnages du Dông-Triêu,Mines,Indochine,Indochine,1916,,"Charbonnages du Dông-Triêu (S.A., 1916) : mine Clotilde (146 p.)"
inde-indochine-charbonnages-du-port-courbet-eb9f32,https://entreprises-coloniales.fr/inde-indochine/Charbonnages_du_Port-Courbet.pdf,company,Charbonnages du Port-Courbet,Mines,Indochine,Indochine,,,Charbonnages du Port-Courbet : mine Tambour
inde-indochine-charbonnages-huong-khe-9b1fa9,https://entreprises-coloniales.fr/inde-indochine/Charbonnages_Huong-Khe.pdf,company,Charbonnages du Huong-Khé,Mines,Indochine,Indochine,,,"Charbonnages du Huong-Khé, Hatinh"
inde-indochine-charbonnages-minmet-f1f1ea,https://entreprises-coloniales.fr/inde-indochine/Charbonnages_Minmet.pdf,company,Société indochinoise de Charbonnages et de mines métalliques,Mines,Indochine,Indochine,,,Charbonnages et de mines métalliques (Société indochinoise de)(SICMM)
inde-indochine-charbonnages-ninh-binh-04f6e0,https://entreprises-coloniales.fr/inde-indochine/Charbonnages_Ninh-Binh.pdf,company,Société des Charbonnages de Ninh-Binh,Mines,Indochine,Indochine,,,Charbonnages de Ninh-Binh (Société des)(SCNB)
inde-indochine-charbonnages-nong-son-9a3c27,https://entreprises-coloniales.fr/inde-indochine/Charbonnages_Nong-Son.pdf,company,"Charbonnages de Nong-Son, près Tourane",Mines,Indochine,Indochine,,,"Charbonnages de Nong-Son, près Tourane (Danang) : Édouard-Félix Brizard (1907-1914), Alfred Debeaux (1914-1921), Banque de l'Indochine"
inde-indochine-charbonnages-pannier-2f2292,https://entreprises-coloniales.fr/inde-indochine/Charbonnages_Pannier.pdf,company,"Société des Charbonnages Pannier et Cie, puis Charbonnages de Chacha",Mines,Indochine,Indochine,1917,,"Charbonnages Pannier et Cie (1917), puis Charbonnages de Chacha (Société des)(1937), Haïphong : mine Cha-Cha ou Chacha à Quang-Yên"
inde-indochine-charbonnages-trang-bach-8f0fe3,https://entreprises-coloniales.fr/inde-indochine/Charbonnages_Trang-Bach.pdf,company,Charbonnages de Trang-Bach,Mines,Indochine,Indochine,,,Charbonnages de Trang-Bach : Compagnie minière et industrielle de l'Indochine
inde-indochine-charbonnages-tuyen-quang-63566f,https://entreprises-coloniales.fr/inde-indochine/Charbonnages_Tuyen-Quang.pdf,company,Charbonnages de Tuyên-Quang,Mines,Indochine,Indochine,,,Charbonnages de Tuyên-Quang
inde-indochine-charbonnages-vinh-phuoc-f2ff7d,https://entreprises-coloniales.fr/inde-indochine/Charbonnages_Vinh-Phuoc.pdf,company,"Charbonnages de Vinh-Phuoc, près Tourane",Mines,Indochine,Indochine,,,"Charbonnages de Vinh-Phuoc, près Tourane (Annam)"
inde-indochine-charbonnages-yen-lap-964f78,https://entreprises-coloniales.fr/inde-indochine/Charbonnages_Yen-Lap.pdf,company,Charbonnages de Yên-Lâp,Mines,Indochine,Indochine,,,Charbonnages de Yên-Lâp (Gérard Prékel & Cie)
inde-indochine-charbons-ic-haiphong-64bd13,https://entreprises-coloniales.fr/inde-indochine/Charbons_IC-Haiphong.pdf,company,Compagnie des Charbons de l'Indochine,Mines,Indochine,Indochine,,,Charbons de l'Indochine (Compagnie des) : usine de briquettes de charbon à Haïphong
inde-indochine-chardin-cho-doi-e5db80,https://entreprises-coloniales.fr/inde-indochine/Chardin-Cho-Doi.pdf,company,"Chardin, Cho-doi","Café, thé, épices, coco, quinquina, vanille",Indochine,Indochine,,,"Chardin (Louis), Cho-doi : café, élevage bovin"
inde-indochine-chargeurs-d-extreme-orient-3a57a3,https://entreprises-coloniales.fr/inde-indochine/Chargeurs_d_Extreme-Orient.pdf,company,Chargeurs d'Extrême-Orient,"Transports fluviaux, maritimes et aériens. Ports, phares",Indochine,Indochine,1918,1932,Chargeurs d'Extrême-Orient (1918-1932) : alliance franco-belgo-américaine
inde-indochine-charles-clop-hanoi-b4424e,https://entreprises-coloniales.fr/inde-indochine/Charles_Clop_Hanoi.pdf,person,Clop,Transports terrestres et garages,Indochine,Indochine,,,"Clop (Charles)(1870-+1954), Haïphong, Hanoï : carrossier, concessionnaire agricole en Annam… (1895-1917)"
inde-indochine-charles-danovaro-0a7ddd,https://entreprises-coloniales.fr/inde-indochine/Charles_Danovaro.pdf,company,Danovaro,"Élevage, abattage, boucherie",Indochine,Indochine,,,"Danovaro (Charles) : laiterie-fromagerie à Hanoï, négoce et horticulture à Haïphong"
inde-indochine-charles-de-lansalut-d0b865,https://entreprises-coloniales.fr/inde-indochine/Charles_de_Lansalut.pdf,person,Le Gac de Lansalut,Groupes indochinois et dirigeants d'affaires diverses,Indochine,Indochine,,,"Le Gac de Lansalut (Charles)(1873-1927), Haïphong : avocat-défenseur, administrateur de sociétés, publiciste. Son combat pour la démocratisation du Conseil de gouvernement de l'Indochine"
inde-indochine-charles-kugeler-peintre-568541,https://entreprises-coloniales.fr/inde-indochine/Charles_Kugeler_peintre.pdf,company,Kugeler,"Artistes peintres, sculpteurs et galeries",Indochine,Indochine,,,"Kugeler (Charles-Yvan)(Grenoble, 1892) : garde indigène, dessinateur, peintre (expositions Saïgon 1948, Mostaganem 1955)"
inde-indochine-charles-lacour-planteur-2064d3,https://entreprises-coloniales.fr/inde-indochine/Charles_Lacour_planteur.pdf,company,Lacour,Héveas et caoutchouc,Indochine,Indochine,,,Lacour (Charles) : Chanh-phu-hoa
inde-indochine-charles-lacouture-9555bf,https://entreprises-coloniales.fr/inde-indochine/Charles_Lacouture.pdf,person,Lacouture,Héveas et caoutchouc,Indochine,Indochine,,,"Lacouture (Charles)(1872-1954) : avocat général, administrateur de sociétés caoutchoutières et textile, oncle du journaliste Jean Lacouture (1921-2015)"
inde-indochine-charlotte-floch-paris-saigon-97696b,https://entreprises-coloniales.fr/inde-indochine/Charlotte_Floch_Paris-Saigon.pdf,company,Charlotte Floch,Commerce,Indochine,Indochine,,,"Charlotte Floch, Paris : succursale de Saïgon haute couture"
inde-indochine-charlotte-perriand-designer-d1ac03,https://entreprises-coloniales.fr/inde-indochine/Charlotte_Perriand_designer.pdf,person,Perriand,"Artistes peintres, sculpteurs et galeries",Indochine,Indochine,,,Perriand (Charlotte)(1903-1999) : désigner. En Indochine (1941-1945)
inde-indochine-charpantier-aux-armes-de-france-b7f566,https://entreprises-coloniales.fr/inde-indochine/Charpantier_Aux-Armes-de-France.pdf,company,"Charpantier, Aux Armes de France",Commerce,Indochine,Indochine,1887,1911,"Charpantier (Henri), Aux Armes de France (1887-1911), Hanoï"
inde-indochine-charriere-dufourg-garriguenc-676b48,https://entreprises-coloniales.fr/inde-indochine/Charriere-Dufourg-Garriguenc.pdf,company,"Charrière, Dufourg & Garriguenc",Commerce,Indochine,Indochine,1924,1930,"Charrière, Dufourg & Garriguenc (ex-Berthet & Charrière)(1924-1930), Saïgon"
inde-indochine-chartered-bank-ic-41f138,https://entreprises-coloniales.fr/inde-indochine/Chartered_Bank_IC.pdf,company,"Chartered Bank of India, Australia and China","Banque, gérance, assurances…",Indochine,Indochine,,,"Chartered Bank of India, Australia and China, Saïgon, Haïphong, Hanoï"
inde-indochine-chau-ky-cie-saigon-e47752,https://entreprises-coloniales.fr/inde-indochine/Chau-Ky_&_Cie-Saigon.pdf,company,Chau-Ky & Cie,"Transports fluviaux, maritimes et aériens. Ports, phares",Indochine,Indochine,,,"Chau-Ky & Cie (SNC, 1928), Saïgon : transports fluviaux et terrestres…"
inde-indochine-chaudoc-bungalow-3644c8,https://entreprises-coloniales.fr/inde-indochine/Chaudoc-Bungalow.pdf,company,"Bungalow, Chaudoc","Hôtellerie, tourisme",Indochine,Indochine,,,"Bungalow, Chaudoc"
inde-indochine-chaux-du-tonkin-a69ac7,https://entreprises-coloniales.fr/inde-indochine/Chaux_du_Tonkin.pdf,company,Chaux du Tonkin,"Bâtiment-travaux publics, matériaux de construction, céramiques",Indochine,Indochine,,,Chaux du Tonkin (Sté Générale des)
inde-indochine-chaux-hyd-lang-tho-397820,https://entreprises-coloniales.fr/inde-indochine/Chaux_hyd._Lang-Tho.pdf,company,Chaux hydrauliques du Lang-Tho,"Bâtiment-travaux publics, matériaux de construction, céramiques",Indochine,Indochine,,,Chaux hydrauliques du Lang-Tho (Anc. Éts H. Bogaert)
inde-indochine-chazet-freres-voi-bo-6834ef,https://entreprises-coloniales.fr/inde-indochine/Chazet_freres-Voi-bo.pdf,company,Chazet frères,"Café, thé, épices, coco, quinquina, vanille",Indochine,Indochine,,,"Chazet frères, Voi-bo (Nord-Annam) : café, coton, jute…"
inde-indochine-chemin-de-fer-du-laos-167da4,https://entreprises-coloniales.fr/inde-indochine/Chemin_de_fer_du_Laos.pdf,company,Chemin de fer du Laos,Transports terrestres et garages,Indochine,Indochine,,,Chemin de fer du Laos (projet de débloquement) : Savannakhet-Tourane
inde-indochine-cherry-imbert-cie-2f5cf9,https://entreprises-coloniales.fr/inde-indochine/Cherry_Imbert_&_Cie.pdf,company,"Cherry, Imbert & Cie",Commerce,Indochine,Indochine,,,"Cherry, Imbert & Cie, Hanoï : grand bazar chinois et japonais, horlogerie"
inde-indochine-chez-pomone-saigon-e7ef49,https://entreprises-coloniales.fr/inde-indochine/Chez_Pomone-Saigon.pdf,company,"Chez Pomone, galerie d'art, 148, rue Catinat","Artistes peintres, sculpteurs et galeries",Indochine,Indochine,,,"Chez Pomone (Élisabeth Susini), galerie d'art, 148, rue Catinat, Saïgon"
inde-indochine-chieze-manard-hanoi-6ba64f,https://entreprises-coloniales.fr/inde-indochine/Chieze+Manard-Hanoi.pdf,company,Chièze et Manard,"Bâtiment-travaux publics, matériaux de construction, céramiques",Indochine,Indochine,,,"Chièze et Manard, Hanoï : entrepreneurs ferroviaires"
inde-indochine-chinese-merchants-bank-2be9d1,https://entreprises-coloniales.fr/inde-indochine/Chinese_Merchants_Bank.pdf,company,"Chinese Merchants Bank, Ltd, Hong-Kong","Banque, gérance, assurances…",Indochine,Indochine,,,"Chinese Merchants Bank, Ltd, Hong-Kong : Saïgon"
inde-indochine-chiris-tonkin-5b3710,https://entreprises-coloniales.fr/inde-indochine/Chiris-Tonkin.pdf,company,Chiris-Tonkin,Industries diverses,Indochine,Indochine,,,Chiris-Tonkin
inde-indochine-choisat-et-wilkin-aeae5b,https://entreprises-coloniales.fr/inde-indochine/Choisat_et_Wilkin.pdf,company,"Choisat et Wilkin, puis Choisat frères",Commerce,Indochine,Indochine,1943,,"Choisat et Wilkin (ca 1943), puis Choisat frères (1947), Saïgon, Haïphong"
inde-indochine-chretiente-thakhek-1933-f98ca0,https://entreprises-coloniales.fr/inde-indochine/Chretiente_Thakhek_1933.pdf,company,Chrétienté de Thakhek,Santé,Indochine,Indochine,1933,,"Chrétienté de Thakhek (1933) : hospice, crèche, ouvroir, léproserie"
inde-indochine-chrome-et-nickel-ic-5b6380,https://entreprises-coloniales.fr/inde-indochine/Chrome_et_nickel_IC.pdf,company,"Société Chrome et nickel de l'Indochine, Cô-Dinh",Mines,Indochine,Indochine,1928,,"Chrome et nickel de l'Indochine (Société)(1928), Cô-Dinh (Thanh-Hoa)"
inde-indochine-chromes-d-indochine-b38182,https://entreprises-coloniales.fr/inde-indochine/Chromes_d_Indochine.pdf,company,Compagnie des Chromes d'Indochine,Mines,Indochine,Indochine,1942,,"Chromes d'Indochine (Compagnie des)(1942), Hanoï"
inde-indochine-chrono-indochine-1940-1945-cbeae5,https://entreprises-coloniales.fr/inde-indochine/Chrono_Indochine_1940-1945.pdf,source_document,Chronologie de l'Indochine,Documents généraux (par ordre chronologique),Indochine,Indochine,1940,1945,Chronologie de l'Indochine (1940-1945) : l'occupation japonaise
inde-indochine-chrono-indochine-1945-1954-91c079,https://entreprises-coloniales.fr/inde-indochine/Chrono_Indochine_1945-1954.pdf,source_document,Chronologie de la guerre d'Indochine,Documents généraux (par ordre chronologique),Indochine,Indochine,1945,1954,Chronologie de la guerre d'Indochine (1945-1954) : la guerre française
inde-indochine-chuc-saigon-99f91c,https://entreprises-coloniales.fr/inde-indochine/Chuc-Saigon.pdf,company,"Chu'c, installation de décortiqueries","Métallurgie, constructions mécaniques, électriques, navales",Indochine,Indochine,,,"Chu'c (Nguyên van), installation de décortiqueries, Saïgon"
inde-indochine-cie-aerienne-frse-ic-52a32e,https://entreprises-coloniales.fr/inde-indochine/Cie_aerienne_frse-IC.pdf,company,Compagnie Aérienne Française,"Transports fluviaux, maritimes et aériens. Ports, phares",Indochine,Indochine,,,Aérienne Française (Compagnie)(CAF) : tentative d'implantation en Indochine
inde-indochine-cie-agricole-d-annam-d33228,https://entreprises-coloniales.fr/inde-indochine/Cie_agricole_d_Annam.pdf,company,Compagnie Agricole d'Annam,"Café, thé, épices, coco, quinquina, vanille",Indochine,Indochine,1926,,Agricole d'Annam (Compagnie)(CADA)(1926) : thé près Ban-Mé-Thuot (Darlac). Le scandale Maillot.
inde-indochine-cie-agricole-d-asie-0d6fa9,https://entreprises-coloniales.fr/inde-indochine/Cie_agricole_d_Asie.pdf,company,"Compagnie Agricole d'Asie, Ea-Noët","Café, thé, épices, coco, quinquina, vanille",Indochine,Indochine,1957,,"Agricole d'Asie (Compagnie)(1957), Ea-Noët"
inde-indochine-cie-agricole-du-darlac-1b794e,https://entreprises-coloniales.fr/inde-indochine/Cie_agricole_du_Darlac.pdf,company,Compagnie Agricole du Darlac,"Café, thé, épices, coco, quinquina, vanille",Indochine,Indochine,,,Agricole du Darlac (Compagnie)
inde-indochine-cie-agricole-phuquoc-83e3ff,https://entreprises-coloniales.fr/inde-indochine/Cie_agricole_Phuquoc.pdf,company,Compagnie Agricole de Phuquoc,Autres industries alimentaires,Indochine,Indochine,,,"Agricole de Phuquoc (Compagnie)(Goulard) : cocotiers, poivriers, élevage"
inde-indochine-cie-commerce-et-agriculture-08421b,https://entreprises-coloniales.fr/inde-indochine/Cie_commerce_et_agriculture.pdf,company,Canque et Lacour,Commerce,Indochine,Indochine,1919,1926,"Canque et Lacour (1919-1926), Saïgon"
inde-indochine-cie-commerciale-saigonnaise-fd656f,https://entreprises-coloniales.fr/inde-indochine/Cie_commerciale_saigonnaise.pdf,company,Compagnie commerciale saïgonnaise,Commerce,Indochine,Indochine,,,Compagnie commerciale saïgonnaise (CCS) : import-export
inde-indochine-cie-continentale-cambodge-d224cd,https://entreprises-coloniales.fr/inde-indochine/Cie_Continentale_Cambodge.pdf,company,Compagnie Continentale du Cambodge,"Rizières, rizeries, négoce de riz et autres céréales",Indochine,Indochine,1953,,"Compagnie Continentale du Cambodge (Fribourg)(1953), Pnom-Penh : décortiquerie à Russey-Keo"
inde-indochine-cie-continentale-indochine-0148ae,https://entreprises-coloniales.fr/inde-indochine/Cie_Continentale_Indochine.pdf,company,Compagnie Continentale de l'Indochine,"Rizières, rizeries, négoce de riz et autres céréales",Indochine,Indochine,1938,,"Compagnie Continentale de l'Indochine (Fribourg)(1938), Saïgon"
inde-indochine-cie-du-cambodge-36fc62,https://entreprises-coloniales.fr/inde-indochine/Cie_du_Cambodge.pdf,company,Compagnie du Cambodge,Héveas et caoutchouc,Indochine,Indochine,1923,,"Cambodge (Compagnie du)(S.A., 1923) : plantations de Chup et Thmar Pitt. Caoutchouc, café"
inde-indochine-cie-fonciere-internationale-09c9f3,https://entreprises-coloniales.fr/inde-indochine/Cie_fonciere_internationale.pdf,company,Compagnie foncière internationale,"Banque, gérance, assurances…",Indochine,Indochine,1988,1994,Compagnie foncière internationale (1988-1994)
inde-indochine-cie-francaise-de-saigon-c6421e,https://entreprises-coloniales.fr/inde-indochine/Cie_francaise_de_Saigon.pdf,company,Compagnie Française de Saïgon pour le décorticage et blanchissage du riz,"Rizières, rizeries, négoce de riz et autres céréales",Indochine,Indochine,1877,1890,Française de Saïgon pour le décorticage et blanchissage du riz (Compagnie)(1877-1890)(« Usine Cornu »)
inde-indochine-cie-francaise-du-tonkin-84517f,https://entreprises-coloniales.fr/inde-indochine/Cie_francaise_du_Tonkin.pdf,company,Compagnie Française du Tonkin et de l'Indo-Chine,Commerce,Indochine,Indochine,1884,1887,"Française du Tonkin et de l'Indo-Chine (Compagnie)(1884-1887), Hanoï, Haïphong"
inde-indochine-cie-franco-indochinoise-0df945,https://entreprises-coloniales.fr/inde-indochine/Cie_franco-indochinoise.pdf,company,Compagnie Franco-indochinoise,"Rizières, rizeries, négoce de riz et autres céréales",Indochine,Indochine,,,Franco-indochinoise (Compagnie)
inde-indochine-cie-gen-tonkin-annam-b42eca,https://entreprises-coloniales.fr/inde-indochine/Cie_Gen._Tonkin+Annam.pdf,company,Compagnie Générale du Tonkin et du Nord-Annam,Autres industries alimentaires,Indochine,Indochine,1905,1911,"Générale du Tonkin et du Nord-Annam (Compagnie)(Raoul Debeaux)(ca 1905-1911) : fermier de l'opium, du sel et de l'alcool"
inde-indochine-cie-generale-de-dalat-000036,https://entreprises-coloniales.fr/inde-indochine/Cie_generale_de_Dalat.pdf,company,Compagnie Générale de Dalat,Sociétés foncières et immobilières,Indochine,Indochine,,,Générale de Dalat (Compagnie)
inde-indochine-cie-miniere-et-de-navigation-6634c6,https://entreprises-coloniales.fr/inde-indochine/Cie_miniere_et_de_navigation.pdf,company,Compagnie Minière et de Navigation,"Transports fluviaux, maritimes et aériens. Ports, phares",Indochine,Indochine,1927,,"Minière et de Navigation (Compagnie)(S.A., 1927), Haïphong"
inde-indochine-cieegftac-45c5e0,https://entreprises-coloniales.fr/inde-indochine/CIEEGFTAC.pdf,company,"Compagnie Industrielle d'Études et entreprises générales françaises pour le Tonkin, l'Annam, la Chine","Bâtiment-travaux publics, matériaux de construction, céramiques",Indochine,Indochine,,,"Industrielle d'Études et entreprises générales françaises pour le Tonkin, l'Annam, la Chine (Compagnie)"
inde-indochine-cief-annam-ca8bf7,https://entreprises-coloniales.fr/inde-indochine/CIEF-Annam.pdf,source_document,Conseil des intérêts économiques et financiers de l'Annam,Organismes représentatifs. — Listes électorales (du nord au sud),Indochine,Indochine,,,"Conseil des intérêts économiques et financiers de l'Annam : listes avec nom, fonctions, domicile des 1.002 électeurs (1930), 1.240 électeurs (1934), 1.201 électeurs (1936), 1.110 (1938) et 1.228 (1940)"
inde-indochine-cief-cambodge-1931-916b41,https://entreprises-coloniales.fr/inde-indochine/CIEF-Cambodge-1931.pdf,source_document,Conseil des intérêts économiques et financiers du Cambodge,Organismes représentatifs. — Listes électorales (du nord au sud),Indochine,Indochine,,,"Conseil des intérêts économiques et financiers du Cambodge : 736 électeurs avec nom, fonctions, domicile (1929), 787 (1931)"
inde-indochine-cief-cambodge-1939-4f4bab,https://entreprises-coloniales.fr/inde-indochine/CIEF-Cambodge-1939.pdf,source_document,Conseil des intérêts économiques et financiers du Cambodge,Organismes représentatifs. — Listes électorales (du nord au sud),Indochine,Indochine,,,"Conseil des intérêts économiques et financiers du Cambodge : 758 électeurs avec nom, fonctions, domicile (1939)"
inde-indochine-cief-tonkin-1934-487af8,https://entreprises-coloniales.fr/inde-indochine/CIEF-Tonkin-1934.pdf,source_document,Conseil des intérêts économiques et financiers du Tonkin,Organismes représentatifs. — Listes électorales (du nord au sud),Indochine,Indochine,1934,,"Conseil des intérêts économiques et financiers du Tonkin (1934) : 2.904 électeurs avec nom, fonctions, âge, domicile"
inde-indochine-cief-tonkin-1939-270d34,https://entreprises-coloniales.fr/inde-indochine/CIEF-Tonkin-1939.pdf,source_document,Conseil des intérêts économiques et financiers du Tonkin,Organismes représentatifs. — Listes électorales (du nord au sud),Indochine,Indochine,1937,,"Conseil des intérêts économiques et financiers du Tonkin (1937) : extrait. Et liste 1939 au complet : 3.051 électeurs avec nom, fonctions, âge, domicile"
inde-indochine-cigale-haiphonnaise-1eadf4,https://entreprises-coloniales.fr/inde-indochine/Cigale_haiphonnaise.pdf,source_document,La Cigale haïphonnaise,Amicales régionales et professionnelles : les petites patries à l'ombre de la grande ; amitié et solidarité,Indochine,Indochine,,,"Cigale haïphonnaise (La), Haïphong : amicales des Provençaux"
inde-indochine-cimindo-7e45c4,https://entreprises-coloniales.fr/inde-indochine/Cimindo.pdf,company,Ciments Portland artificiels de l'Indochine,"Bâtiment-travaux publics, matériaux de construction, céramiques",Indochine,Indochine,1899,,"Ciments Portland artificiels de l'Indochine (1899), Haïphong (208 p.)"
inde-indochine-cine-club-hanoi-0bfca9,https://entreprises-coloniales.fr/inde-indochine/Cine-Club-Hanoi.pdf,company,Ciné-Club,Cinémas et théâtres de l'Indochine (du nord au sud),Indochine,Indochine,,,"Ciné-Club, Hanoï"
inde-indochine-cine-theatre-mytho-ee3c1e,https://entreprises-coloniales.fr/inde-indochine/Cine-Theatre-Mytho.pdf,company,Ciné-Théâtre Le Ngoc,Cinémas et théâtres de l'Indochine (du nord au sud),Indochine,Indochine,,,"Ciné-Théâtre Le Ngoc, Mytho"
inde-indochine-cine-theatres-indochine-7856a6,https://entreprises-coloniales.fr/inde-indochine/Cine-theatres_Indochine.pdf,company,Société des Ciné-théâtres d’Indochine,Cinémas et théâtres de l'Indochine (du nord au sud),Indochine,Indochine,,,"Ciné-théâtres d’Indochine (Société des) : Hanoï, Sontay, Saïgon, Cholon, Pnom-Penh…"
inde-indochine-cineac-thanh-hoa-9ab9e5,https://entreprises-coloniales.fr/inde-indochine/Cineac-Thanh-Hoa.pdf,company,Cinéac,Cinémas et théâtres de l'Indochine (du nord au sud),Indochine,Indochine,,,"Cinéac, Thanh-hoa"
inde-indochine-cinema-chantecler-langson-7a1afd,https://entreprises-coloniales.fr/inde-indochine/Cinema_Chantecler-Langson.pdf,company,Cinéma Chantecler,Cinémas et théâtres de l'Indochine (du nord au sud),Indochine,Indochine,,,"Cinéma Chantecler, Langson"
inde-indochine-cinema-colibri-haiphong-a4ca99,https://entreprises-coloniales.fr/inde-indochine/Cinema_Colibri-Haiphong.pdf,company,Le Colibri,Cinémas et théâtres de l'Indochine (du nord au sud),Indochine,Indochine,,,"Colibri (Le), Haïphong : cinéma"
inde-indochine-cinema-excelsior-pnompenh-f9040d,https://entreprises-coloniales.fr/inde-indochine/Cinema_Excelsior-Pnompenh.pdf,company,Cinéma Excelsior,Cinémas et théâtres de l'Indochine (du nord au sud),Indochine,Indochine,,,"Excelsior (Cinéma), Pnom-Penh : et autres cinémas"
inde-indochine-cinema-gaumont-haiphong-d3b3f7,https://entreprises-coloniales.fr/inde-indochine/Cinema_Gaumont-Haiphong.pdf,company,Gaumont,Cinémas et théâtres de l'Indochine (du nord au sud),Indochine,Indochine,,,"Gaumont, Haïphong : cinéma"
inde-indochine-cinema-kompong-cham-bea84f,https://entreprises-coloniales.fr/inde-indochine/Cinema-Kompong-Cham.pdf,company,"Cinéma, Kompong-Cham",Cinémas et théâtres de l'Indochine (du nord au sud),Indochine,Indochine,,,"Cinéma, Kompong-Cham"
inde-indochine-cinema-majestic-cantho-bb95ba,https://entreprises-coloniales.fr/inde-indochine/Cinema_Majestic-Cantho.pdf,company,Le Majestic,Cinémas et théâtres de l'Indochine (du nord au sud),Indochine,Indochine,,,"Majestic (Le), Cântho : cinéma"
inde-indochine-cinema-majestic-hanoi-e477c1,https://entreprises-coloniales.fr/inde-indochine/Cinema_Majestic-Hanoi.pdf,company,Majestic,Cinémas et théâtres de l'Indochine (du nord au sud),Indochine,Indochine,,,"Majestic, Hanoï : cinéma"
inde-indochine-cinema-majestic-pnompenh-ecd165,https://entreprises-coloniales.fr/inde-indochine/Cinema_Majestic-Pnompenh.pdf,company,Cinéma Majestic,Cinémas et théâtres de l'Indochine (du nord au sud),Indochine,Indochine,,,"Majestic (Cinéma), Pnom-Penh"
inde-indochine-cinema-majestic-saigon-8ae907,https://entreprises-coloniales.fr/inde-indochine/Cinema_Majestic-Saigon.pdf,company,Cinéma Majestic,Cinémas et théâtres de l'Indochine (du nord au sud),Indochine,Indochine,,,"Majestic (Cinéma), Saïgon"
inde-indochine-cinema-morin-hue-054640,https://entreprises-coloniales.fr/inde-indochine/Cinema_Morin-Hue.pdf,company,Cinéma Morin,Cinémas et théâtres de l'Indochine (du nord au sud),Indochine,Indochine,,,"Cinéma Morin, Huê"
inde-indochine-cinema-morin-tourane-622495,https://entreprises-coloniales.fr/inde-indochine/Cinema_Morin-Tourane.pdf,company,Cinéma Morin,Cinémas et théâtres de l'Indochine (du nord au sud),Indochine,Indochine,,,"Cinéma Morin, Tourane"
inde-indochine-cinema-nouveautes-pnompenh-80a071,https://entreprises-coloniales.fr/inde-indochine/Cinema_Nouveautes-Pnompenh.pdf,company,Cinéma Nouveautés,Cinémas et théâtres de l'Indochine (du nord au sud),Indochine,Indochine,,,"Nouveautés (Cinéma), Pnom-Penh"
inde-indochine-cinema-olympia-namdinh-2e74ce,https://entreprises-coloniales.fr/inde-indochine/Cinema_Olympia-Namdinh.pdf,company,Cinéma Olympia,Cinémas et théâtres de l'Indochine (du nord au sud),Indochine,Indochine,1933,,"Cinéma Olympia (IFEC)(1933), Nam-Dinh"
inde-indochine-cinema-omnia-haiphong-ea1626,https://entreprises-coloniales.fr/inde-indochine/Cinema_Omnia-Haiphong.pdf,company,Omnia,Cinémas et théâtres de l'Indochine (du nord au sud),Indochine,Indochine,,,"Omnia, Haïphong : cinéma"
inde-indochine-cinema-palace-hanoi-c81332,https://entreprises-coloniales.fr/inde-indochine/Cinema_Palace-Hanoi.pdf,company,Palace,Cinémas et théâtres de l'Indochine (du nord au sud),Indochine,Indochine,,,"Palace, Hanoï : cinéma"
inde-indochine-cinema-palace-mytho-f9d88b,https://entreprises-coloniales.fr/inde-indochine/Cinema-Palace-Mytho.pdf,company,Cinéma-Palace,Cinémas et théâtres de l'Indochine (du nord au sud),Indochine,Indochine,,,"Cinéma-Palace, Mytho"
inde-indochine-cinema-pathe-haiphong-b2c685,https://entreprises-coloniales.fr/inde-indochine/Cinema_Pathe-Haiphong.pdf,company,Cinéma Pathé,Cinémas et théâtres de l'Indochine (du nord au sud),Indochine,Indochine,,,"Pathé (Cinéma), Haïphong"
inde-indochine-cinema-pathe-hanoi-5d30c0,https://entreprises-coloniales.fr/inde-indochine/Cinema_Pathe-Hanoi.pdf,company,Pathé frères,Cinémas et théâtres de l'Indochine (du nord au sud),Indochine,Indochine,,,"Pathé frères, Hanoï : cinématographe"
inde-indochine-cinema-scolaire-cochinchine-51fbf4,https://entreprises-coloniales.fr/inde-indochine/Cinema_scolaire-Cochinchine.pdf,company,Le cinéma scolaire en Cochinchine,"Enseignement, recherche, sociétés savantes, musées…",Indochine,Indochine,,,Le cinéma scolaire en Cochinchine (Patronage laïque)
inde-indochine-cinema-tran-dat-nghia-2ee6e1,https://entreprises-coloniales.fr/inde-indochine/Cinema_Tran_Dat_Nghia.pdf,company,Trân Dât Nghia,Cinémas et théâtres de l'Indochine (du nord au sud),Indochine,Indochine,,,"Trân Dât Nghia, Cântho : cinéma, troupe de cai-luong"
inde-indochine-cinema-universel-namdinh-774ccf,https://entreprises-coloniales.fr/inde-indochine/Cinema_Universel-Namdinh.pdf,company,Cinéma Universel,Cinémas et théâtres de l'Indochine (du nord au sud),Indochine,Indochine,,,"Cinéma Universel (Justin Rigal), Nam-Dinh : et autres cinémas"
inde-indochine-cinemas-annam-laos-350b56,https://entreprises-coloniales.fr/inde-indochine/Cinemas_Annam-Laos.pdf,company,Cinémas Annam-Laos,Cinémas et théâtres de l'Indochine (du nord au sud),Indochine,Indochine,,,"Cinémas Annam-Laos (Société anonyme des)(SACAL), Vinh"
inde-indochine-cinemas-d-indochine-1936-24d68a,https://entreprises-coloniales.fr/inde-indochine/Cinemas_d’Indochine-1936.pdf,company,L'Indochine,Cinémas et théâtres de l'Indochine (du nord au sud),Indochine,Indochine,,,"L'Indochine : un marché qui s'ouvre, par Pierre Autré (La Cinématographie française, 26 septembre 1936)"
inde-indochine-cite-universitaire-hanoi-f3ab33,https://entreprises-coloniales.fr/inde-indochine/Cite_universitaire-Hanoi.pdf,company,Cité universitaire de Hanoï,"Enseignement, recherche, sociétés savantes, musées…",Indochine,Indochine,,,Cité universitaire de Hanoï
inde-indochine-citroen-saeo-saigon-8719fa,https://entreprises-coloniales.fr/inde-indochine/Citroen_SAEO-Saigon.pdf,company,Société automobile d'Extrême-Orient Citroën,Transports terrestres et garages,Indochine,Indochine,1936,,"Citroën (Société automobile d'Extrême-Orient)(Sarl, 1936), Saïgon"
inde-indochine-civile-plantations-du-kontum-8897e6,https://entreprises-coloniales.fr/inde-indochine/Civile_Plantations_du_Kontum.pdf,company,Kontum,"Café, thé, épices, coco, quinquina, vanille",Indochine,Indochine,,,Kontum (Société civile des plantations du) : café
inde-indochine-claude-impr-libr-saigon-8ac713,https://entreprises-coloniales.fr/inde-indochine/Claude-impr.-libr.-Saigon.pdf,company,"Claude, Imprimerie-librairie nouvelles","Imprimerie, presse, édition",Indochine,Indochine,,,"Claude (L.-J.), Imprimerie-librairie nouvelles, Saïgon, Phnom-penh"
inde-indochine-clement-huet-hanoi-8a54f5,https://entreprises-coloniales.fr/inde-indochine/Clement_Huet-Hanoi.pdf,company,Huet,Commerce,Indochine,Indochine,,,"Huet (Clément)(Bruxelles, 1874-1951), Hanoï : importateur de couleurs pour papier, exportateur d'antiquités"
inde-indochine-clementi-destinees-indochine-a37a39,https://entreprises-coloniales.fr/inde-indochine/Clementi_Destinees_Indochine.pdf,source_document,Clémenti,Documents généraux (par ordre chronologique),Indochine,Indochine,,,"Clémenti (Amédée): les Destinées de l'Indochine et son lamentable état actuel. Indépendance, autonomie ou intégration ? (1937)(79 p.)"
inde-indochine-clinchant-c-cotonniere-fe6287,https://entreprises-coloniales.fr/inde-indochine/Clinchant_c_Cotonniere.pdf,company,Consorts Clinchant contre Cotonnière du Tonkin,Cuirs et textiles,Indochine,Indochine,1920,1921,Consorts Clinchant contre Cotonnière du Tonkin (1920-1921)
inde-indochine-clinique-angier-17-ph-6d99b7,https://entreprises-coloniales.fr/inde-indochine/Clinique_Angier-17_ph.pdf,company,Clinique Angier,Santé,Indochine,Indochine,1931,,"Clinique Angier, Saïgon (1931) : 17 photos inédites (coll. Marie-George Vielle)"
inde-indochine-clinique-angier-4-ph-3a28ce,https://entreprises-coloniales.fr/inde-indochine/Clinique_Angier-4_ph.pdf,company,Clinique Angier,Santé,Indochine,Indochine,1931,,"Clinique Angier, Saïgon (1931) : 4 photos inédites (coll. Marie-George Vielle)"
inde-indochine-clinique-angier-saigon-6242c0,https://entreprises-coloniales.fr/inde-indochine/Clinique_Angier-Saigon.pdf,company,Clinique Angier,Santé,Indochine,Indochine,1908,1938,"Clinique Angier, Saïgon (1908-1938) : les sœurs de Saint-Paul-de-Chartres, les Dr Angier, Couput, Roton et Albert Vielle, Jacques Maire, François Motais, Emmanuel Laimé"
inde-indochine-clinique-blot-hanoi-436df2,https://entreprises-coloniales.fr/inde-indochine/Clinique_Blot-Hanoi.pdf,company,Clinique Blot,Santé,Indochine,Indochine,,,"Clinique Blot, Hanoï"
inde-indochine-clinique-loubet-hanoi-940571,https://entreprises-coloniales.fr/inde-indochine/Clinique_Loubet-Hanoi.pdf,company,Clinique du docteur Loubet,Santé,Indochine,Indochine,1922,1933,"Clinique du docteur Loubet, Hanoï (1922-1933)"
inde-indochine-clinique-ophtalmologique-cholon-94be7b,https://entreprises-coloniales.fr/inde-indochine/Clinique_ophtalmologique-Cholon.pdf,company,Clinique ophtalmologique,Santé,Indochine,Indochine,1920,,"Clinique ophtalmologique (1920), Cholon"
inde-indochine-clinique-patterson-hanoi-df1c6b,https://entreprises-coloniales.fr/inde-indochine/Clinique_Patterson-Hanoi.pdf,company,Clinique Patterson,Santé,Indochine,Indochine,,,"Clinique Patterson, Hanoï"
inde-indochine-clinique-st-paul-hanoi-c53348,https://entreprises-coloniales.fr/inde-indochine/Clinique_St-Paul-Hanoi.pdf,company,Clinique Saint-Paul,Santé,Indochine,Indochine,1920,1954,"Clinique Saint-Paul (1920-1954), Hanoï : création des Dames de Saint-Paul de Chartres"
inde-indochine-clinique-st-paul-saigon-94f221,https://entreprises-coloniales.fr/inde-indochine/Clinique_St-Paul-Saigon.pdf,company,Clinique Saint-Paul,Santé,Indochine,Indochine,1938,1975,"Clinique Saint-Paul, Saïgon (1938-1975) : les sœurs de Saint-Paul-de-Chartres, les Dr Couput, Massari, Roton, Albert Vielle…"
inde-indochine-club-nautique-de-saigon-253324,https://entreprises-coloniales.fr/inde-indochine/Club_nautique_de_Saigon.pdf,company,Club nautique de Saïgon,Sports,Indochine,Indochine,1929,,"Club nautique de Saïgon (1929) : aviron, voile, natation…"
inde-indochine-cochinchine-immobiliere-cb1446,https://entreprises-coloniales.fr/inde-indochine/Cochinchine_immobiliere.pdf,company,La Cochinchine immobilière,Sociétés foncières et immobilières,Indochine,Indochine,,,Cochinchine immobilière (La)
inde-indochine-cochinchine-riz-1868-1920-e1a7e1,https://entreprises-coloniales.fr/inde-indochine/Cochinchine-riz_1868-1920.pdf,company,Commerce et industrie du riz en Cochinchine par Vàn-Thé-Hô,"Rizières, rizeries, négoce de riz et autres céréales",Indochine,Indochine,1868,1920,Commerce et industrie du riz en Cochinchine (1868-1920) par Vàn-Thé-Hô : l'emprise chinoise (1920). Les rizeries de Cholon en 1906 et 1923.
inde-indochine-cochinchine-sanitaire-1929-27095f,https://entreprises-coloniales.fr/inde-indochine/Cochinchine_sanitaire-1929.pdf,company,L'organisation sanitaire de la Cochinchine,Santé,Indochine,Indochine,1929,,L'organisation sanitaire de la Cochinchine (1929) : interview du docteur Coulogner
inde-indochine-cochinchinoise-immobiliere-60aabc,https://entreprises-coloniales.fr/inde-indochine/Cochinchinoise_immobiliere.pdf,person,Cochinchinoise immobilière,Sociétés foncières et immobilières,Indochine,Indochine,,,Cochinchinoise immobilière (Société anonyme)(SACI)(1928-1934)
inde-indochine-cochinchinoise-tabacs-sumatra-e59932,https://entreprises-coloniales.fr/inde-indochine/Cochinchinoise_Tabacs_Sumatra.pdf,company,Société Cochinchinoise de tabacs de Sumatra,Autres industries alimentaires,Indochine,Indochine,1897,,Cochinchinoise de tabacs de Sumatra (Société)(1897)
inde-indochine-cocotiers-en-cochinchine-acc250,https://entreprises-coloniales.fr/inde-indochine/Cocotiers_en_Cochinchine.pdf,company,Cocotiers en Cochinchine,"Café, thé, épices, coco, quinquina, vanille",Indochine,Indochine,,,Cocotiers en Cochinchine
inde-indochine-cofat-saigon-9f24e6,https://entreprises-coloniales.fr/inde-indochine/COFAT-Saigon.pdf,company,Compagnie Franco-annamite des tabacs,Autres industries alimentaires,Indochine,Indochine,,,"Franco-annamite des tabacs (Compagnie)(COFAT)(Boy Landry et Job), Saïgon"
inde-indochine-cogenex-saigon-1e41ed,https://entreprises-coloniales.fr/inde-indochine/Cogenex-Saigon.pdf,person,"Duchateau & Cie, puis Compagnie générale d'exportation",Commerce,Indochine,Indochine,,,"Duchateau & Cie (R.L.)(1937), puis (1942) Compagnie générale d'exportation (COGENEX), Saïgon, Pnom-Penh"
inde-indochine-cogisa-100d6d,https://entreprises-coloniales.fr/inde-indochine/Cogisa.pdf,company,"Compagnie Générale immobilière de Saïgon, puis du Sud-Asie",Sociétés foncières et immobilières,Indochine,Indochine,,,"Générale immobilière de Saïgon, puis du Sud-Asie (Compagnie)(COGISA)"
inde-indochine-cogit-tourane-e8a48b,https://entreprises-coloniales.fr/inde-indochine/COGIT-Tourane.pdf,company,Compagnie Générale Indochinoise des Thés,"Café, thé, épices, coco, quinquina, vanille",Indochine,Indochine,,,"Générale Indochinoise des Thés (Compagnie)(COGIT), Tourane"
inde-indochine-cognac-indochine-036357,https://entreprises-coloniales.fr/inde-indochine/Cognac-Indochine.pdf,company,le Cognac en Indochine,Commerce,Indochine,Indochine,,,"Cognac en Indochine (le) : publicités, consommateurs, vols, contrefaçons"
inde-indochine-col-d-ecl-energie-acb50b,https://entreprises-coloniales.fr/inde-indochine/Col._d_ecl._&_energie.pdf,company,Société Coloniale d'éclairage et d'énergie,"Eau et assainissement, électricité (Utilities)",Indochine,Indochine,,,"Coloniale d'éclairage et d'énergie (Société): Cantho, Soctrang et Bacliêu (Sud Cochinchine)"
inde-indochine-colin-georges-d0259f,https://entreprises-coloniales.fr/inde-indochine/Colin_Georges.pdf,company,"Colin, Christianville",Héveas et caoutchouc,Indochine,Indochine,,,"Colin (Georges)(et non « Georges Collin »), Christianville (Kompong-Thom) : scierie, hévéas"
inde-indochine-collection-cauvin-9dc2ca,https://entreprises-coloniales.fr/inde-indochine/Collection_Cauvin.pdf,company,"Collection Cauvin, Le Cap Saint-Jacques","Imprimerie, presse, édition",Indochine,Indochine,,,"Collection Cauvin (Hippolyte César Cauvin), Le Cap Saint-Jacques : cartes postales (1910)"
inde-indochine-college-sisowath-pnom-penh-904630,https://entreprises-coloniales.fr/inde-indochine/College_Sisowath_Pnom-Penh.pdf,company,"Collège du Protectorat, École primaire supérieure, Collège Sisowath","Enseignement, recherche, sociétés savantes, musées…",Indochine,Indochine,1893,,"Collège du Protectorat (1893), École primaire supérieure (1905), Collège Sisowath (1911), Pnom-Penh"
inde-indochine-colliard-riziere-sadec-77be2d,https://entreprises-coloniales.fr/inde-indochine/Colliard-Riziere-Sadec.pdf,company,"Colliard, lieutenant de vaisseau, riziculteur à Cantho","Rizières, rizeries, négoce de riz et autres céréales",Indochine,Indochine,,,"Colliard (Paul), lieutenant de vaisseau, riziculteur à Cantho (2.715 ha.)"
inde-indochine-coloniale-d-entreprises-fbb315,https://entreprises-coloniales.fr/inde-indochine/Coloniale_d_Entreprises.pdf,company,Société Coloniale d'Entreprises,"Bâtiment-travaux publics, matériaux de construction, céramiques",Indochine,Indochine,,,"Coloniale d'Entreprises (Société), Tourane, Nhatrang"
inde-indochine-coloniale-d-indochine-19487c,https://entreprises-coloniales.fr/inde-indochine/Coloniale_d_Indochine.pdf,company,Compagnie Coloniale d'Indochine,Héveas et caoutchouc,Indochine,Indochine,1925,1934,Coloniale d'Indochine (Compagnie)(1925-1934)
inde-indochine-coloniale-de-kampot-ee4c26,https://entreprises-coloniales.fr/inde-indochine/Coloniale_de_Kampot.pdf,company,Coloniale de Kampot,Autres industries alimentaires,Indochine,Indochine,1900,1902,Coloniale de Kampot (Société anonyme)(1900-1902)
inde-indochine-coloniale-des-tabacs-b9f04c,https://entreprises-coloniales.fr/inde-indochine/Coloniale_des_Tabacs.pdf,company,Cie Coloniale des Tabacs,Autres industries alimentaires,Indochine,Indochine,,,"Coloniale des Tabacs (Cie)(Cotab)(British-American Tobacco), Saïgon"
inde-indochine-coloniale-grds-magasins-53f9e9,https://entreprises-coloniales.fr/inde-indochine/Coloniale_Grds_Magasins.pdf,company,Société Coloniale des Grands Magasins,Commerce,Indochine,Indochine,1921,1933,Coloniale des Grands Magasins (Société)(SCGM)(1921-1933) : Grands Magasins réunis à Hanoï et Grands Magasins Charner à Saïgon
inde-indochine-coloniale-immobiliere-financiere-8f921c,https://entreprises-coloniales.fr/inde-indochine/Coloniale_Immobiliere&Financiere.pdf,company,Coloniale Immobilière et financière,Sociétés foncières et immobilières,Indochine,Indochine,1930,,"Coloniale Immobilière et financière (S.A., 1930-1931), Saïgon : une création de Maximilien Worms (« Max Worms » alias Pierre Nollet en journalisme)"
inde-indochine-colonisation-agricole-indo-chine-1900-795834,https://entreprises-coloniales.fr/inde-indochine/Colonisation_agricole_Indo-Chine_1900.pdf,source_document,État de la colonisation en Indo-Chine,Documents généraux (par ordre chronologique),Indochine,Indochine,1900,,État de la colonisation en Indo-Chine (1900) : heurts et malheurs de la colonisation agricole
inde-indochine-colonisation-annam-tonkin-5afba0,https://entreprises-coloniales.fr/inde-indochine/Colonisation_Annam-Tonkin.pdf,company,"S.A., 1913 Colonisation en Annam-Tonkin",Mines,Indochine,Indochine,,,"Colonisation en Annam-Tonkin (Société anonyme française de)(SFCAT)(S.A., 1913)"
inde-indochine-colons-du-tonkin-f08114,https://entreprises-coloniales.fr/inde-indochine/Colons_du_Tonkin.pdf,source_document,Syndicat des planteurs du Tonkin,Organismes représentatifs. — Listes électorales (du nord au sud),Indochine,Indochine,,,"Syndicat des planteurs du Tonkin : liste des membres (1900), Chambre d'agriculture de Hanoï : électeurs (1897-1932). Concours agricoles de Hanoï (1895, 1898, 1905, 1924). Généralités sur les colons du Tonkin. Paul Munier : À travers les plantations (La Volonté indochinoise, 26 juin-13 juillet 1939)"
inde-indochine-combot-bac-lieu-e8d318,https://entreprises-coloniales.fr/inde-indochine/Combot_Bac-lieu.pdf,company,"Combot, riziculteur breton","Rizières, rizeries, négoce de riz et autres céréales",Indochine,Indochine,,,"Combot (Jean-Marie), riziculteur breton : 1.600 hectares à Bac-lieû, conseiller colonial, membre du Grand Conseil"
inde-indochine-comite-asie-francaise-30ab0a,https://entreprises-coloniales.fr/inde-indochine/Comite_Asie_francaise.pdf,source_document,"le Comité de l'Asie française, lobby précoce et mondain",Documents généraux (par ordre chronologique),Indochine,Indochine,1901,,"le Comité de l'Asie française, lobby précoce et mondain (1901)"
inde-indochine-comite-comm-indus-i-c-c512ae,https://entreprises-coloniales.fr/inde-indochine/Comite_comm.+indus._I.C.pdf,source_document,"le Comité du commerce, de l'industrie et de l'agriculture de l'Indochine, syndicat patronal",Documents généraux (par ordre chronologique),Indochine,Indochine,1903,,"le Comité du commerce, de l'industrie et de l'agriculture de l'Indochine (CCIA)(1903), syndicat patronal"
inde-indochine-comite-etudes-annam-tonkin-1886-d0c636,https://entreprises-coloniales.fr/inde-indochine/Comite_etudes_Annam-Tonkin_1886.pdf,source_document,"Comité d'études agricoles, industrielles et commerciales de l’Annam et du Tonkin",Documents généraux (par ordre chronologique),Indochine,Indochine,,,"Comité d'études agricoles, industrielles et commerciales de l’Annam et du Tonkin (juin 1896)"
inde-indochine-comm-ind-tonkin-1891-1896-5366d8,https://entreprises-coloniales.fr/inde-indochine/Comm.+ind._Tonkin_1891-1896.pdf,company,Compagnie commerciale et industrielle du Tonkin,Mines,Indochine,Indochine,1891,1896,Compagnie commerciale et industrielle du Tonkin (1891-1896)
inde-indochine-comm-indus-fr-annamite-a243f3,https://entreprises-coloniales.fr/inde-indochine/Comm.+indus._fr.-annamite.pdf,company,Société Commerciale et Industrielle Franco-Annamite,"Café, thé, épices, coco, quinquina, vanille",Indochine,Indochine,,,Commerciale et Industrielle Franco-Annamite (Société)
inde-indochine-commaille-hurolt-dc5026,https://entreprises-coloniales.fr/inde-indochine/Commaille_&_Hurolt.pdf,company,"Commaille, puis Hurolt, Dông-Bam","Café, thé, épices, coco, quinquina, vanille",Indochine,Indochine,,,"Commaille (Élie de), puis Hurolt (Régis-Louis), Dông-Bam (Thaï-Nguyen)"
inde-indochine-commerciale-asiatique-nam-dinh-c95fab,https://entreprises-coloniales.fr/inde-indochine/Commerciale_asiatique-Nam-Dinh.pdf,company,Société Commerciale asiatique,Cuirs et textiles,Indochine,Indochine,,,"Commerciale asiatique (Société), Nam-Dinh : vannerie, sparterie, tapis, sacs"
inde-indochine-commerciale-du-laos-03e51c,https://entreprises-coloniales.fr/inde-indochine/Commerciale_du_Laos.pdf,company,Société Commerciale du Laos,Commerce,Indochine,Indochine,1922,1933,Commerciale du Laos (Société)(1922-1933)
inde-indochine-commerciale-frse-ic-78aec2,https://entreprises-coloniales.fr/inde-indochine/Commerciale_frse_IC.pdf,company,Société Commerciale française de l'Indochine,"Rizières, rizeries, négoce de riz et autres céréales",Indochine,Indochine,1908,,Commerciale française de l'Indochine (Société)(1908)
inde-indochine-commerciale-impex-tonkin-61af32,https://entreprises-coloniales.fr/inde-indochine/Commerciale_Impex_Tonkin.pdf,company,Société Commerciale d'importation et d'exportation du Tonkin,Transports terrestres et garages,Indochine,Indochine,1925,1928,"Commerciale d'importation et d'exportation du Tonkin (Société)(SCIET)(1925-1928), Hanoï : Rochet-Schneider, Delage, Citroën"
inde-indochine-commerciale-thes-ic-b1e3fb,https://entreprises-coloniales.fr/inde-indochine/Commerciale_Thes_IC.pdf,company,"Société Commerciale des Thés indochinois, puis Commerciale des Produits d'outre-mer",Commerce,Indochine,Indochine,1933,,"Commerciale des Thés indochinois (Société)(1933), puis Commerciale des Produits d'outre-mer (Société)"
inde-indochine-compagnie-de-la-lagna-b2b290,https://entreprises-coloniales.fr/inde-indochine/Compagnie_de_la_Lagna.pdf,company,Compagnie de La Lagna,Autres industries alimentaires,Indochine,Indochine,1919,,"La Lagna (Compagnie de)(S.A., 1919), Saïgon : suite de la Société civile d’études des Sucreries et Raffineries de l’Indochine"
inde-indochine-compagnie-du-bassac-7ca4b5,https://entreprises-coloniales.fr/inde-indochine/Compagnie_du_Bassac.pdf,company,Compagnie du Bassac ou Compagnie du Bassac,"Rizières, rizeries, négoce de riz et autres céréales",Indochine,Indochine,1929,,Bassac (Compagnie du) ou Compagnie du Bassac (1929)
inde-indochine-compagnie-fonciere-coloniale-5ca052,https://entreprises-coloniales.fr/inde-indochine/Compagnie_fonciere_coloniale.pdf,company,Compagnie Foncière Coloniale,Héveas et caoutchouc,Indochine,Indochine,1923,1924,Foncière Coloniale (Compagnie)(1923-1924) : concession au Cambodge
inde-indochine-comptoir-charbonnages-ic-fc411f,https://entreprises-coloniales.fr/inde-indochine/Comptoir_charbonnages_IC.pdf,company,Comptoir des charbonnages indochinois,Mines,Indochine,Indochine,,,"Comptoir des charbonnages indochinois, Haïphong"
inde-indochine-comptoir-franco-laotien-553a0f,https://entreprises-coloniales.fr/inde-indochine/Comptoir_franco-laotien.pdf,company,Comptoir franco-laotien,Commerce,Indochine,Indochine,,,"Comptoir franco-laotien (Numa Allard), Vientiane"
inde-indochine-comptoir-frs-tonkin-18d5b0,https://entreprises-coloniales.fr/inde-indochine/Comptoir_frs_Tonkin.pdf,company,Comptoir français du Tonkin,Commerce,Indochine,Indochine,,,"Comptoir français du Tonkin (Fontaine et Cie), Hanoï"
inde-indochine-comptoir-industriel-saigon-a1a3d3,https://entreprises-coloniales.fr/inde-indochine/Comptoir_industriel-Saigon.pdf,company,Comptoir industriel - Tout pour l'auto,Transports terrestres et garages,Indochine,Indochine,,,"Comptoir industriel - Tout pour l'auto (« Comiel »), Saïgon"
inde-indochine-comptoir-pharmaceutique-eo-00cd5c,https://entreprises-coloniales.fr/inde-indochine/Comptoir_pharmaceutique_EO.pdf,company,Comptoir pharmaceutique d'Extrême-Orient,Santé,Indochine,Indochine,,,"Comptoir pharmaceutique d'Extrême-Orient, Saïgon"
inde-indochine-comptoir-special-electricite-1d286a,https://entreprises-coloniales.fr/inde-indochine/Comptoir_special_electricite.pdf,company,Comptoir spécial d'électricité,Commerce,Indochine,Indochine,,,"Comptoir spécial d'électricité (Anc. maison Joseph Labbé. Joseph Paumier, successeur), Saïgon"
inde-indochine-comptoir-vente-caoutchouc-5a142c,https://entreprises-coloniales.fr/inde-indochine/Comptoir_vente_caoutchouc.pdf,company,Comptoir de vente du caoutchouc,Héveas et caoutchouc,Indochine,Indochine,1942,1945,Comptoir de vente du caoutchouc (1942-1945)
inde-indochine-comptoir-vente-est-asiatique-97e6a4,https://entreprises-coloniales.fr/inde-indochine/Comptoir_vente_Est-Asiatique.pdf,company,Comptoir de vente de l'Est-Asiatique français,"Bois, meubles, papier, allumettes",Indochine,Indochine,,,Comptoir de vente de l'Est-Asiatique français
inde-indochine-comptoirs-francais-annam-c1eda8,https://entreprises-coloniales.fr/inde-indochine/Comptoirs_francais_Annam.pdf,company,Comptoirs français de l'Annam,Commerce,Indochine,Indochine,1938,,Comptoirs français de l'Annam (1938) : au Khanh-Hoa
inde-indochine-comptoirs-frs-sud-annam-643ae5,https://entreprises-coloniales.fr/inde-indochine/Comptoirs_frs_Sud-Annam.pdf,company,Comptoirs français du Sud-Annam,Commerce,Indochine,Indochine,,,"Comptoirs français du Sud-Annam, Marseille"
inde-indochine-comptoirs-gnx-ic-d98d68,https://entreprises-coloniales.fr/inde-indochine/Comptoirs_gnx_IC.pdf,company,Comptoirs généraux de l’Indochine,Commerce,Indochine,Indochine,,,Comptoirs généraux de l’Indochine
inde-indochine-comptoirs-indochinois-615982,https://entreprises-coloniales.fr/inde-indochine/Comptoirs_indochinois.pdf,company,Comptoirs indochinois,Commerce,Indochine,Indochine,1924,1928,"Comptoirs indochinois (1924-1928), Saïgon"
inde-indochine-comptoirs-laotiens-963237,https://entreprises-coloniales.fr/inde-indochine/Comptoirs_laotiens.pdf,company,Comptoirs laotiens,Commerce,Indochine,Indochine,,,Comptoirs laotiens (Alfred Raquez)
inde-indochine-comptoirs-sino-indochinois-04d25b,https://entreprises-coloniales.fr/inde-indochine/Comptoirs_sino-indochinois.pdf,company,Comptoirs sino-indochinois,Commerce,Indochine,Indochine,,,"Comptoirs sino-indochinois, Hanoï"
inde-indochine-comptoirs-suisses-ic-5243fc,https://entreprises-coloniales.fr/inde-indochine/Comptoirs_suisses_IC.pdf,company,Comptoirs suisses de l'Indo-Chine,Commerce,Indochine,Indochine,,,"Comptoirs suisses de l'Indo-Chine, Saïgon"
inde-indochine-comte-saigon-pnom-penh-bfd08b,https://entreprises-coloniales.fr/inde-indochine/Comte-Saigon-Pnom-Penh.pdf,company,Éts Jean Comte,Transports terrestres et garages,Indochine,Indochine,,,"Comte (Éts Jean), Saïgon, Pnom-Penh : Peugeot, Hotchkiss, Dodge…"
inde-indochine-concession-electrique-laokay-82b051,https://entreprises-coloniales.fr/inde-indochine/Concession_electrique-Laokay.pdf,company,Concession électrique de Lao-kay,"Eau et assainissement, électricité (Utilities)",Indochine,Indochine,,,"Concession électrique de Lao-kay : Gabriel Viaud et fils, Société industrielle, commerciale et agricole de Laokay"
inde-indochine-conducteur-electrique-blinde-4222f7,https://entreprises-coloniales.fr/inde-indochine/Conducteur_electrique_blinde.pdf,company,Le Conducteur électrique blindé incombustible,Groupes indochinois et dirigeants d'affaires diverses,Indochine,Indochine,,,Conducteur électrique blindé incombustible (Le)(CEBI) : participation des MFC
inde-indochine-conferences-internationales-opium-e7e5d6,https://entreprises-coloniales.fr/inde-indochine/Conferences_internationales_opium.pdf,company,Conférences internationales de l'opium,Autres industries alimentaires,Indochine,Indochine,,,"Conférences internationales de l'opium : Shanghaï 1909, La Haye 1911-1912 et 1914, Genève 1924, Bangkok 1931"
inde-indochine-conseil-de-cochinchine-1946-1949-a3c3ab,https://entreprises-coloniales.fr/inde-indochine/Conseil_de_Cochinchine_1946-1949.pdf,source_document,"Conseil consultatif de Cochinchine, puis Conseil de Cochinchine",Documents généraux (par ordre chronologique),Indochine,Indochine,1946,1949,"Conseil consultatif de Cochinchine, puis Conseil de Cochinchine (1946-1949)"
inde-indochine-conseil-federal-indochine-a24340,https://entreprises-coloniales.fr/inde-indochine/Conseil_federal_Indochine.pdf,source_document,"Conseil fédéral, puis Grand Conseil fédéral de l'Indochine",Documents généraux (par ordre chronologique),Indochine,Indochine,1941,1945,"Conseil fédéral, puis Grand Conseil fédéral de l'Indochine (1941-1945)"
inde-indochine-conseil-superieur-colonisation-d05802,https://entreprises-coloniales.fr/inde-indochine/Conseil_superieur_colonisation.pdf,source_document,Conseil supérieur de la colonisation,Documents généraux (par ordre chronologique),Indochine,Indochine,1938,1940,Conseil supérieur de la colonisation (1938-1940)
inde-indochine-conseillers-provinciaux-cochinchine-af9a59,https://entreprises-coloniales.fr/inde-indochine/Conseillers_provinciaux_Cochinchine.pdf,source_document,Conseillers provinciaux de Cochinchine,Organismes représentatifs. — Listes électorales (du nord au sud),Indochine,Indochine,,,Conseillers provinciaux de Cochinchine
inde-indochine-conseillers-provinciaux-tonkin-a3f5cd,https://entreprises-coloniales.fr/inde-indochine/Conseillers_provinciaux_Tonkin.pdf,source_document,Conseillers provinciaux du Tonkin,Organismes représentatifs. — Listes électorales (du nord au sud),Indochine,Indochine,,,Conseillers provinciaux du Tonkin
inde-indochine-construc-chfer-indo-chinois-106e5d,https://entreprises-coloniales.fr/inde-indochine/Construc._chfer_indo-chinois.pdf,company,Société de Construction de chemins de fer indo-chinois,"Bâtiment-travaux publics, matériaux de construction, céramiques",Indochine,Indochine,1901,1908,Construction de chemins de fer indo-chinois (Société de)(1901-1908) : filiale des Batignolles et de la Régie Vitali
inde-indochine-coolies-heveas-1925-f71efd,https://entreprises-coloniales.fr/inde-indochine/Coolies_heveas-1925.pdf,company,Recrutement des coolies pour les plantations d'hévéas de Cochinchine,Héveas et caoutchouc,Indochine,Indochine,1925,,Recrutement des coolies pour les plantations d'hévéas de Cochinchine (1925)
inde-indochine-cooperation-pharmaceutique-ic-77494c,https://entreprises-coloniales.fr/inde-indochine/Cooperation_pharmaceutique_IC.pdf,company,Coopération pharmaceutique indochinoise,Santé,Indochine,Indochine,,,"Coopération pharmaceutique indochinoise, Saïgon"
inde-indochine-cooperative-agricole-bolovens-129c5d,https://entreprises-coloniales.fr/inde-indochine/Cooperative_agricole_Bolovens.pdf,company,Société Coopérative agricole des Bolovens,"Café, thé, épices, coco, quinquina, vanille",Indochine,Indochine,,,"Coopérative agricole des Bolovens (Société), Laos : café"
inde-indochine-coppin-et-tran-hoa-3d9930,https://entreprises-coloniales.fr/inde-indochine/Coppin_et_Tran-Hoa.pdf,company,"Coppin et Trân-Hoa, tissage de soie",Cuirs et textiles,Indochine,Indochine,,,"Coppin et Trân-Hoa, tissage de soie, Saïgon"
inde-indochine-corps-electoral-cochinchine-33c1f2,https://entreprises-coloniales.fr/inde-indochine/Corps_electoral_Cochinchine.pdf,source_document,Corps électoral de la Cochinchine,Organismes représentatifs. — Listes électorales (du nord au sud),Indochine,Indochine,,,Corps électoral de la Cochinchine
inde-indochine-corps-gras-extr-orient-3bbada,https://entreprises-coloniales.fr/inde-indochine/Corps_gras_Extr.-Orient.pdf,company,Société des Corps gras d'Extrême-Orient,Autres industries alimentaires,Indochine,Indochine,1920,1927,"Corps gras d'Extrême-Orient (Société des)(SCGEO)(1920-1927), Saïgon"
inde-indochine-cosara-c97ade,https://entreprises-coloniales.fr/inde-indochine/COSARA.pdf,company,Comptoir saïgonnais de ravitaillement,"Transports fluviaux, maritimes et aériens. Ports, phares",Indochine,Indochine,,,"Comptoir saïgonnais de ravitaillement (COSARA) : grossiste en alimentation, transporteur aérien"
inde-indochine-cotiere-de-l-annam-2be866,https://entreprises-coloniales.fr/inde-indochine/Cotiere_de_l'Annam.pdf,company,Compagnie Côtière de l'Annam,"Transports fluviaux, maritimes et aériens. Ports, phares",Indochine,Indochine,,,Côtière de l'Annam (Compagnie)
inde-indochine-cotonniere-de-l-indochine-d98586,https://entreprises-coloniales.fr/inde-indochine/Cotonniere_de_l_Indochine.pdf,company,Cotonnière de l'Indo-Chine,Cuirs et textiles,Indochine,Indochine,1898,1911,"Cotonnière de l'Indo-Chine (1898-1911), Haïphong"
inde-indochine-cotonniere-de-saigon-de8887,https://entreprises-coloniales.fr/inde-indochine/Cotonniere_de_Saigon.pdf,company,Société Cotonnière de Saïgon,Cuirs et textiles,Indochine,Indochine,1924,1931,Cotonnière de Saïgon (Société)(1924-1931)
inde-indochine-cotonniere-du-tonkin-fd4391,https://entreprises-coloniales.fr/inde-indochine/Cotonniere_du_Tonkin.pdf,company,"Cotonnière du Tonkin, Nam-Dinh, puis Cotonnière transocéanique",Cuirs et textiles,Indochine,Indochine,,,"Cotonnière du Tonkin, Nam-Dinh, puis Cotonnière transocéanique"
inde-indochine-cotonniere-greve-de-1926-1235b6,https://entreprises-coloniales.fr/inde-indochine/Cotonniere-greve_de_1926.pdf,company,La grève de 1926,Cuirs et textiles,Indochine,Indochine,,,La grève de 1926 : brutalités et impunité d'un contremaître
inde-indochine-cotonniere-haiphong-282291,https://entreprises-coloniales.fr/inde-indochine/Cotonniere-Haiphong.pdf,company,Cotonnière du Tonkin,Cuirs et textiles,Indochine,Indochine,,,Cotonnière du Tonkin : établissement secondaire d'Haïphong
inde-indochine-cotonnniere-malam-a33726,https://entreprises-coloniales.fr/inde-indochine/Cotonnniere-Malam.pdf,company,Société Cotonnière et Industrielle de Malam,"Bâtiment-travaux publics, matériaux de construction, céramiques",Indochine,Indochine,,,Cotonnière et Industrielle de Malam (Société)(CIM) : briqueteries de Malam (Sud-Annam)
inde-indochine-couleurs-peintures-hanoi-f464ba,https://entreprises-coloniales.fr/inde-indochine/Couleurs_peintures-Hanoi.pdf,company,Société française de Couleurs et peintures métalliques,Industries diverses,Indochine,Indochine,,,"Couleurs et peintures métalliques (Société française de)(Julien & Fortin), Hanoï"
inde-indochine-coupeaud-pnom-penh-7c2f2d,https://entreprises-coloniales.fr/inde-indochine/Coupeaud-Pnom-Penh.pdf,person,Coupeaud & C°,"Métallurgie, constructions mécaniques, électriques, navales",Indochine,Indochine,,,"Coupeaud & C° (Pierre), Pnom-Penh, Saïgon : exploitant et fabricant de pousse-pousse et cyclo-pousse"
inde-indochine-courret-cie-3898f1,https://entreprises-coloniales.fr/inde-indochine/Courret_&_Cie.pdf,company,Courret & Cie à Vinh-yên,Autres industries alimentaires,Indochine,Indochine,1900,1903,Courret & Cie (1900-1903) à Vinh-yên (Tonkin) : ricin
inde-indochine-courrier-d-haiphong-3df3b8,https://entreprises-coloniales.fr/inde-indochine/Courrier_d'Haiphong.pdf,company,Le Courrier d'Haïphong,"Imprimerie, presse, édition",Indochine,Indochine,1886,1945,Courrier d'Haïphong (Le)(1886-1945)
inde-indochine-courrier-de-saigon-1931-1933-37f7aa,https://entreprises-coloniales.fr/inde-indochine/Courrier_de_Saigon-1931-1933.pdf,company,Le Courrier de Saïgon,"Imprimerie, presse, édition",Indochine,Indochine,1931,1933,Courrier de Saïgon (Le)(1931-1933)
inde-indochine-courrier-saigonnais-61b116,https://entreprises-coloniales.fr/inde-indochine/Courrier_saigonnais.pdf,company,Le Courrier saïgonnais,"Imprimerie, presse, édition",Indochine,Indochine,1895,1931,Courrier saïgonnais (Le)(1895-1931)
inde-indochine-courtinat-saigon-914888,https://entreprises-coloniales.fr/inde-indochine/Courtinat-Saigon.pdf,company,Courtinat et Cie,Commerce,Indochine,Indochine,,,"Courtinat et Cie (Auguste), Saïgon"
inde-indochine-cpt-ic-elecmeca-4e486d,https://entreprises-coloniales.fr/inde-indochine/Cpt_IC_elecmeca.pdf,company,Comptoir indochinois d'électricité et de mécanique,Commerce,Indochine,Indochine,1950,,"Comptoir indochinois d'électricité et de mécanique (S.A., 1950), Saïgon"
inde-indochine-cptr-indus-coton-cambodge-721de8,https://entreprises-coloniales.fr/inde-indochine/Cptr-indus-coton-Cambodge.pdf,company,Comptoir de l'industrie cotonnière,Cuirs et textiles,Indochine,Indochine,,,Comptoir de l'industrie cotonnière (Boussac-Læderich-Léderlin) : culture de coton à Kompong-Cham (1919-1921)
inde-indochine-credit-agricole-cochinchine-2e2aa4,https://entreprises-coloniales.fr/inde-indochine/Credit_agricole_Cochinchine.pdf,company,"Auguste Loye, magistrat annamitophile, pionnier du crédit agricole en Cochinchine","Banque, gérance, assurances…",Indochine,Indochine,,,"Auguste Loye, magistrat annamitophile, pionnier du crédit agricole en Cochinchine"
inde-indochine-credit-d-extreme-orient-03ecc2,https://entreprises-coloniales.fr/inde-indochine/Credit_d_Extreme-Orient.pdf,company,Société de Crédit d'Extrême-Orient — Banque du Sud-Annam,"Banque, gérance, assurances…",Indochine,Indochine,1928,,"Crédit d'Extrême-Orient (Société de) — Banque du Sud-Annam (S.A., oct. 1928), Phanthiêt"
inde-indochine-credit-foncier-agricole-ic-56dc54,https://entreprises-coloniales.fr/inde-indochine/Credit_foncier_agricole_IC.pdf,company,Crédit foncier agricole de l’Indochine,"Banque, gérance, assurances…",Indochine,Indochine,1928,1933,Crédit foncier agricole de l’Indochine (1928-1933)
inde-indochine-credit-foncier-ic-97e123,https://entreprises-coloniales.fr/inde-indochine/Credit_foncier_IC.pdf,company,Crédit foncier de l’Indochine,"Banque, gérance, assurances…",Indochine,Indochine,1923,1957,Crédit foncier de l’Indochine (1923-1957)
inde-indochine-credit-foncier-immob-e233ff,https://entreprises-coloniales.fr/inde-indochine/Credit_foncier_immob.pdf,company,Crédit foncier et immobilier,"Banque, gérance, assurances…",Indochine,Indochine,1957,1988,Crédit foncier et immobilier (1957-1988)
inde-indochine-credit-hypothecaire-ic-a07d9f,https://entreprises-coloniales.fr/inde-indochine/Credit_hypothecaire_IC.pdf,company,Crédit hypothécaire de l’Indochine,"Banque, gérance, assurances…",Indochine,Indochine,,,Crédit hypothécaire de l’Indochine (ex-Crédit foncier agricole de l'Indochine)
inde-indochine-credit-mobilier-ic-8ba255,https://entreprises-coloniales.fr/inde-indochine/Credit_mobilier_IC.pdf,company,Crédit mobilier indochinois,"Banque, gérance, assurances…",Indochine,Indochine,1930,1950,Crédit mobilier indochinois (monts-de-piété)(1930-1950)
inde-indochine-credit-mobilier-ic-haiduong-383138,https://entreprises-coloniales.fr/inde-indochine/Credit_mobilier_IC-Haiduong.pdf,company,"Crédit mobilier indochinois, Haï-Duong","Banque, gérance, assurances…",Indochine,Indochine,,,"Crédit mobilier indochinois (monts-de-piété), Haï-Duong (Tonkin)"
inde-indochine-credit-sud-indochinois-45248b,https://entreprises-coloniales.fr/inde-indochine/Credit_Sud-Indochinois.pdf,company,Crédit Sud-Indochinois,"Banque, gérance, assurances…",Indochine,Indochine,1932,,"Crédit Sud-Indochinois (1932), Phanthiêt"
inde-indochine-crem-fd6854,https://entreprises-coloniales.fr/inde-indochine/CREM.pdf,company,Cie de Recherches et d'exploitations minières,Mines,Indochine,Indochine,1925,1931,Recherches et d'exploitations minières (Cie de)(CREM)(filiale de la Cie du Platine)(1925-1931) : de l'Oural à l'Indochine
inde-indochine-csf-saigon-46ad4a,https://entreprises-coloniales.fr/inde-indochine/CSF-Saigon.pdf,company,Le Centre radioélectrique de Saïgon aux mains de la Compagnie générale de télégraphie sans fil,"Télégraphe, téléphone, radio",Indochine,Indochine,,,Le Centre radioélectrique de Saïgon aux mains de la Compagnie générale de télégraphie sans fil (CSF) : radiotélégraphie et radiotéléphonie
inde-indochine-cualo-plage-hotel-844b43,https://entreprises-coloniales.fr/inde-indochine/Cualo_Plage-Hotel.pdf,company,Hôtel de Cualo-Plage,"Hôtellerie, tourisme",Indochine,Indochine,,,Hôtel de Cualo-Plage
inde-indochine-cuatung-hotel-plage-929a5f,https://entreprises-coloniales.fr/inde-indochine/Cuatung-Hotel_Plage.pdf,company,"Hôtel des Caps et Hôtel de la Plage, Cua-Tung","Hôtellerie, tourisme",Indochine,Indochine,,,"Hôtel des Caps (Fajolle frères, Valette, Fauret, Blanc) et Hôtel de la Plage (C. Alfred), Cua-Tung"
inde-indochine-cucherousset-cac2-b33e18,https://entreprises-coloniales.fr/inde-indochine/Cucherousset-CaC2.pdf,company,Cucherousset,"Métallurgie, constructions mécaniques, électriques, navales",Indochine,Indochine,,,Cucherousset (Henri) : projet d'usine de carbure de calcium (1934)
inde-indochine-cucherousset-nhommarat-19ec6d,https://entreprises-coloniales.fr/inde-indochine/Cucherousset-Nhommarat.pdf,company,Cucherousset,"Eau et assainissement, électricité (Utilities)",Indochine,Indochine,,,Cucherousset (Henri) : projet de centrale hydroélectrique et d'usine de cyanamide à Nhommarath (Laos)
inde-indochine-culture-coton-ic-042c27,https://entreprises-coloniales.fr/inde-indochine/Culture_Coton_IC.pdf,company,Société d'études pour la Culture du coton en Indochine .,Cuirs et textiles,Indochine,Indochine,1923,1929,Culture du coton en Indochine (Société d'études pour la)(1923-1929).
inde-indochine-culture-quinquina-indochine-39e748,https://entreprises-coloniales.fr/inde-indochine/Culture_quinquina_Indochine.pdf,company,Culture du quinquina en Indochine,"Café, thé, épices, coco, quinquina, vanille",Indochine,Indochine,,,Culture du quinquina en Indochine
inde-indochine-cultures-du-danhim-7de635,https://entreprises-coloniales.fr/inde-indochine/Cultures_du_Danhim.pdf,company,Cultures du Danhim,"Café, thé, épices, coco, quinquina, vanille",Indochine,Indochine,,,Cultures du Danhim
inde-indochine-cultures-du-haut-danhim-564881,https://entreprises-coloniales.fr/inde-indochine/Cultures_du_Haut-Danhim.pdf,company,Haut-Danhim,"Café, thé, épices, coco, quinquina, vanille",Indochine,Indochine,,,Haut-Danhim (Cultures du)
inde-indochine-cultures-indochinoises-844522,https://entreprises-coloniales.fr/inde-indochine/Cultures_indochinoises.pdf,company,Société de Cultures indochinoises,"Café, thé, épices, coco, quinquina, vanille",Indochine,Indochine,1928,,"Cultures indochinoises (Société de)(S.A., 1928) : suite du Syndicat d'études du Kontum"
inde-indochine-cycles-bece-sport-b54caf,https://entreprises-coloniales.fr/inde-indochine/Cycles_Bece-Sport.pdf,company,Cycles Bécé-Sport,"Métallurgie, constructions mécaniques, électriques, navales",Indochine,Indochine,,,"Cycles Bécé-Sport (Barthélémy Cancellieri), Cholon"
inde-indochine-cyclindo-15afb8,https://entreprises-coloniales.fr/inde-indochine/Cyclindo.pdf,company,Établissements Berset Cycles de l'Indochine,"Métallurgie, constructions mécaniques, électriques, navales",Indochine,Indochine,,,"Cycles de l'Indochine (Établissements Berset), Hanoï"
inde-indochine-dabremont-ingenieur-colon-4855f6,https://entreprises-coloniales.fr/inde-indochine/Dabremont_ingénieur_colon.pdf,person,Dabremont,"Rizières, rizeries, négoce de riz et autres céréales",Indochine,Indochine,,,"Dabremont (Alfred-Joseph)(1873-1937) : ingénieur, colon à Phu-nho-quan (Tonkin)"
inde-indochine-dalat-couvent-des-oiseaux-5f4e7a,https://entreprises-coloniales.fr/inde-indochine/Dalat-Couvent_des_Oiseaux.pdf,company,Couvent des oiseaux,Entreprises religieuses,Indochine,Indochine,1935,,"Couvent des oiseaux (pensionnat Notre-Dame du Langbian)(chanoinesses de Saint-Augustin)(1935), Dalat"
inde-indochine-dalat-ferme-savoisienne-9b9b63,https://entreprises-coloniales.fr/inde-indochine/Dalat-Ferme_savoisienne.pdf,company,Ferme savoisienne,"Hôtellerie, tourisme",Indochine,Indochine,,,"Ferme savoisienne (« Auberge savoisienne »)(famille Grillet), Dalat : élevage, vente de produits fermiers, restaurant gastronomique"
inde-indochine-dalat-grd-hotel-desanti-6d30bc,https://entreprises-coloniales.fr/inde-indochine/Dalat-Grd_Hotel_Desanti.pdf,company,Grand Hôtel,"Hôtellerie, tourisme",Indochine,Indochine,,,"Grand Hôtel (Desanti), Dalat"
inde-indochine-dalat-hotel-annam-chuc-dfd6d3,https://entreprises-coloniales.fr/inde-indochine/Dalat-Hotel_Annam_Chuc.pdf,company,Hôtel d'Annam,"Hôtellerie, tourisme",Indochine,Indochine,,,"Hôtel d'Annam (Chuc), Dalat"
inde-indochine-dalat-hotel-du-parc-27460b,https://entreprises-coloniales.fr/inde-indochine/Dalat-Hotel_du_Parc.pdf,company,Hôtel du Parc,"Hôtellerie, tourisme",Indochine,Indochine,,,"Hôtel du Parc, Dalat"
inde-indochine-dalat-langbiang-palace-066918,https://entreprises-coloniales.fr/inde-indochine/Dalat-Langbiang_Palace.pdf,company,Langbiang Palace ou Langbian Palace et sa Potinière,"Hôtellerie, tourisme",Indochine,Indochine,,,"Langbiang Palace ou Langbian Palace et sa Potinière, Dalat"
inde-indochine-dalat-pension-mostini-367b01,https://entreprises-coloniales.fr/inde-indochine/Dalat-Pension_Mostini.pdf,company,Pension Mostini,"Hôtellerie, tourisme",Indochine,Indochine,,,"Pension Mostini, Dalat"
inde-indochine-dalat-sepultures-europeennes-7f2044,https://entreprises-coloniales.fr/inde-indochine/Dalat-Sepultures_europeennes.pdf,company,Dalat,"Hôtellerie, tourisme",Indochine,Indochine,,,Dalat : liste des sépultures du cimetière européen transférées dans la crypte de l'église Saint-Nicolas
inde-indochine-dalat-station-d-altitude-f2cb73,https://entreprises-coloniales.fr/inde-indochine/Dalat_Station_d_altitude.pdf,company,"Dalat, station d'altitude . Photos de villas","Hôtellerie, tourisme",Indochine,Indochine,1898,1954,"Dalat, station d'altitude (1898-1954)(174 p.). Photos de villas : hier, aujourd'hui"
inde-indochine-dammann-indochine-c93a9b,https://entreprises-coloniales.fr/inde-indochine/Dammann_Indochine.pdf,company,Dammann,"Café, thé, épices, coco, quinquina, vanille",Indochine,Indochine,,,"Dammann, Hanoï, Tourane : négoce de thé et café"
inde-indochine-dancette-haiphong-b99238,https://entreprises-coloniales.fr/inde-indochine/Dancette-Haiphong.pdf,company,"Dancette -Atelier général de constructions mécaniques, Haïphong. Bassin de radoub","Métallurgie, constructions mécaniques, électriques, navales",Indochine,Indochine,1938,,"Dancette (Jean)-Atelier général de constructions mécaniques (1938), Haïphong. Bassin de radoub (1951)"
inde-indochine-dandolo-laos-1899-c22a1d,https://entreprises-coloniales.fr/inde-indochine/Dandolo_Laos_1899.pdf,source_document,Dandolo,Documents généraux (par ordre chronologique),Indochine,Indochine,,,"Dandolo (Marc) : Voyage au Laos en 1899 (L'Avenir du Tonkin, 28 septembre-2 octobre 1937)"
inde-indochine-daniel-haiphong-9fc132,https://entreprises-coloniales.fr/inde-indochine/Daniel-Haiphong.pdf,company,"Chaumont et Daniel, puis Daniel & Cie","Bâtiment-travaux publics, matériaux de construction, céramiques",Indochine,Indochine,,,"Chaumont et Daniel, puis Daniel & Cie, Haïphong : métallurgie, travaux publics"
inde-indochine-dap-cau-hotel-des-nations-1f0577,https://entreprises-coloniales.fr/inde-indochine/Dap-cau_Hotel_des_Nations.pdf,company,Hôtel des Nations,"Hôtellerie, tourisme",Indochine,Indochine,,,"Hôtel des Nations, Dap-cau"
inde-indochine-dapcau-novelty-cinema-fcbdce,https://entreprises-coloniales.fr/inde-indochine/Dapcau-Novelty_Cinema.pdf,company,Novelty Cinéma,Cinémas et théâtres de l'Indochine (du nord au sud),Indochine,Indochine,,,"Novelty Cinéma, Dapcau"
inde-indochine-darlac-oriental-be9379,https://entreprises-coloniales.fr/inde-indochine/Darlac-Oriental.pdf,company,Société commerciale et agricole du Darlac-Oriental,"Café, thé, épices, coco, quinquina, vanille",Indochine,Indochine,1927,,Darlac-Oriental (Société commerciale et agricole du)(1927)
inde-indochine-daurelle-cho-ganh-8e937d,https://entreprises-coloniales.fr/inde-indochine/Daurelle-Cho-ganh.pdf,company,"Daurelle, café et thé, Cho-ganh","Café, thé, épices, coco, quinquina, vanille",Indochine,Indochine,,,"Daurelle (Ferdinand), café et thé, Cho-ganh (Ninh-binh)"
inde-indochine-daurelle-confectionneur-ec9284,https://entreprises-coloniales.fr/inde-indochine/Daurelle-confectionneur.pdf,company,Daurelle,Cuirs et textiles,Indochine,Indochine,,,"Daurelle (Ferdinand), Hanoï : confectionneur"
inde-indochine-daurelle-nam-dinh-6a399c,https://entreprises-coloniales.fr/inde-indochine/Daurelle-Nam-dinh.pdf,company,"Daurelle, riz et légumes à Nam-dinh","Rizières, rizeries, négoce de riz et autres céréales",Indochine,Indochine,,,"Daurelle (Ferdinand), riz et légumes à Nam-dinh"
inde-indochine-daurelle-travaux-publics-184570,https://entreprises-coloniales.fr/inde-indochine/Daurelle-travaux_publics.pdf,company,"Daurelle, entrepreneur de travaux publics","Bâtiment-travaux publics, matériaux de construction, céramiques",Indochine,Indochine,,,"Daurelle (Ferdinand), entrepreneur de travaux publics, Hanoï"
inde-indochine-dayde-indo-chine-39cf8b,https://entreprises-coloniales.fr/inde-indochine/Dayde-Indo-Chine.pdf,company,"Daydé et Pillé, Creil","Bâtiment-travaux publics, matériaux de construction, céramiques",Indochine,Indochine,,,"Daydé et Pillé, Creil : construction (1898-1902) et élargissement (1922-1923) du pont Doumer à Hanoï ; autres ouvrages"
inde-indochine-debat-ic-chambre-1927-0a6f6b,https://entreprises-coloniales.fr/inde-indochine/Debat_IC_Chambre_1927.pdf,source_document,Débat sur l'Indochine à la Chambre des députés,Documents généraux (par ordre chronologique),Indochine,Indochine,,,"Débat sur l'Indochine à la Chambre des députés (JORF, 18 mars 1927)(80 p.) : l'affaire Sabatier, résident au Darlac ; l'affaire Maillot/Compagnie agricole d'Annam"
inde-indochine-debats-ic-chambre-1930-20132b,https://entreprises-coloniales.fr/inde-indochine/Debats_IC_Chambre_1930.pdf,source_document,Débats sur l'Indochine à la Chambre des députés,Documents généraux (par ordre chronologique),Indochine,Indochine,,,"Débats sur l'Indochine à la Chambre des députés (6, 13, 20 et 27 juin 1930) : la révolte de Yên-Bay (extraits du JORF, résumés et commentaires de presse)(67 p.)"
inde-indochine-debats-ic-chambre-1930-janvier-d12ce0,https://entreprises-coloniales.fr/inde-indochine/Débats_IC_Chambre_1930_Janvier.pdf,source_document,Débats sur l'Indochine à la Chambre des députés à l'occasion du vote du budget des colonies,Documents généraux (par ordre chronologique),Indochine,Indochine,,,Débats sur l'Indochine à la Chambre des députés à l'occasion du vote du budget des colonies (janvier 1930) : Marius Moutet dénonce la politique de répression consécutive à l'assassinat de Bazin
inde-indochine-debeaux-freres-hanoi-65e053,https://entreprises-coloniales.fr/inde-indochine/Debeaux_freres-Hanoi.pdf,company,Debeaux frères,Commerce,Indochine,Indochine,1885,1910,"Debeaux frères (Magasins généraux)(1885-1910), Hanoï, Haïphong"
inde-indochine-decortiquerie-an-hoa-mytho-68b7e1,https://entreprises-coloniales.fr/inde-indochine/Decortiquerie_An-Hoa-Mytho.pdf,company,Décortiquerie An-Hoà,"Rizières, rizeries, négoce de riz et autres céréales",Indochine,Indochine,,,"Décortiquerie An-Hoà, Mytho"
inde-indochine-decortiquerie-quang-minh-65f5aa,https://entreprises-coloniales.fr/inde-indochine/Decortiquerie_Quang_Minh.pdf,company,Décortiquerie Quang Minh,"Rizières, rizeries, négoce de riz et autres céréales",Indochine,Indochine,,,"Décortiquerie Quang Minh, Camau"
inde-indochine-decoux-agenda-1940-1945-6383dc,https://entreprises-coloniales.fr/inde-indochine/Decoux-agenda_1940-1945.pdf,source_document,"Decoux, gouverneur général de l'Indochine",Documents généraux (par ordre chronologique),Indochine,Indochine,,,"Decoux (Amiral Jean), gouverneur général de l'Indochine (août 1940-mars 1945) : agenda officiel (audiences, visites…)(342 p.)"
inde-indochine-dejean-de-la-batie-1865-1912-1c99d7,https://entreprises-coloniales.fr/inde-indochine/Dejean_de_la_Batie-1865-1912.pdf,company,Dejean de la Bâtie et la clinique de la rue d'Adran à Saïgon,Santé,Indochine,Indochine,1865,1912,Dejean de la Bâtie (Dr Théodose)(1865-1912) et la clinique de la rue d'Adran à Saïgon
inde-indochine-delignon-artisanat-ic-10e110,https://entreprises-coloniales.fr/inde-indochine/Delignon-Artisanat_IC.pdf,company,"Delignon, L'artisanat indochinois",Cuirs et textiles,Indochine,Indochine,,,"Delignon (Lucien), L'artisanat indochinois (nov. 1936)"
inde-indochine-delignon-baumlin-saigon-29d07a,https://entreprises-coloniales.fr/inde-indochine/Delignon-Baumlin-Saigon.pdf,company,Delignon-Baumlin,"Métallurgie, constructions mécaniques, électriques, navales",Indochine,Indochine,,,"Delignon-Baumlin, Saïgon"
inde-indochine-delimitation-frontiere-sino-annamite-a1a173,https://entreprises-coloniales.fr/inde-indochine/Delimitation_frontiere_sino-annamite.pdf,source_document,"Délimitation de la frontière sino-annamite . Commission de délimitation et commission d'abornement. Docteur Paul Neis, « Sur les frontières du Tonkin »",Documents généraux (par ordre chronologique),Indochine,Indochine,1885,1896,"Délimitation de la frontière sino-annamite (1885-1896). Commission de délimitation et commission d'abornement. Docteur Paul Neis, « Sur les frontières du Tonkin » (Le Tour du monde, 26 mai-30 juin 1888)"
inde-indochine-denis-filiales-particip-ic-c38f41,https://entreprises-coloniales.fr/inde-indochine/Denis-filiales-particip._IC.pdf,company,Denis frères,Groupes indochinois et dirigeants d'affaires diverses,Indochine,Indochine,,,Denis frères : filiales et participations en Indochine
inde-indochine-denis-fr-reconversion-69acb0,https://entreprises-coloniales.fr/inde-indochine/Denis_fr.-reconversion.pdf,company,Denis frères,Groupes indochinois et dirigeants d'affaires diverses,Indochine,Indochine,,,Denis frères : reconversion hors d'Indochine
inde-indochine-denis-fr-scierie-saigon-bd6acc,https://entreprises-coloniales.fr/inde-indochine/Denis_fr.-scierie-Saigon.pdf,company,"Denis frères, scierie","Bois, meubles, papier, allumettes",Indochine,Indochine,,,"Denis frères, scierie, Saïgon"
inde-indochine-denis-freres-d-ic-f7e48c,https://entreprises-coloniales.fr/inde-indochine/Denis_freres_d'IC.pdf,company,Denis frères d'Indochine,Commerce,Indochine,Indochine,,,"Denis frères d'Indochine (avec, en prime, un tableau ravageur brossé par Lucien Bodard !)"
inde-indochine-denis-freres-haiphong-8de7d8,https://entreprises-coloniales.fr/inde-indochine/Denis_freres-Haiphong.pdf,company,Denis frères,Commerce,Indochine,Indochine,,,Denis frères : agence de Haïphong
inde-indochine-denis-freres-hanoi-1c6f1a,https://entreprises-coloniales.fr/inde-indochine/Denis_freres-Hanoi.pdf,company,Denis frères,Commerce,Indochine,Indochine,,,Denis frères : agence de Hanoï
inde-indochine-denis-freres-tourane-9a8df3,https://entreprises-coloniales.fr/inde-indochine/Denis_freres-Tourane.pdf,company,Denis frères,Commerce,Indochine,Indochine,,,Denis frères : agence de Tourane
inde-indochine-denkwitz-foinet-4f59e5,https://entreprises-coloniales.fr/inde-indochine/Denkwitz_&_Foinet.pdf,company,"Foinet, ameublement, décoration","Bois, meubles, papier, allumettes",Indochine,Indochine,,,"Foinet (ex-Denkwitz & Foinet), ameublement, décoration, Saïgon"
inde-indochine-dentellerie-tonkinoise-hanoi-5d6665,https://entreprises-coloniales.fr/inde-indochine/Dentellerie_tonkinoise-Hanoi.pdf,company,Dentellerie tonkinoise,Cuirs et textiles,Indochine,Indochine,,,"Dentellerie tonkinoise, Vietri, puis Hanoi : Eugène Butreau et Nguyên-thi-Lê"
inde-indochine-depeche-d-indochine-245bd3,https://entreprises-coloniales.fr/inde-indochine/Depeche_d'Indochine.pdf,company,La Dépêche d'Indochine,"Imprimerie, presse, édition",Indochine,Indochine,,,"Dépêche d'Indochine (La)(1928-1943 ?), Saïgon : le retour de Lachevrotière"
inde-indochine-derobert-fiard-5b470d,https://entreprises-coloniales.fr/inde-indochine/Derobert_&_Fiard.pdf,company,"Dérobert et Fiard, puis Joseph Fiard & Cie, Société franco-annamite de commerce à Tourane et succursales",Commerce,Indochine,Indochine,1933,,"Dérobert et Fiard, puis Joseph Fiard & Cie, Société franco-annamite de commerce (SAFAC)(1933) à Tourane et succursales"
inde-indochine-descours-cabaud-ic-d87e90,https://entreprises-coloniales.fr/inde-indochine/Descours-Cabaud-IC.pdf,company,Descours et Cabaud,Commerce,Indochine,Indochine,,,"Descours et Cabaud, Haïphong, Saïgon, Hanoï, Phnom-penh… : produits métallurgiques, fournitures pour le bâtiment…"
inde-indochine-deshors-parasol-96c46c,https://entreprises-coloniales.fr/inde-indochine/Deshors-parasol.pdf,company,"Brevet de l'Ordre des millions d'éléphants et du parasol blanc, 65 x 50 cm, au nom d'Henri Deshors, receveur de l'Enregistrement, administrateur des Hévéas de Xuan-lôc",Héveas et caoutchouc,Indochine,Indochine,1923,,"Brevet de l'Ordre des millions d'éléphants et du parasol blanc (1923), 65 x 50 cm, au nom d'Henri Deshors, receveur de l'Enregistrement, administrateur des Hévéas de Xuan-lôc (Coll. Corinne Krouck)"
inde-indochine-desrues-georges-citroen-3f71a5,https://entreprises-coloniales.fr/inde-indochine/Desrues_Georges-Citroen.pdf,company,Desrues,Transports terrestres et garages,Indochine,Indochine,,,"Desrues (Georges) : garage Citroën, Pnom-Penh, et SKMA, Sihanoukville"
inde-indochine-develey-et-jasmin-0304a8,https://entreprises-coloniales.fr/inde-indochine/Develey_et_Jasmin.pdf,company,Develey et Jasmin,Transports terrestres et garages,Indochine,Indochine,,,"Develey et Jasmin, Haïphong : transitaires"
inde-indochine-didier-defosse-chasse-f06686,https://entreprises-coloniales.fr/inde-indochine/Didier_&_Defosse-chasse.pdf,company,"Didier & Défosse, organisateurs de chasse",Sports,Indochine,Indochine,,,"Didier & Défosse, organisateurs de chasse"
inde-indochine-diederichsen-hambourg-e5c834,https://entreprises-coloniales.fr/inde-indochine/Diederichsen-Hambourg.pdf,person,Diederichsen,"Transports fluviaux, maritimes et aériens. Ports, phares",Indochine,Indochine,,,"Diederichsen (H.), Hambourg : armateur. Une affaire de traite d'êtres humains entre Haïphong et Hong-kong (1912)"
inde-indochine-diethelm-et-cie-45ad8e,https://entreprises-coloniales.fr/inde-indochine/Diethelm_et_Cie.pdf,company,Diethelm et Cie,Commerce,Indochine,Indochine,,,"Diethelm et Cie, Saïgon : les seuls Bataves de l'Indochine"
inde-indochine-difficultes-planteurs-cafe-da34f0,https://entreprises-coloniales.fr/inde-indochine/Difficultes_planteurs_cafe.pdf,company,Difficultés des planteurs de café d'Indochine,"Café, thé, épices, coco, quinquina, vanille",Indochine,Indochine,,,Difficultés des planteurs de café d'Indochine
inde-indochine-dinh-tran-cb01b3,https://entreprises-coloniales.fr/inde-indochine/Dinh-Tran.pdf,company,Dinh-Tran,"Bâtiment-travaux publics, matériaux de construction, céramiques",Indochine,Indochine,,,Dinh-Tran
inde-indochine-direction-sante-annam-a7191c,https://entreprises-coloniales.fr/inde-indochine/Direction_Sante_Annam.pdf,company,Direction de la Santé de l'Annam,Santé,Indochine,Indochine,,,Direction de la Santé de l'Annam : l'infrastructure médicale publique
inde-indochine-direction-sante-cambodge-1925-318d2f,https://entreprises-coloniales.fr/inde-indochine/Direction_Sante_Cambodge-1925.pdf,company,Direction de la Santé du Cambodge,Santé,Indochine,Indochine,,,Direction de la Santé du Cambodge : l'infrastructure médicale publique
inde-indochine-direction-sante-cochinchine-1925-a6e5b6,https://entreprises-coloniales.fr/inde-indochine/Direction_Sante_Cochinchine-1925.pdf,company,Direction de la Santé de la Cochinchine,Santé,Indochine,Indochine,,,Direction de la Santé de la Cochinchine : l'infrastructure médicale publique
inde-indochine-direction-sante-laos-1925-a6d9a9,https://entreprises-coloniales.fr/inde-indochine/Direction_Sante_Laos-1925.pdf,company,Direction de la Santé du Laos,Santé,Indochine,Indochine,1925,,Direction de la Santé du Laos (1925) : l'infrastructure médicale publique
inde-indochine-direction-sante-tonkin-abbe85,https://entreprises-coloniales.fr/inde-indochine/Direction_Sante_Tonkin.pdf,company,Direction de la Santé du Tonkin,Santé,Indochine,Indochine,,,Direction de la Santé du Tonkin : l'infrastructure médicale publique
inde-indochine-dispensaire-banc-de-sable-dfd81d,https://entreprises-coloniales.fr/inde-indochine/Dispensaire_Banc-de-Sable.pdf,company,Dispensaire du Banc-de-Sable,Santé,Indochine,Indochine,,,"Dispensaire du Banc-de-Sable (Croix-Rouge), Hanoï"
inde-indochine-dispensaire-prostituees-hanoi-83e606,https://entreprises-coloniales.fr/inde-indochine/Dispensaire_prostituees-Hanoi.pdf,company,Dispensaire des filles soumises,Santé,Indochine,Indochine,,,"Dispensaire des filles soumises (ou filles de joie, prostituées), Hanoï"
inde-indochine-distillerie-cai-nhun-1beaf2,https://entreprises-coloniales.fr/inde-indochine/Distillerie_Cai-Nhun.pdf,company,Distillerie de Cai-Nhun,Autres industries alimentaires,Indochine,Indochine,,,Distillerie de Cai-Nhun : une fraude chinoise classique
inde-indochine-distilleries-battambang-ccb354,https://entreprises-coloniales.fr/inde-indochine/Distilleries_Battambang.pdf,company,"Société française des Distilleries de Battambang, Mongkolborey",Autres industries alimentaires,Indochine,Indochine,,,"Distilleries de Battambang (Société française des), Mongkolborey"
inde-indochine-distilleries-centre-annam-4efa67,https://entreprises-coloniales.fr/inde-indochine/Distilleries_Centre-Annam.pdf,company,"Distilleries du Centre-Annam, Qui-Nhon",Autres industries alimentaires,Indochine,Indochine,,,"Distilleries du Centre-Annam (S.A. des)(août 1912)(suite de la S.N.C. Monpezat-Daurelle), Qui-Nhon"
inde-indochine-distilleries-du-tonkin-4ec971,https://entreprises-coloniales.fr/inde-indochine/Distilleries_du_Tonkin.pdf,company,"Société des Distilleries du Tonkin, Haiduong",Autres industries alimentaires,Indochine,Indochine,1903,1912,"Distilleries du Tonkin (Société des)(1903-1912)(Anciens établissements Bernhard), Haiduong"
inde-indochine-distilleries-mazet-426b24,https://entreprises-coloniales.fr/inde-indochine/Distilleries_Mazet.pdf,company,Société des Distilleries Mazet,Autres industries alimentaires,Indochine,Indochine,,,"Distilleries Mazet (Société des), Choquan, Cholon"
inde-indochine-distilleries-tonkinoises-bc7ae3,https://entreprises-coloniales.fr/inde-indochine/Distilleries_tonkinoises.pdf,company,"Distilleries tonkinoises, Van-Dien, près Hanoï",Autres industries alimentaires,Indochine,Indochine,,,"Distilleries tonkinoises, Van-Dien, près Hanoï : liqueur Ruou Cam"
inde-indochine-distilleries-van-van-358c14,https://entreprises-coloniales.fr/inde-indochine/Distilleries_Van-Van.pdf,company,"Distilleries Van-Van, Bac-Ninh",Autres industries alimentaires,Indochine,Indochine,,,"Distilleries Van-Van, Bac-Ninh"
inde-indochine-distinctions-honorifiques-indochinoises-6eee35,https://entreprises-coloniales.fr/inde-indochine/Distinctions_honorifiques_indochinoises.pdf,source_document,Titulaires des distinctions honorifiques indochinoises,Documents généraux (par ordre chronologique),Indochine,Indochine,,,"Titulaires des distinctions honorifiques indochinoises : dragon d'Annam, Ordre royal du Cambodge, Million d'éléphants et parasol blanc… 234 p."
inde-indochine-district-minier-phailin-1918-f13f33,https://entreprises-coloniales.fr/inde-indochine/District_minier_Phailin_1918.pdf,company,"le district minier de Phailin, par Gilbert Filleau de Saint-Hilaire, administrateur des services civils",Mines,Indochine,Indochine,1915,1918,"le district minier de Phailin (Païlin)(Cambodge)(1915-1918), par Gilbert Filleau de Saint-Hilaire, administrateur des services civils"
inde-indochine-djiring-hotels-auberge-95f0d4,https://entreprises-coloniales.fr/inde-indochine/Djiring-Hotels+auberge.pdf,company,Hôtels et auberge,"Hôtellerie, tourisme",Indochine,Indochine,,,"Hôtels et auberge, Djiring"
inde-indochine-docks-haiphong-0e222b,https://entreprises-coloniales.fr/inde-indochine/Docks-Haiphong.pdf,company,Docks de Haïphong,"Transports fluviaux, maritimes et aériens. Ports, phares",Indochine,Indochine,1886,,Docks de Haïphong (1886)
inde-indochine-docks-houilleres-tourane-8f7876,https://entreprises-coloniales.fr/inde-indochine/Docks_houilleres-Tourane.pdf,company,Société des Docks et houillères de Tourane,"Transports fluviaux, maritimes et aériens. Ports, phares",Indochine,Indochine,1899,1907,Docks et houillères de Tourane (Société des)(1899-1907)
inde-indochine-doleances-chauffeurs-1928-c650a3,https://entreprises-coloniales.fr/inde-indochine/Doleances_chauffeurs-1928.pdf,company,Doléances des chauffeurs de voitures de maître . Société de secours mutuels des chauffeurs indigènes,Transports terrestres et garages,Indochine,Indochine,1928,,Doléances des chauffeurs de voitures de maître (1928). Société de secours mutuels des chauffeurs indigènes (1929)
inde-indochine-domaine-agricole-ouest-4fc1f5,https://entreprises-coloniales.fr/inde-indochine/Domaine_agricole_Ouest.pdf,company,Domaine agricole de l'Ouest,"Rizières, rizeries, négoce de riz et autres céréales",Indochine,Indochine,,,"Domaine agricole de l'Ouest (S.A.)(Mézin-Cuétant), Cantho : 15.500 hectares"
inde-indochine-domaine-bourgery-dalat-17a60c,https://entreprises-coloniales.fr/inde-indochine/Domaine_Bourgery_Dalat.pdf,company,Domaine Bourgery,"Élevage, abattage, boucherie",Indochine,Indochine,,,"Domaine Bourgery, Dalat : reportage photographique Sunny Le Galloudec (22 juin 2026)"
inde-indochine-domaine-central-e51d3b,https://entreprises-coloniales.fr/inde-indochine/Domaine_Central.pdf,company,Domaine Central,Héveas et caoutchouc,Indochine,Indochine,1919,1925,Domaine Central (1919-1925) : plantation de Mi-Hung
inde-indochine-domaine-d-ea-hneh-c796db,https://entreprises-coloniales.fr/inde-indochine/Domaine_d_Ea-Hneh.pdf,company,Domaine d'Ea-Hneh,"Café, thé, épices, coco, quinquina, vanille",Indochine,Indochine,,,"Domaine d'Ea-Hneh, Ban-mé-thuot"
inde-indochine-domaine-darnga-7991ff,https://entreprises-coloniales.fr/inde-indochine/Domaine_Darnga.pdf,company,Domaine de la Da'rnga,"Café, thé, épices, coco, quinquina, vanille",Indochine,Indochine,,,"Da'rnga (Domaine de la)(Maurice Mayle, fondateur)"
inde-indochine-domaine-de-tabelyul-e72398,https://entreprises-coloniales.fr/inde-indochine/Domaine_de_Tabelyul.pdf,company,Société du Domaine de Tabelyul,"Bois, meubles, papier, allumettes",Indochine,Indochine,,,Domaine de Tabelyul (ou Tabeluyl ???)(Société du)
inde-indochine-domaine-des-belles-vues-dalat-2cdf26,https://entreprises-coloniales.fr/inde-indochine/Domaine_des_Belles-Vues-Dalat.pdf,company,Belles-Vues,Sociétés foncières et immobilières,Indochine,Indochine,,,"Belles-Vues (Société civile, agricole et immobilière des)(vers 1937), Dalat : improprement domaine de Bellevue ou cité David"
inde-indochine-domaine-durban-db9d7c,https://entreprises-coloniales.fr/inde-indochine/Domaine_Durban.pdf,company,Durban,"Rizières, rizeries, négoce de riz et autres céréales",Indochine,Indochine,,,"Durban (Servais) : domaine à cheval sur les provinces de Tanan (Cochinchine) et Soairieng (Cambodge). Ancienne concession Jean-Baptiste-Armand Hartmann : riziculture, élevage"
inde-indochine-domaine-phuoc-binh-873ea2,https://entreprises-coloniales.fr/inde-indochine/Domaine_Phuoc-Binh.pdf,company,Domaine de Phuoc-Binh,Héveas et caoutchouc,Indochine,Indochine,,,"Phuoc-Binh (Domaine de)(René Héraud et François Giacomoni, puis Charles et André Rochelle)"
inde-indochine-dong-ha-bungalow-dec4f7,https://entreprises-coloniales.fr/inde-indochine/Dong-ha-Bungalow.pdf,company,"Bungalow, Dông-hà","Hôtellerie, tourisme",Indochine,Indochine,,,"Bungalow, Dông-hà"
inde-indochine-dong-hoi-bungalow-e3fa72,https://entreprises-coloniales.fr/inde-indochine/Dong-hoi-Bungalow.pdf,company,Bungalow,"Hôtellerie, tourisme",Indochine,Indochine,,,"Bungalow, Dông-hoi"
inde-indochine-dong-kinh-an-quan-49ccbe,https://entreprises-coloniales.fr/inde-indochine/Dong-kinh-an-Quan.pdf,company,"Dông-kinh-an-Quan, grande imprimerie tonkinoise","Imprimerie, presse, édition",Indochine,Indochine,,,"Dông-kinh-an-Quan (Lê-van-Phuc), grande imprimerie tonkinoise"
inde-indochine-dong-nai-heveas-901f21,https://entreprises-coloniales.fr/inde-indochine/Dong-Nai_Heveas.pdf,company,Société générale des hévéas de Dong-Naï,Héveas et caoutchouc,Indochine,Indochine,,,Dong-Naï (Société générale des hévéas de)
inde-indochine-dora-rosin-9d545f,https://entreprises-coloniales.fr/inde-indochine/Dora_Rosin.pdf,company,Dorin,"Artistes peintres, sculpteurs et galeries",Indochine,Indochine,,,"Dorin (Rosa), Saïgon : artiste peintre"
inde-indochine-doson-deauville-tonkinois-041458,https://entreprises-coloniales.fr/inde-indochine/Doson-Deauville_tonkinois.pdf,company,"Doson, le Deauville tonkinois","Hôtellerie, tourisme",Indochine,Indochine,,,"Doson (Dô-son), le Deauville tonkinois"
inde-indochine-doson-grand-hotel-e92d49,https://entreprises-coloniales.fr/inde-indochine/Doson-Grand_Hotel.pdf,company,Grand Hôtel,"Hôtellerie, tourisme",Indochine,Indochine,,,"Grand Hôtel (« Hôtel Gallay », « Crétin et Rousé », « Hôtel Leverdier », « Birot et Beysson »…), Doson"
inde-indochine-doson-hotel-de-la-pointe-7de9ed,https://entreprises-coloniales.fr/inde-indochine/Doson-Hotel_de_la_Pointe.pdf,company,Hôtel de la Pointe,"Hôtellerie, tourisme",Indochine,Indochine,,,"Hôtel de la Pointe, Doson"
inde-indochine-doson-hotel-leonardi-f028ce,https://entreprises-coloniales.fr/inde-indochine/Doson-Hotel_Leonardi.pdf,company,"Hôtel des Bains, Grand Hôtel des Bains ou Grand Hôtel de la Plage","Hôtellerie, tourisme",Indochine,Indochine,,,"Hôtel des Bains (Fournier), Grand Hôtel des Bains ou Grand Hôtel de la Plage (« Hôtel Léonardi », « Richard & Cie », « Hôtel Serre », « Doson-Hôtel »…), Doson"
inde-indochine-doson-le-pagodon-647099,https://entreprises-coloniales.fr/inde-indochine/Doson-Le_Pagodon.pdf,company,Le Pagodon,"Hôtellerie, tourisme",Indochine,Indochine,,,"Le Pagodon, Doson"
inde-indochine-doumer-tp-219-245-a54686,https://entreprises-coloniales.fr/inde-indochine/Doumer-TP_219-245.pdf,company,Doumer,"Bâtiment-travaux publics, matériaux de construction, céramiques",Indochine,Indochine,,,Doumer (Paul) : Situation de l'Indochine (1897-1901) : Travaux publics (219-245)
inde-indochine-dragages-cochinchine-1930-4b791c,https://entreprises-coloniales.fr/inde-indochine/Dragages_Cochinchine-1930.pdf,company,Inauguration du canal Rachgia-Hatiên. — Historique des dragages de la Cochinchine par Albert Pouyanne . 27 photos.,"Hydraulique agricole, irrigations (du nord au sud)",Indochine,Indochine,1930,,Inauguration du canal Rachgia-Hatiên. — Historique des dragages de la Cochinchine par Albert Pouyanne (1930). 27 photos.
inde-indochine-dtp-1902-1973-1e3306,https://entreprises-coloniales.fr/inde-indochine/DTP_1902-1973.pdf,company,DTP,"Bâtiment-travaux publics, matériaux de construction, céramiques",Indochine,Indochine,1902,1973,DTP (1902-1973)
inde-indochine-dtp-asean-2298a8,https://entreprises-coloniales.fr/inde-indochine/DTP-ASEAN.pdf,company,DTP dans le Sud-Est asiatique .,"Bâtiment-travaux publics, matériaux de construction, céramiques",Indochine,Indochine,,,DTP dans le Sud-Est asiatique (hors Indochine).
inde-indochine-dtp-indochine-3c34da,https://entreprises-coloniales.fr/inde-indochine/DTP-Indochine.pdf,company,DTP,"Bâtiment-travaux publics, matériaux de construction, céramiques",Indochine,Indochine,,,DTP : travaux en Indochine.
inde-indochine-dtp-rapport-1981-7f4faa,https://entreprises-coloniales.fr/inde-indochine/DTP-rapport_1981.pdf,company,DTP,"Bâtiment-travaux publics, matériaux de construction, céramiques",Indochine,Indochine,,,DTP : rapport 1981.
inde-indochine-dubourg-1925-1962-a796bc,https://entreprises-coloniales.fr/inde-indochine/Dubourg_1925-1962.pdf,company,Dubourg,Héveas et caoutchouc,Indochine,Indochine,,,Dubourg (Georges) : un Réunionnais en Indochine (1925-1962)
inde-indochine-dubourg-plantation-the-blao-cfbac2,https://entreprises-coloniales.fr/inde-indochine/Dubourg_plantation_the_Blao.pdf,company,Dubourg,"Café, thé, épices, coco, quinquina, vanille",Indochine,Indochine,,,Dubourg (Georges) : plantation de thé du col de Blao
inde-indochine-duc-loi-saigon-46f83d,https://entreprises-coloniales.fr/inde-indochine/Duc-Loi_Saigon.pdf,company,Duc-Loi,Commerce,Indochine,Indochine,,,"Duc-Loi, Saïgon : articles du Tonkin. Objets d'art, poterie, meubles, sellettes…"
inde-indochine-duchemin-phu-doan-ca208c,https://entreprises-coloniales.fr/inde-indochine/Duchemin_Phu-doan.pdf,person,"Duchemin, Phu-doan","Café, thé, épices, coco, quinquina, vanille",Indochine,Indochine,,,"Duchemin (Eugène)(1889-1907), Phu-doan : café, abacca"
inde-indochine-ducoroy-trahison-en-ic-b7ebc6,https://entreprises-coloniales.fr/inde-indochine/Ducoroy-Trahison_en_IC.pdf,source_document,"Ducoroy, commissaire général aux sports, à l’éducation physique et à la jeunesse",Documents généraux (par ordre chronologique),Indochine,Indochine,,,"Ducoroy (Maurice), commissaire général aux sports, à l’éducation physique et à la jeunesse : Ma Trahison en Indochine (Paris, 1949) : édition critique bientôt en ligne"
inde-indochine-duel-dentistes-saigon-9f9a0d,https://entreprises-coloniales.fr/inde-indochine/Duel_dentistes_Saigon.pdf,company,Duel de dentistes à Saïgon,Santé,Indochine,Indochine,1924,,Duel de dentistes à Saïgon (1924) : Leslie Léon contre Émile Dion
inde-indochine-dufresne-haiphong-9fc5c4,https://entreprises-coloniales.fr/inde-indochine/Dufresne-Haiphong.pdf,company,Dufresne,"Imprimerie, presse, édition",Indochine,Indochine,1903,1906,"Dufresne (Paul), Haïphong (1903-1906) : commerce de photographie, édition de photos et cartes postales, projection et tournage de films"
inde-indochine-dumarest-d-indochine-165c76,https://entreprises-coloniales.fr/inde-indochine/Dumarest_d'Indochine.pdf,company,Éts Dumarest d'Indochine,Commerce,Indochine,Indochine,,,"Dumarest d'Indochine (Éts), Saïgon, Pnom-Penh, Hanoï, Haïphong, Tourane"
inde-indochine-dumoutier-g-1850-1904-648fae,https://entreprises-coloniales.fr/inde-indochine/Dumoutier_G.-1850-1904.pdf,person,"Dumoutier, directeur de l'enseignement en Annam-Tonkin","Enseignement, recherche, sociétés savantes, musées…",Indochine,Indochine,,,"Dumoutier (Gustave)(1850-1904), directeur de l'enseignement en Annam-Tonkin"
inde-indochine-dupre-1865-1940-05747e,https://entreprises-coloniales.fr/inde-indochine/Dupre_1865-1940.pdf,person,"Léon Anthyme Dupré, nécrologie du fondateur de la Cotonnière du Tonkin",Cuirs et textiles,Indochine,Indochine,,,"Léon Anthyme Dupré (1865-1940), nécrologie du fondateur de la Cotonnière du Tonkin"
inde-indochine-dupre-pho-v-456606,https://entreprises-coloniales.fr/inde-indochine/Dupre_Pho-v.pdf,company,"Dupré, Pho-vi","Café, thé, épices, coco, quinquina, vanille",Indochine,Indochine,,,"Dupré (Paul), Pho-vi (Bac-giang) : café"
inde-indochine-eaux-de-hanoi-943d17,https://entreprises-coloniales.fr/inde-indochine/Eaux_de_Hanoi.pdf,company,Compagnie des Eaux de Hanoï,"Eau et assainissement, électricité (Utilities)",Indochine,Indochine,1930,,"Eaux de Hanoï (Compagnie des)(S.A., 1930) : suite de l'usine des eaux (1885)"
inde-indochine-eaux-elec-indoch-ac8cf2,https://entreprises-coloniales.fr/inde-indochine/Eaux_&_elec._Indoch.pdf,company,Compagnie des Eaux et d'électricité de l'Indochine,"Eau et assainissement, électricité (Utilities)",Indochine,Indochine,1900,,"Eaux et d'électricité de l'Indochine (Compagnie des)(CEEI)(1900)(suite d'Hermenier & Cie, 1896) : Saigon-Cholon, Pnom-Penh, Dalat"
inde-indochine-eaux-elec-vientiane-058685,https://entreprises-coloniales.fr/inde-indochine/Eaux+elec.-Vientiane.pdf,company,Eaux et électricité de Vientiane,"Eau et assainissement, électricité (Utilities)",Indochine,Indochine,,,Eaux et électricité de Vientiane (Laos)
inde-indochine-eaux-gazeuses-ic-029a22,https://entreprises-coloniales.fr/inde-indochine/Eaux_gazeuses_IC.pdf,company,Eaux gazeuses d'Indochine,Autres industries alimentaires,Indochine,Indochine,,,"Eaux gazeuses d'Indochine (BGI et Boy Landry), Saïgon"
inde-indochine-eaux-min-vinh-hao-720fb1,https://entreprises-coloniales.fr/inde-indochine/Eaux_min._Vinh-Hao.pdf,company,Eaux minérales de Vinh-Hao,Autres industries alimentaires,Indochine,Indochine,,,Eaux minérales de Vinh-Hao
inde-indochine-ecail-tullie-bbb0f5,https://entreprises-coloniales.fr/inde-indochine/Ecail_&_Tullie.pdf,company,"Société Cochinchinoise de Plantations d'hévéas, My-Hoa",Héveas et caoutchouc,Indochine,Indochine,,,"Cochinchinoise de Plantations d'hévéas (Société)(Écail et Tullié), My-Hoa (Giadinh)"
inde-indochine-echanges-indochine-1913-1929-817879,https://entreprises-coloniales.fr/inde-indochine/Echanges_Indochine_1913-1929.pdf,source_document,Les échanges de l'Indochine 1913-1929,Documents généraux (par ordre chronologique),Indochine,Indochine,,,"Les échanges de l'Indochine 1913-1929 (8 p. avec graphiques et diagrammes en couleur, 1930)"
inde-indochine-echo-d-indochine-1937-1940-f51d22,https://entreprises-coloniales.fr/inde-indochine/Echo_d_Indochine_1937-1940.pdf,company,L'Écho d'Indochine,"Imprimerie, presse, édition",Indochine,Indochine,1937,1940,"Écho d'Indochine (L')(1937-1940), Hanoï"
inde-indochine-echo-du-cambodge-840bf3,https://entreprises-coloniales.fr/inde-indochine/Echo_du_Cambodge.pdf,company,L'Écho du Cambodge,"Imprimerie, presse, édition",Indochine,Indochine,,,Écho du Cambodge (L')
inde-indochine-echo-du-tonkin-eae710,https://entreprises-coloniales.fr/inde-indochine/Echo_du_Tonkin.pdf,company,L'Écho du Tonkin,"Imprimerie, presse, édition",Indochine,Indochine,1897,1907,"Écho du Tonkin (L')(1897-1907), Haïphong"
inde-indochine-echo-extreme-orient-6e49b9,https://entreprises-coloniales.fr/inde-indochine/Echo-Extreme-Orient.pdf,company,L'Écho d'Extrême-Orient,"Imprimerie, presse, édition",Indochine,Indochine,,,"Écho d'Extrême-Orient (L'), Hanoï"
inde-indochine-eclaireur-hanoi-df3a1d,https://entreprises-coloniales.fr/inde-indochine/Eclaireur-Hanoi.pdf,company,L'Éclaireur,"Imprimerie, presse, édition",Indochine,Indochine,,,"Éclaireur (L')(juin 1925-février 1926)(Gaston Peyrot), Hanoï"
inde-indochine-eco-et-po-1954-indochine-39e4be,https://entreprises-coloniales.fr/inde-indochine/Eco_et_po_1954-Indochine.pdf,source_document,Économie et politique,Documents généraux (par ordre chronologique),Indochine,Indochine,,,Économie et politique : l'Indochine (1954)
inde-indochine-ecole-annamite-filles-haiphong-5cf45e,https://entreprises-coloniales.fr/inde-indochine/Ecole_annamite_filles-Haiphong.pdf,company,École des filles annamites,"Enseignement, recherche, sociétés savantes, musées…",Indochine,Indochine,1910,,"École des filles annamites (1910), Haïphong"
inde-indochine-ecole-arts-appliques-hanoi-028e60,https://entreprises-coloniales.fr/inde-indochine/Ecole_arts_appliques-Hanoi.pdf,company,"École professionnelle, École des Arts appliqués, École pratique d'industrie, Hanoï. Vues générales sur l'enseignement professionnel en Indochine","Enseignement, recherche, sociétés savantes, musées…",Indochine,Indochine,1899,,"École professionnelle (1899), École des Arts appliqués (1920), École pratique d'industrie (1931), Hanoï. Vues générales sur l'enseignement professionnel en Indochine"
inde-indochine-ecole-arts-appliques-khong-a39d7c,https://entreprises-coloniales.fr/inde-indochine/Ecole_arts_appliques-Khong.pdf,company,"École des arts appliqués, Khong","Enseignement, recherche, sociétés savantes, musées…",Indochine,Indochine,1941,,"École des arts appliqués (1941), Khong (Sud-Laos)"
inde-indochine-ecole-beaux-arts-hanoi-1944-ac3e9c,https://entreprises-coloniales.fr/inde-indochine/Ecole_Beaux-Arts-Hanoi-1944.pdf,company,École des Beaux-Arts de l'Indochine,"Artistes peintres, sculpteurs et galeries",Indochine,Indochine,1944,,"École des Beaux-Arts de l'Indochine, Hanoï (1944) : galerie de portraits à l'occasion de la visite d'une exposition par l'amiral Decoux"
inde-indochine-ecole-beaux-arts-hanoi-f8e90e,https://entreprises-coloniales.fr/inde-indochine/Ecole_Beaux-Arts-Hanoi.pdf,company,"École des Beaux-Arts de l'Indochine, puis École des Beaux-Arts et des arts appliqués de l'Indochine","Artistes peintres, sculpteurs et galeries",Indochine,Indochine,1924,,"École des Beaux-Arts de l'Indochine (EBAI)(1924), puis École des Beaux-Arts et des arts appliqués de l'Indochine (1938), Hanoï (93 p.)"
inde-indochine-ecole-brieux-hanoi-8a6a78,https://entreprises-coloniales.fr/inde-indochine/Ecole_Brieux-Hanoi.pdf,company,École Brieux,"Enseignement, recherche, sociétés savantes, musées…",Indochine,Indochine,1910,,"École Brieux, Hanoï (1910) : enseignement primaire pour fillettes et jeunes filles annamites"
inde-indochine-ecole-d-architecture-dalat-d8bb0d,https://entreprises-coloniales.fr/inde-indochine/Ecole_d_architecture-Dalat.pdf,company,École d'architecture de Dalat,"Enseignement, recherche, sociétés savantes, musées…",Indochine,Indochine,,,École d'architecture de Dalat
inde-indochine-ecole-d-art-de-bien-hoa-fe17c2,https://entreprises-coloniales.fr/inde-indochine/Ecole_d_art_de_Bien-hoa.pdf,company,École d'art de Biênhoà,"Enseignement, recherche, sociétés savantes, musées…",Indochine,Indochine,,,"École d'art de Biênhoà : poterie, céramique"
inde-indochine-ecole-d-art-de-giadinh-97d184,https://entreprises-coloniales.fr/inde-indochine/Ecole_d_art_de_Giadinh.pdf,company,École d'art de Giadinh,"Enseignement, recherche, sociétés savantes, musées…",Indochine,Indochine,1913,,"École d'art de Giadinh (1913) : décoration, lithographie, zincographie, gravure sur cuivre…"
inde-indochine-ecole-d-art-de-thudaumot-9db158,https://entreprises-coloniales.fr/inde-indochine/Ecole_d_art_de_Thudaumot.pdf,company,École d'art de Thudaumot,"Enseignement, recherche, sociétés savantes, musées…",Indochine,Indochine,,,École d'art de Thudaumot (Thu-dâu-môt) : ébénisterie
inde-indochine-ecole-de-filles-haiphong-463879,https://entreprises-coloniales.fr/inde-indochine/Ecole_de_filles-Haiphong.pdf,company,École de filles,"Enseignement, recherche, sociétés savantes, musées…",Indochine,Indochine,1889,,"École de filles, Haïphong (ca 1889)"
inde-indochine-ecole-des-arts-cambodgiens-1a9305,https://entreprises-coloniales.fr/inde-indochine/Ecole_des_arts_cambodgiens.pdf,company,École des arts cambodgiens,"Enseignement, recherche, sociétés savantes, musées…",Indochine,Indochine,1917,,"École des arts cambodgiens (1917), Pnom-Penh"
inde-indochine-ecole-des-aveugles-cholon-099963,https://entreprises-coloniales.fr/inde-indochine/Ecole_des_aveugles-Cholon.pdf,company,École des aveugles,"Enseignement, recherche, sociétés savantes, musées…",Indochine,Indochine,,,"École des aveugles, Cholon : vannerie, brosserie, balais, paillage de chaises, fanfare…"
inde-indochine-ecole-police-scientifique-cochinchine-0239d6,https://entreprises-coloniales.fr/inde-indochine/Ecole_police_scientifique_Cochinchine.pdf,company,École de police scientifique de Cochinchine,"Enseignement, recherche, sociétés savantes, musées…",Indochine,Indochine,,,"École de police scientifique de Cochinchine, Saïgon"
inde-indochine-ecole-pratique-agriculture-tuyen-quang-6ec2b2,https://entreprises-coloniales.fr/inde-indochine/Ecole_pratique_agriculture_Tuyen-Quang.pdf,company,École pratique d'agriculture de Tuyen-Quang,"Enseignement, recherche, sociétés savantes, musées…",Indochine,Indochine,1918,,École pratique d'agriculture de Tuyen-Quang (1918)
inde-indochine-ecole-pratique-industrie-haiphong-14beba,https://entreprises-coloniales.fr/inde-indochine/Ecole_pratique_industrie-Haiphong.pdf,company,"École professionnelle, puis École pratique d'industrie","Enseignement, recherche, sociétés savantes, musées…",Indochine,Indochine,1913,,"École professionnelle (1913), puis École pratique d'industrie (1921), Haïphong"
inde-indochine-ecole-pratique-industrie-hue-12b857,https://entreprises-coloniales.fr/inde-indochine/Ecole_pratique_industrie-Hue.pdf,company,"École professionnelle, École pratique d'industrie","Enseignement, recherche, sociétés savantes, musées…",Indochine,Indochine,1902,,"École professionnelle (1902), École pratique d'industrie (1924), Hué"
inde-indochine-ecole-pratique-industrie-saigon-c5dd57,https://entreprises-coloniales.fr/inde-indochine/Ecole_pratique_industrie-Saigon.pdf,company,"École professionnelle, École professionnelle, École pratique d'industrie","Enseignement, recherche, sociétés savantes, musées…",Indochine,Indochine,1898,,"École professionnelle (section du collège Chasseloup-Laubat)(1898), École professionnelle (1904), École pratique d'industrie (1920-1941), Saïgon"
inde-indochine-ecole-professionnelle-pnom-penh-808351,https://entreprises-coloniales.fr/inde-indochine/Ecole_professionnelle_Pnom-penh.pdf,company,"École professionnelle, puis École pratique d'industrie","Enseignement, recherche, sociétés savantes, musées…",Indochine,Indochine,1921,,"École professionnelle (vers 1902), puis École pratique d'industrie (1921), Pnom-Penh"
inde-indochine-ecole-riziculteurs-cantho-b5a4a9,https://entreprises-coloniales.fr/inde-indochine/Ecole-riziculteurs-Cantho.pdf,company,École des riziculteurs,"Rizières, rizeries, négoce de riz et autres céréales",Indochine,Indochine,,,"École des riziculteurs, Cantho"
inde-indochine-ecole-rosel-saigon-979929,https://entreprises-coloniales.fr/inde-indochine/Ecole_Rosel-Saigon.pdf,company,"École des mécaniciens asiatiques dite École Rosel, Saïgon. Cours de navigation","Enseignement, recherche, sociétés savantes, musées…",Indochine,Indochine,1906,,"École des mécaniciens asiatiques dite École Rosel (1906), Saïgon. Cours de navigation (1930) : petit et grand cabotage colonial, patron de chaloupe"
inde-indochine-ecole-speciale-agriculture-sylviculture-9c85f8,https://entreprises-coloniales.fr/inde-indochine/Ecole_speciale_agriculture_sylviculture.pdf,company,École spéciale d'agriculture et de sylviculture Jules-Brévié,"Enseignement, recherche, sociétés savantes, musées…",Indochine,Indochine,1938,,"École spéciale d'agriculture et de sylviculture Jules-Brévié (1938), Hanoï"
inde-indochine-ecole-superieure-agriculture-sylviculture-hanoi-58c65d,https://entreprises-coloniales.fr/inde-indochine/Ecole_superieure_agriculture_sylviculture_Hanoi.pdf,company,École supérieure d'agriculture et de sylviculture,"Enseignement, recherche, sociétés savantes, musées…",Indochine,Indochine,1917,1934,"École supérieure d'agriculture et de sylviculture (1917-1934), Hanoï"
inde-indochine-ecole-superieure-droit-hanoi-23c4ea,https://entreprises-coloniales.fr/inde-indochine/Ecole_superieure_droit-Hanoi.pdf,company,École supérieure de droit,"Enseignement, recherche, sociétés savantes, musées…",Indochine,Indochine,,,"École supérieure de droit, Hanoï"
inde-indochine-ecole-travaux-publics-hanoi-555a1e,https://entreprises-coloniales.fr/inde-indochine/Ecole_travaux_publics-Hanoi.pdf,company,École des travaux publics,"Enseignement, recherche, sociétés savantes, musées…",Indochine,Indochine,1918,1935,"École des travaux publics (1918-1935), Hanoï"
inde-indochine-ecoles-libres-en-indochine-38f172,https://entreprises-coloniales.fr/inde-indochine/Ecoles_libres_en_Indochine.pdf,company,Les Écoles libres en Indochine,Entreprises religieuses,Indochine,Indochine,,,Les Écoles libres en Indochine
inde-indochine-ecoles-pagode-renovees-cambodge-b1639b,https://entreprises-coloniales.fr/inde-indochine/Ecoles_pagode_renovees_Cambodge.pdf,company,Les Écoles de pagode rénovées au Cambodge,"Enseignement, recherche, sociétés savantes, musées…",Indochine,Indochine,,,Écoles de pagode rénovées au Cambodge (Les)
inde-indochine-ed-saliege-saigon-4359cf,https://entreprises-coloniales.fr/inde-indochine/Ed._Saliege-Saigon.pdf,company,Saliège,Commerce,Indochine,Indochine,,,"Saliège (Édouard), Saïgon : du commerce à la diplomatie"
inde-indochine-ed-schneegans-1853-1911-38a418,https://entreprises-coloniales.fr/inde-indochine/Ed._Schneegans_1853-1911.pdf,person,Schnéegans,Groupes indochinois et dirigeants d'affaires diverses,Indochine,Indochine,,,Schnéegans (Édouard)(1853-1911)
inde-indochine-eden-cine-battambang-684fd1,https://entreprises-coloniales.fr/inde-indochine/Eden-Cine-Battambang.pdf,company,Éden-Cinéma,Cinémas et théâtres de l'Indochine (du nord au sud),Indochine,Indochine,,,"Éden-Cinéma, Battambang"
inde-indochine-eden-cine-longxuyen-b38e2b,https://entreprises-coloniales.fr/inde-indochine/Eden-Cine-Longxuyen.pdf,company,"Éden-Cinéma, Longxuyên",Cinémas et théâtres de l'Indochine (du nord au sud),Indochine,Indochine,,,"Éden-Cinéma, Longxuyên"
inde-indochine-editions-d-asie-17a9ea,https://entreprises-coloniales.fr/inde-indochine/Editions_d_Asie.pdf,company,Éditions d'Asie,"Imprimerie, presse, édition",Indochine,Indochine,,,"Éditions d'Asie, Paris : L'Indochine, revue économique d'Extrême-Orient"
inde-indochine-editions-d-extreme-asie-68a05b,https://entreprises-coloniales.fr/inde-indochine/Editions_d_Extreme-Asie.pdf,company,Éditions d’Extrême-Asie,"Imprimerie, presse, édition",Indochine,Indochine,,,"Éditions d’Extrême-Asie, Saïgon"
inde-indochine-edouard-audouit-entrepreneur-338f37,https://entreprises-coloniales.fr/inde-indochine/Edouard_Audouit-entrepreneur.pdf,company,Audouit -La Propriété indochinoise,"Bâtiment-travaux publics, matériaux de construction, céramiques",Indochine,Indochine,,,"Audouit (Édouard)-La Propriété indochinoise : entrepeneur, Saïgon"
inde-indochine-edouard-clement-vacher-c962d6,https://entreprises-coloniales.fr/inde-indochine/Edouard_Clement_Vacher.pdf,company,"Vacher, policier et planteur de caoutchouc à Giadinh",Héveas et caoutchouc,Indochine,Indochine,,,"Vacher (Édouard Clément), policier et planteur de caoutchouc à Giadinh"
inde-indochine-efeo-c7d3cc,https://entreprises-coloniales.fr/inde-indochine/EFEO.pdf,company,École française d’Extrême-Orient,"Enseignement, recherche, sociétés savantes, musées…",Indochine,Indochine,1898,,"École française d’Extrême-Orient (EFEO)(1898), Hanoï"
inde-indochine-egli-laos-1949-ea99a7,https://entreprises-coloniales.fr/inde-indochine/Egli_Laos-1949.pdf,source_document,Egli,Documents généraux (par ordre chronologique),Indochine,Indochine,,,"Egli (Jacob) : Le Laos : État associé ou sacrifié ? (Combat, 28-30 juillet 1949)"
inde-indochine-eglise-protestante-frse-tonkin-77fa6f,https://entreprises-coloniales.fr/inde-indochine/Eglise_protestante_frse_Tonkin.pdf,company,Église protestante française du Tonkin et du Nord-Annam,Entreprises religieuses,Indochine,Indochine,,,"Église protestante française du Tonkin et du Nord-Annam, Hanoï"
inde-indochine-eiffel-indochine-2b6337,https://entreprises-coloniales.fr/inde-indochine/Eiffel-Indochine.pdf,company,Eiffel et Constructions de Levallois-Perret en Indochine,"Bâtiment-travaux publics, matériaux de construction, céramiques",Indochine,Indochine,1881,1965,Eiffel et Constructions de Levallois-Perret en Indochine (1881-1965)
inde-indochine-eiffel-par-l-weill-064365,https://entreprises-coloniales.fr/inde-indochine/Eiffel_par_L._Weill.pdf,company,Eiffel par Laurent Weill,"Bâtiment-travaux publics, matériaux de construction, céramiques",Indochine,Indochine,,,Eiffel (les Éts) par Laurent Weill
inde-indochine-elec-ic-1929-1937-6b690b,https://entreprises-coloniales.fr/inde-indochine/Elec._IC_1929-1937.pdf,company,Électricité,"Eau et assainissement, électricité (Utilities)",Indochine,Indochine,1929,1937,Électricité (1929-1937) : production et consommation
inde-indochine-electricite-de-langson-002ee8,https://entreprises-coloniales.fr/inde-indochine/Electricite_de_Langson.pdf,company,Électricité de Langson,"Eau et assainissement, électricité (Utilities)",Indochine,Indochine,,,Électricité de Langson
inde-indochine-electricite-de-rachgia-593a59,https://entreprises-coloniales.fr/inde-indochine/Electricite_de_Rachgia.pdf,company,Société d'Électricité de Rachgia,"Eau et assainissement, électricité (Utilities)",Indochine,Indochine,,,Électricité de Rachgia (Société d')
inde-indochine-electricite-de-saigon-015400,https://entreprises-coloniales.fr/inde-indochine/Electricite_de_Saigon.pdf,company,Société d'Électricité de Saïgon,"Eau et assainissement, électricité (Utilities)",Indochine,Indochine,1896,1909,Électricité de Saïgon (Société d')(1896-1909)
inde-indochine-electricite-du-mekong-4ed992,https://entreprises-coloniales.fr/inde-indochine/Electricite_du_Mekong.pdf,company,Société d'Électricité du Mékong,"Eau et assainissement, électricité (Utilities)",Indochine,Indochine,,,"Électricité du Mékong (Société d'), Savannakhet (Laos)"
inde-indochine-elephants-au-cambodge-112c56,https://entreprises-coloniales.fr/inde-indochine/Elephants_au_Cambodge.pdf,company,Éléphants au Cambodge,Transports terrestres et garages,Indochine,Indochine,,,"Éléphants au Cambodge : funérailles de Norodom Suramarit, Phnom-penh (20 août 1960)"
inde-indochine-elevage-porcin-au-tonkin-040e70,https://entreprises-coloniales.fr/inde-indochine/Elevage_porcin_au_Tonkin.pdf,company,L'Élevage porcin au Tonkin,"Élevage, abattage, boucherie",Indochine,Indochine,1895,,Élevage porcin au Tonkin (L')(1895)
inde-indochine-elevages-borel-edab56,https://entreprises-coloniales.fr/inde-indochine/Elevages_Borel.pdf,company,Borel frères,"Élevage, abattage, boucherie",Indochine,Indochine,,,"Borel frères, My-khê : élevages bovin, porcin, ovin, équin, volailles"
inde-indochine-eliacin-luro-par-taboulet-d989e6,https://entreprises-coloniales.fr/inde-indochine/Eliacin_Luro_par_Taboulet.pdf,company,"Éliacin Luro, inspecteur des Affaires indigènes en Cochinchine par Georges Taboulet","Imprimerie, presse, édition",Indochine,Indochine,1867,1877,"Éliacin Luro, inspecteur des Affaires indigènes en Cochinchine (1867-1877) par Georges Taboulet (30 novembre 1944)"
inde-indochine-ellies-cazel-hanoi-e7457c,https://entreprises-coloniales.fr/inde-indochine/Ellies&Cazel-Hanoi.pdf,company,Ellies et Cazel,Commerce,Indochine,Indochine,,,"Ellies (Georges) et Cazel, Hanoï : commerce"
inde-indochine-ellies-mathee-et-cie-e427c1,https://entreprises-coloniales.fr/inde-indochine/Ellies_Mathee_et_Cie.pdf,company,"Ellies, Mathée et Cie","Café, thé, épices, coco, quinquina, vanille",Indochine,Indochine,,,"Ellies, Mathée et Cie"
inde-indochine-emery-tortel-7c8c3a,https://entreprises-coloniales.fr/inde-indochine/Emery_&_Tortel.pdf,company,"Émery & Tortel, puis Société franco-annamite de textile et d'exportation, et Société franco-annamite pour l'industrie de la soie",Cuirs et textiles,Indochine,Indochine,,,"Émery & Tortel, puis Société franco-annamite de textile et d'exportation, et Société franco-annamite pour l'industrie de la soie (SFATE), Nam-Dinh"
inde-indochine-emile-bouquet-autocariste-b5db75,https://entreprises-coloniales.fr/inde-indochine/Emile_Bouquet_autocariste.pdf,company,Bouquet,Transports terrestres et garages,Indochine,Indochine,,,"Bouquet (Émile), Saïgon, Cantho : autocariste"
inde-indochine-emile-cambefort-cie-b7be65,https://entreprises-coloniales.fr/inde-indochine/Emile_Cambefort_&_Cie.pdf,company,Cambefort & Cie,Commerce,Indochine,Indochine,,,"Cambefort & Cie (Émile), Saïgon : soieries, tissus, lainages en demi-gros"
inde-indochine-emile-champesteve-36519b,https://entreprises-coloniales.fr/inde-indochine/Emile_Champesteve.pdf,person,"Champestève, Hanoï, Kouang-Tchéou-Wan","Bâtiment-travaux publics, matériaux de construction, céramiques",Indochine,Indochine,,,"Champestève (Émile), Hanoï, Kouang-Tchéou-Wan, Saïgon : négociant, entrepreneur"
inde-indochine-emile-clemencon-tonkin-172e61,https://entreprises-coloniales.fr/inde-indochine/Emile_Clemencon-Tonkin.pdf,company,"Clémençon, prospecteur suisse au Tonkin",Mines,Indochine,Indochine,,,"Clémençon (Émile), prospecteur suisse au Tonkin"
inde-indochine-emile-coudoux-kim-lu-87ba16,https://entreprises-coloniales.fr/inde-indochine/Emile_Coudoux-Kim-Lu.pdf,person,"Coudoux, Kim-Lu","Café, thé, épices, coco, quinquina, vanille",Indochine,Indochine,,,"Coudoux (Émile), Kim-Lu (Quang-Binh) : planteur de café"
inde-indochine-emile-leblanc-cua-tung-434754,https://entreprises-coloniales.fr/inde-indochine/Emile_Leblanc_Cua-Tung.pdf,company,"Leblanc, Cua-tum","Café, thé, épices, coco, quinquina, vanille",Indochine,Indochine,,,"Leblanc (Émile), Cua-tum (Nord-Annam) : café"
inde-indochine-emile-maillard-hanoi-9d35ea,https://entreprises-coloniales.fr/inde-indochine/Emile_Maillard-Hanoi.pdf,person,Maillard,Commerce,Indochine,Indochine,,,"Maillard (Émile)(1900-1922), Hanoï : confiseur glacier. Et successeurs : Joseph Robaglia, Sylla Anziani, Zaphirato Thano, Marotte (Dame Marthe), l'Épi d'or"
inde-indochine-emile-nougarede-entrepreneur-004daa,https://entreprises-coloniales.fr/inde-indochine/Emile_Nougarede_entrepreneur.pdf,company,"Nougarède, ingénieur des Arts et Métiers, entrepreneur de travaux publics et fabricant de chaux","Bâtiment-travaux publics, matériaux de construction, céramiques",Indochine,Indochine,,,"Nougarède (Émile), ingénieur des Arts et Métiers, entrepreneur de travaux publics et fabricant de chaux, Haïphong"
inde-indochine-emile-vidal-hanoi-c8529e,https://entreprises-coloniales.fr/inde-indochine/Emile_Vidal-Hanoi.pdf,person,Vidal,Commerce,Indochine,Indochine,,,"Vidal (Émile)(1927-1931), Hanoï : alimentation générale"
inde-indochine-emilien-mazet-900ab8,https://entreprises-coloniales.fr/inde-indochine/Emilien_Mazet.pdf,company,Émilien Mazet,Autres industries alimentaires,Indochine,Indochine,,,Émilien Mazet
inde-indochine-eminente-feldspath-et-kaolin-28edde,https://entreprises-coloniales.fr/inde-indochine/Eminente-feldspath_et_kaolin.pdf,company,Eminente,Mines,Indochine,Indochine,,,"Eminente (Emilio) : exploitant des carrières de feldspath et de kaolin à Haiduong, Phuto, Tuyên-Quang, Yênbay (1942-1944)"
inde-indochine-empoisonnement-saint-poulof-51a8f3,https://entreprises-coloniales.fr/inde-indochine/Empoisonnement_Saint-Poulof.pdf,source_document,"L'empoisonnement de Gabriel Saint-Poulof, résident à Son-La",Documents généraux (par ordre chronologique),Indochine,Indochine,,,"L'empoisonnement de Gabriel Saint-Poulof, résident à Son-La (août 1934)"
inde-indochine-energie-elec-ic-f613cd,https://entreprises-coloniales.fr/inde-indochine/Energie_elec._IC.pdf,company,Énergie électrique indochinoise,"Eau et assainissement, électricité (Utilities)",Indochine,Indochine,1921,1933,Énergie électrique indochinoise (1921-1933)
inde-indochine-energie-elec-labbe-e48776,https://entreprises-coloniales.fr/inde-indochine/Energie_elec._Labbe.pdf,company,Énergie électrique cochinchinoise Joseph Labbé,"Eau et assainissement, électricité (Utilities)",Indochine,Indochine,,,Énergie électrique cochinchinoise Joseph Labbé
inde-indochine-energie-elec-langson-03f235,https://entreprises-coloniales.fr/inde-indochine/Energie_elec._Langson.pdf,company,Énergie électrique de Langson,"Eau et assainissement, électricité (Utilities)",Indochine,Indochine,,,Énergie électrique de Langson
inde-indochine-enfants-etienne-denis-c0c42c,https://entreprises-coloniales.fr/inde-indochine/Enfants_Etienne_Denis.pdf,company,Les enfants d'Étienne,Groupes indochinois et dirigeants d'affaires diverses,Indochine,Indochine,,,"Les enfants d'Étienne : Alphonse Denis, Léone Bureau, Lucienne Ballande"
inde-indochine-engler-cie-saigon-b1ff15,https://entreprises-coloniales.fr/inde-indochine/Engler_&_Cie-Saigon.pdf,company,Engler & Cie,Commerce,Indochine,Indochine,,,"Engler & Cie, Saïgon, Hanoï : l'autre maison allemande de l'Indochine après Speidel"
inde-indochine-engrais-azotes-indochine-3470ee,https://entreprises-coloniales.fr/inde-indochine/Engrais_azotes_Indochine.pdf,company,Société d'Études des engrais azotés en Indochine et de la chute du Da-Nhim,Industries diverses,Indochine,Indochine,1928,,Études des engrais azotés en Indochine et de la chute du Da-Nhim (Société d')(1928)
inde-indochine-enseignement-ic-1940-1944-9c899c,https://entreprises-coloniales.fr/inde-indochine/Enseignement_IC_1940-1944.pdf,company,L'enseignement indochinois,"Enseignement, recherche, sociétés savantes, musées…",Indochine,Indochine,1940,1944,"L'enseignement indochinois (1940-1944) : travail, famille, patrie, France"
inde-indochine-enseignement-mutuel-cantho-ebe360,https://entreprises-coloniales.fr/inde-indochine/Enseignement_mutuel-Cantho.pdf,company,Société d'enseignement mutuel de Cochinchine,"Enseignement, recherche, sociétés savantes, musées…",Indochine,Indochine,,,Société d'enseignement mutuel de Cochinchine : secton de Cantho
inde-indochine-entrep-lamorte-saigon-995170,https://entreprises-coloniales.fr/inde-indochine/Entrep._Lamorte-Saigon.pdf,company,Anciens Établissements Victor Lamorte,"Bâtiment-travaux publics, matériaux de construction, céramiques",Indochine,Indochine,,,"Lamorte (Anciens Établissements Victor), Saïgon"
inde-indochine-entrepot-cholon-hieu-c6d46f,https://entreprises-coloniales.fr/inde-indochine/Entrepot_Cholon_Hieu.pdf,company,Entrepôt de Cholon,Commerce,Indochine,Indochine,,,Entrepôt de Cholon (Paul Hieu)
inde-indochine-entreprise-aviat-hanoi-ca92fd,https://entreprises-coloniales.fr/inde-indochine/Entreprise_Aviat-Hanoi.pdf,company,Entreprise Aviat,"Bâtiment-travaux publics, matériaux de construction, céramiques",Indochine,Indochine,,,"Aviat (Entreprise), Hanoï"
inde-indochine-entreprises-asiatiques-a830da,https://entreprises-coloniales.fr/inde-indochine/Entreprises_asiatiques.pdf,company,Société d'Entreprises asiatiques,"Bâtiment-travaux publics, matériaux de construction, céramiques",Indochine,Indochine,1921,,Entreprises asiatiques (Société d')(1921) : construction du chemin de fer du Langbiang
inde-indochine-entreprises-exploitations-ic-0aac30,https://entreprises-coloniales.fr/inde-indochine/Entreprises&exploitations-IC.pdf,company,Société d'Entreprises et d'exploitations en Indo-Chine,"Bâtiment-travaux publics, matériaux de construction, céramiques",Indochine,Indochine,1906,,Entreprises et d'exploitations en Indo-Chine (Société d')(1906)
inde-indochine-epargne-metropolitaine-et-coloniale-tonkin-6d8ab4,https://entreprises-coloniales.fr/inde-indochine/Epargne_metropolitaine_et_coloniale-Tonkin.pdf,company,L'Épargne métropolitaine et coloniale,"Banque, gérance, assurances…",Indochine,Indochine,,,"Épargne métropolitaine et coloniale (L'), Toulouse, Paris : Tonkin et Yunnan"
inde-indochine-eps-filles-hanoi-96168a,https://entreprises-coloniales.fr/inde-indochine/EPS_filles-Hanoi.pdf,company,École primaire supérieure de filles,"Enseignement, recherche, sociétés savantes, musées…",Indochine,Indochine,1926,,"École primaire supérieure de filles, Hanoï (1926)"
inde-indochine-epuration-indochine-1946-1950-3ec27d,https://entreprises-coloniales.fr/inde-indochine/Epuration_Indochine_1946-1950.pdf,source_document,L'Épuration en Indochine,Documents généraux (par ordre chronologique),Indochine,Indochine,,,L'Épuration en Indochine : la cour de justice de l'Indochine (1946-1950)
inde-indochine-equipement-industriel-c2b4e4,https://entreprises-coloniales.fr/inde-indochine/Equipement_industriel.pdf,company,Compagnie Indochinoise d'équipement industriel,Commerce,Indochine,Indochine,1926,,"Indochinoise d'équipement industriel (Compagnie)(Denis frères)(1926), Saïgon"
inde-indochine-ernest-debiolle-hanoi-0a75c8,https://entreprises-coloniales.fr/inde-indochine/Ernest_Debiolle-Hanoi.pdf,person,Debiolle,"Métallurgie, constructions mécaniques, électriques, navales",Indochine,Indochine,,,"Debiolle (Ernest), Hanoï : scieur, éleveur porcin, fabricant et loueur de pousse-pousse"
inde-indochine-ernest-outrey-1863-1941-b9f476,https://entreprises-coloniales.fr/inde-indochine/Ernest_Outrey-1863-1941.pdf,source_document,Outrey,Documents généraux (par ordre chronologique),Indochine,Indochine,1863,1941,Outrey (Ernest)(1863-1941) : député de la Cochinchine (1914-1936)
inde-indochine-ernest-ronfaut-eb94c3,https://entreprises-coloniales.fr/inde-indochine/Ernest_Ronfaut.pdf,person,Ronfaut,Commerce,Indochine,Indochine,,,"Ronfaut (Ernest), Lang-son : débitant général des alcools, négociant en badiane"
inde-indochine-escande-warkin-tourane-eb6459,https://entreprises-coloniales.fr/inde-indochine/Escande-Warkin-Tourane.pdf,company,"Escande & Cie, puis Richy et Warkin",Commerce,Indochine,Indochine,,,"Escande & Cie (J.), puis Richy et Warkin, Tourane"
inde-indochine-est-asiatique-frs-25d5e2,https://entreprises-coloniales.fr/inde-indochine/Est-Asiatique_frs.pdf,person,Est-Asiatique français,"Bois, meubles, papier, allumettes",Indochine,Indochine,,,Est-Asiatique français (EAF)(1902-1932)
inde-indochine-etablissements-orphee-haiphong-608b27,https://entreprises-coloniales.fr/inde-indochine/Etablissements_Orphee-Haiphong.pdf,company,Établissements Orphée,Commerce,Indochine,Indochine,,,"Orphée (Établissements)(Robert Barbotin), Haïphong, Hanoï : magasins de musique"
inde-indochine-etain-du-haut-tonkin-6e882e,https://entreprises-coloniales.fr/inde-indochine/Etain_du_Haut-Tonkin.pdf,company,Société des Mines d'étain du Haut-Tonkin,Mines,Indochine,Indochine,1902,,Mines d'étain du Haut-Tonkin (Société des)(1902) : Beau-Site (Caobang)
inde-indochine-etain-en-indochine-1929-49c0ae,https://entreprises-coloniales.fr/inde-indochine/Etain_en_Indochine_1929.pdf,company,L'Étain en Indochine et le développement minier du Laos. La Ruée vers les gisements miniers du Laos. Le Laos minier et la Bourse de Paris,Mines,Indochine,Indochine,,,"L'Étain en Indochine et le développement minier du Laos. La Ruée vers les gisements miniers du Laos. Le Laos minier et la Bourse de Paris (Indochine, février-mars 1929. Repris par l'Avenir du Tonkin)"
inde-indochine-etains-de-cao-bang-84dc16,https://entreprises-coloniales.fr/inde-indochine/Etains_de_Cao-Bang.pdf,company,Société des mines d'Étain de Cao-Bang,Mines,Indochine,Indochine,,,Étain de Cao-Bang (Société des mines d')
inde-indochine-etains-de-l-indochine-30944e,https://entreprises-coloniales.fr/inde-indochine/Etains_de_l_Indochine.pdf,company,"Société des Étains de l'Indo-Chine, puis Étains de l'Indochine, Pak-Hin-Boun",Mines,Indochine,Indochine,,,"Étains de l'Indo-Chine (Société des), puis Étains de l'Indochine, Pak-Hin-Boun (Laos)"
inde-indochine-etains-de-nguyen-binh-13c088,https://entreprises-coloniales.fr/inde-indochine/Etains_de_Nguyen-Binh.pdf,company,Étains de Nguyên-Binh,Mines,Indochine,Indochine,,,Étains de Nguyên-Binh
inde-indochine-etains-de-pia-ouac-92bf82,https://entreprises-coloniales.fr/inde-indochine/Etains_de_Pia-Ouac.pdf,company,Société des Étains de Pia-Ouac,Mines,Indochine,Indochine,,,Étains de Pia-Ouac (Société des)(SEPO)(nov. 1929)
inde-indochine-etains-de-silleda-30d469,https://entreprises-coloniales.fr/inde-indochine/Etains_de_Silleda.pdf,company,Étains de Silleda,Groupes indochinois et dirigeants d'affaires diverses,Indochine,Indochine,,,Étains de Silleda (Espagne)
inde-indochine-etains-du-cammon-df430c,https://entreprises-coloniales.fr/inde-indochine/Etains_du_Cammon.pdf,company,Société des Étains du Cammon,Mines,Indochine,Indochine,1927,,Étains du Cammon (Société des)(SETCA)(1927)
inde-indochine-etains-du-hin-boun-33b9dc,https://entreprises-coloniales.fr/inde-indochine/Etains_du_Hin-Boun.pdf,company,Société des Étains du Hin-Boun,Mines,Indochine,Indochine,1896,1905,Étains du Hin-Boun (Laos)(Société des)(1896-1905)
inde-indochine-etains-extreme-orient-715fb2,https://entreprises-coloniales.fr/inde-indochine/Etains_Extreme-Orient.pdf,company,Compagnie Fermière des Étains d'Extrême-Orient,Mines,Indochine,Indochine,,,Fermière des Étains d'Extrême-Orient (Compagnie)
inde-indochine-etat-sanitaire-indochine-1916-a17e8e,https://entreprises-coloniales.fr/inde-indochine/Etat_sanitaire_Indochine-1916.pdf,company,"État sanitaire de l'Indochine en 1916. Rapport au conseil de gouvernement. Personnel, établissements, pharmacie, hygiène publique, maladies",Santé,Indochine,Indochine,,,"État sanitaire de l'Indochine en 1916. Rapport au conseil de gouvernement. Personnel, établissements, pharmacie, hygiène publique, maladies"
inde-indochine-etienne-denis-1799-1879-5cee00,https://entreprises-coloniales.fr/inde-indochine/Etienne_Denis_1799-1879.pdf,person,Étienne Denis,Groupes indochinois et dirigeants d'affaires diverses,Indochine,Indochine,,,"Étienne Denis (1799-1879) : l'ancêtre, le précurseur"
inde-indochine-etienne-et-maxime-denis-25662f,https://entreprises-coloniales.fr/inde-indochine/Etienne_et_Maxime_Denis.pdf,company,Étienne et Maxime Denis,Groupes indochinois et dirigeants d'affaires diverses,Indochine,Indochine,1889,1962,Étienne (1889-1962) et Maxime Denis (1894-1978) : les développeurs
inde-indochine-etienne-mannoni-cyclopousses-90061d,https://entreprises-coloniales.fr/inde-indochine/Etienne_Mannoni_cyclopousses.pdf,person,Mannoni,Transports terrestres et garages,Indochine,Indochine,,,"Mannoni (Étienne)(1867-1952), Saïgon : loueur de pousse-pousse et cyclo-pousse"
inde-indochine-etoile-assurance-auto-fa3f46,https://entreprises-coloniales.fr/inde-indochine/Etoile_assurance_auto.pdf,company,Compagnie Indochinoise d’Assurance automobile l’Étoile,"Banque, gérance, assurances…",Indochine,Indochine,1922,1934,"Indochinoise d’Assurance automobile l’Étoile (Compagnie)(1922-1934), Saïgon"
inde-indochine-etoile-du-foyer-indochine-31d32f,https://entreprises-coloniales.fr/inde-indochine/Etoile_du_Foyer-Indochine.pdf,company,L'Étoile du foyer en Indochine,"Banque, gérance, assurances…",Indochine,Indochine,,,Étoile du foyer (L') en Indochine : société de capitalisation
inde-indochine-etoile-du-nord-hanoi-d423ca,https://entreprises-coloniales.fr/inde-indochine/Etoile_du_Nord-Hanoi.pdf,company,À l'Étoile du Nord,Commerce,Indochine,Indochine,,,"À l'Étoile du Nord (Geoffroy Meyer dit Jules Meyer, puis Meyer frères), Hanoï, Haïphong, Saïgon : horlogerie-bijouterie, instruments de musique…"
inde-indochine-ets-daurelle-hanoi-cb7506,https://entreprises-coloniales.fr/inde-indochine/Ets_Daurelle-Hanoi.pdf,company,Établissements Daurelle,Commerce,Indochine,Indochine,,,"Daurelle (Établissements), Hanoï"
inde-indochine-ets-diem-vinh-long-be3194,https://entreprises-coloniales.fr/inde-indochine/Ets_Diem-Vinh-Long.pdf,company,"Éts Nguyên Thành Diêm, Vinh-Long",Transports terrestres et garages,Indochine,Indochine,,,"Diêm (Éts Nguyên Thành), Vinh-Long : garagiste, transporteur, banquier"
inde-indochine-ets-industriels-saigon-d3cb92,https://entreprises-coloniales.fr/inde-indochine/Ets_industriels_Saigon.pdf,company,"Établissements industriels de Saïgon, Morel et Compagnie, puis Société industrielle de Khanh-Hôi…","Bâtiment-travaux publics, matériaux de construction, céramiques",Indochine,Indochine,,,"Établissements industriels de Saïgon, Morel et Compagnie, puis Société industrielle de Khanh-Hôi… : carreaux, produits en béton"
inde-indochine-ets-j-michaud-d-indochine-a9a7cb,https://entreprises-coloniales.fr/inde-indochine/Ets_J._Michaud_d_Indochine.pdf,company,Établissements J. Michaud d'Indochine,"Élevage, abattage, boucherie",Indochine,Indochine,,,"Établissements J. Michaud d'Indochine, Hanoï : boucherie-charcuterie, poissonnerie, primeurs… Succursales à Haïphong et à Saïgon. Emmenthal Le Régal à Annemasse"
inde-indochine-ets-laurent-gay-saigon-599b2b,https://entreprises-coloniales.fr/inde-indochine/Ets_Laurent_Gay-Saigon.pdf,company,"Éts Gay frères, puis Éts Laurent Gay",Transports terrestres et garages,Indochine,Indochine,,,"Gay frères (Éts)(anc. maison Chauvin), puis Éts Laurent Gay (Grande carrosserie française), Saïgon"
inde-indochine-ets-lucien-delignon-aac225,https://entreprises-coloniales.fr/inde-indochine/Ets_Lucien_Delignon.pdf,company,"Éts Lucien Delignon, filature et tissage de soie, Phu-Phong, près Binh-dinh",Cuirs et textiles,Indochine,Indochine,,,"Delignon (Éts Lucien), filature et tissage de soie, Phu-Phong, près Binh-dinh"
inde-indochine-ets-vaccinogenes-laos-6dc4f0,https://entreprises-coloniales.fr/inde-indochine/Ets_vaccinogenes_Laos.pdf,company,Établissements vaccinogènes antivarioliques au Laos,Santé,Indochine,Indochine,,,"Établissements vaccinogènes antivarioliques au Laos : Xiêng-Khouang, Vientiane-Louang-Prabang"
inde-indochine-etude-de-tramways-en-indo-chine-2beb9f,https://entreprises-coloniales.fr/inde-indochine/Etude_de tramways_en Indo-Chine.pdf,company,Société d'Étude de tramways en Indo-Chine et pays circonvoisins,Transports terrestres et garages,Indochine,Indochine,1911,,Étude de tramways en Indo-Chine et pays circonvoisins (Société d')(1911)
inde-indochine-etudes-indochinoises-1923-bd77cf,https://entreprises-coloniales.fr/inde-indochine/Etudes_indochinoises-1923.pdf,company,Société des Études indochinoises,"Enseignement, recherche, sociétés savantes, musées…",Indochine,Indochine,1883,,"Études indochinoises (Société des)(1883)(suite du Comité agricole et industriel créé en 1865), Saïgon : listes des membres (1905 et 1923). Vie de la société"
inde-indochine-etudes-mines-attopeu-a4a537,https://entreprises-coloniales.fr/inde-indochine/Etudes_mines_Attopeu.pdf,company,Société d'Études des mines d'Attopeu,Mines,Indochine,Indochine,1896,,Études des mines d'Attopeu (Société d')(1896) : recherches aurifères au Laos
inde-indochine-etudes-mines-quang-nam-7d1674,https://entreprises-coloniales.fr/inde-indochine/Etudes_mines_Quang-Nam.pdf,company,Société d'Études des mines de Quang-Nam,Mines,Indochine,Indochine,1896,1909,Études des mines de Quang-Nam (Société d')(1896-1909) : recherches aurifères dans le Centre-Annam
inde-indochine-etudes-minieres-ic-1906-11-aa3458,https://entreprises-coloniales.fr/inde-indochine/Etudes_minieres_IC_1906-11.pdf,company,Société d'Études minières en Indo-Chine,Mines,Indochine,Indochine,1906,1909,Études minières en Indo-Chine (Société d')(1906-1909) : zinc
inde-indochine-etudes-minieres-indo-chine-701e90,https://entreprises-coloniales.fr/inde-indochine/Etudes_minieres_Indo-Chine.pdf,company,Société d'Études minières en Indo-Chine,Mines,Indochine,Indochine,1911,1924,"Études minières en Indo-Chine (Société d')(1911-1924) : association Boleo, Malfidano, Mokta, Peñarroya avec la Banque de l'Indo-Chine et la Société générale"
inde-indochine-etudes-plantations-indochine-09ae95,https://entreprises-coloniales.fr/inde-indochine/Etudes_plantations_Indochine.pdf,company,Études des plantations d'Indochine,Héveas et caoutchouc,Indochine,Indochine,,,Études des plantations d'Indochine (Société civile d') : hévéas au Thanh-Hoa
inde-indochine-etudes-pour-extreme-orient-dba07e,https://entreprises-coloniales.fr/inde-indochine/Etudes_pour_Extreme-Orient.pdf,company,Société d’Études pour l’Extrême-Orient,"Eau et assainissement, électricité (Utilities)",Indochine,Indochine,,,Études pour l’Extrême-Orient (Société d’)(Compagnie générale des eaux)
inde-indochine-eugene-delorme-carrossier-9f8a76,https://entreprises-coloniales.fr/inde-indochine/Eugene_Delorme_carrossier.pdf,person,Delorme,Transports terrestres et garages,Indochine,Indochine,,,Delorme (Eugène)(1859-1928) : loueur de voitures et carrossier à Hanoï (1903-1919). Delorme et Charles Clop. Établissement hippique de Hanoï
inde-indochine-eugene-ducreux-589e8f,https://entreprises-coloniales.fr/inde-indochine/Eugene_Ducreux.pdf,company,"Ducreux, Nam-kep",Mines,Indochine,Indochine,,,"Ducreux (Eugène), Nam-kep (Cao-bang)"
inde-indochine-eugene-haffner-f7ed43,https://entreprises-coloniales.fr/inde-indochine/Eugene_Haffner.pdf,person,Haffner,Héveas et caoutchouc,Indochine,Indochine,,,Haffner (Eugène)(1857-1930) : pionnier de l'hévéa en Cochinchine
inde-indochine-eveil-ic-cucherousset-f49253,https://entreprises-coloniales.fr/inde-indochine/Eveil_IC-Cucherousset.pdf,company,"L'Éveil économique de l'Indochine, L'Éveil de l'Indochine . Hommage à Henri Cucherousset","Imprimerie, presse, édition",Indochine,Indochine,1917,1932,"Éveil économique de l'Indochine (L')(1917-1932), L'Éveil de l'Indochine (1932-1935). Hommage à Henri Cucherousset"
inde-indochine-ewt-etains-wolfram-tonkin-a837a2,https://entreprises-coloniales.fr/inde-indochine/EWT-Etains&wolfram-Tonkin.pdf,company,"Étains et wolfram du Tonkin, puis Compagnie immobilière et financière Ewoto",Mines,Indochine,Indochine,1911,,"Étains et wolfram du Tonkin (EWT)(1911), puis Compagnie immobilière et financière Ewoto (1969)"
inde-indochine-exploit-forest-ouest-11489c,https://entreprises-coloniales.fr/inde-indochine/Exploit._forest._Ouest.pdf,company,Exploitation forestière de l'Ouest,"Bois, meubles, papier, allumettes",Indochine,Indochine,,,"Exploitation forestière de l'Ouest (Nouvelle Société), Rachgia"
inde-indochine-exploitation-agricole-tonkin-c6dc2d,https://entreprises-coloniales.fr/inde-indochine/Exploitation_agricole_Tonkin.pdf,company,Société d’Exploitation agricole au Tonkin,Cuirs et textiles,Indochine,Indochine,1897,1914,Exploitation agricole au Tonkin (Société d’)(1897-1914) : cultures cotonnières
inde-indochine-exploitation-procedes-mange-3bc1e1,https://entreprises-coloniales.fr/inde-indochine/Exploitation_procedes_Mange.pdf,company,Société pour l'Exploitation des procédés Frédéric Mange,"Bois, meubles, papier, allumettes",Indochine,Indochine,1925,,"Exploitation des procédés Frédéric Mange (Société pour l')(1925), Paris"
inde-indochine-exploitations-agricoles-ic-11a080,https://entreprises-coloniales.fr/inde-indochine/Exploitations_agricoles_IC.pdf,company,Exploitations agricoles en Indochine . Suite de la Société agricole de Phuc-Dzo,"Café, thé, épices, coco, quinquina, vanille",Indochine,Indochine,1917,,"Exploitations agricoles en Indochine (Société civile d’). Suite de la Société agricole de Phuc-Dzo (1917)(Omer Baivy, Pierre Duron) : caféiers au Thanh-Hoa (Nord-Annam)"
inde-indochine-explosifs-extreme-orient-ef2e79,https://entreprises-coloniales.fr/inde-indochine/Explosifs_Extreme-Orient.pdf,company,"Société française pour la fabrication et la vente d'Explosifs en Extrême-Orient, Phu-Xa, près Hanoï",Industries diverses,Indochine,Indochine,,,"Explosifs en Extrême-Orient (Société française pour la fabrication et la vente d'), Phu-Xa, près Hanoï : usine de cheddites"
inde-indochine-expo-art-moderne-indochinois-tokio-1943-3fd804,https://entreprises-coloniales.fr/inde-indochine/Expo_Art_moderne_indochinois_Tokio_1943.pdf,company,"Expositions de l'Art moderne indochinois, Tokio et Hanoï","Artistes peintres, sculpteurs et galeries",Indochine,Indochine,1943,,"Expositions de l'Art moderne indochinois, Tokio et Hanoï (1943)"
inde-indochine-expo-arts-deco-paris-1925-ic-d2bbbb,https://entreprises-coloniales.fr/inde-indochine/Expo_arts_deco_Paris_1925-IC.pdf,source_document,Exposition internationale des arts décoratifs modernes de Paris,Documents généraux (par ordre chronologique),Indochine,Indochine,1925,,Exposition internationale des arts décoratifs modernes de Paris (1925) : participation de l'Indochine
inde-indochine-expo-bruxelles-1935-ic-70ea8c,https://entreprises-coloniales.fr/inde-indochine/Expo_Bruxelles_1935-IC.pdf,source_document,Exposition universelle de Bruxelles,Documents généraux (par ordre chronologique),Indochine,Indochine,1935,,Exposition universelle de Bruxelles (1935) : le pavillon de l'Indochine
inde-indochine-expo-marseille-indo-chine-1906-413359,https://entreprises-coloniales.fr/inde-indochine/Expo_Marseille_Indo-Chine-1906.pdf,source_document,Exposition nationale coloniale de Marseille,Documents généraux (par ordre chronologique),Indochine,Indochine,1906,,Exposition nationale coloniale de Marseille (1906) : participation de l'Indo-Chine
inde-indochine-expo-marseille-indo-chine-1922-89cffe,https://entreprises-coloniales.fr/inde-indochine/Expo_Marseille_Indo-Chine-1922.pdf,source_document,Exposition nationale coloniale de Marseille,Documents généraux (par ordre chronologique),Indochine,Indochine,1922,,Exposition nationale coloniale de Marseille (1922) : participation de l'Indo-Chine
inde-indochine-expo-paris-indochine-1931-f5351b,https://entreprises-coloniales.fr/inde-indochine/Expo_Paris_Indochine-1931.pdf,source_document,Exposition coloniale internationale et des pays d'outre-mer de Paris-Vincennes,Documents généraux (par ordre chronologique),Indochine,Indochine,1931,,Exposition coloniale internationale et des pays d'outre-mer de Paris-Vincennes (1931) : participation de l'Indo-Chine
inde-indochine-expo-univ-anvers-1885-ic-192e01,https://entreprises-coloniales.fr/inde-indochine/Expo_univ._Anvers_1885-IC.pdf,source_document,Exposition universelle d'Anvers,Documents généraux (par ordre chronologique),Indochine,Indochine,1885,,Exposition universelle d'Anvers (1885) : participation de l'Indochine
inde-indochine-expo-univ-paris-1889-ic-d70efd,https://entreprises-coloniales.fr/inde-indochine/Expo_univ._Paris_1889-IC.pdf,source_document,Exposition universelle de Paris,Documents généraux (par ordre chronologique),Indochine,Indochine,1889,,Exposition universelle de Paris (1889) : participation de l'Indochine
inde-indochine-expo-univ-paris-1900-ic-76677f,https://entreprises-coloniales.fr/inde-indochine/Expo_univ._Paris_1900-IC.pdf,source_document,Exposition universelle de Paris,Documents généraux (par ordre chronologique),Indochine,Indochine,1900,,Exposition universelle de Paris (1900) : participation de l'Indochine
inde-indochine-exportation-d-extreme-orient-76477b,https://entreprises-coloniales.fr/inde-indochine/Exportation_d'Extreme-Orient.pdf,company,Compagnie d'Exportation d'Extrême-Orient,Commerce,Indochine,Indochine,1914,1930,"Exportation d'Extrême-Orient (Compagnie d')(CEDEO)(1914-1930), Paris, Hanoï"
inde-indochine-exposition-anvers-1930-caa136,https://entreprises-coloniales.fr/inde-indochine/Exposition_Anvers_1930.pdf,source_document,Exposition d’Anvers,Documents généraux (par ordre chronologique),Indochine,Indochine,1930,,Exposition d’Anvers (1930) : participation de l'Indochine
inde-indochine-exposition-hanoi-1887-7fe0f3,https://entreprises-coloniales.fr/inde-indochine/Exposition_Hanoi_1887.pdf,source_document,Exposition de Hanoï,Documents généraux (par ordre chronologique),Indochine,Indochine,1887,,Exposition de Hanoï (1887)
inde-indochine-exposition-hanoi-1902-1903-ea09ec,https://entreprises-coloniales.fr/inde-indochine/Exposition_Hanoi-1902-1903.pdf,source_document,Exposition de Hanoï Comprenant le rapport Gaffarel.,Documents généraux (par ordre chronologique),Indochine,Indochine,1902,1903,Exposition de Hanoï (1902-1903)(175 p.) Comprenant le rapport Gaffarel.
inde-indochine-exposition-medicale-francaise-1890a4,https://entreprises-coloniales.fr/inde-indochine/Exposition_medicale_francaise.pdf,company,L'exposition médicale française,Santé,Indochine,Indochine,1940,1941,"L'exposition médicale française (1940-1941) : exposition itinérante Japon, Shanghaï, Saïgon, Hué, Hanoï"
inde-indochine-exposition-san-francisco-ic-93f9ec,https://entreprises-coloniales.fr/inde-indochine/Exposition_San_Francisco-IC.pdf,source_document,Exposition internationale de San Francisco,Documents généraux (par ordre chronologique),Indochine,Indochine,,,Exposition internationale de San Francisco (Golden Gate international Exposition)(mars-octobre 1939) : participation de l'Indochine
inde-indochine-exposition-vaticane-1925-ic-d73f2a,https://entreprises-coloniales.fr/inde-indochine/Exposition_vaticane-1925_IC.pdf,company,Exposition missionnaire du Vatican,Entreprises religieuses,Indochine,Indochine,1925,1926,Exposition missionnaire du Vatican (1925-1926) : l'Indochine
inde-indochine-extreme-asie-053537,https://entreprises-coloniales.fr/inde-indochine/Extreme-Asie.pdf,company,Extrême-Asie,"Imprimerie, presse, édition",Indochine,Indochine,,,"Extrême-Asie (revue mensuelle), Saïgon"
inde-indochine-extreme-orient-navigation-a48614,https://entreprises-coloniales.fr/inde-indochine/Extreme-Orient_Navigation.pdf,company,"Extrême-Orient, Société française de navigation","Transports fluviaux, maritimes et aériens. Ports, phares",Indochine,Indochine,1901,1907,"Extrême-Orient, Société française de navigation (1901-1907)"
inde-indochine-eychenne-c-nicolas-87e65c,https://entreprises-coloniales.fr/inde-indochine/Eychenne_c-Nicolas.pdf,person,Nicolas,"Bâtiment-travaux publics, matériaux de construction, céramiques",Indochine,Indochine,,,"Nicolas (Édouard), Saïgon : entrepreneur assassiné en 1929 par Henri Eychenne"
inde-indochine-f-fischer-saigon-40e43f,https://entreprises-coloniales.fr/inde-indochine/F._Fischer-Saigon.pdf,person,"Fischer, ressortissant allemand",Sociétés foncières et immobilières,Indochine,Indochine,,,"Fischer (F.), ressortissant allemand, Saïgon : propriétaire foncier et immobilier"
inde-indochine-f-x-giacomoni-8f7579,https://entreprises-coloniales.fr/inde-indochine/F.-X._Giacomoni.pdf,person,Giacomoni,Héveas et caoutchouc,Indochine,Indochine,,,"Giacomoni (François-Xavier) : administrateur des services civils, planteur d'hévéas, rénovateur des thermes de Baracci (Corse)"
inde-indochine-fabrication-pates-alim-b39597,https://entreprises-coloniales.fr/inde-indochine/Fabrication_pates_alim.pdf,company,Société française de Fabrication de pâtes alimentaires,Autres industries alimentaires,Indochine,Indochine,,,"Fabrication de pâtes alimentaires (Société française de)(suite de Valdor et Arrio), Saïgon"
inde-indochine-fabrinat-phat-thiem-0703bc,https://entreprises-coloniales.fr/inde-indochine/Fabrinat-Phat-Thiem.pdf,company,"Fabrinat, Phât-Thiêm","Bois, meubles, papier, allumettes",Indochine,Indochine,,,"Fabrinat, Phât-Thiêm : son stand de vannerie-sparterie à l'Exposition de l'artisanat d'Hanoï (1944)"
inde-indochine-faci-saigon-5e9cfc,https://entreprises-coloniales.fr/inde-indochine/FACI-Saigon.pdf,company,"Forges, ateliers et chantiers d'Indochine","Métallurgie, constructions mécaniques, électriques, navales",Indochine,Indochine,1919,,"Forges, ateliers et chantiers d'Indochine (FACI)(S.A., 1919), Saïgon"
inde-indochine-faco-pnom-penh-057231,https://entreprises-coloniales.fr/inde-indochine/FACO-Pnom-Penh.pdf,company,"Forges, ateliers et chantiers du Cambodge","Métallurgie, constructions mécaniques, électriques, navales",Indochine,Indochine,,,"Forges, ateliers et chantiers du Cambodge (FACO), Pnom-Penh"
inde-indochine-faculte-medecine-hanoi-f5cd80,https://entreprises-coloniales.fr/inde-indochine/Faculte_medecine_Hanoi.pdf,company,"École de médecine, puis Faculté de médecine et de pharmacie de Hanoï",Santé,Indochine,Indochine,,,"École de médecine, puis Faculté de médecine et de pharmacie de Hanoï"
inde-indochine-fajolle-freres-hue-7662b4,https://entreprises-coloniales.fr/inde-indochine/Fajolle_freres-Hue.pdf,company,"Tutier et Fajolle, puis Fajolle frères, puis Adrien Fajolle",Commerce,Indochine,Indochine,,,"Tutier et Fajolle, puis Fajolle frères, puis Adrien Fajolle, Hué : approvisionnement général, hôtellerie, édition de cartes postales"
inde-indochine-fang-tong-sang-photos-ktw-19ee56,https://entreprises-coloniales.fr/inde-indochine/Fang-Tong-Sang_Photos_KTW.pdf,company,Kouang-tchéou-Wan,"Transports fluviaux, maritimes et aériens. Ports, phares",Indochine,Indochine,,,Kouang-tchéou-Wan (Guangzhouwan) : 43 photos de Fang-Tong-Sang (1901-1903)
inde-indochine-farreras-van-phu-23bec1,https://entreprises-coloniales.fr/inde-indochine/Farreras-Van-Phu.pdf,company,"Farreras, Van-Phu","Café, thé, épices, coco, quinquina, vanille",Indochine,Indochine,1923,1935,"Farreras (Jules), Van-Phu (Yên-Bay)(1923-1935)(ancienne concession Courteix) : riz, café, thé, canne à sucre"
inde-indochine-fcsa-ufisa-38232d,https://entreprises-coloniales.fr/inde-indochine/FCSA-UFISA.pdf,company,"Fédération cochinchinoise des sports athlétiques, puis Union des fédérations indochinoises de sports athlétiques",Sports,Indochine,Indochine,1923,,"Fédération cochinchinoise des sports athlétiques (FCSA)(1923), puis Union des fédérations indochinoises de sports athlétiques (UFISA)(1929)"
inde-indochine-fenies-cie-c0e5d7,https://entreprises-coloniales.fr/inde-indochine/Fenies_&_Cie.pdf,person,Féniès,"Bâtiment-travaux publics, matériaux de construction, céramiques",Indochine,Indochine,,,"Féniès (Georges)(ingénieur E.C.P.), Haïphong : entrepreneur, industriel"
inde-indochine-ferme-experimentale-blao-b08527,https://entreprises-coloniales.fr/inde-indochine/Ferme_experimentale_Blao.pdf,company,Ferme expérimentale ou Ferme de colonisation de Blao,"Café, thé, épices, coco, quinquina, vanille",Indochine,Indochine,,,"Blao (Ferme expérimentale ou Ferme de colonisation de), Haut-Donnaï (Annam)"
inde-indochine-fermiere-pia-ouac-d8e713,https://entreprises-coloniales.fr/inde-indochine/Fermiere_Pia-Ouac.pdf,company,Société d'exploitations des Étains et wolfram du Pia-Ouac,Mines,Indochine,Indochine,1933,1938,Étains et wolfram du Pia-Ouac (Société d'exploitations des)(société fermière)(1933-1938)
inde-indochine-fernand-bernard-1866-1961-1a0834,https://entreprises-coloniales.fr/inde-indochine/Fernand_Bernard-1866-1961.pdf,person,"Bernard, polytechnicien",Groupes indochinois et dirigeants d'affaires diverses,Indochine,Indochine,,,"Bernard (Colonel Fernand)(1866-1961), polytechnicien"
inde-indochine-fic-hanoi-ecd610,https://entreprises-coloniales.fr/inde-indochine/FIC-Hanoi.pdf,company,Fabrique indochinoise de caoutchouc,Héveas et caoutchouc,Indochine,Indochine,,,"Fabrique indochinoise de caoutchouc (FIC), Hanoï"
inde-indochine-fice-paris-saigon-50579a,https://entreprises-coloniales.fr/inde-indochine/FICE_Paris_Saigon.pdf,company,Compagnie Franco-Indochinoise de Commission et d'exportation,Commerce,Indochine,Indochine,1927,,"Franco-Indochinoise de Commission et d'exportation (Compagnie)(FICE)(S.A., 1927), Paris, Saïgon"
inde-indochine-fiduciaire-indochine-a3572a,https://entreprises-coloniales.fr/inde-indochine/Fiduciaire_Indochine.pdf,company,"Société Fiduciaire d'Indochine, Saïgon. Suivi de la liste des commissaires aux comptes agréés en Indochine","Banque, gérance, assurances…",Indochine,Indochine,1930,,"Fiduciaire d'Indochine (Société)(SFI)(ex-Société indochinoise de contrôle et de gestion)(S.A., 1930), Saïgon. Suivi de la liste des commissaires aux comptes agréés en Indochine (1940 et 1946)"
inde-indochine-filature-milikeng-70fe13,https://entreprises-coloniales.fr/inde-indochine/Filature_Milikeng.pdf,company,"Filature Milikeng, Chanh-Hung",Cuirs et textiles,Indochine,Indochine,,,"Milikeng (Filature), Chanh-Hung (Cholon)"
inde-indochine-filature-tissage-binh-dinh-a84c2b,https://entreprises-coloniales.fr/inde-indochine/Filature-tissage-Binh-Dinh.pdf,company,"Flachet, Lê-Van-Nhuân et Cie, Binh-Dinh",Cuirs et textiles,Indochine,Indochine,,,"Flachet, Lê-Van-Nhuân et Cie, Binh-Dinh, puis Hué : filature et tissage de soie"
inde-indochine-filatures-soie-tonkin-a06b5c,https://entreprises-coloniales.fr/inde-indochine/Filatures_soie_Tonkin.pdf,company,Société française des Filatures de soie du Tonkin,Cuirs et textiles,Indochine,Indochine,1903,1906,"Filatures de soie du Tonkin (Société française des)(1903-1906), Nam-Dinh"
inde-indochine-filteries-ic-haiphong-2624e5,https://entreprises-coloniales.fr/inde-indochine/Filteries_IC-Haiphong.pdf,company,Filteries de l'Indochine,Cuirs et textiles,Indochine,Indochine,,,"Filteries de l'Indochine, Haïphong"
inde-indochine-financ-min-extr-or-c0e9a3,https://entreprises-coloniales.fr/inde-indochine/Financ._&_min._Extr.-Or.pdf,company,Société Financière et Minière d'Extrême-Orient,Mines,Indochine,Indochine,,,Financière et Minière d'Extrême-Orient (Société) : recherche de cuivre au Tonkin.
inde-indochine-financiere-du-cambodge-bbdbc0,https://entreprises-coloniales.fr/inde-indochine/Financiere_du_Cambodge.pdf,company,"Société Financière du Cambodge, S.A., 1957","Banque, gérance, assurances…",Indochine,Indochine,,,"Financière du Cambodge (Société), S.A., 1957"
inde-indochine-fleuve-rouge-digues-de3680,https://entreprises-coloniales.fr/inde-indochine/Fleuve_Rouge-digues.pdf,company,Fleuve Rouge,"Hydraulique agricole, irrigations (du nord au sud)",Indochine,Indochine,,,"Fleuve Rouge : digues, inondations (101 p.)"
inde-indochine-flotte-indochinoise-0ec504,https://entreprises-coloniales.fr/inde-indochine/Flotte_indochinoise.pdf,company,La Flotte indochinoise,"Transports fluviaux, maritimes et aériens. Ports, phares",Indochine,Indochine,1917,1928,Flotte indochinoise (La)(1917-1928) : une parenthèse étatique
inde-indochine-foire-de-hue-1936-b42a2f,https://entreprises-coloniales.fr/inde-indochine/Foire_de_Hue_1936.pdf,company,Foire de Hué 1936. La participation du Khanh-Hoà,Commerce,Indochine,Indochine,,,Foire de Hué 1936. La participation du Khanh-Hoà
inde-indochine-foire-expo-saigon-1942-1943-bb9316,https://entreprises-coloniales.fr/inde-indochine/Foire-Expo_Saigon_1942-1943.pdf,source_document,L'Indochine féérique de l'amiral Decoux en trente-trois tableaux,Documents généraux (par ordre chronologique),Indochine,Indochine,,,"L'Indochine féérique de l'amiral Decoux en trente-trois tableaux : reportage de Trân-xuân-Sinh à la foire-exposition de Saïgon (La Volonté indochinoise, 28 décembre 1942-11 février 1943)(73 p.)"
inde-indochine-foire-fauves-ban-methuot-027e37,https://entreprises-coloniales.fr/inde-indochine/Foire_fauves_Ban-Methuot.pdf,company,Foire aux fauves de Ban-mé-thuot,Sports,Indochine,Indochine,,,Foire aux fauves de Ban-mé-thuot (avril 1928)
inde-indochine-foires-expositions-saigon-08552d,https://entreprises-coloniales.fr/inde-indochine/Foires-expositions_Saigon.pdf,source_document,Foires-expositions et kermesses de Saïgon,Documents généraux (par ordre chronologique),Indochine,Indochine,1925,1948,Foires-expositions et kermesses de Saïgon (1925-1948)
inde-indochine-folklore-indochinois-31bd8b,https://entreprises-coloniales.fr/inde-indochine/Folklore_indochinois.pdf,company,Société du Folklore indochinois,"Enseignement, recherche, sociétés savantes, musées…",Indochine,Indochine,1936,,Folklore indochinois (Société du)(1936)
inde-indochine-fommervault-g-de-72bdc2,https://entreprises-coloniales.fr/inde-indochine/Fommervault_G._de.pdf,person,Gaston de Fommervault,Groupes indochinois et dirigeants d'affaires diverses,Indochine,Indochine,,,Gaston de Fommervault (1872-?)
inde-indochine-fommervault-o-de-97e2d6,https://entreprises-coloniales.fr/inde-indochine/Fommervault_O._de.pdf,person,Octave Frédéric de Fommervault,Groupes indochinois et dirigeants d'affaires diverses,Indochine,Indochine,,,Octave Frédéric de Fommervault (1876-c. 1939)
inde-indochine-fonciere-agricole-saigon-d63667,https://entreprises-coloniales.fr/inde-indochine/Fonciere_Agricole-Saigon.pdf,company,Société Foncière et Agricole de Saïgon,Héveas et caoutchouc,Indochine,Indochine,1921,,Foncière et Agricole de Saïgon (Société)(1921)
inde-indochine-fonciere-annam-cf8c2b,https://entreprises-coloniales.fr/inde-indochine/Fonciere_Annam.pdf,company,Compagnie Foncière de l'Annam,Sociétés foncières et immobilières,Indochine,Indochine,,,Foncière de l'Annam (Compagnie)
inde-indochine-fonciere-d-indochine-1922-1949-683300,https://entreprises-coloniales.fr/inde-indochine/Fonciere_d_Indochine_1922-1949.pdf,company,Compagnie Foncière d'Indochine,Sociétés foncières et immobilières,Indochine,Indochine,1922,1949,Foncière d'Indochine (Compagnie)(1922-1949)
inde-indochine-fonciere-de-giadinh-49c26b,https://entreprises-coloniales.fr/inde-indochine/Fonciere_de_Giadinh.pdf,company,Société Foncière de Giadinh,Sociétés foncières et immobilières,Indochine,Indochine,,,Foncière de Giadinh (Société)
inde-indochine-fonciere-de-l-indo-chine-86f406,https://entreprises-coloniales.fr/inde-indochine/Fonciere_de_l_Indo-Chine.pdf,company,Société Foncière de l'Indo-Chine,Transports terrestres et garages,Indochine,Indochine,1900,1929,"Foncière de l'Indo-Chine (Société)(1900-1929), Hanoï : tramways électriques"
inde-indochine-fonciere-du-cambodge-79a92f,https://entreprises-coloniales.fr/inde-indochine/Fonciere_du_Cambodge.pdf,company,Société Foncière du Cambodge,Sociétés foncières et immobilières,Indochine,Indochine,1927,,"Foncière du Cambodge (Société)(S.A., 1927), Pnom-Penh"
inde-indochine-fonciere-immobiliere-chi-hoa-a5a613,https://entreprises-coloniales.fr/inde-indochine/Fonciere_Immobiliere_Chi-Hoa.pdf,company,Société Foncière et Immobilière de Chi-Hoa,Sociétés foncières et immobilières,Indochine,Indochine,1929,,"Foncière et Immobilière de Chi-Hoa (Société)(S.A., 1929), Saïgon"
inde-indochine-fonciere-rizicole-soctrang-b16762,https://entreprises-coloniales.fr/inde-indochine/Fonciere+rizicole_Soctrang.pdf,company,Société foncière et rizicole de Soctrang,"Rizières, rizeries, négoce de riz et autres céréales",Indochine,Indochine,,,Soctrang (Société foncière et rizicole de)
inde-indochine-fonciere-saigonnaise-df8500,https://entreprises-coloniales.fr/inde-indochine/Fonciere_saigonnaise.pdf,company,Société Foncière saïgonnaise,Sociétés foncières et immobilières,Indochine,Indochine,1928,,Foncière saïgonnaise (Société)(1928)
inde-indochine-fonciere-tonkin-annam-5411ce,https://entreprises-coloniales.fr/inde-indochine/Fonciere_Tonkin+Annam.pdf,company,Société Foncière du Tonkin et de l'Annam,Sociétés foncières et immobilières,Indochine,Indochine,1928,,"Foncière du Tonkin et de l'Annam (Société)(SOFONTA)(Société civile foncière 1928, S.A., 1929), Hanoï"
inde-indochine-foncim-saigon-36b112,https://entreprises-coloniales.fr/inde-indochine/FONCIM-Saigon.pdf,company,Société Foncière et Immobilière d'Indochine,Sociétés foncières et immobilières,Indochine,Indochine,1939,,"Foncière et Immobilière d'Indochine (Société)(FONCIM)(S.A., 1939), Saïgon"
inde-indochine-fondacci-tan-phong-584824,https://entreprises-coloniales.fr/inde-indochine/Fondacci-Tan-phong.pdf,company,"Fondacci, Tân-Phong",Héveas et caoutchouc,Indochine,Indochine,,,"Fondacci (Antoine), Tân-Phong"
inde-indochine-fonderie-d-extreme-orient-d3a6d5,https://entreprises-coloniales.fr/inde-indochine/Fonderie_d_Extreme-Orient.pdf,company,Fonderie d'Extrême-Orient,"Métallurgie, constructions mécaniques, électriques, navales",Indochine,Indochine,,,"Fonderie d'Extrême-Orient, Haïphong"
inde-indochine-forestiere-commerciale-annam-a396b8,https://entreprises-coloniales.fr/inde-indochine/Forestiere+commerciale-Annam.pdf,company,Société Forestière et commerciale de l'Annam,"Bois, meubles, papier, allumettes",Indochine,Indochine,1890,1922,Forestière et commerciale de l'Annam (Société)(1890-1922)
inde-indochine-forestiere-du-mekong-22accf,https://entreprises-coloniales.fr/inde-indochine/Forestiere_du_Mekong.pdf,company,"Compagnie, puis Nouvelle Compagnie Forestière du Mékong, puis Exploitation forestière du Mékong","Bois, meubles, papier, allumettes",Indochine,Indochine,1912,1927,"Forestière du Mékong (Compagnie, puis Nouvelle Compagnie)(1912-1927), puis Exploitation forestière du Mékong (1927-1928)(ex-Syndicat d'études du Haut-Mékong)"
inde-indochine-forestiere-indochinoise-23abef,https://entreprises-coloniales.fr/inde-indochine/Forestiere_indochinoise.pdf,company,Compagnie Forestière indochinoise,"Bois, meubles, papier, allumettes",Indochine,Indochine,1924,1936,Forestière indochinoise (Compagnie)(1924-1936)
inde-indochine-forestiere-tonkin-dubosq-afe15e,https://entreprises-coloniales.fr/inde-indochine/Forestiere_Tonkin_Dubosq.pdf,company,"Forestière du Tonkin, scierie","Bois, meubles, papier, allumettes",Indochine,Indochine,,,"Forestière du Tonkin (Dubosq), scierie, Hanoï"
inde-indochine-forets-scieries-bienhoa-2ae8a4,https://entreprises-coloniales.fr/inde-indochine/Forets+scieries_Bienhoa.pdf,company,Forêts et scieries de Bienhoa,"Bois, meubles, papier, allumettes",Indochine,Indochine,1939,1956,Forêts et scieries de Bienhoa (1939-1956)
inde-indochine-foropon-delegue-sam-neua-dd0845,https://entreprises-coloniales.fr/inde-indochine/Foropon_delegue_Sam-Neua.pdf,source_document,"Un assassinat étouffé chez les Houa-Phan ? Campagne d'Amédée Clémenti contre l'impunité du capitaine Jean Foropon, délégué du gouvernement à Sam-Neua",Documents généraux (par ordre chronologique),Indochine,Indochine,,,"Un assassinat étouffé chez les Houa-Phan (Laos)(4 septembre 1927) ? Campagne d'Amédée Clémenti (L'Argus indochinois) contre l'impunité du capitaine Jean Foropon, délégué du gouvernement à Sam-Neua"
inde-indochine-foropon-monographie-pa-kha-d83a6f,https://entreprises-coloniales.fr/inde-indochine/Foropon_Monographie_Pa-Kha.pdf,company,Foropon,"Hôtellerie, tourisme",Indochine,Indochine,,,Foropon (Jean) : monographie de Pa-kha. Proposition de création d'une station estivale
inde-indochine-fortune-coutel-hanoi-104f3f,https://entreprises-coloniales.fr/inde-indochine/Fortune_Coutel-Hanoi.pdf,company,Coutel,"Bâtiment-travaux publics, matériaux de construction, céramiques",Indochine,Indochine,,,"Coutel (Fortuné), Hanoï : entrepreneur, créateur de la briqueterie du Grand-Bouddha"
inde-indochine-foukien-bank-haiphong-a5c75a,https://entreprises-coloniales.fr/inde-indochine/Foukien_Bank-Haiphong.pdf,company,Foukien Bank,"Banque, gérance, assurances…",Indochine,Indochine,,,"Foukien Bank, Haïphong"
inde-indochine-fournier-trelluyer-levache-0a1ad2,https://entreprises-coloniales.fr/inde-indochine/Fournier_Trelluyer_Levache.pdf,company,Fournier Trelluyer Levaché,"Bâtiment-travaux publics, matériaux de construction, céramiques",Indochine,Indochine,1889,1900,"Fournier Trelluyer Levaché (1889-1900), Hanoï : menuiserie, serrurerie, travaux publics"
inde-indochine-foyer-etudiants-annamites-hanoi-3d027e,https://entreprises-coloniales.fr/inde-indochine/Foyer_etudiants_annamites-Hanoi.pdf,company,Foyer des étudiants annamites de Hanoï,"Enseignement, recherche, sociétés savantes, musées…",Indochine,Indochine,1922,1929,Foyer des étudiants annamites de Hanoï (1922-1929) : une création de Paul Monet avec le concours de l'YMCA. Campagne de Marc Dandolo (L'Avenir du Tonkin) contre Paul Monet
inde-indochine-fr-indoch-etudes-minieres-8a4b46,https://entreprises-coloniales.fr/inde-indochine/Fr.-Indoch._etudes_minieres.pdf,company,Franco-Indochinoise d’Études minières,Mines,Indochine,Indochine,,,Franco-Indochinoise d’Études minières (Société civile)
inde-indochine-francaise-du-mekong-f33a05,https://entreprises-coloniales.fr/inde-indochine/Francaise_du_Mekong.pdf,company,Cie française du Mékong,Commerce,Indochine,Indochine,,,"Mékong (Cie française du)(Anc. Éts Gabriel Troude), Paksé (Laos)"
inde-indochine-francaise-immobiliere-hanoi-274a2a,https://entreprises-coloniales.fr/inde-indochine/Francaise_Immobiliere_Hanoi.pdf,company,Compagnie Française Immobilière de Hanoï,Sociétés foncières et immobilières,Indochine,Indochine,,,Française Immobilière de Hanoï (Compagnie) : propriétaire de l'hôtel Métropole à Hanoï et succursales
inde-indochine-francaise-mineralurgique-9ed67b,https://entreprises-coloniales.fr/inde-indochine/Francaise-Mineralurgique.pdf,company,Compagnie Française Minéralurgique,Mines,Indochine,Indochine,,,"Française Minéralurgique (Compagnie), Paris, Haïphong"
inde-indochine-francaise-transports-hanoi-d94f37,https://entreprises-coloniales.fr/inde-indochine/Francaise-transports-Hanoi.pdf,company,"Société Française de transports, construction et location de pousse-pousse","Métallurgie, constructions mécaniques, électriques, navales",Indochine,Indochine,,,"Française de transports (Société), construction et location de pousse-pousse, Hanoï"
inde-indochine-france-indochine-hanoi-d527b8,https://entreprises-coloniales.fr/inde-indochine/France-Indochine-Hanoi.pdf,company,France Indochine,"Imprimerie, presse, édition",Indochine,Indochine,1919,1939,"France Indochine (1919-1939)(Henri Laumonier, puis René Daurelle), Hanoï"
inde-indochine-francefom-e507ff,https://entreprises-coloniales.fr/inde-indochine/Francefom.pdf,company,Société française de Constructions et exploitations forestières d'outre-mer,"Bois, meubles, papier, allumettes",Indochine,Indochine,,,"Constructions et exploitations forestières d'outre-mer (Société française de)(Francefom), Paris, Pnom-Penh, Hanoï"
inde-indochine-francfort-et-samuel-63c57c,https://entreprises-coloniales.fr/inde-indochine/Francfort_et_Samuel.pdf,company,Francfort et Samuel,Cuirs et textiles,Indochine,Indochine,1871,1874,"Francfort et Samuel, Cholon (1871-1874) : filature de soie"
inde-indochine-francmacs-joef-ic-8cb88e,https://entreprises-coloniales.fr/inde-indochine/Francmacs-JOEF-IC.pdf,source_document,Liste des francs-maçons d'Indochine stigmatisés par le régime de Vichy,Documents généraux (par ordre chronologique),Indochine,Indochine,,,Liste des francs-maçons d'Indochine stigmatisés par le régime de Vichy
inde-indochine-franco-americaine-d-assurances-ic-6ad4d5,https://entreprises-coloniales.fr/inde-indochine/Franco-Américaine_d_assurances-IC.pdf,company,Compagnie Franco-Américaine d’Assurances,"Banque, gérance, assurances…",Indochine,Indochine,,,Franco-Américaine d’Assurances (Compagnie)(Indochine)
inde-indochine-franco-coloniale-riz-b57137,https://entreprises-coloniales.fr/inde-indochine/Franco-Coloniale_Riz.pdf,company,Compagnie Franco-coloniale des riz,"Rizières, rizeries, négoce de riz et autres céréales",Indochine,Indochine,1927,1929,Franco-coloniale des riz (Compagnie)(1927-1929)
inde-indochine-franco-saigonnaise-soc-798f9d,https://entreprises-coloniales.fr/inde-indochine/Franco-Saigonnaise_Soc.pdf,company,Société Franco-Saïgonnaise,"Rizières, rizeries, négoce de riz et autres céréales",Indochine,Indochine,1932,1938,"Franco-Saïgonnaise (Société)(1932-1938) : négoce de céréales, riz, légumes secs"
inde-indochine-franco-tonkinoise-import-export-1e8920,https://entreprises-coloniales.fr/inde-indochine/Franco-Tonkinoise_Import-export.pdf,company,Société Franco-Tonkinoise d’Importation et d’exportation,Commerce,Indochine,Indochine,1888,1891,"Franco-Tonkinoise d’Importation et d’exportation (Société)(1888-1891), Hanoï"
inde-indochine-francois-bres-dalat-d69ed8,https://entreprises-coloniales.fr/inde-indochine/Francois_Bres-Dalat.pdf,company,"Brès, entrepreneur","Bâtiment-travaux publics, matériaux de construction, céramiques",Indochine,Indochine,,,"Brès (François), entrepreneur, Dalat"
inde-indochine-francois-canavaggio-7435b8,https://entreprises-coloniales.fr/inde-indochine/Francois_Canavaggio.pdf,company,"Plantation François Canavaggio, région de Thu-Duc à Thudaumot",Héveas et caoutchouc,Indochine,Indochine,,,"Canavaggio (Plantation François), région de Thu-Duc à Thudaumot"
inde-indochine-francois-lyard-haiphong-42fec7,https://entreprises-coloniales.fr/inde-indochine/Francois_Lyard-Haiphong.pdf,person,Lyard,"Bâtiment-travaux publics, matériaux de construction, céramiques",Indochine,Indochine,,,"Lyard (François), Haïphong : entrepreneur, constructeur des réseaux d'eau de Cholon (1899-1901) et de Hué (1918-1912)"
inde-indochine-francois-lyard-mines-583926,https://entreprises-coloniales.fr/inde-indochine/François_Lyard_mines.pdf,person,Lyard,Mines,Indochine,Indochine,,,Lyard (François) : concessionnaire minier au Tonkin
inde-indochine-frco-annam-ouest-cochinch-af9382,https://entreprises-coloniales.fr/inde-indochine/Frco-annam._Ouest-Cochinch.pdf,company,Société Franco-annamite d'exploitation agricole de l’Ouest cochinchinois,"Rizières, rizeries, négoce de riz et autres céréales",Indochine,Indochine,,,Franco-annamite d'exploitation agricole de l’Ouest cochinchinois (Société)(Bui-Quang-Chieu) : 4.115 hectares
inde-indochine-freres-ecoles-chretiennes-ic-6f8e59,https://entreprises-coloniales.fr/inde-indochine/Freres_ecoles_chretiennes-IC.pdf,company,Frères des écoles chrétiennes,"Enseignement, recherche, sociétés savantes, musées…",Indochine,Indochine,,,"Frères des écoles chrétiennes (saint Jean de la Salle) : 16 écoles, 6.000 élèves (1945)"
inde-indochine-frexor-leon-nant-cie-3d586c,https://entreprises-coloniales.fr/inde-indochine/Frexor-Leon_Nant_&_Cie.pdf,company,"Frexor, Saïgon et succursales",Commerce,Indochine,Indochine,,,"Frexor (France-Extrême-Orient)(Léon Nant & Cie), Saïgon et succursales"
inde-indochine-frigorifiques-extreme-orient-5d2e35,https://entreprises-coloniales.fr/inde-indochine/Frigorifiques_Extreme-Orient.pdf,company,Société des Frigorifiques d'Extrême-Orient,Autres industries alimentaires,Indochine,Indochine,1921,1924,Frigorifiques d'Extrême-Orient (Société des)(1921-1924)
inde-indochine-frigorifiques-ic-a6e6fe,https://entreprises-coloniales.fr/inde-indochine/Frigorifiques_IC.pdf,company,Société des Frigorifiques d'Indochine,Autres industries alimentaires,Indochine,Indochine,1929,1937,"Frigorifiques d'Indochine (Société des)(1929-1937), Saïgon, Dalat, Nhatrang"
inde-indochine-fripouilles-indochine-7081ac,https://entreprises-coloniales.fr/inde-indochine/Fripouilles_Indochine.pdf,source_document,Quelle est la plus belle fripouille de l'Indochine ?,Documents généraux (par ordre chronologique),Indochine,Indochine,,,"Quelle est la plus belle fripouille de l'Indochine ? (Le Merle mandarin, 1927-1928)"
inde-indochine-frric-ca1bc6,https://entreprises-coloniales.fr/inde-indochine/FRRIC.pdf,source_document,Associations de Résistants d'Indochine,Documents généraux (par ordre chronologique),Indochine,Indochine,,,Associations de Résistants d'Indochine
inde-indochine-frric-missions-frs-de-langlade-f640dd,https://entreprises-coloniales.fr/inde-indochine/FRRIC_Missions_Frs_de_Langlade.pdf,source_document,"Les missions de François de Langlade en Indochine in Ferdinand Michel, président de la Fédération des réseaux de résistance en Indochine",Documents généraux (par ordre chronologique),Indochine,Indochine,,,"Les missions de François de Langlade en Indochine in Ferdinand Michel, président de la Fédération des réseaux de résistance en Indochine (FRRIC) : les correspondants extérieurs de la résistance d'Indochine (juin 1940-mars 1943), le général de Gaulle envoie le commandant de Langlade en Indochine (1944)"
inde-indochine-frs-berthelot-de-la-gletais-a25753,https://entreprises-coloniales.fr/inde-indochine/Frs_Berthelot_de_la_Gletais.pdf,person,Berthelot de la Glétais,"Rizières, rizeries, négoce de riz et autres céréales",Indochine,Indochine,,,"Berthelot de la Glétais (François)(Ploërmel, 1882-Saïgon, 1938) : grand riziculteur à Baclieu"
inde-indochine-g-h-mumm-1920-1962-7ae8fe,https://entreprises-coloniales.fr/inde-indochine/G.-H._Mumm_1920-1962.pdf,company,Société vinicole de Champagne G.-H. Mumm,Commerce,Indochine,Indochine,1920,1962,G.-H. Mumm (1920-1962)(Société vinicole de Champagne) : champagne
inde-indochine-g-y-vrinat-saigon-39bc76,https://entreprises-coloniales.fr/inde-indochine/G.Y._Vrinat-Saigon.pdf,company,Vrinat,Commerce,Indochine,Indochine,,,"Vrinat (Georges Yvon), Saïgon : agent général d'assurances, voyagiste, courtier en riz, administrateur de sociétés…"
inde-indochine-gabellieri-crenier-saigon-86a0e2,https://entreprises-coloniales.fr/inde-indochine/Gabellieri&Crenier-Saigon.pdf,company,Gabellieri & Crenier,"Bâtiment-travaux publics, matériaux de construction, céramiques",Indochine,Indochine,,,"Gabellieri & Crenier, Saïgon : marbrerie funéraire et décorative"
inde-indochine-gabriel-veyres-c5ffac,https://entreprises-coloniales.fr/inde-indochine/Gabriel_Veyres.pdf,company,Veyrès,"Bâtiment-travaux publics, matériaux de construction, céramiques",Indochine,Indochine,,,"Veyrès (Gabriel), Hanoï, Haïphong"
inde-indochine-gadzarts-indochine-06c034,https://entreprises-coloniales.fr/inde-indochine/Gadzarts_Indochine.pdf,source_document,Gadz'arts Indochine,Amicales régionales et professionnelles : les petites patries à l'ombre de la grande ; amitié et solidarité,Indochine,Indochine,,,Gadz'arts Indochine : anciens élèves des écoles des Arts et Métiers
inde-indochine-gaisman-france-au-tonkin-37f4d5,https://entreprises-coloniales.fr/inde-indochine/Gaisman-France_au_Tonkin.pdf,source_document,"Gaisman, L'Œuvre de la France au Tonkin. La conquête — la mise en valeur, Paris, Alcan et Guillaumin, 1906, 240 p. Suivi de",Documents généraux (par ordre chronologique),Indochine,Indochine,,,"Gaisman (Albert), L'Œuvre de la France au Tonkin. La conquête — la mise en valeur, Paris, Alcan et Guillaumin, 1906, 240 p. Suivi de : Le Régime douanier de l'Indo-Chine. Rapport au congrès colonial de Marseille (1906)."
inde-indochine-garage-aviat-hanoi-d951e8,https://entreprises-coloniales.fr/inde-indochine/Garage_Aviat-Hanoi.pdf,company,Garage Aviat,Transports terrestres et garages,Indochine,Indochine,,,"Garage Aviat, Hanoï, Haïphong : Ford, puis Citroën. Hydroglisseurs Farman."
inde-indochine-garage-bourbon-nhatarang-33abc2,https://entreprises-coloniales.fr/inde-indochine/Garage_Bourbon-Nhatarang.pdf,company,Garage Bourbon,Transports terrestres et garages,Indochine,Indochine,1929,,"Garage Bourbon (1929), Nhatrang"
inde-indochine-garage-central-haiphong-274f56,https://entreprises-coloniales.fr/inde-indochine/Garage_Central-Haiphong.pdf,company,Garage central,Transports terrestres et garages,Indochine,Indochine,,,"Garage central, Haïphong : Citroën, Rochet-Schneider…, puis Peugeot"
inde-indochine-garage-du-nord-annam-5cb2fb,https://entreprises-coloniales.fr/inde-indochine/Garage_du_Nord-Annam.pdf,company,Garage du Nord-Annam,Transports terrestres et garages,Indochine,Indochine,,,"Garage du Nord-Annam (Monier, Fébreau & Cie), Vinh"
inde-indochine-garage-morin-freres-59519d,https://entreprises-coloniales.fr/inde-indochine/Garage_Morin_freres.pdf,company,Garage Morin frères,Transports terrestres et garages,Indochine,Indochine,,,"Garage Morin frères, Huê : Peugeot"
inde-indochine-garages-charner-c98bd3,https://entreprises-coloniales.fr/inde-indochine/Garages_Charner.pdf,company,Garages Charner,Transports terrestres et garages,Indochine,Indochine,1923,,"Garages Charner (S.A., 1923)(suite du Garage Taberd, E.C. Monod & Cie) : concession Renault pour la Cochinchine et le Cambodge"
inde-indochine-garages-d-annam-595b71,https://entreprises-coloniales.fr/inde-indochine/Garages_d_Annam.pdf,company,Garages d'Annam,Transports terrestres et garages,Indochine,Indochine,,,"Garages d'Annam (Société anonyme des)(SAGA), Saïgon : garages Phanthiêt, Djiring, Dalat"
inde-indochine-garages-indochinois-saigon-37ab83,https://entreprises-coloniales.fr/inde-indochine/Garages_Indochinois-Saigon.pdf,company,Garages indochinois,Transports terrestres et garages,Indochine,Indochine,,,"Garages indochinois (Franchini), Saïgon"
inde-indochine-gardies-ha-giang-a07303,https://entreprises-coloniales.fr/inde-indochine/Gardies-Ha-Giang.pdf,company,"Gardies, Ha-Giang","Café, thé, épices, coco, quinquina, vanille",Indochine,Indochine,,,"Gardies (André-Hippolyte), Ha-Giang : élevage, plantes à parfums, café"
inde-indochine-gaston-carisey-garagiste-3dc166,https://entreprises-coloniales.fr/inde-indochine/Gaston_Carisey_garagiste.pdf,person,"Carisey, garagiste",Transports terrestres et garages,Indochine,Indochine,,,"Carisey (Gaston)(1898-1971), garagiste : Hanoï (Garage Moderne, Garage Carisey), Haïphong (Garage Central), Hué"
inde-indochine-gaudel-et-russell-26fb49,https://entreprises-coloniales.fr/inde-indochine/Gaudel_et_Russell.pdf,company,Huileries et savonneries d’Extrême-Orient,Industries diverses,Indochine,Indochine,,,"Huileries et savonneries d’Extrême-Orient (Gaudel et Russell), Saïgon"
inde-indochine-gauthier-ngoc-chanh-f45c2e,https://entreprises-coloniales.fr/inde-indochine/Gauthier-Ngoc-Chanh.pdf,company,Gauthier -Ngoc-Chanh,"Café, thé, épices, coco, quinquina, vanille",Indochine,Indochine,,,Gauthier (Jean)-Ngoc-Chanh
inde-indochine-gazauto-saigon-270213,https://entreprises-coloniales.fr/inde-indochine/Gazauto-Saigon.pdf,company,Atelier Bourbon Gazauto,"Métallurgie, constructions mécaniques, électriques, navales",Indochine,Indochine,1937,,"Gazauto (Atelier Bourbon)(1937), Saïgon : gazogènes"
inde-indochine-gazogenes-eca-hanoi-751a8b,https://entreprises-coloniales.fr/inde-indochine/Gazogenes_ECA-Hanoi.pdf,company,Énergie charbonnière automobile,"Métallurgie, constructions mécaniques, électriques, navales",Indochine,Indochine,,,"Énergie charbonnière automobile, Hanoï, Saïgon : gazogènes Gohin-Poulenc"
inde-indochine-generale-colonies-ic-0825db,https://entreprises-coloniales.fr/inde-indochine/Generale_colonies-IC.pdf,company,Compagnie Générale des colonies,Groupes indochinois et dirigeants d'affaires diverses,Indochine,Indochine,,,Générale des colonies (Compagnie) : filiales et participations en Indochine
inde-indochine-generale-riz-indochine-56dce9,https://entreprises-coloniales.fr/inde-indochine/Generale_Riz_Indochine.pdf,company,Compagnie Générale des Riz d'Indochine,"Rizières, rizeries, négoce de riz et autres céréales",Indochine,Indochine,1937,1940,"Générale des Riz d'Indochine (Compagnie)(1937-1940), Paris"
inde-indochine-georges-chausse-entrepreneur-tonkin-9c050e,https://entreprises-coloniales.fr/inde-indochine/Georges_Chausse_entrepreneur_Tonkin.pdf,person,Chaussé,"Bâtiment-travaux publics, matériaux de construction, céramiques",Indochine,Indochine,,,"Chaussé (Georges)(1854-1902) : polytechnicien, entrepreneur au Tonkin"
inde-indochine-georges-cordier-1872-1936-b3f849,https://entreprises-coloniales.fr/inde-indochine/Georges_Cordier-1872-1936.pdf,person,Cordier,"Enseignement, recherche, sociétés savantes, musées…",Indochine,Indochine,,,Cordier (Georges)(1872-1936)(« G. Seiler ») : sinologue et annamitisant. Auteur d'un dictionnaire franco-annamite
inde-indochine-georges-coudoux-87e214,https://entreprises-coloniales.fr/inde-indochine/Georges-Coudoux.pdf,person,Coudoux,"Café, thé, épices, coco, quinquina, vanille",Indochine,Indochine,,,"Coudoux (Georges) : planteur de café à Phu-Qui, agent de la sûreté à Hatinh (traficant sur arrestations de communistes), meurtrier d'un débiteur"
inde-indochine-georges-ellies-hanoi-584e13,https://entreprises-coloniales.fr/inde-indochine/Georges_Ellies-Hanoi.pdf,person,Ellies,Groupes indochinois et dirigeants d'affaires diverses,Indochine,Indochine,,,"Ellies (Georges)(1874-1969), Hanoï : commerce, mines, assurances, immobilier"
inde-indochine-georges-ferey-cafe-ffc105,https://entreprises-coloniales.fr/inde-indochine/Georges_Ferey-cafe.pdf,company,"Ferey, Sông-Con","Café, thé, épices, coco, quinquina, vanille",Indochine,Indochine,,,"Ferey (Georges), Sông-Con (Hatinh) : café, exploitation forestière"
inde-indochine-georges-le-bret-bc5c23,https://entreprises-coloniales.fr/inde-indochine/Georges_Le_Bret.pdf,person,Le Bret,Héveas et caoutchouc,Indochine,Indochine,,,"Le Bret (Georges)(1870-1947) : administrateur civil, colon, planteur"
inde-indochine-georges-motte-phanthiet-93ea72,https://entreprises-coloniales.fr/inde-indochine/Georges_Motte-Phanthiet.pdf,person,Motte,"Bâtiment-travaux publics, matériaux de construction, céramiques",Indochine,Indochine,,,"Motte (Georges), Phanthiêt : entrepreneur, colon, garagiste"
inde-indochine-georges-soupe-et-raveau-c8f109,https://entreprises-coloniales.fr/inde-indochine/Georges_Soupe_et_Raveau.pdf,person,Georges Soupe et Raveau,"Bâtiment-travaux publics, matériaux de construction, céramiques",Indochine,Indochine,,,Georges Soupe et Raveau (S.N.C.)(1893-1896) : construction du Decauville Phu-lang-thuong–Lang-son
inde-indochine-giau-cineaste-annamite-8157c9,https://entreprises-coloniales.fr/inde-indochine/Giau-cineaste_annamite.pdf,company,Giau,Cinémas et théâtres de l'Indochine (du nord au sud),Indochine,Indochine,,,Giau (Antoine) : cinéaste annamite (1941)
inde-indochine-gilbert-ba-trieu-dac2e9,https://entreprises-coloniales.fr/inde-indochine/Gilbert_Ba-Trieu.pdf,company,"Gilbert, Ba-trieu","Café, thé, épices, coco, quinquina, vanille",Indochine,Indochine,,,"Gilbert (Léon-Eugène), Ba-trieu (Hung-hoa) : café, élevage, agaves"
inde-indochine-gisements-auriferes-du-tran-ninh-47d3b4,https://entreprises-coloniales.fr/inde-indochine/Gisements_auriferes_du_Tran-ninh.pdf,company,"Association pour la reconnaissance, l'étude et l'exploitation des gisements aurifères du Tran-ninh . Rapport de Marcellin Mallet sur sa mission à Xieng-Kouang",Mines,Indochine,Indochine,1896,,"Association pour la reconnaissance, l'étude et l'exploitation des gisements aurifères du Tran-ninh (1896). Rapport de Marcellin Mallet sur sa mission à Xieng-Kouang"
inde-indochine-gisements-auriferes-mo-son-82d367,https://entreprises-coloniales.fr/inde-indochine/Gisements_auriferes_Mo-Son.pdf,company,"Société française des Gisements aurifères de Mô-Son, Hoa-Binh",Mines,Indochine,Indochine,1903,1905,"Gisements aurifères de Mô-Son (Société française des)(1903-1905), Hoa-Binh (Tonkin)"
inde-indochine-giuntoli-saigon-ef404e,https://entreprises-coloniales.fr/inde-indochine/Giuntoli-Saigon.pdf,company,"Bijouterie parisienne, Paris, Bastia",Commerce,Indochine,Indochine,,,"Bijouterie parisienne (Joseph Giuntoli), Paris, Bastia, Saïgon"
inde-indochine-glaciere-de-hanoi-3d2fa0,https://entreprises-coloniales.fr/inde-indochine/Glaciere_de_Hanoi.pdf,company,Glacière de Hanoï,Autres industries alimentaires,Indochine,Indochine,1886,1892,"Glacière de Hanoï (Berthoin)(1886-1892), Hanoï"
inde-indochine-glaciere-de-tourane-8683fb,https://entreprises-coloniales.fr/inde-indochine/Glaciere_de_Tourane.pdf,company,Glacière de Tourane,Autres industries alimentaires,Indochine,Indochine,,,"Glacière de Tourane (Larue, propriétaires ; Bogaert, locataire)"
inde-indochine-glaciere-tonkinoise-6d0f9c,https://entreprises-coloniales.fr/inde-indochine/Glaciere_tonkinoise.pdf,company,"Glacière tonkinoise, route Mandarine",Autres industries alimentaires,Indochine,Indochine,,,"Glacière tonkinoise (Henri Colani), route Mandarine, Hanöi : glace, boissons gazeuses"
inde-indochine-go-quao-a81790,https://entreprises-coloniales.fr/inde-indochine/Go-Quao.pdf,company,"Go-Quao, entre Cantho et Bac-lieu, delta du Mékong","Rizières, rizeries, négoce de riz et autres céréales",Indochine,Indochine,,,"Go-Quao, entre Cantho et Bac-lieu, delta du Mékong : carte au 1/10.000 dressée et dessinée par le soldat Richard, du Service géographique (mai 1923). 85 x 58 cm. (Coll. Corinne Krouck)"
inde-indochine-gobert-freres-3288c9,https://entreprises-coloniales.fr/inde-indochine/Gobert_freres.pdf,company,Gobert frères,"Café, thé, épices, coco, quinquina, vanille",Indochine,Indochine,,,Gobert frères : ferme des Rapides
inde-indochine-gocong-bungalow-9b8eeb,https://entreprises-coloniales.fr/inde-indochine/Gocong-Bungalow.pdf,company,"Bungalow, Gocong","Hôtellerie, tourisme",Indochine,Indochine,,,"Bungalow, Gocong (Gò-Công)"
inde-indochine-godard-fischer-hanoi-7cb8ac,https://entreprises-coloniales.fr/inde-indochine/Godard+Fischer-Hanoi.pdf,company,"Godard, Fischer & Cie",Commerce,Indochine,Indochine,,,"Godard, Fischer & Cie, Hanoï : grand magasin, ateliers (1885-1904)"
inde-indochine-golf-club-saigonnais-077004,https://entreprises-coloniales.fr/inde-indochine/Golf-Club_saigonnais.pdf,company,Golf-Club saïgonnais,Sports,Indochine,Indochine,1933,,Golf-Club saïgonnais (1933)
inde-indochine-gomme-laque-j-b-00d5dc,https://entreprises-coloniales.fr/inde-indochine/Gomme_laque_J.-B.pdf,company,"La Gomme laque J.-B., Phu-To","Bois, meubles, papier, allumettes",Indochine,Indochine,1921,1953,"Gomme laque J.-B. (La)(Besnard & Cie)(1921-1953), Phu-To"
inde-indochine-gouguenheim-dap-cau-0f39d1,https://entreprises-coloniales.fr/inde-indochine/Gouguenheim_Dap-Cau.pdf,company,Magasins et hôtel Louis Gouguenheim,"Hôtellerie, tourisme",Indochine,Indochine,,,"Magasins et hôtel Louis Gouguenheim, Dapcau"
inde-indochine-gpifeo-cbda5a,https://entreprises-coloniales.fr/inde-indochine/GPIFEO.pdf,source_document,Groupe de protection des intérêts français en Extrême-Orient,Documents généraux (par ordre chronologique),Indochine,Indochine,1929,1940,Groupe de protection des intérêts français en Extrême-Orient (1929-1940)
inde-indochine-grand-moulin-longchamp-99c8e9,https://entreprises-coloniales.fr/inde-indochine/Grand_Moulin_Longchamp.pdf,company,"Société du Grand Moulin de Longchamp, Marseille, puis Moulins et entrepôts coloniaux","Rizières, rizeries, négoce de riz et autres céréales",Indochine,Indochine,1915,,"Grand Moulin de Longchamp (Société du)(1915), Marseille, puis Moulins et entrepôts coloniaux (1927), Marseille, Le Havre"
inde-indochine-grande-pharmacie-france-saigon-87a84b,https://entreprises-coloniales.fr/inde-indochine/Grande_Pharmacie_France-Saigon.pdf,company,Grande Pharmacie de France—Droguerie française d'Extrême-Orient,Santé,Indochine,Indochine,,,"Grande Pharmacie de France—Droguerie française d'Extrême-Orient, Saïgon : Marcel Collet, Marcel Mercier"
inde-indochine-grande-pharmacie-nam-dinh-26f620,https://entreprises-coloniales.fr/inde-indochine/Grande_Pharmacie-Nam-Dinh.pdf,company,Grande Pharmacie de Nam-Dinh,Santé,Indochine,Indochine,,,"Grande Pharmacie de Nam-Dinh : Léonce Guegan (1926), André Brancourt (1931), Jean Tournier (1933-1936)"
inde-indochine-grande-pharmacie-nhatrang-acaa86,https://entreprises-coloniales.fr/inde-indochine/Grande_Pharmacie_Nhatrang.pdf,company,Grande Pharmacie de Nhatrang,Santé,Indochine,Indochine,,,Grande Pharmacie de Nhatrang
inde-indochine-grands-lacs-indochine-e78714,https://entreprises-coloniales.fr/inde-indochine/Grands_Lacs_Indochine.pdf,company,Compagnie des Grands Lacs de l'Indochine,Pêche et produits de la mer,Indochine,Indochine,,,"Grands Lacs de l'Indochine (Compagnie des) : pêcheries au Cambodge, huile, engrais de posson"
inde-indochine-grands-magasins-morin-d71257,https://entreprises-coloniales.fr/inde-indochine/Grands_Magasins_Morin.pdf,company,Morin frères,Commerce,Indochine,Indochine,,,"Morin frères, Hué, Tourane, Quinhon : grands magasins"
inde-indochine-grands-magasins-reunis-3aa98c,https://entreprises-coloniales.fr/inde-indochine/Grands_Magasins_Reunis.pdf,company,Grands Magasins Réunis,Commerce,Indochine,Indochine,,,"Grands Magasins Réunis, Hanoï"
inde-indochine-granindo-61a6e2,https://entreprises-coloniales.fr/inde-indochine/Granindo.pdf,company,Granindo,"Rizières, rizeries, négoce de riz et autres céréales",Indochine,Indochine,1937,,"Granindo (S.A., 1937), Saïgon"
inde-indochine-graphites-indochine-1915-1926-8ad19b,https://entreprises-coloniales.fr/inde-indochine/Graphites_Indochine_1915-1926.pdf,company,Société des Graphites de l'Indochine,Mines,Indochine,Indochine,1920,1925,Graphites de l'Indochine (Société des)(1920-1925) : suite de la Société des mines du Pac-Van (1915))
inde-indochine-gratin-tonkinois-hanoi-305924,https://entreprises-coloniales.fr/inde-indochine/Gratin_tonkinois-Hanoi.pdf,source_document,Le Gratin tonkinois,Amicales régionales et professionnelles : les petites patries à l'ombre de la grande ; amitié et solidarité,Indochine,Indochine,,,"Gratin tonkinois (Le), Hanoï : amicale des Dauphinois"
inde-indochine-gratry-indochine-fbbebc,https://entreprises-coloniales.fr/inde-indochine/Gratry-Indochine.pdf,company,"Gratry-Indochine, textiles et éphémère concessionnaire Panhard & Levassor",Commerce,Indochine,Indochine,,,"Gratry-Indochine, textiles et éphémère concessionnaire Panhard & Levassor"
inde-indochine-grd-garage-oriental-pnom-penh-7b7daf,https://entreprises-coloniales.fr/inde-indochine/Grd_Garage_Oriental-Pnom-Penh.pdf,company,Grand Garage oriental,Transports terrestres et garages,Indochine,Indochine,,,"Grand Garage oriental (Marcel Vandelet & Cie, puis Franco-cambodgienne de transports), Pnom-Penh"
inde-indochine-grds-hotels-indochinois-7a7209,https://entreprises-coloniales.fr/inde-indochine/Grds_Hotels_indochinois.pdf,company,Société des Grands Hôtels indochinois,"Hôtellerie, tourisme",Indochine,Indochine,1923,1930,Grands Hôtels indochinois (Société des)(SGHI)(1923-1930)
inde-indochine-grds-travaux-ext-or-2b1a16,https://entreprises-coloniales.fr/inde-indochine/Grds_Travaux_Ext.-Or.pdf,person,Grands Travaux d'Extrême-Orient,"Bâtiment-travaux publics, matériaux de construction, céramiques",Indochine,Indochine,,,Grands Travaux d'Extrême-Orient (GTEO)(1922-1940)
inde-indochine-gressier-soctrang-cantho-f61fb0,https://entreprises-coloniales.fr/inde-indochine/Gressier-Soctrang-Cantho.pdf,person,"Gressier, 21.000 hectares à Soctrang et Cantho","Rizières, rizeries, négoce de riz et autres céréales",Indochine,Indochine,,,"Gressier (Rémy)(1874-1943), 21.000 hectares à Soctrang et Cantho"
inde-indochine-greves-1936-1937-948f6e,https://entreprises-coloniales.fr/inde-indochine/Greves_1936-1937.pdf,source_document,Les grèves de 1936-1937 en Cochinchine vues par Daniel Hémery,Documents généraux (par ordre chronologique),Indochine,Indochine,,,Les grèves de 1936-1937 en Cochinchine vues par Daniel Hémery
inde-indochine-grillet-andre-saigon-32d2d9,https://entreprises-coloniales.fr/inde-indochine/Grillet_Andre-Saigon.pdf,company,Grillet,"Métallurgie, constructions mécaniques, électriques, navales",Indochine,Indochine,,,"Grillet (André), Saïgon : forges, fonderies et ateliers"
inde-indochine-grosse-et-casset-96009d,https://entreprises-coloniales.fr/inde-indochine/Grosse_et_Casset.pdf,company,"Grosse et Casset, entrepreneurs à Quinhon et Dalat. Puis Société dalatoise de construction","Bâtiment-travaux publics, matériaux de construction, céramiques",Indochine,Indochine,1939,,"Grosse (Henri-François) et Casset (André-Lucien), entrepreneurs à Quinhon et Dalat. Puis Société dalatoise de construction (1939)"
inde-indochine-gtm-cambodge-c5ffe5,https://entreprises-coloniales.fr/inde-indochine/GTM-Cambodge.pdf,company,Les Grands Travaux de Marseille au Cambodge,"Bâtiment-travaux publics, matériaux de construction, céramiques",Indochine,Indochine,,,Grands Travaux de Marseille (Les) au Cambodge
inde-indochine-guermeur-regime-alcools-a2f112,https://entreprises-coloniales.fr/inde-indochine/Guermeur-Regime_alcools.pdf,company,"Historique du régime des alcools en Indochine, par Henri Guermeur",Autres industries alimentaires,Indochine,Indochine,1909,,"Historique du régime des alcools en Indochine (1909), par Henri Guermeur"
inde-indochine-guery-duval-riziculteurs-a18ac9,https://entreprises-coloniales.fr/inde-indochine/Guery+Duval_riziculteurs.pdf,company,Guéry et Duval,"Rizières, rizeries, négoce de riz et autres céréales",Indochine,Indochine,,,Guéry (Valère) et Duval (Albert Ernest) : un enseignant et un avocat grands riziculteurs à Cantho et Sadec
inde-indochine-guide-hotels-nord-indochine-459ef6,https://entreprises-coloniales.fr/inde-indochine/Guide_hotels_Nord-Indochine.pdf,company,Guide des hôtels du Nord de l'Indochine,"Hôtellerie, tourisme",Indochine,Indochine,1933,,Guide des hôtels du Nord de l'Indochine (1933)
inde-indochine-guillamet-baclieu-94aa28,https://entreprises-coloniales.fr/inde-indochine/Guillamet-Baclieu.pdf,person,"Guillamet, Phong-Thanh","Rizières, rizeries, négoce de riz et autres céréales",Indochine,Indochine,,,"Guillamet (Louis), Phong-Thanh (Baclieu) : riziculteur"
inde-indochine-guillaumat-mines-indochine-40705c,https://entreprises-coloniales.fr/inde-indochine/Guillaumat-Mines_Indochine.pdf,company,"L’industrie minérale de l’Indochine en 1937, par Pierre Guillaumat, suivi de la liste des concessions mortes et vives. Réglementation du travail des enfants dans le mines",Mines,Indochine,Indochine,,,"L’industrie minérale de l’Indochine en 1937, par Pierre Guillaumat, suivi de la liste des concessions mortes et vives. Réglementation du travail des enfants dans le mines (22 mai 1937)"
inde-indochine-guillaume-ferme-des-banians-ece3eb,https://entreprises-coloniales.fr/inde-indochine/Guillaume-Ferme_des_Banians.pdf,company,Guillaume et fils,"Café, thé, épices, coco, quinquina, vanille",Indochine,Indochine,,,Guillaume (Jules) et fils : ferme des Banians à Phu-da-phuc (Thai-nguyên)
inde-indochine-guillaume-freres-cafe-ca98e7,https://entreprises-coloniales.fr/inde-indochine/Guillaume_freres-cafe.pdf,company,"Guillaume frères, Késo","Café, thé, épices, coco, quinquina, vanille",Indochine,Indochine,,,"Guillaume frères, Késo : plantations de café, puis laiterie-fromagerie"
inde-indochine-guillaume-freres-carrieres-bf8122,https://entreprises-coloniales.fr/inde-indochine/Guillaume_freres-carrieres.pdf,company,Guillaume frères,"Bâtiment-travaux publics, matériaux de construction, céramiques",Indochine,Indochine,,,"Guillaume frères : entrepreneurs de travaux publics à Hanoï, carrières de calcaire et de marbre à Késo"
inde-indochine-guioneaud-freres-bx-64359f,https://entreprises-coloniales.fr/inde-indochine/Guioneaud_freres-Bx.pdf,company,Guioneaud frères,Commerce,Indochine,Indochine,,,"Guioneaud frères, Bordeaux : cavistes à Hanoï, Haïphong, Saïgon"
inde-indochine-gustave-hierholtz-1881-1956-20944a,https://entreprises-coloniales.fr/inde-indochine/Gustave-Hierholtz_1881-1956.pdf,person,"Hierholtz et non « Hieroltz », « Hierotz », etc.","Artistes peintres, sculpteurs et galeries",Indochine,Indochine,,,"Hierholtz (Gustave)(1881-1956) et non « Hieroltz », « Hierotz », etc. : sculpteur, professeur de l'enseignement professionnel, directeur d'école"
inde-indochine-gustave-monier-vinh-402914,https://entreprises-coloniales.fr/inde-indochine/Gustave_Monier-Vinh.pdf,person,Monier,"Bâtiment-travaux publics, matériaux de construction, céramiques",Indochine,Indochine,,,"Monier (Gustave), Dông-hoi, Hatinh, Vinh : entrepreneur"
inde-indochine-guyot-de-salins-1d7d10,https://entreprises-coloniales.fr/inde-indochine/Guyot_de_Salins.pdf,company,Guyot de Salins,"Café, thé, épices, coco, quinquina, vanille",Indochine,Indochine,,,"Guyot de Salins (frères Guyot d'Asnières de Salins), Chi-né : café, élevage laitier"
inde-indochine-guyot-de-salins-phuc-yen-405d3c,https://entreprises-coloniales.fr/inde-indochine/Guyot_de_Salins-Phuc-yen.pdf,company,"Guyot d'Asnières de Salins, Hau-duong","Café, thé, épices, coco, quinquina, vanille",Indochine,Indochine,,,"Guyot d'Asnières de Salins (Louis-Marie), Hau-duong (Phuc-Yên) : ancienne concession Max Clément"
inde-indochine-h-g-martin-phulo-47cd8e,https://entreprises-coloniales.fr/inde-indochine/H.-G._Martin-Phulo.pdf,person,"Martin, Phu-Lo-Doai","Bâtiment-travaux publics, matériaux de construction, céramiques",Indochine,Indochine,,,"Martin (Henri-Gustave)(1871-1901), Phu-Lo-Doai : employé de la ferme des alcools, entrepreneur"
inde-indochine-hagiang-hotel-laine-c81b02,https://entreprises-coloniales.fr/inde-indochine/Hagiang-Hotel_Laine.pdf,company,"Hôtel Lainé, Hagiang","Hôtellerie, tourisme",Indochine,Indochine,,,"Hôtel Lainé, Hagiang"
inde-indochine-haiphong-commerces-00a5cf,https://entreprises-coloniales.fr/inde-indochine/Haiphong_Commerces.pdf,company,Haïphong,Commerce,Indochine,Indochine,,,Haïphong : les commerces. Les foires de 1935 et 1937
inde-indochine-haiphong-eden-cinema-542ef4,https://entreprises-coloniales.fr/inde-indochine/Haiphong-Eden_Cinema.pdf,company,Éden Cinéma,Cinémas et théâtres de l'Indochine (du nord au sud),Indochine,Indochine,,,"Éden Cinéma, Haïphong"
inde-indochine-haiphong-faux-medecins-2fda81,https://entreprises-coloniales.fr/inde-indochine/Haiphong_faux_medecins.pdf,company,Haïphong,Santé,Indochine,Indochine,,,Haïphong : faux médecins annamites et chinois (1930)
inde-indochine-haiphong-hotel-cat-bi-364d03,https://entreprises-coloniales.fr/inde-indochine/Haiphong-Hotel_Cat-Bi.pdf,company,Hôtel de Cat-Bi,"Hôtellerie, tourisme",Indochine,Indochine,,,"Hôtel de Cat-Bi, Haïphong"
inde-indochine-haiphong-hotel-commerce-a68cd1,https://entreprises-coloniales.fr/inde-indochine/Haiphong-Hotel_Commerce.pdf,company,Hôtel du Commerce,"Hôtellerie, tourisme",Indochine,Indochine,,,"Hôtel du Commerce (« Hôtel Peyre », « Hôtel Debeaux », « Hôtel Guichat », Biettron & Bory, Compagnie hôtelière indochinoise), Haïphong"
inde-indochine-haiphong-hotel-de-marseille-5ab9f3,https://entreprises-coloniales.fr/inde-indochine/Haiphong-Hotel_de_Marseille.pdf,company,Hôtel de la Poste et de Marseille,"Hôtellerie, tourisme",Indochine,Indochine,,,"Hôtel de la Poste et de Marseille, Haïphong"
inde-indochine-haiphong-hotel-europe-d468d9,https://entreprises-coloniales.fr/inde-indochine/Haiphong-Hotel_Europe.pdf,company,Hôtel de l'Europe,"Hôtellerie, tourisme",Indochine,Indochine,,,"Hôtel de l'Europe, Haïphong"
inde-indochine-haiphong-hotel-teston-b9d624,https://entreprises-coloniales.fr/inde-indochine/Haiphong-Hotel_Teston.pdf,company,"Hôtel Teston, puis Grand Hôtel","Hôtellerie, tourisme",Indochine,Indochine,,,"Hôtel Teston, puis Grand Hôtel, Haïphong"
inde-indochine-haiphong-hotel-univers-2f1b7d,https://entreprises-coloniales.fr/inde-indochine/Haiphong-Hotel_Univers.pdf,company,Hôtel de l'Univers,"Hôtellerie, tourisme",Indochine,Indochine,,,"Hôtel de l'Univers, Haïphong"
inde-indochine-haiphong-municipalites-7ae9cf,https://entreprises-coloniales.fr/inde-indochine/Haiphong-municipalites.pdf,source_document,Les municipalités de Haïphong,Organismes représentatifs. — Listes électorales (du nord au sud),Indochine,Indochine,,,"Les municipalités de Haïphong : résidents maires, conseillers municipaux"
inde-indochine-haiphong-vs-chinois-1927-d90ea7,https://entreprises-coloniales.fr/inde-indochine/Haiphong_vs_Chinois-1927.pdf,source_document,Haïphong,Documents généraux (par ordre chronologique),Indochine,Indochine,,,"Haïphong : pogrom anti-chinois (août 1927). Précédé de documents sur la présence chinoise. Suivi de « Les Chinois en Indochine » (Revue économique d'Extrême-Orient, 1927) et l'opinion du gouverneur de la Cochinchine Blanchard de la Brosse sur la main d'œuvre chinoise (1928)"
inde-indochine-haiphonnaise-de-bouages-4a0d36,https://entreprises-coloniales.fr/inde-indochine/Haiphonnaise_de_bouages.pdf,company,Haïphonnaise de bouages et de vidanges,"Eau et assainissement, électricité (Utilities)",Indochine,Indochine,1931,,Haïphonnaise de bouages et de vidanges (1931)
inde-indochine-hale-et-cie-france-082352,https://entreprises-coloniales.fr/inde-indochine/Hale_et_Cie-France.pdf,company,Société commerciale William G. Hale et Cie France,Commerce,Indochine,Indochine,,,"Hale et Cie France (Société commerciale William G.), Paris"
inde-indochine-hale-et-cie-saigon-335511,https://entreprises-coloniales.fr/inde-indochine/Hale_et_Cie-Saigon.pdf,company,"Hale et Cie, puis Société d'exploitation Wm. G. Hale, puis Société commerciale Wm. G. Hale",Commerce,Indochine,Indochine,,,"Hale et Cie (William G.), puis Société d'exploitation Wm. G. Hale, puis Société commerciale Wm. G. Hale, Saïgon"
inde-indochine-hamon-mf3-indochine-570414,https://entreprises-coloniales.fr/inde-indochine/Hamon-MF3-Indochine.pdf,source_document,"Hamon, Les Maîtres de la France, t. 3, 1938",Documents généraux (par ordre chronologique),Indochine,Indochine,,,"Hamon (Augustin), Les Maîtres de la France, t. 3, 1938 : l'Indochine"
inde-indochine-hanoi-batiments-officiels-08d485,https://entreprises-coloniales.fr/inde-indochine/Hanoi-Batiments_officiels.pdf,source_document,Hanoï,Documents généraux (par ordre chronologique),Indochine,Indochine,,,Hanoï : plans et photos de trente-deux bâtiments officiels
inde-indochine-hanoi-cinema-olympia-4341cf,https://entreprises-coloniales.fr/inde-indochine/Hanoi-Cinema_Olympia.pdf,company,Olympia,Cinémas et théâtres de l'Indochine (du nord au sud),Indochine,Indochine,,,"Olympia, Hanoï : cinéma"
inde-indochine-hanoi-cinema-philharmonique-0fbe5a,https://entreprises-coloniales.fr/inde-indochine/Hanoi-Cinema_Philharmonique.pdf,company,Cinema Philharmonique,Cinémas et théâtres de l'Indochine (du nord au sud),Indochine,Indochine,,,"Philharmonique (Cinema), Hanoï"
inde-indochine-hanoi-cinema-tonkinois-feb0d0,https://entreprises-coloniales.fr/inde-indochine/Hanoi-Cinema_tonkinois.pdf,company,Cinema Tonkinois,Cinémas et théâtres de l'Indochine (du nord au sud),Indochine,Indochine,,,"Tonkinois (Cinema), Hanoï"
inde-indochine-hanoi-cinema-varietes-aeaf5b,https://entreprises-coloniales.fr/inde-indochine/Hanoi-Cinema_Varietes.pdf,company,Cinema Variétés,Cinémas et théâtres de l'Indochine (du nord au sud),Indochine,Indochine,,,"Variétés (Cinema), Hanoï"
inde-indochine-hanoi-commerces-1932-1933-4e4a9a,https://entreprises-coloniales.fr/inde-indochine/Hanoi_Commerces-1932-1933.pdf,company,En flanant à Hanoï,Commerce,Indochine,Indochine,,,"En flanant à Hanoï (1895, 1927, 1928, 1929, 1931, 1932, 1933, 1934, 1935, déc. 1954) : les commerces (59 p.)"
inde-indochine-hanoi-coq-d-or-fb0602,https://entreprises-coloniales.fr/inde-indochine/Hanoi-Coq_d'or.pdf,company,Brasserie et hôtel du Coq d'or,"Hôtellerie, tourisme",Indochine,Indochine,,,"Coq d'or (Brasserie et hôtel du), Hanoï"
inde-indochine-hanoi-couvent-des-oiseaux-b51b23,https://entreprises-coloniales.fr/inde-indochine/Hanoi-Couvent_des_Oiseaux.pdf,company,Couvent des oiseaux,Entreprises religieuses,Indochine,Indochine,1936,,"Couvent des oiseaux(chanoinesses de Saint-Augustin)(1936), Hanoï"
inde-indochine-hanoi-eden-cinema-4e7d6d,https://entreprises-coloniales.fr/inde-indochine/Hanoi-Eden_Cinema.pdf,company,Éden Cinéma,Cinémas et théâtres de l'Indochine (du nord au sud),Indochine,Indochine,,,"Éden Cinéma, Hanoï"
inde-indochine-hanoi-grand-hotel-5f9455,https://entreprises-coloniales.fr/inde-indochine/Hanoi-Grand_Hotel.pdf,company,Grand Hôtel,"Hôtellerie, tourisme",Indochine,Indochine,,,"Grand Hôtel, Hanoï"
inde-indochine-hanoi-hanoi-hotel-42d3ea,https://entreprises-coloniales.fr/inde-indochine/Hanoi-Hanoi_Hotel.pdf,company,Hanoï Hôtel,"Hôtellerie, tourisme",Indochine,Indochine,,,"Hanoï Hôtel, Hanoï"
inde-indochine-hanoi-hotel-cafe-paix-7165a3,https://entreprises-coloniales.fr/inde-indochine/Hanoi-Hotel_cafe_Paix.pdf,company,Hôtel et café de la Paix,"Hôtellerie, tourisme",Indochine,Indochine,,,"Hôtel et café de la Paix (« Hôtel Lutz »), Hanoï"
inde-indochine-hanoi-hotel-colonies-6d09e0,https://entreprises-coloniales.fr/inde-indochine/Hanoi-Hotel_Colonies.pdf,company,Hôtel des Colonies,"Hôtellerie, tourisme",Indochine,Indochine,,,"Hôtel des Colonies, Hanoï"
inde-indochine-hanoi-hotel-du-lac-d2e3e2,https://entreprises-coloniales.fr/inde-indochine/Hanoi-Hotel_du-Lac.pdf,company,Hôtel du Lac,"Hôtellerie, tourisme",Indochine,Indochine,1889,1892,"Hôtel du Lac, Hanoï (1889-1892) : ancien Grand Hôtel J.-B. Carabelli"
inde-indochine-hanoi-hotel-france-11ad3d,https://entreprises-coloniales.fr/inde-indochine/Hanoi-Hotel_France.pdf,company,Hôtel de France,"Hôtellerie, tourisme",Indochine,Indochine,,,"Hôtel de France, Hanoï"
inde-indochine-hanoi-hotel-rotonde-dauphin-7c8232,https://entreprises-coloniales.fr/inde-indochine/Hanoi-Hotel_Rotonde_Dauphin.pdf,company,Boulangerie du Grand Bouddha,Commerce,Indochine,Indochine,,,"Boulangerie du Grand Bouddha, Hanoï"
inde-indochine-hanoi-hotel-splendide-7e1a49,https://entreprises-coloniales.fr/inde-indochine/Hanoi-Hotel_Splendide.pdf,company,Hôtel Splendide,"Hôtellerie, tourisme",Indochine,Indochine,,,"Hôtel Splendide (Splendid Hôtel), Hanoï"
inde-indochine-hanoi-hotel-terminus-ff2d2d,https://entreprises-coloniales.fr/inde-indochine/Hanoi-Hotel_Terminus.pdf,company,"Hôtel Terminus, Hanoï-gare","Hôtellerie, tourisme",Indochine,Indochine,,,"Hôtel Terminus, Hanoï-gare"
inde-indochine-hanoi-lang-son-na-cham-9bb6ac,https://entreprises-coloniales.fr/inde-indochine/Hanoi_Lang-son_Na-cham.pdf,company,Chemin de fer Hanoï–Lang-Son–Na-Cham ou Hanoï-frontière de Chine,Transports terrestres et garages,Indochine,Indochine,,,Chemin de fer Hanoï–Lang-Son–Na-Cham ou Hanoï-frontière de Chine (HFC)
inde-indochine-hanoi-metropole-b568f2,https://entreprises-coloniales.fr/inde-indochine/Hanoi-Metropole.pdf,company,Hôtel Métropole,"Hôtellerie, tourisme",Indochine,Indochine,,,"Hôtel Métropole, Hanoï : fêtes et banquets, menus, orchestres… (78 p.)"
inde-indochine-hanoi-municipalites-ff9cd7,https://entreprises-coloniales.fr/inde-indochine/Hanoi-municipalites.pdf,source_document,Les municipalités de Hanoï,Organismes représentatifs. — Listes électorales (du nord au sud),Indochine,Indochine,,,"Les municipalités de Hanoï : résidents maires, conseillers municipaux"
inde-indochine-hanoi-saigon-demange-86ea03,https://entreprises-coloniales.fr/inde-indochine/Hanoi-Saigon_Demange.pdf,company,"Hanoï-Saïgon sur Ford en 29 h. 54, par Victor Demange. Raid sur la route Mandarine",Transports terrestres et garages,Indochine,Indochine,,,"Hanoï-Saïgon sur Ford en 29 h. 54 (17-18 janvier 1930), par Victor Demange. Raid sur la route Mandarine"
inde-indochine-hanoi-taverne-royale-5a59d1,https://entreprises-coloniales.fr/inde-indochine/Hanoi-Taverne_royale.pdf,company,Taverne royale,"Hôtellerie, tourisme",Indochine,Indochine,,,"Taverne royale, Hanoï"
inde-indochine-hanoi-urbanisme-b61f99,https://entreprises-coloniales.fr/inde-indochine/Hanoi_Urbanisme.pdf,company,Hanoï,"Bâtiment-travaux publics, matériaux de construction, céramiques",Indochine,Indochine,,,"Hanoï : urbanisme, architecture, transformations. Amis du vieux Hanoï"
inde-indochine-hatien-bungalow-dbd3ab,https://entreprises-coloniales.fr/inde-indochine/Hatien-Bungalow.pdf,company,"Bungalow, Hatiên","Hôtellerie, tourisme",Indochine,Indochine,,,"Bungalow, Hatiên"
inde-indochine-hauts-fourneaux-tonkin-2c5b99,https://entreprises-coloniales.fr/inde-indochine/Hauts_Fourneaux_Tonkin.pdf,company,Société des Hauts Fourneaux du Tonkin,"Métallurgie, constructions mécaniques, électriques, navales",Indochine,Indochine,,,"Hauts Fourneaux du Tonkin (Société des), Haïphong : un essai de sidérurgie au sortir de la guerre de 1914-1918"
inde-indochine-hauts-plateaux-ic-713f6d,https://entreprises-coloniales.fr/inde-indochine/Hauts-Plateaux_IC.pdf,company,Compagnie des Hauts-Plateaux indochinois,Héveas et caoutchouc,Indochine,Indochine,1929,,Hauts-Plateaux indochinois (Compagnie des)(1929) : hévéas…
inde-indochine-hauts-plx-ic-cafe-the-0829cd,https://entreprises-coloniales.fr/inde-indochine/Hauts-Plx_IC_cafe-the.pdf,company,Hauts-Plateaux indochinois,"Café, thé, épices, coco, quinquina, vanille",Indochine,Indochine,,,Hauts-Plateaux indochinois : branche café et thé
inde-indochine-havraise-indochinoise-fdf082,https://entreprises-coloniales.fr/inde-indochine/Havraise_indochinoise.pdf,company,Havraise indochinoise,Commerce,Indochine,Indochine,,,"Havraise indochinoise (Raoul-Duval), Saïgon"
inde-indochine-henri-bresset-saigon-800fb6,https://entreprises-coloniales.fr/inde-indochine/Henri_Bresset-Saigon.pdf,company,"Bresset, Saïgon, 69-71, boulevard de la Somme",Commerce,Indochine,Indochine,,,"Bresset (Henri), Saïgon, 69-71, boulevard de la Somme : marchand de vins et autres denrées"
inde-indochine-henri-camus-peintre-animalier-6c81f3,https://entreprises-coloniales.fr/inde-indochine/Henri_Camus_peintre_animalier.pdf,company,Camus,"Artistes peintres, sculpteurs et galeries",Indochine,Indochine,,,"Camus (Henri)(Malaisie) : peintre animalier, exposant à Saïgon (1936)"
inde-indochine-henri-goudemant-entrepreneur-a9daf6,https://entreprises-coloniales.fr/inde-indochine/Henri_Goudemant_entrepreneur.pdf,person,"Goudemant, entrepreneur de travaux publics au Tonkin et en Annam","Bâtiment-travaux publics, matériaux de construction, céramiques",Indochine,Indochine,,,"Goudemant (Henri)(1862-1938), entrepreneur de travaux publics au Tonkin et en Annam"
inde-indochine-henri-joubioux-peintre-1c5c26,https://entreprises-coloniales.fr/inde-indochine/Henri_Joubioux_peintre.pdf,company,Joubioux,"Artistes peintres, sculpteurs et galeries",Indochine,Indochine,,,"Joubioux (Henri dit Riquet): artiste peintre, caricaturiste"
inde-indochine-henri-knosp-entrepreneur-60a91b,https://entreprises-coloniales.fr/inde-indochine/Henri_Knosp_entrepreneur.pdf,person,Knosp,"Bâtiment-travaux publics, matériaux de construction, céramiques",Indochine,Indochine,,,"Knosp (Henri), Haïphong, Hanoï : architecte, entrepreneur, journaliste…"
inde-indochine-henri-laurent-schiess-099798,https://entreprises-coloniales.fr/inde-indochine/Henri-Laurent_Schiess.pdf,company,Aux Villes de France,Commerce,Indochine,Indochine,,,"Aux Villes de France (Henri-Laurent Schiess), Haïphong"
inde-indochine-henri-noblet-soctrang-cfd54e,https://entreprises-coloniales.fr/inde-indochine/Henri_Noblet-Soctrang.pdf,person,Noblet,"Rizières, rizeries, négoce de riz et autres céréales",Indochine,Indochine,,,"Noblet (Henri), Soctrang : mécanicien, riziculteur"
inde-indochine-henri-susini-geometre-98a62b,https://entreprises-coloniales.fr/inde-indochine/Henri_Susini_Geometre.pdf,person,Henri Susini,"Rizières, rizeries, négoce de riz et autres céréales",Indochine,Indochine,,,"Henri Susini (1886-1939), Saïgon : géomètre, riziculteur à Bac-Lieu"
inde-indochine-henri-tartarin-bac-giang-df0a26,https://entreprises-coloniales.fr/inde-indochine/Henri_Tartarin-Bac-giang.pdf,company,"Tartarin, Cérès-Manoir et Bel-Air","Café, thé, épices, coco, quinquina, vanille",Indochine,Indochine,,,"Tartarin (Henri), Cérès-Manoir et Bel-Air : 7.000 hectares à Bac-giang : café, etc."
inde-indochine-henriette-bui-1906-2012-32a688,https://entreprises-coloniales.fr/inde-indochine/Henriette_Bui-1906-2012.pdf,company,"Bùi, première Indochinoise médecin",Santé,Indochine,Indochine,1906,2012,"Bùi (Henriette)(1906-2012), première Indochinoise médecin"
inde-indochine-henry-vergoz-voyagiste-373c08,https://entreprises-coloniales.fr/inde-indochine/Henry_Vergoz_voyagiste.pdf,company,"Agence Vergoz, Tourisme Vergoz Vergoz",Transports terrestres et garages,Indochine,Indochine,1929,,"Vergoz (Henry)(Agence Vergoz, Tourisme Vergoz)(1929), Saïgon : voyagiste"
inde-indochine-herisson-jean-gaston-091a24,https://entreprises-coloniales.fr/inde-indochine/Herisson_Jean-Gaston.pdf,company,"Hérisson, chef de la Sûreté cochinchinoise, planteur, marchand de biens, partisan du concours étranger, inspecteur du travail, banquier…",Héveas et caoutchouc,Indochine,Indochine,,,"Hérisson (Jean-Gaston), chef de la Sûreté cochinchinoise, planteur, marchand de biens, partisan du concours étranger, inspecteur du travail, banquier…"
inde-indochine-hermenier-1859-1930-5cecb8,https://entreprises-coloniales.fr/inde-indochine/Hermenier_1859-1930.pdf,person,"Hermenier, fondateur des Eaux et d'électricité de l'Indochine","Eau et assainissement, électricité (Utilities)",Indochine,Indochine,,,"Hermenier (Georges)(1859-1930), fondateur des Eaux et d'électricité de l'Indochine"
inde-indochine-hermenier-plante-f2a08d,https://entreprises-coloniales.fr/inde-indochine/Hermenier+Plante.pdf,company,"Hermenier, Planté & Cie","Bâtiment-travaux publics, matériaux de construction, céramiques",Indochine,Indochine,,,"Hermenier, Planté & Cie"
inde-indochine-hernan-larrain-peintre-b57ec0,https://entreprises-coloniales.fr/inde-indochine/Hernan_Larrain_peintre.pdf,company,Larraín,"Artistes peintres, sculpteurs et galeries",Indochine,Indochine,,,Larraín (Hernán) : artiste peintre chilien. En Indochine (1932-1945)
inde-indochine-hersent-indochine-534d4f,https://entreprises-coloniales.fr/inde-indochine/Hersent-Indochine.pdf,company,Hersent en Indochine,"Bâtiment-travaux publics, matériaux de construction, céramiques",Indochine,Indochine,,,"Hersent en Indochine : construction du bassin de radoub de l'arsenal de Saïgon (1883-1888), participation dans les Tramways du Tonkin"
inde-indochine-heveaculture-svn-1969-7659f3,https://entreprises-coloniales.fr/inde-indochine/Heveaculture_SVN_1969.pdf,company,Les Plantations françaises de caoutchouc au Sud-Viêtnam,Héveas et caoutchouc,Indochine,Indochine,1969,,Les Plantations françaises de caoutchouc au Sud-Viêtnam (1969)
inde-indochine-heveas-chanh-luu-5ebc6c,https://entreprises-coloniales.fr/inde-indochine/Heveas_Chanh-luu.pdf,company,Société des hévéas de Chanh-luu,Héveas et caoutchouc,Indochine,Indochine,,,Chanh-luu (Société des hévéas de)(Giuntoli & Prunetti)
inde-indochine-heveas-de-bao-lach-512270,https://entreprises-coloniales.fr/inde-indochine/Heveas_de_Bao-Lach.pdf,company,Bao-Lach,Héveas et caoutchouc,Indochine,Indochine,,,Bao-Lach (Hévéas de)
inde-indochine-heveas-de-benco-f3f9e1,https://entreprises-coloniales.fr/inde-indochine/Heveas_de_Benco.pdf,company,Société des hévéas de Bênco,Héveas et caoutchouc,Indochine,Indochine,,,"Bênco (Société des hévéas de) : MM. Liotard, Delmas & Brizon, puis Michelin et SIPH"
inde-indochine-heveas-de-caukhoi-c8155e,https://entreprises-coloniales.fr/inde-indochine/Heveas_de_Caukhoi.pdf,company,"Société des plantations d'hévéas de Caukhoï, puis Caukhoï . Témoignage de Robert Vinet",Héveas et caoutchouc,Indochine,Indochine,1960,,"Caukhoï (Société des plantations d'hévéas de)(SPHC), puis (1960) Caukhoï (Société des plantations de). Témoignage de Robert Vinet (1950-1960)"
inde-indochine-heveas-de-caukhoi-ducret-574cea,https://entreprises-coloniales.fr/inde-indochine/Heveas_de_Caukhoi-Ducret.pdf,company,Caukhoï,Héveas et caoutchouc,Indochine,Indochine,,,Caukhoï (ou Cauk-hoi) : témoignage du gendarme Henri Ducret en poste sur la plantation du 7 avril 1953 au 19 février 1954
inde-indochine-heveas-de-chalang-c83082,https://entreprises-coloniales.fr/inde-indochine/Heveas_de_Chalang.pdf,company,Chalang,Héveas et caoutchouc,Indochine,Indochine,1927,1934,Chalang (S.A. des plantations d'hévéas de)(1927-1934)
inde-indochine-heveas-de-cochinchine-410dec,https://entreprises-coloniales.fr/inde-indochine/Heveas_de_Cochinchine.pdf,company,Cochinchine ou Hévéas de Cochinchine,Héveas et caoutchouc,Indochine,Indochine,,,Cochinchine (Hévéas de) ou Hévéas de Cochinchine
inde-indochine-heveas-de-hoa-loi-1e24da,https://entreprises-coloniales.fr/inde-indochine/Heveas_de_Hoa-Loi.pdf,company,Hoa-Loi,Héveas et caoutchouc,Indochine,Indochine,,,Hoa-Loi (Hévéas de)
inde-indochine-heveas-de-tayninh-60680e,https://entreprises-coloniales.fr/inde-indochine/Heveas_de_Tayninh.pdf,company,Tayninh ou Hévéas de Tayninh,Héveas et caoutchouc,Indochine,Indochine,,,Tayninh (Hévéas de) ou Hévéas de Tayninh (Tay-ninh)
inde-indochine-heveas-de-thoi-hoa-f4cab5,https://entreprises-coloniales.fr/inde-indochine/Heveas_de_Thoi-Hoa.pdf,company,Thoi-Hoa,Héveas et caoutchouc,Indochine,Indochine,,,Thoi-Hoa (Hévéas de)
inde-indochine-heveas-de-xuanloc-1968-6ee2a7,https://entreprises-coloniales.fr/inde-indochine/Heveas_de_Xuanloc-1968.pdf,company,Xuan-lôc ou Xuanlôc,Héveas et caoutchouc,Indochine,Indochine,,,"Xuan-lôc ou Xuanlôc (Hévéas de) : rapport sur l'exercice 1968 : dévastations américaines, terreur viêtcong"
inde-indochine-heveas-de-xuanloc-92e55d,https://entreprises-coloniales.fr/inde-indochine/Heveas_de_Xuanloc.pdf,company,Xuan-lôc ou Xuanlôc,Héveas et caoutchouc,Indochine,Indochine,,,Xuan-lôc ou Xuanlôc (Hévéas de)
inde-indochine-heveas-tan-thanh-dong-dc6481,https://entreprises-coloniales.fr/inde-indochine/Heveas_Tan-thanh-Dong.pdf,company,Société nouvelle des plantations d'hévéas de Tân-thanh-Dông,Héveas et caoutchouc,Indochine,Indochine,,,Tân-thanh-Dông (Société nouvelle des plantations d'hévéas de)
inde-indochine-hippolyte-chene-7541a3,https://entreprises-coloniales.fr/inde-indochine/Hippolyte_Chene.pdf,person,Chêne,"Rizières, rizeries, négoce de riz et autres céréales",Indochine,Indochine,,,"Chêne (Hippolyte)(1884-1957), Baclieu, Camau : riziculteur, président de la chambre d'agriculture de Cochinchine (1934-1938)"
inde-indochine-ho-chi-minh-c-sfdic-b976ee,https://entreprises-coloniales.fr/inde-indochine/Ho_Chi_Minh_c-SFDIC.pdf,company,Ho Chi Minh contre la SFDIC,Autres industries alimentaires,Indochine,Indochine,,,Ho Chi Minh contre la SFDIC : extrait du Procès de la colonisation française (1925)
inde-indochine-hoang-kiet-peintre-9ef4d0,https://entreprises-coloniales.fr/inde-indochine/Hoang-Kiet_peintre.pdf,company,Hoàng-Kiêt,"Artistes peintres, sculpteurs et galeries",Indochine,Indochine,,,Hoàng-Kiêt : artiste peintre cochinchinois
inde-indochine-hoang-van-ngoc-thanh-hoa-314349,https://entreprises-coloniales.fr/inde-indochine/Hoang-van-Ngoc-Thanh-Hoa.pdf,company,Hoang-van-Ngoc,"Eau et assainissement, électricité (Utilities)",Indochine,Indochine,,,"Hoang-van-Ngoc : première grande centrale électrique annamite à Thanh-Hoa, concession électrique de Moncay"
inde-indochine-hongay-coal-mines-b47dbd,https://entreprises-coloniales.fr/inde-indochine/Hongay_coal_mines.pdf,company,The Hongay coal mines of french Indo-China .,Mines,Indochine,Indochine,,,"The Hongay coal mines of french Indo-China (Far Eastern Review, september 1930-january 1933, 20 p.)."
inde-indochine-hongay-hotel-des-mines-8cf2e4,https://entreprises-coloniales.fr/inde-indochine/Hongay-Hotel_des_Mines.pdf,company,Hôtel des mines,"Hôtellerie, tourisme",Indochine,Indochine,,,"Hôtel des mines, Hongay"
inde-indochine-honore-oddera-1864-1929-1351f0,https://entreprises-coloniales.fr/inde-indochine/Honore_Oddera_1864-1929.pdf,person,Oddera,Sports,Indochine,Indochine,,,"Oddera (Honoré-Lazare-Mathieu)(1864-1929) : chasseur d'éléphants, explorateur du Lang-biang, administrateur en pays Moï"
inde-indochine-honore-vasco-nam-dinh-e377e7,https://entreprises-coloniales.fr/inde-indochine/Honore_Vasco_Nam-dinh.pdf,person,Vasco,"Bâtiment-travaux publics, matériaux de construction, céramiques",Indochine,Indochine,,,"Vasco (Honoré Louis)(1869-1918), Nam-dinh : exploitant de manège, entrepreneur de BTP, entrepreneur de bouage et vidange, négociant. Handicap des Français vis à vis des Chinois en matière de commerce et de crédit"
inde-indochine-honquan-1a0403,https://entreprises-coloniales.fr/inde-indochine/Honquan.pdf,company,"Société d'Honquan, Xa-cat ou Xacat",Héveas et caoutchouc,Indochine,Indochine,,,"Honquan (Société d'), Xa-cat ou Xacat : café, verveine, hévéas"
inde-indochine-hopital-ambulance-tourane-f73fa8,https://entreprises-coloniales.fr/inde-indochine/Hopital-ambulance_Tourane.pdf,company,L'hôpital-ambulance de Tourane,Santé,Indochine,Indochine,,,L'hôpital-ambulance de Tourane
inde-indochine-hopital-de-cantho-00fdb0,https://entreprises-coloniales.fr/inde-indochine/Hopital_de_Cantho.pdf,company,Hôpital de Cantho,Santé,Indochine,Indochine,,,Hôpital de Cantho : création d'une association hospitalière (1906). Asile de vieillards
inde-indochine-hopital-de-haiphong-a90715,https://entreprises-coloniales.fr/inde-indochine/Hopital_de_Haiphong.pdf,company,"Hôpital militaire, puis colonial",Santé,Indochine,Indochine,,,"Hôpital militaire, puis colonial, Haïphong"
inde-indochine-hopital-de-thanh-hoa-41e672,https://entreprises-coloniales.fr/inde-indochine/Hopital_de_Thanh-Hoa.pdf,company,"L'hôpital-ambulance de Thanh-hoa. Les docteurs Estève, Biaille de Lanigibaudière, Chesneau …",Santé,Indochine,Indochine,,,"L'hôpital-ambulance de Thanh-hoa. Les docteurs Estève, Biaille de Lanigibaudière, Chesneau …"
inde-indochine-hopital-de-travinh-6c2acf,https://entreprises-coloniales.fr/inde-indochine/Hopital_de_Travinh.pdf,company,Hôpital de Travinh,Santé,Indochine,Indochine,,,Hôpital de Travinh
inde-indochine-hopital-de-vinh-a6fd57,https://entreprises-coloniales.fr/inde-indochine/Hopital_de_Vinh.pdf,company,Hôpital de Vinh,Santé,Indochine,Indochine,,,Hôpital de Vinh (Nord-Annam)
inde-indochine-hopital-drouhet-cholon-3b381e,https://entreprises-coloniales.fr/inde-indochine/Hopital_Drouhet-Cholon.pdf,company,Hôpital Drouhet,Santé,Indochine,Indochine,,,"Hôpital Drouhet, Cholon"
inde-indochine-hopital-indigene-de-haiphong-ca0e3c,https://entreprises-coloniales.fr/inde-indochine/Hopital_indigene_de_Haiphong.pdf,company,Hôpital indigène,Santé,Indochine,Indochine,,,"Hôpital indigène (municipal), Haïphong"
inde-indochine-hopital-indigene-hanoi-4fd816,https://entreprises-coloniales.fr/inde-indochine/Hopital_indigene_Hanoi.pdf,company,"Hôpital indigène, puis Hôpital du Protectorat, puis Hôpital Yersin",Santé,Indochine,Indochine,1943,,"Hôpital indigène, puis Hôpital du Protectorat, puis (1943) Hôpital Yersin, Hanoï"
inde-indochine-hopital-lalung-bonnaire-cholon-ca1350,https://entreprises-coloniales.fr/inde-indochine/Hopital_Lalung-Bonnaire_Cholon.pdf,company,"Hôpital municipal, hôpital indigène de Cochinchine, hôpital Lalung-Bonnaire, maternité, écoles d'infirmiers et de sages-femmes",Santé,Indochine,Indochine,1893,,"Hôpital municipal (ca 1893), hôpital indigène de Cochinchine (1920), hôpital Lalung-Bonnaire (1934), maternité, écoles d'infirmiers et de sages-femmes, Cholon"
inde-indochine-hopital-lanessan-hanoi-d28b27,https://entreprises-coloniales.fr/inde-indochine/Hopital_Lanessan-Hanoi.pdf,company,Hôpital Lanessan,Santé,Indochine,Indochine,,,"Hôpital Lanessan, Hanoï : militaires et fonctionnaires"
inde-indochine-hopital-militaire-hanoi-16691b,https://entreprises-coloniales.fr/inde-indochine/Hopital_militaire_Hanoi.pdf,company,Hôpital militaire de la Citadelle,Santé,Indochine,Indochine,1884,1894,"Hôpital militaire de la Citadelle (1884-1894), Hanoï"
inde-indochine-hopital-mixte-pnompenh-e922d4,https://entreprises-coloniales.fr/inde-indochine/Hopital_mixte-Pnompenh.pdf,company,Hôpital mixte de Pnom-penh,Santé,Indochine,Indochine,,,Hôpital mixte de Pnom-penh
inde-indochine-hopital-psychiatrique-bienhoa-d7bf8c,https://entreprises-coloniales.fr/inde-indochine/Hopital_psychiatrique-Bienhoa.pdf,company,"Asile mixte d'aliénés, puis hôpital psychiatrique de Biênhoà",Santé,Indochine,Indochine,,,"Asile mixte d'aliénés, puis hôpital psychiatrique de Biênhoà"
inde-indochine-hopital-rene-robin-bach-mai-c8ff6a,https://entreprises-coloniales.fr/inde-indochine/Hopital_Rene-Robin-Bach-Mai.pdf,company,"Hôpital René-Robin, Bach-Mai",Santé,Indochine,Indochine,,,"Hôpital René-Robin, Bach-Mai (Hanoï)"
inde-indochine-hospice-thai-ha-ap-c4c77f,https://entreprises-coloniales.fr/inde-indochine/Hospice_Thai-Ha-Ap.pdf,company,Hospice de Thai-Hà-Ap,Santé,Indochine,Indochine,,,"Hospice de Thai-Hà-Ap, Hanoï : asile pour incurables"
inde-indochine-hostellerie-saint-jacques-le-cap-e472fd,https://entreprises-coloniales.fr/inde-indochine/Hostellerie_Saint-Jacques_Le_Cap.pdf,company,Hostellerie Saint-Jacques,"Hôtellerie, tourisme",Indochine,Indochine,,,"Hostellerie Saint-Jacques, Cap Saint-Jacques"
inde-indochine-hotel-clement-quang-yen-29cb7a,https://entreprises-coloniales.fr/inde-indochine/Hotel_Clement-Quang-yen.pdf,company,"Hôtel Clément, Quang-Yên","Hôtellerie, tourisme",Indochine,Indochine,,,"Hôtel Clément, Quang-Yên"
inde-indochine-hotel-tonkinois-hue-d40a99,https://entreprises-coloniales.fr/inde-indochine/Hotel_tonkinois-Hue.pdf,company,Hôtel tonkinois,"Hôtellerie, tourisme",Indochine,Indochine,,,"Hôtel tonkinois, Hué"
inde-indochine-houilleres-tourane-1889-1899-60f59a,https://entreprises-coloniales.fr/inde-indochine/Houilleres-Tourane_1889-1899.pdf,company,Société française des Houillères de Tourane,Mines,Indochine,Indochine,1889,1899,Houillères de Tourane (Société française des)(1889-1899) : charbonnages de Nong-Son
inde-indochine-hsbc-haiphong-77907f,https://entreprises-coloniales.fr/inde-indochine/HSBC-Haiphong.pdf,company,Hong-Kong and Shanghaï Banking Corporation,"Banque, gérance, assurances…",Indochine,Indochine,,,Hong-Kong and Shanghaï Banking Corporation (HSBC) : Haïphong (1921)
inde-indochine-hsbc-indochine-ad2610,https://entreprises-coloniales.fr/inde-indochine/HSBC-Indochine.pdf,company,Hong-Kong and Shanghaï Banking Corporation,"Banque, gérance, assurances…",Indochine,Indochine,,,Hong-Kong and Shanghaï Banking Corporation (HSBC) : Saïgon
inde-indochine-hseo-haiphong-1b98ac,https://entreprises-coloniales.fr/inde-indochine/HSEO-Haiphong.pdf,company,Huilerie et savonnerie de l’Extrême-Orient,Industries diverses,Indochine,Indochine,,,"Huilerie et savonnerie de l’Extrême-Orient, Haïphong (suite de A. Faussemagne et de Louis Flambeau & Cie)"
inde-indochine-hubert-de-chambure-c47201,https://entreprises-coloniales.fr/inde-indochine/Hubert_de_Chambure.pdf,company,Chambure,"Banque, gérance, assurances…",Indochine,Indochine,1903,1953,Chambure (Hubert Pelletier de)(1903-1953)
inde-indochine-hue-college-dong-khanh-de4aa6,https://entreprises-coloniales.fr/inde-indochine/Hue_College_Dong-Khanh.pdf,company,Huê,"Enseignement, recherche, sociétés savantes, musées…",Indochine,Indochine,,,Huê : collège de jeunes filles Dông-Khanh
inde-indochine-hue-grd-hotel-morin-2f83a1,https://entreprises-coloniales.fr/inde-indochine/Hue-Grd_Hotel_Morin.pdf,company,"Grand Hôtel Guérin, puis Morin frères","Hôtellerie, tourisme",Indochine,Indochine,,,"Grand Hôtel Guérin, puis Morin frères, Hué"
inde-indochine-hue-nouvel-an-1912-219d38,https://entreprises-coloniales.fr/inde-indochine/Hue-Nouvel_An-1912.pdf,company,"Anonyme, Réception à Hué lors du Nouvel An annamite, février 1912","Artistes peintres, sculpteurs et galeries",Indochine,Indochine,,,"Anonyme, Réception à Hué lors du Nouvel An annamite, février 1912 (100 x 100 cm) : souvenir de Constant Labbez (Coll. Gérard O'Connell)"
inde-indochine-hugand-huiles-savon-khanh-hoi-2d6ac8,https://entreprises-coloniales.fr/inde-indochine/Hugand_Huiles_savon_Khanh-hoi.pdf,company,"Hugand, Khanh-Hoi",Industries diverses,Indochine,Indochine,,,"Hugand (Robert), Khanh-Hoi (Saïgon) : manufacture d'huiles et savons (ca 1900-1903)"
inde-indochine-huileries-de-saigon-1943-93ce08,https://entreprises-coloniales.fr/inde-indochine/Huileries_de_Saigon-1943.pdf,company,Société des Huileries de Saïgon,Industries diverses,Indochine,Indochine,1943,,"Huileries de Saïgon (Société des)(Sarl, 1943), Cholon"
inde-indochine-huileries-de-saigon-80ede5,https://entreprises-coloniales.fr/inde-indochine/Huileries_de_Saigon.pdf,company,Société des Huileries de Saïgon,Autres industries alimentaires,Indochine,Indochine,1917,1924,"Huileries de Saïgon (Société des)(1917-1924), Saïgon"
inde-indochine-huileries-raffineries-ic-4e649c,https://entreprises-coloniales.fr/inde-indochine/Huileries-raffineries-IC.pdf,company,Huileries et raffineries d'Indochine,Autres industries alimentaires,Indochine,Indochine,,,"Huileries et raffineries d'Indochine (Rafindo), Saïgon"
inde-indochine-huiles-et-graisses-ricinol-70e0c6,https://entreprises-coloniales.fr/inde-indochine/Huiles_et_graisses_Ricinol.pdf,company,Société française des Huiles et graisses Ricinol,Industries diverses,Indochine,Indochine,,,"Huiles et graisses Ricinol (Société française des), Hanoï"
inde-indochine-hydraulique-asie-layne-639cd4,https://entreprises-coloniales.fr/inde-indochine/Hydraulique-Asie-Layne.pdf,company,L'Hydraulique-Asie,"Bâtiment-travaux publics, matériaux de construction, céramiques",Indochine,Indochine,,,"Hydraulique-Asie (L')(Procédés Layne, USA) : forages de puits"
inde-indochine-ibos-chdfer-fleuve-rouge-0abbb0,https://entreprises-coloniales.fr/inde-indochine/Ibos-Chdfer_fleuve-Rouge.pdf,company,Le Chemins de fer du fleuve Rouge par le capitaine Pierre Ibos,Transports terrestres et garages,Indochine,Indochine,,,"Chemins de fer du fleuve Rouge (Le) par le capitaine Pierre Ibos (Lavauzelle, Paris, 1906)"
inde-indochine-ic-cci-internationale-27b453,https://entreprises-coloniales.fr/inde-indochine/IC-CCI_internationale.pdf,source_document,L'Indochine à la Chambre de commerce internationale,Documents généraux (par ordre chronologique),Indochine,Indochine,1923,,L'Indochine à la Chambre de commerce internationale (1923)
inde-indochine-ic-erreurs-et-dangers-673023,https://entreprises-coloniales.fr/inde-indochine/IC-Erreurs_et_dangers.pdf,source_document,"Bernard, L'Indo-Chine",Documents généraux (par ordre chronologique),Indochine,Indochine,,,"Bernard (Capitaine Fernand), L'Indo-Chine : erreurs et dangers (Paris, 1901) : extraits"
inde-indochine-ic-luminescence-et-radio-44def7,https://entreprises-coloniales.fr/inde-indochine/IC_luminescence_et_radio.pdf,company,"Indochine Phono et radio, puis Indochine luminescence et radio",Commerce,Indochine,Indochine,,,"Indochine Phono et radio (SIPRA), puis Indochine luminescence et radio (SILER), Saïgon, Pnom-Penh, Hanoï"
inde-indochine-icare-163-67d69d,https://entreprises-coloniales.fr/inde-indochine/Icare-163.pdf,company,L'aviation commerciale en Indochine des origines à 1945,"Transports fluviaux, maritimes et aériens. Ports, phares",Indochine,Indochine,,,"L'aviation commerciale en Indochine des origines à 1945 (Icare, n° 163, 4e trimestre 1997) : Air France et ses composantes. Nombreuses illustrations"
inde-indochine-ideo-91a3b2,https://entreprises-coloniales.fr/inde-indochine/IDEO.pdf,company,Imprimerie d’Extrême-Orient,"Imprimerie, presse, édition",Indochine,Indochine,,,"Imprimerie d’Extrême-Orient (IDEO), Hanoï, Haïphong, Saïgon"
inde-indochine-immobiliere-a-courtinat-fd7d4e,https://entreprises-coloniales.fr/inde-indochine/Immobiliere_A._Courtinat.pdf,company,Société Immobilière A. Courtinat,Sociétés foncières et immobilières,Indochine,Indochine,1930,,"Immobilière A. Courtinat (Société)(1930), Saïgon"
inde-indochine-immobiliere-citadelle-hanoi-38031a,https://entreprises-coloniales.fr/inde-indochine/Immobiliere_Citadelle_Hanoi.pdf,company,Société Immobilière du Quartier de la citadelle d’Hanoï,Sociétés foncières et immobilières,Indochine,Indochine,1899,1904,Immobilière du Quartier de la citadelle d’Hanoï (Société)(1899-1904)
inde-indochine-immobiliere-de-tourane-584cf1,https://entreprises-coloniales.fr/inde-indochine/Immobiliere_de_Tourane.pdf,company,Société Immobilière de Tourane,Sociétés foncières et immobilières,Indochine,Indochine,1907,,"Immobilière de Tourane (Société)(1907) : terrains à Tourane, rizières à Hoa-Qué"
inde-indochine-immobiliere-du-laos-08d413,https://entreprises-coloniales.fr/inde-indochine/Immobiliere_du_Laos.pdf,company,Société Immobilière du Laos,Sociétés foncières et immobilières,Indochine,Indochine,,,"Immobilière du Laos (Société), Thakhek"
inde-indochine-immobiliere-du-nhabe-2bfd7b,https://entreprises-coloniales.fr/inde-indochine/Immobiliere_du_Nhabe.pdf,company,"Société Immobilière du Nhabé, Nha-bé ou Nhà-bè",Sociétés foncières et immobilières,Indochine,Indochine,,,"Immobilière du Nhabé, Nha-bé ou Nhà-bè (Société), Saïgon"
inde-indochine-immobiliere-du-sud-annam-b8cfe0,https://entreprises-coloniales.fr/inde-indochine/Immobiliere_du_Sud-Annam.pdf,company,Société Immobilière du Sud-Annam,Sociétés foncières et immobilières,Indochine,Indochine,1939,,"Immobilière du Sud-Annam (Société)(1939), Phanthiêt"
inde-indochine-immobiliere-ext-or-041683,https://entreprises-coloniales.fr/inde-indochine/Immobiliere_Ext._Or.pdf,company,Société Immobilière d'Extrême-Orient,Sociétés foncières et immobilières,Indochine,Indochine,,,"Immobilière d'Extrême-Orient (Société), Saïgon"
inde-indochine-immobiliere-hui-bon-hoa-841dfa,https://entreprises-coloniales.fr/inde-indochine/Immobiliere_Hui-Bon-Hoa.pdf,company,Société Immobilière Hui Bon Hoa,Sociétés foncières et immobilières,Indochine,Indochine,,,"Immobilière Hui Bon Hoa (Société), Saïgon"
inde-indochine-immobiliere-ic-66e8f7,https://entreprises-coloniales.fr/inde-indochine/Immobiliere_IC.pdf,company,Société Immobilière de l'Indochine,Sociétés foncières et immobilières,Indochine,Indochine,,,"Immobilière de l'Indochine (Société)(SIDI), Saïgon"
inde-indochine-immobiliere-port-saigon-fcc0e4,https://entreprises-coloniales.fr/inde-indochine/Immobiliere_port_Saigon.pdf,company,Société Immobilière du Port de Saïgon,Sociétés foncières et immobilières,Indochine,Indochine,1923,,"Immobilière du Port de Saïgon (Société)(S.A., 1923)"
inde-indochine-immobiliere-saigon-cholon-4a56d6,https://entreprises-coloniales.fr/inde-indochine/Immobiliere_Saigon-Cholon.pdf,company,Compagnie Immobilière de Saïgon-Cholon,Sociétés foncières et immobilières,Indochine,Indochine,,,Immobilière de Saïgon-Cholon (Compagnie)
inde-indochine-impartial-1917-1926-d134ff,https://entreprises-coloniales.fr/inde-indochine/Impartial_1917-1926.pdf,company,L'Impartial,"Imprimerie, presse, édition",Indochine,Indochine,1917,1926,"Impartial (L')(1917-1926), Saïgon : époque Aymard et Lachevrotière"
inde-indochine-impartial-1927-1943-0948c9,https://entreprises-coloniales.fr/inde-indochine/Impartial_1927-1943.pdf,company,L'Impartial,"Imprimerie, presse, édition",Indochine,Indochine,,,"Impartial (L')(1927-1943 ?), Saïgon : époque Homberg-SFFC"
inde-indochine-imprimerie-centrale-de-presse-hanoi-01c36f,https://entreprises-coloniales.fr/inde-indochine/Imprimerie_centrale_de_presse-Hanoi.pdf,company,Imprimerie centrale de presse,"Imprimerie, presse, édition",Indochine,Indochine,1942,,"Imprimerie centrale de presse (Sarl, 31 janvier 1942), Hanoï"
inde-indochine-imprimerie-du-centre-saigon-cbe4ac,https://entreprises-coloniales.fr/inde-indochine/Imprimerie_du_Centre-Saigon.pdf,company,Imprimerie du Centre,"Imprimerie, presse, édition",Indochine,Indochine,1925,,"Imprimerie du Centre (Société anonyme pour l'exploitation de l')(1925), Saïgon"
inde-indochine-imprimerie-express-hanoi-48b637,https://entreprises-coloniales.fr/inde-indochine/Imprimerie_Express-Hanoi.pdf,company,"Imprimerie Express, Nguyên-van-Vinh et Cie","Imprimerie, presse, édition",Indochine,Indochine,,,"Imprimerie Express, Nguyên-van-Vinh et Cie, Hanoï"
inde-indochine-imprimerie-frse-outre-mer-c094e9,https://entreprises-coloniales.fr/inde-indochine/Imprimerie_frse_outre-mer.pdf,company,Imprimerie française d'outre-mer,"Imprimerie, presse, édition",Indochine,Indochine,1948,,"Imprimerie française d'outre-mer (S.A., 1948), Saïgon"
inde-indochine-imprimerie-gallois-haiphong-12553b,https://entreprises-coloniales.fr/inde-indochine/Imprimerie_Gallois-Haiphong.pdf,company,Gallois,"Imprimerie, presse, édition",Indochine,Indochine,,,"Gallois (Léon), Haïphong, Hanoï : imprimerie, fonderie de caractères"
inde-indochine-imprimerie-testelin-saigon-e15e17,https://entreprises-coloniales.fr/inde-indochine/Imprimerie_Testelin-Saigon.pdf,company,Imprimerie moderne,"Imprimerie, presse, édition",Indochine,Indochine,,,"Imprimerie moderne (Testelin), Saïgon"
inde-indochine-imprimerie-thanh-vuong-168013,https://entreprises-coloniales.fr/inde-indochine/Imprimerie_Thanh-Vuong.pdf,company,Imprimerie Thanh Vuong,"Imprimerie, presse, édition",Indochine,Indochine,,,"Imprimerie Thanh Vuong, Mytho"
inde-indochine-imprimerie-theatre-saigon-057376,https://entreprises-coloniales.fr/inde-indochine/Imprimerie_theatre-Saigon.pdf,company,Imprimerie du Théâtre,"Imprimerie, presse, édition",Indochine,Indochine,,,"Imprimerie du Théâtre (G.-R. Dürrwell), Saïgon"
inde-indochine-imprimerie-tonkinoise-91160d,https://entreprises-coloniales.fr/inde-indochine/Imprimerie_tonkinoise.pdf,company,"Imprimerie tonkinoise, Hanoï. La Chersonèse d'Or, d'Emmanuel Defert","Imprimerie, presse, édition",Indochine,Indochine,1925,,"Imprimerie tonkinoise (Bach-thai-Buoi et Lê-van-Phuc), Hanoï. La Chersonèse d'Or, d'Emmanuel Defert (1925)"
inde-indochine-ind-et-comm-annam-26ac60,https://entreprises-coloniales.fr/inde-indochine/Ind._et_comm._Annam.pdf,company,"Industrielle et commerciale de l'Annam, Tourane. Puis Société industrielle, commerciale et artisanale, Jeumont",Autres industries alimentaires,Indochine,Indochine,,,"Industrielle et commerciale de l'Annam (SICA), Tourane. Puis Société industrielle, commerciale et artisanale, Jeumont"
inde-indochine-indes-et-indochine-db2483,https://entreprises-coloniales.fr/inde-indochine/Indes_et_Indochine.pdf,company,Indes et Indochine,Commerce,Indochine,Indochine,,,"Indes et Indochine, Saïgon"
inde-indochine-indo-chinoise-culture-et-commerce-acafa9,https://entreprises-coloniales.fr/inde-indochine/Indo-chinoise_culture_et_commerce.pdf,company,Société Indochinoise de Culture et de commerce,Héveas et caoutchouc,Indochine,Indochine,1920,1925,"Indochinoise de Culture et de commerce (Société)(1920-1925), Marseille : Tan-Tuong (Biênhoà)"
inde-indochine-indo-chinoise-incendie-cfc5f4,https://entreprises-coloniales.fr/inde-indochine/Indo-Chinoise-Incendie.pdf,company,"L'Indo-Chinoise, compagnie d'assurances à primes fixes contre l'incendie","Banque, gérance, assurances…",Indochine,Indochine,1896,1902,"Indo-Chinoise (L'), compagnie d'assurances à primes fixes contre l'incendie (1896-1902), Haïphong"
inde-indochine-indo-chinoise-industrielle-ccda24,https://entreprises-coloniales.fr/inde-indochine/Indo-Chinoise_Industrielle.pdf,company,"Société l’Indo-Chinoise Industrielle, F. Letourneau et Cie",Transports terrestres et garages,Indochine,Indochine,1905,1907,"Indo-Chinoise Industrielle (Société l’), F. Letourneau et Cie (1905-1907)"
inde-indochine-indo-participations-hypothecaires-9bdfa6,https://entreprises-coloniales.fr/inde-indochine/Indo_Participations_hypothecaires.pdf,company,Société Indochinoise de participations hypothécaires,"Banque, gérance, assurances…",Indochine,Indochine,1930,,"Indochinoise de participations hypothécaires (Société)(S.A., 1930), Hanoï"
inde-indochine-indo-publicite-d643e8,https://entreprises-coloniales.fr/inde-indochine/Indo-Publicite.pdf,company,Indo-Publicité,"Imprimerie, presse, édition",Indochine,Indochine,,,"Indo-Publicité (A. J. Burtschy et R. J. Dickson), Saïgon : publicité, édition d'annuaires"
inde-indochine-indocarbo-78bd62,https://entreprises-coloniales.fr/inde-indochine/Indocarbo.pdf,company,"Indocarbo, Ben-Ray","Bois, meubles, papier, allumettes",Indochine,Indochine,,,"Indocarbo (juin 1942-juillet 1943), Ben-Ray (Tayninh) : charbon de bois à gazogènes"
inde-indochine-indoch-allumettes-1903-1922-2f62b6,https://entreprises-coloniales.fr/inde-indochine/Indoch._allumettes_1903-1922.pdf,company,Société Indo-Chinoise des Allumettes,"Bois, meubles, papier, allumettes",Indochine,Indochine,1903,1922,"Indo-Chinoise des Allumettes (Société)(1903-1922), Benthuy, Hanoï"
inde-indochine-indoch-construc-navales-297828,https://entreprises-coloniales.fr/inde-indochine/Indoch._construc._navales.pdf,company,Indochinoise de Constructions navales,"Métallurgie, constructions mécaniques, électriques, navales",Indochine,Indochine,,,"Indochinoise de Constructions navales, Saïgon : le flop du cargo en ciment « Cochinchine »"
inde-indochine-indoch-d-elec-haiphong-acbb39,https://entreprises-coloniales.fr/inde-indochine/Indoch._d'elec.-Haiphong.pdf,company,Société Indochinoise d'électricité,"Eau et assainissement, électricité (Utilities)",Indochine,Indochine,,,Indochinoise d'électricité (Société) : l'adduction des eaux de Haïphong. Antécédents.
inde-indochine-indoch-d-elec-prix-30ba8d,https://entreprises-coloniales.fr/inde-indochine/Indoch._d'elec.-prix.pdf,company,Société Indochinoise d'électricité,"Eau et assainissement, électricité (Utilities)",Indochine,Indochine,,,"Indochinoise d'électricité (Société) : prix comparés de l'électricité au Tonkin, en France, dans les autres colonies françaises et à l'étranger."
inde-indochine-indoch-d-electricite-99f97f,https://entreprises-coloniales.fr/inde-indochine/Indoch._d'electricite.pdf,company,Société Indochinoise d'électricité,"Eau et assainissement, électricité (Utilities)",Indochine,Indochine,,,Indochinoise d'électricité (Société) : Tonkin.
inde-indochine-indoch-de-transports-4e8ec9,https://entreprises-coloniales.fr/inde-indochine/Indoch._de_transports.pdf,company,Société Indochinoise de Transports,Transports terrestres et garages,Indochine,Indochine,,,"Indochinoise de Transports (Société)(SIT), Saïgon"
inde-indochine-indoch-des-graphites-ed6845,https://entreprises-coloniales.fr/inde-indochine/Indoch._des_Graphites.pdf,company,Société Indo-Chinoise des Graphites,Mines,Indochine,Indochine,1925,1930,"Indo-Chinoise des Graphites (Société)(1925-1930) : mines à Laokay (Tonkin), usine de traitement à Gauchy (Aisne)"
inde-indochine-indoch-du-darlac-c51b23,https://entreprises-coloniales.fr/inde-indochine/Indoch._du_Darlac.pdf,company,Indochinoise du Darlac,"Café, thé, épices, coco, quinquina, vanille",Indochine,Indochine,,,Indochinoise du Darlac
inde-indochine-indoch-industrie-miniere-82a80a,https://entreprises-coloniales.fr/inde-indochine/Indoch._Industrie_miniere.pdf,company,Compagnie Indochinoise d'Industrie minière,Mines,Indochine,Indochine,,,Indochinoise d'Industrie minière (Compagnie) : mine de fer Abel à Thai-nguyên
inde-indochine-indoch-messag-auto-3c790c,https://entreprises-coloniales.fr/inde-indochine/Indoch._Messag._auto.pdf,company,Compagnie Indochinoise de Messageries automobiles,Transports terrestres et garages,Indochine,Indochine,,,"Indochinoise de Messageries automobiles (Compagnie)(CIMA), Vinh, Thakhek"
inde-indochine-indoch-transports-aeriens-46aa52,https://entreprises-coloniales.fr/inde-indochine/Indoch._transports_aeriens.pdf,company,Société Indochinoise de transports aériens,"Transports fluviaux, maritimes et aériens. Ports, phares",Indochine,Indochine,,,"Indochinoise de transports aériens (Société)(SITA), Saïgon"
inde-indochine-indochine-eco-1939-1947-df7c58,https://entreprises-coloniales.fr/inde-indochine/Indochine_eco_1939-1947.pdf,source_document,"L'économie indochinoise, 129 p.",Documents généraux (par ordre chronologique),Indochine,Indochine,1939,1947,"L'économie indochinoise (1939-1947), 129 p."
inde-indochine-indochine-films-cinemas-4abb35,https://entreprises-coloniales.fr/inde-indochine/Indochine_films_cinemas.pdf,company,Indochine films et cinémas,Cinémas et théâtres de l'Indochine (du nord au sud),Indochine,Indochine,,,"Indochine films et cinémas (IFEC)(fusion en 1923 de La Pommeraye & Cie, Frasseto & Sicé et de Messner), Saïgon : producteur et diffuseur de films"
inde-indochine-indochine-forestiere-1931-a60719,https://entreprises-coloniales.fr/inde-indochine/Indochine_forestiere_1931.pdf,company,Indochine forestière,"Bois, meubles, papier, allumettes",Indochine,Indochine,,,"Indochine forestière (Exposition coloniale internationale de Paris, 1931) : carnet de 4 pages"
inde-indochine-indochine-hebdo-etat-civil-7d35d7,https://entreprises-coloniales.fr/inde-indochine/Indochine-Hebdo_etat_civil.pdf,company,"Indochine, hebdomadaire illustré","Imprimerie, presse, édition",Indochine,Indochine,1940,1945,"Indochine, hebdomadaire illustré (1940-1945) : rubrique état civil"
inde-indochine-indochine-hebdo-illustre-80ea32,https://entreprises-coloniales.fr/inde-indochine/Indochine-Hebdo_illustre.pdf,company,"Indochine, hebdomadaire illustré","Imprimerie, presse, édition",Indochine,Indochine,1940,1945,"Indochine, hebdomadaire illustré (1940-1945) : 17 couvertures"
inde-indochine-indochine-hebdo-sommaires-50b675,https://entreprises-coloniales.fr/inde-indochine/Indochine-Hebdo_sommaires.pdf,company,"Indochine, hebdomadaire illustré","Imprimerie, presse, édition",Indochine,Indochine,1940,1945,"Indochine, hebdomadaire illustré (1940-1945) : les sommaires (liens vers les articles numérisés)"
inde-indochine-indochine-import-saigon-412865,https://entreprises-coloniales.fr/inde-indochine/Indochine_Import-Saigon.pdf,company,Indochine Import,Commerce,Indochine,Indochine,,,"Indochine Import (Camille Huchet), Saïgon"
inde-indochine-indochine-importation-3e1b48,https://entreprises-coloniales.fr/inde-indochine/Indochine_Importation.pdf,company,Indochine Importation,Commerce,Indochine,Indochine,1933,,"Indochine Importation (Sarl, 1933), Hanoï"
inde-indochine-indochine-miniere-1931-9099bc,https://entreprises-coloniales.fr/inde-indochine/Indochine_miniere_1931.pdf,company,Indochine minière,Mines,Indochine,Indochine,,,"Indochine minière (Exposition coloniale internationale de Paris, 1931) : carnet de 8 pages"
inde-indochine-indochine-republicaine-de8337,https://entreprises-coloniales.fr/inde-indochine/Indochine_Republicaine.pdf,company,L'Indochine Républicaine,"Imprimerie, presse, édition",Indochine,Indochine,1902,1905,"Indochine Républicaine (L')(1902-1905)(1924-1928), Hanoï : organe des loges maçonniques du Tonkin, puis du Cartel des gauches"
inde-indochine-indochinois-poudrerie-angouleme-1916-1918-a33f3c,https://entreprises-coloniales.fr/inde-indochine/Indochinois_Poudrerie_Angouleme_1916-1918.pdf,source_document,Les travailleurs indochinois à la Poudrerie nationale d'Angoulême,Documents généraux (par ordre chronologique),Indochine,Indochine,1916,1918,"Les travailleurs indochinois à la Poudrerie nationale d'Angoulême (1916-1918) : articles de presse, cartes postales"
inde-indochine-indochinoise-bouchage-93c364,https://entreprises-coloniales.fr/inde-indochine/Indochinoise_bouchage.pdf,company,Société Indochinoise de Bouchage,Industries diverses,Indochine,Indochine,1926,1939,Indochinoise de Bouchage (Société)(1926-1939)
inde-indochine-indochinoise-d-agriculture-abfc59,https://entreprises-coloniales.fr/inde-indochine/Indochinoise_d_Agriculture.pdf,company,Société Indochinoise d'Agriculture,"Rizières, rizeries, négoce de riz et autres céréales",Indochine,Indochine,,,"Indochinoise d'Agriculture (Société) : Chipou ou Chi-Pou, provinces de Romduol et Soairièng (Cambodge)"
inde-indochine-indochinoise-de-commerce-e09107,https://entreprises-coloniales.fr/inde-indochine/Indochinoise_de_Commerce.pdf,company,Société Indochinoise de Commerce,Commerce,Indochine,Indochine,1930,1937,"Indochinoise de Commerce (Société)(1930-1937), Saïgon"
inde-indochine-indochinoise-de-peinture-38cbfc,https://entreprises-coloniales.fr/inde-indochine/Indochinoise_de_Peinture.pdf,company,"Société Indochinoise de Peinture, Saigon-Khanh-hoi",Industries diverses,Indochine,Indochine,,,"Indochinoise de Peinture (Société), Saigon-Khanh-hoi"
inde-indochine-indochinoise-de-plantations-3e6399,https://entreprises-coloniales.fr/inde-indochine/Indochinoise_de_Plantations.pdf,company,Cie Indo-chinoise de Plantations,"Café, thé, épices, coco, quinquina, vanille",Indochine,Indochine,,,"Indo-chinoise de Plantations (Cie)(Fommervault) : café à Phu-Man, etc. (Tonkin) et dans le Nord-Annam. Rachat par Joanny Michaud"
inde-indochine-indochinoise-des-tabacs-af7e78,https://entreprises-coloniales.fr/inde-indochine/Indochinoise_des_Tabacs.pdf,company,Cie Indochinoise des Tabacs,Autres industries alimentaires,Indochine,Indochine,,,"Indochinoise des Tabacs (Cie), Saïgon"
inde-indochine-indochinoise-etudes-minieres-c8e8f0,https://entreprises-coloniales.fr/inde-indochine/Indochinoise_etudes_minieres.pdf,company,Société Indochinoise d'études minières,Mines,Indochine,Indochine,,,Indochinoise d'études minières (Société)
inde-indochine-indochinoise-gemmage-djiring-2c93fd,https://entreprises-coloniales.fr/inde-indochine/Indochinoise_Gemmage-Djiring.pdf,company,Société Indochinoise de Gemmage,"Bois, meubles, papier, allumettes",Indochine,Indochine,1943,,"Indochinoise de Gemmage (Société)(1943), Djiring"
inde-indochine-indochinoise-mines-0204d0,https://entreprises-coloniales.fr/inde-indochine/Indochinoise_Mines.pdf,company,Compagnie Indochinoise des Mines,Mines,Indochine,Indochine,1929,1933,Indochinoise des Mines (Compagnie)(1929-1933)
inde-indochine-indochinoise-navigation-87a537,https://entreprises-coloniales.fr/inde-indochine/Indochinoise_Navigation.pdf,company,Compagnie Indochinoise de Navigation,"Transports fluviaux, maritimes et aériens. Ports, phares",Indochine,Indochine,1924,,"Indochinoise de Navigation (Compagnie)(CICN)(1924), Haïphong"
inde-indochine-indochinoise-recherches-minieres-8ef32a,https://entreprises-coloniales.fr/inde-indochine/Indochinoise_Recherches_minieres.pdf,company,Société Indochinoise de Recherches minières,Mines,Indochine,Indochine,1913,,"Indochinoise de Recherches minières (Société)(1913), Haïphong"
inde-indochine-indophono-hanoi-850b82,https://entreprises-coloniales.fr/inde-indochine/Indophono-Hanoi.pdf,company,Indophono,Commerce,Indochine,Indochine,,,"Indophono (Ancienne maison Chanson et Thibault), Hanoï"
inde-indochine-indoto-hanoi-ee9b5f,https://entreprises-coloniales.fr/inde-indochine/Indoto-Hanoi.pdf,company,Gararge Bobillot,Transports terrestres et garages,Indochine,Indochine,1924,,"Gararge Bobillot (1924), Hanoï : de Dion-Bouton. Puis Indochine Automobiles (Indoto), Hanoï : Mathis Ford"
inde-indochine-indus-savannakhet-14088d,https://entreprises-coloniales.fr/inde-indochine/Indus.-Savannakhet.pdf,company,Société Industrielle de Savannakhet,"Rizières, rizeries, négoce de riz et autres céréales",Indochine,Indochine,,,"Industrielle de Savannakhet (Société) : rizerie, T.P."
inde-indochine-indus-tonkin-annam-9943af,https://entreprises-coloniales.fr/inde-indochine/Indus.-Tonkin-Annam.pdf,company,"Industrielle du Tonkin et de l'Annam, bouages et vidanges","Eau et assainissement, électricité (Utilities)",Indochine,Indochine,,,"Industrielle du Tonkin et de l'Annam (S.A.), bouages et vidanges, Haïphong"
inde-indochine-induscom-indo-chine-1c4b4f,https://entreprises-coloniales.fr/inde-indochine/Induscom_Indo-Chine.pdf,company,Société Industrielle et Commerciale de l’Indo-Chine,Héveas et caoutchouc,Indochine,Indochine,,,Industrielle et Commerciale de l’Indo-Chine (Société)
inde-indochine-induscom-salonique-1d6b19,https://entreprises-coloniales.fr/inde-indochine/Induscom_Salonique.pdf,company,Industrielle et Commerciale de Salonique,Groupes indochinois et dirigeants d'affaires diverses,Indochine,Indochine,,,Industrielle et Commerciale de Salonique (Société anonyme ottomane)
inde-indochine-industrielle-annam-tk-ff04ef,https://entreprises-coloniales.fr/inde-indochine/Industrielle-Annam-Tk.pdf,company,"Société Industrielle de l'Annam-Tonkin, fabrique de boutons, Gia-Lam",Cuirs et textiles,Indochine,Indochine,,,"Industrielle de l'Annam-Tonkin (Société), fabrique de boutons, Gia-Lam"
inde-indochine-industrielle-cochinchine-4c08a5,https://entreprises-coloniales.fr/inde-indochine/Industrielle-Cochinchine.pdf,company,Société Industrielle de Cochinchine,Transports terrestres et garages,Indochine,Indochine,,,"Industrielle de Cochinchine (Société)(S.I.C.), Saïgon"
inde-indochine-industrielle-du-laos-716117,https://entreprises-coloniales.fr/inde-indochine/Industrielle_du_Laos.pdf,company,"Société Industrielle du Laos, Luang-Prabang","Eau et assainissement, électricité (Utilities)",Indochine,Indochine,,,"Industrielle du Laos (Société), Luang-Prabang"
inde-indochine-infirmerie-maternite-linh-cam-276daa,https://entreprises-coloniales.fr/inde-indochine/Infirmerie-maternite_Linh-Cam.pdf,company,Infirmerie-maternité de Linh-Cam,Santé,Indochine,Indochine,,,Infirmerie-maternité de Linh-Cam (Hatinh)
inde-indochine-information-extreme-orient-96c658,https://entreprises-coloniales.fr/inde-indochine/Information_Extreme-Orient.pdf,company,"L'Information d'Extrême-Orient, Saïgon. Ernest Outrey contre Robert Crémieux","Imprimerie, presse, édition",Indochine,Indochine,1924,,"Information d'Extrême-Orient (L')(Société des éditions du Pacifique)(1924), Saïgon. Ernest Outrey contre Robert Crémieux"
inde-indochine-ingenieurs-ecp-indochine-aa7c69,https://entreprises-coloniales.fr/inde-indochine/Ingenieurs_ECP-Indochine.pdf,source_document,Anciens élèves de l'École centrale des arts et manufactures de Paris,Amicales régionales et professionnelles : les petites patries à l'ombre de la grande ; amitié et solidarité,Indochine,Indochine,,,Anciens élèves de l'École centrale des arts et manufactures de Paris (ECP) : ingénieurs centraliens en Indochine
inde-indochine-instabilite-gouvernementale-ic-6859f2,https://entreprises-coloniales.fr/inde-indochine/Instabilite_gouvernementale-IC.pdf,source_document,L'Instabilité gouvernementale en Indochine,Documents généraux (par ordre chronologique),Indochine,Indochine,1885,1925,Instabilité gouvernementale en Indochine (L')(1885-1925)
inde-indochine-institut-antirabique-hanoi-57e4d1,https://entreprises-coloniales.fr/inde-indochine/Institut_antirabique_Hanoi.pdf,company,Institut antirabique d'Hanoï,Santé,Indochine,Indochine,1898,1925,Institut antirabique d'Hanoï (1898-1925) : lutte contre la rage
inde-indochine-institut-culturel-du-japon-en-indochine-263d4d,https://entreprises-coloniales.fr/inde-indochine/Institut_culturel_du_Japon_en_Indochine.pdf,source_document,Institut culturel du Japon en Indochine,Documents généraux (par ordre chronologique),Indochine,Indochine,,,"Institut culturel du Japon en Indochine (nov. 1943), Hanoï"
inde-indochine-institut-franco-annamite-toulon-4bac1c,https://entreprises-coloniales.fr/inde-indochine/Institut_franco-annamite_Toulon.pdf,company,Institut franco-annamite de Toulon,"Enseignement, recherche, sociétés savantes, musées…",Indochine,Indochine,,,Institut franco-annamite de Toulon (IFAT) : un projet sans lendemain de Paul Monet (1926-1927)
inde-indochine-institut-frs-caoutchouc-2f25d1,https://entreprises-coloniales.fr/inde-indochine/Institut_frs_caoutchouc.pdf,company,Institut français du caoutchouc,Héveas et caoutchouc,Indochine,Indochine,,,Institut français du caoutchouc
inde-indochine-institut-oceanographique-nhatrang-272cad,https://entreprises-coloniales.fr/inde-indochine/Institut_oceanographique-Nhatrang.pdf,company,"Institut océanographique de l'Indochine, Cau-Da",Pêche et produits de la mer,Indochine,Indochine,1929,,"Institut océanographique de l'Indochine (1929), Cau-Da (Nhatrang) : suite du Service océanographique des pêches de l'Indochine (1922) : documents, 83 photos N&B (1931). Reportage de Sunny Le Galloudec (23 oct. 2023)(126 p.)"
inde-indochine-institut-ophtalmo-hanoi-f5f7fb,https://entreprises-coloniales.fr/inde-indochine/Institut_ophtalmo_Hanoi.pdf,company,Institut ophtalmologique,Santé,Indochine,Indochine,,,"Institut ophtalmologique, Hanoï : Dr Jean Casaux, premier directeur. Lutte contre le trachome"
inde-indochine-institut-ophtalmo-hue-46a1d2,https://entreprises-coloniales.fr/inde-indochine/Institut_ophtalmo_Hue.pdf,company,Institut ophtalmologique,Santé,Indochine,Indochine,,,"Institut ophtalmologique, Hué"
inde-indochine-institut-pasteur-dalat-f25e86,https://entreprises-coloniales.fr/inde-indochine/Institut_Pasteur_Dalat.pdf,company,Institut Pasteur,Santé,Indochine,Indochine,,,"Institut Pasteur, Dalat"
inde-indochine-institut-pasteur-hanoi-836f62,https://entreprises-coloniales.fr/inde-indochine/Institut_Pasteur_Hanoi.pdf,company,Institut Pasteur,Santé,Indochine,Indochine,,,"Institut Pasteur, Hanoï"
inde-indochine-institut-pasteur-nhatrang-ee4d0c,https://entreprises-coloniales.fr/inde-indochine/Institut_Pasteur_Nhatrang.pdf,company,Institut Pasteur,Santé,Indochine,Indochine,,,"Institut Pasteur, Nhatrang"
inde-indochine-institut-pasteur-saigon-b6a0ed,https://entreprises-coloniales.fr/inde-indochine/Institut_Pasteur_Saigon.pdf,company,Institut Pasteur,Santé,Indochine,Indochine,,,"Institut Pasteur, Saïgon"
inde-indochine-institut-prophylactique-saigon-319614,https://entreprises-coloniales.fr/inde-indochine/Institut_prophylactique_Saigon.pdf,company,L'Institut prophylactique de Saïgon,Santé,Indochine,Indochine,,,L'Institut prophylactique de Saïgon : maladies vénériennes. Dr Nguyên van Tung
inde-indochine-institut-puericulture-saigon-882e32,https://entreprises-coloniales.fr/inde-indochine/Institut_puericulture_Saigon.pdf,company,L'Institut de puériculture de Saïgon,Santé,Indochine,Indochine,,,L'Institut de puériculture de Saïgon : Dr Pierre Bourgin
inde-indochine-institut-radium-hanoi-0a7532,https://entreprises-coloniales.fr/inde-indochine/Institut_radium_Hanoi.pdf,company,"Institut Curie, puis Institut du radium de l'Indochine",Santé,Indochine,Indochine,,,"Institut Curie, puis Institut du radium de l'Indochine (« l'Institut du cancer »), Hanoï"
inde-indochine-institut-scientifique-saigon-46ced7,https://entreprises-coloniales.fr/inde-indochine/Institut_scientifique_Saigon.pdf,company,Institut scientifique de Saïgon,"Enseignement, recherche, sociétés savantes, musées…",Indochine,Indochine,1918,1922,Institut scientifique de Saïgon (1918-1922)
inde-indochine-institut-vaccinogene-hue-3ed2a0,https://entreprises-coloniales.fr/inde-indochine/Institut_vaccinogene-Hue.pdf,company,Institut vaccinogène et laboratoire bactériologique,Santé,Indochine,Indochine,,,"Institut vaccinogène et laboratoire bactériologique, Hué"
inde-indochine-institut-vaccinogene-tonkin-cee241,https://entreprises-coloniales.fr/inde-indochine/Institut_vaccinogene_Tonkin.pdf,company,"Institut vaccinogène du Tonkin à Thai-Hà-Ap, puis Bach Mai",Santé,Indochine,Indochine,1904,1928,"Institut vaccinogène du Tonkin à Thai-Hà-Ap, puis Bach Mai (1904-1928) : vaccins antivarioliques et, accessoirement, anticholériques et antitiphoïdiques"
inde-indochine-institution-jeunes-filles-indigenes-saigon-d51b1d,https://entreprises-coloniales.fr/inde-indochine/Institution_jeunes_filles_indigenes_Saigon.pdf,company,Institution de jeunes filles annamites ou indigènes de Saïgon . Collège Gialong,"Enseignement, recherche, sociétés savantes, musées…",Indochine,Indochine,1914,,Institution de jeunes filles annamites ou indigènes de Saïgon (1914). Collège Gialong (1942)
inde-indochine-insurrection-cochinchine-1940-c01b6a,https://entreprises-coloniales.fr/inde-indochine/Insurrection_Cochinchine_1940.pdf,source_document,"L'Insurrection de Cochinchine en novembre 1940, par Decoux, Ducoroy, Franchini, Ngo Van et Verney",Documents généraux (par ordre chronologique),Indochine,Indochine,,,"L'Insurrection de Cochinchine en novembre 1940, par Decoux, Ducoroy, Franchini, Ngo Van et Verney"
inde-indochine-intercontinentale-materiel-frigorifique-f9d5a7,https://entreprises-coloniales.fr/inde-indochine/Intercontinentale_Materiel_frigorifique.pdf,company,Compagnie Intercontinentale de Matériel frigorifique,Commerce,Indochine,Indochine,,,"Intercontinentale de Matériel frigorifique (Compagnie), Paris"
inde-indochine-intern-epargne-452a0f,https://entreprises-coloniales.fr/inde-indochine/Intern._Epargne.pdf,company,Société Internationale d’épargne,"Banque, gérance, assurances…",Indochine,Indochine,,,"Internationale d’épargne (Société), Shanghaï : opérations en Indochine"
inde-indochine-international-import-export-e3ce83,https://entreprises-coloniales.fr/inde-indochine/International_Import_Export.pdf,company,International Import Export,Commerce,Indochine,Indochine,1934,1935,"International Import Export (1934-1935), Saïgon : alimentation générale"
inde-indochine-ippolito-vincent-875906,https://entreprises-coloniales.fr/inde-indochine/Ippolito_Vincent.pdf,company,Ippolito,Transports terrestres et garages,Indochine,Indochine,,,"Ippolito (Vincent) : Grand Garage central, puis Société des automobiles et cycles de l'Indochine, Saïgon : Peugeot"
inde-indochine-irci-19b172,https://entreprises-coloniales.fr/inde-indochine/IRCI.pdf,company,Institut de recherches sur le caoutchouc en Indochine,Héveas et caoutchouc,Indochine,Indochine,,,"Institut de recherches sur le caoutchouc en Indochine (IRCI), Lai-khê"
inde-indochine-irrigation-doluong-1937-a0382b,https://entreprises-coloniales.fr/inde-indochine/Irrigation_Doluong-1937.pdf,company,Barrage de Doluong ou Do-Luong,"Hydraulique agricole, irrigations (du nord au sud)",Indochine,Indochine,,,"Barrage de Doluong ou Do-Luong (Nghê-An)(Vinh-Nord) : 45.000 hectares irrigués. Inauguration, discours-programme du gouverneur général Brévié (2 juin 1937)"
inde-indochine-irrigation-saur-an-ninh-4f8aa1,https://entreprises-coloniales.fr/inde-indochine/Irrigation_Saur-An-ninh.pdf,company,"Irrigation Antony Saur, An-Ninh","Hydraulique agricole, irrigations (du nord au sud)",Indochine,Indochine,,,"Irrigation Antony Saur, An-Ninh (Thua-thiên, Centre-Annam)"
inde-indochine-irrigation-tan-my-c18193,https://entreprises-coloniales.fr/inde-indochine/Irrigation_Tan-My.pdf,company,Entreprise d'irrigation de Tân-My,"Hydraulique agricole, irrigations (du nord au sud)",Indochine,Indochine,,,"Entreprise d'irrigation de Tân-My (Quang-Nam) : P.G.J. Belle, puis Ferdinand Daurelle"
inde-indochine-irrigations-au-cambodge-61e1ab,https://entreprises-coloniales.fr/inde-indochine/Irrigations_au_Cambodge.pdf,company,Irrigations au Cambodge,"Hydraulique agricole, irrigations (du nord au sud)",Indochine,Indochine,,,"Irrigations au Cambodge : Bovel (Battambang), Stung Khya (Kompong-Cham), Preynop (Kampot)"
inde-indochine-irrigations-au-tonkin-c36a8a,https://entreprises-coloniales.fr/inde-indochine/Irrigations_au_Tonkin.pdf,company,Irrigations au Tonkin,"Hydraulique agricole, irrigations (du nord au sud)",Indochine,Indochine,1895,1950,Irrigations au Tonkin (1895-1950)
inde-indochine-irrigations-en-annam-17fe75,https://entreprises-coloniales.fr/inde-indochine/Irrigations_en_Annam.pdf,company,Irrigations en Annam,"Hydraulique agricole, irrigations (du nord au sud)",Indochine,Indochine,1901,1945,Irrigations en Annam (1901-1945)
inde-indochine-irrigations-en-cochinchine-7fb822,https://entreprises-coloniales.fr/inde-indochine/Irrigations_en_Cochinchine.pdf,company,Irrigations en Cochinchine,"Hydraulique agricole, irrigations (du nord au sud)",Indochine,Indochine,1930,1946,Irrigations en Cochinchine (1930-1946)
inde-indochine-irrigations-song-cau-ta-coun-a5bb81,https://entreprises-coloniales.fr/inde-indochine/Irrigations_song-Cau_Ta Coun.pdf,company,Irrigations du song Cau,"Hydraulique agricole, irrigations (du nord au sud)",Indochine,Indochine,,,Irrigations du song Cau : le barrage de Ta Coun (1929)
inde-indochine-irrigations-tonkin-et-annam-d5970e,https://entreprises-coloniales.fr/inde-indochine/Irrigations_Tonkin_et_Annam.pdf,company,Société d'Irrigations au Tonkin et en Annam,"Hydraulique agricole, irrigations (du nord au sud)",Indochine,Indochine,1899,1901,Irrigations au Tonkin et en Annam (Société d')(1899-1901)
inde-indochine-isidore-bertrand-tourane-900826,https://entreprises-coloniales.fr/inde-indochine/Isidore_Bertrand-Tourane.pdf,company,Bertrand,"Café, thé, épices, coco, quinquina, vanille",Indochine,Indochine,,,"Bertrand (Isidore), Tourane : plantation de café, thé, arec, poivre…"
inde-indochine-j-b-malon-entrepreneur-ae11ab,https://entreprises-coloniales.fr/inde-indochine/J.-B._Malon-entrepreneur.pdf,person,Malon,"Bâtiment-travaux publics, matériaux de construction, céramiques",Indochine,Indochine,,,Malon (Jean-Baptiste)(1889-1900) : entrepreneur de travaux à Hanoï et Haïphong
inde-indochine-j-b-malon-et-cie-393951,https://entreprises-coloniales.fr/inde-indochine/J.-B._Malon_et_Cie.pdf,company,Malon et Compagnie,Autres industries alimentaires,Indochine,Indochine,,,Malon et Compagnie (MM. J.-B.) : fermiers du sel au Tonkin et en Annam (1897-1898)
inde-indochine-j-b-saumont-4221aa,https://entreprises-coloniales.fr/inde-indochine/J.-B._Saumont.pdf,person,Saumont,"Imprimerie, presse, édition",Indochine,Indochine,,,"Saumont (Jean-Baptiste)(1877-1931) : créateur du Courrier d'Indochine (1908-1912), puis de l'Indochine Républicaine (1924-1928)."
inde-indochine-j-b-say-naufrage-1893-437eb3,https://entreprises-coloniales.fr/inde-indochine/J.-B.-Say-naufrage_1893.pdf,company,La bataille navale de Bangkok et le naufrage du « Jean-Baptiste-Say »,"Transports fluviaux, maritimes et aériens. Ports, phares",Indochine,Indochine,,,La bataille navale de Bangkok et le naufrage du « Jean-Baptiste-Say »
inde-indochine-jacque-et-cie-1878-1926-059e0e,https://entreprises-coloniales.fr/inde-indochine/Jacque_et_Cie_1878-1926.pdf,company,"Éts Louis Jacque et Cie, import-export, constructions mécaniques, navales et métalliques",Commerce,Indochine,Indochine,1878,1926,"Jacque et Cie (Éts Louis)(Anc. Éts Graf, Jacque & Cie)(1878-1926), import-export, constructions mécaniques, navales et métalliques, Saïgon, Pnom-Penh"
inde-indochine-jacques-caillard-8a769c,https://entreprises-coloniales.fr/inde-indochine/Jacques_Caillard.pdf,company,Caillard,Héveas et caoutchouc,Indochine,Indochine,,,Caillard (Jacques) : Dong-Sô
inde-indochine-jacques-duc-assureur-712a6f,https://entreprises-coloniales.fr/inde-indochine/Jacques_Duc-assureur.pdf,company,Lê van Duc,"Banque, gérance, assurances…",Indochine,Indochine,,,"Lê van Duc (Jacques Duc), Saïgon : assureur, commissionnaire, journaliste, philanthrope"
inde-indochine-jean-baptiste-alexandre-barthe-0182f4,https://entreprises-coloniales.fr/inde-indochine/Jean-Baptiste-Alexandre_Barthe.pdf,company,Barthe,Héveas et caoutchouc,Indochine,Indochine,,,"Barthe (Jean-Baptiste-Alexandre) : douanier, riziculteur, hévéaculteur"
inde-indochine-jean-cousin-1892-1966-19545b,https://entreprises-coloniales.fr/inde-indochine/Jean_Cousin_1892-1966.pdf,person,Cousin,"Banque, gérance, assurances…",Indochine,Indochine,,,Cousin (Jean)(1892-1966) : de la direction des Finances de l'Indochine à la Banque de l'Indochine
inde-indochine-jean-de-beaumont-1904-2002-299319,https://entreprises-coloniales.fr/inde-indochine/Jean_de_Beaumont-1904-2002.pdf,source_document,"Beaumont, député de la Cochinchine",Documents généraux (par ordre chronologique),Indochine,Indochine,1936,1940,"Beaumont (Jean de), député de la Cochinchine (1936-1940)"
inde-indochine-jean-dupuis-c162ce,https://entreprises-coloniales.fr/inde-indochine/Jean_Dupuis.pdf,person,Dupuis,Groupes indochinois et dirigeants d'affaires diverses,Indochine,Indochine,,,"Dupuis (Jean)(1828-1912) : « inventeur du Tonkin », fermier des bois du Nord-Annam et de l'île de Kébao"
inde-indochine-jean-ernest-crebessac-hanoi-1cd522,https://entreprises-coloniales.fr/inde-indochine/Jean-Ernest_Crebessac-Hanoi.pdf,person,Crébessac,"Imprimerie, presse, édition",Indochine,Indochine,,,"Crébessac (Jean-Ernest), Haïphong, Hanoï : imprimeur-libraire (1889-1905)"
inde-indochine-jean-giorgi-8dbfe0,https://entreprises-coloniales.fr/inde-indochine/Jean_Giorgi.pdf,person,Giorgi,"Café, thé, épices, coco, quinquina, vanille",Indochine,Indochine,,,"Giorgi (Jean), Saïgon : planteur de vanille"
inde-indochine-jean-guery-bb8a33,https://entreprises-coloniales.fr/inde-indochine/Jean_Guery.pdf,person,"Guéry, planteur",Héveas et caoutchouc,Indochine,Indochine,,,"Guéry (Jean)(1898-1972), planteur"
inde-indochine-jean-le-bret-1871-1947-895e25,https://entreprises-coloniales.fr/inde-indochine/Jean_Le_Bret_1871-1947.pdf,person,Le Bret,Groupes indochinois et dirigeants d'affaires diverses,Indochine,Indochine,,,Le Bret (Jean)(1871-1947) : ingénieur des mines
inde-indochine-jean-mazet-2ded90,https://entreprises-coloniales.fr/inde-indochine/Jean_Mazet.pdf,company,Jean Mazet,Autres industries alimentaires,Indochine,Indochine,,,Jean Mazet
inde-indochine-jean-roux-1865-1947-884ad9,https://entreprises-coloniales.fr/inde-indochine/Jean_Roux_1865-1947.pdf,company,Roux,"Bâtiment-travaux publics, matériaux de construction, céramiques",Indochine,Indochine,,,"Roux (Jean)(La Rochefoucauld, 1865-Hanoï, 1947), Hanoï : carrières des Rochers-Notre-Dame, à Sontay"
inde-indochine-jeunesses-ducoroy-74baec,https://entreprises-coloniales.fr/inde-indochine/Jeunesses_Ducoroy.pdf,source_document,L'Embrigadement de la jeunesse sous l'amiral Decoux et le commandant Ducoroy,Documents généraux (par ordre chronologique),Indochine,Indochine,,,"L'Embrigadement de la jeunesse sous l'amiral Decoux et le commandant Ducoroy (214 p., timbre, 4 photos inédites)"
inde-indochine-jeux-cartes-annam-f5e1c5,https://entreprises-coloniales.fr/inde-indochine/Jeux_cartes_Annam.pdf,company,Jeux de cartes populaires en pays d'Annam,Autres loisirs,Indochine,Indochine,,,"Jeux de cartes populaires en pays d'Annam : le tam-cúc et le bát, par René de Creissel, Indochine, hebdomadaire illustré, novembre 1944"
inde-indochine-joseph-aucouturier-giadinh-b2a784,https://entreprises-coloniales.fr/inde-indochine/Joseph_Aucouturier-Giadinh.pdf,person,Aucouturier,Héveas et caoutchouc,Indochine,Indochine,,,"Aucouturier (Joseph), Giadinh : ingénieur des travaux publics, planteur. Et son gendre, Henri Gourdon"
inde-indochine-joseph-cuenin-tourane-05127e,https://entreprises-coloniales.fr/inde-indochine/Joseph_Cuenin-Tourane.pdf,person,Cuénin,Commerce,Indochine,Indochine,,,"Cuénin (Joseph)(1880-1936), Tourane : commerçant, assureur, exportateur de thé…"
inde-indochine-joseph-lagarde-1860-1928-cedb08,https://entreprises-coloniales.fr/inde-indochine/Joseph_Lagarde_1860-1928.pdf,person,Lagarde,"Rizières, rizeries, négoce de riz et autres céréales",Indochine,Indochine,,,"Lagarde (Joseph)(1860-1928) : riziculteur à Soctrang, puis Long-xuyên"
inde-indochine-joseph-mayer-poivre-0f24c1,https://entreprises-coloniales.fr/inde-indochine/Joseph_Mayer_poivre.pdf,person,"Mayer, l'homme du poivre","Café, thé, épices, coco, quinquina, vanille",Indochine,Indochine,,,"Mayer (Joseph)(1864-1945), l'homme du poivre"
inde-indochine-joseph-pepino-caricaturiste-1d143a,https://entreprises-coloniales.fr/inde-indochine/Joseph_Pepino_caricaturiste.pdf,person,Pépino,"Artistes peintres, sculpteurs et galeries",Indochine,Indochine,,,"Pépino (Joseph)(1887-1957), Saïgon : maître de port, caricaturiste"
inde-indochine-joseph-wiele-chu-589481,https://entreprises-coloniales.fr/inde-indochine/Joseph_Wiele-Chu.pdf,person,Wiélé,"Rizières, rizeries, négoce de riz et autres céréales",Indochine,Indochine,,,"Wiélé (Joseph)(1857-1937) : légionnaire, puis colon à Chu (Bacgiang) : 1.031 hectares"
inde-indochine-josselme-vinh-an-tay-9d395f,https://entreprises-coloniales.fr/inde-indochine/Josselme_Vinh-an-tay.pdf,company,"Josselme, Vinh-an-tây. Puis Albert Peux",Héveas et caoutchouc,Indochine,Indochine,,,"Josselme (Léon), Vinh-an-tây. Puis Albert Peux"
inde-indochine-jubin-an-nhon-tay-33ad99,https://entreprises-coloniales.fr/inde-indochine/Jubin_An-nhon-tay.pdf,company,"Jubin, An-nhon-tây",Héveas et caoutchouc,Indochine,Indochine,,,"Jubin (Henri), An-nhon-tây"
inde-indochine-jules-lionel-marie-0b6c67,https://entreprises-coloniales.fr/inde-indochine/Jules_Lionel-Marie.pdf,person,"Jules Lionel-Marie, fondateur de la SICAF.",Groupes indochinois et dirigeants d'affaires diverses,Indochine,Indochine,,,"Jules Lionel-Marie (1878-1957), fondateur de la SICAF."
inde-indochine-jules-rueff-1854-1907-8707c2,https://entreprises-coloniales.fr/inde-indochine/Jules_Rueff_1854-1907.pdf,person,"Rueff, fondateur des Messageries fluviales de Cochinchine",Groupes indochinois et dirigeants d'affaires diverses,Indochine,Indochine,,,"Rueff (Jules)(1854-1907), fondateur des Messageries fluviales de Cochinchine"
inde-indochine-julien-paira-peintre-3b89cb,https://entreprises-coloniales.fr/inde-indochine/Julien_Paira_peintre.pdf,company,Païra,"Artistes peintres, sculpteurs et galeries",Indochine,Indochine,1867,1942,"Païra (Julien)(le « père Païra »)(1867-1942), Saïgon : artiste peintre amateur"
inde-indochine-jullien-et-cie-vinh-63996b,https://entreprises-coloniales.fr/inde-indochine/Jullien_et_Cie-Vinh.pdf,company,Éts R. Jullien et Cie,"Bâtiment-travaux publics, matériaux de construction, céramiques",Indochine,Indochine,1931,,"Jullien et Cie (Éts R.)(SARL, 1931), Vinh : tuilerie-briqueterie, menuiserie"
inde-indochine-just-de-poligny-1867-1938-83c176,https://entreprises-coloniales.fr/inde-indochine/Just_de_Poligny_1867-1938.pdf,company,Poligny,Héveas et caoutchouc,Indochine,Indochine,1867,1938,"Poligny (Just-Gustave Quirot, comte de)(1867-1938)"
inde-indochine-kampot-bungalow-db4c9b,https://entreprises-coloniales.fr/inde-indochine/Kampot-Bungalow.pdf,company,Bungalow de Kampot,"Hôtellerie, tourisme",Indochine,Indochine,,,Bungalow de Kampot
inde-indochine-kantroi-1927-1937-426fc2,https://entreprises-coloniales.fr/inde-indochine/Kantroi_1927-1937.pdf,company,Plantations de Kantroï ou Kantroy,Héveas et caoutchouc,Indochine,Indochine,1927,1937,Kantroï ou Kantroy (Plantations de)(1927-1937)
inde-indochine-kapok-heveas-lavan-6892a9,https://entreprises-coloniales.fr/inde-indochine/Kapok+heveas_Lavan.pdf,company,Kapok et hévéas de Lavan,Héveas et caoutchouc,Indochine,Indochine,,,Kapok et hévéas de Lavan
inde-indochine-kenua-pulperie-yen-bai-7436e3,https://entreprises-coloniales.fr/inde-indochine/Kenua_Pulperie_Yen-Bai.pdf,company,Kenua,"Bois, meubles, papier, allumettes",Indochine,Indochine,,,Kenua (Pulperie de Yên-Bai)
inde-indochine-kep-bungalow-e1b2b5,https://entreprises-coloniales.fr/inde-indochine/Kep-Bungalow.pdf,company,"Bungalow de Kêp, station balnéaire","Hôtellerie, tourisme",Indochine,Indochine,,,"Bungalow de Kêp, station balnéaire"
inde-indochine-khoe-travinh-1940-edbcd7,https://entreprises-coloniales.fr/inde-indochine/Khoe_Travinh-1940.pdf,company,Dr Nguyên-van-Khoe,Santé,Indochine,Indochine,,,"Dr Nguyên-van-Khoe, Travinh (publicité, 1940) : de médecin fonctionnaire à médecin libre"
inde-indochine-knilm-cd080d,https://entreprises-coloniales.fr/inde-indochine/KNILM.pdf,company,Compagnie aérienne néerlandaise K.N.I.L.M.,"Transports fluviaux, maritimes et aériens. Ports, phares",Indochine,Indochine,,,K.N.I.L.M. (Compagnie aérienne néerlandaise) : Batavia-Singapore-Saïgon
inde-indochine-koenig-et-bernhard-hanoi-d94683,https://entreprises-coloniales.fr/inde-indochine/Koenig_et_Bernhard-Hanoi.pdf,company,"Société franco-tonkinoise Kœnig et Gardanne, Kœnig, Wehrung et Cie, Eug. Kœnig, Kœnig et Bernhard",Commerce,Indochine,Indochine,1881,,"Kœnig (Eugène) et Gardanne (Louis)(Société franco-tonkinoise)(1881), Kœnig, Wehrung et Cie (1885), Eug. Kœnig (1887), Kœnig et Bernhard (1890), Hanoï : import-export"
inde-indochine-kompong-cham-bungalow-f64196,https://entreprises-coloniales.fr/inde-indochine/Kompong-Cham-Bungalow.pdf,company,Bungalow de Kompong-Cham,"Hôtellerie, tourisme",Indochine,Indochine,,,Bungalow (Grand Hôtel) de Kompong-Cham
inde-indochine-kompong-thom-bungalow-a91e36,https://entreprises-coloniales.fr/inde-indochine/Kompong-Thom-Bungalow.pdf,company,Bungalow de Kompong-Thom,"Hôtellerie, tourisme",Indochine,Indochine,,,Bungalow de Kompong-Thom
inde-indochine-kompong-thom-caout-e50212,https://entreprises-coloniales.fr/inde-indochine/Kompong-Thom_Caout.pdf,company,Caoutchoucs de Kompong-Thom,Héveas et caoutchouc,Indochine,Indochine,1927,,Caoutchoucs de Kompong-Thom (S.C.K.T.)(1927)
inde-indochine-kouang-tcheou-wan-d8522e,https://entreprises-coloniales.fr/inde-indochine/Kouang-tcheou-Wan.pdf,company,"Kouang-tchéou-Wan, territoire à bail","Transports fluviaux, maritimes et aériens. Ports, phares",Indochine,Indochine,,,"Kouang-tchéou-Wan, territoire à bail"
inde-indochine-kropff-saigon-579582,https://entreprises-coloniales.fr/inde-indochine/Kropff-Saigon.pdf,person,Kropff,"Bâtiment-travaux publics, matériaux de construction, céramiques",Indochine,Indochine,,,"Kropff (André), Saïgon : architecte, entrepreneur"
inde-indochine-krug-tuiles-haiphong-73c47f,https://entreprises-coloniales.fr/inde-indochine/Krug-tuiles-Haiphong.pdf,company,"Tuilerie-briqueterie haïphonnaise Adolphe Krug-Paul Hossenlopp, Quinh-cu","Bâtiment-travaux publics, matériaux de construction, céramiques",Indochine,Indochine,,,"Tuilerie-briqueterie haïphonnaise Adolphe Krug-Paul Hossenlopp, Quinh-cu (Kiên-An)"
inde-indochine-kuenemann-filipetti-89ad26,https://entreprises-coloniales.fr/inde-indochine/Kuenemann&Filipetti.pdf,person,"Kuenemann et Filipetti, Deveaux","Hôtellerie, tourisme",Indochine,Indochine,,,"Kuenemann et Filipetti, Deveaux (J.), Phu-lang-thuong : hôtelier, entrepreneur"
inde-indochine-kwang-tcheou-wan-1934-2dfada,https://entreprises-coloniales.fr/inde-indochine/Kwang-Tcheou-Wan-1934.pdf,company,Kouang-Tchéou-Wan ou Kwang-Tchéou-Wan,Santé,Indochine,Indochine,,,Kouang-Tchéou-Wan ou Kwang-Tchéou-Wan : état sanitaire (1934)
inde-indochine-ky-odron-sapko-c90fcb,https://entreprises-coloniales.fr/inde-indochine/Ky-Odron_SAPKO.pdf,company,Société des plantations du Ky-Odron,"Café, thé, épices, coco, quinquina, vanille",Indochine,Indochine,,,Ky-Odron (Société des plantations du)(SAPKO)
inde-indochine-l-immobiliere-de-cochinchine-495b6c,https://entreprises-coloniales.fr/inde-indochine/L_Immobiliere_de_Cochinchine.pdf,company,L'Immobilière de Cochinchine,Sociétés foncières et immobilières,Indochine,Indochine,,,L'Immobilière de Cochinchine
inde-indochine-l-muet-saigon-4d72e2,https://entreprises-coloniales.fr/inde-indochine/L._Muet-Saigon.pdf,company,Muet,Transports terrestres et garages,Indochine,Indochine,,,"Muet (L.), Saïgon : agent exclusif Delaunay-Belleville, cycles Peugeot"
inde-indochine-la-cagouille-hanoi-2d79a4,https://entreprises-coloniales.fr/inde-indochine/La_Cagouille-Hanoi.pdf,source_document,La Cagouille,Amicales régionales et professionnelles : les petites patries à l'ombre de la grande ; amitié et solidarité,Indochine,Indochine,,,"Cagouille (La), Hanoï : amicale des cagouillards (Charentais) élargie aux Poitevins"
inde-indochine-la-cochinchine-agricole-dba73f,https://entreprises-coloniales.fr/inde-indochine/La_Cochinchine_Agricole.pdf,company,"La Cochinchine Agricole, bulletin de la chambre d'agriculture","Imprimerie, presse, édition",Indochine,Indochine,,,"Cochinchine Agricole (La), bulletin de la chambre d'agriculture"
inde-indochine-la-coloniale-paris-36b44d,https://entreprises-coloniales.fr/inde-indochine/La_Coloniale-Paris.pdf,company,"La Coloniale, Paris-Saïgon",Commerce,Indochine,Indochine,1899,1900,"Coloniale (La)(1899-1900), Paris-Saïgon"
inde-indochine-la-falaise-chez-les-mois-7237f8,https://entreprises-coloniales.fr/inde-indochine/La_Falaise_chez_les_Mois.pdf,company,Quand le marquis de La Falaise tournait chez les Moïs,Cinémas et théâtres de l'Indochine (du nord au sud),Indochine,Indochine,1934,,Quand le marquis de La Falaise tournait chez les Moïs (1934)
inde-indochine-la-famille-haiphong-e9bca8,https://entreprises-coloniales.fr/inde-indochine/La_Famille-Haiphong.pdf,company,La Famille,Sociétés foncières et immobilières,Indochine,Indochine,1922,,"Famille (La)(1922), Haïphong : société immobilière, émanation de la Ligue des familles nombreuses"
inde-indochine-la-parigote-saigon-8b4e89,https://entreprises-coloniales.fr/inde-indochine/La_Parigote_Saigon.pdf,source_document,La Parigote,Amicales régionales et professionnelles : les petites patries à l'ombre de la grande ; amitié et solidarité,Indochine,Indochine,1909,,"Parigote (La), Saïgon (1909) : amicale parisienne de Cochinchine (Auguste Adam Bourcier, Henri Baader… ). Ses débats contradictoires : la peine de mort, l'éducation, le fédéralisme européen, le théâtre, Gandhi, le naturisme (2), l'Italie fasciste, le féminisme (2), Les USA vus par Georges Duhamel, la question juive, les mariages mixtes, la prostitution, l’euthanasie, l'opium…"
inde-indochine-la-providence-pnompenh-d0caec,https://entreprises-coloniales.fr/inde-indochine/La_Providence-Pnompenh.pdf,company,"La Providence, Pnompenh",Entreprises religieuses,Indochine,Indochine,,,"Providence (La), Pnompenh : pensionnat"
inde-indochine-la-souchere-1910-1933-9ef524,https://entreprises-coloniales.fr/inde-indochine/La_Souchere_1910-1933.pdf,company,La Souchère,Héveas et caoutchouc,Indochine,Indochine,1910,1933,La Souchère (Hévéas de)(Hévéas de la Souchère)(1910-1933)
inde-indochine-labaste-heleneville-1b9c8b,https://entreprises-coloniales.fr/inde-indochine/Labaste-Heleneville.pdf,company,Labaste,"Rizières, rizeries, négoce de riz et autres céréales",Indochine,Indochine,,,Labaste (ou Labasthe)(Bernard) : 6.000 hectares à Hélèneville (Soctrang)
inde-indochine-labayle-et-cie-haiphong-babe7e,https://entreprises-coloniales.fr/inde-indochine/Labayle_et_Cie-Haiphong.pdf,company,Labayle & Cie,Commerce,Indochine,Indochine,,,"Labayle & Cie (Jules), Haïphong"
inde-indochine-laboratoire-chimie-pnompenh-b3d868,https://entreprises-coloniales.fr/inde-indochine/Laboratoire_chimie_Pnompenh.pdf,company,Laboratoire de chimie,Santé,Indochine,Indochine,,,"Laboratoire de chimie, Pnom-penh : éther de krabao contre la lèpre"
inde-indochine-laboratoire-lecna-dalat-e7e1f7,https://entreprises-coloniales.fr/inde-indochine/Laboratoire_Lecna-Dalat.pdf,company,Laboratoire Lecna,Industries diverses,Indochine,Indochine,,,"Laboratoire Lecna, Dalat : produits de beauté"
inde-indochine-lacroix-numismatique-annamite-b26c61,https://entreprises-coloniales.fr/inde-indochine/Lacroix_Numismatique_annamite.pdf,company,"Tableau des mines à l'époque précoloniale, in Désiré Lacroix, Numismatique annamite",Mines,Indochine,Indochine,,,"Tableau des mines à l'époque précoloniale, in Désiré Lacroix, Numismatique annamite (Saïgon, 1900, chap. IV, p. 28-39)"
inde-indochine-lacs-babe-backan-09d744,https://entreprises-coloniales.fr/inde-indochine/Lacs_Babe-Backan.pdf,company,Lacs Ba-Bé,"Hôtellerie, tourisme",Indochine,Indochine,,,Lacs Ba-Bé (Bac-Kan)
inde-indochine-lafarge-indochine-d94e72,https://entreprises-coloniales.fr/inde-indochine/Lafarge-Indochine.pdf,company,Société Indochinoise du ciment fondu Lafarge,"Bâtiment-travaux publics, matériaux de construction, céramiques",Indochine,Indochine,1925,1935,"Indochinoise du ciment fondu Lafarge (Société)(1925-1935), Haïphong"
inde-indochine-lafaulotte-1876-1957-b235db,https://entreprises-coloniales.fr/inde-indochine/Lafaulotte_1876-1957.pdf,person,Alexandre de Lafaulotte,Groupes indochinois et dirigeants d'affaires diverses,Indochine,Indochine,,,Alexandre de Lafaulotte (1876-1957)
inde-indochine-lai-khe-pachod-154edf,https://entreprises-coloniales.fr/inde-indochine/Lai-khe-Pachod.pdf,company,"Pachod, puis Alexandre Brizon & Maurice Barbier",Héveas et caoutchouc,Indochine,Indochine,,,"Pachod (Jules), puis Alexandre Brizon & Maurice Barbier, Lai-khê"
inde-indochine-lainiere-du-tonkin-c1d9aa,https://entreprises-coloniales.fr/inde-indochine/Lainiere_du_Tonkin.pdf,company,Société Lainière du Tonkin,Cuirs et textiles,Indochine,Indochine,1939,,"Lainière du Tonkin (Société)(1939), Haïphong"
inde-indochine-laiterie-borel-sontay-50558b,https://entreprises-coloniales.fr/inde-indochine/Laiterie_Borel-Sontay.pdf,company,Borel frères,"Élevage, abattage, boucherie",Indochine,Indochine,,,"Borel frères, My-khê : laiterie du Mont Bavi (ou Ba-Vi), près de Sontây"
inde-indochine-laiterie-eminente-1b3db4,https://entreprises-coloniales.fr/inde-indochine/Laiterie_Eminente.pdf,person,"Laiterie Eminente, Hanoï, Gia-lâm","Élevage, abattage, boucherie",Indochine,Indochine,,,"Laiterie Eminente (Ange)(1895-1896), Hanoï, Gia-lâm"
inde-indochine-lamarche-hanoi-b30d54,https://entreprises-coloniales.fr/inde-indochine/Lamarche-Hanoi.pdf,person,Lamarche,Industries diverses,Indochine,Indochine,,,"Lamarche (G.)(1919-1925), Hanoï : gluco-gommes"
inde-indochine-langerais-banques-indochine-49aff6,https://entreprises-coloniales.fr/inde-indochine/Langerais-Banques_Indochine.pdf,company,Langerais,"Banque, gérance, assurances…",Indochine,Indochine,,,Langerais : nécessaire modernisation du secteur banquier en Indochine (1906)
inde-indochine-langson-hotel-commerce-fa1870,https://entreprises-coloniales.fr/inde-indochine/Langson-Hotel_Commerce.pdf,company,Hôtel du Commerce,"Hôtellerie, tourisme",Indochine,Indochine,,,"Hôtel du Commerce, Langson"
inde-indochine-langson-hotel-poste-0ae630,https://entreprises-coloniales.fr/inde-indochine/Langson-Hotel_Poste.pdf,company,Hôtel de la Poste,"Hôtellerie, tourisme",Indochine,Indochine,,,"Hôtel de la Poste (Ronfaut), Langson"
inde-indochine-langson-trois-marechaux-065cbd,https://entreprises-coloniales.fr/inde-indochine/Langson-Trois_Marechaux.pdf,company,Hôtel des Trois-Maréchaux,"Hôtellerie, tourisme",Indochine,Indochine,,,"Hôtel des Trois-Maréchaux, Langson"
inde-indochine-lanoue-contre-bao-dai-f928af,https://entreprises-coloniales.fr/inde-indochine/Lanoue_contre_Bao-dai.pdf,source_document,Lanoue,Documents généraux (par ordre chronologique),Indochine,Indochine,,,"Lanoue (Henri) : Qui tire les ficelles de Bao-Daï ? (Démocratie nouvelle, mensuel du Parti communiste, juillet 1949)"
inde-indochine-laokay-hotel-commerce-8b41a2,https://entreprises-coloniales.fr/inde-indochine/Laokay-Hotel_Commerce.pdf,company,Hôtel du Commerce,"Hôtellerie, tourisme",Indochine,Indochine,,,"Hôtel du Commerce, Laokay"
inde-indochine-laokay-hotel-touring-c083c0,https://entreprises-coloniales.fr/inde-indochine/Laokay-Hotel_Touring.pdf,company,"Hôtel Touring, Laokay, et La Chaumière, près Chapa","Hôtellerie, tourisme",Indochine,Indochine,,,"Hôtel Touring, Laokay, et La Chaumière, près Chapa (Gabriel Viaud)"
inde-indochine-laotienne-1900-1910-cc2db0,https://entreprises-coloniales.fr/inde-indochine/Laotienne_1900-1910.pdf,company,"La Laotienne, scierie","Bois, meubles, papier, allumettes",Indochine,Indochine,1900,1910,"Laotienne (La)(1900-1910), scierie, Benthuy"
inde-indochine-lapicque-armateur-09be03,https://entreprises-coloniales.fr/inde-indochine/Lapicque-Armateur.pdf,person,"Lapicque, Hongkong","Transports fluviaux, maritimes et aériens. Ports, phares",Indochine,Indochine,,,"Lapicque (Paul-Augustin)(1873-1949), Hongkong, Haïphong, Benthuy : armateur"
inde-indochine-lapicque-cay-cham-3bd886,https://entreprises-coloniales.fr/inde-indochine/Lapicque-Cay-Cham.pdf,person,Lapicque,"Café, thé, épices, coco, quinquina, vanille",Indochine,Indochine,,,Lapicque (Paul-Augustin) : planteur de thé à Cây-Cham (Tonkin)
inde-indochine-lapicque-recruteur-92b139,https://entreprises-coloniales.fr/inde-indochine/Lapicque-Recruteur.pdf,company,Lapicque,Recruteurs de main-d'œuvre (engagistes),Indochine,Indochine,,,Lapicque (Paul-Augustin) : recruteur de main-d'œuvre tonkinoise pour l'Océanie et la Cochinchine
inde-indochine-lapicque-song-ky-f6390d,https://entreprises-coloniales.fr/inde-indochine/Lapicque-Song-Ky.pdf,person,Lapicque,"Rizières, rizeries, négoce de riz et autres céréales",Indochine,Indochine,,,Lapicque (Paul-Augustin) : riziculteur dans la vallée du Song-Ky (Tonkin)
inde-indochine-laques-du-tonkin-a2952f,https://entreprises-coloniales.fr/inde-indochine/Laques_du_Tonkin.pdf,company,Société française des Laques du Tonkin,"Bois, meubles, papier, allumettes",Indochine,Indochine,1886,,"Laques du Tonkin (Société française des)(S.A., 1886), Paris"
inde-indochine-laques-indochinoises-e58857,https://entreprises-coloniales.fr/inde-indochine/Laques_indochinoises.pdf,company,"Société des Laques indo-chinoises, Boulogne-sur-Seine","Bois, meubles, papier, allumettes",Indochine,Indochine,1920,,"Laques indo-chinoises (Société des)(S.A., 1920), Boulogne-sur-Seine"
inde-indochine-larue-haiphong-73bd29,https://entreprises-coloniales.fr/inde-indochine/Larue-Haiphong.pdf,company,Glacières et ateliers de l'Extrême-Orient V. Larue & Cie,Autres industries alimentaires,Indochine,Indochine,1886,1927,"Glacières et ateliers de l'Extrême-Orient V. Larue & Cie, Haïphong (1886-1927)"
inde-indochine-larue-hanoi-2b1ec0,https://entreprises-coloniales.fr/inde-indochine/Larue-Hanoi.pdf,company,Glacières et ateliers de l'Extrême-Orient V. Larue & Cie,Autres industries alimentaires,Indochine,Indochine,1893,1927,"Glacières et ateliers de l'Extrême-Orient V. Larue & Cie (1893-1927), Hanoï : suite de la glacière Berthoin"
inde-indochine-larue-hanoi-haiphong-dd5606,https://entreprises-coloniales.fr/inde-indochine/Larue-Hanoi+Haiphong.pdf,company,Glacières de l'Indo-Chine,Industries alimentaires,Indochine,Inde et Indochine,1893,1927,"Glacières de l'Indo-Chine (Larue)(1893-1927), Hanoï, Haïphong, Tourane"
inde-indochine-larue-pnom-penh-692aa1,https://entreprises-coloniales.fr/inde-indochine/Larue-Pnom-penh.pdf,company,Glacières et ateliers de l'Extrême-Orient V. Larue & Cie,Autres industries alimentaires,Indochine,Indochine,1900,1927,"Glacières et ateliers de l'Extrême-Orient V. Larue & Cie (1900-1927), Pnom-Penh (ca 1900)"
inde-indochine-larue-saigon-1879-1927-003533,https://entreprises-coloniales.fr/inde-indochine/Larue-Saigon_1879-1927.pdf,company,"Glacières de l'Indo-Chine, Saïgon et brasserie à Cholon",Autres industries alimentaires,Indochine,Indochine,1879,1927,"Glacières de l'Indo-Chine (Victor et Gabriel Larue)(1879-1927), Saïgon et brasserie à Cholon"
inde-indochine-layrisse-chaufournier-0a495d,https://entreprises-coloniales.fr/inde-indochine/Layrisse_chaufournier.pdf,company,"Layrisse, l'île aux Cerfs","Bâtiment-travaux publics, matériaux de construction, céramiques",Indochine,Indochine,1901,1904,"Layrisse (Édouard), l'île aux Cerfs (Baie d'Along)(1901-1904) : fours à chaux"
inde-indochine-ldh-indochine-3-2-1925-ad06cc,https://entreprises-coloniales.fr/inde-indochine/LDH-Indochine-3-2-1925.pdf,source_document,Ligue des droits de l'homme,Documents généraux (par ordre chronologique),Indochine,Indochine,,,"Ligue des droits de l'homme : meeting sur la politique indigène en Indochine (Paris, 3 février 1925)"
inde-indochine-le-bucheron-saigon-fa0115,https://entreprises-coloniales.fr/inde-indochine/Le_Bucheron-Saigon.pdf,company,Le Bûcheron,"Bois, meubles, papier, allumettes",Indochine,Indochine,,,"Bûcheron (Le)(Vo-Doan-At), Saïgon : ébénisterie"
inde-indochine-le-casino-hongay-1e2e59,https://entreprises-coloniales.fr/inde-indochine/Le_Casino-Hongay.pdf,company,"Le Casino, Hongay cinéma-théâtre",Cinémas et théâtres de l'Indochine (du nord au sud),Indochine,Indochine,,,"Le Casino, Hongay cinéma-théâtre"
inde-indochine-le-guidec-henri-vanille-4facb6,https://entreprises-coloniales.fr/inde-indochine/Le_Guidec_Henri-vanille.pdf,company,Le Guidec,"Café, thé, épices, coco, quinquina, vanille",Indochine,Indochine,,,Le Guidec (Henri) : pionnier de la vanille en Cochinchine
inde-indochine-le-milon-et-cie-haiphong-de5e8a,https://entreprises-coloniales.fr/inde-indochine/Le_Milon_et_Cie-Haiphong.pdf,person,Le Milon & Cie,Transports terrestres et garages,Indochine,Indochine,,,"Le Milon & Cie (Louis), Haïphong : carrossier, transporteur, commerçant, croquemort, entrepreneur"
inde-indochine-le-nestour-rachgia-14adf5,https://entreprises-coloniales.fr/inde-indochine/Le_Nestour_Rachgia.pdf,company,"Le Nestour et descendants, Rachgia, île de la Tortue","Café, thé, épices, coco, quinquina, vanille",Indochine,Indochine,1854,1926,"Le Nestour (Hyacinthe)(1854-1926) et descendants, Rachgia, île de la Tortue (Hon-Tré) : planteur d'arbres fruitiers, poivriers, cocotiers"
inde-indochine-le-normand-c-gaullistes-604a6a,https://entreprises-coloniales.fr/inde-indochine/Le_Normand_c._gaullistes.pdf,company,Société des Transports automobiles indochinois,Transports terrestres et garages,Indochine,Indochine,,,"Transports automobiles indochinois (Société des)(STAI) : Le Normand, ancien directeur de la STAI, pourfend les « de Gaullistes »"
inde-indochine-le-petit-tonkinois-034b0e,https://entreprises-coloniales.fr/inde-indochine/Le_Petit_Tonkinois.pdf,company,Le Petit Tonkinois,"Imprimerie, presse, édition",Indochine,Indochine,1900,1905,"Petit Tonkinois (Le)(1900-1905)(Guillaume Jollivet), Hanoï"
inde-indochine-le-pho-peintre-a8073c,https://entreprises-coloniales.fr/inde-indochine/Le-Pho-peintre.pdf,company,Lê-Phô,"Artistes peintres, sculpteurs et galeries",Indochine,Indochine,,,"Lê-Phô, Hanoï : artiste peintre hanoïen"
inde-indochine-le-roy-des-barres-hanoi-6033e6,https://entreprises-coloniales.fr/inde-indochine/Le_Roy_des_Barres-Hanoi.pdf,person,Le Roy des Barres,Santé,Indochine,Indochine,,,"Le Roy des Barres (Dr Adrien)(1872-1945), Hanoï : le médecin, l'homme d'affaires, l'homme politique"
inde-indochine-le-roy-haiphong-dapcau-868be9,https://entreprises-coloniales.fr/inde-indochine/Le_Roy-Haiphong&Dapcau.pdf,company,"Le Roy, Haïphong. Fonderie et fabrication de ponts en fer à Dap-cau","Bâtiment-travaux publics, matériaux de construction, céramiques",Indochine,Indochine,,,"Le Roy (Eugène), Haïphong. Fonderie et fabrication de ponts en fer à Dap-cau"
inde-indochine-le-tonkin-haiphong-dbb9a4,https://entreprises-coloniales.fr/inde-indochine/Le_Tonkin-Haiphong.pdf,company,"Le Tonkin, Le Réveil du Tonkin","Imprimerie, presse, édition",Indochine,Indochine,1891,1893,"Tonkin (Le)(1891-1893)(Queyroul, Goërg, Knosp, Bonnafont), Le Réveil du Tonkin (1892-1893)(Bonnafont), Haïphong"
inde-indochine-lecacheux-cie-con-voi-c8bdff,https://entreprises-coloniales.fr/inde-indochine/Lecacheux_&_Cie-Con-voi.pdf,company,"Lecacheux et Cie, Con-voi, par Lê-my","Rizières, rizeries, négoce de riz et autres céréales",Indochine,Indochine,,,"Lecacheux et Cie (Louis), Con-voi, par Lê-my (rivière Claire) : 5.474 hecatres. Rizières, exploitation forestière, projet de féculerie de manioc…"
inde-indochine-leconte-emile-cafe-6dc791,https://entreprises-coloniales.fr/inde-indochine/Leconte_Emile-cafe.pdf,company,"Leconte, Côc-thôn","Café, thé, épices, coco, quinquina, vanille",Indochine,Indochine,,,"Leconte (Émile), Côc-thôn (Tonkin) : café"
inde-indochine-leduc-haiphong-tissus-b8fe53,https://entreprises-coloniales.fr/inde-indochine/Leduc_Haiphong_tissus.pdf,company,Leduc,Commerce,Indochine,Indochine,,,"Leduc (Jules, puis Henri), Haïphong : tissus"
inde-indochine-lefebvre-henri-et-janou-ea5811,https://entreprises-coloniales.fr/inde-indochine/Lefebvre_Henri_et_Janou.pdf,company,Lefebvre,"Bâtiment-travaux publics, matériaux de construction, céramiques",Indochine,Indochine,,,Lefebvre (Henri et sa fille Janou) : de l'hydraulique agricole aux podiums olympiques en équitation
inde-indochine-legion-honneur-1886-1944-ic-ffad97,https://entreprises-coloniales.fr/inde-indochine/Legion_honneur_1886-1944-IC.pdf,source_document,"Légion d'honneur en Indochine, 684 p.",Documents généraux (par ordre chronologique),Indochine,Indochine,,,"Légion d'honneur en Indochine (titulaires ayant exercé une activité civile ou une activité militaire à caractère industriel), 684 p."
inde-indochine-lejeune-freres-vinh-381586,https://entreprises-coloniales.fr/inde-indochine/Lejeune_freres-Vinh.pdf,company,Lejeune frères,"Café, thé, épices, coco, quinquina, vanille",Indochine,Indochine,,,"Lejeune frères, Vinh"
inde-indochine-leon-carpentier-saigon-corroyeur-cbc273,https://entreprises-coloniales.fr/inde-indochine/Leon_Carpentier_Saigon_corroyeur.pdf,person,Carpentier,Cuirs et textiles,Indochine,Indochine,,,"Carpentier (Léon Lucien)(1858-1926), Saïgon : corroyeur à l'enseigne Au roi des jungles"
inde-indochine-leon-fautier-phu-loc-180e27,https://entreprises-coloniales.fr/inde-indochine/Leon_Fautier_Phu-loc.pdf,person,"Fautier, Vinh-hung, par Phu-Lôc","Rizières, rizeries, négoce de riz et autres céréales",Indochine,Indochine,,,"Fautier (Léon)(1877-1924), Vinh-hung, par Phu-Lôc (Sóc Trăng) : riziculteur"
inde-indochine-leon-paquin-haiphong-a9e81f,https://entreprises-coloniales.fr/inde-indochine/Leon_Paquin-Haiphong.pdf,person,Jacob-Paquin,Commerce,Indochine,Indochine,,,"Jacob-Paquin (Léon)(1872-1938)(« Léon Paquin »), Haïphong : employé de commerce, négociant, armateur, homme politique"
inde-indochine-leonard-fontaine-8a0f16,https://entreprises-coloniales.fr/inde-indochine/Leonard_Fontaine.pdf,person,Fontaine,Autres industries alimentaires,Indochine,Indochine,,,Fontaine (Léonard)(1862-1925)
inde-indochine-lepre-au-cambodge-1919-324c5a,https://entreprises-coloniales.fr/inde-indochine/Lepre_au_Cambodge_1919.pdf,company,"Baisez et Menaut, La lèpre au Cambodge",Santé,Indochine,Indochine,1919,,"Baisez et Menaut, La lèpre au Cambodge (1919)"
inde-indochine-lepreux-leproseries-moi-112dc4,https://entreprises-coloniales.fr/inde-indochine/Lepreux+leproseries_moi.pdf,company,"Lépreux et léproseries moï, par Marcel Ner. La léproserie du Kontum à Daktia",Santé,Indochine,Indochine,,,"Lépreux et léproseries moï, par Marcel Ner. La léproserie du Kontum à Daktia"
inde-indochine-leproserie-de-culaorong-068724,https://entreprises-coloniales.fr/inde-indochine/Leproserie_de_Culaorong.pdf,company,Léproserie de Cù-lao-Rông,Santé,Indochine,Indochine,,,"Léproserie de Cù-lao-Rông (l'île du Dragon, de Dorgelès), Mytho"
inde-indochine-leproserie-de-phu-bai-f65b83,https://entreprises-coloniales.fr/inde-indochine/Leproserie_de_Phu-bai.pdf,company,Léproserie de Phu-bai,Santé,Indochine,Indochine,,,Léproserie de Phu-bai (Hué)
inde-indochine-leproserie-de-qui-hoa-cab17a,https://entreprises-coloniales.fr/inde-indochine/Leproserie_de_Qui-hoa.pdf,company,"Léproserie de Qui-hoà, près Qui-nhon",Santé,Indochine,Indochine,,,"Léproserie de Qui-hoà, près Qui-nhon (Sud-Annam) : initiative du Dr Le Moine et du père Maheu"
inde-indochine-leproserie-de-te-truong-4338ee,https://entreprises-coloniales.fr/inde-indochine/Leproserie_de_Te-Truong.pdf,company,Léproserie de Tè-Truong,Santé,Indochine,Indochine,,,Léproserie de Tè-Truong (Hadong)
inde-indochine-leproserie-de-troeng-600077,https://entreprises-coloniales.fr/inde-indochine/Leproserie_de_Troeng.pdf,company,Léproserie de Troeng,Santé,Indochine,Indochine,,,Léproserie de Troeng (Kompong-cham)
inde-indochine-leproserie-hanoi-1c30ad,https://entreprises-coloniales.fr/inde-indochine/Leproserie_Hanoi.pdf,company,Léproserie ou Village des lépreux,Santé,Indochine,Indochine,,,"Léproserie ou Village des lépreux, Hanoï"
inde-indochine-leproserie-kien-luong-d01d39,https://entreprises-coloniales.fr/inde-indochine/Leproserie_Kien-Luong.pdf,company,Léproserie de Kiên-Luong vue par Roland Dorgelès,Santé,Indochine,Indochine,1925,,Léproserie de Kiên-Luong vue par Roland Dorgelès (1925)
inde-indochine-leproserie-thanh-hoa-9e14f0,https://entreprises-coloniales.fr/inde-indochine/Leproserie_Thanh-hoa.pdf,company,Village spécial de lépreux,Santé,Indochine,Indochine,,,"Village spécial de lépreux, Thanh-hoa : colonie agricole"
inde-indochine-leproserie-van-mon-2438a9,https://entreprises-coloniales.fr/inde-indochine/Leproserie_Van-mon.pdf,company,Léproserie de Vân-môn,Santé,Indochine,Indochine,,,Léproserie de Vân-môn (Thaï-binh)
inde-indochine-leproseries-laotiennes-cf6083,https://entreprises-coloniales.fr/inde-indochine/Leproseries_laotiennes.pdf,company,Léproseries laotiennes,Santé,Indochine,Indochine,,,Léproseries laotiennes
inde-indochine-leroy-le-caoutchouc-1935-aeddd7,https://entreprises-coloniales.fr/inde-indochine/Leroy-Le_Caoutchouc-1935.pdf,source_document,"Leroy, Le Caoutchouc",Héveas et caoutchouc,Indochine,Indochine,1935,,"Leroy (Marcel), Le Caoutchouc (1935) : notices sur 26 sociétés d'Indochine, 22 du Sud-Est asiatique, 2 d'Afique noire"
inde-indochine-les-francais-d-asie-293e34,https://entreprises-coloniales.fr/inde-indochine/Les_Francais_d_Asie.pdf,source_document,Les Français d'Asie,Amicales régionales et professionnelles : les petites patries à l'ombre de la grande ; amitié et solidarité,Indochine,Indochine,1909,,"Français d'Asie (Les)(1909), Paris : club littéraire"
inde-indochine-levache-cam-ly-dca807,https://entreprises-coloniales.fr/inde-indochine/Levache-Cam-ly.pdf,company,"Levaché, Cam-ly","Café, thé, épices, coco, quinquina, vanille",Indochine,Indochine,,,"Levaché (Charles-Henri), Cam-ly : riz, ricin, café"
inde-indochine-lfcvrn-ic-cd4da6,https://entreprises-coloniales.fr/inde-indochine/LFCVRN-IC.pdf,source_document,Légion française des combattants et volontaires de la Révolution nationale en Indochine,Documents généraux (par ordre chronologique),Indochine,Indochine,,,Légion française des combattants et volontaires de la Révolution nationale en Indochine : textes originaux commentés (166 p.)
inde-indochine-lien-thanh-phanri-63ff07,https://entreprises-coloniales.fr/inde-indochine/Lien-Thanh-Phanri.pdf,company,"Lien-Thanh, Phanri",Pêche et produits de la mer,Indochine,Indochine,,,"Lien-Thanh, Phanri : nuoc-mam"
inde-indochine-lignite-dong-giao-7d789e,https://entreprises-coloniales.fr/inde-indochine/Lignite-Dong-Giao.pdf,company,"Charbonnages de Dông-Giao, Ninh-Binh",Mines,Indochine,Indochine,1929,,"Charbonnages de Dông-Giao (S.A., 1929)(suite de la société chinoise Nam-Sang et Cie et de M. Delauzun), Ninh-Binh : lignite"
inde-indochine-lignon-an-loc-45de90,https://entreprises-coloniales.fr/inde-indochine/Lignon_An-loc.pdf,company,"Plantation Achille Lignon, An-lôc",Héveas et caoutchouc,Indochine,Indochine,,,"Lignon (Plantation Achille), An-lôc : hévéas, caféiers, exploitation forestière"
inde-indochine-linossier-ricardoni-64e60d,https://entreprises-coloniales.fr/inde-indochine/Linossier-Ricardoni.pdf,company,"Linossier, Ricardoni & Cie",Commerce,Indochine,Indochine,,,"Linossier, Ricardoni & Cie (ancienne maison E. Baud & Cie), Hanoï, Haïphong : fers et métaux, harnachements…"
inde-indochine-liste-plantations-heveas-ic-1937-5d3960,https://entreprises-coloniales.fr/inde-indochine/Liste_plantations-heveas_IC-1937.pdf,company,Liste des 1.028 plantations d'hévéas de l'Indochine,Héveas et caoutchouc,Indochine,Indochine,1937,,Liste des 1.028 plantations d'hévéas de l'Indochine (1937)
inde-indochine-liste-plantations-heveas-ic-1939-33d6e3,https://entreprises-coloniales.fr/inde-indochine/Liste_plantations-heveas_IC-1939.pdf,company,Liste des 1.050 plantations d'hévéas de l'Indochine,Héveas et caoutchouc,Indochine,Indochine,,,Liste des 1.050 plantations d'hévéas de l'Indochine (septembre 1939)
inde-indochine-listes-electeurs-haiphong-5914f3,https://entreprises-coloniales.fr/inde-indochine/Listes_electeurs_Haiphong.pdf,source_document,"Listes des électeurs de la ville de Haïphong 1906, 1907, 1908",Organismes représentatifs. — Listes électorales (du nord au sud),Indochine,Indochine,,,"Listes des électeurs de la ville de Haïphong 1906, 1907,1908"
inde-indochine-listes-electeurs-hanoi-a8524a,https://entreprises-coloniales.fr/inde-indochine/Listes_electeurs_Hanoi.pdf,source_document,"Listes des électeurs de la ville de Hanoï 1892, 1895, 1908",Organismes représentatifs. — Listes électorales (du nord au sud),Indochine,Indochine,,,"Listes des électeurs de la ville de Hanoï 1892, 1895,1908"
inde-indochine-littaye-et-cox-saigon-8c09b4,https://entreprises-coloniales.fr/inde-indochine/Littaye_et_Cox-Saigon.pdf,company,Littaye et Cox,Commerce,Indochine,Indochine,,,"Littaye et Cox, Saïgon (circa 1913-1924)"
inde-indochine-loesch-carrieres-bienhoa-1bc7f9,https://entreprises-coloniales.fr/inde-indochine/Loesch-carrieres-Bienhoa.pdf,company,Loesch frères,"Bâtiment-travaux publics, matériaux de construction, céramiques",Indochine,Indochine,,,Loesch frères : carrières de Biênhoà
inde-indochine-loisy-amedee-cafe-914d18,https://entreprises-coloniales.fr/inde-indochine/Loisy_Amedee_cafe.pdf,company,Loisy,"Café, thé, épices, coco, quinquina, vanille",Indochine,Indochine,,,"Loisy (Amédée) : café à Chohuyên, Quang-Tri (Centre-Annam)"
inde-indochine-long-thanh-1935-1936-c901d2,https://entreprises-coloniales.fr/inde-indochine/Long-Thanh_1935-1936.pdf,company,Plantations de Long-Thanh,Héveas et caoutchouc,Indochine,Indochine,1935,1936,Long-Thanh (Plantations de)(1935-1936)
inde-indochine-longxuyen-bungalow-9e41ae,https://entreprises-coloniales.fr/inde-indochine/Longxuyen-Bungalow.pdf,company,"Bungalow, Long-xuyên","Hôtellerie, tourisme",Indochine,Indochine,,,"Bungalow, Long-xuyên"
inde-indochine-louis-bertrand-hoabinh-552d16,https://entreprises-coloniales.fr/inde-indochine/Louis_Bertrand-Hoabinh.pdf,company,"Bertrand, Hoabinh","Café, thé, épices, coco, quinquina, vanille",Indochine,Indochine,,,"Bertrand (Louis), Hoabinh : plantations de café de Quat-Lam et Dong-Song"
inde-indochine-louis-denis-cie-haiphong-4f7f21,https://entreprises-coloniales.fr/inde-indochine/Louis_Denis_&_Cie-Haiphong.pdf,company,"Denis et Cie, ateliers du fort Annamite","Métallurgie, constructions mécaniques, électriques, navales",Indochine,Indochine,,,"Denis et Cie (Louis Michel)(† 1913), ateliers du fort Annamite, Haïphong"
inde-indochine-louis-gage-1860-1921-124b6c,https://entreprises-coloniales.fr/inde-indochine/Louis_Gage_1860-1921.pdf,person,Gage,Groupes indochinois et dirigeants d'affaires diverses,Indochine,Indochine,,,Gage (Louis)(1860-1921) : l'employé-modèle devenu associé
inde-indochine-louis-hillairet-hanoi-5fea34,https://entreprises-coloniales.fr/inde-indochine/Louis_Hillairet-Hanoi.pdf,person,Hillairet,Sociétés foncières et immobilières,Indochine,Indochine,,,"Hillairet (Louis)(Échillais, 1859-Mogador, 1939), Hanoï : infirmier des troupes de marine, jardinier, propriétaire d'immeubles, exploitant minier"
inde-indochine-louis-pargoire-1876-1943-f85f2b,https://entreprises-coloniales.fr/inde-indochine/Louis_Pargoire_1876-1943.pdf,source_document,Pargoire,Le système monétaire indochinois,Indochine,Indochine,1876,1943,"Pargoire (Louis)(1876-1943) : receveur de l'enregistrement, politicien, pourfendeur de la Banque de l'Indochine, chantre de la double monnaie, publiciste"
inde-indochine-louis-reynaud-son-cot-ea4c78,https://entreprises-coloniales.fr/inde-indochine/Louis_Reynaud-Son-Cot.pdf,company,"Reynaud, Son-Côt","Café, thé, épices, coco, quinquina, vanille",Indochine,Indochine,,,"Reynaud (Louis), Son-Côt (Thai-Nguyên) : café, riz, citronnelle"
inde-indochine-louis-robert-bate-peintre-08ffc8,https://entreprises-coloniales.fr/inde-indochine/Louis-Robert_Bate_peintre.pdf,person,Bate,"Artistes peintres, sculpteurs et galeries",Indochine,Indochine,,,Bate (Louis Robert)(1898-1948) : peintre et sculpteur
inde-indochine-louis-teyssier-armateur-67c105,https://entreprises-coloniales.fr/inde-indochine/Louis_Teyssier_armateur.pdf,company,"Teyssier et Luong Cheong Hoi, Quinh Cu","Bois, meubles, papier, allumettes",Indochine,Indochine,,,"Teyssier (Louis, Auguste) et Luong Cheong Hoi, Quinh Cu (Haïphong) : fabricants d'allumettes (1925)"
inde-indochine-louis-teyssier-entrepreneur-4e50e2,https://entreprises-coloniales.fr/inde-indochine/Louis_Teyssier_entrepreneur.pdf,person,Teyssier,"Bâtiment-travaux publics, matériaux de construction, céramiques",Indochine,Indochine,,,"Teyssier (Louis-Henri)(1856-1903) : entrepreneur à Hanoï, puis Haïphong (entretien du réseau d'eau)"
inde-indochine-loye-credit-agricole-cfebd7,https://entreprises-coloniales.fr/inde-indochine/Loye-Credit_agricole.pdf,company,Le crédit agricole en Cochinchine,"Banque, gérance, assurances…",Indochine,Indochine,,,Le crédit agricole en Cochinchine : généralités
inde-indochine-loye-domination-chinoise-179a5a,https://entreprises-coloniales.fr/inde-indochine/Loye-Domination_chinoise.pdf,source_document,"Domination économique chinoise sur la Cochinchine, par Auguste Loye",Documents généraux (par ordre chronologique),Indochine,Indochine,1913,,"Domination économique chinoise sur la Cochinchine, par Auguste Loye (1913)"
inde-indochine-luang-prabang-bungalow-e5aab2,https://entreprises-coloniales.fr/inde-indochine/Luang-Prabang-Bungalow.pdf,company,Bungalow de Luang-Prabang,"Hôtellerie, tourisme",Indochine,Indochine,,,Bungalow de Luang-Prabang
inde-indochine-lucia-f74b23,https://entreprises-coloniales.fr/inde-indochine/LUCIA.pdf,company,L'Union commerciale indochinoise et africaine,Commerce,Indochine,Indochine,,,Union commerciale indochinoise et africaine (L')(LUCIA)
inde-indochine-lucien-balliste-d4cfe0,https://entreprises-coloniales.fr/inde-indochine/Lucien_Balliste.pdf,person,Balliste,"Bâtiment-travaux publics, matériaux de construction, céramiques",Indochine,Indochine,,,"Balliste (Lucien), Hanoï : entrepreneur"
inde-indochine-lucien-levy-kha-luat-5a192f,https://entreprises-coloniales.fr/inde-indochine/Lucien_Levy_Kha-luat.pdf,company,"Levy et ses fils, Kha-luât","Café, thé, épices, coco, quinquina, vanille",Indochine,Indochine,,,"Levy (Lucien) et ses fils, Kha-luât : café, thé, riz"
inde-indochine-lucien-roynel-24a000,https://entreprises-coloniales.fr/inde-indochine/Lucien_Roynel.pdf,company,"Roynel, Bao-Ly","Café, thé, épices, coco, quinquina, vanille",Indochine,Indochine,,,"Roynel (Lucien), Bao-Ly (Vinh-yên) : café"
inde-indochine-luzet-nam-dinh-8f99bb,https://entreprises-coloniales.fr/inde-indochine/Luzet-Nam-Dinh.pdf,person,Luzet,"Bâtiment-travaux publics, matériaux de construction, céramiques",Indochine,Indochine,,,"Luzet (Henri), Nam-Dinh : entrepreneur. Ancien opticien à Hanoï (1922-1928)"
inde-indochine-lyard-monopole-export-sel-e5644c,https://entreprises-coloniales.fr/inde-indochine/Lyard-Monopole_export_sel.pdf,company,Lyard et le monopole des exportations de sel,Commerce,Indochine,Indochine,,,Lyard (François) et le monopole des exportations de sel
inde-indochine-lycee-franco-chinois-cholon-ec09c3,https://entreprises-coloniales.fr/inde-indochine/Lycee_franco-chinois-Cholon.pdf,company,Lycée franco-chinois de Cholon,"Enseignement, recherche, sociétés savantes, musées…",Indochine,Indochine,1908,,Lycée franco-chinois de Cholon (1908)
inde-indochine-lycee-petrus-ky-4479e0,https://entreprises-coloniales.fr/inde-indochine/Lycee_Petrus-Ky.pdf,company,Lycée Pétrus Ky,"Enseignement, recherche, sociétés savantes, musées…",Indochine,Indochine,,,"Lycée Pétrus Ky, Choquan (Saïgon) : enseignement franco-annamite"
inde-indochine-lycee-yersin-dalat-0f3f17,https://entreprises-coloniales.fr/inde-indochine/Lycee_Yersin-Dalat.pdf,company,Lycée Yersin,"Enseignement, recherche, sociétés savantes, musées…",Indochine,Indochine,,,"Lycée Yersin, Dalat"
inde-indochine-lyceum-paul-doumer-cholon-b2dc89,https://entreprises-coloniales.fr/inde-indochine/Lyceum_Paul-Doumer-Cholon.pdf,company,Lyceum libre Paul-Doumer,"Enseignement, recherche, sociétés savantes, musées…",Indochine,Indochine,1934,1941,"Lyceum libre Paul-Doumer, Cholon (1934-1941) : enseignement privé"
inde-indochine-lyonnaise-colonisation-ic-7f519a,https://entreprises-coloniales.fr/inde-indochine/Lyonnaise_Colonisation_IC.pdf,company,Société Lyonnaise de Colonisation en Indo-Chine . Reprise de la concession par Cyrille Cottin,"Rizières, rizeries, négoce de riz et autres céréales",Indochine,Indochine,1899,1908,Lyonnaise de Colonisation en Indo-Chine (Société)(1899-1908). Reprise de la concession par Cyrille Cottin
inde-indochine-lyonnaise-de-textiles-7486f7,https://entreprises-coloniales.fr/inde-indochine/Lyonnaise_de_Textiles.pdf,company,"Société Lyonnaise de textiles, Thuy-Khuê",Cuirs et textiles,Indochine,Indochine,,,"Lyonnaise de textiles (Société), Thuy-Khuê (Hanoï) : tissage de rayonne"
inde-indochine-lyonnaise-indo-chinoise-d5ddc7,https://entreprises-coloniales.fr/inde-indochine/Lyonnaise_Indo-Chinoise.pdf,company,Compagnie Lyonnaise Indo-Chinoise,Commerce,Indochine,Indochine,1898,1904,"Lyonnaise Indo-Chinoise (Compagnie)(1898-1904), Hanoï"
inde-indochine-machines-a-riz-brunel-2dd3db,https://entreprises-coloniales.fr/inde-indochine/Machines_a_riz_Brunel.pdf,company,Machines à riz Brunel,"Métallurgie, constructions mécaniques, électriques, navales",Indochine,Indochine,,,"Machines à riz Brunel (Société civile des)(mars 1924), Saïgon"
inde-indochine-madame-bru-giadinh-536d8d,https://entreprises-coloniales.fr/inde-indochine/Madame_Bru_Giadinh.pdf,company,Bru dite Magali,Sociétés foncières et immobilières,Indochine,Indochine,,,"Bru (Madame) dite Magali, Giadinh : agent d'affaires. Le procès de Mme Bru et de Maurice Barbier, premier clerc de Me Edgar Mathieu, notaire (1932-1934)"
inde-indochine-magasins-generaux-girodolle-f9c5e4,https://entreprises-coloniales.fr/inde-indochine/Magasins_generaux_Girodolle.pdf,company,Girodolle,Commerce,Indochine,Indochine,,,"Girodolle (Joseph), Haïphong : magasins généraux"
inde-indochine-magistrature-indochinoise-nominations-e9eb57,https://entreprises-coloniales.fr/inde-indochine/Magistrature_indochinoise_nominations.pdf,source_document,Magistrature indochinoise,Documents généraux (par ordre chronologique),Indochine,Indochine,,,Magistrature indochinoise : quelques mouvements
inde-indochine-maiseries-mediterranee-e47563,https://entreprises-coloniales.fr/inde-indochine/Maiseries-Mediterranee.pdf,company,Maïseries de la Méditerranée,"Rizières, rizeries, négoce de riz et autres céréales",Indochine,Indochine,,,"Maïseries de la Méditerranée, Marseille"
inde-indochine-maison-de-blanc-saigon-3549cf,https://entreprises-coloniales.fr/inde-indochine/Maison_de_blanc-Saigon.pdf,company,Maison de blanc,Commerce,Indochine,Indochine,,,"Maison de blanc (Émile Larrière), Saïgon"
inde-indochine-maison-etd-ic-paris-7832cc,https://entreprises-coloniales.fr/inde-indochine/Maison_etd_IC_Paris.pdf,company,Maison des étudiants de l'Indochine à la Cité universitaire de Paris . Succès des étudiants indochinois en France,"Enseignement, recherche, sociétés savantes, musées…",Indochine,Indochine,1927,,Maison des étudiants de l'Indochine à la Cité universitaire de Paris (1927). Succès des étudiants indochinois en France
inde-indochine-maison-information-saigon-709b63,https://entreprises-coloniales.fr/inde-indochine/Maison_Information-Saigon.pdf,company,Maison de l'information,Cinémas et théâtres de l'Indochine (du nord au sud),Indochine,Indochine,1947,,"Maison de l'information, Saïgon (1947) : cinéma"
inde-indochine-maison-marty-saigon-c60711,https://entreprises-coloniales.fr/inde-indochine/Maison_Marty-Saigon.pdf,company,"Marty et Compagnie, Saïgon, angle boulevard Charner et rue d'Espagne",Commerce,Indochine,Indochine,,,"Marty et Compagnie (« Maison Marty »)(François Marty et Jeanne Bidaud), Saïgon, angle boulevard Charner et rue d'Espagne : soieries, broderies, dentelles, tissus en tous genres. Reconversion en 1943 dans la restauration"
inde-indochine-maldan-phu-doan-6004fc,https://entreprises-coloniales.fr/inde-indochine/Maldan_Phu-Doan.pdf,company,"Maldan, Phu-Doan","Café, thé, épices, coco, quinquina, vanille",Indochine,Indochine,,,"Maldan (François), Phu-Doan : caféiers"
inde-indochine-malon-roque-alcool-abc846,https://entreprises-coloniales.fr/inde-indochine/Malon&Roque-Alcool.pdf,company,Malon et Roque,Autres industries alimentaires,Indochine,Indochine,,,Malon (J.-B.) et Roque (Victor) : fermiers de l'alcool en Annam (1892)
inde-indochine-mange-royan-390296,https://entreprises-coloniales.fr/inde-indochine/Mange-Royan.pdf,company,Quand Frédéric Mange investissait à Royan,"Bois, meubles, papier, allumettes",Indochine,Indochine,1909,1914,Quand Frédéric Mange investissait à Royan (1909-1914)
inde-indochine-manuf-carreaux-mosaiques-d06174,https://entreprises-coloniales.fr/inde-indochine/Manuf_carreaux&mosaiques.pdf,company,Manufacture saïgonnaise de carreaux et de mosaïques,"Bâtiment-travaux publics, matériaux de construction, céramiques",Indochine,Indochine,,,"Manufacture saïgonnaise de carreaux et de mosaïques, Saïgon"
inde-indochine-manuf-coch-papier-c76e17,https://entreprises-coloniales.fr/inde-indochine/Manuf._coch._papier.pdf,company,"Manufacture cochinchinoise de papier, Cholon. Usine à Thu-duc","Bois, meubles, papier, allumettes",Indochine,Indochine,,,"Manufacture cochinchinoise de papier, Cholon. Usine à Thu-duc"
inde-indochine-manuf-couv-tonkin-db6838,https://entreprises-coloniales.fr/inde-indochine/Manuf._couv._Tonkin.pdf,company,Manufacture de couvertures du Tonkin,Cuirs et textiles,Indochine,Indochine,,,"Manufacture de couvertures du Tonkin (MACOTO), Nam-Dinh"
inde-indochine-manuf-dentelles-ic-4460f7,https://entreprises-coloniales.fr/inde-indochine/Manuf._dentelles_IC.pdf,company,"Manufacture de dentelles et de broderies indochinoises, Thai-ha-Ap",Cuirs et textiles,Indochine,Indochine,,,"Manufacture de dentelles et de broderies indochinoises, Thai-ha-Ap (Hadông)"
inde-indochine-manuf-tabacs-trung-hue-cfb4c4,https://entreprises-coloniales.fr/inde-indochine/Manuf._tabacs_Trung-Hue.pdf,company,Manufacture de tabacs Trung-Huê,Autres industries alimentaires,Indochine,Indochine,,,"Trung-Huê (Manufacture de tabacs), Saïgon"
inde-indochine-manufacture-tabacs-ic-e6afb7,https://entreprises-coloniales.fr/inde-indochine/Manufacture_tabacs-IC.pdf,company,Manufacture de tabacs de l'Indo-Chine,Autres industries alimentaires,Indochine,Indochine,1902,1904,"Manufacture de tabacs de l'Indo-Chine (Louis Lecacheux & Cie)(1902-1904), Hanoï : Le Singe"
inde-indochine-manufacture-tabacs-indochine-ce3f83,https://entreprises-coloniales.fr/inde-indochine/Manufacture_tabacs_Indochine.pdf,company,Manufacture des tabacs d'Indochine,Autres industries alimentaires,Indochine,Indochine,1935,1937,"Manufacture des tabacs d'Indochine (1935-1937), Hanoï"
inde-indochine-manufindo-cigarettes-6baccc,https://entreprises-coloniales.fr/inde-indochine/Manufindo_cigarettes.pdf,company,Manufactures indochinoises de cigarettes,Autres industries alimentaires,Indochine,Indochine,1929,,"Manufactures indochinoises de cigarettes (MIC)(1929), Cholon"
inde-indochine-marbres-de-keso-28f5ca,https://entreprises-coloniales.fr/inde-indochine/Marbres_de_Keso.pdf,company,Société des Marbres et calcaires de Keso,"Bâtiment-travaux publics, matériaux de construction, céramiques",Indochine,Indochine,,,Marbres et calcaires de Keso (Société des)
inde-indochine-marbriere-d-indochine-a989ff,https://entreprises-coloniales.fr/inde-indochine/Marbriere_d_Indochine.pdf,company,Société marbrière d'Indochine,"Bâtiment-travaux publics, matériaux de construction, céramiques",Indochine,Indochine,1939,,"marbrière d'Indochine (Société)(Sarl, 1939), Saïgon"
inde-indochine-marbriers-de-pursat-ec080e,https://entreprises-coloniales.fr/inde-indochine/Marbriers_de_Pursat.pdf,company,Marbriers de Pursat,"Bâtiment-travaux publics, matériaux de construction, céramiques",Indochine,Indochine,,,Marbriers de Pursat (Cambodge)
inde-indochine-marcel-arlabosse-62714b,https://entreprises-coloniales.fr/inde-indochine/Marcel_Arlabosse.pdf,company,"Arlabosse, Tê-Lê","Café, thé, épices, coco, quinquina, vanille",Indochine,Indochine,,,"Arlabosse (Marcel), Tê-Lê (Phu-tho) : café, canne à sucre"
inde-indochine-marche-central-cholon-430284,https://entreprises-coloniales.fr/inde-indochine/Marche_central_Cholon.pdf,company,Marché central de Cholon-Binthay,Commerce,Indochine,Indochine,1928,,"Marché central de Cholon-Binthay (1928) : Auguste Delaval, Charles Engelhard et Julien Magnien, architectes. SFEDTP, exécution"
inde-indochine-marche-central-pnom-penh-f83fe8,https://entreprises-coloniales.fr/inde-indochine/Marche_central_Pnom-Penh.pdf,company,Marché central de Pnom-Penh,Commerce,Indochine,Indochine,1937,,"Marché central de Pnom-Penh (1937) : chef d'œuvre de l'Art déco en Extrême-Orient. Jean Desbois, Louis Chauchon, architectes. SIDEC, exécution"
inde-indochine-marguerite-seguy-hanoi-eef239,https://entreprises-coloniales.fr/inde-indochine/Marguerite_Seguy-Hanoi.pdf,company,"Seguy, née Bourgeois","Enseignement, recherche, sociétés savantes, musées…",Indochine,Indochine,1893,1939,"Seguy (Marguerite), née Bourgeois (1893-1939), Hanoï : professeur d'anglais assassinée avec sa fille"
inde-indochine-mario-forzinetti-dalat-506e86,https://entreprises-coloniales.fr/inde-indochine/Mario_Forzinetti-Dalat.pdf,person,Forzinetti,"Bâtiment-travaux publics, matériaux de construction, céramiques",Indochine,Indochine,,,"Forzinetti (Mario), Dalat : entrepreneur"
inde-indochine-mario-rabbione-saigon-afadeb,https://entreprises-coloniales.fr/inde-indochine/Mario_Rabbione-Saigon.pdf,person,Rabbione,"Bâtiment-travaux publics, matériaux de construction, céramiques",Indochine,Indochine,,,"Rabbione (Mario), Saïgon : entrepreneur de peinture"
inde-indochine-maritime-indoch-1912-1926-8616b5,https://entreprises-coloniales.fr/inde-indochine/Maritime_indoch._1912-1926.pdf,company,Compagnie Maritime Indo-chinoise,"Transports fluviaux, maritimes et aériens. Ports, phares",Indochine,Indochine,1912,1926,Maritime Indo-chinoise (Compagnie)(1912-1926)
inde-indochine-maritime-indoch-1927-1934-094cad,https://entreprises-coloniales.fr/inde-indochine/Maritime_indoch._1927-1934.pdf,company,Compagnie Maritime Indochinoise,"Transports fluviaux, maritimes et aériens. Ports, phares",Indochine,Indochine,1927,1934,"Maritime Indochinoise (Compagnie)(1927-1934), Saïgon"
inde-indochine-marius-clop-haiphong-1b870d,https://entreprises-coloniales.fr/inde-indochine/Marius_Clop_Haiphong.pdf,person,Clop,Transports terrestres et garages,Indochine,Indochine,,,"Clop (Marius)(1863-1938), Haïphong : carrossier, entrepreneur, transporteur, concessionnaire agricole en Annam… (1889-1905)"
inde-indochine-marotte-cat-mong-88ead1,https://entreprises-coloniales.fr/inde-indochine/Marotte-Cat-Mong.pdf,company,"Marotte, Cat-Mong","Café, thé, épices, coco, quinquina, vanille",Indochine,Indochine,,,"Marotte (Auguste), Cat-Mong (Phu-Qui) : caféiers"
inde-indochine-marquet-qui-nhon-555c0f,https://entreprises-coloniales.fr/inde-indochine/Marquet-Qui-nhon.pdf,company,"Marquet, Qui-nhon",Industries diverses,Indochine,Indochine,,,"Marquet (L.), Qui-nhon : albumine et jaunes d'œufs"
inde-indochine-marseillaise-d-outre-mer-8b38fe,https://entreprises-coloniales.fr/inde-indochine/Marseillaise_d'outre-mer.pdf,company,Société Marseillaise d'outre-mer,Commerce,Indochine,Indochine,1919,1939,"Marseillaise d'outre-mer (Société)(Anc. Éts G. Lacaze)(1919-1939), Saïgon, Haïphong"
inde-indochine-martial-merlin-gougal-ic-7b727e,https://entreprises-coloniales.fr/inde-indochine/Martial_Merlin_Gougal_IC.pdf,source_document,"Martial Merlin, gouverneur général de l'Indochine",Documents généraux (par ordre chronologique),Indochine,Indochine,,,"Martial Merlin, gouverneur général de l'Indochine (février 1923-avril 1925)"
inde-indochine-marty-d-abbadie-9bddc9,https://entreprises-coloniales.fr/inde-indochine/Marty_&_d'Abbadie.pdf,company,Marty et d'Abbadie,"Métallurgie, constructions mécaniques, électriques, navales",Indochine,Indochine,,,"Marty et d'Abbadie, Haïphong : constructions navales, chaudières, travaux publics"
inde-indochine-marty-my-phuoc-310b58,https://entreprises-coloniales.fr/inde-indochine/Marty-My-Phuoc.pdf,company,Marty,Héveas et caoutchouc,Indochine,Indochine,,,"Marty (Pierre)(ancien administrateur civil), My-Phuoc (prov. de Biênhoà)"
inde-indochine-massacres-cite-heraud-ab2804,https://entreprises-coloniales.fr/inde-indochine/Massacres_cite_Heraud.pdf,source_document,Massacres de la cité Héraud,Documents généraux (par ordre chronologique),Indochine,Indochine,,,"Massacres de la cité Héraud, Saïgon (25 septembre 1945) : rapport de police (26 p.), coupures de presse. Les journées tragiques de septembre 1945 en Cochinchine."
inde-indochine-massari-soctrang-27f72a,https://entreprises-coloniales.fr/inde-indochine/Massari-Soctrang.pdf,company,Massari,"Bâtiment-travaux publics, matériaux de construction, céramiques",Indochine,Indochine,,,Massari (Antoine et Roland) : usine de céramique à Soctrang
inde-indochine-materiel-agricole-moderne-saigon-6415dc,https://entreprises-coloniales.fr/inde-indochine/Materiel_agricole_moderne-Saigon.pdf,company,Le Matériel agricole moderne,Transports terrestres et garages,Indochine,Indochine,1929,1932,"Matériel agricole moderne (Le)(1929-1932), Saïgon"
inde-indochine-mathey-sud-annam-ab88ee,https://entreprises-coloniales.fr/inde-indochine/Mathey_Sud-Annam.pdf,company,Mathey à Thuân-Tuyên et à Chanh-Han,"Café, thé, épices, coco, quinquina, vanille",Indochine,Indochine,,,Mathey (Albert) à Thuân-Tuyên et à Chanh-Han (Sud-Annam) : thé
inde-indochine-mathieu-bianchi-1875-1956-58545e,https://entreprises-coloniales.fr/inde-indochine/Mathieu_Bianchi_1875-1956.pdf,person,"Mathieu Bianchi, professeur de navigation, artiste peintre, prestidigitateur","Artistes peintres, sculpteurs et galeries",Indochine,Indochine,,,"Mathieu Bianchi (1875-1956)(« le commandant Bianchi »), professeur de navigation, artiste peintre, prestidigitateur"
inde-indochine-maurice-abraham-weil-43c1a7,https://entreprises-coloniales.fr/inde-indochine/Maurice-Abraham_Weil.pdf,person,"Weil, magistrat, juif, franc-maçon, beau-père de deux filles mariées à des planteurs",Héveas et caoutchouc,Indochine,Indochine,,,"Weil (Maurice Abraham David)(1885-1965), magistrat, juif, franc-maçon, beau-père de deux filles mariées à des planteurs"
inde-indochine-maurice-le-gallen-b8d2bd,https://entreprises-coloniales.fr/inde-indochine/Maurice_Le_Gallen.pdf,person,Le Gallen,Groupes indochinois et dirigeants d'affaires diverses,Indochine,Indochine,,,Le Gallen (Maurice)(1873-1955) : gouverneur de la Cochinchine reconverti dans les affaires
inde-indochine-maurice-long-gougal-ebb02e,https://entreprises-coloniales.fr/inde-indochine/Maurice_Long-gougal.pdf,source_document,"Long, gouverneur général de l'Indochine . — Suivi de",Documents généraux (par ordre chronologique),Indochine,Indochine,,,"Long (Maurice), gouverneur général de l'Indochine (déc. 1919-janvier 1923). — Suivi de : François Baudoin, gouverneur général par interim (avril 1922-août 1923)(183 p.)"
inde-indochine-mazoyer-et-cie-hanoi-17a760,https://entreprises-coloniales.fr/inde-indochine/Mazoyer_et_Cie-Hanoi.pdf,company,"Mazoyer et Cie, Mazoyer et Vidal, Mazoyer et Roques",Commerce,Indochine,Indochine,,,"Mazoyer et Cie, Mazoyer et Vidal, Mazoyer et Roques, Hanoï : alimentation générale, vins et spiritueux"
inde-indochine-medailles-resistance-indochinoise-4fbd87,https://entreprises-coloniales.fr/inde-indochine/Medailles_Resistance_indochinoise.pdf,source_document,Résistants indochinois distingués,Documents généraux (par ordre chronologique),Indochine,Indochine,,,"Résistants indochinois distingués : récipiendaires de sabres japonais, liste des décès à Saïgon 9 mars-28 août 1945, procès de la Kempetaï de Saïgon, medal of freedom, médailles de la résistance, citations à l'ordre de l'armée ou de la Nation, compagnons de la Libération…"
inde-indochine-medecine-frse-en-ext-orient-1922-2ee3ed,https://entreprises-coloniales.fr/inde-indochine/Medecine_frse_en_Ext.-Orient-1922.pdf,company,"La médecine française en Extrême-Orient, par le sénateur Debierre",Santé,Indochine,Indochine,1922,,"La médecine française en Extrême-Orient, par le sénateur Debierre (1922) : rivalités de puissances et conquête des populations"
inde-indochine-medecine-indochine-1940-1944-acd43f,https://entreprises-coloniales.fr/inde-indochine/Medecine_Indochine_1940-1944.pdf,company,La médecine en Indochine,Santé,Indochine,Indochine,1940,1944,La médecine en Indochine (1940-1944)
inde-indochine-medecine-traditionnelle-ic-506a50,https://entreprises-coloniales.fr/inde-indochine/Medecine_traditionnelle_IC.pdf,company,Médecine traditionnelle indochinoise,Santé,Indochine,Indochine,,,Médecine traditionnelle indochinoise
inde-indochine-meiffre-cousins-hanoi-ef8657,https://entreprises-coloniales.fr/inde-indochine/Meiffre_cousins-Hanoi.pdf,company,Meiffre cousins & Compagnie,Cuirs et textiles,Indochine,Indochine,,,"Meiffre cousins & Compagnie, Hanoï : filature"
inde-indochine-merite-agricole-indochine-bf86f8,https://entreprises-coloniales.fr/inde-indochine/Merite_agricole-Indochine.pdf,source_document,Mérite agricole,Documents généraux (par ordre chronologique),Indochine,Indochine,,,Mérite agricole : titulaires indochinois (56 p.)
inde-indochine-messag-fluv-coch-1881-1927-c52d90,https://entreprises-coloniales.fr/inde-indochine/Messag._fluv._Coch._1881-1927.pdf,company,Messageries fluviales de Cochinchine,Groupes indochinois et dirigeants d'affaires diverses,Indochine,Indochine,1881,1927,Messageries fluviales de Cochinchine (1881-1927)
inde-indochine-messag-fluv-coch-1928-1957-a156ed,https://entreprises-coloniales.fr/inde-indochine/Messag._fluv._Coch._1928-1957.pdf,company,Messageries fluviales de Cochinchine,Groupes indochinois et dirigeants d'affaires diverses,Indochine,Indochine,1928,1957,Messageries fluviales de Cochinchine (1928-1957)
inde-indochine-messag-fluv-tonkin-56b71f,https://entreprises-coloniales.fr/inde-indochine/Messag._fluv._Tonkin.pdf,company,Messageries fluviales du Tonkin,"Transports fluviaux, maritimes et aériens. Ports, phares",Indochine,Indochine,,,"Messageries fluviales du Tonkin, Haïphong (Auguste Raphaël Marty & Jules d'Abbadie, puis Deschwanden) : service subventionné des correspondances fluviales du Tonkin"
inde-indochine-messageries-maritimes-indochine-7c8ca3,https://entreprises-coloniales.fr/inde-indochine/Messageries_maritimes-Indochine.pdf,company,Messageries maritimes,"Transports fluviaux, maritimes et aériens. Ports, phares",Indochine,Indochine,,,Messageries maritimes : vers l'Indochine et l'Extrême-Orient (924 p.)
inde-indochine-messageries-vapeur-cochinchine-e1f99d,https://entreprises-coloniales.fr/inde-indochine/Messageries_vapeur_Cochinchine.pdf,company,Messageries à vapeur de Cochinchine,"Transports fluviaux, maritimes et aériens. Ports, phares",Indochine,Indochine,1870,1882,Messageries à vapeur de Cochinchine (Larrieu et Roque)(1870-1882)
inde-indochine-messner-electricite-10b686,https://entreprises-coloniales.fr/inde-indochine/Messner_electricite.pdf,person,Messner,"Eau et assainissement, électricité (Utilities)",Indochine,Indochine,,,"Messner (Alfred) : concessionnaire jusqu'en 1925 des secteurs électriques de Cantho, Soctrang, Bacliêu et Travinh"
inde-indochine-messner-pagode-ermitage-d5c59b,https://entreprises-coloniales.fr/inde-indochine/Messner-Pagode-Ermitage.pdf,company,Messner,"Hôtellerie, tourisme",Indochine,Indochine,,,"Messner (Alfred) : la Pagode à Saïgon, l'Ermitage à Thu-Duc"
inde-indochine-metetmin-indochine-1d09cf,https://entreprises-coloniales.fr/inde-indochine/Metetmin-Indochine.pdf,company,Société Métallurgique et minière de l'Indo-Chine,Mines,Indochine,Indochine,1899,1914,Métallurgique et minière de l'Indo-Chine (Société)(1899-1914)
inde-indochine-michel-carlos-hanoi-9a1914,https://entreprises-coloniales.fr/inde-indochine/Michel_Carlos-Hanoi.pdf,company,Carlos,Cuirs et textiles,Indochine,Indochine,,,"Carlos (Michel), Hanoï : tailleur. Frère aîné de Prosper Carlos (1878-1929), tailleur à Haïphong"
inde-indochine-michel-ly-lap-8684a0,https://entreprises-coloniales.fr/inde-indochine/Michel_Ly-Lap.pdf,person,Ly-lap,"Rizières, rizeries, négoce de riz et autres céréales",Indochine,Indochine,,,"Ly-lap (Michel)(Lo-Gom, 1868-Kong-Kong, 1931), Cholon, Saïgon : riziculteur, rizier, négociant, propriétaire. Sa descendance. Souvenirs de la chute de Saïgon (1975)"
inde-indochine-michelin-ic-1925-1945-406aa0,https://entreprises-coloniales.fr/inde-indochine/Michelin-IC-1925-1945.pdf,company,1925-1945,Héveas et caoutchouc,Indochine,Indochine,,,1925-1945 : de l'exemplarité au désenchantement
inde-indochine-michelin-ic-1945-1971-3345ec,https://entreprises-coloniales.fr/inde-indochine/Michelin-IC-1945-1971.pdf,company,1945-1971,Héveas et caoutchouc,Indochine,Indochine,,,1945-1971 : de la reconquête à l'abandon
inde-indochine-michelin-ic-tran-tu-binh-88abd4,https://entreprises-coloniales.fr/inde-indochine/Michelin-IC-Tran-Tu-Binh.pdf,company,Tran Tu Bình,Héveas et caoutchouc,Indochine,Indochine,,,Tran Tu Bình : mémoires d'un agitateur
inde-indochine-michelin-saigon-9d095b,https://entreprises-coloniales.fr/inde-indochine/Michelin-Saigon.pdf,company,Michelin,Héveas et caoutchouc,Indochine,Indochine,,,Michelin : usine de Saigon (1963-1971)
inde-indochine-mickelsen-mission-vengeance-e7af89,https://entreprises-coloniales.fr/inde-indochine/Mickelsen-Mission_Vengeance.pdf,source_document,Mickelsen,Documents généraux (par ordre chronologique),Indochine,Indochine,,,"Mickelsen (Martin L.)(Université de Géorgie, USA) : Mission Vengeance (2008). Quand Decoux livrait les prisonniers de guerre alliés aux Japonais. Représailles américaines (1944)"
inde-indochine-mignot-saigon-41d83a,https://entreprises-coloniales.fr/inde-indochine/Mignot-Saigon.pdf,company,Mignot frères,Transports terrestres et garages,Indochine,Indochine,,,"Mignot frères, Saïgon : agent automobiles Bayard, A. Clément, Mors, Hotchkiss, Panhard et Levassor, cycles et motocycles Peugeot. Armes. Éclairage à l'acétylène"
inde-indochine-mimot-rapport-delamarre-d6261f,https://entreprises-coloniales.fr/inde-indochine/Mimot_Rapport_Delamarre.pdf,company,Plantations de Mimot,Héveas et caoutchouc,Indochine,Indochine,,,"Mimot (Plantations de) : rapport de l'inspecteur général du travail Delamarre (1927-1928). Le commentaire d'Arnaud de Vogüé. L'émigration et l'immigration ouvrière en Indochine, par Émile Delamarre (1931)"
inde-indochine-mine-d-or-pac-lan-fe612a,https://entreprises-coloniales.fr/inde-indochine/Mine_d_or_Pac-Lan.pdf,company,Mine d'or de Pac-Lan,Mines,Indochine,Indochine,,,Mine d'or de Pac-Lan (Minière de Pac-Lan)
inde-indochine-minemet-indochine-c78eb6,https://entreprises-coloniales.fr/inde-indochine/Minemet-Indochine.pdf,company,"Cie Minière et métallurgique de l'Indochine, mines à Cho-Diên, fonderie de zinc à Quang-Yên",Mines,Indochine,Indochine,1919,,"Minière et métallurgique de l'Indochine (Cie)(CMMIC)(1919), mines à Cho-Diên, fonderie de zinc à Quang-Yên"
inde-indochine-mines-bault-havois-ab70e3,https://entreprises-coloniales.fr/inde-indochine/Mines_Bault-Havois.pdf,company,"Mines B. H., Khaoson",Mines,Indochine,Indochine,1930,,"Mines B. H. (Bault-Havois), Khaoson(1930) : cassitérite et wolfram"
inde-indochine-mines-d-or-bao-lac-680fdb,https://entreprises-coloniales.fr/inde-indochine/Mines_d_or_Bao-Lac.pdf,company,Mines d'or de Bao-Lac,Mines,Indochine,Indochine,1926,1938,Mines d'or de Bao-Lac (1926-1938)
inde-indochine-mines-d-or-bong-mieu-e9c1c7,https://entreprises-coloniales.fr/inde-indochine/Mines_d_or_Bong-Mieu.pdf,company,"Société des Mines d'or de Bông-Miû, puis Société indochinoise d'exploitations minières et agricoles",Mines,Indochine,Indochine,1896,,"Mines d'or de Bông-Miû (Société des)(1896), puis Société indochinoise d'exploitations minières et agricoles (Siema)(1929) : mines d'or de Bong-Miêu"
inde-indochine-mines-d-or-de-kouei-ngoa-ad0920,https://entreprises-coloniales.fr/inde-indochine/Mines_d_or_de_Kouei-Ngoa.pdf,company,Mines d'or de Kouei-Ngoa,Mines,Indochine,Indochine,,,Mines d'or de Kouei-Ngoa
inde-indochine-mines-d-or-de-nam-kok-d29ca2,https://entreprises-coloniales.fr/inde-indochine/Mines_d_or_de_Nam-Kok.pdf,company,Société des Mines d'or de Nam-Kok,Mines,Indochine,Indochine,1929,,Mines d'or de Nam-Kok (Société des)(MONK)(1929)
inde-indochine-mines-d-or-kontum-35bba4,https://entreprises-coloniales.fr/inde-indochine/Mines_d_or_Kontum.pdf,company,Mines d'or du Kontum,Mines,Indochine,Indochine,,,Mines d'or du Kontum (Société civile d'études des)
inde-indochine-mines-d-or-pak-beng-25eaf5,https://entreprises-coloniales.fr/inde-indochine/Mines_d_or_Pak-Beng.pdf,company,Société des Mines d'or de Pak-Beng,Mines,Indochine,Indochine,1928,,"Mines d'or de Pak-Beng (Société des)(1928), Laos"
inde-indochine-mines-d-or-tchepone-6b5128,https://entreprises-coloniales.fr/inde-indochine/Mines_d_or_Tchepone.pdf,company,Mines d'or de Tchépone,Mines,Indochine,Indochine,1928,1934,Mines d'or de Tchépone (1928-1934) : échec au Laos
inde-indochine-mines-de-ban-man-09685d,https://entreprises-coloniales.fr/inde-indochine/Mines_de_Ban-Man.pdf,company,Société des Mines de Ban-Man,Mines,Indochine,Indochine,1924,1926,Mines de Ban-Man (Société des)(1924-1926)
inde-indochine-mines-de-thakhek-9e248b,https://entreprises-coloniales.fr/inde-indochine/Mines_de_Thakhek.pdf,company,Compagnie générale des Mines de Thakhek,Mines,Indochine,Indochine,,,Mines de Thakhek (Compagnie générale des)
inde-indochine-mines-du-pia-ouac-5b884a,https://entreprises-coloniales.fr/inde-indochine/Mines_du_Pia-Ouac.pdf,company,Société des Mines du Pia-Ouac,Mines,Indochine,Indochine,1911,,"Mines du Pia-Ouac (Société des)(1911), Marseille"
inde-indochine-mines-fer-cambodge-e4929e,https://entreprises-coloniales.fr/inde-indochine/Mines_fer-Cambodge.pdf,company,Société des Mines de fer du Cambodge,Mines,Indochine,Indochine,,,"Mines de fer du Cambodge (Société des) : baron Fernand d'Hangouwart, Denain-Anzin, Mokta…"
inde-indochine-mines-seguy-99c179,https://entreprises-coloniales.fr/inde-indochine/Mines-Seguy.pdf,person,"Seguy, ingénieur des mines au Tonkin",Mines,Indochine,Indochine,,,"Seguy (René)(1871-1980), ingénieur des mines au Tonkin : mines Seguy"
inde-indochine-mines-van-lang-b5abbc,https://entreprises-coloniales.fr/inde-indochine/Mines_Van-Lang.pdf,company,Société des mines de Van-Lang,Mines,Indochine,Indochine,,,Van-Lang (Société des mines de) : calamine
inde-indochine-mines-zinc-cho-dien-a0163c,https://entreprises-coloniales.fr/inde-indochine/Mines_zinc_Cho-Dien.pdf,company,Mines de zinc de Cho-Diên,Mines,Indochine,Indochine,,,Mines de zinc de Cho-Diên (Gabriel Bault)
inde-indochine-mines-zinc-cho-don-f690a9,https://entreprises-coloniales.fr/inde-indochine/Mines_zinc_Cho-Don.pdf,company,Mines de zinc de Cho-Don,Mines,Indochine,Indochine,1923,,Mines de zinc de Cho-Don (1923)
inde-indochine-mines-zinc-duc-bo-70b12e,https://entreprises-coloniales.fr/inde-indochine/Mines_zinc_Duc-bo.pdf,company,Mines de zinc et de cuivre de Duc-Bô,Mines,Indochine,Indochine,,,Mines de zinc et de cuivre de Duc-Bô (Annam)
inde-indochine-mines-zinc-trang-da-09cf97,https://entreprises-coloniales.fr/inde-indochine/Mines_zinc_Trang-Da.pdf,company,Société des Mines de Trang-Da,Mines,Indochine,Indochine,1919,,"Mines de Trang-Da (Société des)(S.A., 1919) : zinc"
inde-indochine-mines-zinc-yen-linh-4725be,https://entreprises-coloniales.fr/inde-indochine/Mines_zinc_Yen-Linh.pdf,company,Société Minière de Yên-Linh,Mines,Indochine,Indochine,,,Minière de Yên-Linh (Société) : zinc
inde-indochine-miniere-cambodge-2069c4,https://entreprises-coloniales.fr/inde-indochine/Miniere_Cambodge.pdf,company,Minière du Cambodge,Mines,Indochine,Indochine,1926,1931,Minière du Cambodge (1926-1931) : phosphates de Battambang
inde-indochine-miniere-de-thanh-moi-b97341,https://entreprises-coloniales.fr/inde-indochine/Miniere_de_Thanh-Moi.pdf,company,"Société Minière de Than-Moi ou Minière de Thanh-Moi, à Lang-Caï",Mines,Indochine,Indochine,,,"Minière de Than-Moi ou Minière de Thanh-Moi (Société), à Lang-Caï : blende, calamine"
inde-indochine-miniere-du-laos-4d5810,https://entreprises-coloniales.fr/inde-indochine/Miniere_du_Laos.pdf,company,Cie Minière du Laos,Mines,Indochine,Indochine,,,Minière du Laos (Cie)
inde-indochine-miniere-du-tonkin-9d696c,https://entreprises-coloniales.fr/inde-indochine/Miniere_du_Tonkin.pdf,company,Société Minière du Tonkin à Lang-hit,Mines,Indochine,Indochine,,,"Minière du Tonkin (Société) à Lang-hit : blende, galène, calamine. Photos de l'album de Bruno Barraco"
inde-indochine-miniere-etudes-indochinoises-c76d66,https://entreprises-coloniales.fr/inde-indochine/Miniere_etudes_indochinoises.pdf,company,Société Minière d'Études indochinoises,Mines,Indochine,Indochine,,,Minière d'Études indochinoises (Société)
inde-indochine-miniere-extreme-orient-7ad8f0,https://entreprises-coloniales.fr/inde-indochine/Miniere_Extreme-Orient.pdf,company,Société Minière d'Extrême-Orient,Mines,Indochine,Indochine,1912,1927,Minière d'Extrême-Orient (Société)(1912-1927)
inde-indochine-miniere-haut-mekong-4a30af,https://entreprises-coloniales.fr/inde-indochine/Miniere_Haut-Mekong.pdf,company,Compagnie minière du Haut-Mékong,Mines,Indochine,Indochine,,,Haut-Mékong (Compagnie minière du)(CMHM) : cuivre
inde-indochine-miniere-la-barytine-1efd5d,https://entreprises-coloniales.fr/inde-indochine/Miniere_La_Barytine.pdf,company,Société Minière La Barytine,Groupes indochinois et dirigeants d'affaires diverses,Indochine,Indochine,,,"Minière La Barytine (Société) : Dordogne, Aveyron, Hérault, Lozère et Lot"
inde-indochine-miniere-sud-annam-a48ef2,https://entreprises-coloniales.fr/inde-indochine/Miniere_Sud-Annam.pdf,company,Société minière du Sud-Annam,Mines,Indochine,Indochine,,,Sud-Annam (Société minière du)
inde-indochine-miniere-transindoch-f17872,https://entreprises-coloniales.fr/inde-indochine/Miniere_transindoch.pdf,company,Société Minière transindochinoise,Mines,Indochine,Indochine,1929,1935,Minière transindochinoise (Société)(1929-1935)
inde-indochine-mission-economique-japonaise-ic-1925-fb5fac,https://entreprises-coloniales.fr/inde-indochine/Mission_economique_japonaise_IC-1925.pdf,source_document,Mission économique japonaise en Indochine,Documents généraux (par ordre chronologique),Indochine,Indochine,1925,,Mission économique japonaise en Indochine (1925)
inde-indochine-mission-scientifique-permanente-d82d47,https://entreprises-coloniales.fr/inde-indochine/Mission_scientifique_permanente.pdf,company,Mission scientifique permanente de l'Indo-Chine,"Enseignement, recherche, sociétés savantes, musées…",Indochine,Indochine,1904,1908,"Mission scientifique permanente de l'Indo-Chine (1904-1908) : Louis Boutan, Philippe Eberhardt, Armand Krempf"
inde-indochine-mission-spire-1902-1903-a9c678,https://entreprises-coloniales.fr/inde-indochine/Mission_Spire-1902-1903.pdf,company,La mission du docteur Camille Spire au Laos et au Siam,Héveas et caoutchouc,Indochine,Indochine,1902,1903,La mission du docteur Camille Spire au Laos et au Siam (1902-1903) : étude du caoutchouc de cueillette et de la flore forestière
inde-indochine-missionnaires-face-au-vietminh-7e0a00,https://entreprises-coloniales.fr/inde-indochine/Missionnaires_face_au_Vietminh.pdf,company,Les missionnaires face au Viêtminh,Entreprises religieuses,Indochine,Indochine,,,Les missionnaires face au Viêtminh
inde-indochine-missionnaires-oblats-laos-735eb9,https://entreprises-coloniales.fr/inde-indochine/Missionnaires+oblats_Laos.pdf,company,Laos,"Enseignement, recherche, sociétés savantes, musées…",Indochine,Indochine,,,"Laos : missionnaires et oblats de l'immaculée conception. Évangélisation, enseignement (1944)"
inde-indochine-mitac-melia-rondon-656b35,https://entreprises-coloniales.fr/inde-indochine/MITAC_Melia+Rondon.pdf,company,Manufacture indochinoise de tabacs coloniaux,Autres industries alimentaires,Indochine,Indochine,,,"Manufacture indochinoise de tabacs coloniaux (MITAC)(filiale de Mélia et Rondon), Saïgon"
inde-indochine-modern-cinema-saigon-18d1e4,https://entreprises-coloniales.fr/inde-indochine/Modern-Cinema-Saigon.pdf,company,"Modern-Cinéma, Saïgon, rue d'Espagne",Cinémas et théâtres de l'Indochine (du nord au sud),Indochine,Indochine,,,"Modern-Cinéma, Saïgon, rue d'Espagne : cinéma, théâtre, boxe…"
inde-indochine-monde-affaires-ic-1952-9f0928,https://entreprises-coloniales.fr/inde-indochine/Monde_affaires_IC_1952.pdf,source_document,Le monde des affaires indochinois,Documents généraux (par ordre chronologique),Indochine,Indochine,1952,,Le monde des affaires indochinois (1952)
inde-indochine-mong-huy-xuong-poivrier-538821,https://entreprises-coloniales.fr/inde-indochine/Mong-huy-Xuong_poivrier.pdf,company,"Mong-huy-Xuong, le grand poivrier de Rachgia","Café, thé, épices, coco, quinquina, vanille",Indochine,Indochine,,,"Mong-huy-Xuong, le grand poivrier de Rachgia"
inde-indochine-monpezat-dbom-286240,https://entreprises-coloniales.fr/inde-indochine/Monpezat_DBOM.pdf,company,Monpezat par Joseph Valynseele,Groupes indochinois et dirigeants d'affaires diverses,Indochine,Indochine,1868,1929,Monpezat (Henri de Laborde)(1868-1929) par Joseph Valynseele : notice académique
inde-indochine-monpezat-eco-adbced,https://entreprises-coloniales.fr/inde-indochine/Monpezat-eco.pdf,company,Monpezat,Groupes indochinois et dirigeants d'affaires diverses,Indochine,Indochine,,,"Monpezat : ses domaines, ses distilleries, ses mines, son journal"
inde-indochine-monpezat-politique-1a9616,https://entreprises-coloniales.fr/inde-indochine/Monpezat-politique.pdf,source_document,Monpezat,Documents généraux (par ordre chronologique),Indochine,Indochine,,,"Monpezat (Henri de Laborde de): délégué de l'Annam au conseil supérieur des colonies (1902-1919, 1924-1929)"
inde-indochine-mont-de-piete-sadec-66f14f,https://entreprises-coloniales.fr/inde-indochine/Mont-de-piete-Sadec.pdf,company,Mont-de-piété,"Banque, gérance, assurances…",Indochine,Indochine,,,"Mont-de-piété, Sadec (SNC Ong-Ich)"
inde-indochine-mont-piete-cambodge-0b603e,https://entreprises-coloniales.fr/inde-indochine/Mont-piete-Cambodge.pdf,company,"Monts-de-piété, Battambang et Kompong-Thom","Banque, gérance, assurances…",Indochine,Indochine,,,"Monts-de-piété, Battambang et Kompong-Thom"
inde-indochine-mont-piete-da-kao-8c50ac,https://entreprises-coloniales.fr/inde-indochine/Mont-piete-Da-kao.pdf,company,"Mont-de-piété, Da-kao","Banque, gérance, assurances…",Indochine,Indochine,,,"Mont-de-piété, Da-kao (Saïgon)"
inde-indochine-mont-piete-haiphong-71ebbf,https://entreprises-coloniales.fr/inde-indochine/Mont-piete-Haiphong.pdf,company,Mont-de-piété,"Banque, gérance, assurances…",Indochine,Indochine,,,"Mont-de-piété, Haïphong"
inde-indochine-mont-piete-hanoi-f3b513,https://entreprises-coloniales.fr/inde-indochine/Mont-piete-Hanoi.pdf,company,Mont-de-piété,"Banque, gérance, assurances…",Indochine,Indochine,,,"Mont-de-piété, Hanoï"
inde-indochine-mont-piete-namdinh-7babc7,https://entreprises-coloniales.fr/inde-indochine/Mont-piete-Namdinh.pdf,company,"Mont-de-piété, Namdinh","Banque, gérance, assurances…",Indochine,Indochine,,,"Mont-de-piété, Namdinh"
inde-indochine-mont-piete-pnom-penh-44d9b2,https://entreprises-coloniales.fr/inde-indochine/Mont-piete-Pnom-Penh.pdf,company,Mont-de-piété,"Banque, gérance, assurances…",Indochine,Indochine,,,"Mont-de-piété, Pnom-Penh"
inde-indochine-morange-caoutchouc-cochinchine-919fbc,https://entreprises-coloniales.fr/inde-indochine/Morange-Caoutchouc_Cochinchine.pdf,company,"Le Caoutchouc de plantation en Cochinchine, par Paul Morange",Héveas et caoutchouc,Indochine,Indochine,1910,,"Le Caoutchouc de plantation en Cochinchine (1910), par Paul Morange"
inde-indochine-morice-sontay-12d327,https://entreprises-coloniales.fr/inde-indochine/Morice-Sontay.pdf,company,Morice,"Café, thé, épices, coco, quinquina, vanille",Indochine,Indochine,,,"Morice (Constant), Sontay : café, thé, lemon grass…"
inde-indochine-mottet-cie-saigon-a5635c,https://entreprises-coloniales.fr/inde-indochine/Mottet_&_Cie-Saigon.pdf,company,"Ollivier, puis Mottet & Cie, puis H. Blanc & P. Hauff, puis H. Blanc",Commerce,Indochine,Indochine,,,"Ollivier, puis Mottet & Cie, puis H. Blanc & P. Hauff, puis H. Blanc, Saïgon : importation de biens de consommation, hôtellerie, édition de cartes postales"
inde-indochine-mouscadet-laos-1893-1940-98e852,https://entreprises-coloniales.fr/inde-indochine/Mouscadet-Laos_1893-1940.pdf,company,"Laos, par Marc Mouscadet",Mines,Indochine,Indochine,1893,1940,"Laos (L'exploitation du sous-sol au)(1893-1940), par Marc Mouscadet (mémoire, INALCO, 2013)"
inde-indochine-moussie-bigot-hanoi-82f7ea,https://entreprises-coloniales.fr/inde-indochine/Moussie-Bigot_Hanoi.pdf,company,Moussié-Bigot,Transports terrestres et garages,Indochine,Indochine,,,"Moussié-Bigot, Hanoï : service d'autocar Hanoï-Haïphong-Doson"
inde-indochine-mt-bavi-station-altitude-840fbd,https://entreprises-coloniales.fr/inde-indochine/Mt-Bavi_station_altitude.pdf,company,"le mont Bavi, station d'altitude","Hôtellerie, tourisme",Indochine,Indochine,,,"le mont Bavi (ou Ba-Vi), station d'altitude : d'hier à aujourd'hui"
inde-indochine-munier-exportation-ic-1950-a35a65,https://entreprises-coloniales.fr/inde-indochine/Munier_Exportation_IC-1950.pdf,source_document,Munier,Documents généraux (par ordre chronologique),Indochine,Indochine,,,"Munier (Paul) : L'exportation, condition première de prospérité (L'Entente, 15-24 septembre 1950)"
inde-indochine-musee-albert-sarraut-pnom-penh-c6833a,https://entreprises-coloniales.fr/inde-indochine/Musee_Albert-Sarraut_Pnom-Penh.pdf,company,Musée Albert-Sarraut,"Enseignement, recherche, sociétés savantes, musées…",Indochine,Indochine,1920,,"Musée Albert-Sarraut (1920), Pnom-penh"
inde-indochine-musee-blanchard-de-la-brosse-c8cf83,https://entreprises-coloniales.fr/inde-indochine/Musee_Blanchard_de_la_Brosse.pdf,company,"Musée Blanchard de la Brosse, Saïgon. Les débuts","Enseignement, recherche, sociétés savantes, musées…",Indochine,Indochine,,,"Musée Blanchard de la Brosse, Saïgon. Les débuts"
inde-indochine-musee-commercial-hanoi-ed5c28,https://entreprises-coloniales.fr/inde-indochine/Musee_commercial-Hanoi.pdf,company,"Musée agricole, industriel et commercial, Hanoï. Portrait de Charles Crevost","Enseignement, recherche, sociétés savantes, musées…",Indochine,Indochine,,,"Musée agricole, industriel et commercial (« Musée commercial » ou « Musée Maurice-Long »), Hanoï. Portrait de Charles Crevost"
inde-indochine-musee-khai-dinh-hue-091986,https://entreprises-coloniales.fr/inde-indochine/Musee_Khai-Dinh-Hue.pdf,company,Musée Khai-Dinh,"Enseignement, recherche, sociétés savantes, musées…",Indochine,Indochine,,,"Musée Khai-Dinh, Huê"
inde-indochine-musee-yersin-nhatrang-387c2f,https://entreprises-coloniales.fr/inde-indochine/Musee_Yersin-Nhatrang.pdf,company,Le musée Alexandre Yersin de Nhatrang,Santé,Indochine,Indochine,1997,,Le musée Alexandre Yersin de Nhatrang (1997) : reportage photographique de Sunny Le Galloudec (27 octobre 2023)
inde-indochine-musees-efeo-hanoi-504667,https://entreprises-coloniales.fr/inde-indochine/Musees-EFEO-Hanoi.pdf,company,Musées de l'École française d'Extrême-Orient à Hanoï,"Enseignement, recherche, sociétés savantes, musées…",Indochine,Indochine,,,"Musées de l'École française d'Extrême-Orient (EFEO) à Hanoï : musée Louis-Finot, musée de l'Homme, nombreuses conférences"
inde-indochine-mutualite-indochinoise-hanoi-1e06ce,https://entreprises-coloniales.fr/inde-indochine/Mutualite_indochinoise-Hanoi.pdf,company,Mutualité indochinoise,"Banque, gérance, assurances…",Indochine,Indochine,,,"Mutualité indochinoise, Hanoï"
inde-indochine-mutuelle-agricole-indo-chinoise-d7a3d7,https://entreprises-coloniales.fr/inde-indochine/Mutuelle_agricole_indo-chinoise.pdf,company,"Mutuelle agricole indo-chinoise, puis Mutualité agricole du Tonkin","Banque, gérance, assurances…",Indochine,Indochine,1904,1908,"Mutuelle agricole indo-chinoise (1904-1908), puis Mutualité agricole du Tonkin, Hanoï : assurances contre les maladies du bétail"
inde-indochine-mutuelle-extreme-orient-9118fd,https://entreprises-coloniales.fr/inde-indochine/Mutuelle_Extreme-Orient.pdf,company,Mutuelle d'Extrême-Orient,"Banque, gérance, assurances…",Indochine,Indochine,,,"Mutuelle d'Extrême-Orient, Hanoï, puis Saïgon : épargne et capitalisation"
inde-indochine-mutuelle-france-colonies-ic-dc894d,https://entreprises-coloniales.fr/inde-indochine/Mutuelle_France&Colonies-IC.pdf,company,Mutuelle de France et des colonies,"Banque, gérance, assurances…",Indochine,Indochine,1901,,Mutuelle de France et des colonies (1901)(ex-Mutuelle nationale): branche indochinoise
inde-indochine-mytho-bungalow-7bb0c9,https://entreprises-coloniales.fr/inde-indochine/Mytho-Bungalow.pdf,company,Bungalow,"Hôtellerie, tourisme",Indochine,Indochine,,,"Bungalow, Mytho"
inde-indochine-mytho-paullussen-692371,https://entreprises-coloniales.fr/inde-indochine/Mytho-Paullussen.pdf,company,Grand Hôtel,"Hôtellerie, tourisme",Indochine,Indochine,,,"Grand Hôtel (Paullussen), Mytho"
inde-indochine-nam-dinh-hotel-caralp-1c40f0,https://entreprises-coloniales.fr/inde-indochine/Nam-Dinh-Hotel_Caralp.pdf,company,"Grand Hôtel Caralp, J.-V. Baron, Nam-Viêt, Nam-Dinh Hôte","Hôtellerie, tourisme",Indochine,Indochine,,,"Grand Hôtel Caralp, J.-V. Baron, Nam-Viêt, Nam-Dinh Hôte, Nam-Dinh"
inde-indochine-nam-dinh-hotel-de-france-81e49d,https://entreprises-coloniales.fr/inde-indochine/Nam-Dinh-Hotel_de_France.pdf,company,Hôtel de France,"Hôtellerie, tourisme",Indochine,Indochine,,,"Hôtel de France, Nam-Dinh"
inde-indochine-nam-dinh-hotel-gare-edfa72,https://entreprises-coloniales.fr/inde-indochine/Nam-Dinh-Hotel_Gare.pdf,company,Hôtel de la Gare,"Hôtellerie, tourisme",Indochine,Indochine,,,"Hôtel de la Gare (Marius Baudon), Nam-Dinh"
inde-indochine-nam-long-cholon-f772fa,https://entreprises-coloniales.fr/inde-indochine/Nam-Long_Cholon.pdf,company,Nam-Long,"Rizières, rizeries, négoce de riz et autres céréales",Indochine,Indochine,,,"Nam-Long, Cholon : rizerie"
inde-indochine-nam-long-hanoi-3d3def,https://entreprises-coloniales.fr/inde-indochine/Nam-Long-Hanoi.pdf,company,Office franco-annamite de représentations Nam-Long,Commerce,Indochine,Indochine,,,"Nam-Long (Office franco-annamite de représentations)(Albert Couteau, Nguyên Thieu), Hanoï"
inde-indochine-nape-bungalow-3a5a7b,https://entreprises-coloniales.fr/inde-indochine/Nape-Bungalow.pdf,company,"Bungalow, Napé. Le chien de Nas de Tourris mord au visage Rignault fils. Rignault père déclaré aux deux tiers responsable","Hôtellerie, tourisme",Indochine,Indochine,,,"Bungalow, Napé. Le chien de Nas de Tourris mord au visage Rignault fils. Rignault père déclaré aux deux tiers responsable : qui dit mieux ?"
inde-indochine-nape-hotel-lapicque-aeff49,https://entreprises-coloniales.fr/inde-indochine/Nape-Hotel_Lapicque.pdf,company,"Hôtel Lapicque, Napé","Hôtellerie, tourisme",Indochine,Indochine,,,"Hôtel Lapicque, Napé"
inde-indochine-nattes-du-tonkin-69a1e3,https://entreprises-coloniales.fr/inde-indochine/Nattes_du_Tonkin.pdf,company,Nattes du Tonkin,Cuirs et textiles,Indochine,Indochine,,,"Nattes du Tonkin, Hanoï, Nam-Dinh"
inde-indochine-naufrage-benthuy-1911-48834b,https://entreprises-coloniales.fr/inde-indochine/Naufrage_Benthuy-1911.pdf,company,Naufrage du pétrolier « Benthuy » au large du Centre-Annam,"Transports fluviaux, maritimes et aériens. Ports, phares",Indochine,Indochine,,,Naufrage du pétrolier « Benthuy » (16.000 t.) au large du Centre-Annam (3 janvier 1911) : une catastrophe accueillie dans l'indifférence
inde-indochine-nauticus-haiphong-49b2ac,https://entreprises-coloniales.fr/inde-indochine/Nauticus-Haiphong.pdf,company,Nauticus,"Transports fluviaux, maritimes et aériens. Ports, phares",Indochine,Indochine,,,"Nauticus (Adolphe Lézer), Haïphong : courtier maritime, armateur"
inde-indochine-navalrai-saigon-f35aab,https://entreprises-coloniales.fr/inde-indochine/Navalrai_Saigon.pdf,company,"Navalraï frères, Saïgon, 48-52, rue Catinat",Commerce,Indochine,Indochine,,,"Navalraï frères (de Bombay), Saïgon, 48-52, rue Catinat : tissus et bijoux indiens"
inde-indochine-navigation-denis-freres-bd7a64,https://entreprises-coloniales.fr/inde-indochine/Navigation_Denis_freres.pdf,company,Cie de Navigation Denis frères,"Transports fluviaux, maritimes et aériens. Ports, phares",Indochine,Indochine,,,Navigation Denis frères (Cie de)
inde-indochine-navigation-mers-chine-b1b1f8,https://entreprises-coloniales.fr/inde-indochine/Navigation_mers_Chine.pdf,company,Cie française de Navigation des mers de Chine,"Transports fluviaux, maritimes et aériens. Ports, phares",Indochine,Indochine,,,Navigation des mers de Chine (Cie française de)
inde-indochine-navigation-tonkinoise-ef3ae2,https://entreprises-coloniales.fr/inde-indochine/Navigation_tonkinoise.pdf,company,Compagnie de Navigation tonkinoise (et non,"Transports fluviaux, maritimes et aériens. Ports, phares",Indochine,Indochine,,,"Navigation tonkinoise (Compagnie de)(Marty & d'Abbadie)(et non : « Tonkinoise de Navigation »), Haïphong"
inde-indochine-navigation-vapeur-france-ic-b65d20,https://entreprises-coloniales.fr/inde-indochine/Navigation_vapeur_France-IC.pdf,company,Société de Navigation à vapeur France-Indochine,"Transports fluviaux, maritimes et aériens. Ports, phares",Indochine,Indochine,1917,1932,Navigation à vapeur France-Indochine (Société de)(1917-1932)
inde-indochine-naz-dong-du-1295f2,https://entreprises-coloniales.fr/inde-indochine/Naz_Dong-Du.pdf,company,"Naz, Dong-Du","Café, thé, épices, coco, quinquina, vanille",Indochine,Indochine,,,"Naz (Abel-Alexandre), Dong-Du : café"
inde-indochine-nestle-indochine-52f459,https://entreprises-coloniales.fr/inde-indochine/Nestle_Indochine.pdf,company,Nestlé en Indochine,Commerce,Indochine,Indochine,,,Nestlé en Indochine
inde-indochine-ng-huu-thu-dit-sen-152b45,https://entreprises-coloniales.fr/inde-indochine/Ng.-Huu-Thu_dit_Sen.pdf,company,Nguyên-Huu-Thu dit Sen,"Transports fluviaux, maritimes et aériens. Ports, phares",Indochine,Indochine,,,"Nguyên-Huu-Thu dit Sen, Haïphong : armateur, exploitant minier, éleveur, débitant des alcools, notable"
inde-indochine-nghia-limonadier-cantho-80a110,https://entreprises-coloniales.fr/inde-indochine/Nghia_limonadier-Cantho.pdf,company,Trân Dât Nghia,Autres industries alimentaires,Indochine,Indochine,,,"Trân Dât Nghia, Cântho : limonadier"
inde-indochine-nghia-transporteur-cantho-f53a7b,https://entreprises-coloniales.fr/inde-indochine/Nghia_transporteur-Cantho.pdf,company,Trân Dât Nghia,Transports terrestres et garages,Indochine,Indochine,,,"Trân Dât Nghia, Cântho : garagiste, transporteur…"
inde-indochine-ngo-tu-ha-hanoi-0eb167,https://entreprises-coloniales.fr/inde-indochine/Ngo-Tu-Ha-Hanoi.pdf,company,Imprimerie Ngo-Tu-Ha,"Imprimerie, presse, édition",Indochine,Indochine,,,"Imprimerie Ngo-Tu-Ha, Hanoï"
inde-indochine-nguyen-ba-chinh-cie-69da87,https://entreprises-coloniales.fr/inde-indochine/Nguyen-Ba-Chinh_&_Cie.pdf,company,"Porcelaine Hop-Loï — Nguyên-Ba-Chinh et Cie, Hanoï, Thanh-Tri","Bâtiment-travaux publics, matériaux de construction, céramiques",Indochine,Indochine,,,"Porcelaine Hop-Loï — Nguyên-Ba-Chinh et Cie, Hanoï, Thanh-Tri"
inde-indochine-nguyen-nang-quoc-f0d0fd,https://entreprises-coloniales.fr/inde-indochine/Nguyen-nang-Quoc.pdf,company,"Fête au génie vivant. S. E. Nguyên-nang-Quôc, commandeur de la Légion d’honneur","Imprimerie, presse, édition",Indochine,Indochine,,,"Fête au génie vivant. S. E. Nguyên-nang-Quôc, commandeur de la Légion d’honneur (11 novembre 1943)"
inde-indochine-nguyen-van-cua-ca1ea1,https://entreprises-coloniales.fr/inde-indochine/Nguyen-van-Cua.pdf,company,Imprimerie de l’Union,"Imprimerie, presse, édition",Indochine,Indochine,,,"Imprimerie de l’Union (Nguyên-van-Cua), Saïgon"
inde-indochine-nguyen-viet-chu-peintre-cd58f7,https://entreprises-coloniales.fr/inde-indochine/Nguyen-viet-Chu_peintre.pdf,company,Nguyên-viêt-Chu,"Artistes peintres, sculpteurs et galeries",Indochine,Indochine,,,"Nguyên-viêt-Chu, Hanoï : tireur de pousse-pousse, puis artiste peintre"
inde-indochine-nhatrang-beau-rivage-103bca,https://entreprises-coloniales.fr/inde-indochine/Nhatrang-Beau_Rivage.pdf,company,Hôtel Beaurivage ou Beau Rivage,"Hôtellerie, tourisme",Indochine,Indochine,,,"Hôtel Beaurivage ou Beau Rivage (van Breuseghem), Nhatrang"
inde-indochine-nhatrang-grd-hotel-plage-64dcb0,https://entreprises-coloniales.fr/inde-indochine/Nhatrang-Grd_Hotel_Plage.pdf,company,Grand Hôtel de la Plage,"Hôtellerie, tourisme",Indochine,Indochine,,,"Grand Hôtel de la Plage, Nhatrang"
inde-indochine-nhatrang-hostellerie-dragon-655447,https://entreprises-coloniales.fr/inde-indochine/Nhatrang-Hostellerie_Dragon.pdf,company,Hostellerie du Dragon,"Hôtellerie, tourisme",Indochine,Indochine,,,"Hostellerie du Dragon, Nhatrang"
inde-indochine-nicolas-tocco-laokay-cfcaba,https://entreprises-coloniales.fr/inde-indochine/Nicolas_Tocco-Laokay.pdf,person,Tocco,"Bâtiment-travaux publics, matériaux de construction, céramiques",Indochine,Indochine,,,"Tocco (Nicolas) : entrepreneur à Lao-kay, hôtelier à La Madeleine, près Chapa"
inde-indochine-nonce-ortoli-saigon-1add85,https://entreprises-coloniales.fr/inde-indochine/Nonce_Ortoli_Saigon.pdf,company,Ortoli,Transports terrestres et garages,Indochine,Indochine,,,"Ortoli (Nonce), Saïgon : transitaire, commissionnaire en douanes, assureur"
inde-indochine-nord-annam-sana-ff7b99,https://entreprises-coloniales.fr/inde-indochine/Nord-Annam-SANA.pdf,company,Société Agricole du Nord-Annam,"Café, thé, épices, coco, quinquina, vanille",Indochine,Indochine,1929,1943,Agricole du Nord-Annam (Société)(SANA)(Pharaon Coudoux et Auguste Gombert)(1929-1943)
inde-indochine-normands-d-indochine-e4250a,https://entreprises-coloniales.fr/inde-indochine/Normands d'Indochine.pdf,source_document,Société des Normands d'Indochine,Amicales régionales et professionnelles : les petites patries à l'ombre de la grande ; amitié et solidarité,Indochine,Indochine,,,"Normands d'Indochine (Société des), Saïgon"
inde-indochine-nouailhetas-andre-b6b90e,https://entreprises-coloniales.fr/inde-indochine/Nouailhetas_Andre.pdf,company,Nouailhetas,Groupes indochinois et dirigeants d'affaires diverses,Indochine,Indochine,,,Nouailhetas (André)
inde-indochine-nouailhetas-louis-2d61f8,https://entreprises-coloniales.fr/inde-indochine/Nouailhetas_Louis.pdf,person,Nouailhetas,Groupes indochinois et dirigeants d'affaires diverses,Indochine,Indochine,,,Nouailhetas (Louis) : administrateur civil en Indochine (1926-1939)
inde-indochine-nousto-tan-tuong-e4e07c,https://entreprises-coloniales.fr/inde-indochine/Nousto-Tan-tuong.pdf,company,"Nousto, Tân-tuong",Héveas et caoutchouc,Indochine,Indochine,,,"Nousto (A.), Tân-tuong"
inde-indochine-nouvelliste-d-indochine-bcca7e,https://entreprises-coloniales.fr/inde-indochine/Nouvelliste_d_Indochine.pdf,company,Le Nouvelliste d'Indochine,"Imprimerie, presse, édition",Indochine,Indochine,1936,1942,"Nouvelliste d'Indochine (Le)(1936-1942)(Alphonse Breton), Saïgon"
inde-indochine-nuoc-mam-authentiques-d59e82,https://entreprises-coloniales.fr/inde-indochine/Nuoc-mam_authentiques.pdf,company,Nuoc-mam authentiques garantis,Pêche et produits de la mer,Indochine,Indochine,1934,,"Nuoc-mam authentiques garantis (S.A., 1934)(A. Granval), Saïgon"
inde-indochine-nyk-hakone-maru-72bd9a,https://entreprises-coloniales.fr/inde-indochine/NYK-Hakone-Maru.pdf,company,Nippon Yusen Kaisha,"Transports fluviaux, maritimes et aériens. Ports, phares",Indochine,Indochine,,,Nippon Yusen Kaisha (NYK) : steamship Hakone-Maru. Photos inédites
inde-indochine-nyk-hakusan-maru-d34bc3,https://entreprises-coloniales.fr/inde-indochine/NYK-Hakusan-Maru.pdf,company,Nippon Yusen Kaisha,"Transports fluviaux, maritimes et aériens. Ports, phares",Indochine,Indochine,,,Nippon Yusen Kaisha (NYK) : Hakusan-Maru (1932)
inde-indochine-nyk-nippon-yusen-kaisha-390430,https://entreprises-coloniales.fr/inde-indochine/NYK-Nippon_Yusen_Kaisha.pdf,company,"Nippon Yusen Kaisha, compagnie de navigation japonaise","Transports fluviaux, maritimes et aériens. Ports, phares",Indochine,Indochine,,,"Nippon Yusen Kaisha (NYK), compagnie de navigation japonaise"
inde-indochine-o-connell-decimes-7578c7,https://entreprises-coloniales.fr/inde-indochine/O'Connell_decimes.pdf,source_document,O'Connell,Documents généraux (par ordre chronologique),Indochine,Indochine,,,O'Connell (Hugues Joseph Eustache) : rapport sur la province de Longxuyên (1909-1912)(30 pages dactylographiées)
inde-indochine-o-connell-maurice-6822e8,https://entreprises-coloniales.fr/inde-indochine/O'Connell_Maurice.pdf,company,O'Connell,Héveas et caoutchouc,Indochine,Indochine,,,O'Connell (Maurice) : un fils de l'Indochine assassiné par le Vietminh (nov. 1948)
inde-indochine-o-connell-resistance-4221d7,https://entreprises-coloniales.fr/inde-indochine/O'Connell_resistance.pdf,source_document,O'Connell,Documents généraux (par ordre chronologique),Indochine,Indochine,,,O'Connell (Marie-Madeleine) : les épreuves d'une planteuse résistante face aux Japonais et aux caodaïstes en 1945 (témoignage)
inde-indochine-o-neill-dalat-989731,https://entreprises-coloniales.fr/inde-indochine/O'Neill-Dalat.pdf,company,O'Neill,"Élevage, abattage, boucherie",Indochine,Indochine,,,"O'Neill (Jean), Dalat : domaine de Camly : maraîchage, élevage, laiterie, horticulture, café, hydroélectriité…"
inde-indochine-observatoire-meteorologique-phu-lien-65208e,https://entreprises-coloniales.fr/inde-indochine/Observatoire_meteorologique_Phu-Lien.pdf,company,"Observatoire central magnétique et météorologique de I'Indo-Chine, Phu-Liên","Enseignement, recherche, sociétés savantes, musées…",Indochine,Indochine,,,"Observatoire central magnétique et météorologique de I'Indo-Chine, Phu-Liên"
inde-indochine-octave-dupuy-hanoi-6350a8,https://entreprises-coloniales.fr/inde-indochine/Octave_Dupuy-Hanoi.pdf,company,Dupuy,Commerce,Indochine,Indochine,,,"Dupuy (Octave)(École polytechnique), Hanoï : représentations industrielles et commerciales"
inde-indochine-octave-vandelet-dc5811,https://entreprises-coloniales.fr/inde-indochine/Octave_Vandelet.pdf,person,Vandelet,Groupes indochinois et dirigeants d'affaires diverses,Indochine,Indochine,,,Vandelet (Octave)(1848-1912) : l'homme-orchestre du Cambodge
inde-indochine-office-indochinois-du-riz-ecf9a4,https://entreprises-coloniales.fr/inde-indochine/Office_indochinois_du_riz.pdf,company,Office indochinois du riz,"Rizières, rizeries, négoce de riz et autres céréales",Indochine,Indochine,1930,,Office indochinois du riz (1930)
inde-indochine-officiers-academie-indochine-090a38,https://entreprises-coloniales.fr/inde-indochine/Officiers_academie-Indochine.pdf,source_document,Palmes académiques,Documents généraux (par ordre chronologique),Indochine,Indochine,,,Palmes académiques : officiers de l'enseignement public et officiers d'académie en Indochine
inde-indochine-ogliastro-et-cie-louis-9b6f13,https://entreprises-coloniales.fr/inde-indochine/Ogliastro_et_Cie_Louis.pdf,person,"Ogliastro, puis Louis Ogliastro et Cie",Commerce,Indochine,Indochine,,,"Ogliastro (Antoine)(1875), puis Louis Ogliastro et Cie (1908), Saïgon, Hanoï, Haïphong…"
inde-indochine-ogliastro-hui-bon-hoa-890437,https://entreprises-coloniales.fr/inde-indochine/Ogliastro_Hui-Bon-Hoa.pdf,company,"Ogliastro, Hui Bon Hoa & Cie, monts-de-piété de Cochinchine","Banque, gérance, assurances…",Indochine,Indochine,,,"Ogliastro, Hui Bon Hoa & Cie, monts-de-piété de Cochinchine"
inde-indochine-ogmic-41b67b,https://entreprises-coloniales.fr/inde-indochine/OGMIC.pdf,company,Office général de main-d'œuvre indochinoise,Recruteurs de main-d'œuvre (engagistes),Indochine,Indochine,,,"Office général de main-d'œuvre indochinoise (OGMIC)(Albert Bazin et Moïse dit Maurice Weil), Hanoï"
inde-indochine-olympic-saigon-67b5fa,https://entreprises-coloniales.fr/inde-indochine/Olympic-Saigon.pdf,company,Établissements Olympic,Transports terrestres et garages,Indochine,Indochine,,,"Olympic (Établissements), Saïgon : Oldsmobile, Vauxhall, Salmson, Bedford, Harley-Davidson, Triumph…"
inde-indochine-omer-sarraut-1902-1969-a3e15d,https://entreprises-coloniales.fr/inde-indochine/Omer_Sarraut_1902-1969.pdf,company,Sarraut,Sports,Indochine,Indochine,,,"Sarraut (Omer), Saïgon : avocat et grand chasseur. Candidat de la Banque de l'Indochine à la députation de la Cochinchine (1936)"
inde-indochine-omnium-asiatique-haiphong-67b34f,https://entreprises-coloniales.fr/inde-indochine/Omnium_asiatique-Haiphong.pdf,company,"Omnium asiatique de commerce, industrie et transport",Commerce,Indochine,Indochine,1947,1954,"Omnium asiatique de commerce, industrie et transport (1947-1954), Haïphong"
inde-indochine-omnium-ic-hanoi-9352b8,https://entreprises-coloniales.fr/inde-indochine/Omnium_IC-Hanoi.pdf,company,Omnium indochinois,Transports terrestres et garages,Indochine,Indochine,,,"Omnium indochinois (OMIC), Hanoï : garage, pousse-pousses, puis cyclo-pousses"
inde-indochine-omnium-minier-ic-519c9e,https://entreprises-coloniales.fr/inde-indochine/Omnium_minier_IC.pdf,company,Omnium minier d'Indochine,Mines,Indochine,Indochine,1929,,"Omnium minier d'Indochine (OMIC)(1929), Saïgon : méfiance !"
inde-indochine-omnium-minier-tonkinois-941f51,https://entreprises-coloniales.fr/inde-indochine/Omnium_minier_tonkinois.pdf,company,Omnium minier tonkinois,Mines,Indochine,Indochine,1929,,"Omnium minier tonkinois (1929), Saïgon"
inde-indochine-ong-tich-saigon-76e9cf,https://entreprises-coloniales.fr/inde-indochine/Ong-Tich-Saigon.pdf,company,Ong-Tich,Sociétés foncières et immobilières,Indochine,Indochine,,,"Ong-Tich, Saïgon : entrepreneur de BTP, fabricant de matériaux de construction, transporteur et roi de l'immobilier"
inde-indochine-opinion-saigon-d38115,https://entreprises-coloniales.fr/inde-indochine/Opinion-Saigon.pdf,company,Société Indochinoise d'Informations,"Imprimerie, presse, édition",Indochine,Indochine,,,"Indochinoise d'Informations (Société), Saïgon"
inde-indochine-opium-assassinat-noel-c5b0b5,https://entreprises-coloniales.fr/inde-indochine/Opium-assassinat-Noel.pdf,company,"Maurice Alexis, pilote du port d'Haïphong, et l'assassinat du douanier Noël sur fond de contrebande d'opium",Autres industries alimentaires,Indochine,Indochine,1927,,"Maurice Alexis, pilote du port d'Haïphong, et l'assassinat du douanier Noël sur fond de contrebande d'opium (1927)"
inde-indochine-opium-au-laos-d376bd,https://entreprises-coloniales.fr/inde-indochine/Opium_au_Laos.pdf,company,L'opium au Laos,Autres industries alimentaires,Indochine,Indochine,,,L'opium au Laos
inde-indochine-opium-barbaud-ripou-334451,https://entreprises-coloniales.fr/inde-indochine/Opium-Barbaud-ripou.pdf,company,"Barbaud, chef ripou de la Brigade spéciale de répression de la contrebande d'opium au Tonkin",Autres industries alimentaires,Indochine,Indochine,1931,,"Barbaud, chef ripou de la Brigade spéciale de répression de la contrebande d'opium au Tonkin (1931)"
inde-indochine-opium-debats-nocivite-9135ef,https://entreprises-coloniales.fr/inde-indochine/Opium-debats_nocivite.pdf,company,Débats sur la nocivité de l'opium,Autres industries alimentaires,Indochine,Indochine,,,Débats sur la nocivité de l'opium
inde-indochine-opium-fumeries-daf4ea,https://entreprises-coloniales.fr/inde-indochine/Opium-fumeries.pdf,company,Fumeries,Autres industries alimentaires,Indochine,Indochine,,,Fumeries : prépondérance des Chinois. Interdits et limitations. Exonération de la patente. Vente de quinine
inde-indochine-opium-fumeries-saigon-cholon-3a4ac7,https://entreprises-coloniales.fr/inde-indochine/Opium-fumeries-Saigon-Cholon.pdf,company,Fumeries de Saïgon et Cholon,Autres industries alimentaires,Indochine,Indochine,,,"Fumeries de Saïgon et Cholon : liste, clients douteux, vols, violences, morts d'hommes, infractions des tenanciers, bouillerie et fumeries clandestines"
inde-indochine-opium-manufacture-saigon-93017b,https://entreprises-coloniales.fr/inde-indochine/Opium-Manufacture-Saigon.pdf,company,La Manufacture d'opium de la rue Paul-Blanchy,Autres industries alimentaires,Indochine,Indochine,,,"La Manufacture d'opium de la rue Paul-Blanchy, Saïgon"
inde-indochine-opium-recettes-fiscales-552977,https://entreprises-coloniales.fr/inde-indochine/Opium-recettes_fiscales.pdf,company,Part décroissante de l'opium dans les recettes du budget de l'Indochine,Autres industries alimentaires,Indochine,Indochine,,,Part décroissante de l'opium dans les recettes du budget de l'Indochine
inde-indochine-opium-saint-mathurin-dcbffb,https://entreprises-coloniales.fr/inde-indochine/Opium-Saint-Mathurin.pdf,company,"Saint-Mathurin, fermier de l'opium au Tonkin et en Annam . — Société fermière de l'opium au Tonkin",Autres industries alimentaires,Indochine,Indochine,1888,1893,"Saint-Mathurin (René de), fermier de l'opium au Tonkin et en Annam (1888-1893). — Société fermière de l'opium au Tonkin"
inde-indochine-opium-segassie-telesio-068e45,https://entreprises-coloniales.fr/inde-indochine/Opium-Segassie_Telesio.pdf,company,"Ségassié et Télésio, fermiers de l'opium en Cochinchine",Autres industries alimentaires,Indochine,Indochine,1862,1864,"Ségassié et Télésio, fermiers de l'opium en Cochinchine (1862-1864)"
inde-indochine-opium-suicides-469d85,https://entreprises-coloniales.fr/inde-indochine/Opium-suicides.pdf,company,Suicides et tentatives de suicide à l'opium en Cochinchine,Autres industries alimentaires,Indochine,Indochine,,,Suicides et tentatives de suicide à l'opium en Cochinchine (d'après « L'Écho annamite » et autres organes)
inde-indochine-opium-theard-corruption-d7b4c4,https://entreprises-coloniales.fr/inde-indochine/Opium-Theard_corruption.pdf,company,L'ingénieur René Théard arrêté pour tentative de corruption du directeur des Douanes et régies,Autres industries alimentaires,Indochine,Indochine,1922,,"L'ingénieur René Théard (SACM, Haïphong) arrêté pour tentative de corruption du directeur des Douanes et régies (1922)"
inde-indochine-opium-vandelet-dussutour-f5ec07,https://entreprises-coloniales.fr/inde-indochine/Opium-Vandelet_Dussutour.pdf,company,"Vandelet, Dussutour et Faraut, fermiers de l'opium au Cambodge",Autres industries alimentaires,Indochine,Indochine,1881,1884,"Vandelet, Dussutour et Faraut, fermiers de l'opium au Cambodge (1881-1884)"
inde-indochine-optorg-1919-1954-d10ea5,https://entreprises-coloniales.fr/inde-indochine/Optorg_1919-1954.pdf,company,Optorg,Commerce,Indochine,Indochine,1919,1954,Optorg (1919-1954) : de l'URSS à l'Indochine
inde-indochine-optorg-1954-1981-4d8dcf,https://entreprises-coloniales.fr/inde-indochine/Optorg_1954-1981.pdf,company,Optorg,Commerce,Indochine,Indochine,1954,1981,Optorg (1954-1981) : redéploiement en Afrique
inde-indochine-optorg-1981-1988-370c56,https://entreprises-coloniales.fr/inde-indochine/Optorg_1981-1988.pdf,company,Optorg,Commerce,Indochine,Indochine,1981,1988,Optorg (1981-1988) : dans l'orbite de Suez
inde-indochine-optorg-1988-1993-79fbca,https://entreprises-coloniales.fr/inde-indochine/Optorg_1988-1993.pdf,company,Optorg,Commerce,Indochine,Indochine,1988,1993,Optorg (1988-1993) : règne de Gilbert Salomon et Michel Doumeng
inde-indochine-optorg-1993-7fd3e5,https://entreprises-coloniales.fr/inde-indochine/Optorg_1993-_.pdf,company,Optorg,Commerce,Indochine,Indochine,1993,,Optorg (1993- ) : dans l'orbite de l'Omnium nord-africain
inde-indochine-oscar-berquet-1865-1937-e8f7a8,https://entreprises-coloniales.fr/inde-indochine/Oscar_Berquet_1865-1937.pdf,person,Berquet,Héveas et caoutchouc,Indochine,Indochine,,,Berquet (Oscar)(1865-1937) : un fonctionnaire dans les hévéas
inde-indochine-ottosky-imprimeur-peintre-f05a3d,https://entreprises-coloniales.fr/inde-indochine/Ottosky_imprimeur_peintre.pdf,company,"Ottosky, imprimeur et peintre","Artistes peintres, sculpteurs et galeries",Indochine,Indochine,,,"Ottosky, imprimeur et peintre : expositions Hanoï 1941, Saïgon 1946"
inde-indochine-outillage-port-saigon-6c848c,https://entreprises-coloniales.fr/inde-indochine/Outillage_port_Saigon.pdf,company,Société pour l'Outillage du port de Saïgon-Cholon,"Transports fluviaux, maritimes et aériens. Ports, phares",Indochine,Indochine,1930,1934,Outillage du port de Saïgon-Cholon (Société pour l')(1930-1934)
inde-indochine-oversea-chinese-banking-95929d,https://entreprises-coloniales.fr/inde-indochine/Oversea_Chinese_Banking.pdf,company,Oversea Chinese Banking Corporation Limited,"Banque, gérance, assurances…",Indochine,Indochine,,,"Oversea Chinese Banking Corporation Limited, Haiphong"
inde-indochine-p-canque-co-phuc-9588ce,https://entreprises-coloniales.fr/inde-indochine/P._Canque-Co-Phuc.pdf,company,"Canque, Cô-Phuc","Café, thé, épices, coco, quinquina, vanille",Indochine,Indochine,,,"Canque (Pierre), Cô-Phuc (Yên-Bay) : riz, café, thé"
inde-indochine-pachod-freres-indochine-a23614,https://entreprises-coloniales.fr/inde-indochine/Pachod_freres-Indochine.pdf,company,Pachod frères et Cie d'Indochine,Commerce,Indochine,Indochine,,,"Pachod frères et Cie d'Indochine, Saïgon, Hanoï : nouveautés, mercerie, quincaillerie, droguerie, cycles…"
inde-indochine-padang-caoutchoucs-47e056,https://entreprises-coloniales.fr/inde-indochine/Padang-caoutchoucs.pdf,company,Compagnie des Caoutchoucs de Padang,Héveas et caoutchouc,Indochine,Indochine,,,Caoutchoucs de Padang (Compagnie des) : Domaine Central à Phu-Hung (Cochinchine)
inde-indochine-pakse-bungalow-0e5508,https://entreprises-coloniales.fr/inde-indochine/Pakse-Bungalow.pdf,company,Bungalow,"Hôtellerie, tourisme",Indochine,Indochine,,,"Bungalow, Paksé"
inde-indochine-pakse-laos-1944-5d4dee,https://entreprises-coloniales.fr/inde-indochine/Pakse_Laos-1944.pdf,company,La province de Paksé par Claude Perrens,"Imprimerie, presse, édition",Indochine,Indochine,,,La province de Paksé (Laos) par Claude Perrens (31 août 1944)
inde-indochine-paksong-bolovens-99ca71,https://entreprises-coloniales.fr/inde-indochine/Paksong_Bolovens.pdf,company,"Paksong, station d'altitude… en puissance. L'Auberge du Pirate","Hôtellerie, tourisme",Indochine,Indochine,,,"Paksong (Bolovens), station d'altitude… en puissance. L'Auberge du Pirate"
inde-indochine-palco-benthuy-0c5d0a,https://entreprises-coloniales.fr/inde-indochine/Palco-Benthuy.pdf,company,Abattoirs et frigorifiques Palco,"Élevage, abattage, boucherie",Indochine,Indochine,,,"Abattoirs et frigorifiques Palco (Lapicque), Bênthuy (Nord-Annam)"
inde-indochine-paludisme-indochine-087632,https://entreprises-coloniales.fr/inde-indochine/Paludisme_Indochine.pdf,company,Paludisme,Santé,Indochine,Indochine,,,"Paludisme : rôle des Instituts Pasteur d'Indochine, spécificités régionales (1931-1933)"
inde-indochine-papeterie-en-indochine-1927-d57ec7,https://entreprises-coloniales.fr/inde-indochine/Papeterie_en_Indochine-1927.pdf,company,"La Papeterie en Indochine, par Marc Birot. Suivi de Renseignements sur l'industrie et e commerce des papiers en Chine.","Bois, meubles, papier, allumettes",Indochine,Indochine,1927,,"Papeterie en Indochine (La)(1927), par Marc Birot. Suivi de Renseignements sur l'industrie et e commerce des papiers en Chine."
inde-indochine-papeterie-schneider-82049a,https://entreprises-coloniales.fr/inde-indochine/Papeterie_Schneider.pdf,company,Papeterie F.-H. Schneider,"Bois, meubles, papier, allumettes",Indochine,Indochine,,,"Papeterie F.-H. Schneider, Hanoï"
inde-indochine-papindo-b5374e,https://entreprises-coloniales.fr/inde-indochine/Papindo.pdf,company,Papeteries de l’Indochine,"Bois, meubles, papier, allumettes",Indochine,Indochine,1913,,"Papeteries de l’Indochine (S.A., 1913), Vietri, Dap-cau"
inde-indochine-parapluies-revel-aadecb,https://entreprises-coloniales.fr/inde-indochine/Parapluies_Revel.pdf,company,Parapluies Revel,Cuirs et textiles,Indochine,Indochine,,,"Parapluies Revel, Lyon, Hanoï, Haïphong"
inde-indochine-passignat-confection-hanoi-44b1cd,https://entreprises-coloniales.fr/inde-indochine/Passignat-confection-Hanoi.pdf,company,Passignat,Cuirs et textiles,Indochine,Indochine,,,"Passignat (Marcel), Hanoï : confection"
inde-indochine-passignat-la-perle-hanoi-6b6c28,https://entreprises-coloniales.fr/inde-indochine/Passignat-La_Perle-Hanoi.pdf,company,"La Perle, antiquités-décoration",Commerce,Indochine,Indochine,1938,,"Perle (La)(Marcel Passignat et ses fils Max et André), antiquités-décoration, Hanoï, puis (1938) Saïgon"
inde-indochine-pathe-tournages-indochine-fc52c3,https://entreprises-coloniales.fr/inde-indochine/Pathe_tournages_Indochine.pdf,company,Pathé Consortium,Cinémas et théâtres de l'Indochine (du nord au sud),Indochine,Indochine,,,"Pathé Consortium : tournages de propagande en Indochine (1926-1927, 1928-1929, 1930)"
inde-indochine-patisserie-biettron-hanoi-e7876d,https://entreprises-coloniales.fr/inde-indochine/Patisserie_Biettron-Hanoi.pdf,company,Pâtisserie Biettron,Commerce,Indochine,Indochine,,,"Pâtisserie Biettron, Hanoï : Étienne Biettron (1), Joseph Chézeaux, Étienne Biettron (2), veuve Gravel, famille Tardieu"
inde-indochine-patronage-laique-cochinchinois-2d2eef,https://entreprises-coloniales.fr/inde-indochine/Patronage_laique-cochinchinois.pdf,company,Patronage laïque cochinchinois,"Enseignement, recherche, sociétés savantes, musées…",Indochine,Indochine,,,"Patronage laïque cochinchinois : sports, jeux, bibliothèques, excursions, colonies de vacances"
inde-indochine-paul-albert-cai-vong-bc7599,https://entreprises-coloniales.fr/inde-indochine/Paul-Albert-Cai-vong.pdf,company,"Albert, Cai-vong","Café, thé, épices, coco, quinquina, vanille",Indochine,Indochine,,,"Albert (Paul), Cai-vong (Tuyên-quang)"
inde-indochine-paul-albert-jam-vinh-4caf26,https://entreprises-coloniales.fr/inde-indochine/Paul-Albert_Jam-Vinh.pdf,person,Jam,"Bois, meubles, papier, allumettes",Indochine,Indochine,,,"Jam (Paul-Albert)(1878-1936), Vinh : marchand de bois"
inde-indochine-paul-canavaggio-c4adcd,https://entreprises-coloniales.fr/inde-indochine/Paul_Canavaggio.pdf,company,"Canavaggio, chapellerie, chaussures, chemiserie, rue Catinat",Commerce,Indochine,Indochine,,,"Canavaggio (Paul), chapellerie, chaussures, chemiserie, rue Catinat, Saïgon"
inde-indochine-paul-chauvet-1904-2007-db9179,https://entreprises-coloniales.fr/inde-indochine/Paul_Chauvet_1904-2007.pdf,source_document,"Chauvet, l'insubmersible",Documents généraux (par ordre chronologique),Indochine,Indochine,1904,2007,"Chauvet (Paul)(1904-2007), l'insubmersible : administrateur civil au Tonkin sous la IIIe République, chantre de la Révolution nationale sous Vichy, gouverneur des colonies sous la IVe, homme d'affaires sous la Ve"
inde-indochine-paul-chauvin-curiosites-5f801c,https://entreprises-coloniales.fr/inde-indochine/Paul_Chauvin_Curiosites.pdf,company,"Chauvin, Saïgon, rue Catinat, 81",Commerce,Indochine,Indochine,,,"Chauvin (Paul)(Đức Thịnh Chauvin), Saïgon, rue Catinat, 81 : boutique de curiosités, artisanat d'art indochinois, bibelots, sellettes…"
inde-indochine-paul-couadou-b6ba7d,https://entreprises-coloniales.fr/inde-indochine/Paul_Couadou.pdf,company,Couadou,"Imprimerie, presse, édition",Indochine,Indochine,,,"Couadou (Paul), Toulon : photographe, éditeur de cartes postales sur le Tonkin (1905-1913), par Caroline Requet (2022)"
inde-indochine-paul-lauthier-haiphong-33c527,https://entreprises-coloniales.fr/inde-indochine/Paul_Lauthier-Haiphong.pdf,person,Lauthier,"Transports fluviaux, maritimes et aériens. Ports, phares",Indochine,Indochine,,,"Lauthier (Paul), Haïphong : commissionnaire en douane, transitaire, commerçant, assureur"
inde-indochine-paul-monet-jauniers-a6a4b5,https://entreprises-coloniales.fr/inde-indochine/Paul_Monet-Jauniers.pdf,company,"Monet, Les Jauniers, Paris, Gallimard, 1930",Recruteurs de main-d'œuvre (engagistes),Indochine,Indochine,,,"Monet (Paul), Les Jauniers, Paris, Gallimard, 1930"
inde-indochine-paul-rey-hanoi-5c2327,https://entreprises-coloniales.fr/inde-indochine/Paul_Rey-Hanoi.pdf,company,Rey,"Bâtiment-travaux publics, matériaux de construction, céramiques",Indochine,Indochine,,,"Rey, Haïphong : entrepreneur (ca 1891-1898)"
inde-indochine-paul-simoni-1863-1931-1930c0,https://entreprises-coloniales.fr/inde-indochine/Paul_Simoni_1863-1931.pdf,person,Simoni,Groupes indochinois et dirigeants d'affaires diverses,Indochine,Indochine,,,Simoni (Paul)(1863-1931) : ancien résident supérieur au Tonkin reconverti dans les affaires
inde-indochine-paullussen-photo-saigon-437d7d,https://entreprises-coloniales.fr/inde-indochine/Paullussen_photo-Saigon.pdf,company,Paullussen,"Imprimerie, presse, édition",Indochine,Indochine,,,"Paullussen (Auguste)(et non « Paulussen »), Saïgon : photographe"
inde-indochine-pecheries-et-nuoc-mam-fded1a,https://entreprises-coloniales.fr/inde-indochine/Pecheries_et_nuoc-mam.pdf,company,"Société des Pêcheries et nuoc-mam du Tonkin, Hanoï, Do-Hai",Pêche et produits de la mer,Indochine,Indochine,1925,1928,"Pêcheries et nuoc-mam du Tonkin (Société des)(1925-1928), Hanoï, Do-Hai"
inde-indochine-pecheries-indochinoises-paumier-957913,https://entreprises-coloniales.fr/inde-indochine/Pêcheries_indochinoises_Paumier.pdf,company,Pêcheries indochinoises J. Paumier et Compagnie,Pêche et produits de la mer,Indochine,Indochine,1930,,"Pêcheries indochinoises J. Paumier et Compagnie (Sarl, 1930), Saïgon"
inde-indochine-pecheries-industrielles-mers-chine-0565f2,https://entreprises-coloniales.fr/inde-indochine/Pecheries_industrielles_mers_Chine.pdf,company,Pêcheries industrielles des mers de Chine,Pêche et produits de la mer,Indochine,Indochine,1922,,"Pêcheries industrielles des mers de Chine (S.A., 1922), Saïgon"
inde-indochine-pees-chazeau-hanoi-3f41a8,https://entreprises-coloniales.fr/inde-indochine/Pees-Chazeau-Hanoi.pdf,company,Pées et Chazeau,"Bâtiment-travaux publics, matériaux de construction, céramiques",Indochine,Indochine,,,"Pées et Chazeau, Hanoï"
inde-indochine-pelissier-tourane-4c2330,https://entreprises-coloniales.fr/inde-indochine/Pelissier-Tourane.pdf,person,Pélissier,Commerce,Indochine,Indochine,,,"Pélissier (Albert), Tourane : coiffeur, photographe, éditeur de cartes postales, puis marchand de nouveautés et planteur de café"
inde-indochine-pellas-et-cie-396d6e,https://entreprises-coloniales.fr/inde-indochine/Pellas_et_Cie.pdf,company,Société Virgile Pellas et Cie,Commerce,Indochine,Indochine,,,Pellas et Cie (Société Virgile)
inde-indochine-pellas-systel-f2413a,https://entreprises-coloniales.fr/inde-indochine/Pellas-Systel.pdf,company,Pellas,"Rizières, rizeries, négoce de riz et autres céréales",Indochine,Indochine,,,"Pellas (Marc) : des rizeries aux systèmes d'appels d'urgence (Systel à Aytré, près La Rochelle)"
inde-indochine-perignon-nha-trang-18c84b,https://entreprises-coloniales.fr/inde-indochine/Perignon-Nha-trang.pdf,company,"Pérignon, Nha-trang","Rizières, rizeries, négoce de riz et autres céréales",Indochine,Indochine,1865,1935,"Pérignon (Baron Paul)(1865-1935), Nha-trang"
inde-indochine-perpere-phanthiet-6820f5,https://entreprises-coloniales.fr/inde-indochine/Perpere-Phanthiet.pdf,company,"Compagnie Électrique du Sud-Indochinois, puis Sud-Indochinois, Saïgon, Phan-Thiêt","Eau et assainissement, électricité (Utilities)",Indochine,Indochine,,,"Électrique du Sud-Indochinois (Compagnie)(Perpère & Cie), puis Sud-Indochinois (Compagnie du), Saïgon, Phan-Thiêt"
inde-indochine-perrin-claudius-saigon-b465bc,https://entreprises-coloniales.fr/inde-indochine/Perrin_Claudius-Saigon.pdf,company,Perrin,Transports terrestres et garages,Indochine,Indochine,,,"Perrin (Claudius) : Grand Garage Central, rue d'Espagne à Saïgon (Renault et de Dion-Bouton), puis Garage Claudius Perrin, Saïgon (bd Charner) : transports en commun, scierie. Et Dalat : garage du Langbian, Société des transports automobiles du Langbian (STAL)"
inde-indochine-perrin-freres-mines-a0b826,https://entreprises-coloniales.fr/inde-indochine/Perrin-freres-Mines.pdf,company,Perrin frères,Mines,Indochine,Indochine,,,Perrin frères : exploitants miniers au Tonkin
inde-indochine-perrin-freres-tuyen-quang-2eabba,https://entreprises-coloniales.fr/inde-indochine/Perrin_freres-Tuyen-Quang.pdf,company,Perrin frères,"Café, thé, épices, coco, quinquina, vanille",Indochine,Indochine,,,"Perrin frères (Joseph, Louis, Léon), Tuyên-Quang : café, thé, citronelle, riz…"
inde-indochine-petards-annamites-tho-quan-92b4a8,https://entreprises-coloniales.fr/inde-indochine/Petards_annamites_Tho-Quan.pdf,company,Fabrique de pétards annamites de Tho-Quan,Industries diverses,Indochine,Indochine,,,"Fabrique de pétards annamites de Tho-Quan, Hanoï : son explosion (1927)"
inde-indochine-peyrot-propagande-1928-fe3cbe,https://entreprises-coloniales.fr/inde-indochine/Peyrot-Propagande_1928.pdf,source_document,Peyrot,Documents généraux (par ordre chronologique),Indochine,Indochine,,,"Peyrot (Gaston) : « Marche immobile » (1928) : piètre propagande de la Ligue maritime et coloniale en France, piètre image de la France auprès des Indochinois"
inde-indochine-pfeiffer-saigon-1cf79e,https://entreprises-coloniales.fr/inde-indochine/Pfeiffer-Saigon.pdf,company,Pfeiffer,Commerce,Indochine,Indochine,,,"Pfeiffer (A.), Saïgon"
inde-indochine-phan-van-ngoi-camau-7e2d3b,https://entreprises-coloniales.fr/inde-indochine/Phan-van-Ngoi-Camau.pdf,company,"Dr Phan-van-Ngoi, médecin auxiliaire à Camau",Santé,Indochine,Indochine,,,"Dr Phan-van-Ngoi, médecin auxiliaire à Camau : une démission amère (1924)"
inde-indochine-phanthiet-hotel-b91041,https://entreprises-coloniales.fr/inde-indochine/Phanthiet_Hotel.pdf,company,Hôtel,"Hôtellerie, tourisme",Indochine,Indochine,,,"Hôtel, Phanthiêt"
inde-indochine-phanthiet-hotel-ngoc-lam-9fa82a,https://entreprises-coloniales.fr/inde-indochine/Phanthiet_Hotel_Ngoc_Lam.pdf,company,"Hôtel Ngoc-Lam, près Phanthiêt","Hôtellerie, tourisme",Indochine,Indochine,,,"Hôtel Ngoc-Lam (Valère Guéry), près Phanthiêt"
inde-indochine-pharaon-coudoux-e5b072,https://entreprises-coloniales.fr/inde-indochine/Pharaon_Coudoux.pdf,company,"Coudoux et descendants, Voi-bo, Dao-Nguyên, Dônh-Hap…","Café, thé, épices, coco, quinquina, vanille",Indochine,Indochine,,,"Coudoux (Pharaon J.-B.) et descendants, Voi-bo, Dao-Nguyên, Dônh-Hap… (Nord-Annam) : sergent, douanier, entrepreneur, planteur de café, éleveur… Leur résistance face au coup de force japonais de mars 1945"
inde-indochine-phare-de-hondau-a74f5b,https://entreprises-coloniales.fr/inde-indochine/Phare_de_Hondau.pdf,company,Phare de Hondau ou Hôn-Dâu,"Transports fluviaux, maritimes et aériens. Ports, phares",Indochine,Indochine,,,Phare de Hondau ou Hôn-Dâu (Tonkin)
inde-indochine-phare-de-tien-tcha-433b06,https://entreprises-coloniales.fr/inde-indochine/Phare_de_Tien-Tcha.pdf,company,Phare de Tien-Tcha,"Transports fluviaux, maritimes et aériens. Ports, phares",Indochine,Indochine,,,"Phare de Tien-Tcha, Tourane (Annam)"
inde-indochine-phare-des-iles-norway-dcdb57,https://entreprises-coloniales.fr/inde-indochine/Phare_des_iles_Norway.pdf,company,"Phare des îles Norway, au large d'Haïphong","Transports fluviaux, maritimes et aériens. Ports, phares",Indochine,Indochine,,,"Phare des îles Norway, au large d'Haïphong (1er juillet 1896)"
inde-indochine-phare-du-cap-st-jacques-860cb6,https://entreprises-coloniales.fr/inde-indochine/Phare_du_Cap-St-Jacques.pdf,company,Phare du cap Saint-Jacques,"Transports fluviaux, maritimes et aériens. Ports, phares",Indochine,Indochine,,,"Phare du cap Saint-Jacques (Vũng Tàu) : premier phare indochinois (1862), reconstruit sur un nouvel emplacement en 1910"
inde-indochine-phares-et-balises-indochine-daa3e6,https://entreprises-coloniales.fr/inde-indochine/Phares_et_balises_Indochine.pdf,company,Phares et balises,"Transports fluviaux, maritimes et aériens. Ports, phares",Indochine,Indochine,,,Phares et balises
inde-indochine-pharmacie-blanc-hanoi-4a2a00,https://entreprises-coloniales.fr/inde-indochine/Pharmacie_Blanc-Hanoi.pdf,company,Pharmacie française et étrangère de l'Indochine,Santé,Indochine,Indochine,,,"Pharmacie française et étrangère de l'Indochine, Hanoï : Reynaud & Blanc, Julien Blanc, Léopold Blanc, Louis Guillou"
inde-indochine-pharmacie-cao-saigon-782466,https://entreprises-coloniales.fr/inde-indochine/Pharmacie_Cao-Saigon.pdf,company,"Pharmacie Ng.-van-Cao, Saïgon, boulevard Bonard",Santé,Indochine,Indochine,,,"Pharmacie Ng.-van-Cao, Saïgon, boulevard Bonard"
inde-indochine-pharmacie-centrale-assistance-hanoi-b95209,https://entreprises-coloniales.fr/inde-indochine/Pharmacie_centrale_Assistance-Hanoi.pdf,company,Pharmacie centrale de l'Assistance médicale du Tonkin,Santé,Indochine,Indochine,,,"Pharmacie centrale de l'Assistance médicale du Tonkin (Établissement public), Hanoï"
inde-indochine-pharmacie-centrale-haiphong-d3278c,https://entreprises-coloniales.fr/inde-indochine/Pharmacie_centrale-Haiphong.pdf,company,Pharmacie centrale de l'Indochine,Santé,Indochine,Indochine,,,"Pharmacie centrale de l'Indochine, Haïphong : A.-J. Dewost (1885), Édouard Brousmiche (1896), Jean Le Roux (1913), Léon Bourguignon (1920), Émile Lafon et René Lacaze (1930), René Lagauzère (1931)"
inde-indochine-pharmacie-centrale-ic-hue-576246,https://entreprises-coloniales.fr/inde-indochine/Pharmacie_centrale_IC-Hue.pdf,company,Pharmacie centrale de l'Indochine,Santé,Indochine,Indochine,,,"Pharmacie centrale de l'Indochine, Hué : A.-J. Dewost, Ch. Bernard, Félix Imbert. Pharmacies annamites de Hué"
inde-indochine-pharmacie-centrale-tourane-f871ab,https://entreprises-coloniales.fr/inde-indochine/Pharmacie_centrale_Tourane.pdf,company,Pharmacie centrale d'approvisionnement de l'Annam,Santé,Indochine,Indochine,1926,,"Pharmacie centrale d'approvisionnement de l'Annam (Assistance médicale indigène), Hué, puis (1926) Tourane (Danang) : fabrication de quinine (ca 1934))"
inde-indochine-pharmacie-chassagne-hanoi-94b9fe,https://entreprises-coloniales.fr/inde-indochine/Pharmacie_Chassagne-Hanoi.pdf,company,Pharmacie Ed. Chassagne,Santé,Indochine,Indochine,,,"Pharmacie Ed. Chassagne, Hanoï : Edgard Chassagne (1910), Émile Lafon (1922), Émile Lafon et René Lacaze (1924)"
inde-indochine-pharmacie-coupard-haiphong-76c0f7,https://entreprises-coloniales.fr/inde-indochine/Pharmacie_Coupard-Haiphong.pdf,company,Pharmacie V. Coupard,Santé,Indochine,Indochine,,,"Pharmacie V. Coupard, Haïphong : Victor Coupard (1901), Alphonse Soulié (1928), Mme veuve Soulié (1932), Bui-dinh-Tu (1934)"
inde-indochine-pharmacie-dourdou-saigon-dd1e55,https://entreprises-coloniales.fr/inde-indochine/Pharmacie_Dourdou-Saigon.pdf,company,Pharmacie saïgonnaise,Santé,Indochine,Indochine,,,"Pharmacie saïgonnaise, Saïgon : Alexandre Dourdou"
inde-indochine-pharmacie-franco-annamite-marche-e2b002,https://entreprises-coloniales.fr/inde-indochine/Pharmacie_franco-annamite_Marche.pdf,company,"Pharmacie franco-annamite du Marché, Saïgon, rue d'Espagne",Santé,Indochine,Indochine,,,"Pharmacie franco-annamite du Marché, Saïgon, rue d'Espagne : Francis Ballot, Jean Léon Tournier"
inde-indochine-pharmacie-guegan-haiphong-aeb185,https://entreprises-coloniales.fr/inde-indochine/Pharmacie_Guegan-Haiphong.pdf,company,Pharmacie Guegan,Santé,Indochine,Indochine,,,"Pharmacie Guegan, Haïphong : Léonce Guegan (1931)"
inde-indochine-pharmacie-lourdeault-saigon-d9a129,https://entreprises-coloniales.fr/inde-indochine/Pharmacie_Lourdeault-Saigon.pdf,company,"Pharmacie Antony Lourdeault, Pharmacie française et indigène Victor Holbé, puis Gabriel Renoux, Pharmacie principale Louis Solirène, puis Émile Heumann",Santé,Indochine,Indochine,1865,,"Pharmacie Antony Lourdeault (1865), Pharmacie française et indigène Victor Holbé (1888), puis Gabriel Renoux, Pharmacie principale Louis Solirène (1919), puis Émile Heumann (1928), Saïgon"
inde-indochine-pharmacie-montes-hanoi-98f9e8,https://entreprises-coloniales.fr/inde-indochine/Pharmacie_Montes-Hanoi.pdf,company,Pharmacie Montés,Santé,Indochine,Indochine,,,"Pharmacie Montés, Hanoï : Edmond Montés (1910), Pierre Dromart (1922) : Pharmacie Dromart — Droguerie du Tonkin"
inde-indochine-pharmacie-mus-saigon-391923,https://entreprises-coloniales.fr/inde-indochine/Pharmacie_Mus-Saigon.pdf,company,Pharmacie Centrale,Santé,Indochine,Indochine,,,"Pharmacie Centrale, Saïgon : André Lê-ven-Vinh (1920), Joseph Mus (1922), René Bonniot (1934-1943), Henri Gamby"
inde-indochine-pharmacie-normale-saigon-5231b5,https://entreprises-coloniales.fr/inde-indochine/Pharmacie_Normale-Saigon.pdf,company,Pharmacie Normale,Santé,Indochine,Indochine,,,"Pharmacie Normale, Saïgon : François Bérenguier, Marien Molinier, Henri de Mari, Louis Sarreau, Jean Roux"
inde-indochine-pharmacie-ong-tien-bf25cc,https://entreprises-coloniales.fr/inde-indochine/Pharmacie_Ong-Tien.pdf,company,"Pharmacie sino-annamite Ông-Tiên, Saïgon et succursales dans toute l'Indochine",Santé,Indochine,Indochine,,,"Pharmacie sino-annamite Ông-Tiên, Saïgon et succursales dans toute l'Indochine"
inde-indochine-pharmacie-serra-hanoi-b55578,https://entreprises-coloniales.fr/inde-indochine/Pharmacie_Serra-Hanoi.pdf,company,"Pharmacie Émile Serra, Comptoir de photographie",Santé,Indochine,Indochine,,,"Pharmacie Émile Serra, Comptoir de photographie, Hanoï"
inde-indochine-pharmacie-speder-haiphong-a1719c,https://entreprises-coloniales.fr/inde-indochine/Pharmacie_Speder-Haiphong.pdf,company,Pharmacie-droguerie franco-tonkinoise,Santé,Indochine,Indochine,1896,1900,"Pharmacie-droguerie franco-tonkinoise (Henri Spéder)(1896-1900), Haïphong"
inde-indochine-pharmacie-tri-mytho-3945e8,https://entreprises-coloniales.fr/inde-indochine/Pharmacie_Tri-Mytho.pdf,company,Pharmacie franco-annamite,Santé,Indochine,Indochine,1926,,"Pharmacie franco-annamite, Mytho (1926) : Nguyên-van-Tri"
inde-indochine-pharmaciens-tourane-48e37c,https://entreprises-coloniales.fr/inde-indochine/Pharmaciens_Tourane.pdf,company,Pharmaciens à Tourane,Santé,Indochine,Indochine,,,"Pharmaciens à Tourane : A.-J. Dewost, Édouard Brousmiche, Edgard Chassagne, Fr.-Marie-Ch. Bernard, Pham doan Diêm"
inde-indochine-philco-radio-saigon-a45034,https://entreprises-coloniales.fr/inde-indochine/Philco-Radio-Saigon.pdf,company,Philco-Radio,"Télégraphe, téléphone, radio",Indochine,Indochine,,,"Philco-Radio, Saïgon"
inde-indochine-philharmonique-de-hanoi-e89b87,https://entreprises-coloniales.fr/inde-indochine/Philharmonique_de_Hanoi.pdf,company,Société Philharmonique de Hanoï,Cinémas et théâtres de l'Indochine (du nord au sud),Indochine,Indochine,1889,,Philharmonique de Hanoï (Société)(1889) : société musicale
inde-indochine-philharmonique-de-saigon-184e67,https://entreprises-coloniales.fr/inde-indochine/Philharmonique_de_Saigon.pdf,company,Société Philharmonique de Saïgon,Cinémas et théâtres de l'Indochine (du nord au sud),Indochine,Indochine,1880,,"Philharmonique de Saïgon (Société)(1880) : école (1923), puis conservatoire (1933) de musique"
inde-indochine-phosphates-d-extreme-orient-804a13,https://entreprises-coloniales.fr/inde-indochine/Phosphates_d_Extreme-Orient.pdf,company,Société des Phosphates d’Extrême-Orient,Mines,Indochine,Indochine,1946,,"Phosphates d’Extrême-Orient (Société des)(1946) : projet d'exploitation des phosphates de Lao-Kay. Suite de la Société d'exploitation des phosphates d'Indochine, consortium japonais"
inde-indochine-phosphates-de-lang-son-86fa1e,https://entreprises-coloniales.fr/inde-indochine/Phosphates_de_Lang-Son.pdf,company,Phosphates de Lang-Son,Mines,Indochine,Indochine,,,Phosphates de Lang-Son (Auguste Rétif)
inde-indochine-phosphates-des-paracels-ac2b70,https://entreprises-coloniales.fr/inde-indochine/Phosphates_des_Paracels.pdf,company,Phosphates des Paracels,Mines,Indochine,Indochine,,,Phosphates des Paracels : étude de Paul Maurice Clerget (X-Mines)(1931-1933)
inde-indochine-phosphates-du-thanh-hoa-a610c1,https://entreprises-coloniales.fr/inde-indochine/Phosphates_du_Thanh-Hoa.pdf,company,Phosphates du Thanh-Hoa,Mines,Indochine,Indochine,,,Phosphates du Thanh-Hoa
inde-indochine-phosphates-du-tonkin-sn-64943d,https://entreprises-coloniales.fr/inde-indochine/Phosphates_du_Tonkin_SN.pdf,company,"Société des Phosphates du Tonkin, puis Société nouvelle des)",Mines,Indochine,Indochine,1911,,"Phosphates du Tonkin (Société des)(1911), puis Société nouvelle des)(1924), Haïphong"
inde-indochine-photo-studio-gastaldy-22f0dc,https://entreprises-coloniales.fr/inde-indochine/Photo-Studio_Gastaldy.pdf,company,"Photo-Studio, puis Studio L.I.R.","Imprimerie, presse, édition",Indochine,Indochine,1926,1930,"Photo-Studio (Paul Gastaldy & Cie)(1926-1930), puis Studio L.I.R. (les Importateurs réunis), Saïgon : photographe et éditeur"
inde-indochine-phoukhoune-auberge-montagne-f4f28d,https://entreprises-coloniales.fr/inde-indochine/Phoukhoune-Auberge_montagne.pdf,company,"Auberge de montagne, Phoukhoune","Hôtellerie, tourisme",Indochine,Indochine,,,"Auberge de montagne, Phoukhoune"
inde-indochine-phu-lang-thuong-darnaud-4d5876,https://entreprises-coloniales.fr/inde-indochine/Phu-lang-Thuong-Darnaud.pdf,company,Hôtel Darnaud,"Hôtellerie, tourisme",Indochine,Indochine,,,"Hôtel Darnaud, Phu-lang-Thuong"
inde-indochine-phu-lang-thuong-lang-son-ca7ba5,https://entreprises-coloniales.fr/inde-indochine/Phu-Lang-Thuong_Lang-son.pdf,company,Chemin de fer de Phu-lang-thuong à Lang-son,Transports terrestres et garages,Indochine,Indochine,1889,1894,"Chemin de fer de Phu-lang-thuong à Lang-son (1889-1894) : voie de 0,60 m"
inde-indochine-phu-lien-0ed15f,https://entreprises-coloniales.fr/inde-indochine/Phu-lien.pdf,company,Port fluvial de Phu-liên,"Transports fluviaux, maritimes et aériens. Ports, phares",Indochine,Indochine,,,Phu-liên (Port fluvial de) : amont d'Haïphong
inde-indochine-phu-quoc-1908-1932-9838ca,https://entreprises-coloniales.fr/inde-indochine/Phu-Quoc_1908-1932.pdf,company,Phu-Quoc,Héveas et caoutchouc,Indochine,Indochine,1908,1932,Phu-Quoc (S.A. d'exploitation de)(1908-1932)
inde-indochine-phuoc-hoa-caout-87f955,https://entreprises-coloniales.fr/inde-indochine/Phuoc-Hoa_Caout.pdf,company,Les Caoutchoucs de Phuôc-Hoà,Héveas et caoutchouc,Indochine,Indochine,1918,,Caoutchoucs de Phuôc-Hoà (Les)(1918)
inde-indochine-pia-ouac-est-b30fed,https://entreprises-coloniales.fr/inde-indochine/Pia-Ouac_Est.pdf,company,Société des Mines d'étain et Wolfram du Pia-Ouac Est,Mines,Indochine,Indochine,,,Mines d'étain et Wolfram du Pia-Ouac Est (Société des)
inde-indochine-piastre-indochinoise-37a439,https://entreprises-coloniales.fr/inde-indochine/Piastre_indochinoise.pdf,source_document,La piastre indochinoise,Le système monétaire indochinois,Indochine,Indochine,,,"La piastre indochinoise : la piastre mexicaine, premiers billets de banque (1876), la piastre de commerce française (étalon argent)(1885), fin du cours légal de la piastre mexicaine (31 déc. 1904), la piastre à 10 francs (étalon or)(31 mai 1930), dévaluation du franc et suspension de a libre convertibilité en or (1er octobre 1936), la piastre à 17 francs (26 déc. 1945), à 10 francs (11 mai 1953). Le trafic des piastres vu par Jacques Despuech, Le Trafic des piastres (1953)(p. 43-111) et Marc Meuleau (349 p.)"
inde-indochine-pidic-e99549,https://entreprises-coloniales.fr/inde-indochine/PIDIC.pdf,company,"Pêcheries industrielles de l'Indochine, Saïgon. Puis Compagnie de chalutage de l'Indochine",Pêche et produits de la mer,Indochine,Indochine,1926,,"Pêcheries industrielles de l'Indochine (PIDIC)(S.A., 1926), Saïgon. Puis Compagnie de chalutage de l'Indochine"
inde-indochine-pierre-etourneau-ostreiculteur-4fbbe8,https://entreprises-coloniales.fr/inde-indochine/Pierre_Etourneau_ostreiculteur.pdf,company,Étourneau,Pêche et produits de la mer,Indochine,Indochine,,,Étourneau (Pierre) : ostréiculteur en baie d'Along (1935-1938). L'ostréiculture au Tonkin
inde-indochine-pierre-filhol-cuchi-315b0b,https://entreprises-coloniales.fr/inde-indochine/Pierre_Filhol_Cuchi.pdf,company,"Filhol, planteur à Bên-Muong, Cuchi",Héveas et caoutchouc,Indochine,Indochine,,,"Filhol (Pierre), planteur à Bên-Muong, Cuchi (Cu-chi)"
inde-indochine-pierre-girardot-hanoi-77a089,https://entreprises-coloniales.fr/inde-indochine/Pierre_Girardot-Hanoi.pdf,company,"Française Industrielle et Commerciale, Thai-Ha-Ap, Hadong",Cuirs et textiles,Indochine,Indochine,1930,1934,"Française Industrielle et Commerciale (Société anonyme)(1930-1934), Thai-Ha-Ap (Hanoï), Hadong : dentelles"
inde-indochine-pierre-guesde-1870-1955-590b38,https://entreprises-coloniales.fr/inde-indochine/Pierre_Guesde_1870-1955.pdf,person,Guesde,Groupes indochinois et dirigeants d'affaires diverses,Indochine,Indochine,,,Guesde (Pierre)(1870-1955) : résident supérieur reconverti dans les affaires. Un groupe à lui seul
inde-indochine-pierre-lamotte-bac-noi-8183ad,https://entreprises-coloniales.fr/inde-indochine/Pierre_Lamotte-Bac-Noi.pdf,company,"Lamothe, Bac-Nôi","Café, thé, épices, coco, quinquina, vanille",Indochine,Indochine,,,"Lamothe (Pierre), Bac-Nôi (Hai-duong) : café, élevage, riz"
inde-indochine-pierre-millous-3f6a2e,https://entreprises-coloniales.fr/inde-indochine/Pierre_Millous.pdf,person,Millous,Santé,Indochine,Indochine,,,"Millous (Dr Pierre)(Marseille, 1881-Neuilly, 1966) : il sert notamment en Annam et en Cochicnhine et termine sa carrière comme médecin général, directeur de la santé des troupes en Indochine"
inde-indochine-pierre-singaravelou-risible-3152b5,https://entreprises-coloniales.fr/inde-indochine/Pierre_Singaravelou_risible.pdf,source_document,"Pierre Singaravélou, professeur au King's College de Londres et à Paris I Panthéon-Sorbonne, décolonialiste risible",Le système monétaire indochinois,Indochine,Indochine,,,"Pierre Singaravélou, professeur au King's College de Londres et à Paris I Panthéon-Sorbonne, décolonialiste risible : l'exemple des billets de banque"
inde-indochine-pila-malon-projet-tourane-19a102,https://entreprises-coloniales.fr/inde-indochine/Pila&Malon-Projet_Tourane.pdf,company,Pila et Malon,"Transports fluviaux, maritimes et aériens. Ports, phares",Indochine,Indochine,,,"Pila (Ulysse) et Malon (Jean-Baptiste) : Projet de constitution de société : port de Tourane, mine de Nong-son. Plans et illustrations (Lyon, 1899, 74 p.)"
inde-indochine-piovano-sitef-eafdbf,https://entreprises-coloniales.fr/inde-indochine/Piovano-SITEF.pdf,company,Piovano et la Société indochinoise de transports et d'exploitation forestière,Transports terrestres et garages,Indochine,Indochine,,,"Piovano (Ferdinand) et la Société indochinoise de transports et d'exploitation forestière (SITEF), Hanoï, Phu-Lang-Thuong"
inde-indochine-pirogues-a-moteur-75658d,https://entreprises-coloniales.fr/inde-indochine/Pirogues_à_moteur.pdf,company,Premières pirogues à moteur à explosion sur le Haut-Mékong et la rivière Noire,"Transports fluviaux, maritimes et aériens. Ports, phares",Indochine,Indochine,,,Premières pirogues à moteur à explosion sur le Haut-Mékong et la rivière Noire
inde-indochine-piste-bu-dop-ban-me-thuot-7c2a19,https://entreprises-coloniales.fr/inde-indochine/piste_Bu-Dop_Ban-me-Thuot.pdf,company,Pays moï,Transports terrestres et garages,Indochine,Indochine,,,Pays moï : piste Bu-Dop—Ban-mé-Thuot. Assassinats du délégué administratif Gatille (26 mai 1931) et du gendarme Morère (25 octobre 1933). Photos inédites
inde-indochine-pl-reunies-de-mimot-b0ce58,https://entreprises-coloniales.fr/inde-indochine/Pl._reunies_de_Mimot.pdf,company,Mimot,Héveas et caoutchouc,Indochine,Indochine,,,"Mimot (Sociét indochinoise des plantations de —, puis Plantations réunies de Mimot)"
inde-indochine-plages-de-baria-804ca6,https://entreprises-coloniales.fr/inde-indochine/Plages_de_Baria.pdf,company,Comité d'initiative des plages de Baria,"Hôtellerie, tourisme",Indochine,Indochine,,,"Comité d'initiative des plages de Baria : Long-Hai, Nuoc-Ngot"
inde-indochine-plan-saigon-1952-4c5866,https://entreprises-coloniales.fr/inde-indochine/Plan_Saigon_1952.pdf,source_document,Plan de Saïgon-Cholon en haute définition,Documents généraux (par ordre chronologique),Indochine,Indochine,1952,,Plan de Saïgon-Cholon en haute définition (1952)
inde-indochine-plant-brizon-dong-tac-57e7b8,https://entreprises-coloniales.fr/inde-indochine/Plant._Brizon_Dong-tac.pdf,company,"Plantation Alexandre Brizon, Dong-tac",Héveas et caoutchouc,Indochine,Indochine,,,"Brizon (Plantation Alexandre), Dong-tac"
inde-indochine-plant-caout-cochinchine-9f639d,https://entreprises-coloniales.fr/inde-indochine/Plant._caout._Cochinchine.pdf,company,Cochinchine ou Plantations de caoutchouc de Cochinchine,Héveas et caoutchouc,Indochine,Indochine,1912,1924,Cochinchine (S.A. des Plantations de caoutchoucs de)(1912-1924) ou Plantations de caoutchouc de Cochinchine
inde-indochine-plant-de-kratie-f55f96,https://entreprises-coloniales.fr/inde-indochine/Plant._de_Kratie.pdf,company,Société des plantations de Kratié au Cambodge,Héveas et caoutchouc,Indochine,Indochine,1927,,"Kratié (Société des plantations de)(SPK)(S.A., 1927) au Cambodge"
inde-indochine-plant-indoch-the-ab1eee,https://entreprises-coloniales.fr/inde-indochine/Plant._indoch._the.pdf,company,"Plantations indochinoises de thé, L'Arbre-Broyé","Café, thé, épices, coco, quinquina, vanille",Indochine,Indochine,1933,,"Plantations indochinoises de thé (PIT)(S.A., 1933), L'Arbre-Broyé"
inde-indochine-plantation-bez-giadinh-9f6fea,https://entreprises-coloniales.fr/inde-indochine/Plantation_Bez-Giadinh.pdf,person,Bez,Héveas et caoutchouc,Indochine,Indochine,,,Bez (Henri-Étienne)(1891-1958) : maître de port et planteur de caoutchouc à Giadinh
inde-indochine-plantation-boy-landry-bobla-5671fc,https://entreprises-coloniales.fr/inde-indochine/Plantation_Boy_Landry-Bobla.pdf,company,"Plantation Boy Landry, Bobla","Café, thé, épices, coco, quinquina, vanille",Indochine,Indochine,,,"Plantation Boy Landry, Bobla : café, quinquina"
inde-indochine-plantation-cafeiers-tonkin-5ce96f,https://entreprises-coloniales.fr/inde-indochine/Plantation_cafeiers_Tonkin.pdf,company,Une plantation de caféiers au Tonkin,"Café, thé, épices, coco, quinquina, vanille",Indochine,Indochine,,,"Une plantation de caféiers au Tonkin (La Vie à la campagne, 15 octobre 1911)"
inde-indochine-plantation-canque-956048,https://entreprises-coloniales.fr/inde-indochine/Plantation_Canque.pdf,company,"Plantation François Canque, Chanh-Luu",Héveas et caoutchouc,Indochine,Indochine,,,"Canque (Plantation François), Chanh-Luu, Thudaumot"
inde-indochine-plantation-cau-dinh-e4aa23,https://entreprises-coloniales.fr/inde-indochine/Plantation_Cau-dinh.pdf,company,Plantation de Cau-dinh,Héveas et caoutchouc,Indochine,Indochine,,,"Cau-dinh (Plantation de) : une création de Louis Durand, policier, puis journaliste"
inde-indochine-plantation-cua-long-thanh-acf134,https://entreprises-coloniales.fr/inde-indochine/Plantation_Cua-Long-Thanh.pdf,company,"Plantation Nguyên van Cua, Long-Thanh",Héveas et caoutchouc,Indochine,Indochine,,,"Cua (Plantation Nguyên van), Long-Thanh"
inde-indochine-plantation-d-ea-khit-65ded3,https://entreprises-coloniales.fr/inde-indochine/Plantation_d_Ea-Khit.pdf,company,"Plantation d'Ea-Khit, Banmethuôt","Café, thé, épices, coco, quinquina, vanille",Indochine,Indochine,,,"Plantation d'Ea-Khit, Banmethuôt"
inde-indochine-plantation-de-bendu-4bb2e0,https://entreprises-coloniales.fr/inde-indochine/Plantation_de_Bendu.pdf,company,Plantation de Bêndu . Son rachat raté par la SIPH,Héveas et caoutchouc,Indochine,Indochine,,,Bêndu (Plantation de). Son rachat raté par la SIPH
inde-indochine-plantation-de-my-hung-e63fe1,https://entreprises-coloniales.fr/inde-indochine/Plantation_de_My-Hung.pdf,company,Plantation de My-Hung,Héveas et caoutchouc,Indochine,Indochine,,,My-Hung (Plantation de)
inde-indochine-plantation-kerhuella-723e8d,https://entreprises-coloniales.fr/inde-indochine/Plantation_Kerhuella.pdf,company,Plantation Kerhuella,Héveas et caoutchouc,Indochine,Indochine,,,Kerhuella (Plantation)(Jean-Victor Guillemet)
inde-indochine-plantation-la-buong-fcd9a4,https://entreprises-coloniales.fr/inde-indochine/Plantation_La-Buong.pdf,company,Plantation du La-Buong,Héveas et caoutchouc,Indochine,Indochine,,,"La-Buong (Plantation du)(Charles Rochelle, puis François Giacomoni)"
inde-indochine-plantation-phu-thu-59ba56,https://entreprises-coloniales.fr/inde-indochine/Plantation_Phu-thu.pdf,company,Plantation de Phu-tu,Héveas et caoutchouc,Indochine,Indochine,,,Phu-tu (Plantation de)(Bui-quac-bau)
inde-indochine-plantation-phu-trung-0ebaee,https://entreprises-coloniales.fr/inde-indochine/Plantation_Phu-Trung.pdf,company,Plantation de Phu-trung,Héveas et caoutchouc,Indochine,Indochine,,,Phu-trung (Plantation de)(Félix Delost)
inde-indochine-plantation-pretre-ab8777,https://entreprises-coloniales.fr/inde-indochine/Plantation_Pretre.pdf,company,"Plantation Prêtre, Binh-Tho",Héveas et caoutchouc,Indochine,Indochine,,,"Prêtre (Plantation), Binh-Tho (Giadinh)"
inde-indochine-plantation-santa-maria-ee42b2,https://entreprises-coloniales.fr/inde-indochine/Plantation_Santa-Maria.pdf,company,"Plantation Santa-Maria, Dorlou","Café, thé, épices, coco, quinquina, vanille",Indochine,Indochine,,,"Plantation Santa-Maria, Dorlou : café, ananas"
inde-indochine-plantation-schein-654775,https://entreprises-coloniales.fr/inde-indochine/Plantation_Schein.pdf,company,"Plantation Schein, Câm-Son",Héveas et caoutchouc,Indochine,Indochine,,,"Schein (Plantation), Câm-Son (Sud-Annam)"
inde-indochine-plantation-vinh-phuoc-c89448,https://entreprises-coloniales.fr/inde-indochine/Plantation_Vinh-Phuoc.pdf,company,"Plantation de Vinh-Phuoc, Nhuan-duc, Phu-duc",Héveas et caoutchouc,Indochine,Indochine,,,"Vinh-Phuoc, Nhuan-duc, Phu-duc (Plantation de)(François Filhol)"
inde-indochine-plantations-anc-combattants-f52f8b,https://entreprises-coloniales.fr/inde-indochine/Plantations_anc._combattants.pdf,company,Plantations des anciens combattants,Héveas et caoutchouc,Indochine,Indochine,1927,1931,Plantations des anciens combattants (1927-1931) : petite colonisation
inde-indochine-plantations-annamites-e74985,https://entreprises-coloniales.fr/inde-indochine/Plantations_Annamites.pdf,company,"Plantations annamites, Xa-cam, An-loc",Héveas et caoutchouc,Indochine,Indochine,1913,1923,"Plantations annamites (1913-1923), Xa-cam, An-loc : hévéas"
inde-indochine-plantations-arca-a71c3b,https://entreprises-coloniales.fr/inde-indochine/Plantations_ARCA.pdf,company,Plantations ARCA,Héveas et caoutchouc,Indochine,Indochine,,,ARCA (Plantations)(Achille Connes et Auguste Robert)
inde-indochine-plantations-ben-muong-c9d09a,https://entreprises-coloniales.fr/inde-indochine/Plantations_Ben-Muong.pdf,company,Société des plantations de Bên-Muong,Héveas et caoutchouc,Indochine,Indochine,,,Bên-Muong (Société des plantations de)
inde-indochine-plantations-de-baria-f7dd5f,https://entreprises-coloniales.fr/inde-indochine/Plantations_de_Baria.pdf,company,Société des plantations de Baria,Héveas et caoutchouc,Indochine,Indochine,,,"Baria (Société des plantations de)(Plantations de Baria)(les révérends pères et MM. Racine, Shanghaï) : domaines de Binh-Ba et Song-Cau"
inde-indochine-plantations-de-bau-ca-c6cd54,https://entreprises-coloniales.fr/inde-indochine/Plantations_de_Bau-Ca.pdf,company,Plantations de Bau-Ca,"Café, thé, épices, coco, quinquina, vanille",Indochine,Indochine,1930,,"Plantations de Bau-Ca (Société civile, 1930, puis Société anonyme, 1937) : vanille"
inde-indochine-plantations-de-binh-lai-2f8fef,https://entreprises-coloniales.fr/inde-indochine/Plantations_de_Binh-Lai.pdf,company,Plantations de Binh-Lai,Héveas et caoutchouc,Indochine,Indochine,,,Binh-Lai (Plantations de)
inde-indochine-plantations-de-courtenay-521cfa,https://entreprises-coloniales.fr/inde-indochine/Plantations_de_Courtenay.pdf,company,Plantations de Courtenay,Héveas et caoutchouc,Indochine,Indochine,1911,1924,Courtenay (Plantations de)(1911-1924)
inde-indochine-plantations-de-dian-ec8ee7,https://entreprises-coloniales.fr/inde-indochine/Plantations_de_Dian.pdf,company,Société indochinoise des plantations de Dian,Héveas et caoutchouc,Indochine,Indochine,,,Dian (Société indochinoise des plantations de)
inde-indochine-plantations-de-djiring-debc69,https://entreprises-coloniales.fr/inde-indochine/Plantations_de_Djiring.pdf,company,Société des Plantations de Djiring,"Café, thé, épices, coco, quinquina, vanille",Indochine,Indochine,,,Plantations de Djiring (Société des)
inde-indochine-plantations-de-djramour-b0d056,https://entreprises-coloniales.fr/inde-indochine/Plantations_de_Djramour.pdf,company,Plantations de Djramour,"Café, thé, épices, coco, quinquina, vanille",Indochine,Indochine,,,"Djramour (D'jramou, Djiramour)(Plantations de)"
inde-indochine-plantations-de-filaos-35362e,https://entreprises-coloniales.fr/inde-indochine/Plantations_de_filaos.pdf,company,"Société de Plantations de filaos, Quang-nam. Précédé d'un aperçu sur les opérations publiques de reboisement en Annam","Bois, meubles, papier, allumettes",Indochine,Indochine,1935,,"Plantations de filaos (Société de)(S.A., 1935), Quang-nam. Précédé d'un aperçu sur les opérations publiques de reboisement en Annam"
inde-indochine-plantations-de-giaray-c63a8d,https://entreprises-coloniales.fr/inde-indochine/Plantations_de_Giaray.pdf,company,"Société des Plantations de Giaray, café","Café, thé, épices, coco, quinquina, vanille",Indochine,Indochine,,,"Giaray (Société des Plantations de), café"
inde-indochine-plantations-de-ky-te-c45b19,https://entreprises-coloniales.fr/inde-indochine/Plantations_de_Ky-Te.pdf,company,Société des plantations de Ky-Té,"Café, thé, épices, coco, quinquina, vanille",Indochine,Indochine,,,Ky-Té (Société des plantations de)(Kontum)
inde-indochine-plantations-de-tran-pir-6e49ed,https://entreprises-coloniales.fr/inde-indochine/Plantations_de_Tran-Pir.pdf,company,"Société des Plantations de Tran-Pir, Blao","Café, thé, épices, coco, quinquina, vanille",Indochine,Indochine,1942,,"Plantations de Tran-Pir (Société des)(Sarl, 1942), Blao : théiers (PIT)"
inde-indochine-plantations-distillation-bab19d,https://entreprises-coloniales.fr/inde-indochine/Plantations&Distillation.pdf,company,Société coloniale de Plantations et de distillation,Héveas et caoutchouc,Indochine,Indochine,,,Plantations et de distillation (Société coloniale de)
inde-indochine-plantations-du-kontum-18f2e3,https://entreprises-coloniales.fr/inde-indochine/Plantations_du_Kontum.pdf,company,Plantations du Kontum,"Café, thé, épices, coco, quinquina, vanille",Indochine,Indochine,,,"Plantations du Kontum (Société civile des) : café, thé"
inde-indochine-plantations-edmond-boyer-ab9b0d,https://entreprises-coloniales.fr/inde-indochine/Plantations_Edmond_Boyer.pdf,company,Plantations Edmond Boyer,Héveas et caoutchouc,Indochine,Indochine,,,"Boyer (Plantations Edmond), Thudaumot : de la direction des Tramways (Indo-Chine) à l'hévéaculture"
inde-indochine-plantations-frses-caoutchouc-4ff66f,https://entreprises-coloniales.fr/inde-indochine/Plantations_frses_caoutchouc.pdf,company,Plantations indochinoises de caoutchouc,Héveas et caoutchouc,Indochine,Indochine,1939,1959,Plantations indochinoises de caoutchouc (1939-1959)
inde-indochine-plantations-hallet-0d8088,https://entreprises-coloniales.fr/inde-indochine/Plantations_Hallet.pdf,company,Plantations Hallet,Héveas et caoutchouc,Indochine,Indochine,,,"Plantations Hallet, Bruxelles : hévéas et palmiers à huile en Malaisie et (1913-1923) en Cochinchine"
inde-indochine-plantations-haut-donnai-2a1cbc,https://entreprises-coloniales.fr/inde-indochine/Plantations_Haut-Donnai.pdf,company,Plantations du Haut-Donnaï,"Café, thé, épices, coco, quinquina, vanille",Indochine,Indochine,,,Haut-Donnaï (Plantations du)
inde-indochine-plantations-indochinoises-bd2cfc,https://entreprises-coloniales.fr/inde-indochine/Plantations_indochinoises.pdf,company,"Plantations indochinoises, Suoi-Chua et La-Buong",Héveas et caoutchouc,Indochine,Indochine,,,"Plantations indochinoises, Suoi-Chua et La-Buong (Biênhoà) : hévéas, citronnelle"
inde-indochine-plantations-kien-dien-b857b3,https://entreprises-coloniales.fr/inde-indochine/Plantations_Kien-dien.pdf,company,Société des plantations de Kiên-Diên,Héveas et caoutchouc,Indochine,Indochine,,,Kiên-Diên (Société des plantations de)
inde-indochine-plantations-lucien-delignon-112f4f,https://entreprises-coloniales.fr/inde-indochine/Plantations_Lucien_Delignon.pdf,company,Plantations Lucien Delignon,"Café, thé, épices, coco, quinquina, vanille",Indochine,Indochine,,,"Delignon (Plantations Lucien) : café, thé, hévéas, mûriers…"
inde-indochine-plantations-mariani-dcba03,https://entreprises-coloniales.fr/inde-indochine/Plantations-Mariani.pdf,company,Mariani,Héveas et caoutchouc,Indochine,Indochine,,,Mariani (Société anonyme des plantations)
inde-indochine-plantations-paul-barry-fa7353,https://entreprises-coloniales.fr/inde-indochine/Plantations_Paul_Barry.pdf,company,"Plantations Paul Barry, Bông-trang",Héveas et caoutchouc,Indochine,Indochine,,,"Barry (Plantations Paul), Bông-trang (Thudaumot) : de la direction des Tramways (Indo-Chine) à l'hévéaculture"
inde-indochine-plantations-route-haute-5a18cc,https://entreprises-coloniales.fr/inde-indochine/Plantations_Route-Haute.pdf,company,Société des plantations de la Route-Haute,Héveas et caoutchouc,Indochine,Indochine,,,Route-Haute (Société des plantations de la)
inde-indochine-planteurs-reunis-4cec40,https://entreprises-coloniales.fr/inde-indochine/Planteurs_reunis.pdf,company,Planteurs réunis,Héveas et caoutchouc,Indochine,Indochine,,,Planteurs réunis (création du personnel des Chargeurs réunis)
inde-indochine-planteurs-tues-en-indochine-ecf96f,https://entreprises-coloniales.fr/inde-indochine/Planteurs_tues_en_Indochine.pdf,company,Planteurs d'hévéas tués en Indochine,Héveas et caoutchouc,Indochine,Indochine,1940,1978,Planteurs d'hévéas tués en Indochine (1940-1978) : liste des 97 victimes
inde-indochine-plateau-du-bokor-12cbd7,https://entreprises-coloniales.fr/inde-indochine/Plateau_du_Bokor.pdf,company,Carte au 1/20.000 de la chaîne des Éléphants et du plateau du Bokor. 65 x 50 cm. Litho C. Ardin,"Hôtellerie, tourisme",Indochine,Indochine,,,"Carte au 1/20.000 de la chaîne des Éléphants et du plateau du Bokor. 65 x 50 cm. Litho C. Ardin, Saïgon (Coll. Corinne Krouck)"
inde-indochine-pnom-penh-divers-hotels-d2023b,https://entreprises-coloniales.fr/inde-indochine/Pnom-Penh-divers_hotels.pdf,company,Divers hôtels,"Hôtellerie, tourisme",Indochine,Indochine,,,"Divers hôtels, Pnom-Penh"
inde-indochine-pnom-penh-excelsior-40f68a,https://entreprises-coloniales.fr/inde-indochine/Pnom-Penh-Excelsior.pdf,company,Excelsior Hôtel,"Hôtellerie, tourisme",Indochine,Indochine,,,"Excelsior Hôtel, Pnom-Penh"
inde-indochine-pnom-penh-grd-hotel-0ff30d,https://entreprises-coloniales.fr/inde-indochine/Pnom-Penh-Grd_Hotel.pdf,company,"Grand Hôtel, puis Hôtel Manolis","Hôtellerie, tourisme",Indochine,Indochine,1933,,"Grand Hôtel, puis (1933) Hôtel Manolis, Pnom-Penh"
inde-indochine-pnom-penh-hotel-royal-994cdc,https://entreprises-coloniales.fr/inde-indochine/Pnom-Penh-Hotel_Royal.pdf,company,Hôtel Royal,"Hôtellerie, tourisme",Indochine,Indochine,,,"Hôtel Royal (Royal Palace), Pnom-Penh"
inde-indochine-poivriere-de-tuk-krahon-c3e820,https://entreprises-coloniales.fr/inde-indochine/Poivriere_de_Tuk-Krahon.pdf,company,Poivrière de Tuk-Krahon,"Café, thé, épices, coco, quinquina, vanille",Indochine,Indochine,,,"Poivrière de Tuk-Krahon (province de Kampot, Cambodge) : l'affaire Phaure, de Kapot (représailles aveugles après un vol de fusils)(1912)"
inde-indochine-polyclinique-dejean-de-la-batie-98792c,https://entreprises-coloniales.fr/inde-indochine/Polyclinique_Dejean_de_la_Batie.pdf,company,Polyclinique Dejean de la Bâtie,Santé,Indochine,Indochine,1937,1955,"Polyclinique Dejean de la Bâtie (1937-1955) : bd Bonard, Saïgon"
inde-indochine-polyclinique-du-marche-673f02,https://entreprises-coloniales.fr/inde-indochine/Polyclinique_du_Marche.pdf,company,Polyclinique du Marché,Santé,Indochine,Indochine,1914,1937,"Polyclinique du Marché (1914-1937)(Dr René Montel) : bd Bonard, Saïgon"
inde-indochine-polyclinique-khanh-hoi-55031a,https://entreprises-coloniales.fr/inde-indochine/Polyclinique_Khanh-Hoi.pdf,company,Polyclinique municipale de Khanh-Hôi,Santé,Indochine,Indochine,,,Polyclinique municipale de Khanh-Hôi (Saïgon) : Dr Nguyên van Khai
inde-indochine-polytechniciens-en-indochine-431d95,https://entreprises-coloniales.fr/inde-indochine/Polytechniciens_en_Indochine.pdf,source_document,Polytechniciens en Indochine,Amicales régionales et professionnelles : les petites patries à l'ombre de la grande ; amitié et solidarité,Indochine,Indochine,,,Polytechniciens en Indochine (pipos)(107 p.)
inde-indochine-pongerville-phong-le-fdfddf,https://entreprises-coloniales.fr/inde-indochine/Pongerville-Phong-le.pdf,company,"Pongerville, Phong-lê","Café, thé, épices, coco, quinquina, vanille",Indochine,Indochine,,,"Pongerville, Phong-lê (Tourane) : café"
inde-indochine-porcelaine-de-maokhe-8f99aa,https://entreprises-coloniales.fr/inde-indochine/Porcelaine_de_Maokhe.pdf,company,Fabrique de porcelaine de Maokhé,"Bâtiment-travaux publics, matériaux de construction, céramiques",Indochine,Indochine,,,Fabrique de porcelaine de Maokhé
inde-indochine-porcelaine-indus-haiphong-1e150c,https://entreprises-coloniales.fr/inde-indochine/Porcelaine_indus._Haiphong.pdf,company,Manufacture de porcelaine industrielle de Haïphong,"Bâtiment-travaux publics, matériaux de construction, céramiques",Indochine,Indochine,,,Manufacture de porcelaine industrielle de Haïphong (Nguyën-van-Tân)
inde-indochine-porcelaines-indus-indochine-0f894f,https://entreprises-coloniales.fr/inde-indochine/Porcelaines_indus._Indochine.pdf,company,Manufacture de porcelaines industrielles de l'Indochine,"Bâtiment-travaux publics, matériaux de construction, céramiques",Indochine,Indochine,,,"Manufacture de porcelaines industrielles de l'Indochine, Haïphong"
inde-indochine-port-cantho-679ec6,https://entreprises-coloniales.fr/inde-indochine/Port_Cantho.pdf,company,Port de Cantho,"Transports fluviaux, maritimes et aériens. Ports, phares",Indochine,Indochine,,,Cantho (Port de) : delta du Mékong (Cochinchine)
inde-indochine-port-de-benthuy-40d392,https://entreprises-coloniales.fr/inde-indochine/Port_de_Benthuy.pdf,company,Port de Vinh-Bênthuy,"Transports fluviaux, maritimes et aériens. Ports, phares",Indochine,Indochine,,,Vinh-Bênthuy (Port de)(Nord-Annam)
inde-indochine-port-de-kompong-som-e34328,https://entreprises-coloniales.fr/inde-indochine/Port_de_Kompong-Som.pdf,company,Port de Kompong-Som,"Transports fluviaux, maritimes et aériens. Ports, phares",Indochine,Indochine,,,Kompong-Som (Port de)
inde-indochine-port-de-quinhon-fb52f2,https://entreprises-coloniales.fr/inde-indochine/Port_de_Quinhon.pdf,company,Port de Quinhon,"Transports fluviaux, maritimes et aériens. Ports, phares",Indochine,Indochine,,,Quinhon (Port de) : Centre-Annam
inde-indochine-port-de-tourane-121d61,https://entreprises-coloniales.fr/inde-indochine/Port_de_Tourane.pdf,company,Port de Tourane . Actuelle Da-Nang,"Transports fluviaux, maritimes et aériens. Ports, phares",Indochine,Indochine,,,Tourane (Port de). Actuelle Da-Nang
inde-indochine-port-haiphong-390a06,https://entreprises-coloniales.fr/inde-indochine/Port-Haiphong.pdf,company,Port de Haïphong,"Transports fluviaux, maritimes et aériens. Ports, phares",Indochine,Indochine,,,Haïphong (Port de)(Port autonome de)(165 p.)
inde-indochine-port-hanoi-a7a4f0,https://entreprises-coloniales.fr/inde-indochine/Port-Hanoi.pdf,company,Port fluvial de Hanoï,"Transports fluviaux, maritimes et aériens. Ports, phares",Indochine,Indochine,,,Hanoï (Port fluvial de)
inde-indochine-port-mytho-7c5cb9,https://entreprises-coloniales.fr/inde-indochine/Port_Mytho.pdf,company,Port de Mytho,"Transports fluviaux, maritimes et aériens. Ports, phares",Indochine,Indochine,,,Mytho (Port de)
inde-indochine-port-nam-dinh-de66b8,https://entreprises-coloniales.fr/inde-indochine/Port-Nam-dinh.pdf,company,Nam-dinh,"Transports fluviaux, maritimes et aériens. Ports, phares",Indochine,Indochine,,,"Nam-dinh : le port, la ville"
inde-indochine-port-phu-lang-thuong-18231a,https://entreprises-coloniales.fr/inde-indochine/Port_Phu-Lang-Thuong.pdf,company,Port de Phu-Lang-Thuong sur le Song-Cau,"Transports fluviaux, maritimes et aériens. Ports, phares",Indochine,Indochine,,,Phu-Lang-Thuong (Port de) sur le Song-Cau (Tonkin)
inde-indochine-port-pnom-penh-972493,https://entreprises-coloniales.fr/inde-indochine/Port_Pnom-Penh.pdf,company,Port de Pnom-Penh,"Transports fluviaux, maritimes et aériens. Ports, phares",Indochine,Indochine,,,Pnom-Penh (Port de)
inde-indochine-portail-imprimeur-libraire-eea4a0,https://entreprises-coloniales.fr/inde-indochine/Portail_imprimeur-libraire.pdf,company,"Portail, imprimeur-libraire, galeriste","Imprimerie, presse, édition",Indochine,Indochine,,,"Portail, imprimeur-libraire, galeriste, Saïgon, Pnom-Penh, Hué"
inde-indochine-poujade-cours-martiales-da5bcc,https://entreprises-coloniales.fr/inde-indochine/Poujade_Cours-martiales.pdf,source_document,"Poujade, Cours martiales . La répression des gaullistes par l'amiral Decoux. Le martyre des Français après le coup de force japonais du 9 mars 1945",Documents généraux (par ordre chronologique),Indochine,Indochine,1990,1997,"Poujade (René J.), Cours martiales (1990-1997). La répression des gaullistes par l'amiral Decoux. Le martyre des Français après le coup de force japonais du 9 mars 1945 (Édition critique, 142 p.)"
inde-indochine-poujade-de-ladeveze-saigon-b3a793,https://entreprises-coloniales.fr/inde-indochine/Poujade_de_Ladeveze-Saigon.pdf,person,Poujade de Ladevèze,Commerce,Indochine,Indochine,,,"Poujade de Ladevèze (Michel), Saïgon : commerçant en vins et spiritueux et en couronnes mortuaires (« Au Souvenir »). Éditeur de cartes postales."
inde-indochine-poulo-condore-1914-1916-bfbb1a,https://entreprises-coloniales.fr/inde-indochine/Poulo-Condore_1914-1916.pdf,source_document,Poulo-Condore,Documents généraux (par ordre chronologique),Indochine,Indochine,,,"Poulo-Condore (mai 1914-septembre 1916) : L'Affaire H.J.E. O'Connell, par Gérard O'Connell (L'Harmattan, 2020, 339 p.). Transformation du bagne en colonie agricole. Index. Documents d'archives. Plan."
inde-indochine-poulo-condore-1998-e49bd4,https://entreprises-coloniales.fr/inde-indochine/Poulo-Condore_1998.pdf,source_document,Poulo-Condore,Documents généraux (par ordre chronologique),Indochine,Indochine,,,"Poulo-Condore : reportage photographique de Gérard O'Connell sur l'île-musée (1998). Bagnes, cages à tigres, cage à bœuf…"
inde-indochine-poulo-condore-en-images-654361,https://entreprises-coloniales.fr/inde-indochine/Poulo-Condore_en_images.pdf,source_document,Poulo-Condore en images,Documents généraux (par ordre chronologique),Indochine,Indochine,1895,1948,"Poulo-Condore en images (1895-1948) : photos inédites et cartes postales de Poulo-Condore en 1895, 1908, 1911 et 1948"
inde-indochine-praire-ksach-kandall-3587e8,https://entreprises-coloniales.fr/inde-indochine/Praire_Ksach-Kandall.pdf,company,"Praire & Cie, Société cotonnière du Cambodge, puis Nam Hée Émile et Cie",Cuirs et textiles,Indochine,Indochine,1890,,"Praire & Cie (1890), Société cotonnière du Cambodge (1897), puis Nam Hée Émile et Cie (1898) : usine d'égrenage de coton et huilerie à Ksach-Kandall (Cambodge)"
inde-indochine-preck-chlong-1927-1937-d884a7,https://entreprises-coloniales.fr/inde-indochine/Preck-Chlong_1927-1937.pdf,company,Plantations d'hévéas du Preck-Chlong ou Prek-Chlong,Héveas et caoutchouc,Indochine,Indochine,1927,1937,Preck-Chlong ou Prek-Chlong (Plantations d'hévéas du)(1927-1937)
inde-indochine-premieres-blanchisseries-hanoi-53b5a5,https://entreprises-coloniales.fr/inde-indochine/Premieres_Blanchisseries-Hanoi.pdf,company,Premières blanchisseries de Hanoï,Cuirs et textiles,Indochine,Indochine,,,"Premières blanchisseries de Hanoï : Ogliastro, Victor Le Lan, madame Mongis, madame Cousseau, Jacquemont…"
inde-indochine-presse-indochine-1901-1910-6c3da1,https://entreprises-coloniales.fr/inde-indochine/Presse-Indochine-1901-1910.pdf,company,La presse indochinoise en 1901-1912,"Imprimerie, presse, édition",Indochine,Indochine,,,La presse indochinoise en 1901-1912
inde-indochine-presse-indochine-1929-60bc2d,https://entreprises-coloniales.fr/inde-indochine/Presse-Indochine-1929.pdf,company,La presse indochinoise en 1927-1929,"Imprimerie, presse, édition",Indochine,Indochine,,,La presse indochinoise en 1927-1929
inde-indochine-presse-indochine-1936-8b1de4,https://entreprises-coloniales.fr/inde-indochine/Presse-Indochine-1936.pdf,company,La presse indochinoise en 1936,"Imprimerie, presse, édition",Indochine,Indochine,,,La presse indochinoise en 1936 : nomenclature des publications en français par « l'Argus »
inde-indochine-presse-indochine-1938-5481c8,https://entreprises-coloniales.fr/inde-indochine/Presse-Indochine-1938.pdf,company,La presse indochinoise en 1938-1940,"Imprimerie, presse, édition",Indochine,Indochine,,,La presse indochinoise en 1938-1940 : les plus forts tirages en français et quoc-ngu. La censure de guerre
inde-indochine-presse-indochinoise-1924-1941-1dcad0,https://entreprises-coloniales.fr/inde-indochine/Presse-indochinoise_1924-1941.pdf,company,La Presse indochinoise,"Imprimerie, presse, édition",Indochine,Indochine,1924,1941,"Presse indochinoise (La)(1924-1941), Saïgon : hebdo sous Laugier et Monribot, transformé en quotidien en 1935 par Joseph Neumann"
inde-indochine-procedes-fit-hanoi-d36be7,https://entreprises-coloniales.fr/inde-indochine/Procedes_FIT-Hanoi.pdf,company,Procédés FIT,Héveas et caoutchouc,Indochine,Indochine,,,"Procédés FIT (Lebougnec), Hanoï : recaoutchoutage, rechapage"
inde-indochine-projet-barrage-krongpha-3a926f,https://entreprises-coloniales.fr/inde-indochine/Projet_barrage_Krongpha.pdf,company,Projet de barrage hydroélectrique à Krongpha,"Eau et assainissement, électricité (Utilities)",Indochine,Indochine,1940,1942,Projet de barrage hydroélectrique à Krongpha (1940-1942)
inde-indochine-prompt-freres-bim-son-c4da0f,https://entreprises-coloniales.fr/inde-indochine/Prompt_freres-Bim-Son.pdf,company,"Prompt, Bim-Son","Rizières, rizeries, négoce de riz et autres céréales",Indochine,Indochine,,,"Prompt (Jean-Marie et Jean-Henri), Bim-Son (Thanh-Hoa) : riziculture, élevage bovin"
inde-indochine-prop-cine-petain-coch-1942-298bc9,https://entreprises-coloniales.fr/inde-indochine/Prop_cine_Petain_Coch_1942.pdf,company,Tournée de propagande cinématographique pétainiste en Cochinchine,Cinémas et théâtres de l'Indochine (du nord au sud),Indochine,Indochine,,,Tournée de propagande cinématographique pétainiste en Cochinchine (avril-juin 1942)
inde-indochine-prophylaxie-antilepreuse-ic-79849f,https://entreprises-coloniales.fr/inde-indochine/Prophylaxie_antilepreuse_IC.pdf,company,La prophylaxie antilépreuse en Indochine,Santé,Indochine,Indochine,,,"La prophylaxie antilépreuse en Indochine : comparaisons internationales, établissements de soins, remèdes"
inde-indochine-prospecta-steatite-1cf7fe,https://entreprises-coloniales.fr/inde-indochine/Prospecta_Steatite.pdf,company,Société Prospecta,Mines,Indochine,Indochine,1935,,Prospecta (Société)(1935) : permis de recherche de stéatite à Lang Voi
inde-indochine-prospections-etudes-minieres-4f5a60,https://entreprises-coloniales.fr/inde-indochine/Prospections+etudes_minieres.pdf,company,Indochinoise de Prospections et d'études minières,Mines,Indochine,Indochine,,,Indochinoise de Prospections et d'études minières (Société civile)
inde-indochine-prospections-minieres-sud-indochine-9ba65e,https://entreprises-coloniales.fr/inde-indochine/Prospections_minieres_Sud_Indochine.pdf,company,Les Prospections minières du Sud de l’Indochine,Mines,Indochine,Indochine,,,"Prospections minières du Sud de l’Indochine (Les)(Sarl), Pnom-Penh"
inde-indochine-publicite-affichage-cochinchine-44c014,https://entreprises-coloniales.fr/inde-indochine/Publicite+affichage_Cochinchine.pdf,company,Société de Publicité et d'affichage de Cochinchine,"Imprimerie, presse, édition",Indochine,Indochine,1906,1937,"Publicité et d'affichage de Cochinchine (Société de)(1906-1937), Saïgon"
inde-indochine-publicite-spectacles-saigon-6a9b32,https://entreprises-coloniales.fr/inde-indochine/Publicite_spectacles-Saigon.pdf,company,Publicité des spectacles,Cinémas et théâtres de l'Indochine (du nord au sud),Indochine,Indochine,,,"Publicité des spectacles, Saïgon : réglementation"
inde-indochine-pulpes-papeteries-tonkin-e82d15,https://entreprises-coloniales.fr/inde-indochine/Pulpes+papeteries_Tonkin.pdf,company,Société des Pulpes et papeteries du Tonkin,"Bois, meubles, papier, allumettes",Indochine,Indochine,1911,1918,"Pulpes et papeteries du Tonkin (Société des)(1911-1918), Vietri"
inde-indochine-quach-dam-cholon-4d1df9,https://entreprises-coloniales.fr/inde-indochine/Quach-Dam-Cholon.pdf,company,Quach-Dam,"Rizières, rizeries, négoce de riz et autres céréales",Indochine,Indochine,,,"Quach-Dam, Cholon : rizerie Yee Cheong à Binthay, filature, armement"
inde-indochine-quan-hoa-seng-544839,https://entreprises-coloniales.fr/inde-indochine/Quan-Hoa-Seng.pdf,company,Quan-Hoa-Seng,Autres industries alimentaires,Indochine,Indochine,,,Quan-Hoa-Seng : distillerie de Kompong-Cham (Cambodge)
inde-indochine-quang-hung-long-hanoi-3b9143,https://entreprises-coloniales.fr/inde-indochine/Quang-Hung-Long-Hanoi.pdf,company,Société commerciale Quang-hung-Long,Commerce,Indochine,Indochine,,,"Quang-hung-Long (Société commerciale), Hanoï"
inde-indochine-quang-ngai-bungalow-7e4801,https://entreprises-coloniales.fr/inde-indochine/Quang-Ngai-Bungalow.pdf,company,"Bungalow, Quang-Ngai","Hôtellerie, tourisme",Indochine,Indochine,,,"Bungalow, Quang-Ngai"
inde-indochine-quatre-freres-denis-c5ddce,https://entreprises-coloniales.fr/inde-indochine/Quatre_freres_Denis.pdf,company,"Les quatre frères Gustave, Émile, Alfred et Alphonse Denis",Groupes indochinois et dirigeants d'affaires diverses,Indochine,Indochine,,,"Les quatre frères Gustave, Émile, Alfred et Alphonse Denis : les fondateurs"
inde-indochine-qui-etes-vous-1924-ic-c46f38,https://entreprises-coloniales.fr/inde-indochine/Qui_etes-vous-1924-IC.pdf,source_document,Qui êtes-vous ? 1924,Documents généraux (par ordre chronologique),Indochine,Indochine,,,Qui êtes-vous ? 1924 : l'Indochine. Notices complétées et mises à jour. 196 p.
inde-indochine-quinhon-grd-hotel-morin-3d088c,https://entreprises-coloniales.fr/inde-indochine/Quinhon-Grd_Hotel_Morin.pdf,company,Grand Hôtel Morin frères,"Hôtellerie, tourisme",Indochine,Indochine,,,"Grand Hôtel Morin frères, Quinhon"
inde-indochine-quinhon-hotel-anziani-8dc7d3,https://entreprises-coloniales.fr/inde-indochine/Quinhon-Hotel_Anziani.pdf,person,Anziani,Commerce,Indochine,Indochine,,,"Anziani (Victor), Quinhon : négociant, planteur, éleveur, transporteur, hôtelier, concessionnaire électrique"
inde-indochine-quinhon-hotel-commerce-4854b2,https://entreprises-coloniales.fr/inde-indochine/Quinhon-Hotel_Commerce.pdf,company,Hôtel du Commerce,"Hôtellerie, tourisme",Indochine,Indochine,,,"Hôtel du Commerce, Quinhon"
inde-indochine-quinhon-hotel-de-la-plage-75b51d,https://entreprises-coloniales.fr/inde-indochine/Quinhon-Hotel_de_la_Plage.pdf,company,Hôtel de la Plage,"Hôtellerie, tourisme",Indochine,Indochine,,,"Hôtel de la Plage (Albert Mathey), Quinhon"
inde-indochine-rabbione-et-penotti-1ab2cf,https://entreprises-coloniales.fr/inde-indochine/Rabbione_et_Penotti.pdf,company,Rabbione et Pénotti,Héveas et caoutchouc,Indochine,Indochine,,,"Rabbione et Pénotti, Thudaumôt"
inde-indochine-rachgia-bungalow-cae129,https://entreprises-coloniales.fr/inde-indochine/Rachgia-Bungalow.pdf,company,Bungalow,"Hôtellerie, tourisme",Indochine,Indochine,,,"Bungalow, Rach-gia"
inde-indochine-rachgia-comm-et-indus-5cbcdc,https://entreprises-coloniales.fr/inde-indochine/Rachgia_comm._et_indus.pdf,company,"Société agricole, commerciale et industrielle de Rachgia","Rizières, rizeries, négoce de riz et autres céréales",Indochine,Indochine,1929,,"Rachgia (Société agricole, commerciale et industrielle de)(1929) : 1.600 hectares de rizières"
inde-indochine-rachgia-port-c77d3c,https://entreprises-coloniales.fr/inde-indochine/Rachgia-port.pdf,company,"Port de Rachgia, au sud de la Cochinchine, près de la frontière cambodgienne","Transports fluviaux, maritimes et aériens. Ports, phares",Indochine,Indochine,,,"Rachgia (Port de), au sud de la Cochinchine, près de la frontière cambodgienne"
inde-indochine-radio-saigon-1929-1939-bb6387,https://entreprises-coloniales.fr/inde-indochine/Radio-Saigon_1929-1939.pdf,company,Radio-Saïgon,"Télégraphe, téléphone, radio",Indochine,Indochine,1929,1939,Radio-Saïgon (1929-1939) : Compagnie franco-indochinoise de radiophonie
inde-indochine-radio-saigon-1939-1949-5e098c,https://entreprises-coloniales.fr/inde-indochine/Radio-Saigon_1939-1949.pdf,company,Radio-Saïgon,"Télégraphe, téléphone, radio",Indochine,Indochine,1939,1949,Radio-Saïgon (1939-1949) : Société indochinoise de radiodiffusion
inde-indochine-radio-sindex-dd95d6,https://entreprises-coloniales.fr/inde-indochine/Radio-Sindex.pdf,company,Radio-Indochine ou Radio-Sindex,"Télégraphe, téléphone, radio",Indochine,Indochine,1928,1930,"Radio-Indochine ou Radio-Sindex (1928-1930), Haïphong"
inde-indochine-radiotelegraphie-ic-bcd912,https://entreprises-coloniales.fr/inde-indochine/Radiotelegraphie-IC.pdf,company,Le Service radiotélégraphique de l'Indochine,"Télégraphe, téléphone, radio",Indochine,Indochine,,,Le Service radiotélégraphique de l'Indochine
inde-indochine-radoub-d-indochine-cca993,https://entreprises-coloniales.fr/inde-indochine/Radoub_d_Indochine.pdf,company,Société Radoub d'Indochine,"Métallurgie, constructions mécaniques, électriques, navales",Indochine,Indochine,,,"Radoub d'Indochine (Société), Saïgon"
inde-indochine-raphael-fontaine-f8e1b1,https://entreprises-coloniales.fr/inde-indochine/Raphael_Fontaine.pdf,person,Fontaine,Autres industries alimentaires,Indochine,Indochine,,,Fontaine (Auguste-Raphaël)(1859-1934)
inde-indochine-raphael-moreau-hanoi-8c0cc5,https://entreprises-coloniales.fr/inde-indochine/Raphael_Moreau-Hanoi.pdf,person,Moreau,"Imprimerie, presse, édition",Indochine,Indochine,,,"Moreau (Raphaël)(1863-1913), Hanoï : transporteur, puis photographe et éditeur de cartes postales (1895-1905), typographe"
inde-indochine-raphene-hanoi-haiphong-cfbc04,https://entreprises-coloniales.fr/inde-indochine/Raphene-Hanoi-Haiphong.pdf,company,Éts Raymond Girardot,Transports terrestres et garages,Indochine,Indochine,,,"Girardot (Éts Raymond), Hanoï : Regom-pneus, Studebaker, Rosengart, Berliet. André Raphène successeur, Hanoï, Haïphong : Simca, Studebaker, Berliet"
inde-indochine-rapport-berrue-1920-41b0bd,https://entreprises-coloniales.fr/inde-indochine/Rapport_Berrue_1920.pdf,source_document,Rapport de la Commission monétaire indochinoise pour la stabilisation de la piastre,Le système monétaire indochinois,Indochine,Indochine,,,Rapport de la Commission monétaire indochinoise pour la stabilisation de la piastre (« Rapport Berrué »)(juillet 1920)
inde-indochine-rapports-viollette-indochine-865be7,https://entreprises-coloniales.fr/inde-indochine/Rapports_Viollette_Indochine.pdf,source_document,Rapports du député Maurice Viollette sur l'Indo-Chine,Documents généraux (par ordre chronologique),Indochine,Indochine,1911,,"Rapports du député Maurice Viollette sur l'Indo-Chine (1911) : critique virulente de l'administration, programme de réformes. Réponses du gouverneur général Klobukowski et autres incriminés. Débats parlementaires (205 p)"
inde-indochine-raymond-salle-hanoi-429b7e,https://entreprises-coloniales.fr/inde-indochine/Raymond_Salle-Hanoi.pdf,company,Sallé,Commerce,Indochine,Indochine,,,"Sallé (Raymond), Hanoï : grossiste, chantre de la Révolution nationale"
inde-indochine-rc-13-cochinchine-laos-d02596,https://entreprises-coloniales.fr/inde-indochine/RC_13_Cochinchine-Laos.pdf,company,Route coloniale 13,Transports terrestres et garages,Indochine,Indochine,,,Route coloniale 13 (Saïgon–Luang-Prabang) : R.C. 13 Cochinchine-Laos
inde-indochine-ream-bungalow-a5660f,https://entreprises-coloniales.fr/inde-indochine/Ream-Bungalow.pdf,company,Bungalow de Réam,"Hôtellerie, tourisme",Indochine,Indochine,,,"Bungalow (Barlet, Salvarelli) de Réam"
inde-indochine-ream-port-73bf88,https://entreprises-coloniales.fr/inde-indochine/Ream-port.pdf,company,Port de Réam,"Transports fluviaux, maritimes et aériens. Ports, phares",Indochine,Indochine,,,"Réam (Port de), Cambodge"
inde-indochine-rec-1910-indochine-3648aa,https://entreprises-coloniales.fr/inde-indochine/REC_1910-Indochine.pdf,source_document,Répertoire des entreprises coloniales,Documents généraux (par ordre chronologique),Indochine,Indochine,1910,,Répertoire des entreprises coloniales (1910) : l'Indochine
inde-indochine-recherches-et-redevances-90b715,https://entreprises-coloniales.fr/inde-indochine/Recherches_et_redevances.pdf,company,Recherches et redevances,Mines,Indochine,Indochine,,,Recherches et redevances
inde-indochine-rectification-song-bao-vang-895ab7,https://entreprises-coloniales.fr/inde-indochine/Rectification_song-Bao-Vang.pdf,company,Thanh-hoa,"Hydraulique agricole, irrigations (du nord au sud)",Indochine,Indochine,,,Thanh-hoa : projet de rectification et de curage du song Bao-Vang (1938)
inde-indochine-recueil-stes-1900-ic-fda37d,https://entreprises-coloniales.fr/inde-indochine/Recueil_stes_1900-IC.pdf,source_document,Recueil des sociétés coloniales et maritimes,Documents généraux (par ordre chronologique),Indochine,Indochine,1901,,Recueil des sociétés coloniales et maritimes (1901) : Indochine
inde-indochine-redemptoristes-hue-55fc29,https://entreprises-coloniales.fr/inde-indochine/Redemptoristes-Hue.pdf,company,Les Rédemptoristes à Hué,Entreprises religieuses,Indochine,Indochine,,,Les Rédemptoristes à Hué
inde-indochine-redemptoristes-saigon-e7e30b,https://entreprises-coloniales.fr/inde-indochine/Redemptoristes-Saigon.pdf,company,Les Rédemptoristes à Saïgon,Entreprises religieuses,Indochine,Indochine,,,Les Rédemptoristes à Saïgon
inde-indochine-redevance-etains-indochine-961797,https://entreprises-coloniales.fr/inde-indochine/Redevance_Etains_Indochine.pdf,company,Société pour le recouvrement de la redevance due à M. Dubost par la Société des Étains de l'Indo-Chine,Mines,Indochine,Indochine,,,Étains de l'Indo-Chine (Société pour le recouvrement de la redevance due à M. Dubost par la Société des)
inde-indochine-remery-quang-tuc-5e8024,https://entreprises-coloniales.fr/inde-indochine/Remery-Quang-Tuc.pdf,company,"Rémery, Quang-Tuc","Café, thé, épices, coco, quinquina, vanille",Indochine,Indochine,,,"Rémery (Charles), Quang-Tuc (Tuyên-Quang) : café"
inde-indochine-remorquage-acconage-sira-a10696,https://entreprises-coloniales.fr/inde-indochine/Remorquage+acconage-SIRA.pdf,company,Société Indochinoise de remorquage et d'acconage,"Transports fluviaux, maritimes et aériens. Ports, phares",Indochine,Indochine,,,"Indochinoise de remorquage et d'acconage (Société)(SIRA), Saïgon"
inde-indochine-remy-jullien-entrepreneur-8b0109,https://entreprises-coloniales.fr/inde-indochine/Remy_Jullien_Entrepreneur.pdf,person,"Jullien, entrepreneur à Tourane","Bâtiment-travaux publics, matériaux de construction, céramiques",Indochine,Indochine,,,"Jullien (Rémy)(1869-1931), entrepreneur à Tourane, Dalat, Hué, Dong-Hoi, Vinh"
inde-indochine-rene-et-andre-evrard-4ac22d,https://entreprises-coloniales.fr/inde-indochine/Rene_et_Andre_Evrard.pdf,company,"Evrard, frères jumeaux","Rizières, rizeries, négoce de riz et autres céréales",Indochine,Indochine,,,"Evrard (René et André), frères jumeaux, Soctrang, Baclieu : riziculteurs"
inde-indochine-renoud-lyat-haiphong-a2368c,https://entreprises-coloniales.fr/inde-indochine/Renoud-Lyat-Haiphong.pdf,company,Renoud-Lyat,Commerce,Indochine,Indochine,,,"Renoud-Lyat (Henri), Haïphong : vins, liqueurs, huiles (gros et détail)"
inde-indochine-repertoire-sa-ic-1943-594929,https://entreprises-coloniales.fr/inde-indochine/Repertoire_SA_IC-1943.pdf,source_document,Répertoire des sociétés anonymes indochinoises,Documents généraux (par ordre chronologique),Indochine,Indochine,1943,,Répertoire des sociétés anonymes indochinoises (1943)
inde-indochine-requet-thiriat-morin-b45bce,https://entreprises-coloniales.fr/inde-indochine/Requet_Thiriat-Morin.pdf,company,Les Thiriat,"Imprimerie, presse, édition",Indochine,Indochine,,,"Thiriat (Les) : graveurs sur bois et photographe (Tonkin, Annam), par Caroline Requet (2023)"
inde-indochine-reseau-jean-tricoire-1940-1945-1f4de8,https://entreprises-coloniales.fr/inde-indochine/Reseau_Jean_Tricoire_1940-1945.pdf,source_document,Le réseau de Résistance Jean Tricoire en Annam-Laos,Documents généraux (par ordre chronologique),Indochine,Indochine,1940,1945,Le réseau de Résistance Jean Tricoire en Annam-Laos (1940-1945) : animé par un ingénieur civil des mines avec le concours du directeur de la Catecka
inde-indochine-resistanco-haiphong-2adeb9,https://entreprises-coloniales.fr/inde-indochine/Resistanco-Haiphong.pdf,company,Résistanco,Industries diverses,Indochine,Indochine,,,"Résistanco (Nguyên-son-Ma), Hanoï, puis Haïphong : peintures"
inde-indochine-reveil-saigonnais-c131a1,https://entreprises-coloniales.fr/inde-indochine/Reveil_saigonnais.pdf,company,Le Réveil saïgonnais,"Imprimerie, presse, édition",Indochine,Indochine,,,Réveil saïgonnais (Le)(Édouard Marquis)
inde-indochine-reynold-monnier-thu-duc-f9fbf3,https://entreprises-coloniales.fr/inde-indochine/Reynold_Monnier-Thu-duc.pdf,company,Monnier,Héveas et caoutchouc,Indochine,Indochine,,,"Monnier (Reynold)(Suisse) : Phuong-Phu (Thu-duc), puis Xuyên-Moc (Baria)"
inde-indochine-riehl-freres-yen-sinh-01ef08,https://entreprises-coloniales.fr/inde-indochine/Riehl_freres-Yen-Sinh.pdf,company,"Riehl, Yên-Sinh","Rizières, rizeries, négoce de riz et autres céréales",Indochine,Indochine,,,"Riehl (Gilbert et Joseph), Yên-Sinh : riziculture, élevage équin, élevage laitier, fromagerie"
inde-indochine-rietmann-poulet-zeltner-e18d2f,https://entreprises-coloniales.fr/inde-indochine/Rietmann_Poulet_Zeltner.pdf,company,Éts Rietmann-Poulet-Zeltner,Commerce,Indochine,Indochine,1933,,"Rietmann-Poulet-Zeltner (Éts)(Sarl, 1933), Saïgon, Pnom-Penh : import. textiles, parfumerie"
inde-indochine-rivaud-ic-1d5013,https://entreprises-coloniales.fr/inde-indochine/Rivaud-IC.pdf,company,Rivaud en Indochine,Groupes indochinois et dirigeants d'affaires diverses,Indochine,Indochine,,,Rivaud en Indochine
inde-indochine-rivoire-carret-indochine-3debec,https://entreprises-coloniales.fr/inde-indochine/Rivoire+Carret-Indochine.pdf,company,"Rivoire & Carret, Paris-Lyon-Marseille",Autres industries alimentaires,Indochine,Indochine,,,"Rivoire & Carret, Paris-Lyon-Marseille : En Indochine comme partout, la Femme apprécié le Macaroni Rivoire & Carret"
inde-indochine-riz-d-indochine-recettes-13fa41,https://entreprises-coloniales.fr/inde-indochine/Riz_d_Indochine_Recettes.pdf,company,Riz d'Indochine,"Rizières, rizeries, négoce de riz et autres céréales",Indochine,Indochine,,,"Riz d'Indochine : le chéri du cordon bleu (carnet de recettes, du potage aux entremets)(Havas, 1936)"
inde-indochine-riz-ic-denis-fr-32cf0d,https://entreprises-coloniales.fr/inde-indochine/Riz_IC_Denis_fr.pdf,company,Riz d'Indochine Denis frères,"Rizières, rizeries, négoce de riz et autres céréales",Indochine,Indochine,,,Riz d'Indochine Denis frères (S.A. des)
inde-indochine-rizerie-de-kampot-05ce9e,https://entreprises-coloniales.fr/inde-indochine/Rizerie_de_Kampot.pdf,company,Rizerie de Kampot,"Rizières, rizeries, négoce de riz et autres céréales",Indochine,Indochine,,,"Rizerie de Kampot, Phnom-Penh"
inde-indochine-rizerie-ngy-cheong-seng-76a0dc,https://entreprises-coloniales.fr/inde-indochine/Rizerie_Ngy-Cheong-Seng.pdf,company,Rizerie Ngy-Chéong-Seng,"Rizières, rizeries, négoce de riz et autres céréales",Indochine,Indochine,,,"Rizerie Ngy-Chéong-Seng, Cholon : faillite frauduleuse (1920)"
inde-indochine-rizerie-orient-cholon-3f3611,https://entreprises-coloniales.fr/inde-indochine/Rizerie_Orient-Cholon.pdf,company,Rizerie Orient,"Rizières, rizeries, négoce de riz et autres céréales",Indochine,Indochine,,,"Rizerie Orient (Speidel), Cholon"
inde-indochine-rizerie-saigonnaise-1882-1929-7aa535,https://entreprises-coloniales.fr/inde-indochine/Rizerie_saigonnaise_1882-1929.pdf,company,Rizerie saïgonnaise,"Rizières, rizeries, négoce de riz et autres céréales",Indochine,Indochine,1882,1929,Rizerie saïgonnaise (1882-1929)(R.I.S.A.)
inde-indochine-rizerie-thong-cholon-688ee4,https://entreprises-coloniales.fr/inde-indochine/Rizerie_Thong-Cholon.pdf,company,"Rizerie Nguyên-Chiêu-Thông, Binh-Dong","Rizières, rizeries, négoce de riz et autres céréales",Indochine,Indochine,,,"Rizerie Nguyên-Chiêu-Thông, Binh-Dong (Cholon) : ancienne Huilerie moderne. Établissement annamite en fief chinois"
inde-indochine-rizerie-tong-wo-01e010,https://entreprises-coloniales.fr/inde-indochine/Rizerie_Tong_Wo.pdf,company,Rizerie Tong Wo,"Rizières, rizeries, négoce de riz et autres céréales",Indochine,Indochine,,,"Rizerie Tong Wo, Cholon"
inde-indochine-rizeries-annam-central-7388fe,https://entreprises-coloniales.fr/inde-indochine/Rizeries_Annam-Central.pdf,company,"Société des Rizeries de l'Annam-Central, puis Commerciale et de rizeries de l'Annam, Tourane [Danang]","Rizières, rizeries, négoce de riz et autres céréales",Indochine,Indochine,,,"Rizeries de l'Annam-Central (Société des), puis Commerciale et de rizeries de l'Annam (Société)(SCERA), Tourane [Danang]"
inde-indochine-rizeries-annam-tonkin-decabb,https://entreprises-coloniales.fr/inde-indochine/Rizeries_Annam-Tonkin.pdf,company,Rizeries de l'Annam-Tonkin,"Rizières, rizeries, négoce de riz et autres céréales",Indochine,Indochine,1919,1925,"Rizeries de l'Annam-Tonkin (Société anonyme des)(1919-1925), Haïphong"
inde-indochine-rizeries-bassac-1928-1935-ea43b5,https://entreprises-coloniales.fr/inde-indochine/Rizeries_Bassac_(1928-1935).pdf,company,Rizeries du Bassac,"Rizières, rizeries, négoce de riz et autres céréales",Indochine,Indochine,1928,1935,Rizeries du Bassac (1928-1935)
inde-indochine-rizeries-de-la-seine-f3c384,https://entreprises-coloniales.fr/inde-indochine/Rizeries_de_la_Seine.pdf,company,Rizeries de la Seine,"Rizières, rizeries, négoce de riz et autres céréales",Indochine,Indochine,1912,1914,"Rizeries de la Seine (1912-1914), Paris, Haïphong"
inde-indochine-rizeries-du-mekong-c78635,https://entreprises-coloniales.fr/inde-indochine/Rizeries_du_Mekong.pdf,company,Rizeries du Mékong,"Rizières, rizeries, négoce de riz et autres céréales",Indochine,Indochine,1927,1932,"Rizeries du Mékong (1927-1932), Saïgon, Phu-Phong (Mytho)"
inde-indochine-rizeries-du-tonkin-4311f7,https://entreprises-coloniales.fr/inde-indochine/Rizeries_du_Tonkin.pdf,company,Rizeries du Tonkin,"Rizières, rizeries, négoce de riz et autres céréales",Indochine,Indochine,1909,1913,"Rizeries du Tonkin (1909-1913)(suite de la Rizerie tonkinoise), Haïphong"
inde-indochine-rizeries-extr-orient-b8647e,https://entreprises-coloniales.fr/inde-indochine/Rizeries_Extr.-Orient.pdf,company,Rizeries d'Extrême-Orient,"Rizières, rizeries, négoce de riz et autres céréales",Indochine,Indochine,1918,,"Rizeries d'Extrême-Orient (1918), Cholon : rachat de la rizerie Orient (anc. propriété Speidel) et de trois rizeries chinoises"
inde-indochine-rizeries-indochinoises-d1942e,https://entreprises-coloniales.fr/inde-indochine/Rizeries_indochinoises.pdf,company,Rizeries indochinoises,"Rizières, rizeries, négoce de riz et autres céréales",Indochine,Indochine,1910,,"Rizeries indochinoises (1910), Haïphong"
inde-indochine-rizeries-mediterranee-f85bcc,https://entreprises-coloniales.fr/inde-indochine/Rizeries_Mediterranee.pdf,company,Rizeries de la Méditerranée,"Rizières, rizeries, négoce de riz et autres céréales",Indochine,Indochine,1910,1927,Rizeries de la Méditerranée (Pellas frères)(1910-1927)
inde-indochine-rizeries-meridionales-26ba1a,https://entreprises-coloniales.fr/inde-indochine/Rizeries_meridionales.pdf,company,Rizeries méridionales,"Rizières, rizeries, négoce de riz et autres céréales",Indochine,Indochine,,,"Rizeries méridionales, Marseille"
inde-indochine-rizeries-pacifique-saigon-b634d2,https://entreprises-coloniales.fr/inde-indochine/Rizeries-Pacifique-Saigon.pdf,company,Rizeries du Pacifique,"Rizières, rizeries, négoce de riz et autres céréales",Indochine,Indochine,,,"Rizeries du Pacifique, Saïgon"
inde-indochine-rizeries-parisiennes-9e2cc8,https://entreprises-coloniales.fr/inde-indochine/Rizeries_parisiennes.pdf,company,"Rizeries parisiennes, Paris-Haïphong","Rizières, rizeries, négoce de riz et autres céréales",Indochine,Indochine,1915,1922,"Rizeries parisiennes (Anc. Éts Nicolas & Cie)(1915-1922), Paris-Haïphong"
inde-indochine-rizicole-de-battambang-418dc1,https://entreprises-coloniales.fr/inde-indochine/Rizicole_de_Battambang.pdf,company,Société rizicole de Battambang ou Rizicole de Battambang,"Rizières, rizeries, négoce de riz et autres céréales",Indochine,Indochine,1929,,"Battambang (Société rizicole de) ou Rizicole de Battambang (S.A., 1929) : 6.000 hectares"
inde-indochine-riziculture-indochinoise-3ebbb2,https://entreprises-coloniales.fr/inde-indochine/Riziculture_indochinoise.pdf,company,Riziculture indochinoise,"Rizières, rizeries, négoce de riz et autres céréales",Indochine,Indochine,,,"Riziculture indochinoise : documents divers, les riziculteurs français évincés (1947), propriétaires pressurés par la Banque de l'Indochine, faibles rendements, ta-diên misérables (1948)"
inde-indochine-robert-beau-hanoi-11cdbb,https://entreprises-coloniales.fr/inde-indochine/Robert_Beau-Hanoi.pdf,company,Beau,Commerce,Indochine,Indochine,,,"Beau (Robert), Hanoï, Haïphong : bijoutier-joaillier"
inde-indochine-robert-herisson-4c4ddf,https://entreprises-coloniales.fr/inde-indochine/Robert_Herisson.pdf,person,Hérisson,Santé,Indochine,Indochine,,,"Hérisson (Dr Robert)(1881-1973) : médecin à Nhatrang, planteur de café au Darlac, chantre de la Révolution nationale (1938-1946)"
inde-indochine-robert-moitessier-saigon-282321,https://entreprises-coloniales.fr/inde-indochine/Robert_Moitessier-Saigon.pdf,company,"Moitessier, Saïgon. Père de Bernard Moitessier, auteur d'un tour du monde à la voile sans escale",Commerce,Indochine,Indochine,,,"Moitessier (Robert), Saïgon. Père de Bernard Moitessier, auteur d'un tour du monde à la voile sans escale"
inde-indochine-robin-gougal-ic-1934-1936-a99ab7,https://entreprises-coloniales.fr/inde-indochine/Robin_gougal_IC_1934-1936.pdf,source_document,"Robin, gouverneur général de l'Indochine",Documents généraux (par ordre chronologique),Indochine,Indochine,,,"Robin (René), gouverneur général de l'Indochine (février 1934-septembre 1936)"
inde-indochine-rochat-bacninh-167153,https://entreprises-coloniales.fr/inde-indochine/Rochat-Bacninh.pdf,company,"Hôtel de Genève, Bac-ninh","Hôtellerie, tourisme",Indochine,Indochine,,,"Hôtel de Genève (Rochat), Bac-ninh"
inde-indochine-rochat-beaumont-tuyen-quang-36ec0f,https://entreprises-coloniales.fr/inde-indochine/Rochat-Beaumont-Tuyen-Quang.pdf,company,Rochat & Beaumont,Commerce,Indochine,Indochine,,,"Rochat & Beaumont, Tuyen-Quang"
inde-indochine-roger-duzan-planteur-658ff6,https://entreprises-coloniales.fr/inde-indochine/Roger_Duzan-planteur.pdf,person,Duzan,Héveas et caoutchouc,Indochine,Indochine,,,"Duzan (Roger)(1877-1931) : administrateur des services civils, marchand de biens, planteur"
inde-indochine-rondon-et-cie-1ade03,https://entreprises-coloniales.fr/inde-indochine/Rondon_et_Cie.pdf,company,Compagnie Générale de commerce,"Métallurgie, constructions mécaniques, électriques, navales",Indochine,Indochine,,,"Générale de commerce (Compagnie)(Rondon), Haïphong : fonderie d'étain"
inde-indochine-ronzet-jean-my-phuoc-5acfae,https://entreprises-coloniales.fr/inde-indochine/Ronzet_Jean-My-Phuoc.pdf,company,Ronzet,Héveas et caoutchouc,Indochine,Indochine,,,"Ronzet (Jean), My-Phuoc (prov. de Thu-dau-Mot)"
inde-indochine-roque-freres-haiphong-a8974f,https://entreprises-coloniales.fr/inde-indochine/Roque_freres-Haiphong.pdf,company,Roque frères,"Transports fluviaux, maritimes et aériens. Ports, phares",Indochine,Indochine,,,"Roque frères, Haïphong"
inde-indochine-rossi-canne-a-sucre-f04d57,https://entreprises-coloniales.fr/inde-indochine/Rossi-canne_à_sucre.pdf,company,"Rossi, pionnier de la canne à sucre",Autres industries alimentaires,Indochine,Indochine,,,"Rossi (Jean), pionnier de la canne à sucre"
inde-indochine-roubaud-vietnam-6711a7,https://entreprises-coloniales.fr/inde-indochine/Roubaud-Vietnam.pdf,source_document,"Roubaud, envoyé du Petit Parisien en Indochine . Série d'articles reprise dans Viêtnam ! La tragédie indochinoise . Suivi du débat devant le Club du Faubourg",Documents généraux (par ordre chronologique),Indochine,Indochine,1930,,"Roubaud (Louis), envoyé du Petit Parisien en Indochine (1930). Série d'articles reprise dans Viêtnam ! La tragédie indochinoise (1931). Suivi du débat devant le Club du Faubourg : Vanlande, Roubaud, Gautherot, Ferrandi, Monet (Paris, 7 mars 1931). Notes de lecture de Jean Guéhenno. Critique par Bauduin de Belleval"
inde-indochine-roume-gougal-ic-f2266b,https://entreprises-coloniales.fr/inde-indochine/Roume_gougal_IC.pdf,source_document,"Roume, gouverneur général de l'Indochine, suivi de Jean-François Charles, gouverneur général p.i.",Documents généraux (par ordre chronologique),Indochine,Indochine,,,"Roume (Ernest), gouverneur général de l'Indochine (janvier 1915-mai 1916), suivi de Jean-François Charles, gouverneur général p.i. (mai-décembre 1916)(106 p.)"
inde-indochine-rousselet-thi-cau-ec3ce2,https://entreprises-coloniales.fr/inde-indochine/Rousselet-Thi-cau.pdf,company,"Rousselet, Thi-cau","Élevage, abattage, boucherie",Indochine,Indochine,,,"Rousselet (Jean), Thi-cau (Dap-cau) : conserves de viandes, légumes et fruits"
inde-indochine-route-bacquang-laokay-380375,https://entreprises-coloniales.fr/inde-indochine/Route_Bacquang-Laokay.pdf,company,Route Bac-quang–Lao-Kay,Transports terrestres et garages,Indochine,Indochine,1939,1940,Route Bac-quang–Lao-Kay (Tonkin)(1939-1940)
inde-indochine-route-dong-dang-longtcheou-cbf9d6,https://entreprises-coloniales.fr/inde-indochine/Route_Dong-Dang_Longtcheou.pdf,company,Route Dong-Dang–Longtchéou,Transports terrestres et garages,Indochine,Indochine,,,Route Dong-Dang–Longtchéou (Tonkin-Chine) : inauguration (1923)
inde-indochine-route-mandarine-dc4567,https://entreprises-coloniales.fr/inde-indochine/Route_Mandarine.pdf,company,Route coloniale 1,Transports terrestres et garages,Indochine,Indochine,,,Route coloniale 1 (route Mandarine) : transindochinoise
inde-indochine-route-mongzuong-tien-yen-abb73e,https://entreprises-coloniales.fr/inde-indochine/Route_Mongzuong_Tien-Yen.pdf,company,Route Mongzuong–Tiên-Yên,Transports terrestres et garages,Indochine,Indochine,1938,1939,Route Mongzuong–Tiên-Yên (Tonkin)(1938-1939)
inde-indochine-route-saint-poulof-7cdea7,https://entreprises-coloniales.fr/inde-indochine/Route_Saint-Poulof.pdf,company,Route Suyut-Sonla,Transports terrestres et garages,Indochine,Indochine,,,Route Suyut-Sonla (« Route Saint-Poulof ») : débloquement du pays Thaï et du Haut-Laos (1932)
inde-indochine-rouzaud-tourane-3c5099,https://entreprises-coloniales.fr/inde-indochine/Rouzaud-Tourane.pdf,person,Rouzaud,"Transports fluviaux, maritimes et aériens. Ports, phares",Indochine,Indochine,,,"Rouzaud (Ernest), Tourane : négociant-armateur (1886-1894)"
inde-indochine-royal-crystal-palace-saigon-96f5a1,https://entreprises-coloniales.fr/inde-indochine/Royal_Crystal_Palace-Saigon.pdf,company,"The Royal Crystal Palace, Saïgon, rue Boresse",Cinémas et théâtres de l'Indochine (du nord au sud),Indochine,Indochine,,,"Royal Crystal Palace (The), Saïgon, rue Boresse : cinéma"
inde-indochine-ruggieri-ic-9be2fe,https://entreprises-coloniales.fr/inde-indochine/Ruggieri_IC.pdf,company,Société Indochinoise de Pyrotechnie,Industries diverses,Indochine,Indochine,1930,,"Indochinoise de Pyrotechnie (Société)(filiale des Papeteries de l'Indochine et des Éts Ruggieri)(1930), Dap-Cau : pétards"
inde-indochine-sacimi-hanoi-ae3d6d,https://entreprises-coloniales.fr/inde-indochine/SACIMI-Hanoi.pdf,company,Société Agricole Commerciale Immobilière Minière Industrielle,"Banque, gérance, assurances…",Indochine,Indochine,,,"Agricole Commerciale Immobilière Minière Industrielle (Société)(SACIMI), Hanoï"
inde-indochine-sacm-haiphong-a48c8d,https://entreprises-coloniales.fr/inde-indochine/SACM-Haiphong.pdf,company,Constructions mécaniques,"Métallurgie, constructions mécaniques, électriques, navales",Indochine,Indochine,,,"Constructions mécaniques (SACM)(Anc. Éts Robert, Guérin et Théard), Haïphong"
inde-indochine-sacre-coeur-dalat-1fedd2,https://entreprises-coloniales.fr/inde-indochine/Sacre-Coeur-Dalat.pdf,company,Sacré-Cœur,Entreprises religieuses,Indochine,Indochine,1941,,"Sacré-Cœur (1941), Dalat : pensionnat des frères des Écoles chrétiennes"
inde-indochine-sacric-63053a,https://entreprises-coloniales.fr/inde-indochine/SACRIC.pdf,company,Chalandage et remorquage de l’Indochine,"Transports fluviaux, maritimes et aériens. Ports, phares",Indochine,Indochine,,,Chalandage et remorquage de l’Indochine (SACRIC)(ex-Roque frères)
inde-indochine-sacta-quinhon-60a0f8,https://entreprises-coloniales.fr/inde-indochine/SACTA-Quinhon.pdf,company,Commerce et de transit d'Annam,Commerce,Indochine,Indochine,,,"Commerce et de transit d'Annam (Société anonyme de)(SACTA), Quinhon"
inde-indochine-sadec-bungalow-7fa245,https://entreprises-coloniales.fr/inde-indochine/Sadec-Bungalow.pdf,company,Bungalow,"Hôtellerie, tourisme",Indochine,Indochine,,,"Bungalow, Sadec"
inde-indochine-sadeca-0612c4,https://entreprises-coloniales.fr/inde-indochine/Sadeca.pdf,company,Société d'Exploitation et études de cultures en Annam,"Café, thé, épices, coco, quinquina, vanille",Indochine,Indochine,1936,,"Exploitation et études de cultures en Annam (Société d')(SADECA)(S.A., 1936), Djiring : café"
inde-indochine-safato-94480d,https://entreprises-coloniales.fr/inde-indochine/SAFATO.pdf,company,"Franco-Annamite de Transports Ouest, 1934",Transports terrestres et garages,Indochine,Indochine,,,"Franco-Annamite de Transports Ouest (Société anonyme)(SAFATO), 1934, Saïgon, Cantho"
inde-indochine-safic-alcan-ic-b47f7c,https://entreprises-coloniales.fr/inde-indochine/Safic-Alcan-IC.pdf,company,Alcan-Indochine,Héveas et caoutchouc,Indochine,Indochine,,,"Alcan-Indochine, Saïgon (groupe S.A. française pour l'importation de caoutchouc-SAFIC)"
inde-indochine-safimic-f43715,https://entreprises-coloniales.fr/inde-indochine/SAFIMIC.pdf,company,"Société Agricole, Financière Industrielle et Minière de l'Indochine",Groupes indochinois et dirigeants d'affaires diverses,Indochine,Indochine,,,"Agricole, Financière Industrielle et Minière de l'Indochine (Société)(Safimic), Hanoï"
inde-indochine-saica-9fda49,https://entreprises-coloniales.fr/inde-indochine/SAICA.pdf,company,"Industrie, commerce, agriculture",Commerce,Indochine,Indochine,,,"Industrie, commerce, agriculture (S.A.), Saïgon"
inde-indochine-saigon-amiral-l-c408df,https://entreprises-coloniales.fr/inde-indochine/Saigon-Amiral_(L').pdf,company,L'Amiral,"Hôtellerie, tourisme",Indochine,Indochine,,,"Amiral (L')(Paul Boyer), Saïgon : restaurant. Bal du 14 juillet 1959 organisé par les œuvres sociales de l'Association des Français libres"
inde-indochine-saigon-au-pagodon-2f820e,https://entreprises-coloniales.fr/inde-indochine/Saigon_Au_Pagodon.pdf,company,Au Pagodon,"Hôtellerie, tourisme",Indochine,Indochine,,,"Au Pagodon (Juliette Poullet), Saïgon : restaurant"
inde-indochine-saigon-cafe-de-l-union-d732ef,https://entreprises-coloniales.fr/inde-indochine/Saigon-Cafe_de_l_Union.pdf,company,"Café de l'Union, Saïgon, rue Catinat, 143","Hôtellerie, tourisme",Indochine,Indochine,,,"Café de l'Union, Saïgon, rue Catinat, 143"
inde-indochine-saigon-cafe-de-la-musique-2ff581,https://entreprises-coloniales.fr/inde-indochine/Saigon-Cafe_de_la_Musique.pdf,company,Café de la Musique et du Théâtre,"Hôtellerie, tourisme",Indochine,Indochine,,,"Café de la Musique et du Théâtre, Saïgon"
inde-indochine-saigon-caravelle-9867f8,https://entreprises-coloniales.fr/inde-indochine/Saigon-Caravelle.pdf,company,Hôtel Caravelle,"Hôtellerie, tourisme",Indochine,Indochine,,,"Hôtel Caravelle, Saïgon"
inde-indochine-saigon-cascade-thuduc-aae9cc,https://entreprises-coloniales.fr/inde-indochine/Saigon-Cascade_Thuduc.pdf,company,Cascade de Thuduc,"Hôtellerie, tourisme",Indochine,Indochine,,,"Cascade de Thuduc, Giadinh, Saïgon"
inde-indochine-saigon-caves-bordelaises-ed79a6,https://entreprises-coloniales.fr/inde-indochine/Saigon-Caves_bordelaises.pdf,company,Caves bordelaises,"Hôtellerie, tourisme",Indochine,Indochine,,,"Caves bordelaises (Marius Max Courtessole), Saïgon"
inde-indochine-saigon-cinema-enfants-ed6f92,https://entreprises-coloniales.fr/inde-indochine/Saigon-Cinema_enfants.pdf,company,"Cinéma des enfants, au Guignol et à la Société d'enseignement mutuel",Cinémas et théâtres de l'Indochine (du nord au sud),Indochine,Indochine,,,"Cinéma des enfants (Patronage laïque), au Guignol et à la Société d'enseignement mutuel, Saïgon"
inde-indochine-saigon-coq-d-or-604bb8,https://entreprises-coloniales.fr/inde-indochine/Saigon_Coq-d-or.pdf,company,Coq d'or,"Hôtellerie, tourisme",Indochine,Indochine,1927,,"Coq d'or (Casimir Payre)(1927), Saïgon : hôtel-restaurant"
inde-indochine-saigon-eden-cinema-b755fe,https://entreprises-coloniales.fr/inde-indochine/Saigon-Eden_Cinema.pdf,company,"Éden Cinéma, rue Catinat",Cinémas et théâtres de l'Indochine (du nord au sud),Indochine,Indochine,,,"Éden Cinéma, rue Catinat, Saïgon"
inde-indochine-saigon-garage-seic-1cbd89,https://entreprises-coloniales.fr/inde-indochine/Saigon-Garage_SEIC.pdf,company,"Société d'exploitation industrielle et commerciale Saïgon Garage, Simca, Berliet, Studebaker",Transports terrestres et garages,Indochine,Indochine,,,"Saïgon Garage (Ancien Garage Astello)(Société d'exploitation industrielle et commerciale)(Félix Losq), Simca, Berliet, Studebaker"
inde-indochine-saigon-grand-balcon-9968f7,https://entreprises-coloniales.fr/inde-indochine/Saigon-Grand_Balcon.pdf,company,"Hôtel du Grand Balcon, puis Hôtel des Balcons","Hôtellerie, tourisme",Indochine,Indochine,,,"Hôtel du Grand Balcon, puis Hôtel des Balcons, Saïgon"
inde-indochine-saigon-grand-hotel-bb7692,https://entreprises-coloniales.fr/inde-indochine/Saigon-Grand_hotel.pdf,company,Grand Hôtel de Saïgon,"Hôtellerie, tourisme",Indochine,Indochine,1928,1932,Grand Hôtel de Saïgon (Lachevrotière)(1928-1932)
inde-indochine-saigon-grand-hotel-d-annam-13b13c,https://entreprises-coloniales.fr/inde-indochine/Saigon-Grand_Hotel_d_Annam.pdf,company,"Grand Hôtel d'Annam, Saïgon, boulevard de la Somme","Hôtellerie, tourisme",Indochine,Indochine,1926,,"Grand Hôtel d'Annam, Saïgon, boulevard de la Somme (1926)"
inde-indochine-saigon-hotel-continental-f0b403,https://entreprises-coloniales.fr/inde-indochine/Saigon-Hotel_Continental.pdf,company,Hôtel Continental,"Hôtellerie, tourisme",Indochine,Indochine,,,"Hôtel Continental, Saïgon : Pierre Cazeaux, Charles Grosstephan, Féraudy, Montpensier, Frasseto, Franchini… Le Perroquet, la Potinière, le Perchoir"
inde-indochine-saigon-hotel-d-annam-b1ef29,https://entreprises-coloniales.fr/inde-indochine/Saigon-Hotel_d_Annam.pdf,company,"Hôtel d'Annam, Saïgon, rue Carabelli","Hôtellerie, tourisme",Indochine,Indochine,,,"Hôtel d'Annam, Saïgon, rue Carabelli : établissement annamite"
inde-indochine-saigon-hotel-de-france-361ffa,https://entreprises-coloniales.fr/inde-indochine/Saigon-Hotel_de_France.pdf,company,Hôtel de France,"Hôtellerie, tourisme",Indochine,Indochine,,,"Hôtel de France, Saïgon"
inde-indochine-saigon-hotel-de-la-terrasse-3800ad,https://entreprises-coloniales.fr/inde-indochine/Saigon-Hotel_de_la_Terrasse.pdf,company,Hôtel café restaurant de la Terrasse,"Hôtellerie, tourisme",Indochine,Indochine,,,"Hôtel café restaurant de la Terrasse, Saïgon"
inde-indochine-saigon-hotel-dfa058,https://entreprises-coloniales.fr/inde-indochine/Saigon_Hotel.pdf,company,"Saïgon Hôtel, Saïgon, rue Catinat, 157","Hôtellerie, tourisme",Indochine,Indochine,,,"Saïgon Hôtel (Joseph Guérain)(fin XIXe siècle), Saïgon, rue Catinat, 157"
inde-indochine-saigon-hotel-du-casino-e2e05f,https://entreprises-coloniales.fr/inde-indochine/Saigon-Hotel_du_Casino.pdf,company,Hôtel du Casino,"Hôtellerie, tourisme",Indochine,Indochine,,,"Hôtel du Casino, Saïgon"
inde-indochine-saigon-hotel-nations-13949b,https://entreprises-coloniales.fr/inde-indochine/Saigon-Hotel_Nations.pdf,company,"Hôtel des Nations, puis Grand Hôtel des Nations","Hôtellerie, tourisme",Indochine,Indochine,,,"Hôtel des Nations, puis Grand Hôtel des Nations, Saïgon"
inde-indochine-saigon-le-lido-907407,https://entreprises-coloniales.fr/inde-indochine/Saigon_Le_Lido.pdf,company,"Le Lido, Saïgon, route de Thuduc","Hôtellerie, tourisme",Indochine,Indochine,1934,,"Lido (Le)(1934)(ex-Oasis), Saïgon, route de Thuduc : dancing, piscine, restaurant"
inde-indochine-saigon-majestic-79feef,https://entreprises-coloniales.fr/inde-indochine/Saigon-Majestic.pdf,company,Hôtel Majestic,"Hôtellerie, tourisme",Indochine,Indochine,,,"Hôtel Majestic, Saïgon"
inde-indochine-saigon-marine-supply-b855f3,https://entreprises-coloniales.fr/inde-indochine/Saigon_Marine_Supply.pdf,company,Saigon Marine Supply C°,Commerce,Indochine,Indochine,,,Saigon Marine Supply C° (Jean-Émile Vacher) : shipchandler et shipbroker
inde-indochine-saigon-municipalites-11232c,https://entreprises-coloniales.fr/inde-indochine/Saigon-municipalites.pdf,source_document,Les municipalités de Saïgon,Organismes représentatifs. — Listes électorales (du nord au sud),Indochine,Indochine,,,"Les municipalités de Saïgon : maires, présidents de commissions municipales, conseillers municipaux"
inde-indochine-saigon-port-commerce-809494,https://entreprises-coloniales.fr/inde-indochine/Saigon-port-commerce.pdf,company,Port de commerce de Saïgon,"Transports fluviaux, maritimes et aériens. Ports, phares",Indochine,Indochine,,,Port de commerce de Saïgon
inde-indochine-saigon-relais-50891f,https://entreprises-coloniales.fr/inde-indochine/Saigon-Relais.pdf,company,"Le Relais, night club","Hôtellerie, tourisme",Indochine,Indochine,,,"Relais (Le)(Garriguez), night club, Saïgon"
inde-indochine-saigon-republicain-4a7378,https://entreprises-coloniales.fr/inde-indochine/Saigon-Republicain.pdf,company,Saïgon Républicain,"Imprimerie, presse, édition",Indochine,Indochine,1924,1930,Saïgon Républicain (1924-1930) : radical et radical-socialiste
inde-indochine-saigon-rotonde-a1c61b,https://entreprises-coloniales.fr/inde-indochine/Saigon-Rotonde.pdf,company,Rotonde,"Hôtellerie, tourisme",Indochine,Indochine,,,"Rotonde (Grand Hôtel de la), Saïgon"
inde-indochine-saigon-saigon-palace-d4fe31,https://entreprises-coloniales.fr/inde-indochine/Saigon-Saigon-Palace.pdf,company,Saïgon-Palace,"Hôtellerie, tourisme",Indochine,Indochine,,,"Saïgon-Palace (Héral, Luciani, puis Giorgetti), Saïgon"
inde-indochine-saigon-univers-e5fb58,https://entreprises-coloniales.fr/inde-indochine/Saigon-Univers.pdf,company,Hôtel de l'Univers,"Hôtellerie, tourisme",Indochine,Indochine,,,"Hôtel de l'Univers, Saïgon"
inde-indochine-saigon-waterboat-cy-c5dea1,https://entreprises-coloniales.fr/inde-indochine/Saigon_Waterboat_Cy.pdf,company,"Saigon Waterboat Company, puis Affréteurs fluviaux indochinois","Transports fluviaux, maritimes et aériens. Ports, phares",Indochine,Indochine,,,"Saigon Waterboat Company, puis Affréteurs fluviaux indochinois"
inde-indochine-saigonnaise-navigation-d04365,https://entreprises-coloniales.fr/inde-indochine/Saigonnaise_navigation.pdf,company,Compagnie Saïgonnaise de navigation et de transport,"Transports fluviaux, maritimes et aériens. Ports, phares",Indochine,Indochine,1927,1938,Saïgonnaise de navigation et de transport (Compagnie)(CSNT)(1927-1938) : desserte du Laos par le Mékong. Un monopole contesté
inde-indochine-saint-freres-indoch-32f8df,https://entreprises-coloniales.fr/inde-indochine/Saint_freres-Indoch.pdf,company,Saint frères-Indochine,Cuirs et textiles,Indochine,Indochine,,,"Saint frères-Indochine, Hanoï"
inde-indochine-saintard-nhia-hop-0050a5,https://entreprises-coloniales.fr/inde-indochine/Saintard-Nhia-Hop.pdf,company,"Saintard, Nhia-Hop","Rizières, rizeries, négoce de riz et autres céréales",Indochine,Indochine,,,"Saintard (Albert), Nhia-Hop (Nord-Annam) : riz, maïs, élevage"
inde-indochine-salines-de-l-indoch-91f2f8,https://entreprises-coloniales.fr/inde-indochine/Salines_de_l_Indoch.pdf,company,Salines de l'Indochine,Mines,Indochine,Indochine,1929,,"Salines de l'Indochine (S.A., 1929) : baie de Cana"
inde-indochine-salines-de-quat-lam-3505f5,https://entreprises-coloniales.fr/inde-indochine/Salines_de_Quat-Lam.pdf,company,Salines de Quat-Lâm,Mines,Indochine,Indochine,,,Salines de Quat-Lâm (Nam-Dinh)
inde-indochine-salines-de-trai-ca-5748b6,https://entreprises-coloniales.fr/inde-indochine/Salines_de_Trai-Ca.pdf,company,"Salines de Trai-Ca, Cam-ranh",Mines,Indochine,Indochine,,,"Salines de Trai-Ca, Cam-ranh"
inde-indochine-salines-sud-annam-bb3d54,https://entreprises-coloniales.fr/inde-indochine/Salines_Sud-Annam.pdf,company,"Salines du Sud-Annam, Tu-Bong",Mines,Indochine,Indochine,,,"Salines du Sud-Annam, Tu-Bong (Nhatrang)"
inde-indochine-salle-des-ventes-hanoi-3b8242,https://entreprises-coloniales.fr/inde-indochine/Salle_des_ventes-Hanoi.pdf,company,Salle des ventes,Commerce,Indochine,Indochine,,,"Salle des ventes (ou Hôtel des ventes), Hanoï : Th. Weil, Victor Polini, Genevois, Joseph Boyé, Jules Benoît, Fernand Fleury, Georges Terrien, André Lacoste, Dominique Giorgi, commissaires-priseurs"
inde-indochine-salle-des-ventes-saigon-cf0ea1,https://entreprises-coloniales.fr/inde-indochine/Salle_des_ventes-Saigon.pdf,company,Salle des ventes,Commerce,Indochine,Indochine,,,"Salle des ventes, Saïgon"
inde-indochine-salon-artistes-indochinois-saigon-1930-76aa22,https://entreprises-coloniales.fr/inde-indochine/Salon_artistes_indochinois_Saigon_1930.pdf,company,Salon des artistes indochinois,"Artistes peintres, sculpteurs et galeries",Indochine,Indochine,,,"Salon des artistes indochinois, Saïgon (septembre 1930) : préambule à l'Exposition coloniale de Vincennes"
inde-indochine-sam-neua-routes-1944-9a28c5,https://entreprises-coloniales.fr/inde-indochine/Sam-neua_routes_1944.pdf,company,Sam-neua,Transports terrestres et garages,Indochine,Indochine,,,Sam-neua (Laos) : le réseau routier (1944)
inde-indochine-samanal-15b7e7,https://entreprises-coloniales.fr/inde-indochine/Samanal.pdf,company,Société des Messageries automobiles Nord Annam-Laos,Transports terrestres et garages,Indochine,Indochine,,,"Messageries automobiles Nord Annam-Laos (Société des)(Samanal), Vinh"
inde-indochine-samipic-saigon-078636,https://entreprises-coloniales.fr/inde-indochine/SAMIPIC-Saigon.pdf,company,"Société pour l'amélioration morale, intellectuelle et physique des indigènes de la Cochinchine SAMIPIC","Enseignement, recherche, sociétés savantes, musées…",Indochine,Indochine,,,"SAMIPIC (Société pour l'amélioration morale, intellectuelle et physique des indigènes de la Cochinchine), Saïgon"
inde-indochine-samson-hotel-reynaud-a2b337,https://entreprises-coloniales.fr/inde-indochine/Samson-Hotel_Reynaud.pdf,company,"Hôtels Nhiêu, Fortin, Grangier, Reynaud, Robinson, Flots bleus, à Samson","Hôtellerie, tourisme",Indochine,Indochine,,,"Hôtels Nhiêu, Fortin, Grangier, Reynaud, Robinson, Flots bleus, à Samson"
inde-indochine-samuel-meyer-hanoi-68455e,https://entreprises-coloniales.fr/inde-indochine/Samuel_Meyer-Hanoi.pdf,company,Meyer,Commerce,Indochine,Indochine,,,"Meyer (Samuel), Hanoï : horloger-bijoutier, marchand de musique"
inde-indochine-samuel-samuel-haiphong-4d207a,https://entreprises-coloniales.fr/inde-indochine/Samuel_Samuel-Haiphong.pdf,person,Samuel,Commerce,Indochine,Indochine,,,"Samuel (Samuel)(1842-1901), Haïphong : pharmacie, droguerie, glace, boissons gazeuses, sirop, immobilier, investissements"
inde-indochine-sanatorium-buissons-3385c3,https://entreprises-coloniales.fr/inde-indochine/Sanatorium_Buissons.pdf,company,Sanatorium militaire coopératif de l'île aux Buissons,Santé,Indochine,Indochine,,,Sanatorium militaire coopératif de l'île aux Buissons (baie d'Along)
inde-indochine-sanatorium-frigorifique-saigon-5f6306,https://entreprises-coloniales.fr/inde-indochine/Sanatorium_frigorifique-Saigon.pdf,company,Sanatorium frigorifique de Saïgon,Santé,Indochine,Indochine,1897,1898,Sanatorium frigorifique de Saïgon (1897-1898) : un projet fantomatique
inde-indochine-sapeques-et-ligatures-300e53,https://entreprises-coloniales.fr/inde-indochine/Sapeques_et_ligatures.pdf,source_document,"Sapèques, tiêns et ligatures",Le système monétaire indochinois,Indochine,Indochine,,,"Sapèques, tiêns et ligatures : le casse-tête de la petite monnaie"
inde-indochine-sapheo-haiphong-debca1,https://entreprises-coloniales.fr/inde-indochine/SAPHEO-Haiphong.pdf,company,Produits d'hygiène d'Extrême-Orient,Industries diverses,Indochine,Indochine,,,"Produits d'hygiène d'Extrême-Orient (SAPHEO)(Bénévisi), Haïphong"
inde-indochine-sarraut-gougal-ic-7061ef,https://entreprises-coloniales.fr/inde-indochine/Sarraut-gougal_IC.pdf,source_document,"Albert Sarraut, gouverneur général de l'Indochine . — Joost van Vollenhoven, gouverneur général par interim",Documents généraux (par ordre chronologique),Indochine,Indochine,,,"Albert Sarraut, gouverneur général de l'Indochine (mars 1911-août 1914, janvier 1917-mai 1919). — Joost van Vollenhoven, gouverneur général par interim (août 1914-janvier 1915)"
inde-indochine-satan-refractaires-d44545,https://entreprises-coloniales.fr/inde-indochine/Satan_refractaires.pdf,company,"Manufacture de produits réfractaires Satan, Binh-Thung","Bâtiment-travaux publics, matériaux de construction, céramiques",Indochine,Indochine,,,"Satan (Manufacture de produits réfractaires), Binh-Thung (Giadinh)"
inde-indochine-satarif-tourane-c2000d,https://entreprises-coloniales.fr/inde-indochine/SATARIF-Tourane.pdf,company,"Transports automobiles réunis de l'Indochine française, transports en commun, hôtellerie",Transports terrestres et garages,Indochine,Indochine,,,"Transports automobiles réunis de l'Indochine française (SATARIF), transports en commun, hôtellerie, Tourane"
inde-indochine-satic-catalogue-1928-341eec,https://entreprises-coloniales.fr/inde-indochine/SATIC-Catalogue-1928.pdf,company,Tuileries de l'Indochine,"Bâtiment-travaux publics, matériaux de construction, céramiques",Indochine,Indochine,,,Tuileries de l'Indochine (SATIC) : catalogue (1928)
inde-indochine-sauvage-et-cottu-1d38fb,https://entreprises-coloniales.fr/inde-indochine/Sauvage_et_Cottu.pdf,company,"Sauvage, Cottu et Cie",Industries diverses,Indochine,Indochine,1914,1920,"Sauvage, Cottu et Cie, Haïphong (1914-1920) : huiles, peintures, vernis, mastics"
inde-indochine-sauvetage-hevea-gougal-779828,https://entreprises-coloniales.fr/inde-indochine/Sauvetage_hevea_gougal.pdf,company,Sauvetage de l'hévéaculture par le gouvernement général,Héveas et caoutchouc,Indochine,Indochine,1930,1934,Sauvetage de l'hévéaculture par le gouvernement général (1930-1934)
inde-indochine-savannakhet-bungalow-7e3b6b,https://entreprises-coloniales.fr/inde-indochine/Savannakhet-Bungalow.pdf,company,Bungalow,"Hôtellerie, tourisme",Indochine,Indochine,,,"Bungalow, Savannakhet"
inde-indochine-savonniere-indochine-cholon-7fbccd,https://entreprises-coloniales.fr/inde-indochine/Savonniere_Indochine-Cholon.pdf,company,Société Savonnière d'Indochine et Huilerie Delauney — Corps gras d’Indochine,Industries diverses,Indochine,Indochine,,,"Savonnière d'Indochine (Société) et Huilerie Delauney (Eugène Valéry) — Corps gras d’Indochine, Cholon"
inde-indochine-scai-reinhorn-bca94b,https://entreprises-coloniales.fr/inde-indochine/SCAI-Reinhorn.pdf,company,"Société Commerciale agricole indochinoise, Kompong Speu",Cuirs et textiles,Indochine,Indochine,,,"Commerciale agricole indochinoise (Société), Kompong Speu (Cambodge) : cotoń"
inde-indochine-scama-ford-3d909e,https://entreprises-coloniales.fr/inde-indochine/SCAMA-Ford.pdf,company,SCAMA,Transports terrestres et garages,Indochine,Indochine,,,"SCAMA (Coloniale — puis commerciale — d'automobiles et de matériel agricole), Saïgon, Pnom-Penh : Ford. Concours d'élégance automobile"
inde-indochine-scandales-des-plantations-1928-4dc802,https://entreprises-coloniales.fr/inde-indochine/Scandales_des_plantations-1928.pdf,company,Les scandales des plantations,Héveas et caoutchouc,Indochine,Indochine,1928,,Les scandales des plantations (1928) : comment sont traités assistants et coolies en Indochine et aux Indes néerlandaises
inde-indochine-schaller-hanam-f4c30a,https://entreprises-coloniales.fr/inde-indochine/Schaller-Hanam.pdf,company,"Roux et Schaller, Hanam","Café, thé, épices, coco, quinquina, vanille",Indochine,Indochine,,,"Roux (Léon) et Schaller (Fernand), Hanam : café…"
inde-indochine-schiess-lachal-hanoi-6120fe,https://entreprises-coloniales.fr/inde-indochine/Schiess&Lachal-Hanoi.pdf,company,Lachal,Commerce,Indochine,Indochine,,,"Lachal (Louis, puis Silas-Victor dit Maurice)(Ancienne maison H.L. Schiess), Hanoï"
inde-indochine-schneider-catalogue-cliches-efb6f5,https://entreprises-coloniales.fr/inde-indochine/Schneider-Catalogue_cliches.pdf,company,Schneider,"Imprimerie, presse, édition",Indochine,Indochine,,,"Schneider (François-Henri), Hanoï : catalogue des clichés (1900)"
inde-indochine-schneider-freres-hanoi-6ca545,https://entreprises-coloniales.fr/inde-indochine/Schneider_freres-Hanoi.pdf,company,"Schneider, imprimeurs-libraires, Hanoï. Succursales à Haïphong et Saïgon","Imprimerie, presse, édition",Indochine,Indochine,,,"Schneider (Ernest et François-Henri), imprimeurs-libraires, Hanoï. Succursales à Haïphong et Saïgon"
inde-indochine-schultz-griffe-jauniers-f13187,https://entreprises-coloniales.fr/inde-indochine/Schultz-Griffe_Jauniers.pdf,company,"Schultz, Dans la griffe des jauniers, La Sampanier de la baie d'Along",Recruteurs de main-d'œuvre (engagistes),Indochine,Indochine,1931,,"Schultz (Yvonne), Dans la griffe des jauniers (1931), La Sampanier de la baie d'Along (1932)"
inde-indochine-schwob-d-hericourt-g-0d62ac,https://entreprises-coloniales.fr/inde-indochine/Schwob_d_Hericourt_G.pdf,person,Schwob d'Héricourt,Autres industries alimentaires,Indochine,Indochine,,,Schwob d'Héricourt (Georges)(1864-1942)
inde-indochine-schwob-d-hericourt-james-8feb91,https://entreprises-coloniales.fr/inde-indochine/Schwob_d_Hericourt_James.pdf,person,Schwob d'Héricourt,Commerce,Indochine,Indochine,,,Schwob d'Héricourt (James)(1874-1939)
inde-indochine-scic-saigon-c5a80c,https://entreprises-coloniales.fr/inde-indochine/SCIC-Saigon.pdf,company,"Société Civile Immobilière de Cochinchine, Saïgon, 61, rue Pellerin",Sociétés foncières et immobilières,Indochine,Indochine,,,"Civile Immobilière de Cochinchine (Société)(SCIC), Saïgon, 61, rue Pellerin"
inde-indochine-scierie-aviat-dran-f14ee4,https://entreprises-coloniales.fr/inde-indochine/Scierie_Aviat-Dran.pdf,company,"Aviat, scierie, Dran","Bois, meubles, papier, allumettes",Indochine,Indochine,,,"Aviat, scierie, Dran (Sud-Annam)"
inde-indochine-scierie-constantis-hanoi-932ba2,https://entreprises-coloniales.fr/inde-indochine/Scierie_Constantis-Hanoi.pdf,company,Scierie de la Gare,"Bois, meubles, papier, allumettes",Indochine,Indochine,,,"Scierie de la Gare (Jean Constantis), Hanoï"
inde-indochine-scierie-de-cai-sau-3bf74d,https://entreprises-coloniales.fr/inde-indochine/Scierie_de_Cai-sau.pdf,company,"Charvolin, Estève et Girard, Cai-Sau, près Bac-Lê","Bois, meubles, papier, allumettes",Indochine,Indochine,,,"Charvolin, Estève et Girard, Cai-Sau, près Bac-Lê : scierie"
inde-indochine-scieries-allumettes-thanhhoa-b8aa16,https://entreprises-coloniales.fr/inde-indochine/Scieries_allumettes_Thanhhoa.pdf,company,Société des Scieries et de fabriques d'allumettes de Thanh-hoa,"Bois, meubles, papier, allumettes",Indochine,Indochine,,,Scieries et de fabriques d'allumettes de Thanh-hoa (Société des) : participation de la Standard Match
inde-indochine-scieries-arbre-broye-2fdc18,https://entreprises-coloniales.fr/inde-indochine/Scieries_Arbre-Broye.pdf,company,Scieries de l'Arbre-Broyé,"Bois, meubles, papier, allumettes",Indochine,Indochine,,,"Scieries de l'Arbre-Broyé, Dalat"
inde-indochine-secdl-hanoi-67d3e3,https://entreprises-coloniales.fr/inde-indochine/SECDL-Hanoi.pdf,company,Carbonisation et de distillation de Locbinh,"Bois, meubles, papier, allumettes",Indochine,Indochine,,,"Carbonisation et de distillation de Locbinh (Société civile d'étude de), Hanoï : chantiers dans la région de Nadzuong"
inde-indochine-sedric-dommages-guerre-1dd1b3,https://entreprises-coloniales.fr/inde-indochine/SEDRIC_dommages_guerre.pdf,company,Société d'Études et de documentation pour la reconstruction en Indochine puis Société d'études et de documentation pour la reconstitution en Indochine,"Banque, gérance, assurances…",Indochine,Indochine,1947,,"Études et de documentation pour la reconstruction en Indochine (Société d')(SEDRIC)(S.A., 1947) puis Société d'études et de documentation pour la reconstitution en Indochine, Saïgon"
inde-indochine-seemi-30afdb,https://entreprises-coloniales.fr/inde-indochine/SEEMI.pdf,company,Société d'Études et d'exploitations minières de l’Indochine,Mines,Indochine,Indochine,1922,1975,Études et d'exploitations minières de l’Indochine (Société d')(SEEMI)(1922-1975) : étain au Laos
inde-indochine-sefeo-1917-1925-c5b48d,https://entreprises-coloniales.fr/inde-indochine/SEFEO_1917-1925.pdf,company,Société Expansion française en Extrême-Orient,"Banque, gérance, assurances…",Indochine,Indochine,1917,1925,Expansion française en Extrême-Orient (Société)(1917-1925)
inde-indochine-segi-saigon-06d7ce,https://entreprises-coloniales.fr/inde-indochine/SEGI-Saigon.pdf,company,Société d'Études générales indochinoises,"Banque, gérance, assurances…",Indochine,Indochine,1926,,"Études générales indochinoises (Société d')(1926), Saïgon"
inde-indochine-seicat-0b31cb,https://entreprises-coloniales.fr/inde-indochine/SEICAT.pdf,company,Société Études industrielles et commerciales de l’Annam et du Tonkin,"Bâtiment-travaux publics, matériaux de construction, céramiques",Indochine,Indochine,1891,1900,Études industrielles et commerciales de l’Annam et du Tonkin (Société)(1891-1900)
inde-indochine-sellette-annamite-1-06b633,https://entreprises-coloniales.fr/inde-indochine/Sellette_annamite-1.pdf,company,Sellette annamite,"Bois, meubles, papier, allumettes",Indochine,Indochine,,,Sellette annamite : dragon enroulé dans la circonférence d'un cylindre avec axe central dégagé de la masse. Variantes
inde-indochine-sellette-annamite-2-2068ac,https://entreprises-coloniales.fr/inde-indochine/Sellette_annamite-2.pdf,company,Sellettes annamites,"Bois, meubles, papier, allumettes",Indochine,Indochine,,,"Sellettes annamites : colonne entourée d'un dragon : quatre modèles, dont un photographié en 1888"
inde-indochine-sellette-annamite-3-1307ce,https://entreprises-coloniales.fr/inde-indochine/Sellette_annamite-3.pdf,company,Sellette de Sontay,"Bois, meubles, papier, allumettes",Indochine,Indochine,1930,,Sellette de Sontay (1930) : dragon enroulé autour de tiges de bambous
inde-indochine-sellette-annamite-4-738405,https://entreprises-coloniales.fr/inde-indochine/Sellette_annamite-4.pdf,company,Sellettes annamites,"Bois, meubles, papier, allumettes",Indochine,Indochine,,,Sellettes annamites : dragon enroulé autour de tiges de bambous (Musée de Hanoï). Variante
inde-indochine-sellette-annamite-5-db3708,https://entreprises-coloniales.fr/inde-indochine/Sellette_annamite-5.pdf,company,Sellettes-lutrins à la cathédrale Saint-Joseph de Hanoï,"Bois, meubles, papier, allumettes",Indochine,Indochine,,,Sellettes-lutrins à la cathédrale Saint-Joseph de Hanoï : dragon enroulé autour de tiges de bambous verticales
inde-indochine-sellette-annamite-6-07159d,https://entreprises-coloniales.fr/inde-indochine/Sellette_annamite-6.pdf,company,Sellettes annamites,"Bois, meubles, papier, allumettes",Indochine,Indochine,,,"Sellettes annamites : dragon sans axe : Musée de Hanoï, variantes"
inde-indochine-sellette-annamite-7-8cc8c3,https://entreprises-coloniales.fr/inde-indochine/Sellette_annamite-7.pdf,company,Sellettes annamites Art déco,"Bois, meubles, papier, allumettes",Indochine,Indochine,,,Sellettes annamites Art déco : le dragon comme axe. Variante en forme de porte-manteau
inde-indochine-sellette-annamite-8-f68797,https://entreprises-coloniales.fr/inde-indochine/Sellette_annamite-8.pdf,company,Sellettes annamites Art déco,"Bois, meubles, papier, allumettes",Indochine,Indochine,,,Sellettes annamites Art déco (paire) : dragon sur tortue
inde-indochine-semae-0351da,https://entreprises-coloniales.fr/inde-indochine/SEMAE.pdf,company,Société d'Exploitation de matériel agricole et d’entreprise,Transports terrestres et garages,Indochine,Indochine,,,"Exploitation de matériel agricole et d’entreprise (Société d'), Saïgon"
inde-indochine-semic-1905-1910-92ea2a,https://entreprises-coloniales.fr/inde-indochine/SEMIC_1905-1910.pdf,company,Société Électrique et Mécanique d’Indo-Chine,"Bâtiment-travaux publics, matériaux de construction, céramiques",Indochine,Indochine,1905,1910,Électrique et Mécanique d’Indo-Chine (Société)(1905-1910) : filiale de la Thomson-Houston
inde-indochine-seng-tek-faillite-187a6a,https://entreprises-coloniales.fr/inde-indochine/Seng-Tek_faillite.pdf,company,Seng-Tek,Commerce,Indochine,Indochine,,,"Seng-Tek, Saïgon : leçons d'une faillite chinoise (1930)"
inde-indochine-sequanaise-ic-29bcd2,https://entreprises-coloniales.fr/inde-indochine/Sequanaise-IC.pdf,company,Extrême-Orient capitalisation,"Banque, gérance, assurances…",Indochine,Indochine,1933,,"Extrême-Orient capitalisation (La Séquanaise)(1933- ), Hanoï"
inde-indochine-serge-mechin-phanthiet-86bf81,https://entreprises-coloniales.fr/inde-indochine/Serge_Mechin-Phanthiet.pdf,company,Méchin,"Bois, meubles, papier, allumettes",Indochine,Indochine,,,"Méchin (Serge), Phanthiêt : colon et exploitant forestier"
inde-indochine-servais-durban-1871-1942-af113c,https://entreprises-coloniales.fr/inde-indochine/Servais_Durban_1871-1942.pdf,person,Durban,Groupes indochinois et dirigeants d'affaires diverses,Indochine,Indochine,,,"Durban (Servais)(1871-1942) : greffier-notaire en Cochinchine, puis à Haïphong, propriétaire hippique, riziculteur. Condamné en 1935 à cinq ans de prison."
inde-indochine-service-correspondances-automobiles-langbian-eb2fd9,https://entreprises-coloniales.fr/inde-indochine/Service_correspondances_automobiles_Langbian.pdf,company,"Service des correspondances automobiles du Langbian, Dalat-Nhatrang",Transports terrestres et garages,Indochine,Indochine,,,"Service des correspondances automobiles du Langbian (SCAL), Dalat-Nhatrang"
inde-indochine-service-forestier-indochine-ff6c89,https://entreprises-coloniales.fr/inde-indochine/Service_forestier_Indochine.pdf,company,le Service forestier de l'Indochine,"Bois, meubles, papier, allumettes",Indochine,Indochine,,,le Service forestier de l'Indochine
inde-indochine-service-geographique-indochine-b47dcc,https://entreprises-coloniales.fr/inde-indochine/Service_geographique_Indochine.pdf,company,Service géographique de l'Indochine,"Enseignement, recherche, sociétés savantes, musées…",Indochine,Indochine,1899,,"Service géographique de l'Indochine (1899) : comprenant une Note sur l'Histoire de la cartographie indochinoise (1909), de Claudius-Eugène Maitre (EFEO)"
inde-indochine-service-mines-indochine-6c75e3,https://entreprises-coloniales.fr/inde-indochine/Service_mines_Indochine.pdf,company,"Le Service des mines de l'Indochine, par Marc Mouscadet",Mines,Indochine,Indochine,,,"Service des mines de l'Indochine (Le), par Marc Mouscadet"
inde-indochine-setega-c45ce3,https://entreprises-coloniales.fr/inde-indochine/Setega.pdf,company,"Société d'Entreprises, de transports et de garages d'Annam",Transports terrestres et garages,Indochine,Indochine,,,"Entreprises, de transports et de garages d'Annam (Société d')(Sétéga), Quinhon"
inde-indochine-seuf-de1bf5,https://entreprises-coloniales.fr/inde-indochine/SEUF.pdf,company,Société d’Équipement électrique et mécanique pour l'Union française,Commerce,Indochine,Indochine,,,"Équipement électrique et mécanique pour l'Union française (Société d’)(S.E.U.F.), Saïgon, Huê"
inde-indochine-sfadeo-583ecc,https://entreprises-coloniales.fr/inde-indochine/SFADEO.pdf,company,Société française d'Approvisionnement et de distribution pour l'Extrême-Orient,Commerce,Indochine,Indochine,1946,,"Approvisionnement et de distribution pour l'Extrême-Orient (Société française d')(SFADEO)(S.A.,1946), Saïgon"
inde-indochine-sfdic-1901-1932-b29483,https://entreprises-coloniales.fr/inde-indochine/SFDIC_1901-1932.pdf,company,Distilleries de l’Indochine,Autres industries alimentaires,Indochine,Indochine,1901,1932,Distilleries de l’Indochine (1901-1932) : la présidence A.-R. Fontaine
inde-indochine-sfdic-1932-1940-ac6e40,https://entreprises-coloniales.fr/inde-indochine/SFDIC_1932-1940.pdf,company,Distilleries de l’Indochine,Autres industries alimentaires,Indochine,Indochine,1932,1940,Distilleries de l’Indochine (1932-1940) : la présidence Georges Schwob d'Héricourt
inde-indochine-sfdic-1941-1985-a03cb7,https://entreprises-coloniales.fr/inde-indochine/SFDIC_1941-1985.pdf,company,Distilleries de l’Indochine,Autres industries alimentaires,Indochine,Indochine,1941,1985,Distilleries de l’Indochine (1941-1985) : du règne de la Banque de l'Indochine à celui du groupe Empain
inde-indochine-sfdic-cambodge-b1043e,https://entreprises-coloniales.fr/inde-indochine/SFDIC-Cambodge.pdf,company,"Distilleries de l’Indochine, Russey-kéo, près Pnom-Penh, et Kandal",Autres industries alimentaires,Indochine,Indochine,,,"Distilleries de l’Indochine, Russey-kéo, près Pnom-Penh, et Kandal (Cambodge)"
inde-indochine-sfdic-chine-ebc56f,https://entreprises-coloniales.fr/inde-indochine/SFDIC-Chine.pdf,company,"Société Asiatique des boissons indigènes, Hankéou",Autres industries alimentaires,Indochine,Indochine,,,"Asiatique des boissons indigènes (Société)(SABI), Hankéou (Chine)"
inde-indochine-sfdic-cholon-9a7590,https://entreprises-coloniales.fr/inde-indochine/SFDIC-Cholon.pdf,company,Distilleries de l’Indochine,Autres industries alimentaires,Indochine,Indochine,,,Distilleries de l’Indochine: usines de Cholon Binh-tay
inde-indochine-sfdic-sadaat-589c55,https://entreprises-coloniales.fr/inde-indochine/SFDIC-SADAAT.pdf,company,"Société des Distilleries annamites de l'Annam-Tonkin, puis Alginates Maton",Autres industries alimentaires,Indochine,Indochine,,,"Distilleries annamites de l'Annam-Tonkin (Société des)(SADAAT), puis Alginates Maton"
inde-indochine-sfdic-sadasi-39ac8f,https://entreprises-coloniales.fr/inde-indochine/SFDIC-SADASI.pdf,company,"Société des Distilleries annamites du Sud de l’Indochine, Kompong-Luong",Autres industries alimentaires,Indochine,Indochine,,,"Distilleries annamites du Sud de l’Indochine (Société des)(SADASI), Kompong-Luong (Cambodge)"
inde-indochine-sfdic-tonkin-0698a4,https://entreprises-coloniales.fr/inde-indochine/SFDIC-Tonkin.pdf,company,Distilleries de l’Indochine,Autres industries alimentaires,Indochine,Indochine,,,"Distilleries de l’Indochine : usines de Hanoï, Haiduong et Nam-Dinh (Tonkin)"
inde-indochine-sffc-soffo-ic-liste-f96d27,https://entreprises-coloniales.fr/inde-indochine/SFFC-SOFFO-IC-liste.pdf,company,"Société financière française et coloniale, puis Société financière pour la France et les pays d'Outre-mer SFFC-SOFFO",Groupes indochinois et dirigeants d'affaires diverses,Indochine,Indochine,,,"SFFC-SOFFO (Société financière française et coloniale, puis Société financière pour la France et les pays d'Outre-mer) : filiales, participations et agences en Indochine"
inde-indochine-sfipe-fe3ecd,https://entreprises-coloniales.fr/inde-indochine/SFIPE.pdf,company,Société Franco-Indochinoise de Publicité et d'édition,"Imprimerie, presse, édition",Indochine,Indochine,1930,,"Franco-Indochinoise de Publicité et d'édition (Société)(S.A., 1930), Paris"
inde-indochine-sfpaa-a53647,https://entreprises-coloniales.fr/inde-indochine/SFPAA.pdf,company,Société française des Produits alimentaires azotés,Autres industries alimentaires,Indochine,Indochine,,,"Produits alimentaires azotés (Société française des)(SFPAA) : Strasbourg, Boulogne-sur-Mer, Lorient"
inde-indochine-sgeiccic-db5586,https://entreprises-coloniales.fr/inde-indochine/SGEICCIC.pdf,company,Société générale d'études industrielles et commerciales pour la Chine et l'Indo-Chine,"Bâtiment-travaux publics, matériaux de construction, céramiques",Indochine,Indochine,1891,1899,Société générale d'études industrielles et commerciales pour la Chine et l'Indo-Chine (1891-1899)
inde-indochine-sgifdaic-4c464e,https://entreprises-coloniales.fr/inde-indochine/SGIFDAIC.pdf,company,Société Générale d'Irrigation pour favoriser le développement de l’agriculture en Indo-Chine,"Hydraulique agricole, irrigations (du nord au sud)",Indochine,Indochine,1901,1907,Générale d'Irrigation pour favoriser le développement de l’agriculture en Indo-Chine (Société)(1901-1907)
inde-indochine-sgs-indochine-739a83,https://entreprises-coloniales.fr/inde-indochine/SGS-Indochine.pdf,company,Société générale de surveillance,"Rizières, rizeries, négoce de riz et autres céréales",Indochine,Indochine,,,"Société générale de surveillance (SGS), Saïgon, Cholon : contrôle de la qualité des grains"
inde-indochine-siac-cantho-c9e7a2,https://entreprises-coloniales.fr/inde-indochine/SIAC-Cantho.pdf,company,Société Immobilière et agricole de Cochinchine,Sociétés foncières et immobilières,Indochine,Indochine,,,"Immobilière et agricole de Cochinchine (Société), Cantho"
inde-indochine-siafi-leblanc-296928,https://entreprises-coloniales.fr/inde-indochine/SIAFI-Leblanc.pdf,company,"Société Industrielle, Agricole et Forestière d'Indochine, Bau-Ca","Bois, meubles, papier, allumettes",Indochine,Indochine,1927,,"Industrielle, Agricole et Forestière d'Indochine (Société)(SIAFI)(1927)(Émile-Louis Leblanc), Bau-Ca (Biên-Hoà) : charbon de bois. Cavalièremen liquidé en 1929. Feuilleton judiciaire et parlementaire"
inde-indochine-sicaf-1919-1929-c04154,https://entreprises-coloniales.fr/inde-indochine/Sicaf_1919-1929.pdf,company,SICAF,Groupes indochinois et dirigeants d'affaires diverses,Indochine,Indochine,1919,1929,SICAF (1919-1929) : époque Lionel-Marie
inde-indochine-sicaf-1929-1935-df2089,https://entreprises-coloniales.fr/inde-indochine/Sicaf_1929-1935.pdf,company,SICAF,Groupes indochinois et dirigeants d'affaires diverses,Indochine,Indochine,1929,1935,SICAF (1929-1935): époque Édouard de Laboulaye
inde-indochine-siceo-1f2950,https://entreprises-coloniales.fr/inde-indochine/SICEO.pdf,company,Société Industrielle de Chimie d'Extrême-Orient à Haïphong,Industries diverses,Indochine,Indochine,1918,1933,Industrielle de Chimie d'Extrême-Orient (Société)(SICEO)(1918-1933) à Haïphong
inde-indochine-sicrem-e3cee0,https://entreprises-coloniales.fr/inde-indochine/SICREM.pdf,company,Indochinoise de Constructions radioélectriques et électro-mécaniques,"Métallurgie, constructions mécaniques, électriques, navales",Indochine,Indochine,,,"Indochinoise de Constructions radioélectriques et électro-mécaniques (SICREM), Saïgon"
inde-indochine-sict-ba29de,https://entreprises-coloniales.fr/inde-indochine/SICT.pdf,company,Société Indochinoise des Cultures tropicales,Héveas et caoutchouc,Indochine,Indochine,1925,,"Indochinoise des Cultures tropicales (Société)(SICT)(1925) : domaines de Xa-cat ou Xacat, Budop, Binh-Loc, Fimnon et Hiêp-Hoà"
inde-indochine-sict-fimnon-191c35,https://entreprises-coloniales.fr/inde-indochine/SICT-Fimnon.pdf,company,Indochinoise des Cultures tropicales,"Café, thé, épices, coco, quinquina, vanille",Indochine,Indochine,,,Indochinoise des Cultures tropicales (SICT) : plantation de café de Fimnon
inde-indochine-siemreap-grand-hotel-40a875,https://entreprises-coloniales.fr/inde-indochine/Siemreap-Grand_Hotel.pdf,company,"Grand Hôtel de Siemréap, près Angkor","Hôtellerie, tourisme",Indochine,Indochine,,,"Grand Hôtel de Siemréap, près Angkor"
inde-indochine-siemreap-vergoz-eba0a2,https://entreprises-coloniales.fr/inde-indochine/Siemreap-Vergoz.pdf,company,New Siemreap Hotel,"Hôtellerie, tourisme",Indochine,Indochine,1932,,New Siemreap Hotel (André Vergoz)(1932)
inde-indochine-sifa-1922-1932-df925a,https://entreprises-coloniales.fr/inde-indochine/SIFA_1922-1932.pdf,company,SIFA,"Bois, meubles, papier, allumettes",Indochine,Indochine,1922,1932,SIFA (1922-1932)
inde-indochine-sifa-1932-1975-48ee9d,https://entreprises-coloniales.fr/inde-indochine/SIFA_1932-1975.pdf,company,SIFA,"Bois, meubles, papier, allumettes",Indochine,Indochine,1932,1975,SIFA (1932-1975)
inde-indochine-sifa-1941-2b7e50,https://entreprises-coloniales.fr/inde-indochine/SIFA_1941.pdf,company,SIFA,"Bois, meubles, papier, allumettes",Indochine,Indochine,1941,,SIFA (1941) : reportage illustré d'« Indochine » à Ben-thuy et Hanoï
inde-indochine-sifa-holding-94ed77,https://entreprises-coloniales.fr/inde-indochine/SIFA_holding.pdf,company,SIFA,"Bois, meubles, papier, allumettes",Indochine,Indochine,,,"SIFA (holding) : de l'Indochinoise à l'Industrielle, puis à l'Immobilière…."
inde-indochine-sific-hamrong-d6656c,https://entreprises-coloniales.fr/inde-indochine/SIFIC-Hamrong.pdf,company,"Société Industrielle et Forestière de l'Indochine, scierie, Hamrong","Bois, meubles, papier, allumettes",Indochine,Indochine,,,"Industrielle et Forestière de l'Indochine (Société)(SIFIC), scierie, Hamrong (Thanh-Hoa)"
inde-indochine-silico-calcaire-sica-967bac,https://entreprises-coloniales.fr/inde-indochine/Silico-calcaire_SICA.pdf,company,"Société Industrielle de Vinh-Hoi, glacière",Autres industries alimentaires,Indochine,Indochine,,,"Industrielle de Vinh-Hoi (Société), glacière, Saïgon"
inde-indochine-simac-1938-1948-325303,https://entreprises-coloniales.fr/inde-indochine/SIMAC_1938-1948.pdf,company,Société Indochinoise de mécanique et d'ateliers de construction,"Métallurgie, constructions mécaniques, électriques, navales",Indochine,Indochine,1938,1948,"Indochinoise de mécanique et d'ateliers de construction (Société)(SIMAC)(1938-1948), Giadinh"
inde-indochine-simer-1957-1991-e63567,https://entreprises-coloniales.fr/inde-indochine/Simer_1957-1991.pdf,company,Société d'Investissements métropolitains et d'outremer,Groupes indochinois et dirigeants d'affaires diverses,Indochine,Indochine,1957,1991,Investissements métropolitains et d'outremer (Société d')(Simer)(1957-1991)
inde-indochine-simi-mai-tam-bad998,https://entreprises-coloniales.fr/inde-indochine/SIMI-Mai-Tam.pdf,company,Société Industrielle Métallurgique de l'Indochine,"Métallurgie, constructions mécaniques, électriques, navales",Indochine,Indochine,1939,,"Industrielle Métallurgique de l'Indochine (Société)(SIMI)(Mai-Tâm et Olléac)(1939), Hanoï : deuxième tentative de sidérurgie au Tonkin. Haut fourneau à Dap-Cau"
inde-indochine-simm-denholm-73a05e,https://entreprises-coloniales.fr/inde-indochine/SIMM-Denholm.pdf,company,Société Indochinoise de Matériel mécanique,"Métallurgie, constructions mécaniques, électriques, navales",Indochine,Indochine,,,"Indochinoise de Matériel mécanique (Société)(SIMM-Anc. Éts. A. Denholm), Saïgon"
inde-indochine-simond-boutons-2f371d,https://entreprises-coloniales.fr/inde-indochine/Simond_boutons.pdf,company,Simond,Cuirs et textiles,Indochine,Indochine,,,"Simond (boutons), Haïphong"
inde-indochine-sindex-3ef083,https://entreprises-coloniales.fr/inde-indochine/Sindex.pdf,company,Société Industrielle d'Exportation en Extrême-Orient,Commerce,Indochine,Indochine,,,"Industrielle d'Exportation en Extrême-Orient (Société)(Sindex), Toulouse, Hanoï, Haïphong, Saïgon"
inde-indochine-singapore-soda-a0f4a9,https://entreprises-coloniales.fr/inde-indochine/Singapore_Soda.pdf,company,Singapore Soda,Autres industries alimentaires,Indochine,Indochine,1924,1933,"Singapore Soda (Frazer & Neave)(1924-1933), Saïgon"
inde-indochine-sinistres-d-indochine-94d70c,https://entreprises-coloniales.fr/inde-indochine/Sinistres_d_Indochine.pdf,source_document,Association des Français sinistrés d'Indochine,Documents généraux (par ordre chronologique),Indochine,Indochine,,,Association des Français sinistrés d'Indochine (mai 1946)
inde-indochine-sino-frse-commerce-8fd1ae,https://entreprises-coloniales.fr/inde-indochine/Sino-frse_commerce.pdf,company,Cie Sino-française de commerce,Commerce,Indochine,Indochine,,,"Sino-française de commerce (Cie), Saïgon : export-import (riz, charbon, assurance… )"
inde-indochine-sipa-poinsard-veyret-4c5e17,https://entreprises-coloniales.fr/inde-indochine/SIPA_Poinsard-Veyret.pdf,company,Société d'Importation de produits alimentaires,Commerce,Indochine,Indochine,,,"Importation de produits alimentaires (Société d')(SIPA), Saïgon"
inde-indochine-sipea-1de0df,https://entreprises-coloniales.fr/inde-indochine/SIPEA.pdf,company,Société Indochinoise pour les Eaux et l'électricité en Annam,"Eau et assainissement, électricité (Utilities)",Indochine,Indochine,,,"Indochinoise pour les Eaux et l'électricité en Annam (Société)(SIPEA), Huê"
inde-indochine-sipef-8c4a82,https://entreprises-coloniales.fr/inde-indochine/SIPEF.pdf,company,"La Société internationale de plantations et de finance, actionnaire de la SICAF.",Groupes indochinois et dirigeants d'affaires diverses,Indochine,Indochine,,,"La Société internationale de plantations et de finance (SIPEF), actionnaire de la SICAF."
inde-indochine-siph-1935-1975-4ae547,https://entreprises-coloniales.fr/inde-indochine/SIPH_1935-1975.pdf,company,SIPH,Héveas et caoutchouc,Indochine,Indochine,1935,1975,"SIPH (1935-1975) : concentration en Indochine, diversification en Afrique noire"
inde-indochine-siph-1975-1995-20c143,https://entreprises-coloniales.fr/inde-indochine/SIPH_1975-1995.pdf,company,SIPH,Héveas et caoutchouc,Indochine,Indochine,1975,1995,SIPH (1975-1995) : la Société indochinoise devient internationale. Développement en Afrique noire sous l'égide de la SOFFO
inde-indochine-siph-1995-1999-e4520a,https://entreprises-coloniales.fr/inde-indochine/SIPH_1995-1999.pdf,company,SIPH,Héveas et caoutchouc,Indochine,Indochine,1995,1999,SIPH (1995-1999) : rachat par l'Ivoirien François Bakou (holding Octide)
inde-indochine-siph-1999-2006-d22221,https://entreprises-coloniales.fr/inde-indochine/SIPH_1999-2006.pdf,company,SIPH,Héveas et caoutchouc,Indochine,Indochine,1999,2006,SIPH (1999-2006) : rachat par la SICFA (Côte-d'Ivoire)
inde-indochine-siph-2006-a11d22,https://entreprises-coloniales.fr/inde-indochine/SIPH_2006-_.pdf,company,SIPH,Héveas et caoutchouc,Indochine,Indochine,2006,,SIPH (2006- ) : Michelin apporte ses plantations contre 20 % du capital
inde-indochine-siph-arnaud-de-vogue-faad6c,https://entreprises-coloniales.fr/inde-indochine/SIPH_Arnaud_de_Vogue.pdf,company,"Arnaud de Vogüé, Ainsi vint au monde la SIPH . Souvenirs écrits en 1983-1986, publiés en 1993. Éd. revue et annotée",Héveas et caoutchouc,Indochine,Indochine,1905,1939,"Arnaud de Vogüé, Ainsi vint au monde la SIPH (1905-1939). Souvenirs écrits en 1983-1986, publiés en 1993. Éd. revue et annotée (2016)"
inde-indochine-siph-ong-que-844a89,https://entreprises-coloniales.fr/inde-indochine/SIPH_Ong-Que.pdf,company,Plantation d'Ong-Qué,Héveas et caoutchouc,Indochine,Indochine,,,Ong-Qué (Plantation d')
inde-indochine-sipiere-gaston-13bd12,https://entreprises-coloniales.fr/inde-indochine/Sipiere_Gaston.pdf,company,"Gaston Sipière, fondé de pouvoirs à Saigon",Groupes indochinois et dirigeants d'affaires diverses,Indochine,Indochine,,,"Gaston Sipière, fondé de pouvoirs à Saigon"
inde-indochine-sirem-hanoi-5614b1,https://entreprises-coloniales.fr/inde-indochine/SIREM-Hanoi.pdf,company,Société Indochinoise de Recherches et d'études minières,Mines,Indochine,Indochine,1929,,"Indochinoise de Recherches et d'études minières (Société)(SIREM)(S.A., 1929), Hanoï : suite de la Société civile de prospections minières du Laos (1928)"
inde-indochine-sitc-hanoi-e75a6a,https://entreprises-coloniales.fr/inde-indochine/SITC-Hanoi.pdf,company,Société Indochinoise de Transports en commun,Transports terrestres et garages,Indochine,Indochine,,,"Indochinoise de Transports en commun (Société)(SNC, 1924), Hanoï : Garage de la Gare"
inde-indochine-sivpc-6e57e0,https://entreprises-coloniales.fr/inde-indochine/SIVPC.pdf,company,"Société Indochinoise de Verrerie et de produits chimiques, Cong-My",Industries diverses,Indochine,Indochine,1921,,"Indochinoise de Verrerie et de produits chimiques (Société)(1921), Cong-My"
inde-indochine-sleic-pila-899a77,https://entreprises-coloniales.fr/inde-indochine/SLEIC_Pila.pdf,company,Syndicat lyonnais d'études pour l'Indo-Chine,"Banque, gérance, assurances…",Indochine,Indochine,,,Syndicat lyonnais d'études pour l'Indo-Chine (Ulysse Pila)
inde-indochine-smala-hanoi-3bb393,https://entreprises-coloniales.fr/inde-indochine/Smala-Hanoi.pdf,source_document,La Smala — Amicale des Africains du Nord,Amicales régionales et professionnelles : les petites patries à l'ombre de la grande ; amitié et solidarité,Indochine,Indochine,,,"Smala (La) — Amicale des Africains du Nord, Hanoï"
inde-indochine-soaeo-a44648,https://entreprises-coloniales.fr/inde-indochine/SOAEO.pdf,company,Société d’Oxygène et d’acétylène d’Extrême-Orient,Industries diverses,Indochine,Indochine,,,Oxygène et d’acétylène d’Extrême-Orient (Société d’)(SOAEO)
inde-indochine-soairieng-bungalow-2cde6b,https://entreprises-coloniales.fr/inde-indochine/Soairieng-Bungalow.pdf,company,"Bungalow, Soairieng","Hôtellerie, tourisme",Indochine,Indochine,,,"Bungalow, Soairieng"
inde-indochine-soc-academique-indo-chinoise-712c08,https://entreprises-coloniales.fr/inde-indochine/Soc._academique_indo-chinoise.pdf,source_document,Société académique indo-chinoise de France,Documents généraux (par ordre chronologique),Indochine,Indochine,1877,,Société académique indo-chinoise de France (1877)
inde-indochine-soc-agricole-phu-quoc-e406af,https://entreprises-coloniales.fr/inde-indochine/Soc._agricole_Phu-Quoc.pdf,company,Société Agricole de Phu-Quoc,"Café, thé, épices, coco, quinquina, vanille",Indochine,Indochine,,,"Agricole de Phu-Quoc (Société)(Girard) : caféiers, cocotiers, vanilliers…"
inde-indochine-soc-comm-ext-orient-0151c6,https://entreprises-coloniales.fr/inde-indochine/Soc_comm._Ext.-Orient.pdf,company,Société Commerciale d'Extrême-Orient,Commerce,Indochine,Indochine,1911,1922,"Commerciale d'Extrême-Orient (Société)(1911-ca 1922) : Japon, Chine, Indochine"
inde-indochine-soc-commerciale-fr-chinoise-1c4bf5,https://entreprises-coloniales.fr/inde-indochine/Soc._commerciale_fr.-chinoise.pdf,company,Société commerciale franco-chinoise,Cuirs et textiles,Indochine,Indochine,1907,,Société commerciale franco-chinoise (1907) : agence à Mongtzeu (Yunnan)
inde-indochine-soc-forestiere-d-importation-452ed3,https://entreprises-coloniales.fr/inde-indochine/Soc._forestiere_d_importation.pdf,company,Société Forestière d'importation,"Bois, meubles, papier, allumettes",Indochine,Indochine,1901,1903,"Forestière d'importation (Société)(1901-1903)(Chagnoux, Hunebelle) : concession au Laos, scierie en Cochinchine"
inde-indochine-soc-generale-de-prospection-cee0c8,https://entreprises-coloniales.fr/inde-indochine/Soc._generale_de_prospection.pdf,company,Société Générale de prospection,Mines,Indochine,Indochine,1929,,"Générale de prospection (Société)(1929), Paris"
inde-indochine-soc-immobiliere-hanoi-66e8d5,https://entreprises-coloniales.fr/inde-indochine/Soc._immobiliere-Hanoi.pdf,company,Société Immobilière de Hanoï,Sociétés foncières et immobilières,Indochine,Indochine,,,"Immobilière de Hanoï (Société), Hanoï"
inde-indochine-soc-industrielle-textile-0fcd84,https://entreprises-coloniales.fr/inde-indochine/Soc._industrielle_textile.pdf,company,Société Industrielle Textile,Commerce,Indochine,Indochine,,,"Industrielle Textile (Société)(Boussac), Saïgon"
inde-indochine-soc-irrigation-indo-chine-ea3c90,https://entreprises-coloniales.fr/inde-indochine/Soc._irrigation_Indo-Chine.pdf,company,"Société d'Irrigation d'Indochine, François-Charles Buttié, directeur, Faifoo","Hydraulique agricole, irrigations (du nord au sud)",Indochine,Indochine,1917,1922,"Irrigation d'Indochine (Société d')(1917-1922), François-Charles Buttié, directeur, Faifoo (Tourane)"
inde-indochine-soc-irrigations-quang-nam-38f03b,https://entreprises-coloniales.fr/inde-indochine/Soc._irrigations_Quang-Nam.pdf,company,Société d'Irrigations au Quang-Nam,"Hydraulique agricole, irrigations (du nord au sud)",Indochine,Indochine,,,Irrigations au Quang-Nam (Société d')(Bui-Huy-Tin)
inde-indochine-soc-trang-ouest-db1ad7,https://entreprises-coloniales.fr/inde-indochine/Soc-Trang-Ouest.pdf,company,"Soc-Trang Ouest, delta du Mékong","Rizières, rizeries, négoce de riz et autres céréales",Indochine,Indochine,,,"Soc-Trang Ouest, delta du Mékong : carte au 1/10.000 dressée et dessinée par le soldat Richard, du Service géographique (mai 1923). 85 x 58 cm. (Coll. Corinne Krouck)"
inde-indochine-societe-des-courses-annam-4f855a,https://entreprises-coloniales.fr/inde-indochine/Societe_des_courses-Annam.pdf,company,Société des courses de l'Annam,Sports,Indochine,Indochine,,,"Société des courses de l'Annam, Hué : hippisme"
inde-indochine-societe-des-courses-bac-ninh-2c7866,https://entreprises-coloniales.fr/inde-indochine/Societe_des_courses-Bac-Ninh.pdf,company,Société des courses de Bac-Ninh–Dap-cau,Sports,Indochine,Indochine,,,Société des courses de Bac-Ninh–Dap-cau : hippisme
inde-indochine-societe-des-courses-haiphong-a187ac,https://entreprises-coloniales.fr/inde-indochine/Societe_des_courses-Haiphong.pdf,company,Société des courses,Sports,Indochine,Indochine,,,"Société des courses, Haïphong : hippisme"
inde-indochine-societe-des-courses-hanoi-1bace0,https://entreprises-coloniales.fr/inde-indochine/Societe_des_courses-Hanoi.pdf,company,Société des courses,Sports,Indochine,Indochine,,,"Société des courses, Hanoï : hippisme"
inde-indochine-societe-des-courses-saigon-3058a2,https://entreprises-coloniales.fr/inde-indochine/Societe_des_courses-Saigon.pdf,company,Société des courses,Sports,Indochine,Indochine,,,"Société des courses, Saïgon : hippodrome rue de Verdun prolongée, puis à Phu-To"
inde-indochine-societe-des-produits-d-annam-773600,https://entreprises-coloniales.fr/inde-indochine/Societe_des_produits_d_Annam.pdf,company,"Société des Produits d'Annam, Tanh-Minh, par Quang-Tri","Café, thé, épices, coco, quinquina, vanille",Indochine,Indochine,1927,,"Produits d'Annam (Société des)(Société en commandite simple, 1927)(Eugène Paulus), Tanh-Minh, par Quang-Tri : café, poivre, élevage"
inde-indochine-societe-fonciere-asie-25f8f7,https://entreprises-coloniales.fr/inde-indochine/Societe_fonciere_Asie.pdf,company,Société Foncière Asie,Sociétés foncières et immobilières,Indochine,Indochine,,,Foncière Asie (Société)
inde-indochine-societe-franco-annamite-9a07e0,https://entreprises-coloniales.fr/inde-indochine/Societe_franco-annamite.pdf,company,Société Franco-annamite,"Rizières, rizeries, négoce de riz et autres céréales",Indochine,Indochine,,,"Franco-annamite (Société)(François d'Aviau de Piolant, Le-Ba-Cu) : Dông-trang, près Nhatrang (Khanh-hoa)"
inde-indochine-societe-speciale-financiere-763344,https://entreprises-coloniales.fr/inde-indochine/Societe_speciale_financiere.pdf,company,La Société spéciale financière,"Banque, gérance, assurances…",Indochine,Indochine,1928,1934,La Société spéciale financière (1928-1934)(Charles et Joseph Lévy) : spéculations sur les dommages de guerre. La Banque de l'Indochine incriminée
inde-indochine-soco-cholon-b44a59,https://entreprises-coloniales.fr/inde-indochine/SOCO-Cholon.pdf,company,Commerciale et industrielle franco-coloniale,"Métallurgie, constructions mécaniques, électriques, navales",Indochine,Indochine,,,"Commerciale et industrielle franco-coloniale (SOCO)(ex-Comptoir et manufacture d'articles métalliques), Cholon"
inde-indochine-socony-et-shell-goudron-b6a830,https://entreprises-coloniales.fr/inde-indochine/Socony_et_Shell-goudron.pdf,company,Goudronnage de Haïphong,"Bâtiment-travaux publics, matériaux de construction, céramiques",Indochine,Indochine,1927,,Goudronnage de Haïphong (1927) : Socony versus Shell
inde-indochine-socony-indochine-2f9a96,https://entreprises-coloniales.fr/inde-indochine/SOCONY-Indochine.pdf,company,Standard Oil of New-York en Indochine,Commerce,Indochine,Indochine,,,Standard Oil of New-York (Socony) en Indochine
inde-indochine-soctrang-bungalow-263e27,https://entreprises-coloniales.fr/inde-indochine/Soctrang-Bungalow.pdf,company,Bungalow,"Hôtellerie, tourisme",Indochine,Indochine,,,"Bungalow, Soctrang"
inde-indochine-sofac-cambodge-1dcfb8,https://entreprises-coloniales.fr/inde-indochine/SOFAC-Cambodge.pdf,company,Société de Fabrication du caoutchouc,Héveas et caoutchouc,Indochine,Indochine,1935,1935,"Fabrication du caoutchouc (Société de)(SOFAC)(1935-1935), Cambodge"
inde-indochine-sofinindo-7a0a65,https://entreprises-coloniales.fr/inde-indochine/Sofinindo.pdf,company,Société Financière d'Indochine,"Banque, gérance, assurances…",Indochine,Indochine,1928,1938,Financière d'Indochine (Société)(Sofinindo)(1928-1938)
inde-indochine-soie-indo-chinoise-0c8f7c,https://entreprises-coloniales.fr/inde-indochine/Soie_indo-chinoise.pdf,company,Société française de Sériciculture et des filatures de soie de l'Indochine,Cuirs et textiles,Indochine,Indochine,1906,1908,Sériciculture et des filatures de soie de l'Indochine (Société française de)(« Soie indo-chinoise)(1906-1908)
inde-indochine-soies-france-ic-thomas-a69df6,https://entreprises-coloniales.fr/inde-indochine/Soies_France-IC-Thomas.pdf,company,Compagnie générale des Soies de France et d'Indochine par Roland THOMAS,Cuirs et textiles,Indochine,Indochine,,,"Soies de France et d'Indochine (Compagnie générale des) par Roland THOMAS (La Sorbonne, 1975)"
inde-indochine-soies-france-indochine-8c3263,https://entreprises-coloniales.fr/inde-indochine/Soies_France-Indochine.pdf,company,"Compagnie générale des Soies de France et d'Indochine, puis Soies Cambodge et Cochinchine",Cuirs et textiles,Indochine,Indochine,1921,1927,"Soies de France et d'Indochine (Compagnie générale des)(1921-1927), puis Soies Cambodge et Cochinchine (1927-1930) : échec au Cambodge"
inde-indochine-sokma-1d07c4,https://entreprises-coloniales.fr/inde-indochine/SOKMA.pdf,company,Société Khmère de Matériel automobile,Transports terrestres et garages,Indochine,Indochine,1954,,"Khmère de Matériel automobile (Société)(SOKMA)(S.A., 1954), Pnom-Penh : Ford"
inde-indochine-son-loc-bcfd43,https://entreprises-coloniales.fr/inde-indochine/Son-Loc.pdf,company,Société de la mine de plomb argentifère Son-Loc,Mines,Indochine,Indochine,,,Son-Loc (Société de la mine de plomb argentifère)
inde-indochine-sondeic-48c527,https://entreprises-coloniales.fr/inde-indochine/SONDEIC.pdf,company,Société nouvelle d'Entreprises en Indochine,"Bâtiment-travaux publics, matériaux de construction, céramiques",Indochine,Indochine,,,Entreprises en Indochine (Société nouvelle d')(SONDEIC) : projet mort-né
inde-indochine-song-ray-1927-1935-17d5ce,https://entreprises-coloniales.fr/inde-indochine/Song-Ray_1927-1935.pdf,company,Société Agricole du Sông-Ray,Héveas et caoutchouc,Indochine,Indochine,1927,1935,Sông-Ray (Société Agricole du)(SASR ou SAGRY)(1927-1935)
inde-indochine-sontay-radio-cinema-23f422,https://entreprises-coloniales.fr/inde-indochine/Sontay-Radio-Cinema.pdf,company,Radio-Cinéma,Cinémas et théâtres de l'Indochine (du nord au sud),Indochine,Indochine,,,"Radio-Cinéma, Sontay"
inde-indochine-soulel-d-or-saigon-668282,https://entreprises-coloniales.fr/inde-indochine/Soulel_d_or-Saigon.pdf,source_document,Le Soulel d'or — Amicale des Ariégeois et départements voisins,Amicales régionales et professionnelles : les petites patries à l'ombre de la grande ; amitié et solidarité,Indochine,Indochine,,,"Soulel d'or (Le) — Amicale des Ariégeois et départements voisins, Saïgon"
inde-indochine-souvenir-indochinois-176f94,https://entreprises-coloniales.fr/inde-indochine/Souvenir_indochinois.pdf,source_document,Le Souvenir indochinois,Documents généraux (par ordre chronologique),Indochine,Indochine,1917,,Souvenir indochinois (Le)(1917) : temple de Nogent-sur-Marne aux victimes de la Grande Guerre
inde-indochine-speidel-cie-e37dcc,https://entreprises-coloniales.fr/inde-indochine/Speidel_&_Cie.pdf,company,"Speidel & Cie, Saïgon, Tourane, Haïphong, Hanoï, Pnom-Penh… — La grande maison allemande placée sous séquestre en 1914",Commerce,Indochine,Indochine,,,"Speidel & Cie (MM.), Saïgon, Tourane, Haïphong, Hanoï, Pnom-Penh… — La grande maison allemande placée sous séquestre en 1914"
inde-indochine-speo-rabut-et-cie-34e439,https://entreprises-coloniales.fr/inde-indochine/SPEO-Rabut_et_Cie.pdf,company,Pyrotechnie d'Extrême-Orient,Industries diverses,Indochine,Indochine,1931,,"Pyrotechnie d'Extrême-Orient (SPEO-Rabut et Cie)(1931), Hanoï : usine à Hoai Duc Phu, près de Hadong"
inde-indochine-srmei-2c6b04,https://entreprises-coloniales.fr/inde-indochine/SRMEI.pdf,company,Société de Recherches minières et d'études industrielles,Industries diverses,Indochine,Indochine,,,"Recherches minières et d'études industrielles (Société de) : verreries de Cong-My, près Haïphong"
inde-indochine-staca-71cd02,https://entreprises-coloniales.fr/inde-indochine/STACA.pdf,company,Société des Transports automobiles du Centre-Annam,Transports terrestres et garages,Indochine,Indochine,1918,,"Transports automobiles du Centre-Annam (Société des)(STACA)(1918), Tourane"
inde-indochine-stacindo-ea12d6,https://entreprises-coloniales.fr/inde-indochine/Stacindo.pdf,company,Société des Tuyaux et agglomérés centrifugés de l'Indochine,"Bâtiment-travaux publics, matériaux de construction, céramiques",Indochine,Indochine,1924,,"Tuyaux et agglomérés centrifugés de l'Indochine (Société des)(Stacindo)(1924), Haïphong, Saïgon"
inde-indochine-stai-renault-64ed24,https://entreprises-coloniales.fr/inde-indochine/STAI-Renault.pdf,company,Société des Transports automobiles indochinois,Transports terrestres et garages,Indochine,Indochine,1911,,"Transports automobiles indochinois (Société des)(STAI)(1911)(Pierre Duclaux, fondateur), Hanoï, Haïphong : Renault, Panhard, Fiat,"
inde-indochine-standard-vacuum-ic-30ec88,https://entreprises-coloniales.fr/inde-indochine/Standard_Vacuum-IC.pdf,company,"Socony Vacuum Corp., puis Standard Vacuum Oil Cy en Indochine",Commerce,Indochine,Indochine,,,"Socony Vacuum Corp., puis Standard Vacuum Oil Cy (SVOC)(Mobil) en Indochine"
inde-indochine-star-hanoi-96cba9,https://entreprises-coloniales.fr/inde-indochine/STAR_Hanoi.pdf,company,Société des Transports automobiles routiers,Transports terrestres et garages,Indochine,Indochine,,,"Transports automobiles routiers (Société des), Hanoï : transports, constructions mécaniques, fonderie, forges, aciérie"
inde-indochine-staso-cantho-3efe7b,https://entreprises-coloniales.fr/inde-indochine/STASO-Cantho.pdf,company,Société des Transports automobiles du Sud-Ouest,Transports terrestres et garages,Indochine,Indochine,,,Transports automobiles du Sud-Ouest (Société des)(Lortat-Jacob) : la STASO et les vicissitudes de la ligne Saïgon-Cantho
inde-indochine-station-experimentale-blao-63303a,https://entreprises-coloniales.fr/inde-indochine/Station_experimentale_Blao.pdf,company,Blao,"Café, thé, épices, coco, quinquina, vanille",Indochine,Indochine,,,"Blao (Station expérimentale de), Haut-Donnaï (Annam)"
inde-indochine-statue-petrus-ky-1927-9ffbd6,https://entreprises-coloniales.fr/inde-indochine/Statue_Petrus-Ky-1927.pdf,company,Pétrus Ky . — Érection d'une statue à Saïgon . — Centenaire de sa naissance,"Enseignement, recherche, sociétés savantes, musées…",Indochine,Indochine,1837,1898,Pétrus Ky (1837-1898). — Érection d'une statue à Saïgon (1927). — Centenaire de sa naissance
inde-indochine-ste-commerciale-mazet-a250cf,https://entreprises-coloniales.fr/inde-indochine/Ste_commerciale_Mazet.pdf,company,Société commerciale Mazet,Autres industries alimentaires,Indochine,Indochine,,,"Société commerciale Mazet, Saïgon"
inde-indochine-stein-veyrenc-b6d123,https://entreprises-coloniales.fr/inde-indochine/STEIN-Veyrenc.pdf,company,Société Tonkinoise d'électricité et d'industrie -A. Veyrenc & Cie,"Eau et assainissement, électricité (Utilities)",Indochine,Indochine,,,"Tonkinoise d'électricité et d'industrie (Société)(STEIN)-A. Veyrenc & Cie : eau, électricité, glace, transports routiers dans le Delta tonkinois et en Haute-Région"
inde-indochine-stephane-brecq-77b46f,https://entreprises-coloniales.fr/inde-indochine/Stephane_Brecq.pdf,company,Brecq,"Artistes peintres, sculpteurs et galeries",Indochine,Indochine,1894,1955,"Brecq (Stéphane)(1894-1955) : artiste peintre et professeur (Hanoï, Pnom-penh, Giadinh)"
inde-indochine-stephanie-do-requisitionnes-486633,https://entreprises-coloniales.fr/inde-indochine/Stephanie_Do-Requisitionnes.pdf,source_document,Indochinois réquisitionnés lors des deux guerres mondiales,Documents généraux (par ordre chronologique),Indochine,Indochine,,,"Indochinois réquisitionnés lors des deux guerres mondiales : propositions de loi de Stéphanie Do, député LaRem de Seine-et-Marne, tendant à leur reconnaissance par l'État français (février 2020)"
inde-indochine-studio-marianne-saigon-3c691f,https://entreprises-coloniales.fr/inde-indochine/Studio_Marianne-Saigon.pdf,company,Studio Marianne,Sports,Indochine,Indochine,1934,,"Studio Marianne, Saïgon (1934) : culture physique, massages médicaux, bains amaigrissants"
inde-indochine-studio-noorkhan-ferrer-ca12ff,https://entreprises-coloniales.fr/inde-indochine/Studio_Noorkhan-Ferrer.pdf,company,Studio Noorkhan-Ferrer,"Enseignement, recherche, sociétés savantes, musées…",Indochine,Indochine,1936,,"Studio Noorkhan-Ferrer (Nelly Ferrer), Saïgon (1936) : école de danse"
inde-indochine-studio-suzanne-vincenot-45cf01,https://entreprises-coloniales.fr/inde-indochine/Studio_Suzanne_Vincenot.pdf,company,Studio Suzanne Vincenot,"Enseignement, recherche, sociétés savantes, musées…",Indochine,Indochine,1936,,"Studio Suzanne Vincenot, Saïgon (1936) : école de danse"
inde-indochine-stung-treng-bungalow-b5fbc5,https://entreprises-coloniales.fr/inde-indochine/Stung-Treng-Bungalow.pdf,company,Bungalow de Stung-Treng,"Hôtellerie, tourisme",Indochine,Indochine,,,Bungalow de Stung-Treng
inde-indochine-subira-freres-9f58e5,https://entreprises-coloniales.fr/inde-indochine/Subira_freres.pdf,company,"Subira frères, Chine du Sud",Commerce,Indochine,Indochine,,,"Subira frères, Chine du Sud, Haïphong : négoce de peaux, tannerie, hôtellerie, raffinage de minerai d'étain, exploitation minière"
inde-indochine-sucrerie-raff-cochinchine-7a5c05,https://entreprises-coloniales.fr/inde-indochine/Sucrerie+raff_Cochinchine.pdf,company,"Sucrerie et raffinerie de Cochinchine, Phumy",Autres industries alimentaires,Indochine,Indochine,1926,1930,"Sucrerie et raffinerie de Cochinchine, Phumy (1926-1930)"
inde-indochine-sucreries-raffin-indochine-d38bd2,https://entreprises-coloniales.fr/inde-indochine/Sucreries+raffin._Indochine.pdf,company,"Sucreries et raffineries de l’Indochine, Hiêp-Hoa",Autres industries alimentaires,Indochine,Indochine,,,"Sucreries et raffineries de l’Indochine (SRIC), Hiêp-Hoa"
inde-indochine-sucres-de-tayninh-755a9b,https://entreprises-coloniales.fr/inde-indochine/Sucres_de_Tayninh.pdf,company,Société des Sucres de Tayninh et rhums de Cantho,Autres industries alimentaires,Indochine,Indochine,1924,,Sucres de Tayninh et rhums de Cantho (Société des)(1924)
inde-indochine-sucres-et-rhums-de-cantho-2ec12b,https://entreprises-coloniales.fr/inde-indochine/Sucres_et_rhums_de_Cantho.pdf,company,"Société des Sucres et rhums de Cantho, puis Sucres et rhums de Cochinchine",Autres industries alimentaires,Indochine,Indochine,1919,1924,"Sucres et rhums de Cantho, puis Sucres et rhums de Cochinchine (Société des)(1919-1924) : sucrerie de Thanh-Diên"
inde-indochine-sucriere-annam-a7816d,https://entreprises-coloniales.fr/inde-indochine/Sucriere-Annam.pdf,company,"Société Sucrière d'Annam, Thach-Ban, Phu-Yen",Autres industries alimentaires,Indochine,Indochine,,,"Sucrière d'Annam (Société), Thach-Ban, Phu-Yen (Sud-Annam)"
inde-indochine-surete-mytho-1926-1927-1df46f,https://entreprises-coloniales.fr/inde-indochine/Surete-Mytho_1926-1927.pdf,company,L'Écho annamite,"Imprimerie, presse, édition",Indochine,Indochine,1920,1931,Écho annamite (L')(1920-1931) : campagne contre la Sûreté de Mytho (1926-1927)
inde-indochine-suzannah-1907-1935-650089,https://entreprises-coloniales.fr/inde-indochine/Suzannah_1907-1935.pdf,company,Société agricole de Suzannah [Agricole de Suzannah],Héveas et caoutchouc,Indochine,Indochine,1907,1935,Suzannah (Société agricole de)[Agricole de Suzannah](1907-1935)
inde-indochine-suzanne-bonnal-de-noreuil-abb9dd,https://entreprises-coloniales.fr/inde-indochine/Suzanne_Bonnal_de_Noreuil.pdf,company,Bonnal de Noreuil,"Artistes peintres, sculpteurs et galeries",Indochine,Indochine,,,"Bonnal de Noreuil (Suzanne Lanthiez, dite Suzanne de Noreuil, et Suzanne) : artiste peintre"
inde-indochine-synd-etudes-ch-fer-sud-ic-8857c0,https://entreprises-coloniales.fr/inde-indochine/Synd._etudes_ch._fer_Sud_IC.pdf,company,Syndicat d'études des Chemins de fer du Sud de l'Indochine,Transports terrestres et garages,Indochine,Indochine,,,Chemins de fer du Sud de l'Indochine (Syndicat d'études des) : mission Candelier en Cochinchine et au Cambodge
inde-indochine-syndicat-des-planteurs-du-kontoum-0eb914,https://entreprises-coloniales.fr/inde-indochine/Syndicat_des_planteurs_du_Kontoum.pdf,company,Syndicat des planteurs du Kontoum,"Café, thé, épices, coco, quinquina, vanille",Indochine,Indochine,1926,,Syndicat des planteurs du Kontoum (1926)
inde-indochine-syndicat-extreme-orient-1054bf,https://entreprises-coloniales.fr/inde-indochine/Syndicat_Extreme-Orient.pdf,company,Syndicat de l'Extrême-Orient et des agences commerciales de France,Commerce,Indochine,Indochine,1886,1889,Syndicat de l'Extrême-Orient et des agences commerciales de France (1886-1889)
inde-indochine-syndicat-francais-indo-chinois-80bd39,https://entreprises-coloniales.fr/inde-indochine/Syndicat_francais_indo-chinois.pdf,company,Syndicat français indo-chinois,Mines,Indochine,Indochine,1904,1906,"Syndicat français indo-chinois (1904-1906) : prospections au Tonkin, au Laos et en Annam. Mine d'étain Marie au Pia-Ouac"
inde-indochine-syndicat-francais-laos-374792,https://entreprises-coloniales.fr/inde-indochine/Syndicat_francais_Laos.pdf,company,Syndicat français du Laos,Commerce,Indochine,Indochine,1892,1898,Syndicat français du Laos (1892-1898)
inde-indochine-syndicat-franco-annamite-596f40,https://entreprises-coloniales.fr/inde-indochine/Syndicat_franco-annamite.pdf,company,"Syndicat franco-annamite, Tourane, par M. Sunny Le Galloudec",Sociétés foncières et immobilières,Indochine,Indochine,1903,1907,"Syndicat franco-annamite (Lazare-Haïem Richy)(1903-1907), Tourane, par M. Sunny Le Galloudec"
inde-indochine-syndicat-industriel-frs-de-l-ic-80e47d,https://entreprises-coloniales.fr/inde-indochine/Syndicat_industriel_frs_de_l_IC.pdf,company,Syndicat industriel français de l’Indo-Chine,Commerce,Indochine,Indochine,1886,,"Syndicat industriel français de l’Indo-Chine (1886), Rouen : textiles"
inde-indochine-syndicat-medecins-cochinchine-8baaf6,https://entreprises-coloniales.fr/inde-indochine/Syndicat_medecins_Cochinchine.pdf,company,Syndicat des médecins civils de la Cochinchine,Santé,Indochine,Indochine,1934,,Syndicat des médecins civils de la Cochinchine (1934) : 27 membres dont 11 Indochinois
inde-indochine-syndicat-minier-haut-laotien-ad8165,https://entreprises-coloniales.fr/inde-indochine/Syndicat_minier_haut-laotien.pdf,company,Syndicat minier haut-laotien,Mines,Indochine,Indochine,1912,,Syndicat minier haut-laotien (1912)
inde-indochine-syndicat-planteurs-caout-d7ecae,https://entreprises-coloniales.fr/inde-indochine/Syndicat-planteurs-caout.pdf,company,Syndicat des planteurs de caoutchouc de l'Indochine,Héveas et caoutchouc,Indochine,Indochine,,,"Syndicat des planteurs de caoutchouc de l'Indochine, Saïgon : notices sur les présidents, listes d'adhérents… (113 p.)"
inde-indochine-syndicat-planteurs-cochinchine-11ab3e,https://entreprises-coloniales.fr/inde-indochine/Syndicat_planteurs_Cochinchine.pdf,source_document,Syndicat des planteurs européens de Cochinchine,Documents généraux (par ordre chronologique),Indochine,Indochine,1896,,Syndicat des planteurs européens de Cochinchine (1896)
inde-indochine-tabacs-d-extreme-orient-d489b1,https://entreprises-coloniales.fr/inde-indochine/Tabacs_d_Extreme-Orient.pdf,company,Cie française des Tabacs d'Extrême-Orient,Autres industries alimentaires,Indochine,Indochine,1927,1930,Tabacs d'Extrême-Orient (Cie française des)(1927-1930)
inde-indochine-tabacs-ic-denis-freres-462cdd,https://entreprises-coloniales.fr/inde-indochine/Tabacs_IC_Denis_freres.pdf,company,Tabacs d’Indochine,Autres industries alimentaires,Indochine,Indochine,,,"Tabacs d’Indochine (1936-19??)(marque Le Globe)(Denis frères), Saïgon"
inde-indochine-tabacs-indochine-hanoi-1d3526,https://entreprises-coloniales.fr/inde-indochine/Tabacs_Indochine-Hanoi.pdf,company,"Manufacture des Tabacs de l’Indochine, puis Société des Tabacs de l’Indochine",Autres industries alimentaires,Indochine,Indochine,1904,1925,"Tabacs de l’Indochine, Hanoï (Manufacture des Tabacs de l’Indochine, puis Société des)(1904-1925)"
inde-indochine-tailleurs-tonkin-greve-1937-69fc9e,https://entreprises-coloniales.fr/inde-indochine/Tailleurs_Tonkin_greve-1937.pdf,company,Tailleurs de Hanoï et de Haïphong en grève,Cuirs et textiles,Indochine,Indochine,1937,,Tailleurs de Hanoï et de Haïphong en grève (1937)
inde-indochine-tamdao-station-altitude-66966a,https://entreprises-coloniales.fr/inde-indochine/Tamdao_station_altitude.pdf,company,"le Tamdao, station d'altitude. Hôtel de la Cascade d'argent","Hôtellerie, tourisme",Indochine,Indochine,,,"le Tamdao (ou Tam-dao), station d'altitude. Hôtel de la Cascade d'argent"
inde-indochine-tamgc-a6070d,https://entreprises-coloniales.fr/inde-indochine/TAMGC.pdf,company,Transports automobiles de Mytho-Gocong-Caylay,Transports terrestres et garages,Indochine,Indochine,1908,,Transports automobiles de Mytho-Gocong-Caylay (1908) : autobus Berliet
inde-indochine-tan-phong-75ce58,https://entreprises-coloniales.fr/inde-indochine/Tan-Phong.pdf,company,Tan-Phong,Héveas et caoutchouc,Indochine,Indochine,,,Tan-Phong (Société civile des plantations de)
inde-indochine-tan-tuong-439cf7,https://entreprises-coloniales.fr/inde-indochine/Tan-Tuong.pdf,company,Société des plantations des hévéas de Tan-Tuong,Héveas et caoutchouc,Indochine,Indochine,,,Tan-Tuong (Société des plantations des hévéas de)(Boy Landry)
inde-indochine-tanindo-38472f,https://entreprises-coloniales.fr/inde-indochine/Tanindo.pdf,company,"Tanneries de l’Indochine, Thuy-Khé",Cuirs et textiles,Indochine,Indochine,,,"Tanneries de l’Indochine (Grawitz), Thuy-Khé, Hanoï"
inde-indochine-tanneries-cochinchine-4b3b7d,https://entreprises-coloniales.fr/inde-indochine/Tanneries_Cochinchine.pdf,company,Tanneries de Cochinchine,Cuirs et textiles,Indochine,Indochine,,,Tanneries de Cochinchine (Samuel)
inde-indochine-tapis-hang-kenh-3951d6,https://entreprises-coloniales.fr/inde-indochine/Tapis_Hang_Kenh.pdf,company,"Manufacture de Hàng-Kênh, Lam-ha, Dô Moî",Cuirs et textiles,Indochine,Indochine,,,"Manufacture de Hàng-Kênh (MHK), Lam-ha (Haïphong), Dô Moî : tapis"
inde-indochine-taupin-cie-hanoi-27141d,https://entreprises-coloniales.fr/inde-indochine/Taupin_&_Cie-Hanoi.pdf,person,Taupin & Cie,"Imprimerie, presse, édition",Indochine,Indochine,,,"Taupin & Cie (Georges), Hanoï, Haïphong : imprimeur-éditeur-libraire"
inde-indochine-taverne-imperiale-vinh-12988d,https://entreprises-coloniales.fr/inde-indochine/Taverne_imperiale-Vinh.pdf,company,Taverne impériale,"Hôtellerie, tourisme",Indochine,Indochine,,,"Taverne impériale, Vinh"
inde-indochine-tayninh-bungalow-8d5416,https://entreprises-coloniales.fr/inde-indochine/Tayninh-Bungalow.pdf,company,"Bungalow, Tayninh","Hôtellerie, tourisme",Indochine,Indochine,,,"Bungalow (Cua), Tayninh"
inde-indochine-tchepone-bungalow-5d7cdd,https://entreprises-coloniales.fr/inde-indochine/Tchepone-Bungalow.pdf,company,"Bungalow, Tchépone","Hôtellerie, tourisme",Indochine,Indochine,,,"Bungalow, Tchépone"
inde-indochine-teinturerie-pham-ta-7a89ee,https://entreprises-coloniales.fr/inde-indochine/Teinturerie_Pham-Ta.pdf,company,Pham-Ta,Cuirs et textiles,Indochine,Indochine,,,"Pham-Ta, Hanoï, Nam-Dinh : teinture, détachage, dégraissage"
inde-indochine-teleferique-col-vieille-427d7b,https://entreprises-coloniales.fr/inde-indochine/Teleferique_col_Vieille.pdf,company,Téléférique du col de la Vieille,Transports terrestres et garages,Indochine,Indochine,,,Téléférique du col de la Vieille
inde-indochine-temac-16efe3,https://entreprises-coloniales.fr/inde-indochine/TEMAC.pdf,company,Transports et messageries automobiles du Cambodge,Transports terrestres et garages,Indochine,Indochine,,,"Transports et messageries automobiles du Cambodge (TEMAC), Pnom-penh"
inde-indochine-temi-6f1993,https://entreprises-coloniales.fr/inde-indochine/TEMI.pdf,company,Transports et messageries de l'Indochine,Transports terrestres et garages,Indochine,Indochine,1927,,"Transports et messageries de l'Indochine (TEMI)(1927), Saïgon"
inde-indochine-temps-d-asie-7ec9eb,https://entreprises-coloniales.fr/inde-indochine/Temps_d_Asie.pdf,company,Le Temps d'Asie,"Imprimerie, presse, édition",Indochine,Indochine,,,"Temps d'Asie (Le)(Camille Devilar), Saïgon, Paris"
inde-indochine-terres-noires-heveas-1dabc2,https://entreprises-coloniales.fr/inde-indochine/Terres-Noires-Heveas.pdf,company,"Société des Plantations des Terres-Noires, hévéas en Cochinchine",Héveas et caoutchouc,Indochine,Indochine,1935,,"Terres-Noires (Société des Plantations des)(1935)(ancienne Société des plantations d'hévéas de Kiên-Diên), hévéas en Cochinchine"
inde-indochine-terres-rouges-833bc0,https://entreprises-coloniales.fr/inde-indochine/Terres-Rouges.pdf,company,"Société des Plantations des Terres-Rouges, hévéas à Quan-loï, caféiers et hévéas à Java",Héveas et caoutchouc,Indochine,Indochine,,,"Terres-Rouges (Société des Plantations des), hévéas à Quan-loï (Cochinchine), caféiers et hévéas à Java"
inde-indochine-terres-rouges-annam-242266,https://entreprises-coloniales.fr/inde-indochine/Terres-Rouges_Annam.pdf,company,"Société indochinoise des Terres Rouges d'Annam, Phu-Quy","Café, thé, épices, coco, quinquina, vanille",Indochine,Indochine,,,"Terres Rouges d'Annam (Société indochinoise des)(SITRA), Phu-Quy"
inde-indochine-terres-rouges-thanh-hoa-fcca08,https://entreprises-coloniales.fr/inde-indochine/Terres-Rouges_Thanh-Hoa.pdf,company,Société des Terres Rouges du Thanh-Hoa,"Café, thé, épices, coco, quinquina, vanille",Indochine,Indochine,,,Terres Rouges du Thanh-Hoa (Société des)(Alain Millon de Villeroy) : café
inde-indochine-terres-rouges-vie-quot-1950-a5264d,https://entreprises-coloniales.fr/inde-indochine/Terres-Rouges-Vie_quot._1950.pdf,company,Société des Plantations des Terres-Rouges,Héveas et caoutchouc,Indochine,Indochine,,,Terres-Rouges (Société des Plantations des) : la vie quotidienne pendant la guerre d'Indochine
inde-indochine-testudo-haiphong-235d92,https://entreprises-coloniales.fr/inde-indochine/Testudo-Haiphong.pdf,company,Testudo,Industries diverses,Indochine,Indochine,,,"Testudo (Poinsard et Veyret), Haïphong : huile, peintures et vernis, décoration, meubles, frappe de monnaie"
inde-indochine-tetart-pionnier-cinema-ic-d962c7,https://entreprises-coloniales.fr/inde-indochine/Tetart_Pionnier_Cinema_IC.pdf,company,"René Tétart, pionnier du cinéma indochinois",Cinémas et théâtres de l'Indochine (du nord au sud),Indochine,Indochine,,,"René Tétart, pionnier du cinéma indochinois"
inde-indochine-texaco-indochine-f71fbf,https://entreprises-coloniales.fr/inde-indochine/Texaco_Indochine.pdf,company,The Texas Cy Ltd en Indochine. Raid Hanoï-Saïgon par la route Mandarine,Commerce,Indochine,Indochine,,,Texas Cy Ltd (The)(Texaco) en Indochine. Raid Hanoï-Saïgon par la route Mandarine (29-30 janvier 1934)
inde-indochine-texor-7add91,https://entreprises-coloniales.fr/inde-indochine/Texor.pdf,company,Tapis d'Extrême-Orient,Cuirs et textiles,Indochine,Indochine,,,"Tapis d'Extrême-Orient : de Sofania, Phat-Diêm à Texor, Hanoï"
inde-indochine-thai-binh-nord-casier-mme-5fe0f6,https://entreprises-coloniales.fr/inde-indochine/Thai-binh-Nord-casier_mme.pdf,company,Thai-binh-Nord,"Hydraulique agricole, irrigations (du nord au sud)",Indochine,Indochine,1944,,Thai-binh-Nord (L'aménagement du casier maritime de)(1944)
inde-indochine-thai-duong-peintre-ffba22,https://entreprises-coloniales.fr/inde-indochine/Thai-Duong_peintre.pdf,company,Thai-Duong,"Artistes peintres, sculpteurs et galeries",Indochine,Indochine,,,Thai-Duong : artiste peintre
inde-indochine-thai-van-chanh-baria-d7a271,https://entreprises-coloniales.fr/inde-indochine/Thai_van_Chanh-Baria.pdf,company,Thaï van Chanh,Mines,Indochine,Indochine,,,"Thaï van Chanh (Étienne)(E.T.W.C.), Baria : saunier"
inde-indochine-thakhek-bungalow-f0d461,https://entreprises-coloniales.fr/inde-indochine/Thakhek-Bungalow.pdf,company,Bungalow,"Hôtellerie, tourisme",Indochine,Indochine,,,"Bungalow, Thakhek"
inde-indochine-thanh-hoa-hotel-nhieu-19a835,https://entreprises-coloniales.fr/inde-indochine/Thanh-Hoa-Hotel_Nhieu.pdf,company,Hôtel Nhiêu,"Hôtellerie, tourisme",Indochine,Indochine,,,"Hôtel Nhiêu, Thanh-Hoa"
inde-indochine-thanh-hoa-mong-tho-bcf3a2,https://entreprises-coloniales.fr/inde-indochine/Thanh-Hoa-Mong-Tho.pdf,company,Société Rizicole de Thanh-Hoa-Mong-Tho,"Rizières, rizeries, négoce de riz et autres céréales",Indochine,Indochine,,,"Rizicole de Thanh-Hoa-Mong-Tho (Société), Rach-gia"
inde-indochine-thanh-hoa-reboisements-db386f,https://entreprises-coloniales.fr/inde-indochine/Thanh-Hoa-Reboisements.pdf,company,Reboisements par le service forestier dans la province de Thanh-hoa,"Bois, meubles, papier, allumettes",Indochine,Indochine,,,"Reboisements par le service forestier dans la province de Thanh-hoa (Nord-Annam) : Son-Diên, Phu-Diên"
inde-indochine-thanh-thai-deposition-2debc1,https://entreprises-coloniales.fr/inde-indochine/Thanh_Thai_deposition.pdf,source_document,"Thành Thái, empereur d'Annam, ni ange, ni bête",Documents généraux (par ordre chronologique),Indochine,Indochine,1889,1907,"Thành Thái, empereur d'Annam (1889-1907), ni ange, ni bête : sa déposition. Recueil d'articles"
inde-indochine-thanh-tuy-ha-2bf65e,https://entreprises-coloniales.fr/inde-indochine/Thanh-Tuy-Ha.pdf,company,Société agricole de Thanh-Tuy-Ha,Héveas et caoutchouc,Indochine,Indochine,1910,,"Thanh-Tuy-Ha (Société agricole de)(S.A., 1910)"
inde-indochine-thap-muoi-ccneo-3f8bcd,https://entreprises-coloniales.fr/inde-indochine/Thap-Muoi_CCNEO.pdf,company,Société agricole et industrielle du Thap-Muoi,"Rizières, rizeries, négoce de riz et autres céréales",Indochine,Indochine,1928,,"Thap-Muoi (Société agricole et industrielle du)(S.A., 1928)"
inde-indochine-the-tot-lam-ee7024,https://entreprises-coloniales.fr/inde-indochine/The_Tot-Lam.pdf,company,Thé Tôt-Lam,"Café, thé, épices, coco, quinquina, vanille",Indochine,Indochine,,,"Thé Tôt-Lam (Victor Fiévet), Paris"
inde-indochine-theatre-annamite-baclieu-0cd4fb,https://entreprises-coloniales.fr/inde-indochine/Theatre_annamite-Baclieu.pdf,company,Théâtre annamite,Cinémas et théâtres de l'Indochine (du nord au sud),Indochine,Indochine,,,"Théâtre annamite, Baclieu : théâtre, accueil d'un cinéma ambulant"
inde-indochine-theatre-camp-des-mares-c96745,https://entreprises-coloniales.fr/inde-indochine/Theatre_Camp-des-Mares.pdf,company,Théâtre-cinéma du camp des Mares,Cinémas et théâtres de l'Indochine (du nord au sud),Indochine,Indochine,,,"Théâtre-cinéma du camp des Mares, Saïgon"
inde-indochine-theatre-duc-hoang-hoi-8cb7a9,https://entreprises-coloniales.fr/inde-indochine/Theatre_Duc-Hoang-Hoi.pdf,company,"Théâtre Duc-Hoàng-Hôi, Saïgon, rue Colonel-Grimaud",Cinémas et théâtres de l'Indochine (du nord au sud),Indochine,Indochine,,,"Théâtre Duc-Hoàng-Hôi, Saïgon, rue Colonel-Grimaud"
inde-indochine-theatre-haiphong-87a269,https://entreprises-coloniales.fr/inde-indochine/Theatre-Haiphong.pdf,company,Le théâtre municipal de Haïphong,Cinémas et théâtres de l'Indochine (du nord au sud),Indochine,Indochine,,,Le théâtre municipal de Haïphong
inde-indochine-theatre-hanoi-1d4ae4,https://entreprises-coloniales.fr/inde-indochine/Theatre-Hanoi.pdf,company,Le théâtre municipal de Hanoï,Cinémas et théâtres de l'Indochine (du nord au sud),Indochine,Indochine,,,Le théâtre municipal de Hanoï
inde-indochine-theatre-municipal-saigon-2a8e73,https://entreprises-coloniales.fr/inde-indochine/Theatre_municipal-Saigon.pdf,company,Théâtre municipal,Cinémas et théâtres de l'Indochine (du nord au sud),Indochine,Indochine,,,"Théâtre municipal, Saïgon"
inde-indochine-theatre-thanh-xuong-a0d37a,https://entreprises-coloniales.fr/inde-indochine/Theatre_Thanh_Xuong.pdf,company,"Théâtre Thanh Xuong, Saïgon, rue Boresse, 121",Cinémas et théâtres de l'Indochine (du nord au sud),Indochine,Indochine,,,"Théâtre Thanh Xuong, Saïgon, rue Boresse, 121"
inde-indochine-theatre-varietes-saigon-242e2d,https://entreprises-coloniales.fr/inde-indochine/Theatre_Varietes-Saigon.pdf,company,"Théâtre des Variétés, Saïgon, rue Boresse, 93 bis",Cinémas et théâtres de l'Indochine (du nord au sud),Indochine,Indochine,,,"Théâtre des Variétés, Saïgon, rue Boresse, 93 bis"
inde-indochine-thes-annam-lombard-7a5576,https://entreprises-coloniales.fr/inde-indochine/Thes_Annam_Lombard.pdf,company,Compagnie des Thés de l’Annam,"Café, thé, épices, coco, quinquina, vanille",Indochine,Indochine,1904,,"Thés de l’Annam (Compagnie des)(Anc. Lombard & Cie)(S.A., 1904)"
inde-indochine-thes-de-cho-ben-a92842,https://entreprises-coloniales.fr/inde-indochine/Thes_de_Cho-Ben.pdf,company,Société des Thés de Cho-Bên,"Café, thé, épices, coco, quinquina, vanille",Indochine,Indochine,,,Thés de Cho-Bên (Société des)(Édouard Sarthé)
inde-indochine-thes-de-l-indochine-fa37e7,https://entreprises-coloniales.fr/inde-indochine/Thes_de_l_Indochine.pdf,company,Société des Thés de l’Indochine,"Café, thé, épices, coco, quinquina, vanille",Indochine,Indochine,1924,1933,Thés de l’Indochine (Société des)(1924-1933)
inde-indochine-thes-pltx-moi-blao-18b66a,https://entreprises-coloniales.fr/inde-indochine/Thes_pltx_moi_Blao.pdf,company,Thés du plateau moï de Blao,"Café, thé, épices, coco, quinquina, vanille",Indochine,Indochine,1939,,"Thés du plateau moï de Blao (Sarl, 1939)"
inde-indochine-thes-selectionnes-ic-52b01b,https://entreprises-coloniales.fr/inde-indochine/Thes_selectionnes_IC.pdf,company,Thés sélectionnés d'Indochine,"Café, thé, épices, coco, quinquina, vanille",Indochine,Indochine,1935,,"Thés sélectionnés d'Indochine (Cothésic)(S.A., 1935), Haïphong"
inde-indochine-thi-doi-riz-11c5ce,https://entreprises-coloniales.fr/inde-indochine/Thi-Doi-riz.pdf,company,Thi-Doi — Société des rizières d'Indochine,"Rizières, rizeries, négoce de riz et autres céréales",Indochine,Indochine,,,Thi-Doi — Société des rizières d'Indochine
inde-indochine-thibault-petards-binh-da-7c644b,https://entreprises-coloniales.fr/inde-indochine/Thibault_petards-Binh-da.pdf,company,"Thibault & Cie, Binh-da",Industries diverses,Indochine,Indochine,1929,,"Thibault & Cie, Binh-da (Hadong)(1929) : pétards"
inde-indochine-thomas-caraman-indigo-a619a3,https://entreprises-coloniales.fr/inde-indochine/Thomas_Caraman_indigo.pdf,company,"Thomas-Caraman et Compagnie, Oknha Tey",Cuirs et textiles,Indochine,Indochine,,,"Thomas-Caraman et Compagnie (MM. Hippolyte Frédéric), Oknha Tey (Cambodge) : indigoteries (1883-1886)"
inde-indochine-thome-la-croix-cuvelier-c78a00,https://entreprises-coloniales.fr/inde-indochine/Thome-La_Croix-Cuvelier.pdf,company,"Thomé, la Croix-Cuvelier","Rizières, rizeries, négoce de riz et autres céréales",Indochine,Indochine,,,"Thomé (Paul), la Croix-Cuvelier : 5.000 hectares. Féculerie de Luc-Nam (Tonkin)"
inde-indochine-thuan-hoa-saigon-5eeda3,https://entreprises-coloniales.fr/inde-indochine/Thuan-Hoa-Saigon.pdf,company,Thuan-Hoà,Commerce,Indochine,Indochine,,,"Thuan-Hoà, Saïgon"
inde-indochine-thudaumot-bungalow-2fd399,https://entreprises-coloniales.fr/inde-indochine/Thudaumot-Bungalow.pdf,company,Bungalow,"Hôtellerie, tourisme",Indochine,Indochine,,,"Bungalow (Casanova), Thudaumot"
inde-indochine-tiran-grande-chasse-en-indochine-4d50bf,https://entreprises-coloniales.fr/inde-indochine/Tiran_Grande_chasse_en_Indochine.pdf,company,"Tiran, la Grande Chasse en Indochine",Sports,Indochine,Indochine,1933,,"Tiran (Georges-Norbert), la Grande Chasse en Indochine (1933)"
inde-indochine-tissages-de-culao-gieng-abe275,https://entreprises-coloniales.fr/inde-indochine/Tissages_de_Culao-Gieng.pdf,company,Tissages de soie de Culao-Gieng,Cuirs et textiles,Indochine,Indochine,,,Tissages de soie de Culao-Gieng (Cochinchine)
inde-indochine-tong-cinema-casino-f2589c,https://entreprises-coloniales.fr/inde-indochine/Tong-Cinema-Casino.pdf,company,Casino-Cinéma,Cinémas et théâtres de l'Indochine (du nord au sud),Indochine,Indochine,,,"Casino-Cinéma, Tong"
inde-indochine-tong-hotel-bellevue-49c596,https://entreprises-coloniales.fr/inde-indochine/Tong-Hotel_Bellevue.pdf,company,Hôtel Bellevue,"Hôtellerie, tourisme",Indochine,Indochine,,,"Hôtel Bellevue, Tong"
inde-indochine-tong-hotel-terrasse-9f684f,https://entreprises-coloniales.fr/inde-indochine/Tong-Hotel_Terrasse.pdf,company,Hôtel de la Terrasse,"Hôtellerie, tourisme",Indochine,Indochine,,,"Hôtel de la Terrasse, Tong"
inde-indochine-tonkin-relance-the-1927-d75a33,https://entreprises-coloniales.fr/inde-indochine/Tonkin-relance_the_1927.pdf,company,Relance de la culture du thé au Tonkin,"Café, thé, épices, coco, quinquina, vanille",Indochine,Indochine,1927,,Relance de la culture du thé au Tonkin (1927)
inde-indochine-tonkinoise-de-radiophonie-519517,https://entreprises-coloniales.fr/inde-indochine/Tonkinoise_de_Radiophonie.pdf,company,Société Tonkinoise de Radiophonie,Commerce,Indochine,Indochine,,,"Tonkinoise de Radiophonie (Société), Hanoï"
inde-indochine-tonkinoise-de-tramways-01cd79,https://entreprises-coloniales.fr/inde-indochine/Tonkinoise_de_Tramways.pdf,company,Compagnie Tonkinoise de Tramways à vapeur sur routes,Transports terrestres et garages,Indochine,Indochine,,,Tonkinoise de Tramways à vapeur sur routes (Compagnie)
inde-indochine-tonkinoise-mines-amiante-0d33ee,https://entreprises-coloniales.fr/inde-indochine/Tonkinoise_mines_amiante.pdf,company,Société Tonkinoise des mines d’amiante,Mines,Indochine,Indochine,1941,,"Tonkinoise des mines d’amiante (Société)(Sarl, 1941), Hanoï"
inde-indochine-tourakom-6b1339,https://entreprises-coloniales.fr/inde-indochine/Tourakom.pdf,company,Société d'Exploration en Indo-Chine,Mines,Indochine,Indochine,1906,1925,"Exploration en Indo-Chine (Société d')(Tourakom)(1906-1925), Laos"
inde-indochine-tourane-grd-hotel-morin-75aa82,https://entreprises-coloniales.fr/inde-indochine/Tourane-Grd_Hotel_Morin.pdf,company,Grand Hôtel Morin frères,"Hôtellerie, tourisme",Indochine,Indochine,,,"Grand Hôtel Morin frères, Tourane"
inde-indochine-tourane-hotel-gassier-f9d2b5,https://entreprises-coloniales.fr/inde-indochine/Tourane-Hotel_Gassier.pdf,company,Hôtel Gassier,"Hôtellerie, tourisme",Indochine,Indochine,,,"Hôtel Gassier, Tourane"
inde-indochine-tourane-hotel-univers-206998,https://entreprises-coloniales.fr/inde-indochine/Tourane-Hotel_Univers.pdf,company,Hôtel de l'Univers,"Hôtellerie, tourisme",Indochine,Indochine,,,"Hôtel de l'Univers, Tourane"
inde-indochine-tourcham-bungalow-c38530,https://entreprises-coloniales.fr/inde-indochine/Tourcham-Bungalow.pdf,company,"Bungalow, Tourcham","Hôtellerie, tourisme",Indochine,Indochine,,,"Bungalow, Tourcham"
inde-indochine-tourcham-sait-c729c1,https://entreprises-coloniales.fr/inde-indochine/Tourcham_SAIT.pdf,company,Société Agricole et Industrielle de Tourcham,"Rizières, rizeries, négoce de riz et autres céréales",Indochine,Indochine,1926,,"Agricole et Industrielle de Tourcham (Société)(SAIT)(1926)(Jacques Duval) : riziculture, rizerie…"
inde-indochine-tourisme-au-langbian-e5920e,https://entreprises-coloniales.fr/inde-indochine/Tourisme_au_Langbian.pdf,company,Société de Tourisme au Langbian,"Hôtellerie, tourisme",Indochine,Indochine,,,"Tourisme au Langbian (Société de), Dalat : cercle des étrangers, casino, jeux et fêtes"
inde-indochine-trac-vinh-e369f9,https://entreprises-coloniales.fr/inde-indochine/TRAC-Vinh.pdf,company,Transports automobiles Aviat & Cie,Transports terrestres et garages,Indochine,Indochine,,,"Transports automobiles Aviat & Cie (TRAC), Vinh"
inde-indochine-tramway-bencat-kratie-bfd008,https://entreprises-coloniales.fr/inde-indochine/Tramway_Bencat-Kratie.pdf,company,Société d'études du Tramway de Bencat à Kratié,Transports terrestres et garages,Indochine,Indochine,1913,1929,Tramway de Bencat (Saïgon) à Kratié (Société d'études du)(1913-1929)
inde-indochine-tramways-cochinchine-ef4b80,https://entreprises-coloniales.fr/inde-indochine/Tramways_Cochinchine.pdf,company,Société générale des Tramways à vapeur de Cochinchine,Transports terrestres et garages,Indochine,Indochine,,,"Tramways à vapeur de Cochinchine (Société générale des) : Saïgon-Cholon, Saïgon-Mytho."
inde-indochine-tramways-du-donai-7c752c,https://entreprises-coloniales.fr/inde-indochine/Tramways_du_Donai.pdf,company,Compagnie française des Tramways du Donaï,Transports terrestres et garages,Indochine,Indochine,1913,,"Tramways du Donaï (Compagnie française des)(S.A., 1913)"
inde-indochine-tramways-du-tonkin-a2de58,https://entreprises-coloniales.fr/inde-indochine/Tramways_du_Tonkin.pdf,company,"Société des Tramways du Tonkin, puis Société des transports en commun de la région de Hanoï",Transports terrestres et garages,Indochine,Indochine,1929,1951,"Tramways du Tonkin (Société des)(1929-1951), puis Société des transports en commun de la région de Hanoï (STCRH)(1952-1962)"
inde-indochine-tramways-electriques-hanoi-dbfbf3,https://entreprises-coloniales.fr/inde-indochine/Tramways_electriques_Hanoi.pdf,company,"Compagnie des Tramways électriques d'Hanoï et extensions . Suite de Courret, Krug et Durand frères",Transports terrestres et garages,Indochine,Indochine,1899,1905,"Tramways électriques d'Hanoï et extensions (Compagnie des)(1899-1905). Suite de Courret, Krug et Durand frères"
inde-indochine-tramways-indochine-6c07da,https://entreprises-coloniales.fr/inde-indochine/Tramways_Indochine.pdf,company,Compagnie Française de Tramways,Transports terrestres et garages,Indochine,Indochine,1889,,"Française de Tramways (Indo-Chine)(Compagnie)(CFTI)(1889)(Eugène Ferret, fondateur) : Saïgon"
inde-indochine-tran-trin-trach-1873-1942-737d9b,https://entreprises-coloniales.fr/inde-indochine/Tran_Trin_Trach_1873-1942.pdf,company,Trân Trin Trach,"Rizières, rizeries, négoce de riz et autres céréales",Indochine,Indochine,1873,1942,"Trân Trin Trach (1873-1942), Baclieu : riziculteur, saunier, distillateur, banquier, conseiller colonial, philanthrope"
inde-indochine-transindochinois-faucher-1d5a42,https://entreprises-coloniales.fr/inde-indochine/Transindochinois-Faucher.pdf,company,Chemin de fer transindochinois,Transports terrestres et garages,Indochine,Indochine,,,"Chemin de fer transindochinois : section Dieû-Tri–Tùy-Hoâ (1936) : 45 photos N&B de Lucien Faucher, ingénieur"
inde-indochine-transitaires-reunis-saigon-53df09,https://entreprises-coloniales.fr/inde-indochine/Transitaires_reunis-Saigon.pdf,company,Transitaires réunis,"Transports fluviaux, maritimes et aériens. Ports, phares",Indochine,Indochine,,,"Transitaires réunis, Saïgon"
inde-indochine-transp-mmes-fluv-sauvage-044f96,https://entreprises-coloniales.fr/inde-indochine/Transp_mmes_fluv_Sauvage.pdf,company,Transports maritimes et fluviaux de l'Indochine,"Transports fluviaux, maritimes et aériens. Ports, phares",Indochine,Indochine,,,Transports maritimes et fluviaux de l'Indochine (Anc. Éts Fortuné Sauvage)
inde-indochine-transports-aeriens-extreme-orient-b729d8,https://entreprises-coloniales.fr/inde-indochine/Transports_aeriens_Extreme-Orient.pdf,company,Société des Transports aériens d’Extrême-Orient,"Transports fluviaux, maritimes et aériens. Ports, phares",Indochine,Indochine,1947,,"Transports aériens d’Extrême-Orient (Société des)(1947), Saïgon"
inde-indochine-transports-d-indochine-29605b,https://entreprises-coloniales.fr/inde-indochine/Transports_d_Indochine.pdf,company,Société des Transports d'Indochine,"Transports fluviaux, maritimes et aériens. Ports, phares",Indochine,Indochine,,,Transports d'Indochine (Société des) : flottille du port de Saïgon
inde-indochine-transports-fluviaux-laos-ccc379,https://entreprises-coloniales.fr/inde-indochine/Transports_fluviaux_Laos.pdf,company,Société des Transports fluviaux du Laos,"Transports fluviaux, maritimes et aériens. Ports, phares",Indochine,Indochine,1937,,Transports fluviaux du Laos (Société des)(1937) : transports fluviaux et terrestres subventionnés du Laos
inde-indochine-travinh-bungalow-0dcfa4,https://entreprises-coloniales.fr/inde-indochine/Travinh-Bungalow.pdf,company,Bungalow,"Hôtellerie, tourisme",Indochine,Indochine,,,"Bungalow (Thai-ngaôn Xang…), Travinh"
inde-indochine-trentinian-explosion-1928-5d708d,https://entreprises-coloniales.fr/inde-indochine/Trentinian-explosion_1928.pdf,company,L'explosion du « Trentinian » à Nung-Sen,"Transports fluviaux, maritimes et aériens. Ports, phares",Indochine,Indochine,1928,,L'explosion du « Trentinian » à Nung-Sen (1928)
inde-indochine-trian-bungalow-272cc4,https://entreprises-coloniales.fr/inde-indochine/Trian-Bungalow.pdf,company,"Bungalow, Trian","Hôtellerie, tourisme",Indochine,Indochine,,,"Bungalow, Trian"
inde-indochine-tribune-republicaine-hanoi-1b13bf,https://entreprises-coloniales.fr/inde-indochine/Tribune_republicaine-Hanoi.pdf,company,La Tribune républicaine,"Imprimerie, presse, édition",Indochine,Indochine,,,"Tribune républicaine (La), Hanoï : bimensuel de la SFIO"
inde-indochine-trung-bac-tan-van-hanoi-f03ee2,https://entreprises-coloniales.fr/inde-indochine/Trung_Bac_Tan_Van-Hanoi.pdf,company,Trung-Bac-Tan-Van,"Imprimerie, presse, édition",Indochine,Indochine,1913,1940,"Trung-Bac-Tan-Van (Gazette de l'Annam-Tonkin)(1913-ca 1940), Hanoï : premier quotidien annamite, création de Nguyen van Vinh"
inde-indochine-truong-lap-heveas-6f933e,https://entreprises-coloniales.fr/inde-indochine/Truong-lap-Heveas.pdf,company,Plantation de Truong-lap ou Trung-lâps,Héveas et caoutchouc,Indochine,Indochine,,,Truong-lap ou Trung-lâps (Plantation de)(Alphonse Bec)
inde-indochine-truong-van-ben-96e6e2,https://entreprises-coloniales.fr/inde-indochine/Truong_van_Ben.pdf,company,Truong-van-Bên,Autres industries alimentaires,Indochine,Indochine,,,"Truong-van-Bên, Cholon : huilerie-savonnerie Vietnam"
inde-indochine-tuilerie-briq-blazeix-dap-cau-a1cf56,https://entreprises-coloniales.fr/inde-indochine/Tuilerie-briq._Blazeix_Dap-Cau.pdf,company,"Tuilerie-briqueterie Eugène Le Roy, puis Henry Blazeix & Cie","Bâtiment-travaux publics, matériaux de construction, céramiques",Indochine,Indochine,,,"Tuilerie-briqueterie Eugène Le Roy, puis Henry Blazeix & Cie, Dap-Cau"
inde-indochine-tuilerie-du-port-courbet-a18834,https://entreprises-coloniales.fr/inde-indochine/Tuilerie_du_Port-Courbet.pdf,company,Beaugeraud et Cie — Tuilerie du Port-Courbet,"Bâtiment-travaux publics, matériaux de construction, céramiques",Indochine,Indochine,,,Beaugeraud et Cie — Tuilerie du Port-Courbet (Sarl)
inde-indochine-tuilerie-giem-38f1a5,https://entreprises-coloniales.fr/inde-indochine/Tuilerie_Giem.pdf,company,Tuilerie-briqueterie Giêm,"Bâtiment-travaux publics, matériaux de construction, céramiques",Indochine,Indochine,,,"Tuilerie-briqueterie Giêm, Hanoï"
inde-indochine-tuileries-briq-phu-huu-22f28a,https://entreprises-coloniales.fr/inde-indochine/Tuileries-briq_Phu-Huu.pdf,company,Tuileries et briqueteries mécaniques de Phu-Huu,"Bâtiment-travaux publics, matériaux de construction, céramiques",Indochine,Indochine,1928,1934,Tuileries et briqueteries mécaniques de Phu-Huu (1928-1934) : près Cantho
inde-indochine-tuileries-de-trian-ec106d,https://entreprises-coloniales.fr/inde-indochine/Tuileries_de_Trian.pdf,company,Société des Tuileries de Trian,"Bâtiment-travaux publics, matériaux de construction, céramiques",Indochine,Indochine,1929,1934,"Tuileries de Trian (Société des)(ca 1929-1934), Thien-Quan, Biên-Hoà"
inde-indochine-tuileries-indochine-df40d8,https://entreprises-coloniales.fr/inde-indochine/Tuileries_Indochine.pdf,company,Tuileries de l'Indochine,"Bâtiment-travaux publics, matériaux de construction, céramiques",Indochine,Indochine,,,"Tuileries de l'Indochine (SATIC) : Hanoï, Dap-Cau, Long-Buu (Giadinh)"
inde-indochine-tuy-hoa-bungalow-d71f0d,https://entreprises-coloniales.fr/inde-indochine/Tuy-Hoa-Bungalow.pdf,company,"Bungalow, Tùy-Hoâ","Hôtellerie, tourisme",Indochine,Indochine,,,"Bungalow, Tùy-Hoâ"
inde-indochine-tuyen-quang-hotel-baud-5c810e,https://entreprises-coloniales.fr/inde-indochine/Tuyen-Quang-Hotel_Baud.pdf,company,Hôtel Baud,"Hôtellerie, tourisme",Indochine,Indochine,,,"Hôtel Baud, Tuyên-Quang"
inde-indochine-tuyen-quang-hotel-mines-0d2cce,https://entreprises-coloniales.fr/inde-indochine/Tuyen-Quang-Hotel_Mines.pdf,company,"Hôtel des Messageries, puis Vve Sauguet & Cie, Hôtel des Mines","Hôtellerie, tourisme",Indochine,Indochine,,,"Hôtel des Messageries, puis Vve Sauguet & Cie, Hôtel des Mines, Tuyên-Quang"
inde-indochine-typhon-hanoi-d33033,https://entreprises-coloniales.fr/inde-indochine/Typhon-Hanoi.pdf,company,Le Typhon,"Banque, gérance, assurances…",Indochine,Indochine,,,"Typhon (Le), Hanoï : société d'assurances mutuelles contre l'incendie et les dégâts des cyclones, typhons, trombes et chute de la foudre"
inde-indochine-uceo-tonkin-32ed33,https://entreprises-coloniales.fr/inde-indochine/UCEO-Tonkin.pdf,company,Union commerciale d'Extrême-Orient; Haïphong,Commerce,Indochine,Indochine,1927,,"Union commerciale d'Extrême-Orient(UCEO)(ca 1927); Haïphong, puis Hanoï"
inde-indochine-ufaic-403f62,https://entreprises-coloniales.fr/inde-indochine/UFAIC.pdf,company,Union financière et agricole indo-chinoise,"Banque, gérance, assurances…",Indochine,Indochine,1929,1937,Union financière et agricole indo-chinoise (1929-1937)
inde-indochine-ufeo-478e09,https://entreprises-coloniales.fr/inde-indochine/UFEO.pdf,company,UFEO,Groupes indochinois et dirigeants d'affaires diverses,Indochine,Indochine,1929,,"UFEO (S.A., octobre 1929)"
inde-indochine-uffindo-22a9a9,https://entreprises-coloniales.fr/inde-indochine/Uffindo.pdf,company,Union financière franco-indochinoise,"Banque, gérance, assurances…",Indochine,Indochine,1927,1939,Union financière franco-indochinoise (Uffindo)(1927-1939)
inde-indochine-ufidoi-23b330,https://entreprises-coloniales.fr/inde-indochine/UFIDOI.pdf,company,Union financière et industrielle pour le développement de l’outillage indochinois,Commerce,Indochine,Indochine,1929,,Union financière et industrielle pour le développement de l’outillage indochinois (1929) : utilisation en Indochine des prestations en nature allemandes
inde-indochine-uic-achard-saigon-34662c,https://entreprises-coloniales.fr/inde-indochine/UIC-Achard-Saigon.pdf,company,Union industrielle et commerciale,"Métallurgie, constructions mécaniques, électriques, navales",Indochine,Indochine,,,"Union industrielle et commerciale, Saïgon : constructions mécaniques"
inde-indochine-umfc-indochine-3b7b23,https://entreprises-coloniales.fr/inde-indochine/UMFC-Indochine.pdf,company,Union minière financière et coloniale UMFC -Indochine,Groupes indochinois et dirigeants d'affaires diverses,Indochine,Indochine,,,UMFC (Union minière financière et coloniale)-Indochine
inde-indochine-un-industrielle-et-coloniale-c76281,https://entreprises-coloniales.fr/inde-indochine/Un._industrielle_et_coloniale.pdf,company,Union industrielle et coloniale,"Bois, meubles, papier, allumettes",Indochine,Indochine,1921,1932,"Union industrielle et coloniale (1921-1932), Paris, puis Saïgon"
inde-indochine-un-miniere-indoch-e804f4,https://entreprises-coloniales.fr/inde-indochine/Un._miniere_indoch.pdf,company,Union minière indochinoise,Mines,Indochine,Indochine,1928,,"Union minière indochinoise (UMIC)(S.A., 1928), Paris"
inde-indochine-unedi-208f6c,https://entreprises-coloniales.fr/inde-indochine/UNEDI.pdf,company,Union électrique d’Indochine,"Eau et assainissement, électricité (Utilities)",Indochine,Indochine,,,"Union électrique d’Indochine (Unedi) : Cochinchine, Cambodge"
inde-indochine-unimfindo-549805,https://entreprises-coloniales.fr/inde-indochine/Unimfindo.pdf,company,Union immobilière et financière de l'Indochine,Sociétés foncières et immobilières,Indochine,Indochine,1929,,"Union immobilière et financière de l'Indochine (S.A., 1929), Hanoï"
inde-indochine-union-ass-indochine-1a9792,https://entreprises-coloniales.fr/inde-indochine/Union_ass.-Indochine.pdf,company,L'Union en Indochine,"Banque, gérance, assurances…",Indochine,Indochine,,,Union (L')(Compagnie d'assurances) en Indochine
inde-indochine-union-comm-i-c-578025,https://entreprises-coloniales.fr/inde-indochine/Union_comm._I.C.pdf,company,Union commerciale indo-chinoise,"Transports fluviaux, maritimes et aériens. Ports, phares",Indochine,Indochine,1904,1918,"Union commerciale indo-chinoise (1904-1918) : commerce et armement (monoroues « Thérèse » et « Louise », remorqueurs « Marie » et « Amélie »… )"
inde-indochine-union-immobiliere-ic-5aa3c6,https://entreprises-coloniales.fr/inde-indochine/Union_immobiliere_IC.pdf,company,Union immobilière indochinoise,Sociétés foncières et immobilières,Indochine,Indochine,1928,1937,"Union immobilière indochinoise (1928-1937), Saïgon"
inde-indochine-union-indo-chinoise-74cf21,https://entreprises-coloniales.fr/inde-indochine/Union_indo-chinoise.pdf,company,L'Union indo-chinoise ou Union indochinoise,"Banque, gérance, assurances…",Indochine,Indochine,1925,,"Union indo-chinoise ou Union indochinoise (L')(1925), Saïgon : société d'études"
inde-indochine-union-indochinoise-tabacs-f29973,https://entreprises-coloniales.fr/inde-indochine/Union_indochinoise_tabacs.pdf,company,"Union indochinoise de tabacs, Thu-duc",Autres industries alimentaires,Indochine,Indochine,,,"Union indochinoise de tabacs, Thu-duc (Giadinh)"
inde-indochine-union-planteurs-caoutchouc-ic-41a06f,https://entreprises-coloniales.fr/inde-indochine/Union_planteurs_caoutchouc-IC.pdf,company,Union des planteurs de caoutchouc de l’Indochine,Héveas et caoutchouc,Indochine,Indochine,1930,,"Union des planteurs de caoutchouc de l’Indochine (1930), Paris"
inde-indochine-univers-liqueurs-hanoi-7d3cd9,https://entreprises-coloniales.fr/inde-indochine/Univers_liqueurs-Hanoi.pdf,company,Éts L'Univers,Autres industries alimentaires,Indochine,Indochine,,,"Univers (Éts L'), Hanoï : liqueurs et sirops"
inde-indochine-urbaine-fonciere-ic-sufi-6556ac,https://entreprises-coloniales.fr/inde-indochine/Urbaine_fonciere_IC-SUFI.pdf,company,Société Urbaine foncière indochinoise,Sociétés foncières et immobilières,Indochine,Indochine,1923,,"Urbaine foncière indochinoise (Société)(SUFI)(S.A., 1923), Saïgon"
inde-indochine-urbanisme-indochine-1943-b85354,https://entreprises-coloniales.fr/inde-indochine/Urbanisme_Indochine-1943.pdf,company,L'urbanisme en Indochine,"Imprimerie, presse, édition",Indochine,Indochine,,,L'urbanisme en Indochine (novembre 1943)
inde-indochine-usine-aviation-tong-7292a3,https://entreprises-coloniales.fr/inde-indochine/Usine_aviation-Tong.pdf,company,Usine d'aviation inachevée de Tong,"Métallurgie, constructions mécaniques, électriques, navales",Indochine,Indochine,1938,1940,"Usine d'aviation inachevée de Tong (Bréguet, conseiller)(1938-1940) : prévue pour 150 avions et 400 moteurs par an"
inde-indochine-vaccination-indo-chine-1900-819665,https://entreprises-coloniales.fr/inde-indochine/Vaccination_Indo-Chine_1900.pdf,company,La vaccination en Indo-Chine,Santé,Indochine,Indochine,1900,,La vaccination en Indo-Chine (1900)
inde-indochine-vacuum-oil-indochine-f76161,https://entreprises-coloniales.fr/inde-indochine/Vacuum_Oil-Indochine.pdf,company,"Vacuum Oil Cy, New-York, en Indochine",Commerce,Indochine,Indochine,,,"Vacuum Oil Cy, New-York, en Indochine"
inde-indochine-valette-indoch-1940-1945-c2c841,https://entreprises-coloniales.fr/inde-indochine/Valette-Indoch_1940-1945.pdf,source_document,"Les crispastions du Pr Valette ou l'amiral Decoux revu par un pied noir, par Alain Léger",Documents généraux (par ordre chronologique),Indochine,Indochine,1995,,"Les crispastions du Pr Valette ou l'amiral Decoux revu par un pied noir, par Alain Léger (1995)"
inde-indochine-vallee-mekong-miniere-71c254,https://entreprises-coloniales.fr/inde-indochine/Vallee_Mekong-Miniere.pdf,company,Société de recherches minières de la Vallée du Mékong,Mines,Indochine,Indochine,,,Vallée du Mékong (Société de recherches minières de la)
inde-indochine-vandelet-faraut-36-betes-4d07a6,https://entreprises-coloniales.fr/inde-indochine/Vandelet&Faraut-36_betes.pdf,company,"Vandelet et Faraut, éphémères fermiers du jeu des trente-six bêtes au Cambodge",Autres loisirs,Indochine,Indochine,1888,,"Vandelet et Faraut, éphémères fermiers du jeu des trente-six bêtes au Cambodge (1888)"
inde-indochine-ventouses-annamites-095ec1,https://entreprises-coloniales.fr/inde-indochine/Ventouses_annamites.pdf,company,Les ventouses annamites,Santé,Indochine,Indochine,,,Les ventouses annamites : remède traditionnel (1944)
inde-indochine-verdier-hung-hoa-922ae5,https://entreprises-coloniales.fr/inde-indochine/Verdier-Hung-Hoa.pdf,company,"Verdier, Hung-Hoa","Café, thé, épices, coco, quinquina, vanille",Indochine,Indochine,,,"Verdier (Jacques), Hung-Hoa : café, thé…"
inde-indochine-verneuil-et-gravereaud-sontay-714c4d,https://entreprises-coloniales.fr/inde-indochine/Verneuil_et_Gravereaud-Sontay.pdf,company,"Verneuil et Gravereaud, Lin-Son et Souan-Son","Café, thé, épices, coco, quinquina, vanille",Indochine,Indochine,,,"Verneuil et Gravereaud, Lin-Son et Souan-Son (Sontay) : café, élevage, riz, abrasin, ananas"
inde-indochine-verneuil-gravereaud-btp-0f4b77,https://entreprises-coloniales.fr/inde-indochine/Verneuil+Gravereaud-BTP.pdf,company,"Verneuil & Gravereaud, BTP","Bâtiment-travaux publics, matériaux de construction, céramiques",Indochine,Indochine,,,"Verneuil & Gravereaud, BTP, Hanoï"
inde-indochine-verneuil-gravereaud-pousse-e84c71,https://entreprises-coloniales.fr/inde-indochine/Verneuil+Gravereaud-pousse.pdf,company,Verneuil & Gravereaud,Transports terrestres et garages,Indochine,Indochine,,,"Verneuil & Gravereaud (suite de Verneuil et Pottecher), Hanoï : constructeurs et exploitants de pousse-pousse à roues caoutchoutées dits pousse-pousse saïgonnais"
inde-indochine-verreries-d-extr-orient-ff77d3,https://entreprises-coloniales.fr/inde-indochine/Verreries_d_Extr.-Orient.pdf,company,Verreries d’Extrême-Orient,Industries diverses,Indochine,Indochine,,,"Verreries d’Extrême-Orient, Haïphong : filiale de Saint-Gobain, des Glaces nationales belges, des Distilleries françaises de l'Indochine et de la SFFC"
inde-indochine-verreries-ic-eba7b5,https://entreprises-coloniales.fr/inde-indochine/Verreries_IC.pdf,company,Société française des Verreries d'Indochine à Cong-My,Industries diverses,Indochine,Indochine,,,"Verreries d'Indochine (Société française des) à Cong-My, Haïphong"
inde-indochine-veuve-huaux-haiphong-1a7c3a,https://entreprises-coloniales.fr/inde-indochine/Veuve_Huaux-Haiphong.pdf,company,Huaux,"Transports fluviaux, maritimes et aériens. Ports, phares",Indochine,Indochine,,,"Huaux (Madame veuve Henri)(née Lucie Bouillon. Successeur d'Auguste Despinoy), Haïphong : transitaire"
inde-indochine-veuve-leon-dreyfus-3fd3c6,https://entreprises-coloniales.fr/inde-indochine/Veuve_Leon-Dreyfus.pdf,company,Dreyfus,Commerce,Indochine,Indochine,,,"Dreyfus (Veuve Léon), Paris, Saïgon, Haïphong, Hanoï : import-export"
inde-indochine-vezin-et-cie-hongay-b9f366,https://entreprises-coloniales.fr/inde-indochine/Vezin_et_Cie-Hongay.pdf,company,Vézin & Cie,"Bâtiment-travaux publics, matériaux de construction, céramiques",Indochine,Indochine,,,"Vézin & Cie (Charles), Hongay : chaux, ciments Portland, carreaux… et plantation de café"
inde-indochine-victoire-navale-kohchang-17-1-1941-656ebc,https://entreprises-coloniales.fr/inde-indochine/Victoire_navale_Kohchang_17_1_1941.pdf,source_document,Victoire navale française de Kohchang sur la Thaïlande,Documents généraux (par ordre chronologique),Indochine,Indochine,,,Victoire navale française de Kohchang sur la Thaïlande (17 janvier 1941)
inde-indochine-victor-demange-hanoi-f9a628,https://entreprises-coloniales.fr/inde-indochine/Victor_Demange-Hanoi.pdf,person,Demange,Commerce,Indochine,Indochine,,,"Demange (Victor)(1870-1940), Hanoï : importateur de textiles, exportateur de produits du pays, naturaliste, éditeur de cartes postales, publicitaire poète, auteur de raids automobiles, cinéaste"
inde-indochine-victor-fauvel-105333,https://entreprises-coloniales.fr/inde-indochine/Victor_Fauvel.pdf,company,Comptoir général de photographie de l'Indochine,"Imprimerie, presse, édition",Indochine,Indochine,,,"Comptoir général de photographie de l'Indochine (Victor Fauvel), Haïphong"
inde-indochine-victor-loisy-hanoi-11f759,https://entreprises-coloniales.fr/inde-indochine/Victor_Loisy-Hanoi.pdf,person,Loisy,"Élevage, abattage, boucherie",Indochine,Indochine,,,"Loisy (Victor)(1885-1923), Hanoï : boucher, éleveur"
inde-indochine-vidanges-bouages-tonkin-b9e6a9,https://entreprises-coloniales.fr/inde-indochine/Vidanges-bouages-Tonkin.pdf,company,Société générale des Vidanges et bouages du Tonkin,"Eau et assainissement, électricité (Utilities)",Indochine,Indochine,,,"Vidanges et bouages du Tonkin (Société générale des), Hanoï"
inde-indochine-vie-indo-chinoise-1896-1898-d1d1ba,https://entreprises-coloniales.fr/inde-indochine/Vie_indo-chinoise_1896-1898.pdf,company,La Vie indo-chinoise,"Imprimerie, presse, édition",Indochine,Indochine,1896,1898,"Vie indo-chinoise (La)(1896-1898), Hanoï : hebdomadaire illustré. F.-H. Schneider, éditeur. Albert Cézard, dessinateur"
inde-indochine-vientiane-bungalow-0fa6f1,https://entreprises-coloniales.fr/inde-indochine/Vientiane-Bungalow.pdf,company,Hôtel André Bungalow,"Hôtellerie, tourisme",Indochine,Indochine,,,"Bungalow (Hôtel André), Vientiane"
inde-indochine-vientiane-cinema-27b3ed,https://entreprises-coloniales.fr/inde-indochine/Vientiane-Cinema.pdf,company,Cinéma de Vientiane,Cinémas et théâtres de l'Indochine (du nord au sud),Indochine,Indochine,,,Cinéma de Vientiane (Laos)
inde-indochine-vientiane-hotel-sala-kham-b31519,https://entreprises-coloniales.fr/inde-indochine/Vientiane-Hotel-sala_Kham.pdf,company,Hôtel-sala Kham,"Hôtellerie, tourisme",Indochine,Indochine,,,"Hôtel-sala Kham, Vientiane"
inde-indochine-vietri-hotel-commerce-7b334a,https://entreprises-coloniales.fr/inde-indochine/Vietri-Hotel_Commerce.pdf,company,"Hôtel du Commerce, puis la Vieille Chaumière","Hôtellerie, tourisme",Indochine,Indochine,,,"Hôtel du Commerce, puis la Vieille Chaumière, Viétri"
inde-indochine-vieux-chateau-d-eau-saigon-16dd93,https://entreprises-coloniales.fr/inde-indochine/Vieux_chateau_d'eau_Saigon.pdf,company,Saïgon,"Eau et assainissement, électricité (Utilities)",Indochine,Indochine,,,"Saïgon : le service municipal des eaux (Thévénet Le Boul), le vieux château d'eau (1879-1921)(Fabre architecte, Loiseleur, entrepreneur), les puits Bergé (1893), le projet de captation des eaux à Trian (1905-1907)"
inde-indochine-vila-et-guery-saigon-5efa56,https://entreprises-coloniales.fr/inde-indochine/Vila_et_Guery-Saigon.pdf,company,Vila et Guéry,"Bâtiment-travaux publics, matériaux de construction, céramiques",Indochine,Indochine,,,"Vila (Pierre) et Guéry (Noël), Saïgon : entrepreneurs"
inde-indochine-village-lepreux-djiring-fbe074,https://entreprises-coloniales.fr/inde-indochine/Village_lepreux-Djiring.pdf,company,Le village de lépreux du P. Cassaigne à Djiring,Santé,Indochine,Indochine,,,Le village de lépreux du P. Cassaigne à Djiring
inde-indochine-vincent-transporteur-saigon-a25393,https://entreprises-coloniales.fr/inde-indochine/Vincent_transporteur_Saigon.pdf,company,Vincent,Transports terrestres et garages,Indochine,Indochine,,,"Vincent (Jean-Baptiste), Saïgon : entreprise générale de transports et déménagements, transit et dédouanement"
inde-indochine-vinh-an-c-8d0d4d,https://entreprises-coloniales.fr/inde-indochine/Vinh_An_&_C°.pdf,company,Vinh An & C°,Autres industries alimentaires,Indochine,Indochine,,,"Vinh An & C°, Pnom-Penh : limonades"
inde-indochine-vinh-grand-hotel-f09194,https://entreprises-coloniales.fr/inde-indochine/Vinh-Grand_Hotel.pdf,company,Grand Hôtel,"Hôtellerie, tourisme",Indochine,Indochine,,,"Grand Hôtel, Vinh"
inde-indochine-vinh-hotel-de-la-gare-0d7c89,https://entreprises-coloniales.fr/inde-indochine/Vinh-Hotel_de_la_Gare.pdf,company,Hôtel de la Gare,"Hôtellerie, tourisme",Indochine,Indochine,,,"Hôtel de la Gare, Vinh"
inde-indochine-vinh-mdu-cholon-fea0f6,https://entreprises-coloniales.fr/inde-indochine/Vinh_Mdu-Cholon.pdf,company,Vinh Mdu,"Bois, meubles, papier, allumettes",Indochine,Indochine,,,"Vinh Mdu, Cholon : scierie, meubles"
inde-indochine-vinhlong-bungalow-9fde2f,https://entreprises-coloniales.fr/inde-indochine/Vinhlong-Bungalow.pdf,company,"Bungalow, Vinhlong","Hôtellerie, tourisme",Indochine,Indochine,,,"Bungalow, Vinhlong"
inde-indochine-viollis-indochine-sos-e49de9,https://entreprises-coloniales.fr/inde-indochine/Viollis-Indochine_SOS.pdf,source_document,"Viollis, Indochine S.O.S., Paris, N.R.F., 1935, avec une partie des annexes. Critiques.",Documents généraux (par ordre chronologique),Indochine,Indochine,,,"Viollis (Andrée), Indochine S.O.S., Paris, N.R.F., 1935, avec une partie des annexes. Critiques."
inde-indochine-vitaliments-coloniaux-62a1c5,https://entreprises-coloniales.fr/inde-indochine/Vitaliments_coloniaux.pdf,company,Les Vitaliments coloniaux,Autres industries alimentaires,Indochine,Indochine,,,Vitaliments coloniaux (Les)(LVC)(Procédés Effront-Boidin) : Fruxor
inde-indochine-viterbo-hanoi-meubles-a12d3e,https://entreprises-coloniales.fr/inde-indochine/Viterbo-Hanoi-meubles.pdf,company,"Viterbo, meubles","Bois, meubles, papier, allumettes",Indochine,Indochine,,,"Viterbo, meubles, Hanoï"
inde-indochine-voies-ferrees-loc-ninh-ff3060,https://entreprises-coloniales.fr/inde-indochine/Voies_ferrees_Loc-Ninh.pdf,company,Cie des Voies ferrées de Loc-Ninh et du Centre-Indochinois,Transports terrestres et garages,Indochine,Indochine,,,Voies ferrées de Loc-Ninh et du Centre-Indochinois (Cie des)(LNCI)
inde-indochine-voix-francaise-hanoi-91daab,https://entreprises-coloniales.fr/inde-indochine/Voix_francaise-Hanoi.pdf,company,La Voix française,"Imprimerie, presse, édition",Indochine,Indochine,1935,1937,"Voix française (La)(1935-1937), Hanoï"
inde-indochine-vola-entrepreneur-0d4665,https://entreprises-coloniales.fr/inde-indochine/Vola_entrepreneur.pdf,company,Vola et Cie,"Bâtiment-travaux publics, matériaux de construction, céramiques",Indochine,Indochine,,,Vola et Cie : entrepreneur ferroviaire au Tonkin
inde-indochine-volonte-indochinoise-66735d,https://entreprises-coloniales.fr/inde-indochine/Volonte-indochinoise.pdf,company,La Volonté indochinoise,"Imprimerie, presse, édition",Indochine,Indochine,1924,1943,"Volonté indochinoise (La)(Monpezat)(1924-1943), Hanoï"
inde-indochine-vu-gia-peintre-ae0d55,https://entreprises-coloniales.fr/inde-indochine/Vu-Gia_peintre.pdf,company,Vu-Gia,"Artistes peintres, sculpteurs et galeries",Indochine,Indochine,,,Vu-Gia : artiste peintre hanoïen et parisien
inde-indochine-vu-ngoc-anh-thaibinh-172dec,https://entreprises-coloniales.fr/inde-indochine/Vu-Ngoc-Anh_Thaibinh.pdf,company,"Vu-Ngoc-Anh, médecin-chef à Thaï-binh, réagit à sa nomination au Conseil fédéral",Santé,Indochine,Indochine,1941,,"Vu-Ngoc-Anh, médecin-chef à Thaï-binh, réagit à sa nomination au Conseil fédéral (1941)"
inde-indochine-vu-ngoc-dinh-dentelles-0c391b,https://entreprises-coloniales.fr/inde-indochine/Vu-ngoc-Dinh-dentelles.pdf,company,"Vu-ngoc-Dinh, dentelles, Trung-Lao",Cuirs et textiles,Indochine,Indochine,,,"Vu-ngoc-Dinh, dentelles, Trung-Lao (Namdinh)"
inde-indochine-wai-ky-moncay-ddd60e,https://entreprises-coloniales.fr/inde-indochine/Wai-Ky-Moncay.pdf,company,"Poterie et fonderie chinoises Wai-Ky, Moncay","Bâtiment-travaux publics, matériaux de construction, céramiques",Indochine,Indochine,,,"Poterie et fonderie chinoises Wai-Ky, Moncay (1er territoire militaire)"
inde-indochine-walthert-benthuy-597a3a,https://entreprises-coloniales.fr/inde-indochine/Walthert-Benthuy.pdf,person,Walthert,"Bâtiment-travaux publics, matériaux de construction, céramiques",Indochine,Indochine,,,Walthert (Frédéric-Louis) : entrepreneur à Benthuy
inde-indochine-walthert-phu-qui-68b09f,https://entreprises-coloniales.fr/inde-indochine/Walthert-Phu-Qui.pdf,company,"Walthert, Phu-Qui","Café, thé, épices, coco, quinquina, vanille",Indochine,Indochine,,,"Walthert (Frédéric-Louis)(café), Phu-Qui : café"
inde-indochine-wormser-tonkinois-heveas-0fa307,https://entreprises-coloniales.fr/inde-indochine/Wormser-Tonkinois+heveas.pdf,company,"Wormser, directeur de la Société indochinoise des cultures tropicales",Héveas et caoutchouc,Indochine,Indochine,,,"Wormser (Georges), directeur de la Société indochinoise des cultures tropicales : « la Main-d'œuvre tonkinoise sur les plantations d'hévéas de la Cochinchine et du Cambodge » (1938). Ethnographie et taylorisme au service du management"
inde-indochine-xa-trach-1910-1923-82bbc4,https://entreprises-coloniales.fr/inde-indochine/Xa-Trach_1910-1923.pdf,company,Plantations d'hévéas de Xa-Trach,Héveas et caoutchouc,Indochine,Indochine,1910,1923,Xa-Trach (Plantations d'hévéas de)(1910-1923)
inde-indochine-xom-ca-trang-cinema-4c1b27,https://entreprises-coloniales.fr/inde-indochine/Xom-Ca-Trang_cinema.pdf,company,Xom-Ca-Trang,Cinémas et théâtres de l'Indochine (du nord au sud),Indochine,Indochine,,,Xom-Ca-Trang (Hatinh) : le cinema sur un chantier de chemin de fer (1925)
inde-indochine-xuan-hiep-thon-heveas-6a59c5,https://entreprises-coloniales.fr/inde-indochine/Xuan-Hiep-Thon_Heveas.pdf,company,Société des plantations d'hévéas de Xuan-Hiêp-Thon,Héveas et caoutchouc,Indochine,Indochine,,,Xuan-Hiêp-Thon (Société des plantations d'hévéas de)
inde-indochine-xuan-loc-marche-4169a9,https://entreprises-coloniales.fr/inde-indochine/Xuan-Loc_marche.pdf,company,Marché de Xuân-lôc,Commerce,Indochine,Indochine,1942,,"Marché de Xuân-lôc (1942) : Masson, architecte"
inde-indochine-yokohama-specie-bank-saigon-810685,https://entreprises-coloniales.fr/inde-indochine/Yokohama_Specie_Bank-Saigon.pdf,company,Yokohama Specie Bank,"Banque, gérance, assurances…",Indochine,Indochine,,,"Yokohama Specie Bank, Saïgon"
inde-indochine-yolle-hanoi-aad21c,https://entreprises-coloniales.fr/inde-indochine/Yolle-Hanoi.pdf,company,Yolle,"Bâtiment-travaux publics, matériaux de construction, céramiques",Indochine,Indochine,,,"Yolle, Hanoï"
inde-indochine-yvonne-evano-brecq-693237,https://entreprises-coloniales.fr/inde-indochine/Yvonne_Evano-Brecq.pdf,person,Evano-Brecq,"Artistes peintres, sculpteurs et galeries",Indochine,Indochine,,,Evano-Brecq (Yvonne)(1910-1996) : artiste peintre
pacifique-tonkin-caledonie-hebrides-d17be1,https://entreprises-coloniales.fr/pacifique/Tonkin-Caledonie-Hebrides.pdf,company,La main-d'œuvre indochinoise en Nouvelle-Calédonie et aux Nouvelles-Hébrides,Recruteurs de main-d'œuvre (engagistes),Indochine,Indochine,,,La main-d'œuvre indochinoise en Nouvelle-Calédonie et aux Nouvelles-Hébrides
