company_id_1,company_id_2,period,weight,shared_directors
industrielleexportationextremeorient,mmhbaudonmonygrenierjchaussonpboyegpincemin,1914_1929,12,baudon-de-mony-x; begue-l; boye-p; chaumeil-j; chausson-j; ducamp-a; gouvy; grenier-a-anselme; klehe-r; millie-g; pincemin; subra-r
minieremetallurgiqueindochine,minieremetallurgiqueindochinemineschodienfonderiezincquangyen,1914_1929,11,bault-g; belugou-l; de-sincay-e; hauzeur-l; jeancard-p; le-bret-j; lecuvre-f; ledoux-f; merigeault-e; robellaz-f; vincent-a
energieelectriqueindochinoise,indochinoiseelectricite,1914_1929,9,allain; allain-m; chaumier; chaumier-a; devaux-p-paul; hermenier; hermenier-g; homberg-o; plante-a
energieelectriqueindochinoise,tramways,1914_1929,9,allain; allain-m; baron-r-roger; chaumier; chaumier-a; dervieu; dervieu-p; hermenier; hermenier-g
distilleriesindochine,marchandisescoursroute,1914_1929,8,boyaval-l; calmette; chapsal; d-hericourt-s; fontaine-a; homberg-o; perreau; thion-de-la-chaume
caoutchoucsindochine,soccaoutchoucindochine,1914_1929,7,bergougnan-r-raymond; bernard-f; cibot-p; clerc-l; hallet-a; homberg-o; thion-de-la-chaume-r-rene
eauxelectriciteindochine,energieelectriqueindochinoise,1914_1929,7,allain; allain-m; chaumier-a; devaux-p-paul; hermenier-g; homberg-o; plante-a
eauxelectriciteindochine,indochinoiseelectricite,1914_1929,7,allain; allain-m; chaumier-a; devaux-p-paul; hermenier-g; homberg-o; plante-a
entreprisesasiatiques,socentreprisesasiatiques,1914_1929,7,alphonse-hyacinthe-fondere; benedic-colonel-de-la-legion-etrangere-e; chef-de-cabinet-de-lyautey; e-travaux-dans-les-colonies; favre-g; gendre-de-william-guynet; porte-p
administration,indochinoiseculturestropicales,1914_1929,7,d-ursel-a; d-ursel-f; de-laboulaye-e; deschars-l; guesde-p; rueff-g; vannier-j
banqueindochine,tabacsindochine,1914_1929,6,homberg; homberg-a; homberg-o; simon; simon-s; stern-e
caoutchoucsindochinelocninh,soccaoutchoucindochine,1914_1929,6,bernard-f; cibot-p; clerc-l; goutet-p; hallet-a; homberg-o
indochinoiseelectricite,socindochinoiseelectricite,1914_1929,6,allain-m; chaumier-a; devaux-p-paul; homberg-o; mettetal-f; plante-a
indochinoisecommerceagriculturefinance,sicaf,1914_1929,6,blaess-w; censeur-bfci; fontaine-l-leonard; grisar-a; lambert-e; poirson-c
commercialeindochine,rizeriesindochinoises,1914_1929,6,ed-worms; michel-c; rauzy-p-paul; ville-e; ville-p; worms-e
rizeriesextremeorient,rizeriesindochinoises,1914_1929,6,gigandet-e; michel-c; rauzy-p-paul; ville-e; ville-p; worms-e
indochinoiseelectricite,tramways,1914_1929,6,allain; allain-m; chaumier; chaumier-a; hermenier; hermenier-g
caoutchoucsindochine,caoutchoucsindochinelocninh,1914_1929,5,bernard-f; cibot-p; clerc-l; hallet-a; homberg-o
dubreuilh,energieelectriqueindochinoise,1914_1929,5,devaux-p-paul; hebre-e; hermenier-g; homberg-o; plante-a
dubreuilh,indochinoiseelectricite,1914_1929,5,devaux-p-paul; hermenier-g; homberg-o; mettetal-f; plante-a
eauxelectriciteindochine,socindochinoiseelectricite,1914_1929,5,allain-m; chaumier-a; devaux-p-paul; homberg-o; plante-a
energieelectriqueindochinoise,socindochinoiseelectricite,1914_1929,5,allain-m; chaumier-a; devaux-p-paul; homberg-o; plante-a
internationaleplantationsfinanceactionnairesicaf,sicaf,1914_1929,5,blaess-w; estates-agency-r; grisar-a; malim-rubber-c-t; poirson-c
commercialeindochine,rizeriesextremeorient,1914_1929,5,michel-c; rauzy-p-paul; ville-e; ville-p; worms-e
commercenavigationextremeorient,succursalemarseille,1914_1929,5,bloch-a-achille; fernandez-g; gigon-papin-r; hoffet-h; launay-l
ccneo,succursalemarseille,1914_1929,5,fernandez-g; girot-h; hoffet-h; jessula-d; launay-l
denisfreresbordeaux,denisfreresindochine,1914_1929,5,benquey-m; de-ferry-f; denis-a-alphonse; denis-e-etienne; rousseau-h
ghmumm,vinicolechampagnesuccghmumm,1914_1929,5,delebart-g; destombes-j; dubonnet-e; lorthiois-j; vanoutryve-f
laquesindochinoises,laquesindochinoisesboulogneseine,1914_1929,5,bedat; chauviere; hermenier; mezieres; simoni-p
allumettes,socindochinoiseforestiereallumettes,1914_1929,5,biedermann-e; fabre; genasi-a; herold-w; mange-f-frederic
indochinoiseverrerieproduitschimiques,indochinoiseverrerieproduitschimiquescongmy,1914_1929,5,barondeau-g; carpentier-m; houtart-c; houtart-f; valtat-r
indochinoiseculturestropicales,plantationskantroioukantroy,1914_1929,5,deschars-l; guesde-p; lejeune-c; rheims-j; rueff-g
fonciereindochine,rizicolesoctrang,1914_1929,5,blanchard; jean-duclos-j; lasseigne-l; mazet-e; mazet-j
pecheriesindustriellesindochinesaigon,unionindochinoiseouunionindochinoise,1914_1929,5,bec-a; canque; cluzeau-b; gysin-a; porte
agencecollectiverepresentationsindustriellescommerciales,agencecollectiverepresentationsindustriellesindochine,1914_1929,4,cassagnavere-p; henry; mayer; terquem-e-emile
industriellechimieextremeorient,industriellechimieextremeorienthaiphong,1914_1929,4,delorme; deschars; paitel-g; simon-s
dubreuilh,eauxelectriciteindochine,1914_1929,4,devaux-p-paul; hermenier-g; homberg-o; plante-a
dubreuilh,socindochinoiseelectricite,1914_1929,4,devaux-p-paul; homberg-o; mettetal-f; plante-a
asiatiqueboissonsindigenes,distilleriesiindochine,1914_1929,4,calmette-a; fontaine-l-leonard; isnard-v; thion-de-la-chaume-r-rene
asiatiqueboissonsindigenes,socasiatiqueboissonsindigenes,1914_1929,4,fontaine-a; fontaine-l-leonard; husson; isnard-v
huileriesavonnerieextremeorient,rizeriesextremeorient,1914_1929,4,duclos; rauzy-p-paul; ville-e; ville-p
agricoleindustrielletourcham,hautsplateauxindochinois,1914_1929,4,jessula-d; jessula-j; launay-l; lis-a
optorg,vinicolechampagnesuccghmumm,1914_1929,4,destombes-j; lorthiois-j; schwob-d-hericourt-j-james; vanoutryve-f
colonialegrandsmagasins,unioncommercialeindochinoiseafricaine,1914_1929,4,estier-h; hecquet-g; vigne-g; vigne-j
francoannamitetextileexportation,manufacturecouverturestonkin,1914_1929,4,chavent; cotte-a; cotte-p; emery
delignon,etablissementsdelignon,1914_1929,4,boulant-a; chaumier-a; delignon-l; thierry-mieg-g
eauxelectriciteindochine,tramways,1914_1929,4,allain; allain-m; chaumier-a; hermenier-g
saigonnaisenavigationtransport,transportsautomobilescentreannam,1914_1929,4,guesde-p; lambert-l; rueff-g; triadou-c
fonciereindochine,transportsautomobilescentreannam,1914_1929,4,lasseigne-l; mazet-e; mazet-j; ville-e
allumettes,indochinoiseallumettes,1914_1929,4,fabre; genasi-a; herold-w; mange-f-frederic
indochinoiseallumettes,socindochinoiseforestiereallumettes,1914_1929,4,fabre; genasi-a; herold-w; mange-f-frederic
administration,plantationsheveaspreckchlongouprekchlong,1914_1929,4,d-ursel-f; de-laboulaye-e; guesde-p; rueff-g
indochinoiseculturestropicales,plantationsheveaspreckchlongouprekchlong,1914_1929,4,d-ursel-f; de-laboulaye-e; guesde-p; rueff-g
indochinoiseculturestropicales,unionelectriqueindochine,1914_1929,4,de-chambure-h; de-flers-f; furiet-c; guesde-p
plantationheveasindochinebola,rizicolesoctrang,1914_1929,4,bauge-l; charousset-l; charrin; lasseigne-l
fonciererizicolesoctrang,rizicolesoctrang,1914_1929,4,bertrand-g-georges; bertrand-g-gustave; beyssac-c; mazet-j
caoutchoucspadang,plantationsindochinoises,1914_1929,4,blanchard-p; de-rivaud-m-max; hallet-r; langlois-p-philippe
industriellechimieextremeorienthaiphong,tabacsindochine,1914_1929,3,hermenier; homberg; simon-s
creditfoncierindochine,tabacsindochine,1914_1929,3,fontaine-l; hermenier-g; homberg-o
distilleriesiindochine,distilleriesindochine,1914_1929,3,boyaval-l; chapsal; homberg-o
distilleriesiindochine,marchandisescoursroute,1914_1929,3,boyaval-l; chapsal; homberg-o
distilleriesiindochine,tabacsindochine,1914_1929,3,fontaine-a-auguste; fontaine-l-leonard; homberg-o
distilleriesiindochine,verreriesextremeorient,1914_1929,3,boyaval-l; fontaine-l-leonard; homberg-o
dragages,dragagestravauxpublics,1914_1929,3,homberg-o; may-e; rio-grande-do-sul-entreprises-generales-de-travaux
energieelectriqueindochinoise,tabacsindochine,1914_1929,3,hermenier; hermenier-g; homberg-o
financierecoloniale,sucreriesraffineriesindochinehiephoa,1914_1929,3,homberg-o; philippe-r-raymond; weill-d
indochinoiseculturestropicales,industriellechimieextremeorient,1914_1929,3,de-laboulaye-e; dufay-h; homberg-o
indochinoiseelectricite,tabacsindochine,1914_1929,3,hermenier; hermenier-g; homberg-o
indochinoisecommerceagriculturefinance,internationaleplantationsfinanceactionnairesicaf,1914_1929,3,blaess-w; grisar-a; poirson-c
commercialeindochine,huileriesavonnerieextremeorient,1914_1929,3,rauzy-p-paul; ville-e; ville-p
huileriesavonnerieextremeorient,rizeriesindochinoises,1914_1929,3,rauzy-p-paul; ville-e; ville-p
agricoleindustriellebencui,thesindochine,1914_1929,3,bernard-bruls-r; lionel-marie-j; masquelier-j
commercenavigationextremeorient,plantationsloc,1914_1929,3,bloch-a-achille; fernandez-g; launay-l
plantationsloc,succursalemarseille,1914_1929,3,bloch-a-achille; fernandez-g; launay-l
agricolesuzannah,ccneo,1914_1929,3,fernandez-g; girard-e; launay-l
agricolesuzannah,plantationsloc,1914_1929,3,fernandez-g; girard-e; launay-l
ccneo,commercenavigationextremeorient,1914_1929,3,fernandez-g; hoffet-h; launay-l
ccneo,plantationsloc,1914_1929,3,fernandez-g; girard-e; launay-l
agricoleindustriellecamtiem,agricoleindustrielletourcham,1914_1929,3,boyaval-l; launay-l; waespe-f
agricoleindustriellecamtiem,unionelectriqueindochine,1914_1929,3,boyaval-l; de-flers-f; launay-l
agricoleindustrielletourcham,agricolesuzannah,1914_1929,3,girard-e; launay-l; waespe-f
agricoleindustrielletourcham,ccneo,1914_1929,3,girard-e; jessula-d; launay-l
ghmumm,optorg,1914_1929,3,destombes-j; lorthiois-j; vanoutryve-f
ghmumm,vinicolechampagneghmumm,1914_1929,3,destombes-j; lorthiois-j; schwob-j
maritimeindochinoise,unioncommercialeindochinoiseafricaine,1914_1929,3,delpech-j; estier-h; vigne-j
asiatiqueafricaine,unioncommercialeindochinoiseafricaine,1914_1929,3,delpech-j-jean; estier-f; hecquet-g
commercialelaos,etudesexploitationsminieresindochine,1914_1929,3,bartholoni-r; brame-p; dupuy-e-emile
expansionextremeorient,laquesindochinoisesboulogneseine,1914_1929,3,bedat; cotonniere-du-tonkin-s; simoni-p
indochinoiseelectricite,laquesindochinoises,1914_1929,3,hermenier; hermenier-g; simoni-p
caoutchoucspadang,chargeursextremeorient,1914_1929,3,charbonnel-h; devisscher-j; raverat-g
chauxhydrauliqueslangtho,cimentsportlandartificielsindochine,1914_1929,3,candlot-e; ferrant-r; thion-de-la-chaume-r-rene
gommelaquejb,gommelaquejbphuto,1914_1929,3,chabot-p; lapadu-g; mange-l
honquan,indochinoiseculturestropicales,1914_1929,3,dufay-h; mitaranga; rocca-e
domainetabelyul,grandslacsindochine,1914_1929,3,denisse-p; hale; triadou-c
grandslacsindochine,transportsautomobilescentreannam,1914_1929,3,guesde-p; mazet-e; triadou-c
rizeriesextremeorient,transportsautomobilescentreannam,1914_1929,3,grammont-m-maxime; triadou-c; ville-e
indochinoiseculturestropicales,sucreriesraffineriesindochine,1914_1929,3,bouvier-r; fauconnier-h; guesde-p
caoutchoucsindochine,locninh,1914_1929,3,clerc-l; goutet-g; josse-a-adrien
unionelectriqueindochine,vitalimentscoloniaux,1914_1929,3,boyaval-l; poix-g; viaux-h
allumettes,forestierecommercialeannam,1914_1929,3,genasi-a; herold-w; mange-f-frederic
forestierecommercialeannam,indochinoiseallumettes,1914_1929,3,genasi-a; herold-w; mange-f-frederic
forestierecommercialeannam,socindochinoiseforestiereallumettes,1914_1929,3,genasi-a; herold-w; mange-f-frederic
industriellechimieextremeorient,minesorbaolac,1914_1929,3,chapuis-c; delorme-p; deschars-e
minesorbaolac,oxygeneacetyleneextremeorient,1914_1929,3,delorme-p; deschars-e; grand-dufay-c
administration,saigonnaisenavigationtransport,1914_1929,3,de-laboulaye-e; guesde-p; rueff-g
caoutchoucskompongthom,indochinoiseculturestropicales,1914_1929,3,de-laboulaye-e; deschars-l; lejeune-c
indochinoiseculturestropicales,saigonnaisenavigationtransport,1914_1929,3,de-laboulaye-e; guesde-p; rueff-g
plantationsheveaspreckchlongouprekchlong,saigonnaisenavigationtransport,1914_1929,3,de-laboulaye-e; guesde-p; rueff-g
plantationsheveasprekchlong,saigonnaisenavigationtransport,1914_1929,3,de-laboulaye-e; jacque-l; rueff-g
caoutchoucspadang,plantationsterresrouges,1914_1929,3,de-rivaud; hallet-a; ph-langlois
honquan,honquanxacatouxacat,1914_1929,3,bonnasse-j; fouque-j-joseph; rostand-a-auguste
administration,plantationskantroioukantroy,1914_1929,3,deschars-l; guesde-p; rueff-g
cotiereannam,denisfreresbordeaux,1914_1929,3,de-ferry-f; denis-e-etienne; rousseau-h
cotiereannam,denisfreresindochine,1914_1929,3,de-ferry-f; denis-e-etienne; rousseau-h
agricolethescafeskontumannam,financiereindochine,1914_1929,3,grammont-m-maxime; legrand-r; maspero-g
clermontferrand,rizicolesoctrang,1914_1929,3,bertrand-g-gustave; beyssac-c; jean-duclos-j
indochinoisegraphites,verreriesindochinecongmy,1914_1929,3,dumond-e-eugene; granval-a; gue-e
rizicolesoctrang,transportsautomobilescentreannam,1914_1929,3,lasseigne-l; mazet-e; mazet-j
distilleriesmazetindochine,fonciereindochine,1914_1929,3,mazet-e; mazet-j; petithuguenin-p
caoutchoucschamcarleu,caoutchoucsphuochoa,1914_1929,3,labbe-j; liandrat-f; outrey-e
agricoleindustriellecamtiem,indochinoiseculturestropicales,1914_1929,3,arnaud-de-vogue; chassaing-p; de-flers-f
clermontferrand,plantationsheveascaukhoi,1914_1929,3,ballous-p; bertrand-g-gustave; beyssac-c
banqueindochine,charbonnagestonkin,1914_1929,2,georges-picot-c; simon-s
banqueindochine,industriellechimieextremeorient,1914_1929,2,homberg-o; simon-s
banqueindochine,industriellechimieextremeorienthaiphong,1914_1929,2,homberg; simon-s
industriellechimieextremeorient,tabacsindochine,1914_1929,2,homberg-o; simon-s
anthracitestonkin,distilleriesiindochine,1914_1929,2,fontaine-l-leonard; homberg-o
anthracitestonkin,distilleriesindochine,1914_1929,2,fontaine-a; homberg-o
anthracitestonkin,industriellechimieextremeorient,1914_1929,2,fontaine-a; homberg-o
anthracitestonkin,marchandisescoursroute,1914_1929,2,fontaine-a; homberg-o
anthracitestonkin,tabacsindochine,1914_1929,2,fontaine-l-leonard; homberg-o
anthracitestonkin,verreriesextremeorient,1914_1929,2,fontaine-l-leonard; homberg-o
banqueindochine,cotonnieresaigon,1914_1929,2,homberg; homberg-o
banqueindochine,creditfoncierindochine,1914_1929,2,homberg-o; roume-e
caoutchoucsindochine,creditfoncierindochine,1914_1929,2,bernard-f; homberg-o
caoutchoucsindochine,distilleriesiindochine,1914_1929,2,homberg-o; thion-de-la-chaume-r-rene
caoutchoucsindochine,etudestramwaybencatkratie,1914_1929,2,bernard-f; homberg-o
caoutchoucsindochine,indochinoiseculturestropicales,1914_1929,2,bergougnan-r-raymond; homberg-o
caoutchoucsindochine,papeteriesindochine,1914_1929,2,clerc-l; homberg-o
caoutchoucsindochinelocninh,creditfoncierindochine,1914_1929,2,bernard-f; homberg-o
caoutchoucsindochinelocninh,etudestramwaybencatkratie,1914_1929,2,bernard-f; homberg-o
caoutchoucsindochinelocninh,papeteriesindochine,1914_1929,2,clerc-l; homberg-o
cotonnieresaigon,energieelectriqueindochinoise,1914_1929,2,homberg-o; loi
cotonnieresaigon,tabacsindochine,1914_1929,2,homberg; homberg-o
creditfoncierindochine,distilleriesindochine,1914_1929,2,fontaine-l; homberg-o
creditfoncierindochine,dubreuilh,1914_1929,2,hermenier-g; homberg-o
creditfoncierindochine,eauxelectriciteindochine,1914_1929,2,hermenier-g; homberg-o
creditfoncierindochine,energieelectriqueindochinoise,1914_1929,2,hermenier-g; homberg-o
creditfoncierindochine,etudestramwaybencatkratie,1914_1929,2,bernard-f; homberg-o
creditfoncierindochine,indochinoiseculturestropicales,1914_1929,2,guesde-p; homberg-o
creditfoncierindochine,indochinoiseelectricite,1914_1929,2,hermenier-g; homberg-o
creditfoncierindochine,soccaoutchoucindochine,1914_1929,2,bernard-f; homberg-o
distilleriesiindochine,soccaoutchoucindochine,1914_1929,2,homberg-o; thion-de-la-chaume-r-rene
distilleriesindochine,industriellechimieextremeorient,1914_1929,2,fontaine-a; homberg-o
distilleriesindochine,tabacsindochine,1914_1929,2,fontaine-l; homberg-o
distilleriesindochine,verreriesextremeorient,1914_1929,2,boyaval-l; homberg-o
dragages,entreprisesdragagestravauxpublics,1914_1929,2,homberg-o; may-e
dragagestravauxpublics,entreprisesdragagestravauxpublics,1914_1929,2,homberg-o; may-e
dubreuilh,tabacsindochine,1914_1929,2,hermenier-g; homberg-o
eauxelectriciteindochine,tabacsindochine,1914_1929,2,hermenier-g; homberg-o
energieelectriqueindochinoise,etudestramwaybencatkratie,1914_1929,2,dervieu-p; homberg-o
etudestramwaybencatkratie,soccaoutchoucindochine,1914_1929,2,bernard-f; homberg-o
financierecoloniale,verreriesextremeorient,1914_1929,2,homberg-o; philippe-r-raymond
indochinoiseculturestropicales,indochinoiseelectricite,1914_1929,2,homberg-o; simoni-p
indochinoiseculturestropicales,papeteriesindochine,1914_1929,2,bouvier-r; homberg-o
indochinoiseculturestropicales,soccaoutchoucindochine,1914_1929,2,bergougnan-r-raymond; homberg-o
industriellechimieextremeorient,marchandisescoursroute,1914_1929,2,fontaine-a; homberg-o
marchandisescoursroute,verreriesextremeorient,1914_1929,2,boyaval-l; homberg-o
papeteriesindochine,soccaoutchoucindochine,1914_1929,2,clerc-l; homberg-o
sucreriesraffineriesindochinehiephoa,verreriesextremeorient,1914_1929,2,homberg-o; philippe-r-raymond
tabacsindochine,verreriesextremeorient,1914_1929,2,fontaine-l-leonard; homberg-o
caoutchoucspadang,internationaleplantationsfinanceactionnairesicaf,1914_1929,2,maus-f; poirson-c
anthracitestonkin,asiatiqueboissonsindigenes,1914_1929,2,fontaine-a; fontaine-l-leonard
anthracitestonkin,socasiatiqueboissonsindigenes,1914_1929,2,fontaine-a; fontaine-l-leonard
anthracitestonkin,vitalimentscoloniaux,1914_1929,2,fontaine-a; fontaine-l-leonard
asiatiqueboissonsindigenes,chauxhydrauliqueslangtho,1914_1929,2,fontaine-l-leonard; thion-de-la-chaume-r-rene
asiatiqueboissonsindigenes,delignon,1914_1929,2,fontaine-l-leonard; thion-de-la-chaume-r-rene
asiatiqueboissonsindigenes,vitalimentscoloniaux,1914_1929,2,fontaine-a; fontaine-l-leonard
chauxhydrauliqueslangtho,delignon,1914_1929,2,fontaine-l-leonard; thion-de-la-chaume-r-rene
chauxhydrauliqueslangtho,distilleriesiindochine,1914_1929,2,fontaine-l-leonard; thion-de-la-chaume-r-rene
commercialeindustriellefrancoannamite,sicaf,1914_1929,2,fontaine-l-leonard; lionel-marie
delignon,distilleriesiindochine,1914_1929,2,fontaine-l-leonard; thion-de-la-chaume-r-rene
distilleriesiindochine,socasiatiqueboissonsindigenes,1914_1929,2,fontaine-l-leonard; isnard-v
distilleriesiindochine,vitalimentscoloniaux,1914_1929,2,boyaval-l; fontaine-l-leonard
sicaf,tabacsindochine,1914_1929,2,fontaine-l; fontaine-l-leonard
socasiatiqueboissonsindigenes,vitalimentscoloniaux,1914_1929,2,fontaine-a; fontaine-l-leonard
verreriesextremeorient,vitalimentscoloniaux,1914_1929,2,boyaval-l; fontaine-l-leonard
creditfoncierindochine,rizeriesextremeorient,1914_1929,2,grammont; ville-p
agricolekontum,caoutchoucskompongthom,1914_1929,2,de-laboulaye-e; lionel-marie-j
agricolesuzannah,commercenavigationextremeorient,1914_1929,2,fernandez-g; launay-l
agricolesuzannah,succursalemarseille,1914_1929,2,fernandez-g; launay-l
agricoleindustriellecamtiem,agricolesuzannah,1914_1929,2,launay-l; waespe-f
agricoleindustriellecamtiem,hautsplateauxindochinois,1914_1929,2,arnaud-de-vogue; launay-l
agricoleindustrielletourcham,plantationsloc,1914_1929,2,girard-e; launay-l
agricoleindustrielletourcham,succursalemarseille,1914_1929,2,jessula-d; launay-l
agricoleindustrielletourcham,unionelectriqueindochine,1914_1929,2,boyaval-l; launay-l
ccneo,forestieremekong,1914_1929,2,hoffet-h; launay-l
ccneo,hautsplateauxindochinois,1914_1929,2,jessula-d; launay-l
commercenavigationextremeorient,forestieremekong,1914_1929,2,hoffet-h; launay-l
creditfoncierindochine,unionelectriqueindochine,1914_1929,2,guesde-p; launay-l
forestieremekong,succursalemarseille,1914_1929,2,hoffet-h; launay-l
hautsplateauxindochinois,succursalemarseille,1914_1929,2,jessula-d; launay-l
commercenavigationextremeorient,indochinoiseculturestropicales,1914_1929,2,gigon-papin-r; hoffet-h
indochinoiseculturestropicales,succursalemarseille,1914_1929,2,gigon-papin-r; hoffet-h
denisfreresbordeaux,francoindochinoise,1914_1929,2,benquey-m; denis-a-alphonse
denisfreresbordeaux,minestrangda,1914_1929,2,denis-a-alphonse; denis-e-etienne
denisfreresindochine,francoindochinoise,1914_1929,2,benquey-m; denis-a-alphonse
denisfreresindochine,minestrangda,1914_1929,2,denis-a-alphonse; denis-e-etienne
francoindochinoise,marseillaiserizindochinecm,1914_1929,2,caron-p; francou-j
optorg,vinicolechampagneghmumm,1914_1929,2,destombes-j; lorthiois-j
vinicolechampagneghmumm,vinicolechampagnesuccghmumm,1914_1929,2,destombes-j; lorthiois-j
agricolethanhtuyha,comptoircommercialcaoutchoucscochinchine,1914_1929,2,baude-f; bonniel-a
comptoircommercialcaoutchoucscochinchine,indochinoiseculturecommerce,1914_1929,2,bertin-r; bonniel-a
colonialegrandsmagasins,maritimeindochinoise,1914_1929,2,estier-h; vigne-j
estasiatique,unioncommercialeindochinoiseafricaine,1914_1929,2,delpech-j-jean; estier-h
comptoirsgenerauxindochine,indochinoiseculturestropicales,1914_1929,2,guesde-p; simoni-p
delignon,indochinoiseculturestropicales,1914_1929,2,simoni-p; toche-c
delignon,indochinoiseelectricite,1914_1929,2,chaumier-a; simoni-p
expansionextremeorient,laquesindochinoises,1914_1929,2,bedat; simoni-p
indochinoiseelectricite,laquesindochinoisesboulogneseine,1914_1929,2,hermenier; simoni-p
maiseriesmediterranee,marseillaiseoutremer,1914_1929,2,bovet-l; pellas-v
socindochinoiseelectricite,tramways,1914_1929,2,allain-m; chaumier-a
energieelectriqueindochinoise,laquesindochinoises,1914_1929,2,hermenier; hermenier-g
laquesindochinoises,tabacsindochine,1914_1929,2,hermenier; hermenier-g
laquesindochinoises,tramways,1914_1929,2,hermenier; hermenier-g
tabacsindochine,tramways,1914_1929,2,hermenier; hermenier-g
etainswolframtonkin,minesorbaolac,1914_1929,2,brard-r; fullerton-m
domainetabelyul,saigonnaisenavigationtransport,1914_1929,2,jacque-l; triadou-c
grandslacsindochine,saigonnaisenavigationtransport,1914_1929,2,guesde-p; triadou-c
indochinoiseculturestropicales,plantationsindochinoises,1914_1929,2,bouvier-r; guesde-p
plantationsindochinoises,sucreriesraffineriesindochine,1914_1929,2,bouvier-r; guesde-p
distilleriesindochine,socchauxhydrauliqueslangtho,1914_1929,2,fontaine-a; fontaine-l
distilleriesindochine,vitalimentscoloniaux,1914_1929,2,boyaval-l; fontaine-a
marchandisescoursroute,vitalimentscoloniaux,1914_1929,2,boyaval-l; fontaine-a
cimentsportlandartificielsindochine,indochinoisecimentfondulafarge,1914_1929,2,marchegay-l; perpignani-n
creditfoncierindochine,messageriesfluvialescochinchine,1914_1929,2,bernard-f; guesde-p
anthracitestonkinmaokhetrangbach,industriellechimieextremeorienthaiphong,1914_1929,2,delorme; homberg
industriellechimieextremeorient,oxygeneacetyleneextremeorient,1914_1929,2,delorme-p; deschars-e
administration,caoutchoucskompongthom,1914_1929,2,de-laboulaye-e; deschars-l
administration,plantationsheveasprekchlong,1914_1929,2,de-laboulaye-e; rueff-g
indochinoiseculturestropicales,plantationsheveasprekchlong,1914_1929,2,de-laboulaye-e; rueff-g
plantationsheveaspreckchlongouprekchlong,plantationsheveasprekchlong,1914_1929,2,de-laboulaye-e; rueff-g
aeronautiqueextremeorient,minesthakhek,1914_1929,2,bienaime-m; bourcier-saint-chaffray-e
asiatiqueafricaine,estasiatique,1914_1929,2,carnot-e; delpech-j-jean
asiatiqueafricaine,indochinoisenavigation,1914_1929,2,delpech-j-jean; guesde-p
administration,messageriesfluvialescochinchine,1914_1929,2,guesde-p; rueff-g
administration,transportsautomobilescentreannam,1914_1929,2,guesde-p; rueff-g
indochinoiseculturestropicales,messageriesfluvialescochinchine,1914_1929,2,guesde-p; rueff-g
indochinoiseculturestropicales,transportsautomobilescentreannam,1914_1929,2,guesde-p; rueff-g
messageriesfluvialescochinchine,plantationsheveaspreckchlongouprekchlong,1914_1929,2,guesde-p; rueff-g
messageriesfluvialescochinchine,plantationskantroioukantroy,1914_1929,2,guesde-p; rueff-g
messageriesfluvialescochinchine,saigonnaisenavigationtransport,1914_1929,2,guesde-p; rueff-g
messageriesfluvialescochinchine,transportsautomobilescentreannam,1914_1929,2,guesde-p; rueff-g
plantationsheveaspreckchlongouprekchlong,plantationskantroioukantroy,1914_1929,2,guesde-p; rueff-g
plantationsheveaspreckchlongouprekchlong,transportsautomobilescentreannam,1914_1929,2,guesde-p; rueff-g
plantationsindochinoises,thesindochine,1914_1929,2,ed-cahen-fuzier; guesde-p
plantationskantroioukantroy,saigonnaisenavigationtransport,1914_1929,2,guesde-p; rueff-g
plantationskantroioukantroy,transportsautomobilescentreannam,1914_1929,2,guesde-p; rueff-g
agricolenordannam,transportsautomobilescentreannam,1914_1929,2,caffort-l; langlois
distilleriesmazetindochine,rizicolesoctrang,1914_1929,2,mazet-e; mazet-j
distilleriesmazetindochine,transportsautomobilescentreannam,1914_1929,2,mazet-e; mazet-j
agricoleindustriellethapmuoi,hautsplateauxindochinois,1914_1929,2,lis-a; martini-a
indochinoiseculturestropicales,locninh,1914_1929,2,fauconnier-h; limouzin-j
caoutchoucskompongthom,plantationskantroioukantroy,1914_1929,2,deschars-l; lejeune-c
clermontferrand,fonciererizicolesoctrang,1914_1929,2,bertrand-g-gustave; beyssac-c
fonciererizicolesoctrang,plantationsheveascaukhoi,1914_1929,2,bertrand-g-gustave; beyssac-c
plantationsheveascaukhoi,rizicolesoctrang,1914_1929,2,bertrand-g-gustave; beyssac-c
anthracitestonkinmaokhetrangbach,tabacsindochine,1914_1929,2,fontaine-l; homberg
ccneo,recherchesexploitationsminieres,1914_1929,2,bardoux-j; bonnardel-j
cochinchineouheveascochinchine,heveascochinchine,1914_1929,2,chaplin-w; rappel-l
minesornamkok,unionminiereindochinoise,1914_1929,2,delingette-a; dubost-l
agencecollectiverepresentationsindustriellescommerciales,cochinchineouplantationscaoutchouccochinchine,1914_1929,1,mayer
agencecollectiverepresentationsindustriellescommerciales,commercialesaigonnaise,1914_1929,1,mayer
agencecollectiverepresentationsindustriellesindochine,cochinchineouplantationscaoutchouccochinchine,1914_1929,1,mayer
agencecollectiverepresentationsindustriellesindochine,commercialesaigonnaise,1914_1929,1,mayer
cochinchineouplantationscaoutchouccochinchine,commercialesaigonnaise,1914_1929,1,mayer
banqueindochine,cheminsferindochineyunnan,1914_1929,1,simon-s
charbonnagestonkin,cheminsferindochineyunnan,1914_1929,1,simon-s
charbonnagestonkin,industriellechimieextremeorient,1914_1929,1,simon-s
charbonnagestonkin,industriellechimieextremeorienthaiphong,1914_1929,1,simon-s
charbonnagestonkin,tabacsindochine,1914_1929,1,simon-s
cheminsferindochineyunnan,industriellechimieextremeorient,1914_1929,1,simon-s
cheminsferindochineyunnan,industriellechimieextremeorienthaiphong,1914_1929,1,simon-s
cheminsferindochineyunnan,tabacsindochine,1914_1929,1,simon-s
banqueindochine,francoindochinoise,1914_1929,1,denis-a
anthracitestonkin,banqueindochine,1914_1929,1,homberg-o
anthracitestonkin,caoutchoucsindochine,1914_1929,1,homberg-o
anthracitestonkin,caoutchoucsindochinelocninh,1914_1929,1,homberg-o
anthracitestonkin,cotonnieresaigon,1914_1929,1,homberg-o
anthracitestonkin,creditfoncierindochine,1914_1929,1,homberg-o
anthracitestonkin,dragages,1914_1929,1,homberg-o
anthracitestonkin,dragagestravauxpublics,1914_1929,1,homberg-o
anthracitestonkin,dubreuilh,1914_1929,1,homberg-o
anthracitestonkin,eauxelectriciteindochine,1914_1929,1,homberg-o
anthracitestonkin,energieelectriqueindochinoise,1914_1929,1,homberg-o
anthracitestonkin,entreprisesdragagestravauxpublics,1914_1929,1,homberg-o
anthracitestonkin,etudestramwaybencatkratie,1914_1929,1,homberg-o
anthracitestonkin,financierecoloniale,1914_1929,1,homberg-o
anthracitestonkin,indochinoiseculturestropicales,1914_1929,1,homberg-o
anthracitestonkin,indochinoiseelectricite,1914_1929,1,homberg-o
anthracitestonkin,papeteriesindochine,1914_1929,1,homberg-o
anthracitestonkin,soccaoutchoucindochine,1914_1929,1,homberg-o
anthracitestonkin,socindochinoiseelectricite,1914_1929,1,homberg-o
anthracitestonkin,sucreriesraffineriesindochinehiephoa,1914_1929,1,homberg-o
banqueindochine,caoutchoucsindochine,1914_1929,1,homberg-o
banqueindochine,caoutchoucsindochinelocninh,1914_1929,1,homberg-o
banqueindochine,distilleriesiindochine,1914_1929,1,homberg-o
banqueindochine,distilleriesindochine,1914_1929,1,homberg-o
banqueindochine,dragages,1914_1929,1,homberg-o
banqueindochine,dragagestravauxpublics,1914_1929,1,homberg-o
banqueindochine,dubreuilh,1914_1929,1,homberg-o
banqueindochine,eauxelectriciteindochine,1914_1929,1,homberg-o
banqueindochine,energieelectriqueindochinoise,1914_1929,1,homberg-o
banqueindochine,entreprisesdragagestravauxpublics,1914_1929,1,homberg-o
banqueindochine,etudestramwaybencatkratie,1914_1929,1,homberg-o
banqueindochine,financierecoloniale,1914_1929,1,homberg-o
banqueindochine,indochinoiseculturestropicales,1914_1929,1,homberg-o
banqueindochine,indochinoiseelectricite,1914_1929,1,homberg-o
banqueindochine,marchandisescoursroute,1914_1929,1,homberg-o
banqueindochine,papeteriesindochine,1914_1929,1,homberg-o
banqueindochine,soccaoutchoucindochine,1914_1929,1,homberg-o
banqueindochine,socindochinoiseelectricite,1914_1929,1,homberg-o
banqueindochine,sucreriesraffineriesindochinehiephoa,1914_1929,1,homberg-o
banqueindochine,verreriesextremeorient,1914_1929,1,homberg-o
caoutchoucsindochine,cotonnieresaigon,1914_1929,1,homberg-o
caoutchoucsindochine,distilleriesindochine,1914_1929,1,homberg-o
caoutchoucsindochine,dragages,1914_1929,1,homberg-o
caoutchoucsindochine,dragagestravauxpublics,1914_1929,1,homberg-o
caoutchoucsindochine,dubreuilh,1914_1929,1,homberg-o
caoutchoucsindochine,eauxelectriciteindochine,1914_1929,1,homberg-o
caoutchoucsindochine,energieelectriqueindochinoise,1914_1929,1,homberg-o
caoutchoucsindochine,entreprisesdragagestravauxpublics,1914_1929,1,homberg-o
caoutchoucsindochine,financierecoloniale,1914_1929,1,homberg-o
caoutchoucsindochine,indochinoiseelectricite,1914_1929,1,homberg-o
caoutchoucsindochine,industriellechimieextremeorient,1914_1929,1,homberg-o
caoutchoucsindochine,marchandisescoursroute,1914_1929,1,homberg-o
caoutchoucsindochine,socindochinoiseelectricite,1914_1929,1,homberg-o
caoutchoucsindochine,sucreriesraffineriesindochinehiephoa,1914_1929,1,homberg-o
caoutchoucsindochine,tabacsindochine,1914_1929,1,homberg-o
caoutchoucsindochine,verreriesextremeorient,1914_1929,1,homberg-o
caoutchoucsindochinelocninh,cotonnieresaigon,1914_1929,1,homberg-o
caoutchoucsindochinelocninh,distilleriesiindochine,1914_1929,1,homberg-o
caoutchoucsindochinelocninh,distilleriesindochine,1914_1929,1,homberg-o
caoutchoucsindochinelocninh,dragages,1914_1929,1,homberg-o
caoutchoucsindochinelocninh,dragagestravauxpublics,1914_1929,1,homberg-o
caoutchoucsindochinelocninh,dubreuilh,1914_1929,1,homberg-o
caoutchoucsindochinelocninh,eauxelectriciteindochine,1914_1929,1,homberg-o
caoutchoucsindochinelocninh,energieelectriqueindochinoise,1914_1929,1,homberg-o
caoutchoucsindochinelocninh,entreprisesdragagestravauxpublics,1914_1929,1,homberg-o
caoutchoucsindochinelocninh,financierecoloniale,1914_1929,1,homberg-o
caoutchoucsindochinelocninh,indochinoiseculturestropicales,1914_1929,1,homberg-o
caoutchoucsindochinelocninh,indochinoiseelectricite,1914_1929,1,homberg-o
caoutchoucsindochinelocninh,industriellechimieextremeorient,1914_1929,1,homberg-o
caoutchoucsindochinelocninh,marchandisescoursroute,1914_1929,1,homberg-o
caoutchoucsindochinelocninh,socindochinoiseelectricite,1914_1929,1,homberg-o
caoutchoucsindochinelocninh,sucreriesraffineriesindochinehiephoa,1914_1929,1,homberg-o
caoutchoucsindochinelocninh,tabacsindochine,1914_1929,1,homberg-o
caoutchoucsindochinelocninh,verreriesextremeorient,1914_1929,1,homberg-o
cotonnieresaigon,creditfoncierindochine,1914_1929,1,homberg-o
cotonnieresaigon,distilleriesiindochine,1914_1929,1,homberg-o
cotonnieresaigon,distilleriesindochine,1914_1929,1,homberg-o
cotonnieresaigon,dragages,1914_1929,1,homberg-o
cotonnieresaigon,dragagestravauxpublics,1914_1929,1,homberg-o
cotonnieresaigon,dubreuilh,1914_1929,1,homberg-o
cotonnieresaigon,eauxelectriciteindochine,1914_1929,1,homberg-o
cotonnieresaigon,entreprisesdragagestravauxpublics,1914_1929,1,homberg-o
cotonnieresaigon,etudestramwaybencatkratie,1914_1929,1,homberg-o
cotonnieresaigon,financierecoloniale,1914_1929,1,homberg-o
cotonnieresaigon,indochinoiseculturestropicales,1914_1929,1,homberg-o
cotonnieresaigon,indochinoiseelectricite,1914_1929,1,homberg-o
cotonnieresaigon,industriellechimieextremeorient,1914_1929,1,homberg-o
cotonnieresaigon,marchandisescoursroute,1914_1929,1,homberg-o
cotonnieresaigon,papeteriesindochine,1914_1929,1,homberg-o
cotonnieresaigon,soccaoutchoucindochine,1914_1929,1,homberg-o
cotonnieresaigon,socindochinoiseelectricite,1914_1929,1,homberg-o
cotonnieresaigon,sucreriesraffineriesindochinehiephoa,1914_1929,1,homberg-o
cotonnieresaigon,verreriesextremeorient,1914_1929,1,homberg-o
creditfoncierindochine,distilleriesiindochine,1914_1929,1,homberg-o
creditfoncierindochine,dragages,1914_1929,1,homberg-o
creditfoncierindochine,dragagestravauxpublics,1914_1929,1,homberg-o
creditfoncierindochine,entreprisesdragagestravauxpublics,1914_1929,1,homberg-o
creditfoncierindochine,financierecoloniale,1914_1929,1,homberg-o
creditfoncierindochine,industriellechimieextremeorient,1914_1929,1,homberg-o
creditfoncierindochine,marchandisescoursroute,1914_1929,1,homberg-o
creditfoncierindochine,papeteriesindochine,1914_1929,1,homberg-o
creditfoncierindochine,socindochinoiseelectricite,1914_1929,1,homberg-o
creditfoncierindochine,sucreriesraffineriesindochinehiephoa,1914_1929,1,homberg-o
creditfoncierindochine,verreriesextremeorient,1914_1929,1,homberg-o
distilleriesiindochine,dragages,1914_1929,1,homberg-o
distilleriesiindochine,dragagestravauxpublics,1914_1929,1,homberg-o
distilleriesiindochine,dubreuilh,1914_1929,1,homberg-o
distilleriesiindochine,eauxelectriciteindochine,1914_1929,1,homberg-o
distilleriesiindochine,energieelectriqueindochinoise,1914_1929,1,homberg-o
distilleriesiindochine,entreprisesdragagestravauxpublics,1914_1929,1,homberg-o
distilleriesiindochine,etudestramwaybencatkratie,1914_1929,1,homberg-o
distilleriesiindochine,financierecoloniale,1914_1929,1,homberg-o
distilleriesiindochine,indochinoiseculturestropicales,1914_1929,1,homberg-o
distilleriesiindochine,indochinoiseelectricite,1914_1929,1,homberg-o
distilleriesiindochine,industriellechimieextremeorient,1914_1929,1,homberg-o
distilleriesiindochine,papeteriesindochine,1914_1929,1,homberg-o
distilleriesiindochine,socindochinoiseelectricite,1914_1929,1,homberg-o
distilleriesiindochine,sucreriesraffineriesindochinehiephoa,1914_1929,1,homberg-o
distilleriesindochine,dragages,1914_1929,1,homberg-o
distilleriesindochine,dragagestravauxpublics,1914_1929,1,homberg-o
distilleriesindochine,dubreuilh,1914_1929,1,homberg-o
distilleriesindochine,eauxelectriciteindochine,1914_1929,1,homberg-o
distilleriesindochine,energieelectriqueindochinoise,1914_1929,1,homberg-o
distilleriesindochine,entreprisesdragagestravauxpublics,1914_1929,1,homberg-o
distilleriesindochine,etudestramwaybencatkratie,1914_1929,1,homberg-o
distilleriesindochine,financierecoloniale,1914_1929,1,homberg-o
distilleriesindochine,indochinoiseculturestropicales,1914_1929,1,homberg-o
distilleriesindochine,indochinoiseelectricite,1914_1929,1,homberg-o
distilleriesindochine,papeteriesindochine,1914_1929,1,homberg-o
distilleriesindochine,soccaoutchoucindochine,1914_1929,1,homberg-o
distilleriesindochine,socindochinoiseelectricite,1914_1929,1,homberg-o
distilleriesindochine,sucreriesraffineriesindochinehiephoa,1914_1929,1,homberg-o
dragages,dubreuilh,1914_1929,1,homberg-o
dragages,eauxelectriciteindochine,1914_1929,1,homberg-o
dragages,energieelectriqueindochinoise,1914_1929,1,homberg-o
dragages,etudestramwaybencatkratie,1914_1929,1,homberg-o
dragages,financierecoloniale,1914_1929,1,homberg-o
dragages,indochinoiseculturestropicales,1914_1929,1,homberg-o
dragages,indochinoiseelectricite,1914_1929,1,homberg-o
dragages,industriellechimieextremeorient,1914_1929,1,homberg-o
dragages,marchandisescoursroute,1914_1929,1,homberg-o
dragages,papeteriesindochine,1914_1929,1,homberg-o
dragages,soccaoutchoucindochine,1914_1929,1,homberg-o
dragages,socindochinoiseelectricite,1914_1929,1,homberg-o
dragages,sucreriesraffineriesindochinehiephoa,1914_1929,1,homberg-o
dragages,tabacsindochine,1914_1929,1,homberg-o
dragages,verreriesextremeorient,1914_1929,1,homberg-o
dragagestravauxpublics,dubreuilh,1914_1929,1,homberg-o
dragagestravauxpublics,eauxelectriciteindochine,1914_1929,1,homberg-o
dragagestravauxpublics,energieelectriqueindochinoise,1914_1929,1,homberg-o
dragagestravauxpublics,etudestramwaybencatkratie,1914_1929,1,homberg-o
dragagestravauxpublics,financierecoloniale,1914_1929,1,homberg-o
dragagestravauxpublics,indochinoiseculturestropicales,1914_1929,1,homberg-o
dragagestravauxpublics,indochinoiseelectricite,1914_1929,1,homberg-o
dragagestravauxpublics,industriellechimieextremeorient,1914_1929,1,homberg-o
dragagestravauxpublics,marchandisescoursroute,1914_1929,1,homberg-o
dragagestravauxpublics,papeteriesindochine,1914_1929,1,homberg-o
dragagestravauxpublics,soccaoutchoucindochine,1914_1929,1,homberg-o
dragagestravauxpublics,socindochinoiseelectricite,1914_1929,1,homberg-o
dragagestravauxpublics,sucreriesraffineriesindochinehiephoa,1914_1929,1,homberg-o
dragagestravauxpublics,tabacsindochine,1914_1929,1,homberg-o
dragagestravauxpublics,verreriesextremeorient,1914_1929,1,homberg-o
dubreuilh,entreprisesdragagestravauxpublics,1914_1929,1,homberg-o
dubreuilh,etudestramwaybencatkratie,1914_1929,1,homberg-o
dubreuilh,financierecoloniale,1914_1929,1,homberg-o
dubreuilh,indochinoiseculturestropicales,1914_1929,1,homberg-o
dubreuilh,industriellechimieextremeorient,1914_1929,1,homberg-o
dubreuilh,marchandisescoursroute,1914_1929,1,homberg-o
dubreuilh,papeteriesindochine,1914_1929,1,homberg-o
dubreuilh,soccaoutchoucindochine,1914_1929,1,homberg-o
dubreuilh,sucreriesraffineriesindochinehiephoa,1914_1929,1,homberg-o
dubreuilh,verreriesextremeorient,1914_1929,1,homberg-o
eauxelectriciteindochine,entreprisesdragagestravauxpublics,1914_1929,1,homberg-o
eauxelectriciteindochine,etudestramwaybencatkratie,1914_1929,1,homberg-o
eauxelectriciteindochine,financierecoloniale,1914_1929,1,homberg-o
eauxelectriciteindochine,indochinoiseculturestropicales,1914_1929,1,homberg-o
eauxelectriciteindochine,industriellechimieextremeorient,1914_1929,1,homberg-o
eauxelectriciteindochine,marchandisescoursroute,1914_1929,1,homberg-o
eauxelectriciteindochine,papeteriesindochine,1914_1929,1,homberg-o
eauxelectriciteindochine,soccaoutchoucindochine,1914_1929,1,homberg-o
eauxelectriciteindochine,sucreriesraffineriesindochinehiephoa,1914_1929,1,homberg-o
eauxelectriciteindochine,verreriesextremeorient,1914_1929,1,homberg-o
energieelectriqueindochinoise,entreprisesdragagestravauxpublics,1914_1929,1,homberg-o
energieelectriqueindochinoise,financierecoloniale,1914_1929,1,homberg-o
energieelectriqueindochinoise,indochinoiseculturestropicales,1914_1929,1,homberg-o
energieelectriqueindochinoise,industriellechimieextremeorient,1914_1929,1,homberg-o
energieelectriqueindochinoise,marchandisescoursroute,1914_1929,1,homberg-o
energieelectriqueindochinoise,papeteriesindochine,1914_1929,1,homberg-o
energieelectriqueindochinoise,soccaoutchoucindochine,1914_1929,1,homberg-o
energieelectriqueindochinoise,sucreriesraffineriesindochinehiephoa,1914_1929,1,homberg-o
energieelectriqueindochinoise,verreriesextremeorient,1914_1929,1,homberg-o
entreprisesdragagestravauxpublics,etudestramwaybencatkratie,1914_1929,1,homberg-o
entreprisesdragagestravauxpublics,financierecoloniale,1914_1929,1,homberg-o
entreprisesdragagestravauxpublics,indochinoiseculturestropicales,1914_1929,1,homberg-o
entreprisesdragagestravauxpublics,indochinoiseelectricite,1914_1929,1,homberg-o
entreprisesdragagestravauxpublics,industriellechimieextremeorient,1914_1929,1,homberg-o
entreprisesdragagestravauxpublics,marchandisescoursroute,1914_1929,1,homberg-o
entreprisesdragagestravauxpublics,papeteriesindochine,1914_1929,1,homberg-o
entreprisesdragagestravauxpublics,soccaoutchoucindochine,1914_1929,1,homberg-o
entreprisesdragagestravauxpublics,socindochinoiseelectricite,1914_1929,1,homberg-o
entreprisesdragagestravauxpublics,sucreriesraffineriesindochinehiephoa,1914_1929,1,homberg-o
entreprisesdragagestravauxpublics,tabacsindochine,1914_1929,1,homberg-o
entreprisesdragagestravauxpublics,verreriesextremeorient,1914_1929,1,homberg-o
etudestramwaybencatkratie,financierecoloniale,1914_1929,1,homberg-o
etudestramwaybencatkratie,indochinoiseculturestropicales,1914_1929,1,homberg-o
etudestramwaybencatkratie,indochinoiseelectricite,1914_1929,1,homberg-o
etudestramwaybencatkratie,industriellechimieextremeorient,1914_1929,1,homberg-o
etudestramwaybencatkratie,marchandisescoursroute,1914_1929,1,homberg-o
etudestramwaybencatkratie,papeteriesindochine,1914_1929,1,homberg-o
etudestramwaybencatkratie,socindochinoiseelectricite,1914_1929,1,homberg-o
etudestramwaybencatkratie,sucreriesraffineriesindochinehiephoa,1914_1929,1,homberg-o
etudestramwaybencatkratie,tabacsindochine,1914_1929,1,homberg-o
etudestramwaybencatkratie,verreriesextremeorient,1914_1929,1,homberg-o
financierecoloniale,indochinoiseculturestropicales,1914_1929,1,homberg-o
financierecoloniale,indochinoiseelectricite,1914_1929,1,homberg-o
financierecoloniale,industriellechimieextremeorient,1914_1929,1,homberg-o
financierecoloniale,marchandisescoursroute,1914_1929,1,homberg-o
financierecoloniale,papeteriesindochine,1914_1929,1,homberg-o
financierecoloniale,soccaoutchoucindochine,1914_1929,1,homberg-o
financierecoloniale,socindochinoiseelectricite,1914_1929,1,homberg-o
financierecoloniale,tabacsindochine,1914_1929,1,homberg-o
indochinoiseculturestropicales,marchandisescoursroute,1914_1929,1,homberg-o
indochinoiseculturestropicales,socindochinoiseelectricite,1914_1929,1,homberg-o
indochinoiseculturestropicales,sucreriesraffineriesindochinehiephoa,1914_1929,1,homberg-o
indochinoiseculturestropicales,tabacsindochine,1914_1929,1,homberg-o
indochinoiseculturestropicales,verreriesextremeorient,1914_1929,1,homberg-o
indochinoiseelectricite,industriellechimieextremeorient,1914_1929,1,homberg-o
indochinoiseelectricite,marchandisescoursroute,1914_1929,1,homberg-o
indochinoiseelectricite,papeteriesindochine,1914_1929,1,homberg-o
indochinoiseelectricite,soccaoutchoucindochine,1914_1929,1,homberg-o
indochinoiseelectricite,sucreriesraffineriesindochinehiephoa,1914_1929,1,homberg-o
indochinoiseelectricite,verreriesextremeorient,1914_1929,1,homberg-o
industriellechimieextremeorient,papeteriesindochine,1914_1929,1,homberg-o
industriellechimieextremeorient,soccaoutchoucindochine,1914_1929,1,homberg-o
industriellechimieextremeorient,socindochinoiseelectricite,1914_1929,1,homberg-o
industriellechimieextremeorient,sucreriesraffineriesindochinehiephoa,1914_1929,1,homberg-o
industriellechimieextremeorient,verreriesextremeorient,1914_1929,1,homberg-o
marchandisescoursroute,papeteriesindochine,1914_1929,1,homberg-o
marchandisescoursroute,soccaoutchoucindochine,1914_1929,1,homberg-o
marchandisescoursroute,socindochinoiseelectricite,1914_1929,1,homberg-o
marchandisescoursroute,sucreriesraffineriesindochinehiephoa,1914_1929,1,homberg-o
marchandisescoursroute,tabacsindochine,1914_1929,1,homberg-o
papeteriesindochine,socindochinoiseelectricite,1914_1929,1,homberg-o
papeteriesindochine,sucreriesraffineriesindochinehiephoa,1914_1929,1,homberg-o
papeteriesindochine,tabacsindochine,1914_1929,1,homberg-o
papeteriesindochine,verreriesextremeorient,1914_1929,1,homberg-o
soccaoutchoucindochine,socindochinoiseelectricite,1914_1929,1,homberg-o
soccaoutchoucindochine,sucreriesraffineriesindochinehiephoa,1914_1929,1,homberg-o
soccaoutchoucindochine,tabacsindochine,1914_1929,1,homberg-o
soccaoutchoucindochine,verreriesextremeorient,1914_1929,1,homberg-o
socindochinoiseelectricite,sucreriesraffineriesindochinehiephoa,1914_1929,1,homberg-o
socindochinoiseelectricite,tabacsindochine,1914_1929,1,homberg-o
socindochinoiseelectricite,verreriesextremeorient,1914_1929,1,homberg-o
sucreriesraffineriesindochinehiephoa,tabacsindochine,1914_1929,1,homberg-o
caoutchoucspadang,indochinoisecommerceagriculturefinance,1914_1929,1,poirson-c
caoutchoucspadang,sicaf,1914_1929,1,poirson-c
agricolesuzannah,anthracitestonkin,1914_1929,1,fontaine-l-leonard
agricolesuzannah,asiatiqueboissonsindigenes,1914_1929,1,fontaine-l-leonard
agricolesuzannah,chauxhydrauliqueslangtho,1914_1929,1,fontaine-l-leonard
agricolesuzannah,commercialeindustriellefrancoannamite,1914_1929,1,fontaine-l-leonard
agricolesuzannah,delignon,1914_1929,1,fontaine-l-leonard
agricolesuzannah,distilleriesiindochine,1914_1929,1,fontaine-l-leonard
agricolesuzannah,indochinoisecommerceagriculturefinance,1914_1929,1,fontaine-l-leonard
agricolesuzannah,sicaf,1914_1929,1,fontaine-l-leonard
agricolesuzannah,socasiatiqueboissonsindigenes,1914_1929,1,fontaine-l-leonard
agricolesuzannah,tabacsindochine,1914_1929,1,fontaine-l-leonard
agricolesuzannah,verreriesextremeorient,1914_1929,1,fontaine-l-leonard
agricolesuzannah,vitalimentscoloniaux,1914_1929,1,fontaine-l-leonard
anthracitestonkin,chauxhydrauliqueslangtho,1914_1929,1,fontaine-l-leonard
anthracitestonkin,commercialeindustriellefrancoannamite,1914_1929,1,fontaine-l-leonard
anthracitestonkin,delignon,1914_1929,1,fontaine-l-leonard
anthracitestonkin,indochinoisecommerceagriculturefinance,1914_1929,1,fontaine-l-leonard
anthracitestonkin,sicaf,1914_1929,1,fontaine-l-leonard
asiatiqueboissonsindigenes,commercialeindustriellefrancoannamite,1914_1929,1,fontaine-l-leonard
asiatiqueboissonsindigenes,indochinoisecommerceagriculturefinance,1914_1929,1,fontaine-l-leonard
asiatiqueboissonsindigenes,sicaf,1914_1929,1,fontaine-l-leonard
asiatiqueboissonsindigenes,tabacsindochine,1914_1929,1,fontaine-l-leonard
asiatiqueboissonsindigenes,verreriesextremeorient,1914_1929,1,fontaine-l-leonard
chauxhydrauliqueslangtho,commercialeindustriellefrancoannamite,1914_1929,1,fontaine-l-leonard
chauxhydrauliqueslangtho,indochinoisecommerceagriculturefinance,1914_1929,1,fontaine-l-leonard
chauxhydrauliqueslangtho,sicaf,1914_1929,1,fontaine-l-leonard
chauxhydrauliqueslangtho,socasiatiqueboissonsindigenes,1914_1929,1,fontaine-l-leonard
chauxhydrauliqueslangtho,tabacsindochine,1914_1929,1,fontaine-l-leonard
chauxhydrauliqueslangtho,verreriesextremeorient,1914_1929,1,fontaine-l-leonard
chauxhydrauliqueslangtho,vitalimentscoloniaux,1914_1929,1,fontaine-l-leonard
commercialeindustriellefrancoannamite,delignon,1914_1929,1,fontaine-l-leonard
commercialeindustriellefrancoannamite,distilleriesiindochine,1914_1929,1,fontaine-l-leonard
commercialeindustriellefrancoannamite,indochinoisecommerceagriculturefinance,1914_1929,1,fontaine-l-leonard
commercialeindustriellefrancoannamite,socasiatiqueboissonsindigenes,1914_1929,1,fontaine-l-leonard
commercialeindustriellefrancoannamite,tabacsindochine,1914_1929,1,fontaine-l-leonard
commercialeindustriellefrancoannamite,verreriesextremeorient,1914_1929,1,fontaine-l-leonard
commercialeindustriellefrancoannamite,vitalimentscoloniaux,1914_1929,1,fontaine-l-leonard
delignon,indochinoisecommerceagriculturefinance,1914_1929,1,fontaine-l-leonard
delignon,sicaf,1914_1929,1,fontaine-l-leonard
delignon,socasiatiqueboissonsindigenes,1914_1929,1,fontaine-l-leonard
delignon,tabacsindochine,1914_1929,1,fontaine-l-leonard
delignon,verreriesextremeorient,1914_1929,1,fontaine-l-leonard
delignon,vitalimentscoloniaux,1914_1929,1,fontaine-l-leonard
distilleriesiindochine,indochinoisecommerceagriculturefinance,1914_1929,1,fontaine-l-leonard
distilleriesiindochine,sicaf,1914_1929,1,fontaine-l-leonard
indochinoisecommerceagriculturefinance,socasiatiqueboissonsindigenes,1914_1929,1,fontaine-l-leonard
indochinoisecommerceagriculturefinance,tabacsindochine,1914_1929,1,fontaine-l-leonard
indochinoisecommerceagriculturefinance,verreriesextremeorient,1914_1929,1,fontaine-l-leonard
indochinoisecommerceagriculturefinance,vitalimentscoloniaux,1914_1929,1,fontaine-l-leonard
sicaf,socasiatiqueboissonsindigenes,1914_1929,1,fontaine-l-leonard
sicaf,verreriesextremeorient,1914_1929,1,fontaine-l-leonard
sicaf,vitalimentscoloniaux,1914_1929,1,fontaine-l-leonard
socasiatiqueboissonsindigenes,tabacsindochine,1914_1929,1,fontaine-l-leonard
socasiatiqueboissonsindigenes,verreriesextremeorient,1914_1929,1,fontaine-l-leonard
tabacsindochine,vitalimentscoloniaux,1914_1929,1,fontaine-l-leonard
chargeursextremeorient,indochinoisecommerceagriculturefinance,1914_1929,1,grisar-a
chargeursextremeorient,internationaleplantationsfinanceactionnairesicaf,1914_1929,1,grisar-a
chargeursextremeorient,sicaf,1914_1929,1,grisar-a
financierecommercialeindustrielleindochine,rizeriesparisiennesparishaiphong,1914_1929,1,nicolas-a
commercialeindochine,creditfoncierindochine,1914_1929,1,ville-p
commercialeindochine,grandstravauxextremeorient,1914_1929,1,ville-p
creditfoncierindochine,grandstravauxextremeorient,1914_1929,1,ville-p
creditfoncierindochine,huileriesavonnerieextremeorient,1914_1929,1,ville-p
creditfoncierindochine,rizeriesindochinoises,1914_1929,1,ville-p
grandstravauxextremeorient,huileriesavonnerieextremeorient,1914_1929,1,ville-p
grandstravauxextremeorient,rizeriesextremeorient,1914_1929,1,ville-p
grandstravauxextremeorient,rizeriesindochinoises,1914_1929,1,ville-p
commercialeindustriellefrancoannamite,indochinoiseplantations,1914_1929,1,de-lafaulotte-a-alexandre
commercialeindustriellefrancoannamite,minesortchepone,1914_1929,1,de-lafaulotte-a-alexandre
indochinoiseplantations,minesortchepone,1914_1929,1,de-lafaulotte-a-alexandre
agricoleindustriellebencui,agricolekontum,1914_1929,1,lionel-marie-j
agricoleindustriellebencui,caoutchoucskompongthom,1914_1929,1,lionel-marie-j
agricoleindustriellebencui,commercialeindustriellefrancoannamite,1914_1929,1,lionel-marie-j
agricolekontum,commercialeindustriellefrancoannamite,1914_1929,1,lionel-marie-j
agricolekontum,thesindochine,1914_1929,1,lionel-marie-j
caoutchoucskompongthom,commercialeindustriellefrancoannamite,1914_1929,1,lionel-marie-j
caoutchoucskompongthom,thesindochine,1914_1929,1,lionel-marie-j
commercialeindustriellefrancoannamite,thesindochine,1914_1929,1,lionel-marie-j
agricoleindustriellecamtiem,ccneo,1914_1929,1,launay-l
agricoleindustriellecamtiem,commercenavigationextremeorient,1914_1929,1,launay-l
agricoleindustriellecamtiem,creditfoncierindochine,1914_1929,1,launay-l
agricoleindustriellecamtiem,forestieremekong,1914_1929,1,launay-l
agricoleindustriellecamtiem,plantationsloc,1914_1929,1,launay-l
agricoleindustriellecamtiem,succursalemarseille,1914_1929,1,launay-l
agricoleindustrielletourcham,commercenavigationextremeorient,1914_1929,1,launay-l
agricoleindustrielletourcham,creditfoncierindochine,1914_1929,1,launay-l
agricoleindustrielletourcham,forestieremekong,1914_1929,1,launay-l
agricolesuzannah,creditfoncierindochine,1914_1929,1,launay-l
agricolesuzannah,forestieremekong,1914_1929,1,launay-l
agricolesuzannah,hautsplateauxindochinois,1914_1929,1,launay-l
agricolesuzannah,unionelectriqueindochine,1914_1929,1,launay-l
ccneo,creditfoncierindochine,1914_1929,1,launay-l
ccneo,unionelectriqueindochine,1914_1929,1,launay-l
commercenavigationextremeorient,creditfoncierindochine,1914_1929,1,launay-l
commercenavigationextremeorient,hautsplateauxindochinois,1914_1929,1,launay-l
commercenavigationextremeorient,unionelectriqueindochine,1914_1929,1,launay-l
creditfoncierindochine,forestieremekong,1914_1929,1,launay-l
creditfoncierindochine,hautsplateauxindochinois,1914_1929,1,launay-l
creditfoncierindochine,plantationsloc,1914_1929,1,launay-l
creditfoncierindochine,succursalemarseille,1914_1929,1,launay-l
forestieremekong,hautsplateauxindochinois,1914_1929,1,launay-l
forestieremekong,plantationsloc,1914_1929,1,launay-l
forestieremekong,unionelectriqueindochine,1914_1929,1,launay-l
hautsplateauxindochinois,plantationsloc,1914_1929,1,launay-l
hautsplateauxindochinois,unionelectriqueindochine,1914_1929,1,launay-l
plantationsloc,unionelectriqueindochine,1914_1929,1,launay-l
succursalemarseille,unionelectriqueindochine,1914_1929,1,launay-l
ccneo,indochinoiseculturestropicales,1914_1929,1,hoffet-h
forestieremekong,indochinoiseculturestropicales,1914_1929,1,hoffet-h
francoindochinoise,minestrangda,1914_1929,1,denis-a-alphonse
francoindochinoise,rizeriesmeridionales,1914_1929,1,francou-j
marseillaiserizindochinecm,rizeriesmeridionales,1914_1929,1,francou-j
locninh,optorg,1914_1929,1,kahn-s
agricolethanhtuyha,indochinoiseculturecommerce,1914_1929,1,bonniel-a
comptoirsextremeorientpoinsardveyretmaisonachat,tanneriesindochine,1914_1929,1,veyret-l
colonialegrandsmagasins,estasiatique,1914_1929,1,estier-h
estasiatique,maritimeindochinoise,1914_1929,1,estier-h
colonialegrandsmagasins,creditfoncierindochine,1914_1929,1,vigne-j
colonialegrandsmagasins,tuileriesindochine,1914_1929,1,vigne-j
creditfoncierindochine,maritimeindochinoise,1914_1929,1,vigne-j
creditfoncierindochine,tuileriesindochine,1914_1929,1,vigne-j
creditfoncierindochine,unioncommercialeindochinoiseafricaine,1914_1929,1,vigne-j
maritimeindochinoise,tuileriesindochine,1914_1929,1,vigne-j
tuileriesindochine,unioncommercialeindochinoiseafricaine,1914_1929,1,vigne-j
asiatiqueafricaine,colonialegrandsmagasins,1914_1929,1,hecquet-g
agricolenordannam,colonialegrandsmagasins,1914_1929,1,vigne-g
agricolenordannam,unioncommercialeindochinoiseafricaine,1914_1929,1,vigne-g
colonialegrandsmagasins,mineorpaclan,1914_1929,1,ribeyre-l
commercialelaos,unionfinanciereagricoleindochinoise,1914_1929,1,dupuy-e-emile
etudesexploitationsminieresindochine,unionfinanciereagricoleindochinoise,1914_1929,1,dupuy-e-emile
agricolesudindochinoise,comptoirsgenerauxindochine,1914_1929,1,simoni-p
agricolesudindochinoise,delignon,1914_1929,1,simoni-p
agricolesudindochinoise,etudesextremeorient,1914_1929,1,simoni-p
agricolesudindochinoise,expansionextremeorient,1914_1929,1,simoni-p
agricolesudindochinoise,indochinoiseculturestropicales,1914_1929,1,simoni-p
agricolesudindochinoise,indochinoiseelectricite,1914_1929,1,simoni-p
agricolesudindochinoise,laquesindochinoises,1914_1929,1,simoni-p
agricolesudindochinoise,laquesindochinoisesboulogneseine,1914_1929,1,simoni-p
agricolesudindochinoise,mineorpaclan,1914_1929,1,simoni-p
comptoirsgenerauxindochine,delignon,1914_1929,1,simoni-p
comptoirsgenerauxindochine,etudesextremeorient,1914_1929,1,simoni-p
comptoirsgenerauxindochine,expansionextremeorient,1914_1929,1,simoni-p
comptoirsgenerauxindochine,indochinoiseelectricite,1914_1929,1,simoni-p
comptoirsgenerauxindochine,laquesindochinoises,1914_1929,1,simoni-p
comptoirsgenerauxindochine,laquesindochinoisesboulogneseine,1914_1929,1,simoni-p
comptoirsgenerauxindochine,mineorpaclan,1914_1929,1,simoni-p
delignon,etudesextremeorient,1914_1929,1,simoni-p
delignon,expansionextremeorient,1914_1929,1,simoni-p
delignon,laquesindochinoises,1914_1929,1,simoni-p
delignon,laquesindochinoisesboulogneseine,1914_1929,1,simoni-p
delignon,mineorpaclan,1914_1929,1,simoni-p
etudesextremeorient,expansionextremeorient,1914_1929,1,simoni-p
etudesextremeorient,indochinoiseculturestropicales,1914_1929,1,simoni-p
etudesextremeorient,indochinoiseelectricite,1914_1929,1,simoni-p
etudesextremeorient,laquesindochinoises,1914_1929,1,simoni-p
etudesextremeorient,laquesindochinoisesboulogneseine,1914_1929,1,simoni-p
etudesextremeorient,mineorpaclan,1914_1929,1,simoni-p
expansionextremeorient,indochinoiseculturestropicales,1914_1929,1,simoni-p
expansionextremeorient,indochinoiseelectricite,1914_1929,1,simoni-p
expansionextremeorient,mineorpaclan,1914_1929,1,simoni-p
indochinoiseculturestropicales,laquesindochinoises,1914_1929,1,simoni-p
indochinoiseculturestropicales,laquesindochinoisesboulogneseine,1914_1929,1,simoni-p
indochinoiseculturestropicales,mineorpaclan,1914_1929,1,simoni-p
indochinoiseelectricite,mineorpaclan,1914_1929,1,simoni-p
laquesindochinoises,mineorpaclan,1914_1929,1,simoni-p
laquesindochinoisesboulogneseine,mineorpaclan,1914_1929,1,simoni-p
marseillaiseoutremer,sericicoleindochinoise,1914_1929,1,lacaze-e
marseillaiseoutremer,sucrierecambodge,1914_1929,1,lacaze-e
sericicoleindochinoise,sucrierecambodge,1914_1929,1,lacaze-e
indochinoiseculturestropicales,unioncommercialeindochinoiseafricaine,1914_1929,1,thierry-j
chargeursextremeorient,soiesfranceindochine,1914_1929,1,audinet-j
chargeursextremeorient,tabacsindochine,1914_1929,1,girod
chargeursextremeorient,minieremetallurgiqueindochine,1914_1929,1,jeancard-p
chargeursextremeorient,minieremetallurgiqueindochinemineschodienfonderiezincquangyen,1914_1929,1,jeancard-p
chargeursextremeorient,domainecentral,1914_1929,1,langlois-a
chargeursextremeorient,navigationvapeurfranceindochine,1914_1929,1,roussel
delignon,eauxelectriciteindochine,1914_1929,1,chaumier-a
delignon,energieelectriqueindochinoise,1914_1929,1,chaumier-a
delignon,socindochinoiseelectricite,1914_1929,1,chaumier-a
delignon,tramways,1914_1929,1,chaumier-a
eauxelectriciteindochine,etablissementsdelignon,1914_1929,1,chaumier-a
energieelectriqueindochinoise,etablissementsdelignon,1914_1929,1,chaumier-a
etablissementsdelignon,indochinoiseelectricite,1914_1929,1,chaumier-a
etablissementsdelignon,socindochinoiseelectricite,1914_1929,1,chaumier-a
etablissementsdelignon,tramways,1914_1929,1,chaumier-a
creditfoncierindochine,laquesindochinoises,1914_1929,1,hermenier-g
creditfoncierindochine,tramways,1914_1929,1,hermenier-g
dubreuilh,laquesindochinoises,1914_1929,1,hermenier-g
dubreuilh,tramways,1914_1929,1,hermenier-g
eauxelectriciteindochine,laquesindochinoises,1914_1929,1,hermenier-g
cheminfersudindochine,cheminsferindochineyunnan,1914_1929,1,getten-m
cheminfersudindochine,saigonnaisenavigationtransport,1914_1929,1,getten-m
cheminsferindochineyunnan,saigonnaisenavigationtransport,1914_1929,1,getten-m
charbonnagesdongdang,cheminsferindochineyunnan,1914_1929,1,de-sincay-e
charbonnagesdongdang,minieremetallurgiqueindochine,1914_1929,1,de-sincay-e
charbonnagesdongdang,minieremetallurgiqueindochinemineschodienfonderiezincquangyen,1914_1929,1,de-sincay-e
cheminsferindochineyunnan,minieremetallurgiqueindochine,1914_1929,1,de-sincay-e
cheminsferindochineyunnan,minieremetallurgiqueindochinemineschodienfonderiezincquangyen,1914_1929,1,de-sincay-e
energieelectriqueindochinoise,indochinoisegraphites,1914_1929,1,dervieu-p
etudestramwaybencatkratie,indochinoisegraphites,1914_1929,1,dervieu-p
etudestramwaybencatkratie,tramways,1914_1929,1,dervieu-p
indochinoisegraphites,tramways,1914_1929,1,dervieu-p
bienhoaindustrielleforestiere,minesetainhauttonkin,1914_1929,1,heilmann-j
bienhoaindustrielleforestiere,tramwaysdonai,1914_1929,1,heilmann-j
minesetainhauttonkin,tramwaysdonai,1914_1929,1,heilmann-j
asiatiqueboissonsindigenes,caoutchoucsindochine,1914_1929,1,thion-de-la-chaume-r-rene
asiatiqueboissonsindigenes,cheminfersudindochine,1914_1929,1,thion-de-la-chaume-r-rene
asiatiqueboissonsindigenes,cimentsportlandartificielsindochine,1914_1929,1,thion-de-la-chaume-r-rene
asiatiqueboissonsindigenes,estasiatique,1914_1929,1,thion-de-la-chaume-r-rene
asiatiqueboissonsindigenes,etainswolframtonkin,1914_1929,1,thion-de-la-chaume-r-rene
asiatiqueboissonsindigenes,minieremetallurgiqueindochine,1914_1929,1,thion-de-la-chaume-r-rene
asiatiqueboissonsindigenes,soccaoutchoucindochine,1914_1929,1,thion-de-la-chaume-r-rene
caoutchoucsindochine,chauxhydrauliqueslangtho,1914_1929,1,thion-de-la-chaume-r-rene
caoutchoucsindochine,cheminfersudindochine,1914_1929,1,thion-de-la-chaume-r-rene
caoutchoucsindochine,cimentsportlandartificielsindochine,1914_1929,1,thion-de-la-chaume-r-rene
caoutchoucsindochine,delignon,1914_1929,1,thion-de-la-chaume-r-rene
caoutchoucsindochine,estasiatique,1914_1929,1,thion-de-la-chaume-r-rene
caoutchoucsindochine,etainswolframtonkin,1914_1929,1,thion-de-la-chaume-r-rene
caoutchoucsindochine,minieremetallurgiqueindochine,1914_1929,1,thion-de-la-chaume-r-rene
chauxhydrauliqueslangtho,cheminfersudindochine,1914_1929,1,thion-de-la-chaume-r-rene
chauxhydrauliqueslangtho,estasiatique,1914_1929,1,thion-de-la-chaume-r-rene
chauxhydrauliqueslangtho,etainswolframtonkin,1914_1929,1,thion-de-la-chaume-r-rene
chauxhydrauliqueslangtho,minieremetallurgiqueindochine,1914_1929,1,thion-de-la-chaume-r-rene
chauxhydrauliqueslangtho,soccaoutchoucindochine,1914_1929,1,thion-de-la-chaume-r-rene
cheminfersudindochine,cimentsportlandartificielsindochine,1914_1929,1,thion-de-la-chaume-r-rene
cheminfersudindochine,delignon,1914_1929,1,thion-de-la-chaume-r-rene
cheminfersudindochine,distilleriesiindochine,1914_1929,1,thion-de-la-chaume-r-rene
cheminfersudindochine,estasiatique,1914_1929,1,thion-de-la-chaume-r-rene
cheminfersudindochine,etainswolframtonkin,1914_1929,1,thion-de-la-chaume-r-rene
cheminfersudindochine,minieremetallurgiqueindochine,1914_1929,1,thion-de-la-chaume-r-rene
cheminfersudindochine,soccaoutchoucindochine,1914_1929,1,thion-de-la-chaume-r-rene
cimentsportlandartificielsindochine,delignon,1914_1929,1,thion-de-la-chaume-r-rene
cimentsportlandartificielsindochine,distilleriesiindochine,1914_1929,1,thion-de-la-chaume-r-rene
cimentsportlandartificielsindochine,estasiatique,1914_1929,1,thion-de-la-chaume-r-rene
cimentsportlandartificielsindochine,etainswolframtonkin,1914_1929,1,thion-de-la-chaume-r-rene
cimentsportlandartificielsindochine,minieremetallurgiqueindochine,1914_1929,1,thion-de-la-chaume-r-rene
cimentsportlandartificielsindochine,soccaoutchoucindochine,1914_1929,1,thion-de-la-chaume-r-rene
delignon,estasiatique,1914_1929,1,thion-de-la-chaume-r-rene
delignon,etainswolframtonkin,1914_1929,1,thion-de-la-chaume-r-rene
delignon,minieremetallurgiqueindochine,1914_1929,1,thion-de-la-chaume-r-rene
delignon,soccaoutchoucindochine,1914_1929,1,thion-de-la-chaume-r-rene
distilleriesiindochine,estasiatique,1914_1929,1,thion-de-la-chaume-r-rene
distilleriesiindochine,etainswolframtonkin,1914_1929,1,thion-de-la-chaume-r-rene
distilleriesiindochine,minieremetallurgiqueindochine,1914_1929,1,thion-de-la-chaume-r-rene
estasiatique,etainswolframtonkin,1914_1929,1,thion-de-la-chaume-r-rene
estasiatique,minieremetallurgiqueindochine,1914_1929,1,thion-de-la-chaume-r-rene
estasiatique,soccaoutchoucindochine,1914_1929,1,thion-de-la-chaume-r-rene
etainswolframtonkin,minieremetallurgiqueindochine,1914_1929,1,thion-de-la-chaume-r-rene
etainswolframtonkin,soccaoutchoucindochine,1914_1929,1,thion-de-la-chaume-r-rene
minieremetallurgiqueindochine,soccaoutchoucindochine,1914_1929,1,thion-de-la-chaume-r-rene
minieremetallurgiqueindochine,recherchesredevances,1914_1929,1,bault-g
minieremetallurgiqueindochinemineschodienfonderiezincquangyen,recherchesredevances,1914_1929,1,bault-g
indochinoisecharbonnagesminesmetalliques,minieremetallurgiqueindochine,1914_1929,1,merigeault-e
indochinoisecharbonnagesminesmetalliques,minieremetallurgiqueindochinemineschodienfonderiezincquangyen,1914_1929,1,merigeault-e
etainswolframtonkin,minieremetallurgiqueindochinemineschodienfonderiezincquangyen,1914_1929,1,belugou
etainsindochine,etainswolframtonkin,1914_1929,1,brard-r
etainsindochine,minesorbaolac,1914_1929,1,brard-r
etainsindochine,minesortchepone,1914_1929,1,brard-r
etainswolframtonkin,minesortchepone,1914_1929,1,brard-r
minesorbaolac,minesortchepone,1914_1929,1,brard-r
etainswolframtonkin,minesetainhauttonkin,1914_1929,1,petin-h
huileriesavonnerieextremeorient,plantationheveasindochinebola,1914_1929,1,duclos
plantationheveasindochinebola,rizeriesextremeorient,1914_1929,1,duclos
caoutchoucskompongthom,rizeriesextremeorient,1914_1929,1,grand-dufay-h
honquan,rizeriesextremeorient,1914_1929,1,rocca-e
indochinoiseculturestropicales,rizeriesextremeorient,1914_1929,1,rocca-e
domainetabelyul,mineorpaclan,1914_1929,1,triadou-c
domainetabelyul,rizeriesextremeorient,1914_1929,1,triadou-c
domainetabelyul,transportsautomobilescentreannam,1914_1929,1,triadou-c
grandslacsindochine,mineorpaclan,1914_1929,1,triadou-c
grandslacsindochine,rizeriesextremeorient,1914_1929,1,triadou-c
mineorpaclan,rizeriesextremeorient,1914_1929,1,triadou-c
mineorpaclan,saigonnaisenavigationtransport,1914_1929,1,triadou-c
mineorpaclan,transportsautomobilescentreannam,1914_1929,1,triadou-c
rizeriesextremeorient,saigonnaisenavigationtransport,1914_1929,1,triadou-c
commercialeindochine,fonciereindochine,1914_1929,1,ville-e
commercialeindochine,transportsautomobilescentreannam,1914_1929,1,ville-e
fonciereindochine,huileriesavonnerieextremeorient,1914_1929,1,ville-e
fonciereindochine,rizeriesextremeorient,1914_1929,1,ville-e
fonciereindochine,rizeriesindochinoises,1914_1929,1,ville-e
huileriesavonnerieextremeorient,transportsautomobilescentreannam,1914_1929,1,ville-e
rizeriesindochinoises,transportsautomobilescentreannam,1914_1929,1,ville-e
indochinoiseculturestropicales,indochinoisepyrotechnie,1914_1929,1,bouvier-r
indochinoisepyrotechnie,papeteriesindochine,1914_1929,1,bouvier-r
indochinoisepyrotechnie,plantationsindochinoises,1914_1929,1,bouvier-r
indochinoisepyrotechnie,sucreriesraffineriesindochine,1914_1929,1,bouvier-r
papeteriesindochine,plantationsindochinoises,1914_1929,1,bouvier-r
papeteriesindochine,sucreriesraffineriesindochine,1914_1929,1,bouvier-r
caoutchoucsindochinelocninh,locninh,1914_1929,1,clerc-l
locninh,papeteriesindochine,1914_1929,1,clerc-l
locninh,soccaoutchoucindochine,1914_1929,1,clerc-l
anthracitestonkin,socchauxhydrauliqueslangtho,1914_1929,1,fontaine-a
anthracitestonkin,unionindochinoiseouunionindochinoise,1914_1929,1,fontaine-a
asiatiqueboissonsindigenes,distilleriesindochine,1914_1929,1,fontaine-a
asiatiqueboissonsindigenes,industriellechimieextremeorient,1914_1929,1,fontaine-a
asiatiqueboissonsindigenes,marchandisescoursroute,1914_1929,1,fontaine-a
asiatiqueboissonsindigenes,socchauxhydrauliqueslangtho,1914_1929,1,fontaine-a
asiatiqueboissonsindigenes,unionindochinoiseouunionindochinoise,1914_1929,1,fontaine-a
distilleriesindochine,socasiatiqueboissonsindigenes,1914_1929,1,fontaine-a
distilleriesindochine,unionindochinoiseouunionindochinoise,1914_1929,1,fontaine-a
industriellechimieextremeorient,socasiatiqueboissonsindigenes,1914_1929,1,fontaine-a
industriellechimieextremeorient,socchauxhydrauliqueslangtho,1914_1929,1,fontaine-a
industriellechimieextremeorient,unionindochinoiseouunionindochinoise,1914_1929,1,fontaine-a
industriellechimieextremeorient,vitalimentscoloniaux,1914_1929,1,fontaine-a
marchandisescoursroute,socasiatiqueboissonsindigenes,1914_1929,1,fontaine-a
marchandisescoursroute,socchauxhydrauliqueslangtho,1914_1929,1,fontaine-a
marchandisescoursroute,unionindochinoiseouunionindochinoise,1914_1929,1,fontaine-a
socasiatiqueboissonsindigenes,socchauxhydrauliqueslangtho,1914_1929,1,fontaine-a
socasiatiqueboissonsindigenes,unionindochinoiseouunionindochinoise,1914_1929,1,fontaine-a
socchauxhydrauliqueslangtho,unionindochinoiseouunionindochinoise,1914_1929,1,fontaine-a
socchauxhydrauliqueslangtho,vitalimentscoloniaux,1914_1929,1,fontaine-a
unionindochinoiseouunionindochinoise,vitalimentscoloniaux,1914_1929,1,fontaine-a
chauxhydrauliqueslangtho,socchauxhydrauliqueslangtho,1914_1929,1,candlot-e
cimentsportlandartificielsindochine,socchauxhydrauliqueslangtho,1914_1929,1,candlot-e
charbonnagestonkin,chauxhydrauliqueslangtho,1914_1929,1,ferrant-r
charbonnagestonkin,cimentsportlandartificielsindochine,1914_1929,1,ferrant-r
charbonnagestonkin,recherchesexploitationsminieres,1914_1929,1,ferrant-r
chauxhydrauliqueslangtho,recherchesexploitationsminieres,1914_1929,1,ferrant-r
cimentsportlandartificielsindochine,recherchesexploitationsminieres,1914_1929,1,ferrant-r
cotonnieretonkin,scieriesfabriquesallumettesthanhhoa,1914_1929,1,dupre-a
colonialeeclairageenergie,entreprisesasiatiques,1914_1929,1,porte-p
colonialeeclairageenergie,socentreprisesasiatiques,1914_1929,1,porte-p
agricolekontum,caoutchoucsindochine,1914_1929,1,bernard-f
agricolekontum,caoutchoucsindochinelocninh,1914_1929,1,bernard-f
agricolekontum,creditfoncierindochine,1914_1929,1,bernard-f
agricolekontum,etudestramwaybencatkratie,1914_1929,1,bernard-f
agricolekontum,messageriesfluvialescochinchine,1914_1929,1,bernard-f
agricolekontum,minesorbaolac,1914_1929,1,bernard-f
agricolekontum,soccaoutchoucindochine,1914_1929,1,bernard-f
caoutchoucsindochine,messageriesfluvialescochinchine,1914_1929,1,bernard-f
caoutchoucsindochine,minesorbaolac,1914_1929,1,bernard-f
caoutchoucsindochinelocninh,messageriesfluvialescochinchine,1914_1929,1,bernard-f
caoutchoucsindochinelocninh,minesorbaolac,1914_1929,1,bernard-f
creditfoncierindochine,minesorbaolac,1914_1929,1,bernard-f
etudestramwaybencatkratie,messageriesfluvialescochinchine,1914_1929,1,bernard-f
etudestramwaybencatkratie,minesorbaolac,1914_1929,1,bernard-f
messageriesfluvialescochinchine,minesorbaolac,1914_1929,1,bernard-f
messageriesfluvialescochinchine,soccaoutchoucindochine,1914_1929,1,bernard-f
minesorbaolac,soccaoutchoucindochine,1914_1929,1,bernard-f
explorationindochine,unionelectriqueindochine,1914_1929,1,faure-j-joseph
charbonnagestonkin,mineszincchodon,1914_1929,1,luc-a-albert
distilleriesiindochine,financiereindochine,1914_1929,1,fontaine-a-auguste
financiereindochine,tabacsindochine,1914_1929,1,fontaine-a-auguste
agricoleindustriellecamtiem,distilleriesiindochine,1914_1929,1,boyaval-l
agricoleindustriellecamtiem,distilleriesindochine,1914_1929,1,boyaval-l
agricoleindustriellecamtiem,marchandisescoursroute,1914_1929,1,boyaval-l
agricoleindustriellecamtiem,verreriesextremeorient,1914_1929,1,boyaval-l
agricoleindustriellecamtiem,vitalimentscoloniaux,1914_1929,1,boyaval-l
agricoleindustrielletourcham,distilleriesiindochine,1914_1929,1,boyaval-l
agricoleindustrielletourcham,distilleriesindochine,1914_1929,1,boyaval-l
agricoleindustrielletourcham,marchandisescoursroute,1914_1929,1,boyaval-l
agricoleindustrielletourcham,verreriesextremeorient,1914_1929,1,boyaval-l
agricoleindustrielletourcham,vitalimentscoloniaux,1914_1929,1,boyaval-l
distilleriesiindochine,unionelectriqueindochine,1914_1929,1,boyaval-l
distilleriesindochine,unionelectriqueindochine,1914_1929,1,boyaval-l
marchandisescoursroute,unionelectriqueindochine,1914_1929,1,boyaval-l
unionelectriqueindochine,verreriesextremeorient,1914_1929,1,boyaval-l
agricolethescafeskontumannam,distilleriesiindochine,1914_1929,1,le-gallen-m
anthracitestonkinmaokhetrangbach,industriellechimieextremeorient,1914_1929,1,delorme
honquan,industriellechimieextremeorient,1914_1929,1,dufay-h
administration,agricolekontum,1914_1929,1,de-laboulaye-e
administration,brasseriesglacieresindochine,1914_1929,1,de-laboulaye-e
administration,industriellechimieextremeorient,1914_1929,1,de-laboulaye-e
agricolekontum,brasseriesglacieresindochine,1914_1929,1,de-laboulaye-e
agricolekontum,indochinoiseculturestropicales,1914_1929,1,de-laboulaye-e
agricolekontum,industriellechimieextremeorient,1914_1929,1,de-laboulaye-e
agricolekontum,plantationsheveaspreckchlongouprekchlong,1914_1929,1,de-laboulaye-e
agricolekontum,plantationsheveasprekchlong,1914_1929,1,de-laboulaye-e
agricolekontum,saigonnaisenavigationtransport,1914_1929,1,de-laboulaye-e
brasseriesglacieresindochine,caoutchoucskompongthom,1914_1929,1,de-laboulaye-e
brasseriesglacieresindochine,indochinoiseculturestropicales,1914_1929,1,de-laboulaye-e
brasseriesglacieresindochine,industriellechimieextremeorient,1914_1929,1,de-laboulaye-e
brasseriesglacieresindochine,plantationsheveaspreckchlongouprekchlong,1914_1929,1,de-laboulaye-e
brasseriesglacieresindochine,plantationsheveasprekchlong,1914_1929,1,de-laboulaye-e
brasseriesglacieresindochine,saigonnaisenavigationtransport,1914_1929,1,de-laboulaye-e
caoutchoucskompongthom,industriellechimieextremeorient,1914_1929,1,de-laboulaye-e
caoutchoucskompongthom,plantationsheveaspreckchlongouprekchlong,1914_1929,1,de-laboulaye-e
caoutchoucskompongthom,plantationsheveasprekchlong,1914_1929,1,de-laboulaye-e
caoutchoucskompongthom,saigonnaisenavigationtransport,1914_1929,1,de-laboulaye-e
industriellechimieextremeorient,plantationsheveaspreckchlongouprekchlong,1914_1929,1,de-laboulaye-e
industriellechimieextremeorient,plantationsheveasprekchlong,1914_1929,1,de-laboulaye-e
industriellechimieextremeorient,saigonnaisenavigationtransport,1914_1929,1,de-laboulaye-e
aeronautiqueextremeorient,bienhoaindustrielleforestiere,1914_1929,1,bourcier-saint-chaffray-e
aeronautiqueextremeorient,vitalimentscoloniaux,1914_1929,1,bourcier-saint-chaffray-e
bienhoaindustrielleforestiere,minesthakhek,1914_1929,1,bourcier-saint-chaffray-e
bienhoaindustrielleforestiere,vitalimentscoloniaux,1914_1929,1,bourcier-saint-chaffray-e
minesthakhek,vitalimentscoloniaux,1914_1929,1,bourcier-saint-chaffray-e
estasiatique,indochinoisenavigation,1914_1929,1,delpech-j-jean
indochinoisenavigation,unioncommercialeindochinoiseafricaine,1914_1929,1,delpech-j-jean
agricoleindustrielletourcham,bienhoaindustrielleforestiere,1914_1929,1,girard-e
agricolesuzannah,bienhoaindustrielleforestiere,1914_1929,1,girard-e
bienhoaindustrielleforestiere,ccneo,1914_1929,1,girard-e
bienhoaindustrielleforestiere,plantationsloc,1914_1929,1,girard-e
caoutchoucsindochine,caoutchoucspadang,1914_1929,1,hallet-a
caoutchoucsindochine,foncierecoloniale,1914_1929,1,hallet-a
caoutchoucsindochine,plantationsterresrouges,1914_1929,1,hallet-a
caoutchoucsindochinelocninh,caoutchoucspadang,1914_1929,1,hallet-a
caoutchoucsindochinelocninh,foncierecoloniale,1914_1929,1,hallet-a
caoutchoucsindochinelocninh,plantationsterresrouges,1914_1929,1,hallet-a
caoutchoucspadang,foncierecoloniale,1914_1929,1,hallet-a
caoutchoucspadang,soccaoutchoucindochine,1914_1929,1,hallet-a
foncierecoloniale,plantationsterresrouges,1914_1929,1,hallet-a
foncierecoloniale,soccaoutchoucindochine,1914_1929,1,hallet-a
plantationsterresrouges,soccaoutchoucindochine,1914_1929,1,hallet-a
forestierecommercialeannam,indochinoiseforestiereallumettes,1914_1929,1,welti-e
honquan,oxygeneacetyleneextremeorient,1914_1929,1,de-la-pommeraye-j
ccneo,mineszincchodon,1914_1929,1,girot-h
mineszincchodon,succursalemarseille,1914_1929,1,girot-h
administration,asiatiqueafricaine,1914_1929,1,guesde-p
administration,comptoirsgenerauxindochine,1914_1929,1,guesde-p
administration,creditfoncierindochine,1914_1929,1,guesde-p
administration,exportationextremeorient,1914_1929,1,guesde-p
administration,grandslacsindochine,1914_1929,1,guesde-p
administration,indochinoisenavigation,1914_1929,1,guesde-p
administration,mineszincchodon,1914_1929,1,guesde-p
administration,plantationsindochinoises,1914_1929,1,guesde-p
administration,sucreriesraffineriesindochine,1914_1929,1,guesde-p
administration,thesindochine,1914_1929,1,guesde-p
administration,unionelectriqueindochine,1914_1929,1,guesde-p
asiatiqueafricaine,comptoirsgenerauxindochine,1914_1929,1,guesde-p
asiatiqueafricaine,creditfoncierindochine,1914_1929,1,guesde-p
asiatiqueafricaine,exportationextremeorient,1914_1929,1,guesde-p
asiatiqueafricaine,grandslacsindochine,1914_1929,1,guesde-p
asiatiqueafricaine,indochinoiseculturestropicales,1914_1929,1,guesde-p
asiatiqueafricaine,messageriesfluvialescochinchine,1914_1929,1,guesde-p
asiatiqueafricaine,mineszincchodon,1914_1929,1,guesde-p
asiatiqueafricaine,plantationsheveaspreckchlongouprekchlong,1914_1929,1,guesde-p
asiatiqueafricaine,plantationsindochinoises,1914_1929,1,guesde-p
asiatiqueafricaine,plantationskantroioukantroy,1914_1929,1,guesde-p
asiatiqueafricaine,saigonnaisenavigationtransport,1914_1929,1,guesde-p
asiatiqueafricaine,sucreriesraffineriesindochine,1914_1929,1,guesde-p
asiatiqueafricaine,thesindochine,1914_1929,1,guesde-p
asiatiqueafricaine,transportsautomobilescentreannam,1914_1929,1,guesde-p
asiatiqueafricaine,unionelectriqueindochine,1914_1929,1,guesde-p
comptoirsgenerauxindochine,creditfoncierindochine,1914_1929,1,guesde-p
comptoirsgenerauxindochine,exportationextremeorient,1914_1929,1,guesde-p
comptoirsgenerauxindochine,grandslacsindochine,1914_1929,1,guesde-p
comptoirsgenerauxindochine,indochinoisenavigation,1914_1929,1,guesde-p
comptoirsgenerauxindochine,messageriesfluvialescochinchine,1914_1929,1,guesde-p
comptoirsgenerauxindochine,mineszincchodon,1914_1929,1,guesde-p
comptoirsgenerauxindochine,plantationsheveaspreckchlongouprekchlong,1914_1929,1,guesde-p
comptoirsgenerauxindochine,plantationsindochinoises,1914_1929,1,guesde-p
comptoirsgenerauxindochine,plantationskantroioukantroy,1914_1929,1,guesde-p
comptoirsgenerauxindochine,saigonnaisenavigationtransport,1914_1929,1,guesde-p
comptoirsgenerauxindochine,sucreriesraffineriesindochine,1914_1929,1,guesde-p
comptoirsgenerauxindochine,thesindochine,1914_1929,1,guesde-p
comptoirsgenerauxindochine,transportsautomobilescentreannam,1914_1929,1,guesde-p
comptoirsgenerauxindochine,unionelectriqueindochine,1914_1929,1,guesde-p
creditfoncierindochine,exportationextremeorient,1914_1929,1,guesde-p
creditfoncierindochine,grandslacsindochine,1914_1929,1,guesde-p
creditfoncierindochine,indochinoisenavigation,1914_1929,1,guesde-p
creditfoncierindochine,mineszincchodon,1914_1929,1,guesde-p
creditfoncierindochine,plantationsheveaspreckchlongouprekchlong,1914_1929,1,guesde-p
creditfoncierindochine,plantationsindochinoises,1914_1929,1,guesde-p
creditfoncierindochine,plantationskantroioukantroy,1914_1929,1,guesde-p
creditfoncierindochine,saigonnaisenavigationtransport,1914_1929,1,guesde-p
creditfoncierindochine,sucreriesraffineriesindochine,1914_1929,1,guesde-p
creditfoncierindochine,thesindochine,1914_1929,1,guesde-p
creditfoncierindochine,transportsautomobilescentreannam,1914_1929,1,guesde-p
exportationextremeorient,grandslacsindochine,1914_1929,1,guesde-p
exportationextremeorient,indochinoiseculturestropicales,1914_1929,1,guesde-p
exportationextremeorient,indochinoisenavigation,1914_1929,1,guesde-p
exportationextremeorient,messageriesfluvialescochinchine,1914_1929,1,guesde-p
exportationextremeorient,mineszincchodon,1914_1929,1,guesde-p
exportationextremeorient,plantationsheveaspreckchlongouprekchlong,1914_1929,1,guesde-p
exportationextremeorient,plantationsindochinoises,1914_1929,1,guesde-p
exportationextremeorient,plantationskantroioukantroy,1914_1929,1,guesde-p
exportationextremeorient,saigonnaisenavigationtransport,1914_1929,1,guesde-p
exportationextremeorient,sucreriesraffineriesindochine,1914_1929,1,guesde-p
exportationextremeorient,thesindochine,1914_1929,1,guesde-p
exportationextremeorient,transportsautomobilescentreannam,1914_1929,1,guesde-p
exportationextremeorient,unionelectriqueindochine,1914_1929,1,guesde-p
grandslacsindochine,indochinoiseculturestropicales,1914_1929,1,guesde-p
grandslacsindochine,indochinoisenavigation,1914_1929,1,guesde-p
grandslacsindochine,messageriesfluvialescochinchine,1914_1929,1,guesde-p
grandslacsindochine,mineszincchodon,1914_1929,1,guesde-p
grandslacsindochine,plantationsheveaspreckchlongouprekchlong,1914_1929,1,guesde-p
grandslacsindochine,plantationsindochinoises,1914_1929,1,guesde-p
grandslacsindochine,plantationskantroioukantroy,1914_1929,1,guesde-p
grandslacsindochine,sucreriesraffineriesindochine,1914_1929,1,guesde-p
grandslacsindochine,thesindochine,1914_1929,1,guesde-p
grandslacsindochine,unionelectriqueindochine,1914_1929,1,guesde-p
indochinoiseculturestropicales,indochinoisenavigation,1914_1929,1,guesde-p
indochinoiseculturestropicales,mineszincchodon,1914_1929,1,guesde-p
indochinoiseculturestropicales,thesindochine,1914_1929,1,guesde-p
indochinoisenavigation,messageriesfluvialescochinchine,1914_1929,1,guesde-p
indochinoisenavigation,mineszincchodon,1914_1929,1,guesde-p
indochinoisenavigation,plantationsheveaspreckchlongouprekchlong,1914_1929,1,guesde-p
indochinoisenavigation,plantationsindochinoises,1914_1929,1,guesde-p
indochinoisenavigation,plantationskantroioukantroy,1914_1929,1,guesde-p
indochinoisenavigation,saigonnaisenavigationtransport,1914_1929,1,guesde-p
indochinoisenavigation,sucreriesraffineriesindochine,1914_1929,1,guesde-p
indochinoisenavigation,thesindochine,1914_1929,1,guesde-p
indochinoisenavigation,transportsautomobilescentreannam,1914_1929,1,guesde-p
indochinoisenavigation,unionelectriqueindochine,1914_1929,1,guesde-p
messageriesfluvialescochinchine,mineszincchodon,1914_1929,1,guesde-p
messageriesfluvialescochinchine,plantationsindochinoises,1914_1929,1,guesde-p
messageriesfluvialescochinchine,sucreriesraffineriesindochine,1914_1929,1,guesde-p
messageriesfluvialescochinchine,thesindochine,1914_1929,1,guesde-p
messageriesfluvialescochinchine,unionelectriqueindochine,1914_1929,1,guesde-p
mineszincchodon,plantationsheveaspreckchlongouprekchlong,1914_1929,1,guesde-p
mineszincchodon,plantationsindochinoises,1914_1929,1,guesde-p
mineszincchodon,plantationskantroioukantroy,1914_1929,1,guesde-p
mineszincchodon,saigonnaisenavigationtransport,1914_1929,1,guesde-p
mineszincchodon,sucreriesraffineriesindochine,1914_1929,1,guesde-p
mineszincchodon,thesindochine,1914_1929,1,guesde-p
mineszincchodon,transportsautomobilescentreannam,1914_1929,1,guesde-p
mineszincchodon,unionelectriqueindochine,1914_1929,1,guesde-p
plantationsheveaspreckchlongouprekchlong,plantationsindochinoises,1914_1929,1,guesde-p
plantationsheveaspreckchlongouprekchlong,sucreriesraffineriesindochine,1914_1929,1,guesde-p
plantationsheveaspreckchlongouprekchlong,thesindochine,1914_1929,1,guesde-p
plantationsheveaspreckchlongouprekchlong,unionelectriqueindochine,1914_1929,1,guesde-p
plantationsindochinoises,plantationskantroioukantroy,1914_1929,1,guesde-p
plantationsindochinoises,saigonnaisenavigationtransport,1914_1929,1,guesde-p
plantationsindochinoises,transportsautomobilescentreannam,1914_1929,1,guesde-p
plantationsindochinoises,unionelectriqueindochine,1914_1929,1,guesde-p
plantationskantroioukantroy,sucreriesraffineriesindochine,1914_1929,1,guesde-p
plantationskantroioukantroy,thesindochine,1914_1929,1,guesde-p
plantationskantroioukantroy,unionelectriqueindochine,1914_1929,1,guesde-p
saigonnaisenavigationtransport,sucreriesraffineriesindochine,1914_1929,1,guesde-p
saigonnaisenavigationtransport,thesindochine,1914_1929,1,guesde-p
saigonnaisenavigationtransport,unionelectriqueindochine,1914_1929,1,guesde-p
sucreriesraffineriesindochine,thesindochine,1914_1929,1,guesde-p
sucreriesraffineriesindochine,transportsautomobilescentreannam,1914_1929,1,guesde-p
sucreriesraffineriesindochine,unionelectriqueindochine,1914_1929,1,guesde-p
thesindochine,transportsautomobilescentreannam,1914_1929,1,guesde-p
thesindochine,unionelectriqueindochine,1914_1929,1,guesde-p
transportsautomobilescentreannam,unionelectriqueindochine,1914_1929,1,guesde-p
cotiereannam,minestrangda,1914_1929,1,denis-e-etienne
cotiereannam,tabacsindochine,1914_1929,1,denis-e-etienne
denisfreresbordeaux,tabacsindochine,1914_1929,1,denis-e-etienne
denisfreresindochine,tabacsindochine,1914_1929,1,denis-e-etienne
minestrangda,tabacsindochine,1914_1929,1,denis-e-etienne
indochinoiseculturestropicales,indochinoiseexploitationsminieresagricoles,1914_1929,1,baudouin-p
agricolethescafeskontumannam,foncierecambodge,1914_1929,1,maspero-g
agricolethescafeskontumannam,indochinoiseforestiereallumettes,1914_1929,1,maspero-g
agricolethescafeskontumannam,unionelectriqueindochine,1914_1929,1,maspero-g
financiereindochine,foncierecambodge,1914_1929,1,maspero-g
financiereindochine,indochinoiseforestiereallumettes,1914_1929,1,maspero-g
financiereindochine,unionelectriqueindochine,1914_1929,1,maspero-g
foncierecambodge,indochinoiseforestiereallumettes,1914_1929,1,maspero-g
foncierecambodge,unionelectriqueindochine,1914_1929,1,maspero-g
indochinoiseforestiereallumettes,unionelectriqueindochine,1914_1929,1,maspero-g
agricolenordannam,hydrauliqueasie,1914_1929,1,carrere-g
agricolenordannam,indochinoiseforestiereallumettes,1914_1929,1,carrere-g
hydrauliqueasie,indochinoiseforestiereallumettes,1914_1929,1,carrere-g
agricoleindustriellecamtiem,indochinoiseforestiereallumettes,1914_1929,1,laurent-j-jean
agricoleindustriellecamtiem,plantationsindochinoises,1914_1929,1,laurent-j-jean
indochinoiseforestiereallumettes,plantationsindochinoises,1914_1929,1,laurent-j-jean
agricolesudindochinoise,indochinoiseforestiereallumettes,1914_1929,1,mahe-g
indochinoisematerielmecanique,sucriereannam,1914_1929,1,denholm-a
clermontferrand,financiereindochine,1914_1929,1,jean-duclos-j
clermontferrand,fonciereindochine,1914_1929,1,jean-duclos-j
clermontferrand,indochinoisetransports,1914_1929,1,jean-duclos-j
financiereindochine,fonciereindochine,1914_1929,1,jean-duclos-j
financiereindochine,indochinoisetransports,1914_1929,1,jean-duclos-j
financiereindochine,rizicolesoctrang,1914_1929,1,jean-duclos-j
fonciereindochine,indochinoisetransports,1914_1929,1,jean-duclos-j
indochinoisetransports,rizicolesoctrang,1914_1929,1,jean-duclos-j
minesbanman,minesorbaolac,1914_1929,1,wolfram-du-tonkin
indochinoisegraphites,minesorbaolac,1914_1929,1,dumond-e-eugene
minesorbaolac,verreriesindochinecongmy,1914_1929,1,dumond-e-eugene
delignon,tramwaystonkin,1914_1929,1,toche-c
indochinoiseculturestropicales,tramwaystonkin,1914_1929,1,toche-c
agricolethescafeskontumannam,anciensetablissementsvictorlamorte,1914_1929,1,grammont-m-maxime
agricolethescafeskontumannam,rizeriesextremeorient,1914_1929,1,grammont-m-maxime
agricolethescafeskontumannam,sucreriesraffineriesindochinehiephoa,1914_1929,1,grammont-m-maxime
agricolethescafeskontumannam,transportsautomobilescentreannam,1914_1929,1,grammont-m-maxime
anciensetablissementsvictorlamorte,financiereindochine,1914_1929,1,grammont-m-maxime
anciensetablissementsvictorlamorte,rizeriesextremeorient,1914_1929,1,grammont-m-maxime
anciensetablissementsvictorlamorte,sucreriesraffineriesindochinehiephoa,1914_1929,1,grammont-m-maxime
anciensetablissementsvictorlamorte,transportsautomobilescentreannam,1914_1929,1,grammont-m-maxime
financiereindochine,rizeriesextremeorient,1914_1929,1,grammont-m-maxime
financiereindochine,sucreriesraffineriesindochinehiephoa,1914_1929,1,grammont-m-maxime
financiereindochine,transportsautomobilescentreannam,1914_1929,1,grammont-m-maxime
rizeriesextremeorient,sucreriesraffineriesindochinehiephoa,1914_1929,1,grammont-m-maxime
sucreriesraffineriesindochinehiephoa,transportsautomobilescentreannam,1914_1929,1,grammont-m-maxime
agricolenordannam,chargeursextremeorient,1914_1929,1,langlois
chargeursextremeorient,transportsautomobilescentreannam,1914_1929,1,langlois
cheminfersudindochine,fonciereindochine,1914_1929,1,lasseigne-l
cheminfersudindochine,plantationheveasindochinebola,1914_1929,1,lasseigne-l
cheminfersudindochine,rizicolesoctrang,1914_1929,1,lasseigne-l
cheminfersudindochine,transportsautomobilescentreannam,1914_1929,1,lasseigne-l
fonciereindochine,plantationheveasindochinebola,1914_1929,1,lasseigne-l
plantationheveasindochinebola,transportsautomobilescentreannam,1914_1929,1,lasseigne-l
distilleriesmazetindochine,grandslacsindochine,1914_1929,1,mazet-e
distilleriesmazetindochine,hydrauliqueasie,1914_1929,1,mazet-e
fonciereindochine,grandslacsindochine,1914_1929,1,mazet-e
fonciereindochine,hydrauliqueasie,1914_1929,1,mazet-e
grandslacsindochine,hydrauliqueasie,1914_1929,1,mazet-e
grandslacsindochine,rizicolesoctrang,1914_1929,1,mazet-e
hydrauliqueasie,rizicolesoctrang,1914_1929,1,mazet-e
hydrauliqueasie,transportsautomobilescentreannam,1914_1929,1,mazet-e
commercialesaigonnaise,rizeriesmekong,1914_1929,1,mayer-j
commercialesaigonnaise,transportsautomobilescentreannam,1914_1929,1,mayer-j
rizeriesmekong,transportsautomobilescentreannam,1914_1929,1,mayer-j
distilleriesmazetindochine,fonciererizicolesoctrang,1914_1929,1,mazet-j
distilleriesmazetindochine,rizicolebattambang,1914_1929,1,mazet-j
fonciereindochine,fonciererizicolesoctrang,1914_1929,1,mazet-j
fonciereindochine,rizicolebattambang,1914_1929,1,mazet-j
fonciererizicolesoctrang,rizicolebattambang,1914_1929,1,mazet-j
fonciererizicolesoctrang,transportsautomobilescentreannam,1914_1929,1,mazet-j
rizicolebattambang,rizicolesoctrang,1914_1929,1,mazet-j
rizicolebattambang,transportsautomobilescentreannam,1914_1929,1,mazet-j
messageriesfluvialescochinchine,plantationsheveasprekchlong,1914_1929,1,rueff-g
plantationsheveasprekchlong,plantationskantroioukantroy,1914_1929,1,rueff-g
plantationsheveasprekchlong,transportsautomobilescentreannam,1914_1929,1,rueff-g
sucreriesraffineriesindochine,verreriesextremeorient,1914_1929,1,d-estaing-g
caoutchoucschamcarleu,unionelectriqueindochine,1914_1929,1,labbe-j
caoutchoucsphuochoa,unionelectriqueindochine,1914_1929,1,labbe-j
bienhoaindustrielleforestiere,indochinoiseculturestropicales,1914_1929,1,furiet-c
bienhoaindustrielleforestiere,unionelectriqueindochine,1914_1929,1,furiet-c
caoutchoucsphuochoa,soiesfranceindochine,1914_1929,1,colas-e
caoutchoucsphuochoa,plantationsheveasprekchlong,1914_1929,1,laurent-j
cambodge,caoutchoucschamcarleu,1914_1929,1,outrey-e
cambodge,caoutchoucsphuochoa,1914_1929,1,outrey-e
cambodge,foncierecambodge,1914_1929,1,outrey-e
cambodge,plantationsheveasxuanloc,1914_1929,1,outrey-e
caoutchoucschamcarleu,foncierecambodge,1914_1929,1,outrey-e
caoutchoucschamcarleu,plantationsheveasxuanloc,1914_1929,1,outrey-e
caoutchoucsphuochoa,foncierecambodge,1914_1929,1,outrey-e
caoutchoucsphuochoa,plantationsheveasxuanloc,1914_1929,1,outrey-e
foncierecambodge,plantationsheveasxuanloc,1914_1929,1,outrey-e
agricolethescafeskontumannam,sucrierecambodge,1914_1929,1,caffort-l-leon
administration,agricolethescafeskontumannam,1914_1929,1,fourn-g
agricolethescafeskontumannam,cheminfersudindochine,1914_1929,1,legrand-r
agricolethescafeskontumannam,hydrauliqueasie,1914_1929,1,legrand-r
cheminfersudindochine,financiereindochine,1914_1929,1,legrand-r
cheminfersudindochine,hydrauliqueasie,1914_1929,1,legrand-r
financiereindochine,hydrauliqueasie,1914_1929,1,legrand-r
agricolethescafeskontumannam,distilleriesmazetindochine,1914_1929,1,petithuguenin-p
agricolethescafeskontumannam,fonciereindochine,1914_1929,1,petithuguenin-p
caoutchoucspadang,fonciererizicolesoctrang,1914_1929,1,blanchard-p
fonciererizicolesoctrang,plantationsindochinoises,1914_1929,1,blanchard-p
forestiereindochinoise,rizicolebattambang,1914_1929,1,fontaine-j
agricoleindustrielletourcham,forestiereindochinoise,1914_1929,1,incertains-r
agricoleindustriellethapmuoi,agricoleindustrielletourcham,1914_1929,1,lis-a
hautsplateauxindochinois,indochinoiseculturestropicales,1914_1929,1,arnaud-de-vogue
indochinoiseplantations,terresrougesthanhhoa,1914_1929,1,mathee-r
etudestramwaybencatkratie,foncierecoloniale,1914_1929,1,de-rivaud-o
etudestramwaybencatkratie,plantationsindochinoises,1914_1929,1,de-rivaud-o
foncierecoloniale,plantationsindochinoises,1914_1929,1,de-rivaud-o
editionsasie,plantationsagavesannamdongme,1914_1929,1,berquet-o
editionsasie,plantationsheveasxuanloc,1914_1929,1,berquet-o
editionsasie,plantationsindochinoises,1914_1929,1,berquet-o
plantationsagavesannamdongme,plantationsheveasxuanloc,1914_1929,1,berquet-o
plantationsagavesannamdongme,plantationsindochinoises,1914_1929,1,berquet-o
plantationsheveasxuanloc,plantationsindochinoises,1914_1929,1,berquet-o
agricolenordannam,creditfoncierindochine,1914_1929,1,grammont
agricolenordannam,rizeriesextremeorient,1914_1929,1,grammont
indochinoiseculturestropicales,plantationsannamitesxacamloc,1914_1929,1,fauconnier-h
locninh,plantationsannamitesxacamloc,1914_1929,1,fauconnier-h
locninh,sucreriesraffineriesindochine,1914_1929,1,fauconnier-h
plantationsannamitesxacamloc,sucreriesraffineriesindochine,1914_1929,1,fauconnier-h
indochinoiseculturestropicales,indochinoisedarlac,1914_1929,1,maillot-l
domainetabelyul,plantationsheveasprekchlong,1914_1929,1,jacque-l
creditfoncierindochine,plantationsheveasxuanloc,1914_1929,1,daroussin-j
cheminfersudindochine,plantationskratie,1914_1929,1,devies-m
specialefinanciere,sucreriesraffineriesindochine,1914_1929,1,louppe-a
sericicoleindochinoise,soiesfranceindochine,1914_1929,1,bertrand-h
affreteursindochinois,maritimeindochinoise,1914_1929,1,orsini
affreteursindochinois,scama,1914_1929,1,orsini
maritimeindochinoise,scama,1914_1929,1,orsini
francosinoannamiteceramiquescochinchine,plantationsagavesannamdongme,1914_1929,1,ferrand-p-paul
agricolethanhtuyha,foncierecambodge,1914_1929,1,bonniel
charbonnagesdongdang,navigationvapeurfranceindochine,1914_1929,1,perouse-d
charbonnagesdongdang,manufacturecouverturestonkin,1914_1929,1,jean
anthracitestonkinmaokhetrangbach,creditfoncierindochine,1914_1929,1,fontaine-l
anthracitestonkinmaokhetrangbach,distilleriesindochine,1914_1929,1,fontaine-l
anthracitestonkinmaokhetrangbach,sicaf,1914_1929,1,fontaine-l
anthracitestonkinmaokhetrangbach,socchauxhydrauliqueslangtho,1914_1929,1,fontaine-l
creditfoncierindochine,sicaf,1914_1929,1,fontaine-l
creditfoncierindochine,socchauxhydrauliqueslangtho,1914_1929,1,fontaine-l
distilleriesindochine,sicaf,1914_1929,1,fontaine-l
sicaf,socchauxhydrauliqueslangtho,1914_1929,1,fontaine-l
socchauxhydrauliqueslangtho,tabacsindochine,1914_1929,1,fontaine-l
anthracitestonkinmaokhetrangbach,banqueindochine,1914_1929,1,homberg
anthracitestonkinmaokhetrangbach,cotonnieresaigon,1914_1929,1,homberg
cotonnieresaigon,industriellechimieextremeorienthaiphong,1914_1929,1,homberg
agenceradiotelegraphiqueindochinepacifique,cambodge,1914_1929,1,bousquet-h
agenceradiotelegraphiqueindochinepacifique,entreprisesasiatiques,1914_1929,1,fondere-a-alphonse
brasseriesglacieresindochine,minieremetallurgiqueindochine,1914_1929,1,le-bret-j
brasseriesglacieresindochine,minieremetallurgiqueindochinemineschodienfonderiezincquangyen,1914_1929,1,le-bret-j
banqueindochine,navigationvapeurfranceindochine,1914_1929,1,simon
navigationvapeurfranceindochine,tabacsindochine,1914_1929,1,simon
banqueindochine,minestrangda,1914_1929,1,denis
financieremetropolecolonies,minesortchepone,1914_1929,1,de-fommervault-g
financieremetropolecolonies,minierebarytine,1914_1929,1,de-fommervault-g
minesortchepone,minierebarytine,1914_1929,1,de-fommervault-g
commercialesaigonnaise,indochinoisecharbonnagesminesmetalliques,1914_1929,1,droit
charbonnagesninhbinh,etainsindochine,1914_1929,1,le-trocquer-y
droitstimbreacquitteparabonnement,terresrougesthanhhoa,1914_1929,1,chretien-a
agricoleannam,cochinchineouheveascochinchine,1914_1929,1,engeringh-c
cambodge,unioncommercialeindochinoiseafricaine,1914_1929,1,barthou-l
cimentsportlandartificielsindochine,distilleriesindochine,1914_1929,1,thion-de-la-chaume
cimentsportlandartificielsindochine,marchandisescoursroute,1914_1929,1,thion-de-la-chaume
colonialeeclairageenergie,pecheriesindustriellesindochinesaigon,1914_1929,1,cluzeau-b
colonialeeclairageenergie,unionindochinoiseouunionindochinoise,1914_1929,1,cluzeau-b
cotiereannam,gommelaquejb,1914_1929,1,mange-l
cotiereannam,gommelaquejbphuto,1914_1929,1,mange-l
cotonnieresaigon,thesindochine,1914_1929,1,touron-r
creditfoncieragricoleindochine,verreriesextremeorient,1914_1929,1,coloniale-f
domainecentral,plantationsannamitesxacamloc,1914_1929,1,peten-c
cochinchineouplantationscaoutchouccochinchine,domainetabelyul,1914_1929,1,berquet
domainetabelyul,rizeriesmekong,1914_1929,1,denisse-p
grandslacsindochine,rizeriesmekong,1914_1929,1,denisse-p
energieelectriqueindochinoise,industriellechimieextremeorienthaiphong,1914_1929,1,hermenier
energieelectriqueindochinoise,laquesindochinoisesboulogneseine,1914_1929,1,hermenier
indochinoiseelectricite,industriellechimieextremeorienthaiphong,1914_1929,1,hermenier
industriellechimieextremeorienthaiphong,laquesindochinoises,1914_1929,1,hermenier
industriellechimieextremeorienthaiphong,laquesindochinoisesboulogneseine,1914_1929,1,hermenier
industriellechimieextremeorienthaiphong,tramways,1914_1929,1,hermenier
laquesindochinoisesboulogneseine,tabacsindochine,1914_1929,1,hermenier
laquesindochinoisesboulogneseine,tramways,1914_1929,1,hermenier
etainsindochine,minierebarytine,1914_1929,1,bordeaux-j
financiereindochine,fonciereannam,1914_1929,1,pierret-j-joseph
foncierecambodge,unionfinancierefrancoindochinoise,1914_1929,1,cremazy-a
mineralurgique,minierethanmoiouminierethanhmoilangcai,1914_1929,1,pierron
caoutchoucspadang,frigorifiquesextremeorient,1914_1929,1,pernotte-j
grandslacsindochine,scama,1914_1929,1,bec
cochinchineouheveascochinchine,sucrerieraffineriecochinchinephumy,1914_1929,1,chaplin-w
heveascochinchine,sucrerieraffineriecochinchinephumy,1914_1929,1,chaplin-w
indochinoisebouchage,mineorpaclan,1914_1929,1,daurelle-r
indochinoiseculturestropicales,indochinoisemines,1914_1929,1,angoulvant-g
indochinoisemines,sucrerieraffineriecochinchinephumy,1914_1929,1,boussenot-g
financiereindochine,mineszincchodon,1914_1929,1,et-joseph-vigne
recherchesredevances,terresrougesthanhhoa,1914_1929,1,fafart-a
etudesexploitationsminieresindochine,unionfinancierefrancoindochinoise,1914_1929,1,dupuy
plantationsterresrouges,tramways,1914_1929,1,garnier-a
indochinoiseculturestropicales,socindochinoiseculturestropicales,1930_1944,13,angoulvant-g; bouvier-r; budop; dufay-h; generale-d; ginestet; hiep-hoa; homberg-o; lithiby-j; rocca-e; sibilat-r; simoni-p; sud-ginestet
hydrauliqueasie,hydrauliqueasiesaigoncorr,1930_1944,11,carrere; carrere-g; charles; crepines; legrand-r; malcor; mazet; mazet-e; teissier-du-cros-e; water-c-i; water-co-i
ufeo,unionfinanciereextremeorient,1930_1944,11,agabriel-l; baillet-g; bonnardel-j; chantrel-j; g-rene-laederich; hadengue-y; laederich-g; le-montreer-g; loisy-x; prangey-h; prangey-h-henri
minieremetallurgiqueindochinemineschodienfonderiezincquangyen,socminesetainhauttonkin,1930_1944,11,bault-g; de-sincay-e; harth-p; hauzeur-l; le-bret-j; lecuvre-f; ledoux-f; robellaz-f; st-paul-de-sincay-g; thion-de-la-chaume; vincent-a
leonblondeaux,manufacturesindochinoisescigarettes,1930_1944,10,durand-saint-ange; ed-pfeiffer; ed-weill; guesde-p; laurent-j; law-whishaw-m; rheims-j; rueff-g; tinchant-v; warland-o
creditmobilierindochinois,creditmobilierindochinoisexploitationmonts,1930_1944,9,agabriel-l; bernard-p; boudon-r-robert; de-chambure-h; gannay-p; goury-du-roslan-r; guesde-p; laurent-j-jean; nouailhetas-a
indochinoisecommerce,sicaf,1930_1944,9,arnaud-de-vogue; d-eichthal-r; d-ursel-f; guesde-p; hachette-r; laroche-c; lenoir-g; letondot-c; van-regemorter
caoutchoucsmekong,caoutchoucsmekongsaigonsoccap30,1930_1944,9,atthalin; carrere; ectors-j-jean; langlois; legrand-r; mazet-e; outrey-e; perrot-j; petithuguenin-p
etainscammon,socetainscammon,1930_1944,9,bardoux-j; bonnardel-j; buffet-a; chanove-j; dans-la-province-du-cammon-m; de-solages-c; dubost; petin-h; thion-de-la-chaume
creditfoncierindochine,credithypothecaireindochine,1930_1944,8,bernard-f; bloch-laine-j; daroussin-j; gimon-c; giscard-d-estaing-e; guesde-p; roume-e; rousseau-e
exploitationetainswolframpiaouac,exploitationsetainswolframpiaouac,1930_1944,8,brard-r; humann-e; monguillot-m; pare-m; petin-h; ramonatxo; vicaire-m-maxime; vincenti-e
caoutchoucsmekong,caoutchoucsmekongprekkak,1930_1944,7,atthalin-a; carrere-g; ectors-j; mazet-e; outrey-e; petithuguenin-p; ph-langlois
eauxhanoi,foncieretonkinannam,1930_1944,7,audren-de-kerdrel; blanchard-p; bussy-a; carrere-g; mazet-e; mazet-j; petithuguenin-p
francoindochinoise,inchange,1930_1944,7,de-lestapis-r; denis-e; francou-j; le-bret-j; levesque-d; levesque-p; rousseau-h
etudesengraisazotesindochinechuteda,etudesexploitationsminieresindochine,1930_1944,7,bartholoni-m; brame-p; de-courtivron-p; de-solages-c; de-vienne-h; dufaure-f; herve-de-pommereau
chalandage,chalandageremorquageindochine,1930_1944,6,chone; daurelle-r; grammont-m-maxime; guesde-p; homberg-o; simoni-p
chalandageremorquageindochine,sacric,1930_1944,6,bernard-p; chone; guesde-p; homberg-o; roque-p; simoni-p
mimot,plantationskantroioukantroy,1930_1944,6,d-ursel-a; deschars-l; guesde-p; rheims-j; rueff-g; vannier-j
heveastayninh,plantationsheveasxuanloc,1930_1944,6,daroussin-j; deshors-h; gazano-b; guillemet-j; mercier-a; the-xuong-b
plantationsterresrouges,plantationsterresrougesheveasquanloicafeiersheveasjava,1930_1944,6,blanchard-p; de-pins-b; leverijn-s; ph-langlois; pontus-p; vermeersch-p
commercialeindochine,rizeriesindochinoises,1930_1944,6,derre-m; michel-c; rauzy-p-paul; vigouroux-l; ville-e; worms-e
charbonnages,indochinoisecharbonnagesminesmetalliques,1930_1944,6,a-phan-me-e; chemin-dupontes-g; lancrenon-p; marsot-v; merigeault-e; vaucheret-a
etainscammon,etainswolframtonkin,1930_1944,5,bardoux-j; baudouin-p; brard-r; de-wendel-f; petin-h
manufacturesindochinoisescigarettes,mimot,1930_1944,5,guesde-p; laurent-j; rheims-j; rueff-g; saint-ange-d
messageriesfluvialescochinchine,mimot,1930_1944,5,bernard-f; guesde-p; laurent-j; pietri-f; rueff-g
ccneo,commercenavigationextremeorient,1930_1944,5,arnaud-de-vogue; hoffet-h; jessula-d; launay-l; waespe-f
denisfreresbordeaux,denisfreresindochine,1930_1944,5,de-ferry-f; delalande-l; denis-e-etienne; denis-m; rousseau-h
charbonnagesalongdongdang,foncieretonkinannam,1930_1944,5,berger-r; de-la-noe-l; gautheron-c; godfrin-h; tezier-h
caoutchoucsindochinelocninh,soccaoutchoucindochine,1930_1944,5,cibot-p; clerc-l; fauconnier-h; goutet-g; homberg-o
kratie,plantationskratiecambodge,1930_1944,5,baudoin-f; delanney-m; devies; lhomme-r; richemond-j
etudesexploitationsminieresindochine,socetudesexploitationsminieresindochine,1930_1944,5,bartholoni-r; brame-p; de-courtivron-p; de-vienne-h; dufaure-f
chalandage,sacric,1930_1944,4,chone; guesde-p; homberg-o; simoni-p
comptoirsgenerauxindochine,urbainefonciereindochinoise,1930_1944,4,guesde-p; mazet-e; mazet-j; triadou-c
leonblondeaux,messageriesfluvialescochinchine,1930_1944,4,ed-pfeiffer; guesde-p; laurent-j; rueff-g
leonblondeaux,mimot,1930_1944,4,guesde-p; laurent-j; rheims-j; rueff-g
manufacturesindochinoisescigarettes,messageriesfluvialescochinchine,1930_1944,4,ed-pfeiffer; guesde-p; laurent-j; rueff-g
manufacturesindochinoisescigarettes,saigonnaisenavigationtransport,1930_1944,4,guesde-p; pfeiffer-e; rueff-g; saint-ange-d
messageriesfluvialescochinchine,saigonnaisenavigationtransport,1930_1944,4,bernard-f; guesde-p; lancelin-g; rueff-g
mimot,saigonnaisenavigationtransport,1930_1944,4,bernard-f; guesde-p; rueff-g; saint-ange-d
caoutchoucsmekong,hydrauliqueasie,1930_1944,4,carrere; carrere-g; legrand-r; mazet-e
caoutchoucsmekong,hydrauliqueasiesaigoncorr,1930_1944,4,carrere; carrere-g; legrand-r; mazet-e
sifa,socindochinoiseforestiereallumettes,1930_1944,4,carrere-g; mahe-g; maspero-g; welti-e
fonciereindochine,foncieretonkinannam,1930_1944,4,lasseigne-l; mazet-e; petithuguenin-p; sellier
commercenavigationextremeorient,hautsplateauxindochinois,1930_1944,4,arnaud-de-vogue; jessula-d; launay-l; lis-a
brasseriesglacieresindochine,indochinoiseeauxelectriciteannam,1930_1944,4,de-laboulaye-e; denis-e-etienne; le-bret-j; palanque-l
fiduciaireindochine,ufeo,1930_1944,4,agabriel-l; boudon-r-robert; denis-e-etienne; hadengue-y
plantationshautdonnai,unionfinanciereextremeorient,1930_1944,4,biron-l; hadengue-y; le-montreer-g; nouailhetas-a
agricolethescafeskontum,caoutchoucsmekong,1930_1944,4,ectors-j; ectors-j-jean; legrand-r; petithuguenin-p
chauxhydrauliqueslangtho,socchauxhydrauliqueslangtho,1930_1944,4,boyaval-l; ferrant-r; fontaine-a; perpignani-n
minieremetallurgiqueindochine,minieremetallurgiqueindochinemineschodienfonderiezincquangyen,1930_1944,4,hauzeur-l; le-bret-j; lecuvre-f; ledoux-f
minieremetallurgiqueindochine,socminesetainhauttonkin,1930_1944,4,hauzeur-l; le-bret-j; lecuvre-f; ledoux-f
ghmumm,optorg,1930_1944,4,lorthiois-j; schwob-d-hericourt-j; schwob-d-hericourt-j-james; vanoutryve-f
etainswolframtonkin,fermiereetainsextremeorient,1930_1944,4,bardoux-j; belugou-l; brard-r; de-lafaulotte-a-alexandre
exploitationetainswolframpiaouac,minesetainhauttonkin,1930_1944,4,humann-e; monguillot-m; pare-m; ramonatxo
exploitationsetainswolframpiaouac,minesetainhauttonkin,1930_1944,4,humann-e; monguillot-m; pare-m; ramonatxo
minesoroutremer,rizeriesindochinoises,1930_1944,4,dussuet-j; michel-c; rauzy-p-paul; worms-e
chauxhydrauliqueslangtho,cimentsportlandartificielsindochine,1930_1944,4,candlot-c; lebreton-f; marchegay-a; perpignani-n
etudesengraisazotesindochinechuteda,socetudesexploitationsminieresindochine,1930_1944,4,brame-p; de-courtivron-p; de-vienne-h; dufaure-f
charbonnagesdongtrieu,soccharbonnagesdongtrieu,1930_1944,4,angelini-j; fremont-g; merigeault-e; vincent-a
domainedarnga,sicettemaisonavaitsaraisonsocialevieux,1930_1944,4,adm-agricole-de-binh-truoc; heveas-de-tan-thanh-dong; mazet-d-indochine-c; paris-ingenieur-j
plantationsheveastanthanhdong,sicettemaisonavaitsaraisonsocialevieux,1930_1944,4,adm-agricole-de-binh-truoc; guery-a; paris-ingenieur-j; paris-p
banqueindochine,distilleriesindochine,1930_1944,3,baudouin-p; borduge-m; guesde-p
distilleriesindochine,entreprisesdragagestravauxpublics,1930_1944,3,baudouin-p; homberg-o; thion-de-la-chaume
creditfoncierindochine,creditmobilierindochinoisexploitationmonts,1930_1944,3,de-tarde-g; guesde-p; laurent-j-jean
creditfoncierindochine,distilleriesindochine,1930_1944,3,fontaine-a; guesde-p; thion-de-la-chaume-r-rene
credithypothecaireindochine,messageriesfluvialescochinchine,1930_1944,3,bernard-f; guesde-p; laurent-j
credithypothecaireindochine,mimot,1930_1944,3,bernard-f; guesde-p; laurent-j
leonblondeaux,plantationskantroioukantroy,1930_1944,3,guesde-p; rheims-j; rueff-g
manufacturesindochinoisescigarettes,plantationskantroioukantroy,1930_1944,3,guesde-p; rheims-j; rueff-g
saigonnaisenavigationtransport,urbainefonciereindochinoise,1930_1944,3,guesde-p; lambert-l; rueff-g
caoutchoucsmekong,eauxhanoi,1930_1944,3,carrere-g; mazet-e; petithuguenin-p
caoutchoucsmekong,foncieretonkinannam,1930_1944,3,carrere-g; mazet-e; petithuguenin-p
caoutchoucsmekongprekkak,eauxhanoi,1930_1944,3,carrere-g; mazet-e; petithuguenin-p
caoutchoucsmekongprekkak,foncieretonkinannam,1930_1944,3,carrere-g; mazet-e; petithuguenin-p
exploitationetablissementsbrossardmopin,financiereindochine,1930_1944,3,bussy-a-andre; carrere-g; maspero-g
exploitationetablissementsbrossardmopin,foncierecambodge,1930_1944,3,bussy-a-andre; carrere-g; maspero-g
exploitationetablissementsbrossardmopin,foncieretonkinannam,1930_1944,3,bussy-a-andre; carrere-g; lasseigne-l
financiereindochine,foncierecambodge,1930_1944,3,bussy-a-andre; carrere-g; maspero-g
financiereindochine,francoindochinoiseradiophoniecfi,1930_1944,3,bussy-a-andre; carrere-g; grammont-m-maxime
caoutchoucsmekong,fonciereindochine,1930_1944,3,carrere; mazet-e; petithuguenin-p
caoutchoucsmekongprekkak,caoutchoucsmekongsaigonsoccap30,1930_1944,3,mazet-e; outrey-e; petithuguenin-p
caoutchoucsmekongsaigonsoccap30,fonciereindochine,1930_1944,3,carrere; mazet-e; petithuguenin-p
caoutchoucsmekongsaigonsoccap30,hydrauliqueasie,1930_1944,3,carrere; legrand-r; mazet-e
caoutchoucsmekongsaigonsoccap30,hydrauliqueasiesaigoncorr,1930_1944,3,carrere; legrand-r; mazet-e
comptoirsgenerauxindochine,sicettemaisonavaitsaraisonsocialevieux,1930_1944,3,cero-j-jean; mazet-e; mazet-j
eauxhanoi,fonciererizicolesoctrang,1930_1944,3,blanchard-p; mazet-e; mazet-j
fonciereindochine,fonciererizicolesoctrang,1930_1944,3,blanchard; jean-duclos-j; mazet-e
fonciererizicolesoctrang,foncieretonkinannam,1930_1944,3,blanchard-p; mazet-e; mazet-j
fonciererizicolesoctrang,urbainefonciereindochinoise,1930_1944,3,lambert-l; mazet-e; mazet-j
indochinoiseculturestropicales,sacric,1930_1944,3,giscard-d-estaing-e; homberg-o; simoni-p
indochinoiseculturestropicales,sucreriesraffineriesindochine,1930_1944,3,bouvier-r; fauconnier-h; giscard-d-estaing-e
bienhoaindustrielleforestiere,caoutchoucsdonai,1930_1944,3,bourcier-saint-chaffray-e; furiet-c; launay-l
ccneo,hautsplateauxindochinois,1930_1944,3,arnaud-de-vogue; jessula-d; launay-l
ccneo,plantationsloc,1930_1944,3,girard-e; hoffet-h; launay-l
commercenavigationextremeorient,indochinoiseplantationsheveas,1930_1944,3,hoffet-h; launay-l; lis-a
creditmobilierindochinois,fiduciaireindochine,1930_1944,3,agabriel-l; boudon-r-robert; nouailhetas-a
creditmobilierindochinoisexploitationmonts,fiduciaireindochine,1930_1944,3,agabriel-l; boudon-r-robert; nouailhetas-a
fiduciaireindochine,kratie,1930_1944,3,agabriel-l; hadengue-y; thery-r
fiduciaireindochine,unionfinanciereextremeorient,1930_1944,3,agabriel-l; hadengue-y; nouailhetas-a
agricoleindustriellebencui,caoutchoucskompongthom,1930_1944,3,arnaud-de-vogue; de-flers-f; laurent-j-jean
foncieretonkinannam,rizicolebattambangourizicolebattambang,1930_1944,3,bussy-a-andre; langlois-m; mazet-j
agricolethescafeskontum,caoutchoucsmekongsaigonsoccap30,1930_1944,3,ectors-j-jean; legrand-r; petithuguenin-p
foncierecambodge,unionelectriqueindochine,1930_1944,3,labbe-j; maspero-g; outrey-e
francoindochinoise,indochinoiseeauxelectriciteannam,1930_1944,3,denis-e; denis-e-etienne; le-bret-j
indochinoiseeauxelectriciteannam,ufeo,1930_1944,3,de-laboulaye-e; denis-e; denis-e-etienne
fabricationcaoutchouc,mimot,1930_1944,3,bernard-f; rondeleux-l; rueff-g
fonciereimmobilierechihoa,foncieretonkinannam,1930_1944,3,grammont; lasseigne-l; mazet-j
cambodge,caoutchoucspadang,1930_1944,3,blanchard-p; durand-a; janssens-p
caoutchoucspadang,plantationsterresrougesheveasquanloicafeiersheveasjava,1930_1944,3,blanchard-p; durand-a; ph-langlois
energieelectriqueindochinoise,tramways,1930_1944,3,allain-m; dervieu-p; manus-m
eauxelectriciteindochine,tramways,1930_1944,3,allain; dervieu-p; dubosc-f
etainscammon,fermiereetainsextremeorient,1930_1944,3,bardoux-j; bonnardel-j; brard-r
etainswolframtonkin,indochinoisemetallurgie,1930_1944,3,bardoux-j; brard-r; humann-e
etainswolframtonkin,exploitationetainswolframpiaouac,1930_1944,3,brard-r; humann-e; petin-h
etainswolframtonkin,exploitationsetainswolframpiaouac,1930_1944,3,brard-r; humann-e; petin-h
charbonnagestuyenquang,idem1937,1930_1944,3,baffeleuf-a; barondeau-g; chretien-a
indochinephonoradio,indochinoisemessageriesautomobiles,1930_1944,3,benignus-m; langlois; langlois-m
commercialeindochine,disponible,1930_1944,3,michel-c; ville-e; worms-e
commercialeindochine,minesoroutremer,1930_1944,3,michel-c; rauzy-p-paul; worms-e
disponible,rizeriesindochinoises,1930_1944,3,michel-c; ville-e; worms-e
disponible,rizeriesextremeorient,1930_1944,3,derre; ville-e; worms-e
indochinoiseculturestropicales,papeteriesindochine,1930_1944,3,bouvier-r; homberg-o; toche-c
papeteriesindochine,socpapeteriesindochine,1930_1944,3,biver-c; clerc-l; vincent-l
caoutchoucschamcarlu,foncierecambodge,1930_1944,3,bataille-a; labbe-j; outrey-e
caoutchoucskompongthom,plantationskantroioukantroy,1930_1944,3,de-laboulaye-e; deschars-l; lejeune-c
cochinchineouheveascochinchine,colonialeplantationsdistillation,1930_1944,3,rappel-l; sasias-p; senet-m
distilleriesindochine,etainscammon,1930_1944,2,baudouin-p; thion-de-la-chaume
distilleriesindochine,indochinoiseelectricite,1930_1944,2,baudouin-p; thion-de-la-chaume-r-rene
entreprisesdragagestravauxpublics,etainscammon,1930_1944,2,baudouin-p; thion-de-la-chaume
asiatiquenavigation,indochinoisecommerce,1930_1944,2,guesde-p; letondot-c
asiatiquenavigation,sicaf,1930_1944,2,guesde-p; letondot-c
asiatiquenavigation,unionelectriqueindochine,1930_1944,2,guesde-p; m-robert-j
banqueindochine,creditfoncierindochine,1930_1944,2,guesde-p; roume-e
banqueindochine,credithypothecaireindochine,1930_1944,2,guesde-p; roume-e
banqueindochine,creditmobilierindochinois,1930_1944,2,gannay-p; guesde-p
banqueindochine,creditmobilierindochinoisexploitationmonts,1930_1944,2,gannay-p; guesde-p
cafesindochine,indochinoisecommerce,1930_1944,2,guesde-p; laroche-c
cafesindochine,sicaf,1930_1944,2,guesde-p; laroche-c
chalandage,distilleriesindochine,1930_1944,2,guesde-p; homberg-o
chalandageremorquageindochine,creditmobilierindochinois,1930_1944,2,bernard-p; guesde-p
chalandageremorquageindochine,creditmobilierindochinoisexploitationmonts,1930_1944,2,bernard-p; guesde-p
chalandageremorquageindochine,distilleriesindochine,1930_1944,2,guesde-p; homberg-o
chalandageremorquageindochine,sucreriesraffineriesindochine,1930_1944,2,d-estaing-g; guesde-p
comptoirsgenerauxindochine,indochinoisecommerce,1930_1944,2,duchateau-r; guesde-p
comptoirsgenerauxindochine,saigonnaisenavigationtransport,1930_1944,2,guesde-p; jacque-l
creditfoncierindochine,creditmobilierindochinois,1930_1944,2,guesde-p; laurent-j-jean
creditfoncierindochine,manufacturesindochinoisescigarettes,1930_1944,2,guesde-p; laurent-j-jean
creditfoncierindochine,messageriesfluvialescochinchine,1930_1944,2,bernard-f; guesde-p
creditfoncierindochine,mimot,1930_1944,2,bernard-f; guesde-p
creditfoncierindochine,sacric,1930_1944,2,giscard-d-estaing-e; guesde-p
creditfoncierindochine,saigonnaisenavigationtransport,1930_1944,2,bernard-f; guesde-p
creditfoncierindochine,sucreriesraffineriesindochine,1930_1944,2,giscard-d-estaing-e; guesde-p
credithypothecaireindochine,leonblondeaux,1930_1944,2,guesde-p; laurent-j
credithypothecaireindochine,manufacturesindochinoisescigarettes,1930_1944,2,guesde-p; laurent-j
credithypothecaireindochine,sacric,1930_1944,2,giscard-d-estaing-e; guesde-p
credithypothecaireindochine,saigonnaisenavigationtransport,1930_1944,2,bernard-f; guesde-p
credithypothecaireindochine,sucreriesraffineriesindochine,1930_1944,2,giscard-d-estaing-e; guesde-p
creditmobilierindochinois,manufacturesindochinoisescigarettes,1930_1944,2,guesde-p; laurent-j-jean
creditmobilierindochinois,sacric,1930_1944,2,bernard-p; guesde-p
creditmobilierindochinoisexploitationmonts,manufacturesindochinoisescigarettes,1930_1944,2,guesde-p; laurent-j-jean
creditmobilierindochinoisexploitationmonts,sacric,1930_1944,2,bernard-p; guesde-p
distilleriesindochine,sacric,1930_1944,2,guesde-p; homberg-o
indochinoisecommerce,mimot,1930_1944,2,d-ursel-f; guesde-p
leonblondeaux,saigonnaisenavigationtransport,1930_1944,2,guesde-p; rueff-g
leonblondeaux,urbainefonciereindochinoise,1930_1944,2,guesde-p; rueff-g
manufacturesindochinoisescigarettes,urbainefonciereindochinoise,1930_1944,2,guesde-p; rueff-g
messageriesfluvialescochinchine,plantationskantroioukantroy,1930_1944,2,guesde-p; rueff-g
messageriesfluvialescochinchine,urbainefonciereindochinoise,1930_1944,2,guesde-p; rueff-g
mimot,sicaf,1930_1944,2,d-ursel-f; guesde-p
mimot,urbainefonciereindochinoise,1930_1944,2,guesde-p; rueff-g
plantationskantroioukantroy,saigonnaisenavigationtransport,1930_1944,2,guesde-p; rueff-g
plantationskantroioukantroy,urbainefonciereindochinoise,1930_1944,2,guesde-p; rueff-g
sacric,sucreriesraffineriesindochine,1930_1944,2,giscard-d-estaing-e; guesde-p
creditmobilierindochinois,foncieresaigonnaise,1930_1944,2,boudon-r-robert; gannay-p
creditmobilierindochinoisexploitationmonts,foncieresaigonnaise,1930_1944,2,boudon-r-robert; gannay-p
banquefrancochinoisecommerceindustrie,foncierecambodge,1930_1944,2,carrere-g; le-gallen-m
banquefrancochinoisecommerceindustrie,caoutchoucsmekong,1930_1944,2,atthalin-a; carrere-g
banquefrancochinoisecommerceindustrie,caoutchoucsmekongprekkak,1930_1944,2,atthalin-a; carrere-g
banquefrancochinoisecommerceindustrie,financiereindochine,1930_1944,2,carrere-g; grammont-m-maxime
banquefrancochinoisecommerceindustrie,francoindochinoiseradiophoniecfi,1930_1944,2,carrere-g; grammont-m-maxime
caoutchoucsmekong,financiereindochine,1930_1944,2,carrere-g; legrand-r
caoutchoucsmekong,foncierecambodge,1930_1944,2,carrere-g; outrey-e
caoutchoucsmekongprekkak,foncierecambodge,1930_1944,2,carrere-g; outrey-e
caoutchoucsmekongprekkak,hydrauliqueasie,1930_1944,2,carrere-g; mazet-e
caoutchoucsmekongprekkak,hydrauliqueasiesaigoncorr,1930_1944,2,carrere-g; mazet-e
eauxhanoi,hydrauliqueasie,1930_1944,2,carrere-g; mazet-e
eauxhanoi,hydrauliqueasiesaigoncorr,1930_1944,2,carrere-g; mazet-e
exploitationetablissementsbrossardmopin,francoindochinoiseradiophoniecfi,1930_1944,2,bussy-a-andre; carrere-g
exploitationetablissementsbrossardmopin,sifa,1930_1944,2,carrere-g; maspero-g
exploitationetablissementsbrossardmopin,socindochinoiseforestiereallumettes,1930_1944,2,carrere-g; maspero-g
financiereindochine,foncieretonkinannam,1930_1944,2,bussy-a-andre; carrere-g
financiereindochine,hydrauliqueasie,1930_1944,2,carrere-g; legrand-r
financiereindochine,hydrauliqueasiesaigoncorr,1930_1944,2,carrere-g; legrand-r
financiereindochine,sifa,1930_1944,2,carrere-g; maspero-g
financiereindochine,socindochinoiseforestiereallumettes,1930_1944,2,carrere-g; maspero-g
foncierecambodge,foncieretonkinannam,1930_1944,2,bussy-a-andre; carrere-g
foncierecambodge,francoindochinoiseradiophoniecfi,1930_1944,2,bussy-a-andre; carrere-g
foncierecambodge,sifa,1930_1944,2,carrere-g; maspero-g
foncierecambodge,socindochinoiseforestiereallumettes,1930_1944,2,carrere-g; maspero-g
foncieretonkinannam,francoindochinoiseradiophoniecfi,1930_1944,2,bussy-a-andre; carrere-g
foncieretonkinannam,hydrauliqueasie,1930_1944,2,carrere-g; mazet-e
foncieretonkinannam,hydrauliqueasiesaigoncorr,1930_1944,2,carrere-g; mazet-e
immobilieresaigon,messageriesautomobilesnordannamlaos,1930_1944,2,grammont-m-maxime; lasseigne-l
banqueindustriellechine,exploitationetablissementsbrossardmopin,1930_1944,2,duval-a; francois-a
caoutchoucsmekongprekkak,fonciereindochine,1930_1944,2,mazet-e; petithuguenin-p
caoutchoucsmekongsaigonsoccap30,eauxhanoi,1930_1944,2,mazet-e; petithuguenin-p
caoutchoucsmekongsaigonsoccap30,foncieretonkinannam,1930_1944,2,mazet-e; petithuguenin-p
comptoirsgenerauxindochine,eauxhanoi,1930_1944,2,mazet-e; mazet-j
comptoirsgenerauxindochine,fonciererizicolesoctrang,1930_1944,2,mazet-e; mazet-j
comptoirsgenerauxindochine,foncieretonkinannam,1930_1944,2,mazet-e; mazet-j
eauxhanoi,fonciereindochine,1930_1944,2,mazet-e; petithuguenin-p
eauxhanoi,sicettemaisonavaitsaraisonsocialevieux,1930_1944,2,mazet-e; mazet-j
eauxhanoi,urbainefonciereindochinoise,1930_1944,2,mazet-e; mazet-j
fonciereindochine,hydrauliqueasie,1930_1944,2,carrere; mazet-e
fonciereindochine,hydrauliqueasiesaigoncorr,1930_1944,2,carrere; mazet-e
fonciereindochine,urbainefonciereindochinoise,1930_1944,2,mazet-e; ville-e
fonciererizicolesoctrang,sicettemaisonavaitsaraisonsocialevieux,1930_1944,2,mazet-e; mazet-j
foncieretonkinannam,sicettemaisonavaitsaraisonsocialevieux,1930_1944,2,mazet-e; mazet-j
foncieretonkinannam,urbainefonciereindochinoise,1930_1944,2,mazet-e; mazet-j
sicettemaisonavaitsaraisonsocialevieux,urbainefonciereindochinoise,1930_1944,2,mazet-e; mazet-j
creditfoncierindochine,hautsplateauxindochinois,1930_1944,2,launay-l; thion-de-la-chaume-r-rene
distilleriesindochine,voiesferreeslocninhcentreindochinois,1930_1944,2,homberg-o; thion-de-la-chaume-r-rene
creditfoncierindochine,indochinoiseculturestropicales,1930_1944,2,bernard-f; giscard-d-estaing-e
credithypothecaireindochine,indochinoiseculturestropicales,1930_1944,2,bernard-f; giscard-d-estaing-e
indochinoiseculturestropicales,verreriesextremeorient,1930_1944,2,bouvier-r; giscard-d-estaing-e
sucreriesraffineriesindochine,verreriesextremeorient,1930_1944,2,bouvier-r; giscard-d-estaing-e
agricoleindustriellecamtiem,ccneo,1930_1944,2,launay-l; waespe-f
agricoleindustriellecamtiem,commercenavigationextremeorient,1930_1944,2,launay-l; waespe-f
bienhoaindustrielleforestiere,ccneo,1930_1944,2,girard-e; launay-l
bienhoaindustrielleforestiere,indochinoiseplantationsheveas,1930_1944,2,furiet-c; launay-l
bienhoaindustrielleforestiere,plantationsloc,1930_1944,2,girard-e; launay-l
caoutchoucsdonai,indochinoiseplantationsheveas,1930_1944,2,furiet-c; launay-l
ccneo,indochinoiseplantationsheveas,1930_1944,2,hoffet-h; launay-l
commercenavigationextremeorient,plantationsloc,1930_1944,2,hoffet-h; launay-l
hautsplateauxindochinois,indochinoiseplantationsheveas,1930_1944,2,launay-l; lis-a
indochinoiseplantationsheveas,plantationsloc,1930_1944,2,hoffet-h; launay-l
credithypothecaireindochine,foncieretonkinannam,1930_1944,2,bussy-a; bussy-a-andre
creditmobilierindochinois,ufeo,1930_1944,2,agabriel-l; boudon-r-robert
creditmobilierindochinois,unionfinanciereextremeorient,1930_1944,2,agabriel-l; nouailhetas-a
creditmobilierindochinoisexploitationmonts,ufeo,1930_1944,2,agabriel-l; boudon-r-robert
creditmobilierindochinoisexploitationmonts,unionfinanciereextremeorient,1930_1944,2,agabriel-l; nouailhetas-a
kratie,ufeo,1930_1944,2,agabriel-l; hadengue-y
kratie,unionfinanciereextremeorient,1930_1944,2,agabriel-l; hadengue-y
colonialeeclairageenergie,etablissementsdelignon,1930_1944,2,bernard-p; toche-c
caoutchoucskompongthom,manufacturesindochinoisescigarettes,1930_1944,2,laurent-j; laurent-j-jean
manufacturesindochinoisescigarettes,plantationsheveaspreckchlongouprekchlong,1930_1944,2,laurent-j-jean; rueff-g
fiduciaireindochine,plantationshautdonnai,1930_1944,2,hadengue-y; nouailhetas-a
agricolethescafeskontum,financiereindochine,1930_1944,2,legrand-r; maspero-g
brasseriesglacieresindochine,francoindochinoise,1930_1944,2,denis-e-etienne; le-bret-j
brasseriesglacieresindochine,indochinoiseequipementindustriel,1930_1944,2,denis-e-etienne; le-bret-j
brasseriesglacieresindochine,ufeo,1930_1944,2,de-laboulaye-e; denis-e-etienne
cotiereannam,denisfreresbordeaux,1930_1944,2,de-ferry-f; denis-e-etienne
cotiereannam,denisfreresindochine,1930_1944,2,de-ferry-f; denis-e-etienne
denisfreresbordeaux,francoindochinoise,1930_1944,2,denis-e-etienne; rousseau-h
denisfreresindochine,francoindochinoise,1930_1944,2,denis-e-etienne; rousseau-h
francoindochinoise,indochinoiseequipementindustriel,1930_1944,2,denis-e-etienne; le-bret-j
francoindochinoise,ufeo,1930_1944,2,denis-e; denis-e-etienne
indochinoiseeauxelectriciteannam,indochinoiseequipementindustriel,1930_1944,2,denis-e-etienne; le-bret-j
plantationshautdonnai,ufeo,1930_1944,2,hadengue-y; le-montreer-g
commercialethesindochinois,leonblondeaux,1930_1944,2,laurent-j; rueff-g
commercialethesindochinois,manufacturesindochinoisescigarettes,1930_1944,2,laurent-j; rueff-g
commercialethesindochinois,messageriesfluvialescochinchine,1930_1944,2,laurent-j; rueff-g
commercialethesindochinois,mimot,1930_1944,2,laurent-j; rueff-g
fabricationcaoutchouc,messageriesfluvialescochinchine,1930_1944,2,bernard-f; rueff-g
fabricationcaoutchouc,saigonnaisenavigationtransport,1930_1944,2,bernard-f; rueff-g
plantationsheveaspreckchlongouprekchlong,saigonnaisenavigationtransport,1930_1944,2,jacque-l; rueff-g
chauxhydrauliqueslangtho,distilleriesindochine,1930_1944,2,boyaval-l; fontaine-a
distilleriesindochine,socchauxhydrauliqueslangtho,1930_1944,2,boyaval-l; fontaine-a
agricoleindustriellethapmuoi,commerceexportationindochine,1930_1944,2,de-ligondes-h; lis-a
agricoleindustriellethapmuoi,hautsplateauxindochinois,1930_1944,2,lis-a; martini-a
commerceexportationindochine,commercenavigationextremeorient,1930_1944,2,arnaud-de-vogue; lis-a
commerceexportationindochine,hautsplateauxindochinois,1930_1944,2,arnaud-de-vogue; lis-a
caoutchoucskompongthom,hautsplateauxindochinois,1930_1944,2,arnaud-de-vogue; rapp-e
foncierefrancoindochinoise,francoasiatiquepetroles,1930_1944,2,jansen-j; tricon-j
constructionsmecaniques,indochinoiseeauxelectriciteannam,1930_1944,2,broussaud-j; le-bret-j
inchange,indochinoiseeauxelectriciteannam,1930_1944,2,denis-e; le-bret-j
boismine,charbonnagesdongtrieu,1930_1944,2,lannegrace-c; varenne-g
denisfreresbordeaux,rizindochinedenisfreres,1930_1944,2,de-ferry-f; delalande-l
denisfreresindochine,rizindochinedenisfreres,1930_1944,2,de-ferry-f; delalande-l
immobilierenhabe,immobilierenhabenhabeounhabe,1930_1944,2,bainier-e; gantier-c
fonciereimmobilierechihoa,fonciererizicolesoctrang,1930_1944,2,jean-duclos-j; mazet-j
fonciererizicolesoctrang,rizicolebattambangourizicolebattambang,1930_1944,2,benignus-m; mazet-j
cambodge,plantationsterresrougesheveasquanloicafeiersheveasjava,1930_1944,2,blanchard-p; durand-a
caoutchoucspadang,plantationsterresrouges,1930_1944,2,blanchard-p; ph-langlois
agricolethescafeskontum,caoutchoucsmekongprekkak,1930_1944,2,ectors-j; petithuguenin-p
agricolethescafeskontum,foncieretonkinannam,1930_1944,2,grammont; petithuguenin-p
energieelectriqueindochinoise,indochinoiseelectricite,1930_1944,2,allain-m; teissier-du-cros-e
indochinoiseelectricite,tramways,1930_1944,2,allain; allain-m
agricolethescafeskontum,caoutchoucsphuochoa,1930_1944,2,caffort-l; grammont
francoannamitetabacs,plantationsboyganbar,1930_1944,2,boy-landry-e; boy-landry-j
ccneo,etainscammon,1930_1944,2,bardoux-j; bonnardel-j
ccneo,fermiereetainsextremeorient,1930_1944,2,bardoux-j; bonnardel-j
ccneo,socetainscammon,1930_1944,2,bardoux-j; bonnardel-j
etainscammon,indochinoisemetallurgie,1930_1944,2,bardoux-j; brard-r
etainswolframtonkin,socetainscammon,1930_1944,2,bardoux-j; petin-h
fermiereetainsextremeorient,indochinoisemetallurgie,1930_1944,2,bardoux-j; brard-r
fermiereetainsextremeorient,socetainscammon,1930_1944,2,bardoux-j; bonnardel-j
exploitationetainswolframpiaouac,indochinoisemetallurgie,1930_1944,2,brard-r; humann-e
exploitationsetainswolframpiaouac,indochinoisemetallurgie,1930_1944,2,brard-r; humann-e
etainscammon,exploitationetainswolframpiaouac,1930_1944,2,brard-r; petin-h
etainscammon,exploitationsetainswolframpiaouac,1930_1944,2,brard-r; petin-h
etainswolframtonkin,minesoroutremer,1930_1944,2,brard-r; de-lafaulotte-a-alexandre
fermiereetainsextremeorient,minesoroutremer,1930_1944,2,brard-r; de-lafaulotte-a-alexandre
etainspiaouac,minesetainhauttonkin,1930_1944,2,balas-a; ramonatxo
charbonnagestuyenquang,sauvage,1930_1944,2,baffeleuf-a; barondeau-g
idem1937,sauvage,1930_1944,2,baffeleuf-a; barondeau-g
sauvage,tuyauxagglomerescentrifugesindochine,1930_1944,2,barondeau-g; birot
forgesatelierschantiersindochine,oxygeneacetyleneextremeorient,1930_1944,2,de-la-pommeraye-j; ziegel-f
indochinephonoradio,rizicolebattambangourizicolebattambang,1930_1944,2,benignus-m; langlois-m
indochinoisemessageriesautomobiles,rizicolebattambangourizicolebattambang,1930_1944,2,benignus-m; langlois-m
caoutchoucskompongthom,mimot,1930_1944,2,deschars-l; laurent-j
indochinoiseplantationsheveas,mimot,1930_1944,2,dewez-h; laurent-j
etainsindochine,minesoroutremer,1930_1944,2,de-lafaulotte-a-alexandre; gautheron-c
etainsindochine,fermiereetainsextremeorient,1930_1944,2,de-fommervault-g; de-lafaulotte-a-alexandre
disponible,minesoroutremer,1930_1944,2,michel-c; worms-e
commercialeindochine,grandstravauxextremeorient,1930_1944,2,ville-e; worms-e
commercialeindochine,rizeriesextremeorient,1930_1944,2,ville-e; worms-e
disponible,grandstravauxextremeorient,1930_1944,2,ville-e; worms-e
grandstravauxextremeorient,rizeriesextremeorient,1930_1944,2,ville-e; worms-e
grandstravauxextremeorient,rizeriesindochinoises,1930_1944,2,ville-e; worms-e
rizeriesextremeorient,rizeriesindochinoises,1930_1944,2,ville-e; worms-e
indochinoisemessageriesautomobiles,messageriesautomobilesnordannamlaos,1930_1944,2,chatot-j; langlois
messageriesautomobilesnordannamlaos,omniumindochinois,1930_1944,2,boyer-l-louis; lasseigne-l
caoutchoucsindochinelocninh,indochinoiseculturestropicales,1930_1944,2,fauconnier-h; homberg-o
caoutchoucsindochinelocninh,papeteriesindochine,1930_1944,2,clerc-l; homberg-o
chalandage,energieelectriqueindochinoise,1930_1944,2,homberg-o; simoni-p
chalandage,indochinoiseculturestropicales,1930_1944,2,homberg-o; simoni-p
chalandage,socindochinoiseculturestropicales,1930_1944,2,homberg-o; simoni-p
chalandageremorquageindochine,energieelectriqueindochinoise,1930_1944,2,homberg-o; simoni-p
chalandageremorquageindochine,indochinoiseculturestropicales,1930_1944,2,homberg-o; simoni-p
chalandageremorquageindochine,socindochinoiseculturestropicales,1930_1944,2,homberg-o; simoni-p
energieelectriqueindochinoise,indochinoiseculturestropicales,1930_1944,2,homberg-o; simoni-p
energieelectriqueindochinoise,sacric,1930_1944,2,homberg-o; simoni-p
energieelectriqueindochinoise,socindochinoiseculturestropicales,1930_1944,2,homberg-o; simoni-p
entreprisesdragagestravauxpublics,indochinoiseculturestropicales,1930_1944,2,homberg-o; sffc-t
entreprisesdragagestravauxpublics,voiesferreeslocninhcentreindochinois,1930_1944,2,ader-h; homberg-o
indochinoiseculturestropicales,soccaoutchoucindochine,1930_1944,2,fauconnier-h; homberg-o
papeteriesindochine,soccaoutchoucindochine,1930_1944,2,clerc-l; homberg-o
papeteriesindochine,socindochinoiseculturestropicales,1930_1944,2,bouvier-r; homberg-o
phosphatestonkin,socphosphatestonkin,1930_1944,2,dumond-e-eugene; homberg-o
sacric,socindochinoiseculturestropicales,1930_1944,2,homberg-o; simoni-p
colonialeeclairageenergie,indochinoiseelectricite,1930_1944,2,marcorelle-p; marcorelles-p
etainscammon,ufeo,1930_1944,2,bonnardel-j; buffet-a
socetainscammon,ufeo,1930_1944,2,bonnardel-j; buffet-a
etudesengraisazotesindochinechuteda,immobilierelaos,1930_1944,2,bartholoni-m; brame-p
etudesexploitationsminieresindochine,immobilierelaos,1930_1944,2,bartholoni-m; brame-p
etudes,etudesexploitationsminieresindochine,1930_1944,2,bartholoni-r; brame-p
etudes,socetudesexploitationsminieresindochine,1930_1944,2,bartholoni-r; brame-p
fonciereimmobilierechihoa,fonciereindochine,1930_1944,2,jean-duclos-j; lasseigne-l
fonciereimmobilierechihoa,messageriesautomobilesnordannamlaos,1930_1944,2,grammont; lasseigne-l
fonciereimmobilierechihoa,thidoirizieresindochine,1930_1944,2,jean-duclos-j; lasseigne-l
fonciereindochine,thidoirizieresindochine,1930_1944,2,jean-duclos-j; lasseigne-l
foncieretonkinannam,messageriesautomobilesnordannamlaos,1930_1944,2,grammont; lasseigne-l
distilleriesindochine,minesetainhauttonkin,1930_1944,2,monguillot; monguillot-m
caoutchoucschamcarlu,unionelectriqueindochine,1930_1944,2,labbe-j; outrey-e
disponible,immobiliereportsaigon,1930_1944,2,derre; ville-e
immobiliereportsaigon,rizeriesextremeorient,1930_1944,2,derre; ville-e
francoannamitetabacs,immobilierenhabenhabeounhabe,1930_1944,2,boy-landry-e; gantier-c
energieelectriqueindochinoise,hydrauliqueasie,1930_1944,2,manus-m; teissier-du-cros-e
fonciererizicolesoctrang,thidoirizieresindochine,1930_1944,2,beyssac-c; jean-duclos-j
salinessudannam,tsanhhaptsaofreres,1930_1944,2,cafe-r; riz
charbonnagesvinhphuoc,messageriesautomobilesnordannamlaos,1930_1944,2,coudoux-p; monier-g
charbonnagesdongtrieu,socminesetainhauttonkin,1930_1944,2,merigeault-e; vincent-a
soccharbonnagesdongtrieu,socminesetainhauttonkin,1930_1944,2,merigeault-e; vincent-a
indochinoiseculturestropicales,sochonquan,1930_1944,2,dufay-h; rocca-e
sochonquan,socindochinoiseculturestropicales,1930_1944,2,dufay-h; rocca-e
agricolesongray,cafesindochine,1930_1944,2,laroche-c; lionel-marie-j
agricolesongray,indochinoisecommerce,1930_1944,2,laroche-c; lenoir-g
agricolesongray,sicaf,1930_1944,2,laroche-c; lenoir-g
eauxelectriciteindochine,indochinoiseelectricite,1930_1944,2,allain; teissier-du-cros
agricoleindustriellebencui,caoutchoucsdonai,1930_1944,2,de-flers-f; furiet-c
agricoleindustriellebencui,agricolesongray,1930_1944,2,lionel-marie-j; mallet-c
caoutchoucsmekong,caoutchoucspadang,1930_1944,2,langlois-p-philippe; ph-langlois
domainedarnga,plantationsheveastanthanhdong,1930_1944,2,adm-agricole-de-binh-truoc; paris-ingenieur-j
distilleriesindochine,optorg,1930_1944,2,d-hericourt-s; schwob-d-hericourt-j
haiphonnaisebouagesvidanges,lainieretonkin,1930_1944,2,fenies-g; guillou-a
haiphonnaisebouagesvidanges,vidangesbouagestonkin,1930_1944,2,fenies-g; guillou-a
lainieretonkin,vidangesbouagestonkin,1930_1944,2,fenies-g; guillou-a
banqueindochine,entreprisesdragagestravauxpublics,1930_1944,1,baudouin-p
banqueindochine,etainscammon,1930_1944,1,baudouin-p
banqueindochine,etainswolframtonkin,1930_1944,1,baudouin-p
banqueindochine,indochinoiseelectricite,1930_1944,1,baudouin-p
banqueindochine,indochinoiseplantationsheveas,1930_1944,1,baudouin-p
distilleriesindochine,etainswolframtonkin,1930_1944,1,baudouin-p
distilleriesindochine,indochinoiseplantationsheveas,1930_1944,1,baudouin-p
entreprisesdragagestravauxpublics,etainswolframtonkin,1930_1944,1,baudouin-p
entreprisesdragagestravauxpublics,indochinoiseelectricite,1930_1944,1,baudouin-p
entreprisesdragagestravauxpublics,indochinoiseplantationsheveas,1930_1944,1,baudouin-p
etainscammon,indochinoiseelectricite,1930_1944,1,baudouin-p
etainscammon,indochinoiseplantationsheveas,1930_1944,1,baudouin-p
etainswolframtonkin,indochinoiseelectricite,1930_1944,1,baudouin-p
etainswolframtonkin,indochinoiseplantationsheveas,1930_1944,1,baudouin-p
indochinoiseelectricite,indochinoiseplantationsheveas,1930_1944,1,baudouin-p
banqueindochine,navigationvapeurfranceindochine,1930_1944,1,celier-a
asiatiquenavigation,banqueindochine,1930_1944,1,guesde-p
asiatiquenavigation,cafesindochine,1930_1944,1,guesde-p
asiatiquenavigation,chalandage,1930_1944,1,guesde-p
asiatiquenavigation,chalandageremorquageindochine,1930_1944,1,guesde-p
asiatiquenavigation,comptoirsgenerauxindochine,1930_1944,1,guesde-p
asiatiquenavigation,creditfoncierindochine,1930_1944,1,guesde-p
asiatiquenavigation,credithypothecaireindochine,1930_1944,1,guesde-p
asiatiquenavigation,creditmobilierindochinois,1930_1944,1,guesde-p
asiatiquenavigation,creditmobilierindochinoisexploitationmonts,1930_1944,1,guesde-p
asiatiquenavigation,distilleriesindochine,1930_1944,1,guesde-p
asiatiquenavigation,indochinefilmscinemas,1930_1944,1,guesde-p
asiatiquenavigation,leonblondeaux,1930_1944,1,guesde-p
asiatiquenavigation,manufacturesindochinoisescigarettes,1930_1944,1,guesde-p
asiatiquenavigation,messageriesfluvialescochinchine,1930_1944,1,guesde-p
asiatiquenavigation,mimot,1930_1944,1,guesde-p
asiatiquenavigation,plantationskantroioukantroy,1930_1944,1,guesde-p
asiatiquenavigation,sacric,1930_1944,1,guesde-p
asiatiquenavigation,saigonnaisenavigationtransport,1930_1944,1,guesde-p
asiatiquenavigation,sucreriesraffineriesindochine,1930_1944,1,guesde-p
asiatiquenavigation,urbainefonciereindochinoise,1930_1944,1,guesde-p
banqueindochine,cafesindochine,1930_1944,1,guesde-p
banqueindochine,chalandage,1930_1944,1,guesde-p
banqueindochine,chalandageremorquageindochine,1930_1944,1,guesde-p
banqueindochine,comptoirsgenerauxindochine,1930_1944,1,guesde-p
banqueindochine,indochinefilmscinemas,1930_1944,1,guesde-p
banqueindochine,indochinoisecommerce,1930_1944,1,guesde-p
banqueindochine,leonblondeaux,1930_1944,1,guesde-p
banqueindochine,manufacturesindochinoisescigarettes,1930_1944,1,guesde-p
banqueindochine,messageriesfluvialescochinchine,1930_1944,1,guesde-p
banqueindochine,mimot,1930_1944,1,guesde-p
banqueindochine,plantationskantroioukantroy,1930_1944,1,guesde-p
banqueindochine,sacric,1930_1944,1,guesde-p
banqueindochine,saigonnaisenavigationtransport,1930_1944,1,guesde-p
banqueindochine,sicaf,1930_1944,1,guesde-p
banqueindochine,sucreriesraffineriesindochine,1930_1944,1,guesde-p
banqueindochine,unionelectriqueindochine,1930_1944,1,guesde-p
banqueindochine,urbainefonciereindochinoise,1930_1944,1,guesde-p
cafesindochine,chalandage,1930_1944,1,guesde-p
cafesindochine,chalandageremorquageindochine,1930_1944,1,guesde-p
cafesindochine,comptoirsgenerauxindochine,1930_1944,1,guesde-p
cafesindochine,creditfoncierindochine,1930_1944,1,guesde-p
cafesindochine,credithypothecaireindochine,1930_1944,1,guesde-p
cafesindochine,creditmobilierindochinois,1930_1944,1,guesde-p
cafesindochine,creditmobilierindochinoisexploitationmonts,1930_1944,1,guesde-p
cafesindochine,distilleriesindochine,1930_1944,1,guesde-p
cafesindochine,indochinefilmscinemas,1930_1944,1,guesde-p
cafesindochine,leonblondeaux,1930_1944,1,guesde-p
cafesindochine,manufacturesindochinoisescigarettes,1930_1944,1,guesde-p
cafesindochine,messageriesfluvialescochinchine,1930_1944,1,guesde-p
cafesindochine,mimot,1930_1944,1,guesde-p
cafesindochine,plantationskantroioukantroy,1930_1944,1,guesde-p
cafesindochine,sacric,1930_1944,1,guesde-p
cafesindochine,saigonnaisenavigationtransport,1930_1944,1,guesde-p
cafesindochine,sucreriesraffineriesindochine,1930_1944,1,guesde-p
cafesindochine,unionelectriqueindochine,1930_1944,1,guesde-p
cafesindochine,urbainefonciereindochinoise,1930_1944,1,guesde-p
chalandage,comptoirsgenerauxindochine,1930_1944,1,guesde-p
chalandage,creditfoncierindochine,1930_1944,1,guesde-p
chalandage,credithypothecaireindochine,1930_1944,1,guesde-p
chalandage,creditmobilierindochinois,1930_1944,1,guesde-p
chalandage,creditmobilierindochinoisexploitationmonts,1930_1944,1,guesde-p
chalandage,indochinefilmscinemas,1930_1944,1,guesde-p
chalandage,indochinoisecommerce,1930_1944,1,guesde-p
chalandage,leonblondeaux,1930_1944,1,guesde-p
chalandage,manufacturesindochinoisescigarettes,1930_1944,1,guesde-p
chalandage,messageriesfluvialescochinchine,1930_1944,1,guesde-p
chalandage,mimot,1930_1944,1,guesde-p
chalandage,plantationskantroioukantroy,1930_1944,1,guesde-p
chalandage,saigonnaisenavigationtransport,1930_1944,1,guesde-p
chalandage,sicaf,1930_1944,1,guesde-p
chalandage,sucreriesraffineriesindochine,1930_1944,1,guesde-p
chalandage,unionelectriqueindochine,1930_1944,1,guesde-p
chalandage,urbainefonciereindochinoise,1930_1944,1,guesde-p
chalandageremorquageindochine,comptoirsgenerauxindochine,1930_1944,1,guesde-p
chalandageremorquageindochine,creditfoncierindochine,1930_1944,1,guesde-p
chalandageremorquageindochine,credithypothecaireindochine,1930_1944,1,guesde-p
chalandageremorquageindochine,indochinefilmscinemas,1930_1944,1,guesde-p
chalandageremorquageindochine,indochinoisecommerce,1930_1944,1,guesde-p
chalandageremorquageindochine,leonblondeaux,1930_1944,1,guesde-p
chalandageremorquageindochine,manufacturesindochinoisescigarettes,1930_1944,1,guesde-p
chalandageremorquageindochine,messageriesfluvialescochinchine,1930_1944,1,guesde-p
chalandageremorquageindochine,mimot,1930_1944,1,guesde-p
chalandageremorquageindochine,plantationskantroioukantroy,1930_1944,1,guesde-p
chalandageremorquageindochine,saigonnaisenavigationtransport,1930_1944,1,guesde-p
chalandageremorquageindochine,sicaf,1930_1944,1,guesde-p
chalandageremorquageindochine,unionelectriqueindochine,1930_1944,1,guesde-p
chalandageremorquageindochine,urbainefonciereindochinoise,1930_1944,1,guesde-p
comptoirsgenerauxindochine,creditfoncierindochine,1930_1944,1,guesde-p
comptoirsgenerauxindochine,credithypothecaireindochine,1930_1944,1,guesde-p
comptoirsgenerauxindochine,creditmobilierindochinois,1930_1944,1,guesde-p
comptoirsgenerauxindochine,creditmobilierindochinoisexploitationmonts,1930_1944,1,guesde-p
comptoirsgenerauxindochine,distilleriesindochine,1930_1944,1,guesde-p
comptoirsgenerauxindochine,indochinefilmscinemas,1930_1944,1,guesde-p
comptoirsgenerauxindochine,leonblondeaux,1930_1944,1,guesde-p
comptoirsgenerauxindochine,manufacturesindochinoisescigarettes,1930_1944,1,guesde-p
comptoirsgenerauxindochine,messageriesfluvialescochinchine,1930_1944,1,guesde-p
comptoirsgenerauxindochine,mimot,1930_1944,1,guesde-p
comptoirsgenerauxindochine,plantationskantroioukantroy,1930_1944,1,guesde-p
comptoirsgenerauxindochine,sacric,1930_1944,1,guesde-p
comptoirsgenerauxindochine,sicaf,1930_1944,1,guesde-p
comptoirsgenerauxindochine,sucreriesraffineriesindochine,1930_1944,1,guesde-p
comptoirsgenerauxindochine,unionelectriqueindochine,1930_1944,1,guesde-p
creditfoncierindochine,indochinefilmscinemas,1930_1944,1,guesde-p
creditfoncierindochine,indochinoisecommerce,1930_1944,1,guesde-p
creditfoncierindochine,leonblondeaux,1930_1944,1,guesde-p
creditfoncierindochine,plantationskantroioukantroy,1930_1944,1,guesde-p
creditfoncierindochine,sicaf,1930_1944,1,guesde-p
creditfoncierindochine,unionelectriqueindochine,1930_1944,1,guesde-p
creditfoncierindochine,urbainefonciereindochinoise,1930_1944,1,guesde-p
credithypothecaireindochine,creditmobilierindochinois,1930_1944,1,guesde-p
credithypothecaireindochine,creditmobilierindochinoisexploitationmonts,1930_1944,1,guesde-p
credithypothecaireindochine,distilleriesindochine,1930_1944,1,guesde-p
credithypothecaireindochine,indochinefilmscinemas,1930_1944,1,guesde-p
credithypothecaireindochine,indochinoisecommerce,1930_1944,1,guesde-p
credithypothecaireindochine,plantationskantroioukantroy,1930_1944,1,guesde-p
credithypothecaireindochine,sicaf,1930_1944,1,guesde-p
credithypothecaireindochine,unionelectriqueindochine,1930_1944,1,guesde-p
credithypothecaireindochine,urbainefonciereindochinoise,1930_1944,1,guesde-p
creditmobilierindochinois,distilleriesindochine,1930_1944,1,guesde-p
creditmobilierindochinois,indochinefilmscinemas,1930_1944,1,guesde-p
creditmobilierindochinois,indochinoisecommerce,1930_1944,1,guesde-p
creditmobilierindochinois,leonblondeaux,1930_1944,1,guesde-p
creditmobilierindochinois,messageriesfluvialescochinchine,1930_1944,1,guesde-p
creditmobilierindochinois,mimot,1930_1944,1,guesde-p
creditmobilierindochinois,plantationskantroioukantroy,1930_1944,1,guesde-p
creditmobilierindochinois,saigonnaisenavigationtransport,1930_1944,1,guesde-p
creditmobilierindochinois,sicaf,1930_1944,1,guesde-p
creditmobilierindochinois,sucreriesraffineriesindochine,1930_1944,1,guesde-p
creditmobilierindochinois,unionelectriqueindochine,1930_1944,1,guesde-p
creditmobilierindochinois,urbainefonciereindochinoise,1930_1944,1,guesde-p
creditmobilierindochinoisexploitationmonts,distilleriesindochine,1930_1944,1,guesde-p
creditmobilierindochinoisexploitationmonts,indochinefilmscinemas,1930_1944,1,guesde-p
creditmobilierindochinoisexploitationmonts,indochinoisecommerce,1930_1944,1,guesde-p
creditmobilierindochinoisexploitationmonts,leonblondeaux,1930_1944,1,guesde-p
creditmobilierindochinoisexploitationmonts,messageriesfluvialescochinchine,1930_1944,1,guesde-p
creditmobilierindochinoisexploitationmonts,mimot,1930_1944,1,guesde-p
creditmobilierindochinoisexploitationmonts,plantationskantroioukantroy,1930_1944,1,guesde-p
creditmobilierindochinoisexploitationmonts,saigonnaisenavigationtransport,1930_1944,1,guesde-p
creditmobilierindochinoisexploitationmonts,sicaf,1930_1944,1,guesde-p
creditmobilierindochinoisexploitationmonts,sucreriesraffineriesindochine,1930_1944,1,guesde-p
creditmobilierindochinoisexploitationmonts,unionelectriqueindochine,1930_1944,1,guesde-p
creditmobilierindochinoisexploitationmonts,urbainefonciereindochinoise,1930_1944,1,guesde-p
distilleriesindochine,indochinefilmscinemas,1930_1944,1,guesde-p
distilleriesindochine,indochinoisecommerce,1930_1944,1,guesde-p
distilleriesindochine,leonblondeaux,1930_1944,1,guesde-p
distilleriesindochine,manufacturesindochinoisescigarettes,1930_1944,1,guesde-p
distilleriesindochine,messageriesfluvialescochinchine,1930_1944,1,guesde-p
distilleriesindochine,mimot,1930_1944,1,guesde-p
distilleriesindochine,plantationskantroioukantroy,1930_1944,1,guesde-p
distilleriesindochine,saigonnaisenavigationtransport,1930_1944,1,guesde-p
distilleriesindochine,sicaf,1930_1944,1,guesde-p
distilleriesindochine,sucreriesraffineriesindochine,1930_1944,1,guesde-p
distilleriesindochine,unionelectriqueindochine,1930_1944,1,guesde-p
distilleriesindochine,urbainefonciereindochinoise,1930_1944,1,guesde-p
indochinefilmscinemas,indochinoisecommerce,1930_1944,1,guesde-p
indochinefilmscinemas,leonblondeaux,1930_1944,1,guesde-p
indochinefilmscinemas,manufacturesindochinoisescigarettes,1930_1944,1,guesde-p
indochinefilmscinemas,messageriesfluvialescochinchine,1930_1944,1,guesde-p
indochinefilmscinemas,mimot,1930_1944,1,guesde-p
indochinefilmscinemas,plantationskantroioukantroy,1930_1944,1,guesde-p
indochinefilmscinemas,sacric,1930_1944,1,guesde-p
indochinefilmscinemas,saigonnaisenavigationtransport,1930_1944,1,guesde-p
indochinefilmscinemas,sicaf,1930_1944,1,guesde-p
indochinefilmscinemas,sucreriesraffineriesindochine,1930_1944,1,guesde-p
indochinefilmscinemas,unionelectriqueindochine,1930_1944,1,guesde-p
indochinefilmscinemas,urbainefonciereindochinoise,1930_1944,1,guesde-p
indochinoisecommerce,leonblondeaux,1930_1944,1,guesde-p
indochinoisecommerce,manufacturesindochinoisescigarettes,1930_1944,1,guesde-p
indochinoisecommerce,messageriesfluvialescochinchine,1930_1944,1,guesde-p
indochinoisecommerce,plantationskantroioukantroy,1930_1944,1,guesde-p
indochinoisecommerce,sacric,1930_1944,1,guesde-p
indochinoisecommerce,saigonnaisenavigationtransport,1930_1944,1,guesde-p
indochinoisecommerce,sucreriesraffineriesindochine,1930_1944,1,guesde-p
indochinoisecommerce,unionelectriqueindochine,1930_1944,1,guesde-p
indochinoisecommerce,urbainefonciereindochinoise,1930_1944,1,guesde-p
leonblondeaux,sacric,1930_1944,1,guesde-p
leonblondeaux,sicaf,1930_1944,1,guesde-p
leonblondeaux,sucreriesraffineriesindochine,1930_1944,1,guesde-p
leonblondeaux,unionelectriqueindochine,1930_1944,1,guesde-p
manufacturesindochinoisescigarettes,sacric,1930_1944,1,guesde-p
manufacturesindochinoisescigarettes,sicaf,1930_1944,1,guesde-p
manufacturesindochinoisescigarettes,sucreriesraffineriesindochine,1930_1944,1,guesde-p
manufacturesindochinoisescigarettes,unionelectriqueindochine,1930_1944,1,guesde-p
messageriesfluvialescochinchine,sacric,1930_1944,1,guesde-p
messageriesfluvialescochinchine,sicaf,1930_1944,1,guesde-p
messageriesfluvialescochinchine,sucreriesraffineriesindochine,1930_1944,1,guesde-p
messageriesfluvialescochinchine,unionelectriqueindochine,1930_1944,1,guesde-p
mimot,sacric,1930_1944,1,guesde-p
mimot,sucreriesraffineriesindochine,1930_1944,1,guesde-p
mimot,unionelectriqueindochine,1930_1944,1,guesde-p
plantationskantroioukantroy,sacric,1930_1944,1,guesde-p
plantationskantroioukantroy,sicaf,1930_1944,1,guesde-p
plantationskantroioukantroy,sucreriesraffineriesindochine,1930_1944,1,guesde-p
plantationskantroioukantroy,unionelectriqueindochine,1930_1944,1,guesde-p
sacric,saigonnaisenavigationtransport,1930_1944,1,guesde-p
sacric,sicaf,1930_1944,1,guesde-p
sacric,unionelectriqueindochine,1930_1944,1,guesde-p
sacric,urbainefonciereindochinoise,1930_1944,1,guesde-p
saigonnaisenavigationtransport,sicaf,1930_1944,1,guesde-p
saigonnaisenavigationtransport,sucreriesraffineriesindochine,1930_1944,1,guesde-p
saigonnaisenavigationtransport,unionelectriqueindochine,1930_1944,1,guesde-p
sicaf,sucreriesraffineriesindochine,1930_1944,1,guesde-p
sicaf,unionelectriqueindochine,1930_1944,1,guesde-p
sicaf,urbainefonciereindochinoise,1930_1944,1,guesde-p
sucreriesraffineriesindochine,unionelectriqueindochine,1930_1944,1,guesde-p
sucreriesraffineriesindochine,urbainefonciereindochinoise,1930_1944,1,guesde-p
unionelectriqueindochine,urbainefonciereindochinoise,1930_1944,1,guesde-p
agricoleindustriellethapmuoi,banqueindochine,1930_1944,1,gannay-p
agricoleindustriellethapmuoi,cochinchineimmobiliere,1930_1944,1,gannay-p
agricoleindustriellethapmuoi,creditmobilierindochinois,1930_1944,1,gannay-p
agricoleindustriellethapmuoi,creditmobilierindochinoisexploitationmonts,1930_1944,1,gannay-p
agricoleindustriellethapmuoi,foncieresaigonnaise,1930_1944,1,gannay-p
agricoleindustriellethapmuoi,immobilieresaigoncholon,1930_1944,1,gannay-p
banqueindochine,cochinchineimmobiliere,1930_1944,1,gannay-p
banqueindochine,foncieresaigonnaise,1930_1944,1,gannay-p
banqueindochine,immobilieresaigoncholon,1930_1944,1,gannay-p
cochinchineimmobiliere,creditmobilierindochinois,1930_1944,1,gannay-p
cochinchineimmobiliere,creditmobilierindochinoisexploitationmonts,1930_1944,1,gannay-p
cochinchineimmobiliere,foncieresaigonnaise,1930_1944,1,gannay-p
cochinchineimmobiliere,immobilieresaigoncholon,1930_1944,1,gannay-p
creditmobilierindochinois,immobilieresaigoncholon,1930_1944,1,gannay-p
creditmobilierindochinoisexploitationmonts,immobilieresaigoncholon,1930_1944,1,gannay-p
foncieresaigonnaise,immobilieresaigoncholon,1930_1944,1,gannay-p
banquefrancochinoisecommerceindustrie,distilleriesindochine,1930_1944,1,le-gallen-m
banquefrancochinoisecommerceindustrie,etainsindochine,1930_1944,1,le-gallen-m
distilleriesindochine,etainsindochine,1930_1944,1,le-gallen-m
distilleriesindochine,foncierecambodge,1930_1944,1,le-gallen-m
etainsindochine,foncierecambodge,1930_1944,1,le-gallen-m
banquefrancochinoisecommerceindustrie,eauxhanoi,1930_1944,1,carrere-g
banquefrancochinoisecommerceindustrie,exploitationetablissementsbrossardmopin,1930_1944,1,carrere-g
banquefrancochinoisecommerceindustrie,foncieretonkinannam,1930_1944,1,carrere-g
banquefrancochinoisecommerceindustrie,hydrauliqueasie,1930_1944,1,carrere-g
banquefrancochinoisecommerceindustrie,hydrauliqueasiesaigoncorr,1930_1944,1,carrere-g
banquefrancochinoisecommerceindustrie,sifa,1930_1944,1,carrere-g
banquefrancochinoisecommerceindustrie,socindochinoiseforestiereallumettes,1930_1944,1,carrere-g
caoutchoucsmekong,exploitationetablissementsbrossardmopin,1930_1944,1,carrere-g
caoutchoucsmekong,francoindochinoiseradiophoniecfi,1930_1944,1,carrere-g
caoutchoucsmekong,sifa,1930_1944,1,carrere-g
caoutchoucsmekong,socindochinoiseforestiereallumettes,1930_1944,1,carrere-g
caoutchoucsmekongprekkak,exploitationetablissementsbrossardmopin,1930_1944,1,carrere-g
caoutchoucsmekongprekkak,financiereindochine,1930_1944,1,carrere-g
caoutchoucsmekongprekkak,francoindochinoiseradiophoniecfi,1930_1944,1,carrere-g
caoutchoucsmekongprekkak,sifa,1930_1944,1,carrere-g
caoutchoucsmekongprekkak,socindochinoiseforestiereallumettes,1930_1944,1,carrere-g
eauxhanoi,exploitationetablissementsbrossardmopin,1930_1944,1,carrere-g
eauxhanoi,financiereindochine,1930_1944,1,carrere-g
eauxhanoi,foncierecambodge,1930_1944,1,carrere-g
eauxhanoi,francoindochinoiseradiophoniecfi,1930_1944,1,carrere-g
eauxhanoi,sifa,1930_1944,1,carrere-g
eauxhanoi,socindochinoiseforestiereallumettes,1930_1944,1,carrere-g
exploitationetablissementsbrossardmopin,hydrauliqueasie,1930_1944,1,carrere-g
exploitationetablissementsbrossardmopin,hydrauliqueasiesaigoncorr,1930_1944,1,carrere-g
foncierecambodge,hydrauliqueasie,1930_1944,1,carrere-g
foncierecambodge,hydrauliqueasiesaigoncorr,1930_1944,1,carrere-g
foncieretonkinannam,sifa,1930_1944,1,carrere-g
foncieretonkinannam,socindochinoiseforestiereallumettes,1930_1944,1,carrere-g
francoindochinoiseradiophoniecfi,hydrauliqueasie,1930_1944,1,carrere-g
francoindochinoiseradiophoniecfi,hydrauliqueasiesaigoncorr,1930_1944,1,carrere-g
francoindochinoiseradiophoniecfi,sifa,1930_1944,1,carrere-g
francoindochinoiseradiophoniecfi,socindochinoiseforestiereallumettes,1930_1944,1,carrere-g
hydrauliqueasie,sifa,1930_1944,1,carrere-g
hydrauliqueasie,socindochinoiseforestiereallumettes,1930_1944,1,carrere-g
hydrauliqueasiesaigoncorr,sifa,1930_1944,1,carrere-g
hydrauliqueasiesaigoncorr,socindochinoiseforestiereallumettes,1930_1944,1,carrere-g
banquefrancochinoisecommerceindustrie,cheminsferindochineyunnan,1930_1944,1,devies-m
banquefrancochinoisecommerceindustrie,kratie,1930_1944,1,devies-m
cheminsferindochineyunnan,kratie,1930_1944,1,devies-m
banquefrancochinoisecommerceindustrie,chalandage,1930_1944,1,grammont-m-maxime
banquefrancochinoisecommerceindustrie,chalandageremorquageindochine,1930_1944,1,grammont-m-maxime
banquefrancochinoisecommerceindustrie,forgesatelierschantiersindochine,1930_1944,1,grammont-m-maxime
banquefrancochinoisecommerceindustrie,immobilieresaigon,1930_1944,1,grammont-m-maxime
banquefrancochinoisecommerceindustrie,messageriesautomobilesnordannamlaos,1930_1944,1,grammont-m-maxime
chalandage,financiereindochine,1930_1944,1,grammont-m-maxime
chalandage,forgesatelierschantiersindochine,1930_1944,1,grammont-m-maxime
chalandage,francoindochinoiseradiophoniecfi,1930_1944,1,grammont-m-maxime
chalandage,immobilieresaigon,1930_1944,1,grammont-m-maxime
chalandage,messageriesautomobilesnordannamlaos,1930_1944,1,grammont-m-maxime
chalandageremorquageindochine,financiereindochine,1930_1944,1,grammont-m-maxime
chalandageremorquageindochine,forgesatelierschantiersindochine,1930_1944,1,grammont-m-maxime
chalandageremorquageindochine,francoindochinoiseradiophoniecfi,1930_1944,1,grammont-m-maxime
chalandageremorquageindochine,immobilieresaigon,1930_1944,1,grammont-m-maxime
chalandageremorquageindochine,messageriesautomobilesnordannamlaos,1930_1944,1,grammont-m-maxime
financiereindochine,forgesatelierschantiersindochine,1930_1944,1,grammont-m-maxime
financiereindochine,immobilieresaigon,1930_1944,1,grammont-m-maxime
financiereindochine,messageriesautomobilesnordannamlaos,1930_1944,1,grammont-m-maxime
forgesatelierschantiersindochine,francoindochinoiseradiophoniecfi,1930_1944,1,grammont-m-maxime
forgesatelierschantiersindochine,immobilieresaigon,1930_1944,1,grammont-m-maxime
forgesatelierschantiersindochine,messageriesautomobilesnordannamlaos,1930_1944,1,grammont-m-maxime
francoindochinoiseradiophoniecfi,immobilieresaigon,1930_1944,1,grammont-m-maxime
francoindochinoiseradiophoniecfi,messageriesautomobilesnordannamlaos,1930_1944,1,grammont-m-maxime
banqueindustriellechine,caoutchoucsmekong,1930_1944,1,mazet-e
banqueindustriellechine,caoutchoucsmekongprekkak,1930_1944,1,mazet-e
banqueindustriellechine,caoutchoucsmekongsaigonsoccap30,1930_1944,1,mazet-e
banqueindustriellechine,comptoirsgenerauxindochine,1930_1944,1,mazet-e
banqueindustriellechine,eauxhanoi,1930_1944,1,mazet-e
banqueindustriellechine,fonciereindochine,1930_1944,1,mazet-e
banqueindustriellechine,fonciererizicolesoctrang,1930_1944,1,mazet-e
banqueindustriellechine,foncieretonkinannam,1930_1944,1,mazet-e
banqueindustriellechine,hydrauliqueasie,1930_1944,1,mazet-e
banqueindustriellechine,hydrauliqueasiesaigoncorr,1930_1944,1,mazet-e
banqueindustriellechine,sicettemaisonavaitsaraisonsocialevieux,1930_1944,1,mazet-e
banqueindustriellechine,urbainefonciereindochinoise,1930_1944,1,mazet-e
caoutchoucsmekong,comptoirsgenerauxindochine,1930_1944,1,mazet-e
caoutchoucsmekong,fonciererizicolesoctrang,1930_1944,1,mazet-e
caoutchoucsmekong,sicettemaisonavaitsaraisonsocialevieux,1930_1944,1,mazet-e
caoutchoucsmekong,urbainefonciereindochinoise,1930_1944,1,mazet-e
caoutchoucsmekongprekkak,comptoirsgenerauxindochine,1930_1944,1,mazet-e
caoutchoucsmekongprekkak,fonciererizicolesoctrang,1930_1944,1,mazet-e
caoutchoucsmekongprekkak,sicettemaisonavaitsaraisonsocialevieux,1930_1944,1,mazet-e
caoutchoucsmekongprekkak,urbainefonciereindochinoise,1930_1944,1,mazet-e
caoutchoucsmekongsaigonsoccap30,comptoirsgenerauxindochine,1930_1944,1,mazet-e
caoutchoucsmekongsaigonsoccap30,fonciererizicolesoctrang,1930_1944,1,mazet-e
caoutchoucsmekongsaigonsoccap30,sicettemaisonavaitsaraisonsocialevieux,1930_1944,1,mazet-e
caoutchoucsmekongsaigonsoccap30,urbainefonciereindochinoise,1930_1944,1,mazet-e
comptoirsgenerauxindochine,fonciereindochine,1930_1944,1,mazet-e
comptoirsgenerauxindochine,hydrauliqueasie,1930_1944,1,mazet-e
comptoirsgenerauxindochine,hydrauliqueasiesaigoncorr,1930_1944,1,mazet-e
fonciereindochine,sicettemaisonavaitsaraisonsocialevieux,1930_1944,1,mazet-e
fonciererizicolesoctrang,hydrauliqueasie,1930_1944,1,mazet-e
fonciererizicolesoctrang,hydrauliqueasiesaigoncorr,1930_1944,1,mazet-e
hydrauliqueasie,sicettemaisonavaitsaraisonsocialevieux,1930_1944,1,mazet-e
hydrauliqueasie,urbainefonciereindochinoise,1930_1944,1,mazet-e
hydrauliqueasiesaigoncorr,sicettemaisonavaitsaraisonsocialevieux,1930_1944,1,mazet-e
hydrauliqueasiesaigoncorr,urbainefonciereindochinoise,1930_1944,1,mazet-e
creditfoncierindochine,fermiereetainsextremeorient,1930_1944,1,thion-de-la-chaume-r-rene
creditfoncierindochine,indochinoiseelectricite,1930_1944,1,thion-de-la-chaume-r-rene
creditfoncierindochine,minieremetallurgiqueindochine,1930_1944,1,thion-de-la-chaume-r-rene
creditfoncierindochine,voiesferreeslocninhcentreindochinois,1930_1944,1,thion-de-la-chaume-r-rene
distilleriesindochine,fermiereetainsextremeorient,1930_1944,1,thion-de-la-chaume-r-rene
distilleriesindochine,hautsplateauxindochinois,1930_1944,1,thion-de-la-chaume-r-rene
distilleriesindochine,minieremetallurgiqueindochine,1930_1944,1,thion-de-la-chaume-r-rene
fermiereetainsextremeorient,hautsplateauxindochinois,1930_1944,1,thion-de-la-chaume-r-rene
fermiereetainsextremeorient,indochinoiseelectricite,1930_1944,1,thion-de-la-chaume-r-rene
fermiereetainsextremeorient,minieremetallurgiqueindochine,1930_1944,1,thion-de-la-chaume-r-rene
fermiereetainsextremeorient,voiesferreeslocninhcentreindochinois,1930_1944,1,thion-de-la-chaume-r-rene
hautsplateauxindochinois,indochinoiseelectricite,1930_1944,1,thion-de-la-chaume-r-rene
hautsplateauxindochinois,minieremetallurgiqueindochine,1930_1944,1,thion-de-la-chaume-r-rene
hautsplateauxindochinois,voiesferreeslocninhcentreindochinois,1930_1944,1,thion-de-la-chaume-r-rene
indochinoiseelectricite,minieremetallurgiqueindochine,1930_1944,1,thion-de-la-chaume-r-rene
indochinoiseelectricite,voiesferreeslocninhcentreindochinois,1930_1944,1,thion-de-la-chaume-r-rene
minieremetallurgiqueindochine,voiesferreeslocninhcentreindochinois,1930_1944,1,thion-de-la-chaume-r-rene
creditfoncierindochine,heveastayninh,1930_1944,1,daroussin-j
creditfoncierindochine,plantationsheveasxuanloc,1930_1944,1,daroussin-j
credithypothecaireindochine,heveastayninh,1930_1944,1,daroussin-j
credithypothecaireindochine,plantationsheveasxuanloc,1930_1944,1,daroussin-j
creditfoncierindochine,verreriesextremeorient,1930_1944,1,giscard-d-estaing-e
credithypothecaireindochine,verreriesextremeorient,1930_1944,1,giscard-d-estaing-e
sacric,verreriesextremeorient,1930_1944,1,giscard-d-estaing-e
agricoleindustriellecamtiem,bienhoaindustrielleforestiere,1930_1944,1,launay-l
agricoleindustriellecamtiem,caoutchoucsdonai,1930_1944,1,launay-l
agricoleindustriellecamtiem,creditfoncierindochine,1930_1944,1,launay-l
agricoleindustriellecamtiem,hautsplateauxindochinois,1930_1944,1,launay-l
agricoleindustriellecamtiem,indochinoiseplantationsheveas,1930_1944,1,launay-l
agricoleindustriellecamtiem,plantationsloc,1930_1944,1,launay-l
bienhoaindustrielleforestiere,commercenavigationextremeorient,1930_1944,1,launay-l
bienhoaindustrielleforestiere,creditfoncierindochine,1930_1944,1,launay-l
bienhoaindustrielleforestiere,hautsplateauxindochinois,1930_1944,1,launay-l
caoutchoucsdonai,ccneo,1930_1944,1,launay-l
caoutchoucsdonai,commercenavigationextremeorient,1930_1944,1,launay-l
caoutchoucsdonai,creditfoncierindochine,1930_1944,1,launay-l
caoutchoucsdonai,hautsplateauxindochinois,1930_1944,1,launay-l
caoutchoucsdonai,plantationsloc,1930_1944,1,launay-l
ccneo,creditfoncierindochine,1930_1944,1,launay-l
commercenavigationextremeorient,creditfoncierindochine,1930_1944,1,launay-l
creditfoncierindochine,indochinoiseplantationsheveas,1930_1944,1,launay-l
creditfoncierindochine,plantationsloc,1930_1944,1,launay-l
hautsplateauxindochinois,plantationsloc,1930_1944,1,launay-l
brasseriesglacieresindochine,creditfoncierindochine,1930_1944,1,palanque-l
brasseriesglacieresindochine,immobilierefoncierefranceindochine,1930_1944,1,palanque-l
creditfoncierindochine,immobilierefoncierefranceindochine,1930_1944,1,palanque-l
creditfoncierindochine,indochinoiseeauxelectriciteannam,1930_1944,1,palanque-l
immobilierefoncierefranceindochine,indochinoiseeauxelectriciteannam,1930_1944,1,palanque-l
creditfoncierindochine,financiereindochine,1930_1944,1,vigne-j
creditfoncierindochine,tuileriesindochine,1930_1944,1,vigne-j
creditfoncierindochine,unioncommercialeindochinoiseafricaine,1930_1944,1,vigne-j
financiereindochine,tuileriesindochine,1930_1944,1,vigne-j
financiereindochine,unioncommercialeindochinoiseafricaine,1930_1944,1,vigne-j
tuileriesindochine,unioncommercialeindochinoiseafricaine,1930_1944,1,vigne-j
credithypothecaireindochine,eauxhanoi,1930_1944,1,bussy-a
creditmobilierindochinois,kratie,1930_1944,1,agabriel-l
creditmobilierindochinoisexploitationmonts,kratie,1930_1944,1,agabriel-l
fiduciaireindochine,foncieresaigonnaise,1930_1944,1,boudon-r-robert
foncieresaigonnaise,ufeo,1930_1944,1,boudon-r-robert
chalandageremorquageindochine,colonialeeclairageenergie,1930_1944,1,bernard-p
chalandageremorquageindochine,commercialethesindochinois,1930_1944,1,bernard-p
chalandageremorquageindochine,etablissementsdelignon,1930_1944,1,bernard-p
chalandageremorquageindochine,foncieretonkinannam,1930_1944,1,bernard-p
chalandageremorquageindochine,optorg,1930_1944,1,bernard-p
colonialeeclairageenergie,commercialethesindochinois,1930_1944,1,bernard-p
colonialeeclairageenergie,creditmobilierindochinois,1930_1944,1,bernard-p
colonialeeclairageenergie,creditmobilierindochinoisexploitationmonts,1930_1944,1,bernard-p
colonialeeclairageenergie,foncieretonkinannam,1930_1944,1,bernard-p
colonialeeclairageenergie,optorg,1930_1944,1,bernard-p
colonialeeclairageenergie,sacric,1930_1944,1,bernard-p
commercialethesindochinois,creditmobilierindochinois,1930_1944,1,bernard-p
commercialethesindochinois,creditmobilierindochinoisexploitationmonts,1930_1944,1,bernard-p
commercialethesindochinois,etablissementsdelignon,1930_1944,1,bernard-p
commercialethesindochinois,foncieretonkinannam,1930_1944,1,bernard-p
commercialethesindochinois,optorg,1930_1944,1,bernard-p
commercialethesindochinois,sacric,1930_1944,1,bernard-p
creditmobilierindochinois,etablissementsdelignon,1930_1944,1,bernard-p
creditmobilierindochinois,foncieretonkinannam,1930_1944,1,bernard-p
creditmobilierindochinois,optorg,1930_1944,1,bernard-p
creditmobilierindochinoisexploitationmonts,etablissementsdelignon,1930_1944,1,bernard-p
creditmobilierindochinoisexploitationmonts,foncieretonkinannam,1930_1944,1,bernard-p
creditmobilierindochinoisexploitationmonts,optorg,1930_1944,1,bernard-p
etablissementsdelignon,foncieretonkinannam,1930_1944,1,bernard-p
etablissementsdelignon,optorg,1930_1944,1,bernard-p
etablissementsdelignon,sacric,1930_1944,1,bernard-p
foncieretonkinannam,optorg,1930_1944,1,bernard-p
foncieretonkinannam,sacric,1930_1944,1,bernard-p
optorg,sacric,1930_1944,1,bernard-p
caoutchoucsdonai,creditmobilierindochinois,1930_1944,1,de-chambure-h
caoutchoucsdonai,creditmobilierindochinoisexploitationmonts,1930_1944,1,de-chambure-h
agricoleindustriellebencui,caoutchoucsphuochoa,1930_1944,1,laurent-j-jean
agricoleindustriellebencui,creditfoncierindochine,1930_1944,1,laurent-j-jean
agricoleindustriellebencui,creditmobilierindochinois,1930_1944,1,laurent-j-jean
agricoleindustriellebencui,creditmobilierindochinoisexploitationmonts,1930_1944,1,laurent-j-jean
agricoleindustriellebencui,eauxhanoi,1930_1944,1,laurent-j-jean
agricoleindustriellebencui,manufacturesindochinoisescigarettes,1930_1944,1,laurent-j-jean
agricoleindustriellebencui,plantationsheveaspreckchlongouprekchlong,1930_1944,1,laurent-j-jean
caoutchoucskompongthom,caoutchoucsphuochoa,1930_1944,1,laurent-j-jean
caoutchoucskompongthom,creditfoncierindochine,1930_1944,1,laurent-j-jean
caoutchoucskompongthom,creditmobilierindochinois,1930_1944,1,laurent-j-jean
caoutchoucskompongthom,creditmobilierindochinoisexploitationmonts,1930_1944,1,laurent-j-jean
caoutchoucskompongthom,eauxhanoi,1930_1944,1,laurent-j-jean
caoutchoucskompongthom,plantationsheveaspreckchlongouprekchlong,1930_1944,1,laurent-j-jean
caoutchoucsphuochoa,creditfoncierindochine,1930_1944,1,laurent-j-jean
caoutchoucsphuochoa,creditmobilierindochinois,1930_1944,1,laurent-j-jean
caoutchoucsphuochoa,creditmobilierindochinoisexploitationmonts,1930_1944,1,laurent-j-jean
caoutchoucsphuochoa,eauxhanoi,1930_1944,1,laurent-j-jean
caoutchoucsphuochoa,manufacturesindochinoisescigarettes,1930_1944,1,laurent-j-jean
caoutchoucsphuochoa,plantationsheveaspreckchlongouprekchlong,1930_1944,1,laurent-j-jean
creditfoncierindochine,eauxhanoi,1930_1944,1,laurent-j-jean
creditfoncierindochine,plantationsheveaspreckchlongouprekchlong,1930_1944,1,laurent-j-jean
creditmobilierindochinois,eauxhanoi,1930_1944,1,laurent-j-jean
creditmobilierindochinois,plantationsheveaspreckchlongouprekchlong,1930_1944,1,laurent-j-jean
creditmobilierindochinoisexploitationmonts,eauxhanoi,1930_1944,1,laurent-j-jean
creditmobilierindochinoisexploitationmonts,plantationsheveaspreckchlongouprekchlong,1930_1944,1,laurent-j-jean
eauxhanoi,manufacturesindochinoisescigarettes,1930_1944,1,laurent-j-jean
eauxhanoi,plantationsheveaspreckchlongouprekchlong,1930_1944,1,laurent-j-jean
creditmobilierindochinois,plantationshautdonnai,1930_1944,1,nouailhetas-a
creditmobilierindochinoisexploitationmonts,plantationshautdonnai,1930_1944,1,nouailhetas-a
credithypothecaireindochine,exploitationetablissementsbrossardmopin,1930_1944,1,bussy-a-andre
credithypothecaireindochine,financiereindochine,1930_1944,1,bussy-a-andre
credithypothecaireindochine,foncierecambodge,1930_1944,1,bussy-a-andre
credithypothecaireindochine,francoindochinoiseradiophoniecfi,1930_1944,1,bussy-a-andre
credithypothecaireindochine,rizicolebattambangourizicolebattambang,1930_1944,1,bussy-a-andre
exploitationetablissementsbrossardmopin,rizicolebattambangourizicolebattambang,1930_1944,1,bussy-a-andre
financiereindochine,rizicolebattambangourizicolebattambang,1930_1944,1,bussy-a-andre
foncierecambodge,rizicolebattambangourizicolebattambang,1930_1944,1,bussy-a-andre
francoindochinoiseradiophoniecfi,rizicolebattambangourizicolebattambang,1930_1944,1,bussy-a-andre
agricolethescafeskontum,hydrauliqueasie,1930_1944,1,legrand-r
agricolethescafeskontum,hydrauliqueasiesaigoncorr,1930_1944,1,legrand-r
caoutchoucsmekongsaigonsoccap30,financiereindochine,1930_1944,1,legrand-r
agricolethescafeskontum,exploitationetablissementsbrossardmopin,1930_1944,1,maspero-g
agricolethescafeskontum,foncierecambodge,1930_1944,1,maspero-g
agricolethescafeskontum,sifa,1930_1944,1,maspero-g
agricolethescafeskontum,socindochinoiseforestiereallumettes,1930_1944,1,maspero-g
agricolethescafeskontum,unionelectriqueindochine,1930_1944,1,maspero-g
exploitationetablissementsbrossardmopin,unionelectriqueindochine,1930_1944,1,maspero-g
financiereindochine,unionelectriqueindochine,1930_1944,1,maspero-g
sifa,unionelectriqueindochine,1930_1944,1,maspero-g
socindochinoiseforestiereallumettes,unionelectriqueindochine,1930_1944,1,maspero-g
brasseriesglacieresindochine,cotiereannam,1930_1944,1,denis-e-etienne
brasseriesglacieresindochine,denisfreresbordeaux,1930_1944,1,denis-e-etienne
brasseriesglacieresindochine,denisfreresindochine,1930_1944,1,denis-e-etienne
brasseriesglacieresindochine,fiduciaireindochine,1930_1944,1,denis-e-etienne
cotiereannam,fiduciaireindochine,1930_1944,1,denis-e-etienne
cotiereannam,francoindochinoise,1930_1944,1,denis-e-etienne
cotiereannam,indochinoiseeauxelectriciteannam,1930_1944,1,denis-e-etienne
cotiereannam,indochinoiseequipementindustriel,1930_1944,1,denis-e-etienne
cotiereannam,ufeo,1930_1944,1,denis-e-etienne
denisfreresbordeaux,fiduciaireindochine,1930_1944,1,denis-e-etienne
denisfreresbordeaux,indochinoiseeauxelectriciteannam,1930_1944,1,denis-e-etienne
denisfreresbordeaux,indochinoiseequipementindustriel,1930_1944,1,denis-e-etienne
denisfreresbordeaux,ufeo,1930_1944,1,denis-e-etienne
denisfreresindochine,fiduciaireindochine,1930_1944,1,denis-e-etienne
denisfreresindochine,indochinoiseeauxelectriciteannam,1930_1944,1,denis-e-etienne
denisfreresindochine,indochinoiseequipementindustriel,1930_1944,1,denis-e-etienne
denisfreresindochine,ufeo,1930_1944,1,denis-e-etienne
fiduciaireindochine,francoindochinoise,1930_1944,1,denis-e-etienne
fiduciaireindochine,indochinoiseeauxelectriciteannam,1930_1944,1,denis-e-etienne
fiduciaireindochine,indochinoiseequipementindustriel,1930_1944,1,denis-e-etienne
indochinoiseequipementindustriel,ufeo,1930_1944,1,denis-e-etienne
kratie,plantationshautdonnai,1930_1944,1,hadengue-y
colonialetabacs,commercialethesindochinois,1930_1944,1,rueff-g
colonialetabacs,conducteurelectriqueblindeincombustible,1930_1944,1,rueff-g
colonialetabacs,fabricationcaoutchouc,1930_1944,1,rueff-g
colonialetabacs,leonblondeaux,1930_1944,1,rueff-g
colonialetabacs,manufacturesindochinoisescigarettes,1930_1944,1,rueff-g
colonialetabacs,messageriesfluvialescochinchine,1930_1944,1,rueff-g
colonialetabacs,mimot,1930_1944,1,rueff-g
colonialetabacs,plantationsheveaspreckchlongouprekchlong,1930_1944,1,rueff-g
colonialetabacs,plantationskantroioukantroy,1930_1944,1,rueff-g
colonialetabacs,saigonnaisenavigationtransport,1930_1944,1,rueff-g
colonialetabacs,urbainefonciereindochinoise,1930_1944,1,rueff-g
commercialethesindochinois,conducteurelectriqueblindeincombustible,1930_1944,1,rueff-g
commercialethesindochinois,fabricationcaoutchouc,1930_1944,1,rueff-g
commercialethesindochinois,plantationsheveaspreckchlongouprekchlong,1930_1944,1,rueff-g
commercialethesindochinois,plantationskantroioukantroy,1930_1944,1,rueff-g
commercialethesindochinois,saigonnaisenavigationtransport,1930_1944,1,rueff-g
commercialethesindochinois,urbainefonciereindochinoise,1930_1944,1,rueff-g
conducteurelectriqueblindeincombustible,fabricationcaoutchouc,1930_1944,1,rueff-g
conducteurelectriqueblindeincombustible,leonblondeaux,1930_1944,1,rueff-g
conducteurelectriqueblindeincombustible,manufacturesindochinoisescigarettes,1930_1944,1,rueff-g
conducteurelectriqueblindeincombustible,messageriesfluvialescochinchine,1930_1944,1,rueff-g
conducteurelectriqueblindeincombustible,mimot,1930_1944,1,rueff-g
conducteurelectriqueblindeincombustible,plantationsheveaspreckchlongouprekchlong,1930_1944,1,rueff-g
conducteurelectriqueblindeincombustible,plantationskantroioukantroy,1930_1944,1,rueff-g
conducteurelectriqueblindeincombustible,saigonnaisenavigationtransport,1930_1944,1,rueff-g
conducteurelectriqueblindeincombustible,urbainefonciereindochinoise,1930_1944,1,rueff-g
fabricationcaoutchouc,leonblondeaux,1930_1944,1,rueff-g
fabricationcaoutchouc,manufacturesindochinoisescigarettes,1930_1944,1,rueff-g
fabricationcaoutchouc,plantationsheveaspreckchlongouprekchlong,1930_1944,1,rueff-g
fabricationcaoutchouc,plantationskantroioukantroy,1930_1944,1,rueff-g
fabricationcaoutchouc,urbainefonciereindochinoise,1930_1944,1,rueff-g
leonblondeaux,plantationsheveaspreckchlongouprekchlong,1930_1944,1,rueff-g
messageriesfluvialescochinchine,plantationsheveaspreckchlongouprekchlong,1930_1944,1,rueff-g
mimot,plantationsheveaspreckchlongouprekchlong,1930_1944,1,rueff-g
plantationsheveaspreckchlongouprekchlong,plantationskantroioukantroy,1930_1944,1,rueff-g
plantationsheveaspreckchlongouprekchlong,urbainefonciereindochinoise,1930_1944,1,rueff-g
agricoleindustriellecamtiem,chauxhydrauliqueslangtho,1930_1944,1,boyaval-l
agricoleindustriellecamtiem,commerceexportationindochine,1930_1944,1,boyaval-l
agricoleindustriellecamtiem,distilleriesindochine,1930_1944,1,boyaval-l
agricoleindustriellecamtiem,socchauxhydrauliqueslangtho,1930_1944,1,boyaval-l
agricoleindustriellecamtiem,verreriesextremeorient,1930_1944,1,boyaval-l
chauxhydrauliqueslangtho,commerceexportationindochine,1930_1944,1,boyaval-l
chauxhydrauliqueslangtho,verreriesextremeorient,1930_1944,1,boyaval-l
commerceexportationindochine,distilleriesindochine,1930_1944,1,boyaval-l
commerceexportationindochine,socchauxhydrauliqueslangtho,1930_1944,1,boyaval-l
commerceexportationindochine,verreriesextremeorient,1930_1944,1,boyaval-l
distilleriesindochine,verreriesextremeorient,1930_1944,1,boyaval-l
socchauxhydrauliqueslangtho,verreriesextremeorient,1930_1944,1,boyaval-l
agricoleindustriellethapmuoi,commercenavigationextremeorient,1930_1944,1,lis-a
agricoleindustriellethapmuoi,indochinoiseplantationsheveas,1930_1944,1,lis-a
commerceexportationindochine,indochinoiseplantationsheveas,1930_1944,1,lis-a
agricoleindustriellethapmuoi,granindo,1930_1944,1,de-ligondes-h
commerceexportationindochine,granindo,1930_1944,1,de-ligondes-h
agricoleindustriellebencui,ccneo,1930_1944,1,arnaud-de-vogue
agricoleindustriellebencui,commerceexportationindochine,1930_1944,1,arnaud-de-vogue
agricoleindustriellebencui,commercenavigationextremeorient,1930_1944,1,arnaud-de-vogue
agricoleindustriellebencui,hautsplateauxindochinois,1930_1944,1,arnaud-de-vogue
agricoleindustriellebencui,indochinoisecommerce,1930_1944,1,arnaud-de-vogue
agricoleindustriellebencui,sicaf,1930_1944,1,arnaud-de-vogue
caoutchoucskompongthom,ccneo,1930_1944,1,arnaud-de-vogue
caoutchoucskompongthom,commerceexportationindochine,1930_1944,1,arnaud-de-vogue
caoutchoucskompongthom,commercenavigationextremeorient,1930_1944,1,arnaud-de-vogue
caoutchoucskompongthom,indochinoisecommerce,1930_1944,1,arnaud-de-vogue
caoutchoucskompongthom,sicaf,1930_1944,1,arnaud-de-vogue
ccneo,commerceexportationindochine,1930_1944,1,arnaud-de-vogue
ccneo,indochinoisecommerce,1930_1944,1,arnaud-de-vogue
ccneo,sicaf,1930_1944,1,arnaud-de-vogue
commerceexportationindochine,indochinoisecommerce,1930_1944,1,arnaud-de-vogue
commerceexportationindochine,sicaf,1930_1944,1,arnaud-de-vogue
commercenavigationextremeorient,indochinoisecommerce,1930_1944,1,arnaud-de-vogue
commercenavigationextremeorient,sicaf,1930_1944,1,arnaud-de-vogue
hautsplateauxindochinois,indochinoisecommerce,1930_1944,1,arnaud-de-vogue
hautsplateauxindochinois,sicaf,1930_1944,1,arnaud-de-vogue
ccneo,forestieremekong,1930_1944,1,hoffet-h
commercenavigationextremeorient,forestieremekong,1930_1944,1,hoffet-h
forestieremekong,indochinoiseplantationsheveas,1930_1944,1,hoffet-h
forestieremekong,plantationsloc,1930_1944,1,hoffet-h
brasseriesglacieresindochine,constructionsmecaniques,1930_1944,1,le-bret-j
brasseriesglacieresindochine,etudesengraisazotesindochinechuteda,1930_1944,1,le-bret-j
brasseriesglacieresindochine,inchange,1930_1944,1,le-bret-j
brasseriesglacieresindochine,minieremetallurgiqueindochine,1930_1944,1,le-bret-j
brasseriesglacieresindochine,minieremetallurgiqueindochinemineschodienfonderiezincquangyen,1930_1944,1,le-bret-j
brasseriesglacieresindochine,socminesetainhauttonkin,1930_1944,1,le-bret-j
constructionsmecaniques,etudesengraisazotesindochinechuteda,1930_1944,1,le-bret-j
constructionsmecaniques,francoindochinoise,1930_1944,1,le-bret-j
constructionsmecaniques,inchange,1930_1944,1,le-bret-j
constructionsmecaniques,indochinoiseequipementindustriel,1930_1944,1,le-bret-j
constructionsmecaniques,minieremetallurgiqueindochine,1930_1944,1,le-bret-j
constructionsmecaniques,minieremetallurgiqueindochinemineschodienfonderiezincquangyen,1930_1944,1,le-bret-j
constructionsmecaniques,socminesetainhauttonkin,1930_1944,1,le-bret-j
etudesengraisazotesindochinechuteda,francoindochinoise,1930_1944,1,le-bret-j
etudesengraisazotesindochinechuteda,inchange,1930_1944,1,le-bret-j
etudesengraisazotesindochinechuteda,indochinoiseeauxelectriciteannam,1930_1944,1,le-bret-j
etudesengraisazotesindochinechuteda,indochinoiseequipementindustriel,1930_1944,1,le-bret-j
etudesengraisazotesindochinechuteda,minieremetallurgiqueindochine,1930_1944,1,le-bret-j
etudesengraisazotesindochinechuteda,minieremetallurgiqueindochinemineschodienfonderiezincquangyen,1930_1944,1,le-bret-j
etudesengraisazotesindochinechuteda,socminesetainhauttonkin,1930_1944,1,le-bret-j
francoindochinoise,minieremetallurgiqueindochine,1930_1944,1,le-bret-j
francoindochinoise,minieremetallurgiqueindochinemineschodienfonderiezincquangyen,1930_1944,1,le-bret-j
francoindochinoise,socminesetainhauttonkin,1930_1944,1,le-bret-j
inchange,indochinoiseequipementindustriel,1930_1944,1,le-bret-j
inchange,minieremetallurgiqueindochine,1930_1944,1,le-bret-j
inchange,minieremetallurgiqueindochinemineschodienfonderiezincquangyen,1930_1944,1,le-bret-j
inchange,socminesetainhauttonkin,1930_1944,1,le-bret-j
indochinoiseeauxelectriciteannam,minieremetallurgiqueindochine,1930_1944,1,le-bret-j
indochinoiseeauxelectriciteannam,minieremetallurgiqueindochinemineschodienfonderiezincquangyen,1930_1944,1,le-bret-j
indochinoiseeauxelectriciteannam,socminesetainhauttonkin,1930_1944,1,le-bret-j
indochinoiseequipementindustriel,minieremetallurgiqueindochine,1930_1944,1,le-bret-j
indochinoiseequipementindustriel,minieremetallurgiqueindochinemineschodienfonderiezincquangyen,1930_1944,1,le-bret-j
indochinoiseequipementindustriel,socminesetainhauttonkin,1930_1944,1,le-bret-j
denisfreresbordeaux,inchange,1930_1944,1,rousseau-h
denisfreresindochine,inchange,1930_1944,1,rousseau-h
boismine,comptoirscharbonnagesindochinois,1930_1944,1,varenne-g
charbonnagesdongtrieu,comptoirscharbonnagesindochinois,1930_1944,1,varenne-g
cotiereannam,rizindochinedenisfreres,1930_1944,1,de-ferry-f
etablissementsbainierindochineautohall,immobilierenhabe,1930_1944,1,bainier-e
etablissementsbainierindochineautohall,immobilierenhabenhabeounhabe,1930_1944,1,bainier-e
etablissementsbainierindochineautohall,indochinoisecommerce,1930_1944,1,berquet-o
etablissementsbainierindochineautohall,plantationsterresrouges,1930_1944,1,berquet-o
indochinoisecommerce,plantationsterresrouges,1930_1944,1,berquet-o
etablissementsbainierindochineautohall,fonciereimmobilierechihoa,1930_1944,1,guyonnet-a
comptoirsgenerauxindochine,fonciereimmobilierechihoa,1930_1944,1,mazet-j
comptoirsgenerauxindochine,rizicolebattambangourizicolebattambang,1930_1944,1,mazet-j
eauxhanoi,fonciereimmobilierechihoa,1930_1944,1,mazet-j
eauxhanoi,rizicolebattambangourizicolebattambang,1930_1944,1,mazet-j
fonciereimmobilierechihoa,rizicolebattambangourizicolebattambang,1930_1944,1,mazet-j
fonciereimmobilierechihoa,sicettemaisonavaitsaraisonsocialevieux,1930_1944,1,mazet-j
fonciereimmobilierechihoa,urbainefonciereindochinoise,1930_1944,1,mazet-j
rizicolebattambangourizicolebattambang,sicettemaisonavaitsaraisonsocialevieux,1930_1944,1,mazet-j
rizicolebattambangourizicolebattambang,urbainefonciereindochinoise,1930_1944,1,mazet-j
cambodge,eauxhanoi,1930_1944,1,blanchard-p
cambodge,fonciererizicolesoctrang,1930_1944,1,blanchard-p
cambodge,foncieretonkinannam,1930_1944,1,blanchard-p
cambodge,plantationsterresrouges,1930_1944,1,blanchard-p
caoutchoucspadang,eauxhanoi,1930_1944,1,blanchard-p
caoutchoucspadang,fonciererizicolesoctrang,1930_1944,1,blanchard-p
caoutchoucspadang,foncieretonkinannam,1930_1944,1,blanchard-p
eauxhanoi,plantationsterresrouges,1930_1944,1,blanchard-p
eauxhanoi,plantationsterresrougesheveasquanloicafeiersheveasjava,1930_1944,1,blanchard-p
fonciererizicolesoctrang,plantationsterresrouges,1930_1944,1,blanchard-p
fonciererizicolesoctrang,plantationsterresrougesheveasquanloicafeiersheveasjava,1930_1944,1,blanchard-p
foncieretonkinannam,plantationsterresrouges,1930_1944,1,blanchard-p
foncieretonkinannam,plantationsterresrougesheveasquanloicafeiersheveasjava,1930_1944,1,blanchard-p
assurancefranceindochine,eauxhanoi,1930_1944,1,audren-de-kerdrel
assurancefranceindochine,foncieretonkinannam,1930_1944,1,audren-de-kerdrel
agricolethescafeskontum,eauxhanoi,1930_1944,1,petithuguenin-p
agricolethescafeskontum,fonciereindochine,1930_1944,1,petithuguenin-p
agricolethescafeskontum,saigonnaisenavigationtransport,1930_1944,1,petithuguenin-p
caoutchoucsmekong,saigonnaisenavigationtransport,1930_1944,1,petithuguenin-p
caoutchoucsmekongprekkak,saigonnaisenavigationtransport,1930_1944,1,petithuguenin-p
caoutchoucsmekongsaigonsoccap30,saigonnaisenavigationtransport,1930_1944,1,petithuguenin-p
eauxhanoi,saigonnaisenavigationtransport,1930_1944,1,petithuguenin-p
fonciereindochine,saigonnaisenavigationtransport,1930_1944,1,petithuguenin-p
foncieretonkinannam,saigonnaisenavigationtransport,1930_1944,1,petithuguenin-p
eauxelectriciteindochine,energieelectriqueindochinoise,1930_1944,1,dervieu-p
etudesengraisazotesindochinechuteda,tramwaysdonai,1930_1944,1,perrin
agricolethescafeskontum,forestiereindochinoise,1930_1944,1,caffort-l
agricolethescafeskontum,francoindochinoiseradiophoniecfi,1930_1944,1,caffort-l
agricolethescafeskontum,minieresudannam,1930_1944,1,caffort-l
agricolethescafeskontum,urbainefonciereindochinoise,1930_1944,1,caffort-l
caoutchoucsphuochoa,forestiereindochinoise,1930_1944,1,caffort-l
caoutchoucsphuochoa,francoindochinoiseradiophoniecfi,1930_1944,1,caffort-l
caoutchoucsphuochoa,minieresudannam,1930_1944,1,caffort-l
caoutchoucsphuochoa,urbainefonciereindochinoise,1930_1944,1,caffort-l
forestiereindochinoise,francoindochinoiseradiophoniecfi,1930_1944,1,caffort-l
forestiereindochinoise,minieresudannam,1930_1944,1,caffort-l
forestiereindochinoise,urbainefonciereindochinoise,1930_1944,1,caffort-l
francoindochinoiseradiophoniecfi,minieresudannam,1930_1944,1,caffort-l
francoindochinoiseradiophoniecfi,urbainefonciereindochinoise,1930_1944,1,caffort-l
minieresudannam,urbainefonciereindochinoise,1930_1944,1,caffort-l
etablissementsdelignon,soiesfranceindochine,1930_1944,1,delignon-l
soiesfranceindochine,tsanhhaptsaofreres,1930_1944,1,cotte-a
darlac,gommelaquejb,1930_1944,1,incertains-r
darlac,soiesfranceindochine,1930_1944,1,incertains-r
gommelaquejb,soiesfranceindochine,1930_1944,1,incertains-r
francoannamitetabacs,immobilierefoncierefranceindochine,1930_1944,1,boy-landry-j
immobilierefoncierefranceindochine,plantationsboyganbar,1930_1944,1,boy-landry-j
ccneo,etainswolframtonkin,1930_1944,1,bardoux-j
ccneo,indochinoisemetallurgie,1930_1944,1,bardoux-j
indochinoisemetallurgie,socetainscammon,1930_1944,1,bardoux-j
etainswolframtonkin,minesetainhauttonkin,1930_1944,1,humann-e
indochinoisemetallurgie,minesetainhauttonkin,1930_1944,1,humann-e
etainscammon,minesoroutremer,1930_1944,1,brard-r
exploitationetainswolframpiaouac,fermiereetainsextremeorient,1930_1944,1,brard-r
exploitationetainswolframpiaouac,minesoroutremer,1930_1944,1,brard-r
exploitationsetainswolframpiaouac,fermiereetainsextremeorient,1930_1944,1,brard-r
exploitationsetainswolframpiaouac,minesoroutremer,1930_1944,1,brard-r
indochinoisemetallurgie,minesoroutremer,1930_1944,1,brard-r
etainspiaouac,exploitationetainswolframpiaouac,1930_1944,1,ramonatxo
etainspiaouac,exploitationsetainswolframpiaouac,1930_1944,1,ramonatxo
charbonnagestuyenquang,etainspiaouac,1930_1944,1,barondeau-g
charbonnagestuyenquang,tuyauxagglomerescentrifugesindochine,1930_1944,1,barondeau-g
etainspiaouac,idem1937,1930_1944,1,barondeau-g
etainspiaouac,sauvage,1930_1944,1,barondeau-g
etainspiaouac,tuyauxagglomerescentrifugesindochine,1930_1944,1,barondeau-g
idem1937,tuyauxagglomerescentrifugesindochine,1930_1944,1,barondeau-g
exploitationetainswolframpiaouac,socetainscammon,1930_1944,1,petin-h
exploitationsetainswolframpiaouac,socetainscammon,1930_1944,1,petin-h
agricolethescafeskontum,forgesatelierschantiersindochine,1930_1944,1,caffort-l-leon
indochinefilmscinemas,prospection,1930_1944,1,fuyet-a
foncieretonkinannam,indochinefilmscinemas,1930_1944,1,langlois-m
foncieretonkinannam,indochinephonoradio,1930_1944,1,langlois-m
foncieretonkinannam,indochinoisemessageriesautomobiles,1930_1944,1,langlois-m
indochinefilmscinemas,indochinephonoradio,1930_1944,1,langlois-m
indochinefilmscinemas,indochinoisemessageriesautomobiles,1930_1944,1,langlois-m
indochinefilmscinemas,rizicolebattambangourizicolebattambang,1930_1944,1,langlois-m
caoutchoucskompongthom,commercialethesindochinois,1930_1944,1,laurent-j
caoutchoucskompongthom,credithypothecaireindochine,1930_1944,1,laurent-j
caoutchoucskompongthom,immobilieresaigoncholon,1930_1944,1,laurent-j
caoutchoucskompongthom,indochinoiseplantationsheveas,1930_1944,1,laurent-j
caoutchoucskompongthom,leonblondeaux,1930_1944,1,laurent-j
caoutchoucskompongthom,messageriesfluvialescochinchine,1930_1944,1,laurent-j
caoutchoucskompongthom,sifa,1930_1944,1,laurent-j
commercialethesindochinois,credithypothecaireindochine,1930_1944,1,laurent-j
commercialethesindochinois,immobilieresaigoncholon,1930_1944,1,laurent-j
commercialethesindochinois,indochinoiseplantationsheveas,1930_1944,1,laurent-j
commercialethesindochinois,sifa,1930_1944,1,laurent-j
credithypothecaireindochine,immobilieresaigoncholon,1930_1944,1,laurent-j
credithypothecaireindochine,indochinoiseplantationsheveas,1930_1944,1,laurent-j
credithypothecaireindochine,sifa,1930_1944,1,laurent-j
immobilieresaigoncholon,indochinoiseplantationsheveas,1930_1944,1,laurent-j
immobilieresaigoncholon,leonblondeaux,1930_1944,1,laurent-j
immobilieresaigoncholon,manufacturesindochinoisescigarettes,1930_1944,1,laurent-j
immobilieresaigoncholon,messageriesfluvialescochinchine,1930_1944,1,laurent-j
immobilieresaigoncholon,mimot,1930_1944,1,laurent-j
immobilieresaigoncholon,sifa,1930_1944,1,laurent-j
indochinoiseplantationsheveas,leonblondeaux,1930_1944,1,laurent-j
indochinoiseplantationsheveas,manufacturesindochinoisescigarettes,1930_1944,1,laurent-j
indochinoiseplantationsheveas,messageriesfluvialescochinchine,1930_1944,1,laurent-j
indochinoiseplantationsheveas,sifa,1930_1944,1,laurent-j
leonblondeaux,sifa,1930_1944,1,laurent-j
manufacturesindochinoisescigarettes,sifa,1930_1944,1,laurent-j
messageriesfluvialescochinchine,sifa,1930_1944,1,laurent-j
mimot,sifa,1930_1944,1,laurent-j
indochinoiseelectricite,manufacturesindochinoisescigarettes,1930_1944,1,pfeiffer-e
indochinoiseelectricite,saigonnaisenavigationtransport,1930_1944,1,pfeiffer-e
minesornamkok,unionminiereindochinoise,1930_1944,1,coupard-c
charbonnagesalongdongdang,etainsindochine,1930_1944,1,gautheron-c
charbonnagesalongdongdang,minesoroutremer,1930_1944,1,gautheron-c
etainsindochine,foncieretonkinannam,1930_1944,1,gautheron-c
foncieretonkinannam,minesoroutremer,1930_1944,1,gautheron-c
agricoleforestiereyenmy,minesoroutremer,1930_1944,1,dandolo-m
minesoroutremer,socgenconstructionsmecaniques,1930_1944,1,faure-beaulieu-b
etainsindochine,etainswolframtonkin,1930_1944,1,de-lafaulotte-a-alexandre
grandstravauxextremeorient,minesoroutremer,1930_1944,1,worms-e
minesoroutremer,rizeriesextremeorient,1930_1944,1,worms-e
chalandageremorquageindochine,indochinoiseplantations,1930_1944,1,mathee-r
chalandageremorquageindochine,terresrougesthanhhoa,1930_1944,1,mathee-r
indochinoiseplantations,terresrougesthanhhoa,1930_1944,1,mathee-r
constructionsmecaniques,sauvage,1930_1944,1,forest
colonialeeclairageenergie,indochinoiseculturestropicales,1930_1944,1,toche-c
colonialeeclairageenergie,papeteriesindochine,1930_1944,1,toche-c
etablissementsdelignon,indochinoiseculturestropicales,1930_1944,1,toche-c
etablissementsdelignon,papeteriesindochine,1930_1944,1,toche-c
caoutchoucsmekong,indochinephonoradio,1930_1944,1,langlois
caoutchoucsmekong,indochinoisemessageriesautomobiles,1930_1944,1,langlois
caoutchoucsmekong,messageriesautomobilesnordannamlaos,1930_1944,1,langlois
caoutchoucsmekongsaigonsoccap30,indochinephonoradio,1930_1944,1,langlois
caoutchoucsmekongsaigonsoccap30,indochinoisemessageriesautomobiles,1930_1944,1,langlois
caoutchoucsmekongsaigonsoccap30,messageriesautomobilesnordannamlaos,1930_1944,1,langlois
indochinephonoradio,messageriesautomobilesnordannamlaos,1930_1944,1,langlois
indochinoisemessageriesautomobiles,indochinoiseterresrougesannam,1930_1944,1,chatot-j
indochinoiseterresrougesannam,messageriesautomobilesnordannamlaos,1930_1944,1,chatot-j
messageriesautomobilesnordannamlaos,urbainefonciereindochinoise,1930_1944,1,sellier-p
caoutchoucsindochinelocninh,chalandage,1930_1944,1,homberg-o
caoutchoucsindochinelocninh,chalandageremorquageindochine,1930_1944,1,homberg-o
caoutchoucsindochinelocninh,distilleriesindochine,1930_1944,1,homberg-o
caoutchoucsindochinelocninh,energieelectriqueindochinoise,1930_1944,1,homberg-o
caoutchoucsindochinelocninh,entreprisesdragagestravauxpublics,1930_1944,1,homberg-o
caoutchoucsindochinelocninh,phosphatestonkin,1930_1944,1,homberg-o
caoutchoucsindochinelocninh,sacric,1930_1944,1,homberg-o
caoutchoucsindochinelocninh,socindochinoiseculturestropicales,1930_1944,1,homberg-o
caoutchoucsindochinelocninh,socphosphatestonkin,1930_1944,1,homberg-o
caoutchoucsindochinelocninh,voiesferreeslocninhcentreindochinois,1930_1944,1,homberg-o
chalandage,entreprisesdragagestravauxpublics,1930_1944,1,homberg-o
chalandage,papeteriesindochine,1930_1944,1,homberg-o
chalandage,phosphatestonkin,1930_1944,1,homberg-o
chalandage,soccaoutchoucindochine,1930_1944,1,homberg-o
chalandage,socphosphatestonkin,1930_1944,1,homberg-o
chalandage,voiesferreeslocninhcentreindochinois,1930_1944,1,homberg-o
chalandageremorquageindochine,entreprisesdragagestravauxpublics,1930_1944,1,homberg-o
chalandageremorquageindochine,papeteriesindochine,1930_1944,1,homberg-o
chalandageremorquageindochine,phosphatestonkin,1930_1944,1,homberg-o
chalandageremorquageindochine,soccaoutchoucindochine,1930_1944,1,homberg-o
chalandageremorquageindochine,socphosphatestonkin,1930_1944,1,homberg-o
chalandageremorquageindochine,voiesferreeslocninhcentreindochinois,1930_1944,1,homberg-o
distilleriesindochine,energieelectriqueindochinoise,1930_1944,1,homberg-o
distilleriesindochine,indochinoiseculturestropicales,1930_1944,1,homberg-o
distilleriesindochine,papeteriesindochine,1930_1944,1,homberg-o
distilleriesindochine,phosphatestonkin,1930_1944,1,homberg-o
distilleriesindochine,soccaoutchoucindochine,1930_1944,1,homberg-o
distilleriesindochine,socindochinoiseculturestropicales,1930_1944,1,homberg-o
distilleriesindochine,socphosphatestonkin,1930_1944,1,homberg-o
energieelectriqueindochinoise,entreprisesdragagestravauxpublics,1930_1944,1,homberg-o
energieelectriqueindochinoise,papeteriesindochine,1930_1944,1,homberg-o
energieelectriqueindochinoise,phosphatestonkin,1930_1944,1,homberg-o
energieelectriqueindochinoise,soccaoutchoucindochine,1930_1944,1,homberg-o
energieelectriqueindochinoise,socphosphatestonkin,1930_1944,1,homberg-o
energieelectriqueindochinoise,voiesferreeslocninhcentreindochinois,1930_1944,1,homberg-o
entreprisesdragagestravauxpublics,papeteriesindochine,1930_1944,1,homberg-o
entreprisesdragagestravauxpublics,phosphatestonkin,1930_1944,1,homberg-o
entreprisesdragagestravauxpublics,sacric,1930_1944,1,homberg-o
entreprisesdragagestravauxpublics,soccaoutchoucindochine,1930_1944,1,homberg-o
entreprisesdragagestravauxpublics,socindochinoiseculturestropicales,1930_1944,1,homberg-o
entreprisesdragagestravauxpublics,socphosphatestonkin,1930_1944,1,homberg-o
indochinoiseculturestropicales,phosphatestonkin,1930_1944,1,homberg-o
indochinoiseculturestropicales,socphosphatestonkin,1930_1944,1,homberg-o
indochinoiseculturestropicales,voiesferreeslocninhcentreindochinois,1930_1944,1,homberg-o
papeteriesindochine,phosphatestonkin,1930_1944,1,homberg-o
papeteriesindochine,sacric,1930_1944,1,homberg-o
papeteriesindochine,socphosphatestonkin,1930_1944,1,homberg-o
papeteriesindochine,voiesferreeslocninhcentreindochinois,1930_1944,1,homberg-o
phosphatestonkin,sacric,1930_1944,1,homberg-o
phosphatestonkin,soccaoutchoucindochine,1930_1944,1,homberg-o
phosphatestonkin,socindochinoiseculturestropicales,1930_1944,1,homberg-o
phosphatestonkin,voiesferreeslocninhcentreindochinois,1930_1944,1,homberg-o
sacric,soccaoutchoucindochine,1930_1944,1,homberg-o
sacric,socphosphatestonkin,1930_1944,1,homberg-o
sacric,voiesferreeslocninhcentreindochinois,1930_1944,1,homberg-o
soccaoutchoucindochine,socindochinoiseculturestropicales,1930_1944,1,homberg-o
soccaoutchoucindochine,socphosphatestonkin,1930_1944,1,homberg-o
soccaoutchoucindochine,voiesferreeslocninhcentreindochinois,1930_1944,1,homberg-o
socindochinoiseculturestropicales,socphosphatestonkin,1930_1944,1,homberg-o
socindochinoiseculturestropicales,voiesferreeslocninhcentreindochinois,1930_1944,1,homberg-o
socphosphatestonkin,voiesferreeslocninhcentreindochinois,1930_1944,1,homberg-o
indochinoiseculturestropicales,indochinoisepyrotechnie,1930_1944,1,bouvier-r
indochinoisepyrotechnie,papeteriesindochine,1930_1944,1,bouvier-r
indochinoisepyrotechnie,socindochinoiseculturestropicales,1930_1944,1,bouvier-r
indochinoisepyrotechnie,sucreriesraffineriesindochine,1930_1944,1,bouvier-r
indochinoisepyrotechnie,verreriesextremeorient,1930_1944,1,bouvier-r
papeteriesindochine,sucreriesraffineriesindochine,1930_1944,1,bouvier-r
papeteriesindochine,verreriesextremeorient,1930_1944,1,bouvier-r
socindochinoiseculturestropicales,sucreriesraffineriesindochine,1930_1944,1,bouvier-r
socindochinoiseculturestropicales,verreriesextremeorient,1930_1944,1,bouvier-r
caoutchoucsindochinelocninh,socpapeteriesindochine,1930_1944,1,clerc-l
soccaoutchoucindochine,socpapeteriesindochine,1930_1944,1,clerc-l
charbonnagestuyenquang,terresrougesthanhhoa,1930_1944,1,chretien-a
charbonnagestuyenquang,unionimmobilierefinanciereindochine,1930_1944,1,chretien-a
idem1937,terresrougesthanhhoa,1930_1944,1,chretien-a
idem1937,unionimmobilierefinanciereindochine,1930_1944,1,chretien-a
terresrougesthanhhoa,unionimmobilierefinanciereindochine,1930_1944,1,chretien-a
cimentsportlandartificielsindochine,socchauxhydrauliqueslangtho,1930_1944,1,perpignani-n
colonialeeclairageenergie,kratie,1930_1944,1,lhomme-r
colonialeeclairageenergie,plantationskratiecambodge,1930_1944,1,lhomme-r
colonialeeclairageenergie,entreprisesdragagestravauxpublics,1930_1944,1,rigal-j
constructionslevalloisperret,grandstravauxextremeorient,1930_1944,1,reich-h
constructionslevalloisperret,heveastayninh,1930_1944,1,reich-h
grandstravauxextremeorient,heveastayninh,1930_1944,1,reich-h
ccneo,ufeo,1930_1944,1,bonnardel-j
ccneo,unionfinanciereextremeorient,1930_1944,1,bonnardel-j
etainscammon,unionfinanciereextremeorient,1930_1944,1,bonnardel-j
fermiereetainsextremeorient,ufeo,1930_1944,1,bonnardel-j
fermiereetainsextremeorient,unionfinanciereextremeorient,1930_1944,1,bonnardel-j
socetainscammon,unionfinanciereextremeorient,1930_1944,1,bonnardel-j
etainscammon,etainsindochine,1930_1944,1,dubost-l
etainscammon,etudesengraisazotesindochinechuteda,1930_1944,1,de-solages-c
etainscammon,etudesexploitationsminieresindochine,1930_1944,1,de-solages-c
etudesengraisazotesindochinechuteda,socetainscammon,1930_1944,1,de-solages-c
etudesexploitationsminieresindochine,socetainscammon,1930_1944,1,de-solages-c
etudes,etudesengraisazotesindochinechuteda,1930_1944,1,brame-p
etudes,immobilierelaos,1930_1944,1,brame-p
immobilierelaos,socetudesexploitationsminieresindochine,1930_1944,1,brame-p
commercialefrancochinoise,exploitationetablissementsbrossardmopin,1930_1944,1,lasseigne-l
commercialefrancochinoise,fonciereimmobilierechihoa,1930_1944,1,lasseigne-l
commercialefrancochinoise,fonciereindochine,1930_1944,1,lasseigne-l
commercialefrancochinoise,foncieretonkinannam,1930_1944,1,lasseigne-l
commercialefrancochinoise,forestiereindochinoise,1930_1944,1,lasseigne-l
commercialefrancochinoise,immobilieresaigon,1930_1944,1,lasseigne-l
commercialefrancochinoise,messageriesautomobilesnordannamlaos,1930_1944,1,lasseigne-l
commercialefrancochinoise,omniumindochinois,1930_1944,1,lasseigne-l
commercialefrancochinoise,thidoirizieresindochine,1930_1944,1,lasseigne-l
exploitationetablissementsbrossardmopin,fonciereimmobilierechihoa,1930_1944,1,lasseigne-l
exploitationetablissementsbrossardmopin,fonciereindochine,1930_1944,1,lasseigne-l
exploitationetablissementsbrossardmopin,forestiereindochinoise,1930_1944,1,lasseigne-l
exploitationetablissementsbrossardmopin,immobilieresaigon,1930_1944,1,lasseigne-l
exploitationetablissementsbrossardmopin,messageriesautomobilesnordannamlaos,1930_1944,1,lasseigne-l
exploitationetablissementsbrossardmopin,omniumindochinois,1930_1944,1,lasseigne-l
exploitationetablissementsbrossardmopin,thidoirizieresindochine,1930_1944,1,lasseigne-l
fonciereimmobilierechihoa,forestiereindochinoise,1930_1944,1,lasseigne-l
fonciereimmobilierechihoa,immobilieresaigon,1930_1944,1,lasseigne-l
fonciereimmobilierechihoa,omniumindochinois,1930_1944,1,lasseigne-l
fonciereindochine,forestiereindochinoise,1930_1944,1,lasseigne-l
fonciereindochine,immobilieresaigon,1930_1944,1,lasseigne-l
fonciereindochine,messageriesautomobilesnordannamlaos,1930_1944,1,lasseigne-l
fonciereindochine,omniumindochinois,1930_1944,1,lasseigne-l
foncieretonkinannam,forestiereindochinoise,1930_1944,1,lasseigne-l
foncieretonkinannam,immobilieresaigon,1930_1944,1,lasseigne-l
foncieretonkinannam,omniumindochinois,1930_1944,1,lasseigne-l
foncieretonkinannam,thidoirizieresindochine,1930_1944,1,lasseigne-l
forestiereindochinoise,immobilieresaigon,1930_1944,1,lasseigne-l
forestiereindochinoise,messageriesautomobilesnordannamlaos,1930_1944,1,lasseigne-l
forestiereindochinoise,omniumindochinois,1930_1944,1,lasseigne-l
forestiereindochinoise,thidoirizieresindochine,1930_1944,1,lasseigne-l
immobilieresaigon,omniumindochinois,1930_1944,1,lasseigne-l
immobilieresaigon,thidoirizieresindochine,1930_1944,1,lasseigne-l
messageriesautomobilesnordannamlaos,thidoirizieresindochine,1930_1944,1,lasseigne-l
omniumindochinois,thidoirizieresindochine,1930_1944,1,lasseigne-l
distilleriesindochine,exploitationetainswolframpiaouac,1930_1944,1,monguillot-m
distilleriesindochine,exploitationsetainswolframpiaouac,1930_1944,1,monguillot-m
agricolethanhtuyha,foncierecambodge,1930_1944,1,bonniel-a
caoutchoucschamcarlu,caoutchoucsphuochoa,1930_1944,1,labbe-j
caoutchoucsphuochoa,foncierecambodge,1930_1944,1,labbe-j
caoutchoucsphuochoa,unionelectriqueindochine,1930_1944,1,labbe-j
caoutchoucschamcarlu,caoutchoucskompongthom,1930_1944,1,outrey-e
caoutchoucschamcarlu,caoutchoucsmekong,1930_1944,1,outrey-e
caoutchoucschamcarlu,caoutchoucsmekongprekkak,1930_1944,1,outrey-e
caoutchoucschamcarlu,caoutchoucsmekongsaigonsoccap30,1930_1944,1,outrey-e
caoutchoucschamcarlu,heveastayninh,1930_1944,1,outrey-e
caoutchoucskompongthom,caoutchoucsmekong,1930_1944,1,outrey-e
caoutchoucskompongthom,caoutchoucsmekongprekkak,1930_1944,1,outrey-e
caoutchoucskompongthom,caoutchoucsmekongsaigonsoccap30,1930_1944,1,outrey-e
caoutchoucskompongthom,foncierecambodge,1930_1944,1,outrey-e
caoutchoucskompongthom,heveastayninh,1930_1944,1,outrey-e
caoutchoucskompongthom,unionelectriqueindochine,1930_1944,1,outrey-e
caoutchoucsmekong,heveastayninh,1930_1944,1,outrey-e
caoutchoucsmekong,unionelectriqueindochine,1930_1944,1,outrey-e
caoutchoucsmekongprekkak,heveastayninh,1930_1944,1,outrey-e
caoutchoucsmekongprekkak,unionelectriqueindochine,1930_1944,1,outrey-e
caoutchoucsmekongsaigonsoccap30,foncierecambodge,1930_1944,1,outrey-e
caoutchoucsmekongsaigonsoccap30,heveastayninh,1930_1944,1,outrey-e
caoutchoucsmekongsaigonsoccap30,unionelectriqueindochine,1930_1944,1,outrey-e
foncierecambodge,heveastayninh,1930_1944,1,outrey-e
heveastayninh,unionelectriqueindochine,1930_1944,1,outrey-e
foncieresaigonnaise,plantationshautdonnai,1930_1944,1,haasz-f
agricolethescafeskontum,fonciereimmobilierechihoa,1930_1944,1,grammont
agricolethescafeskontum,messageriesautomobilesnordannamlaos,1930_1944,1,grammont
caoutchoucsphuochoa,fonciereimmobilierechihoa,1930_1944,1,grammont
caoutchoucsphuochoa,foncieretonkinannam,1930_1944,1,grammont
caoutchoucsphuochoa,messageriesautomobilesnordannamlaos,1930_1944,1,grammont
filteriesindochine,foncieretonkinannam,1930_1944,1,perroud
foncieretonkinannam,vidangesbouagestonkin,1930_1944,1,lacollonge-c
boismine,chalandage,1930_1944,1,dong-dang
boismine,foncieretonkinannam,1930_1944,1,dong-dang
chalandage,foncieretonkinannam,1930_1944,1,dong-dang
banqueindochine,charbonnagestonkin,1930_1944,1,thelier-h
entreprisesdragagestravauxpublics,saigonnaisenavigationtransport,1930_1944,1,ader-h
saigonnaisenavigationtransport,voiesferreeslocninhcentreindochinois,1930_1944,1,ader-h
caoutchoucsphuochoa,prospection,1930_1944,1,garcin-f
commercialeindochine,fonciereindochine,1930_1944,1,ville-e
commercialeindochine,immobiliereportsaigon,1930_1944,1,ville-e
commercialeindochine,urbainefonciereindochinoise,1930_1944,1,ville-e
disponible,fonciereindochine,1930_1944,1,ville-e
disponible,urbainefonciereindochinoise,1930_1944,1,ville-e
fonciereindochine,grandstravauxextremeorient,1930_1944,1,ville-e
fonciereindochine,immobiliereportsaigon,1930_1944,1,ville-e
fonciereindochine,rizeriesextremeorient,1930_1944,1,ville-e
fonciereindochine,rizeriesindochinoises,1930_1944,1,ville-e
grandstravauxextremeorient,immobiliereportsaigon,1930_1944,1,ville-e
grandstravauxextremeorient,urbainefonciereindochinoise,1930_1944,1,ville-e
immobiliereportsaigon,rizeriesindochinoises,1930_1944,1,ville-e
immobiliereportsaigon,urbainefonciereindochinoise,1930_1944,1,ville-e
rizeriesextremeorient,urbainefonciereindochinoise,1930_1944,1,ville-e
rizeriesindochinoises,urbainefonciereindochinoise,1930_1944,1,ville-e
comptoirsgenerauxindochine,forgesatelierschantiersindochine,1930_1944,1,jacque-l
comptoirsgenerauxindochine,grandstravauxextremeorient,1930_1944,1,jacque-l
comptoirsgenerauxindochine,plantationsheveaspreckchlongouprekchlong,1930_1944,1,jacque-l
forgesatelierschantiersindochine,grandstravauxextremeorient,1930_1944,1,jacque-l
forgesatelierschantiersindochine,plantationsheveaspreckchlongouprekchlong,1930_1944,1,jacque-l
forgesatelierschantiersindochine,saigonnaisenavigationtransport,1930_1944,1,jacque-l
grandstravauxextremeorient,plantationsheveaspreckchlongouprekchlong,1930_1944,1,jacque-l
grandstravauxextremeorient,saigonnaisenavigationtransport,1930_1944,1,jacque-l
foncierecambodge,grandstravauxextremeorient,1930_1944,1,cremazy-a
francoannamitetabacs,immobilierenhabe,1930_1944,1,gantier-c
francoannamitetabacs,minieresudannam,1930_1944,1,gantier-c
immobilierenhabe,minieresudannam,1930_1944,1,gantier-c
immobilierenhabenhabeounhabe,minieresudannam,1930_1944,1,gantier-c
charbonnages,immobilierenhabe,1930_1944,1,marsot-v
immobilierenhabe,indochinoisecharbonnagesminesmetalliques,1930_1944,1,marsot-v
brasseriesglacieresindochine,caoutchoucskompongthom,1930_1944,1,de-laboulaye-e
brasseriesglacieresindochine,plantationskantroioukantroy,1930_1944,1,de-laboulaye-e
caoutchoucskompongthom,indochinoiseeauxelectriciteannam,1930_1944,1,de-laboulaye-e
caoutchoucskompongthom,ufeo,1930_1944,1,de-laboulaye-e
indochinoiseeauxelectriciteannam,plantationskantroioukantroy,1930_1944,1,de-laboulaye-e
plantationskantroioukantroy,ufeo,1930_1944,1,de-laboulaye-e
energieelectriqueindochinoise,hydrauliqueasiesaigoncorr,1930_1944,1,teissier-du-cros-e
hydrauliqueasie,indochinoiseelectricite,1930_1944,1,teissier-du-cros-e
hydrauliqueasiesaigoncorr,indochinoiseelectricite,1930_1944,1,teissier-du-cros-e
creditfoncierindochine,fabricationcaoutchouc,1930_1944,1,bernard-f
creditfoncierindochine,oxygeneacetyleneextremeorient,1930_1944,1,bernard-f
credithypothecaireindochine,fabricationcaoutchouc,1930_1944,1,bernard-f
credithypothecaireindochine,oxygeneacetyleneextremeorient,1930_1944,1,bernard-f
fabricationcaoutchouc,indochinoiseculturestropicales,1930_1944,1,bernard-f
fabricationcaoutchouc,oxygeneacetyleneextremeorient,1930_1944,1,bernard-f
indochinoiseculturestropicales,messageriesfluvialescochinchine,1930_1944,1,bernard-f
indochinoiseculturestropicales,mimot,1930_1944,1,bernard-f
indochinoiseculturestropicales,oxygeneacetyleneextremeorient,1930_1944,1,bernard-f
indochinoiseculturestropicales,saigonnaisenavigationtransport,1930_1944,1,bernard-f
messageriesfluvialescochinchine,oxygeneacetyleneextremeorient,1930_1944,1,bernard-f
mimot,oxygeneacetyleneextremeorient,1930_1944,1,bernard-f
oxygeneacetyleneextremeorient,saigonnaisenavigationtransport,1930_1944,1,bernard-f
agricoleindustriellethapmuoi,frigorifiquesindochine,1930_1944,1,martini-a
frigorifiquesindochine,hautsplateauxindochinois,1930_1944,1,martini-a
comptoirsgenerauxindochine,industrielleboisfibres,1930_1944,1,duchateau-r
indochinoisecommerce,industrielleboisfibres,1930_1944,1,duchateau-r
immobilierenhabenhabeounhabe,plantationsboygambar,1930_1944,1,bainier
fonciererizicolesoctrang,francoindochinoisecommissionexportation,1930_1944,1,beyssac-c
francoindochinoisecommissionexportation,thidoirizieresindochine,1930_1944,1,beyssac-c
foncieregiadinh,thidoirizieresindochine,1930_1944,1,heurtaux-g
heveastayninh,sicettemaisonavaitsaraisonsocialevieux,1930_1944,1,guery-j
commercialefrancochinoise,etablissementsbersetcyclesindochine,1930_1944,1,berset-l
tallard,tsanhhaptsaofreres,1930_1944,1,cao-bang-l
minieremetallurgiqueindochinemineschodienfonderiezincquangyen,recherchesredevances,1930_1944,1,bault-g
recherchesredevances,socminesetainhauttonkin,1930_1944,1,bault-g
electriqueminiereindochinoise,tsanhhaptsaofreres,1930_1944,1,dilhan-p
annamitecredit,tsanhhaptsaofreres,1930_1944,1,nguyen-van-thinh
salinessudannam,terresrougesthanhhoa,1930_1944,1,riz
terresrougesthanhhoa,tsanhhaptsaofreres,1930_1944,1,riz
agricoleforestiereyenmy,yenmynordannam,1930_1944,1,bona-r
indochinoiseterresrougesannam,thesselectionnesindochine,1930_1944,1,guerrier-g
indochinoiseeauxelectriciteannam,transportsautomobilesreunisindochine,1930_1944,1,morin-w
salinessudannam,transportsautomobilesreunisindochine,1930_1944,1,phanrang
algerienneindochinoisetabacs,francoannamitetabacs,1930_1944,1,boy-landry-e
algerienneindochinoisetabacs,immobilierenhabenhabeounhabe,1930_1944,1,boy-landry-e
algerienneindochinoisetabacs,plantationsboyganbar,1930_1944,1,boy-landry-e
immobilierenhabenhabeounhabe,plantationsboyganbar,1930_1944,1,boy-landry-e
agricolesudindochinoise,sifa,1930_1944,1,mahe-g
agricolesudindochinoise,socindochinoiseforestiereallumettes,1930_1944,1,mahe-g
gommelaquejb,socindochinoiseforestiereallumettes,1930_1944,1,mange-f
caoutchoucsindochinelocninh,sucreriesraffineriesindochine,1930_1944,1,fauconnier-h
soccaoutchoucindochine,sucreriesraffineriesindochine,1930_1944,1,fauconnier-h
agricolesudindochinoise,chalandage,1930_1944,1,simoni-p
agricolesudindochinoise,chalandageremorquageindochine,1930_1944,1,simoni-p
agricolesudindochinoise,energieelectriqueindochinoise,1930_1944,1,simoni-p
agricolesudindochinoise,indochinoiseculturestropicales,1930_1944,1,simoni-p
agricolesudindochinoise,sacric,1930_1944,1,simoni-p
agricolesudindochinoise,socindochinoiseculturestropicales,1930_1944,1,simoni-p
chalandage,tuyauxagglomerescentrifugesindochine,1930_1944,1,daurelle-r
chalandageremorquageindochine,tuyauxagglomerescentrifugesindochine,1930_1944,1,daurelle-r
charbonnagesdongtrieu,minieremetallurgiqueindochinemineschodienfonderiezincquangyen,1930_1944,1,vincent-a
minieremetallurgiqueindochinemineschodienfonderiezincquangyen,soccharbonnagesdongtrieu,1930_1944,1,vincent-a
charbonnages,charbonnagesdongtrieu,1930_1944,1,merigeault-e
charbonnages,soccharbonnagesdongtrieu,1930_1944,1,merigeault-e
charbonnages,socminesetainhauttonkin,1930_1944,1,merigeault-e
charbonnagesdongtrieu,indochinoisecharbonnagesminesmetalliques,1930_1944,1,merigeault-e
indochinoisecharbonnagesminesmetalliques,soccharbonnagesdongtrieu,1930_1944,1,merigeault-e
indochinoisecharbonnagesminesmetalliques,socminesetainhauttonkin,1930_1944,1,merigeault-e
charbonnages,phosphatestonkin,1930_1944,1,lancrenon-p
indochinoisecharbonnagesminesmetalliques,phosphatestonkin,1930_1944,1,lancrenon-p
chauxhydrauliqueslangtho,creditfoncierindochine,1930_1944,1,fontaine-a
creditfoncierindochine,socchauxhydrauliqueslangtho,1930_1944,1,fontaine-a
comptoirsgenerauxindochine,fonciereasie,1930_1944,1,cero-j-jean
fonciereasie,sicettemaisonavaitsaraisonsocialevieux,1930_1944,1,cero-j-jean
caoutchoucskompongthom,indochinoiseculturestropicales,1930_1944,1,dufay-h
caoutchoucskompongthom,sochonquan,1930_1944,1,dufay-h
caoutchoucskompongthom,socindochinoiseculturestropicales,1930_1944,1,dufay-h
etainsindochine,minesetainhauttonkin,1930_1944,1,brard
distilleriesindochine,minieremetallurgiqueindochinemineschodienfonderiezincquangyen,1930_1944,1,thion-de-la-chaume
distilleriesindochine,socetainscammon,1930_1944,1,thion-de-la-chaume
distilleriesindochine,socminesetainhauttonkin,1930_1944,1,thion-de-la-chaume
entreprisesdragagestravauxpublics,minieremetallurgiqueindochinemineschodienfonderiezincquangyen,1930_1944,1,thion-de-la-chaume
entreprisesdragagestravauxpublics,socetainscammon,1930_1944,1,thion-de-la-chaume
entreprisesdragagestravauxpublics,socminesetainhauttonkin,1930_1944,1,thion-de-la-chaume
etainscammon,minieremetallurgiqueindochinemineschodienfonderiezincquangyen,1930_1944,1,thion-de-la-chaume
etainscammon,socminesetainhauttonkin,1930_1944,1,thion-de-la-chaume
minieremetallurgiqueindochinemineschodienfonderiezincquangyen,socetainscammon,1930_1944,1,thion-de-la-chaume
socetainscammon,socminesetainhauttonkin,1930_1944,1,thion-de-la-chaume
etainswolframtonkin,socminesetainhauttonkin,1930_1944,1,belugou-l
fermiereetainsextremeorient,socminesetainhauttonkin,1930_1944,1,belugou-l
forestiereindochinoise,forgesatelierschantiersindochine,1930_1944,1,cazenave-e
indochinoisecommerce,internationaleplantationsfinanceactionnairesicaf,1930_1944,1,van-regemorter
internationaleplantationsfinanceactionnairesicaf,sicaf,1930_1944,1,van-regemorter
annamiteassurancesautomobiles,annamitecredit,1930_1944,1,nguyen-tan-van
asiatiquenavigation,unioncommercialeindochinoiseafricaine,1930_1944,1,hecquet-g
asiatiquenavigation,colonialeeclairageenergie,1930_1944,1,m-robert-j
colonialeeclairageenergie,unionelectriqueindochine,1930_1944,1,m-robert-j
assurancefranceindochine,eauxelectriciteindochine,1930_1944,1,teissier-du-cros
assurancefranceindochine,indochinoiseelectricite,1930_1944,1,teissier-du-cros
domainebaohang,exploitationforestiereouest,1930_1944,1,peautonnier-m
domainebaohang,foncieregiadinh,1930_1944,1,peautonnier-m
domainebaohang,fonciererizicolesoctrang,1930_1944,1,peautonnier-m
domainebaohang,nuocmamauthentiquesgarantis,1930_1944,1,peautonnier-m
exploitationforestiereouest,foncieregiadinh,1930_1944,1,peautonnier-m
exploitationforestiereouest,fonciererizicolesoctrang,1930_1944,1,peautonnier-m
exploitationforestiereouest,nuocmamauthentiquesgarantis,1930_1944,1,peautonnier-m
foncieregiadinh,fonciererizicolesoctrang,1930_1944,1,peautonnier-m
foncieregiadinh,nuocmamauthentiquesgarantis,1930_1944,1,peautonnier-m
fonciererizicolesoctrang,nuocmamauthentiquesgarantis,1930_1944,1,peautonnier-m
agricoleindustriellebencui,bienhoaindustrielleforestiere,1930_1944,1,furiet-c
agricoleindustriellebencui,foretsscieriesbienhoa,1930_1944,1,furiet-c
agricoleindustriellebencui,indochinephonoradio,1930_1944,1,furiet-c
agricoleindustriellebencui,indochinoiseplantationsheveas,1930_1944,1,furiet-c
bienhoaindustrielleforestiere,foretsscieriesbienhoa,1930_1944,1,furiet-c
bienhoaindustrielleforestiere,indochinephonoradio,1930_1944,1,furiet-c
caoutchoucsdonai,foretsscieriesbienhoa,1930_1944,1,furiet-c
caoutchoucsdonai,indochinephonoradio,1930_1944,1,furiet-c
foretsscieriesbienhoa,indochinephonoradio,1930_1944,1,furiet-c
foretsscieriesbienhoa,indochinoiseplantationsheveas,1930_1944,1,furiet-c
indochinephonoradio,indochinoiseplantationsheveas,1930_1944,1,furiet-c
agricoleindustriellebencui,cafesindochine,1930_1944,1,lionel-marie-j
caoutchoucsdonai,caoutchoucskompongthom,1930_1944,1,de-flers-f
brasseriesglacieresindochine,rizindochinedenisfreres,1930_1944,1,denis
caoutchoucsmekong,plantationsterresrouges,1930_1944,1,ph-langlois
caoutchoucsmekong,plantationsterresrougesheveasquanloicafeiersheveasjava,1930_1944,1,ph-langlois
caoutchoucsmekongprekkak,caoutchoucspadang,1930_1944,1,ph-langlois
caoutchoucsmekongprekkak,plantationsterresrouges,1930_1944,1,ph-langlois
caoutchoucsmekongprekkak,plantationsterresrougesheveasquanloicafeiersheveasjava,1930_1944,1,ph-langlois
caoutchoucsmekong,ghmumm,1930_1944,1,destombes-j
agricolethescafeskontum,mimot,1930_1944,1,fourn-g
agricoleindustriellethapmuoi,chromenickelindochinecodinh,1930_1944,1,breger-aine
francoindochinoise,rizindochinedenisfreres,1930_1944,1,denis-e
inchange,rizindochinedenisfreres,1930_1944,1,denis-e
inchange,ufeo,1930_1944,1,denis-e
indochinoiseeauxelectriciteannam,rizindochinedenisfreres,1930_1944,1,denis-e
rizindochinedenisfreres,ufeo,1930_1944,1,denis-e
colonialeeclairageenergie,unionfinanciereextremeorient,1930_1944,1,dargelos-p
entreprisesdragagestravauxpublics,etainspiaouac,1930_1944,1,p-forveille-imprimeur-de-titres-paris-rodez
entreprisesdragagestravauxpublics,indochinoiseplantations,1930_1944,1,p-forveille-imprimeur-de-titres-paris-rodez
etainspiaouac,indochinoiseplantations,1930_1944,1,p-forveille-imprimeur-de-titres-paris-rodez
hydrauliqueasie,tramways,1930_1944,1,manus-m
francoindochinoisecommissionexportation,indochinoisetransports,1930_1944,1,levecque-f
filteriesindochine,thesselectionnesindochine,1930_1944,1,cuny-j
fonciererizicolesoctrang,saigonnaisenavigationtransport,1930_1944,1,lambert-l
fonciererizicolesoctrang,indochinephonoradio,1930_1944,1,benignus-m
fonciererizicolesoctrang,indochinoisemessageriesautomobiles,1930_1944,1,benignus-m
foncieretonkinannam,tapisextremeorient,1930_1944,1,ideo
caoutchoucskompongthom,fonciereimmobiliereindochine,1930_1944,1,berthet-j
distilleriesindochine,ghmumm,1930_1944,1,schwob-d-hericourt-j
haiphonnaisebouagesvidanges,thesselectionnesindochine,1930_1944,1,guillou-a
lainieretonkin,thesselectionnesindochine,1930_1944,1,guillou-a
thesselectionnesindochine,vidangesbouagestonkin,1930_1944,1,guillou-a
hautsplateauxindochinois,plantationsheveasxuanloc,1930_1944,1,chassaing-p
cochinchineouheveascochinchine,indochinoiseplantations,1930_1944,1,rappel-l
colonialeplantationsdistillation,indochinoiseplantations,1930_1944,1,rappel-l
minieresudannam,plantationsheveasxuanloc,1930_1944,1,lefebvre-l
hydrauliqueasiesaigoncorr,indochinoiseeauxelectriciteannam,1930_1944,1,electricite-d-indochine
immobilieresaigoncholon,plantationshautdonnai,1930_1944,1,biron-l
immobilieresaigoncholon,unionfinanciereextremeorient,1930_1944,1,biron-l
caoutchoucskompongthom,internationaleplantationsfinanceactionnairesicaf,1930_1944,1,lionel-marie
indochinoiseculturestropicales,unioncommercialeindochinoiseafricaine,1930_1944,1,thierry-j
oxygeneacetyleneextremeorient,unioncommercialeindochinoiseafricaine,1930_1944,1,fontaine-e
caoutchoucsphuochoa,manufactureindochinoisetabacscoloniaux,1930_1944,1,rondon-l
omniumminierindochine,omniumminiertonkinois,1930_1944,1,bru-m
caoutchoucsphuochoa,plantationskratiecambodge,1930_1944,1,briand-g
caoutchoucsmekongindochinoise,indochinoiseculturecaoutchoucsmekong,1945_1962,9,atthalin-a; carrere-g; champion-g-gilbert; de-beaumont-j; ectors-m; jullien-a; langlois-berthelot-p; mazet-e; petithuguenin-p
eauxelectriciteindochine,indochinoiseelectricite,1945_1962,8,allain; allain-p; dior-j; drouin-p; guillanton-a; maxime-robert-j; teissier-du-cros-e; trives-f
indochinoiseplantationsreuniesmimot,mimot,1945_1962,7,deschars-l; dewez-h; fourn-g; foy-s; guesde-p; rheims-j; rueff-g
kratie,plantationskratie,1945_1962,7,agabriel-l; baudoin-f; biron-l; foy-s; hadengue-y; rueff-g; thery-a
indochinoiseculturescambodge,indochinoiseculturesplantationsterresrouges,1945_1962,7,de-beaumont-j; de-rivaud-r; janssens-p-pierre; langlois-berthelot-p; michaux-r; perot-j; wielemans-l
chalandageremorquageindochine,sacric,1945_1962,6,bernard-p; giscard-d-estaing-e; gregoire; guesde-p; papillon-p; roque-p
hautsplateauxindochinoisbanmethuot,hautsplateauxindochinoisbanmethuotsudviet,1945_1962,6,de-flers-f; de-ligondes-h; foy-s; jessula-d; lis-a; thion-de-la-chaume-r-robert
creditfoncierindochine,credithypothecaireindochine,1945_1962,6,bloch-laine-j; daroussin-j; de-tarde-g; giscard-d-estaing-e; maxime-robert-j; minost-e
eauxelectriciteindochine,tramways,1945_1962,6,allain-a; allain-p; dervieu-p; dubosc-f; maggiar-a; trives-f
denisfreresindochine,rizindochinedenisfreres,1945_1962,5,de-ferry-f; delalande-l; denis-e-etienne; denis-m; souhaite-m
manufacturesindochinoisescigarettes,messageriesfluvialescochinchine,1945_1962,5,foy-s; kaleski-g; karcher-l; picard-g; rueff-g
banqueiindochine,banqueindochine,1945_1962,5,bernard-f; brincard-g; michel-cote-c; minost-e; peloni-c
caoutchoucspadang,indochinoiseculturesplantationsterresrouges,1945_1962,5,de-beaumont-j; de-rivaud-r; langlois-berthelot-p; lecointre-g; michaux-r
banqueiindochine,indochinefilmscinemas,1945_1962,5,bousquet-r; catalogne-e; gannay-p; maxime-robert-j; rolloy-h
bienhoaindustrielleforestiere,foretsscieriesbienhoa,1945_1962,5,ansault-j; ducarouge-e; furiet-c; petit; pyck-a
caoutchoucsindochinesiegesocial,indochinoiseculturestropicales,1945_1962,5,bergougnan-a; bernard-p; berthier-j-jules; bouvier-r; fauconnier-h
agricolethanhtuyhatantuongprovince,agricolethanhtuyhatantuongprovincebienhoasud,1945_1962,5,bonniel-a; bonniel-j; bonniel-y; de-gosselin-m; morange-c
commercialeindochine,rizeriesindochinoises,1945_1962,5,derre; dussuet-j; moore-h; rauzy-p-paul; vigouroux-l
commercialeindochine,rizeriesindochinoisesmaiseriesindochinoises,1945_1962,5,couturiaux-r; derre-m; dussuet-j; moore-h; worms-e
moulinsentrepotscoloniaux,rizeriesindochinoisesmaiseriesindochinoises,1945_1962,5,couturiaux-r; derre-m; dussuet-j; joule-u; worms-e
indochinoiseplantationsreuniesmimot,plantationsindochinoises,1945_1962,4,de-laboulaye-e; gerard-r; guesde-p; laurent-j-jean
chantiersateliersreunisindochine,manufacturesindochinoisescigarettes,1945_1962,4,kaleski-g; karcher-l; picard-g; rueff-g
chantiersateliersreunisindochine,messageriesfluvialescochinchine,1945_1962,4,kaleski-g; karcher-l; picard-g; rueff-g
indochinoiseplantationsheveas,indochinoiseplantationsreuniesmimot,1945_1962,4,de-laboulaye-e; dewez-h; laurent-j-jean; thion-de-la-chaume-r-robert
hautsplateauxindochinois,hautsplateauxindochinoisbanmethuot,1945_1962,4,de-flers-f; foy-s; jessula-d; lis-a
hautsplateauxindochinois,hautsplateauxindochinoisbanmethuotsudviet,1945_1962,4,de-flers-f; foy-s; jessula-d; lis-a
caoutchoucspadang,indochinoiseculturescambodge,1945_1962,4,de-beaumont-j; de-rivaud-r; langlois-berthelot-p; michaux-r
kratie,unionfinanciereextremeorient,1945_1962,4,agabriel-l; biron-l; hadengue-y; nouailhetas-a
plantationshautdonnai,unionfinanciereextremeorient,1945_1962,4,biron-l; hadengue-y; le-montreer-g; nouailhetas-a
caoutchoucskompongthom,indochinoiseplantationsheveas,1945_1962,4,arnaud-de-vogue; de-chambure-h; laurent-j; thion-de-la-chaume-r-robert
cambodge,indochinoiseculturescambodge,1945_1962,4,ayme-a; bousquet-h; bramel-l; perot-j
caoutchoucsmekong,caoutchoucsmekongindochinoise,1945_1962,4,atthalin-a; carrere-g; mazet-e; petithuguenin-p
caoutchoucsmekong,indochinoiseculturecaoutchoucsmekong,1945_1962,4,atthalin-a; carrere-g; mazet-e; petithuguenin-p
commercialeindochine,rizeriesextremeorient,1945_1962,4,derre; joly-j; moore-h; worms-e
commercialeindochine,moulinsentrepotscoloniaux,1945_1962,4,couturiaux-r; derre-m; dussuet-j; worms-e
cotonnieretonkin,scieriesfabriquesallumettesthanhhoa,1945_1962,4,bayle-g; benoist-p-pierre; dupre-a; le-provost-de-launay-g
etainsindochine,fermiereetainsextremeorient,1945_1962,4,brard-r; etains; mallet-a; wolfram-du-tonkin
etainswolframtonkin,fermiereetainsextremeorient,1945_1962,4,bardoux-j; brard-r; mallet-a; petin-j
agricolethescafeskontum,agricolethescafeskontumannam,1945_1962,3,duperon-p; fourn-g; petithuguenin-p
chalandageremorquageindochine,sucreriesraffineriesindochine,1945_1962,3,d-estaing-g; giscard-d-estaing-e; guesde-p
brasseriesglacieresindochine,indochinoiseeauxielectriciteannam,1945_1962,3,de-laboulaye-e; denis-e-etienne; palanque-l
conducteurelectriqueblindeincombustible,messageriesfluvialescochinchine,1945_1962,3,dewez-h; karcher-l; rueff-g
indochinoiseplantationsreuniesmimot,manufacturesindochinoisescigarettes,1945_1962,3,foy-s; rheims-j; rueff-g
indochinoiseplantationsreuniesmimot,messageriesfluvialescochinchine,1945_1962,3,dewez-h; foy-s; rueff-g
kratie,manufacturesindochinoisescigarettes,1945_1962,3,biron-l; foy-s; rueff-g
manufacturesindochinoisescigarettes,mimot,1945_1962,3,foy-s; rheims-j; rueff-g
manufacturesindochinoisescigarettes,plantationskratie,1945_1962,3,biron-l; foy-s; rueff-g
messageriesfluvialescochinchine,mimot,1945_1962,3,dewez-h; foy-s; rueff-g
banqueiindochine,caoutchoucsindochinesiegesocial,1945_1962,3,bernard-f; de-flers-f; laurent-j-jean
caoutchoucsindochine,caoutchoucsindochinesiegesocial,1945_1962,3,bergougnan-a; bernard-f; bernard-p
caoutchoucsindochinesiegesocial,plantationsindochinoises,1945_1962,3,bernard-p; bouvier-r; laurent-j-jean
indochinoiseplantationsheveas,plantationsindochinoises,1945_1962,3,de-laboulaye-e; laurent-j; laurent-j-jean
etainscammon,fermiereetainsextremeorient,1945_1962,3,bardoux-j; brard-r; coueslant-j
foncieretonkinannam,immobilieresudasie,1945_1962,3,bussy-a-andre; carrere-g; petithuguenin-p
caoutchoucsextremeorient,indochinoiseculturestropicales,1945_1962,3,bernard-p; bouvier-r; giscard-d-estaing-e
indochinoiseculturestropicales,sucreriesraffineriesindochine,1945_1962,3,bouvier-r; fauconnier-h; giscard-d-estaing-e
fiduciaireindochine,kratie,1945_1962,3,agabriel-l; hadengue-y; nouailhetas-a
fiduciaireindochine,plantationskratie,1945_1962,3,agabriel-l; hadengue-y; thery-r
fiduciaireindochine,unionfinanciereextremeorient,1945_1962,3,agabriel-l; hadengue-y; nouailhetas-a
plantationskratie,unionfinanciereextremeorient,1945_1962,3,agabriel-l; biron-l; hadengue-y
kratie,plantationshautdonnai,1945_1962,3,biron-l; hadengue-y; nouailhetas-a
caoutchoucsdonai,indochinoiseplantationsheveas,1945_1962,3,de-chambure-h; de-laboulaye-e; furiet-c
cambodge,plantationsterresrougesheveasquanloicafeiersheveasjava,1945_1962,3,bucourt-a; perot-j; ph-langlois-berthelot
agricolethescafeskontum,caoutchoucsmekong,1945_1962,3,ectors-j; petithuguenin-p; rossignol
caoutchoucskompongthom,caoutchoucsphuochoa,1945_1962,3,labbe-j; laurent-j; thion-de-la-chaume-r-robert
agricoleindustriellethapmuoi,comptoirsgenerauxindochine,1945_1962,3,brondeau-l; de-ligondes-h; lis-a
agricoleindustriellethapmuoi,garagescharner,1945_1962,3,arnaud-de-vogue; de-ligondes-h; lis-a
ccneo,indochinoiseplantationsheveas,1945_1962,3,arnaud-de-vogue; hoffet-h; houitte-de-lachesnais-e
agricolethanhtuyha,agricolethanhtuyhatantuongprovince,1945_1962,3,bonniel-j; bonniel-y; morange-c
agricolethanhtuyha,agricolethanhtuyhatantuongprovincebienhoasud,1945_1962,3,bonniel-j; bonniel-y; morange-c
poinsardveyret,rizeriesindochinoises,1945_1962,3,gigandet-e; rauzy-p-paul; ville-p
poinsardveyret,soccommercialefseindochine,1945_1962,3,michel-c; rauzy-p-paul; ville-p
poinsardveyret,sochonquan,1945_1962,3,rauzy-p-paul; ville-e; ville-p
fermiereetainsextremeorient,minesetainhauttonkin,1945_1962,3,brard-r; petin-j; wolfram-du-tonkin
agricolethescafeskontumannam,assurancefranceindochine,1945_1962,2,audren-de-kerdrel-r; duperon-p
indochinefilmscinemas,indochinoiseconstructionselectriquesmecaniques,1945_1962,2,benignus-m; duperon-p
indochinefilmscinemas,unioncommercialeindochinoiseafricaine,1945_1962,2,duperon-p; ph-duperon
asiatiquenavigation,unioncommercialeindochinoiseafricaine,1945_1962,2,delpech-h; hecquet-g
asiatiquenavigation,unionelectriqueindochine,1945_1962,2,guesde-p; maxime-robert-j
chalandageremorquageindochine,plantationsindochinoises,1945_1962,2,bernard-p; guesde-p
indochinoiseplantationsreuniesmimot,urbainefonciereindochinoise,1945_1962,2,guesde-p; rueff-g
mimot,plantationsindochinoises,1945_1962,2,guesde-p; laurent-j
mimot,urbainefonciereindochinoise,1945_1962,2,guesde-p; rueff-g
plantationsindochinoises,sacric,1945_1962,2,bernard-p; guesde-p
plantationsindochinoises,sucreriesraffineriesindochine,1945_1962,2,bouvier-r; guesde-p
plantationsindochinoises,urbainefonciereindochinoise,1945_1962,2,fluviales-de-cochinchine-m; guesde-p
sacric,sucreriesraffineriesindochine,1945_1962,2,giscard-d-estaing-e; guesde-p
brasseriesglacieresindochine,charbonnagestonkin,1945_1962,2,denis-e; denis-e-etienne
cotiereannam,denisfreresindochine,1945_1962,2,de-ferry-f; denis-e-etienne
cotiereannam,rizindochinedenisfreres,1945_1962,2,de-ferry-f; denis-e-etienne
denisfreresindochine,francoindochinoise,1945_1962,2,delalande-l; denis-e-etienne
francoindochinoise,rizindochinedenisfreres,1945_1962,2,delalande-l; denis-e-etienne
chantiersateliersreunisindochine,conducteurelectriqueblindeincombustible,1945_1962,2,karcher-l; rueff-g
chantiersateliersreunisindochine,indochinoiseplantationsreuniesmimot,1945_1962,2,de-laboulaye-e; rueff-g
conducteurelectriqueblindeincombustible,indochinoiseplantationsreuniesmimot,1945_1962,2,dewez-h; rueff-g
conducteurelectriqueblindeincombustible,manufacturesindochinoisescigarettes,1945_1962,2,karcher-l; rueff-g
conducteurelectriqueblindeincombustible,mimot,1945_1962,2,dewez-h; rueff-g
indochinoiseplantationsreuniesmimot,kratie,1945_1962,2,foy-s; rueff-g
indochinoiseplantationsreuniesmimot,plantationskratie,1945_1962,2,foy-s; rueff-g
kratie,messageriesfluvialescochinchine,1945_1962,2,foy-s; rueff-g
kratie,mimot,1945_1962,2,foy-s; rueff-g
messageriesfluvialescochinchine,plantationskratie,1945_1962,2,foy-s; rueff-g
mimot,plantationskratie,1945_1962,2,foy-s; rueff-g
indochinoiseplantationsheveas,mimot,1945_1962,2,dewez-h; laurent-j
hautsplateauxindochinois,mimot,1945_1962,2,foy-s; walter
hautsplateauxindochinoisbanmethuot,indochinoiseplantationsreuniesmimot,1945_1962,2,foy-s; thion-de-la-chaume-r-robert
hautsplateauxindochinoisbanmethuotsudviet,indochinoiseplantationsreuniesmimot,1945_1962,2,foy-s; thion-de-la-chaume-r-robert
banqueiindochine,charbonnagestonkin,1945_1962,2,deschamp-j; minost-e
banqueiindochine,creditfoncierindochine,1945_1962,2,maxime-robert-j; minost-e
banqueiindochine,credithypothecaireindochine,1945_1962,2,maxime-robert-j; minost-e
banqueiindochine,indochinoiseplantationsheveas,1945_1962,2,laurent-j-jean; minost-e
banqueindochine,charbonnagestonkin,1945_1962,2,deschamps-j; minost-e
charbonnagestonkin,indochinoiseplantationsheveas,1945_1962,2,baudouin-p; minost-e
caoutchoucsmekongindochinoise,caoutchoucspadang,1945_1962,2,de-beaumont-j; langlois-berthelot-p
caoutchoucsmekongindochinoise,indochinoiseculturescambodge,1945_1962,2,de-beaumont-j; langlois-berthelot-p
caoutchoucsmekongindochinoise,indochinoiseculturesplantationsterresrouges,1945_1962,2,de-beaumont-j; langlois-berthelot-p
caoutchoucspadang,indochinoiseculturecaoutchoucsmekong,1945_1962,2,de-beaumont-j; langlois-berthelot-p
indochinoiseculturecaoutchoucsmekong,indochinoiseculturescambodge,1945_1962,2,de-beaumont-j; langlois-berthelot-p
indochinoiseculturecaoutchoucsmekong,indochinoiseculturesplantationsterresrouges,1945_1962,2,de-beaumont-j; langlois-berthelot-p
banqueiindochine,plantationsindochinoises,1945_1962,2,laurent-j-jean; michel-cote-c
banquefrancochinoisecommerceindustrie,banqueiindochine,1945_1962,2,e-p-laurent-j; maxime-robert-j
banqueiindochine,sifa,1945_1962,2,de-flers-f; maxime-robert-j
caoutchoucsdonai,caoutchoucskompongthom,1945_1962,2,de-chambure-h; de-flers-f
caoutchoucskompongthom,hautsplateauxindochinoisbanmethuot,1945_1962,2,de-flers-f; thion-de-la-chaume-r-robert
caoutchoucskompongthom,hautsplateauxindochinoisbanmethuotsudviet,1945_1962,2,de-flers-f; thion-de-la-chaume-r-robert
banquefrancochinoisecommerceindustrie,credithypothecaireindochine,1945_1962,2,bussy-a-andre; maxime-robert-j
banquefrancochinoisecommerceindustrie,sifa,1945_1962,2,bussy-a-andre; maxime-robert-j
banqueiindochine,indochinoiseelectricite,1945_1962,2,hannotin-m; maxime-robert-j
colonialeeclairageenergie,indochinoiseelectricite,1945_1962,2,maxime-robert-j; toche-c
credithypothecaireindochine,sifa,1945_1962,2,bussy-a-andre; maxime-robert-j
eauxelectriciteindochine,sifa,1945_1962,2,guillanton-a; maxime-robert-j
indochinoiseelectricite,sifa,1945_1962,2,guillanton-a; maxime-robert-j
banqueiindochine,imprimerieextremeorient,1945_1962,2,coueslant-j; rolloy-h
foncieretonkinannam,sifa,1945_1962,2,bussy-a-andre; carrere-g
immobilieresudasie,sifa,1945_1962,2,bussy-a-andre; carrere-g
caoutchoucsextremeorient,chalandageremorquageindochine,1945_1962,2,bernard-p; giscard-d-estaing-e
caoutchoucsextremeorient,phosphatestonkin,1945_1962,2,bernard-p; giscard-d-estaing-e
caoutchoucsextremeorient,sacric,1945_1962,2,bernard-p; giscard-d-estaing-e
caoutchoucsextremeorient,sucreriesraffineriesindochine,1945_1962,2,bouvier-r; giscard-d-estaing-e
chalandageremorquageindochine,indochinoiseculturestropicales,1945_1962,2,bernard-p; giscard-d-estaing-e
chalandageremorquageindochine,phosphatestonkin,1945_1962,2,bernard-p; giscard-d-estaing-e
indochinoiseculturestropicales,phosphatestonkin,1945_1962,2,bernard-p; giscard-d-estaing-e
indochinoiseculturestropicales,sacric,1945_1962,2,bernard-p; giscard-d-estaing-e
phosphatestonkin,sacric,1945_1962,2,bernard-p; giscard-d-estaing-e
fiduciaireindochine,plantationshautdonnai,1945_1962,2,hadengue-y; nouailhetas-a
foncieresaigonnaise,plantationshautdonnai,1945_1962,2,haasz-f; nouailhetas-a
plantationshautdonnai,plantationskratie,1945_1962,2,biron-l; hadengue-y
indochinoiseculturesplantationsterresrouges,plantationsterresrougesheveasquanloicafeiersheveasjava,1945_1962,2,lecointre-g; perot-j
caoutchoucsmekong,foncieretonkinannam,1945_1962,2,carrere-g; petithuguenin-p
caoutchoucsmekong,immobilieresudasie,1945_1962,2,carrere-g; petithuguenin-p
caoutchoucsmekongindochinoise,foncieretonkinannam,1945_1962,2,carrere-g; petithuguenin-p
caoutchoucsmekongindochinoise,immobilieresudasie,1945_1962,2,carrere-g; petithuguenin-p
foncieretonkinannam,indochinoiseculturecaoutchoucsmekong,1945_1962,2,carrere-g; petithuguenin-p
immobilieresudasie,indochinoiseculturecaoutchoucsmekong,1945_1962,2,carrere-g; petithuguenin-p
agricolethescafeskontum,immobilieresudasie,1945_1962,2,caffort-l; petithuguenin-p
agricolethescafeskontumannam,foncieretonkinannam,1945_1962,2,audren-de-kerdrel-r; petithuguenin-p
caoutchoucskompongthom,indochinoiseplantationsreuniesmimot,1945_1962,2,deschars-l; thion-de-la-chaume-r-robert
caoutchoucsphuochoa,indochinoiseplantationsheveas,1945_1962,2,laurent-j; thion-de-la-chaume-r-robert
hautsplateauxindochinoisbanmethuot,indochinoiseplantationsheveas,1945_1962,2,lis-a; thion-de-la-chaume-r-robert
hautsplateauxindochinoisbanmethuotsudviet,indochinoiseplantationsheveas,1945_1962,2,lis-a; thion-de-la-chaume-r-robert
agricoleindustriellethapmuoi,hautsplateauxindochinoisbanmethuot,1945_1962,2,de-ligondes-h; lis-a
agricoleindustriellethapmuoi,hautsplateauxindochinoisbanmethuotsudviet,1945_1962,2,de-ligondes-h; lis-a
agricoleindustriellethapmuoi,indochinoiseplantationsheveas,1945_1962,2,arnaud-de-vogue; lis-a
comptoirsgenerauxindochine,garagescharner,1945_1962,2,de-ligondes-h; lis-a
comptoirsgenerauxindochine,hautsplateauxindochinoisbanmethuot,1945_1962,2,de-ligondes-h; lis-a
comptoirsgenerauxindochine,hautsplateauxindochinoisbanmethuotsudviet,1945_1962,2,de-ligondes-h; lis-a
garagescharner,hautsplateauxindochinoisbanmethuot,1945_1962,2,de-ligondes-h; lis-a
garagescharner,hautsplateauxindochinoisbanmethuotsudviet,1945_1962,2,de-ligondes-h; lis-a
garagescharner,indochinoiseplantationsheveas,1945_1962,2,arnaud-de-vogue; lis-a
ccneo,hautsplateauxindochinois,1945_1962,2,jessula-d; rapp-e
foretsscieriesbienhoa,indochinoiseplantationsheveas,1945_1962,2,arnaud-de-vogue; furiet-c
caoutchoucsextremeorient,caoutchoucsindochinesiegesocial,1945_1962,2,bernard-p; bouvier-r
caoutchoucsextremeorient,plantationsindochinoises,1945_1962,2,bernard-p; bouvier-r
caoutchoucsindochinesiegesocial,sucreriesraffineriesindochine,1945_1962,2,bouvier-r; fauconnier-h
indochinoiseculturestropicales,plantationsindochinoises,1945_1962,2,bernard-p; bouvier-r
caoutchoucsindochine,indochinoiseculturestropicales,1945_1962,2,bergougnan-a; bernard-p
colonialeeclairageenergie,indochinoiseculturestropicales,1945_1962,2,bernard-p; toche-c
colonialeeclairageenergie,phosphatestonkin,1945_1962,2,bernard-p; rigal-j
caoutchoucskompongthom,mimot,1945_1962,2,deschars-l; laurent-j
caoutchoucsphuochoa,mimot,1945_1962,2,laurent-j; walter
indochinoisetransports,plantationsheveascaukhoi,1945_1962,2,beyssac-c; jean-duclos-j
rizeriesindochinoises,soccommercialefseindochine,1945_1962,2,rauzy-p-paul; ville-p
rizeriesindochinoises,sochonquan,1945_1962,2,rauzy-p-paul; ville-p
soccommercialefseindochine,sochonquan,1945_1962,2,rauzy-p-paul; ville-p
brasseriesglacieresindochine,indochinoiseeauxelectriciteannam,1945_1962,2,denis-e; le-bret-j
chantiersateliersreunisindochine,cheminsferindochineyunnan,1945_1962,2,bodin-a; bodin-a-antonin
rizeriesextremeorient,rizeriesindochinoises,1945_1962,2,derre; moore-h
rizeriesextremeorient,rizeriesindochinoisesmaiseriesindochinoises,1945_1962,2,moore-h; worms-e
rizeriesindochinoises,rizeriesindochinoisesmaiseriesindochinoises,1945_1962,2,dussuet-j; moore-h
indochinoiseelectricite,tramways,1945_1962,2,allain-p; trives-f
etainscammon,etainswolframtonkin,1945_1962,2,bardoux-j; brard-r
etainsindochine,etainswolframtonkin,1945_1962,2,brard-r; mallet-a
etainsindochine,minesetainhauttonkin,1945_1962,2,brard-r; wolfram-du-tonkin
etainswolframtonkin,minesetainhauttonkin,1945_1962,2,brard-r; petin-j
ghmumm,optorg,1945_1962,2,destombes-j; vanoutryve-f
agricolethescafeskontum,assurancefranceindochine,1945_1962,1,duperon-p
agricolethescafeskontum,cheminsferindochineyunnan,1945_1962,1,duperon-p
agricolethescafeskontum,indochinefilmscinemas,1945_1962,1,duperon-p
agricolethescafeskontum,indochinoiseconstructionselectriquesmecaniques,1945_1962,1,duperon-p
agricolethescafeskontum,unioncommercialeindochinoiseafricaine,1945_1962,1,duperon-p
agricolethescafeskontumannam,cheminsferindochineyunnan,1945_1962,1,duperon-p
agricolethescafeskontumannam,indochinefilmscinemas,1945_1962,1,duperon-p
agricolethescafeskontumannam,indochinoiseconstructionselectriquesmecaniques,1945_1962,1,duperon-p
agricolethescafeskontumannam,unioncommercialeindochinoiseafricaine,1945_1962,1,duperon-p
assurancefranceindochine,cheminsferindochineyunnan,1945_1962,1,duperon-p
assurancefranceindochine,indochinefilmscinemas,1945_1962,1,duperon-p
assurancefranceindochine,indochinoiseconstructionselectriquesmecaniques,1945_1962,1,duperon-p
assurancefranceindochine,unioncommercialeindochinoiseafricaine,1945_1962,1,duperon-p
cheminsferindochineyunnan,indochinefilmscinemas,1945_1962,1,duperon-p
cheminsferindochineyunnan,indochinoiseconstructionselectriquesmecaniques,1945_1962,1,duperon-p
cheminsferindochineyunnan,unioncommercialeindochinoiseafricaine,1945_1962,1,duperon-p
indochinoiseconstructionselectriquesmecaniques,unioncommercialeindochinoiseafricaine,1945_1962,1,duperon-p
immobilieresudasie,indochinefilmscinemas,1945_1962,1,benignus-m
immobilieresudasie,indochinoiseconstructionselectriquesmecaniques,1945_1962,1,benignus-m
asiatiquenavigation,chalandageremorquageindochine,1945_1962,1,guesde-p
asiatiquenavigation,indochinoiseplantationsreuniesmimot,1945_1962,1,guesde-p
asiatiquenavigation,mimot,1945_1962,1,guesde-p
asiatiquenavigation,plantationsindochinoises,1945_1962,1,guesde-p
asiatiquenavigation,sacric,1945_1962,1,guesde-p
asiatiquenavigation,sucreriesraffineriesindochine,1945_1962,1,guesde-p
asiatiquenavigation,urbainefonciereindochinoise,1945_1962,1,guesde-p
chalandageremorquageindochine,indochinoiseplantationsreuniesmimot,1945_1962,1,guesde-p
chalandageremorquageindochine,mimot,1945_1962,1,guesde-p
chalandageremorquageindochine,unionelectriqueindochine,1945_1962,1,guesde-p
chalandageremorquageindochine,urbainefonciereindochinoise,1945_1962,1,guesde-p
indochinoiseplantationsreuniesmimot,sacric,1945_1962,1,guesde-p
indochinoiseplantationsreuniesmimot,sucreriesraffineriesindochine,1945_1962,1,guesde-p
indochinoiseplantationsreuniesmimot,unionelectriqueindochine,1945_1962,1,guesde-p
mimot,sacric,1945_1962,1,guesde-p
mimot,sucreriesraffineriesindochine,1945_1962,1,guesde-p
mimot,unionelectriqueindochine,1945_1962,1,guesde-p
plantationsindochinoises,unionelectriqueindochine,1945_1962,1,guesde-p
sacric,unionelectriqueindochine,1945_1962,1,guesde-p
sacric,urbainefonciereindochinoise,1945_1962,1,guesde-p
sucreriesraffineriesindochine,unionelectriqueindochine,1945_1962,1,guesde-p
sucreriesraffineriesindochine,urbainefonciereindochinoise,1945_1962,1,guesde-p
unionelectriqueindochine,urbainefonciereindochinoise,1945_1962,1,guesde-p
asiatiquenavigation,forgesatelierschantiersindochine,1945_1962,1,de-saboulin-bollena-p
brasseriesglacieresindochine,cotiereannam,1945_1962,1,denis-e-etienne
brasseriesglacieresindochine,denisfreresindochine,1945_1962,1,denis-e-etienne
brasseriesglacieresindochine,francoindochinoise,1945_1962,1,denis-e-etienne
brasseriesglacieresindochine,rizindochinedenisfreres,1945_1962,1,denis-e-etienne
charbonnagestonkin,cotiereannam,1945_1962,1,denis-e-etienne
charbonnagestonkin,denisfreresindochine,1945_1962,1,denis-e-etienne
charbonnagestonkin,francoindochinoise,1945_1962,1,denis-e-etienne
charbonnagestonkin,indochinoiseeauxielectriciteannam,1945_1962,1,denis-e-etienne
charbonnagestonkin,rizindochinedenisfreres,1945_1962,1,denis-e-etienne
cotiereannam,francoindochinoise,1945_1962,1,denis-e-etienne
cotiereannam,indochinoiseeauxielectriciteannam,1945_1962,1,denis-e-etienne
denisfreresindochine,indochinoiseeauxielectriciteannam,1945_1962,1,denis-e-etienne
francoindochinoise,indochinoiseeauxielectriciteannam,1945_1962,1,denis-e-etienne
indochinoiseeauxielectriciteannam,rizindochinedenisfreres,1945_1962,1,denis-e-etienne
cotiereannam,kratie,1945_1962,1,hellies-j
chantiersateliersreunisindochine,kratie,1945_1962,1,rueff-g
chantiersateliersreunisindochine,mimot,1945_1962,1,rueff-g
chantiersateliersreunisindochine,plantationskratie,1945_1962,1,rueff-g
chantiersateliersreunisindochine,urbainefonciereindochinoise,1945_1962,1,rueff-g
conducteurelectriqueblindeincombustible,kratie,1945_1962,1,rueff-g
conducteurelectriqueblindeincombustible,plantationskratie,1945_1962,1,rueff-g
conducteurelectriqueblindeincombustible,urbainefonciereindochinoise,1945_1962,1,rueff-g
kratie,urbainefonciereindochinoise,1945_1962,1,rueff-g
manufacturesindochinoisescigarettes,urbainefonciereindochinoise,1945_1962,1,rueff-g
messageriesfluvialescochinchine,urbainefonciereindochinoise,1945_1962,1,rueff-g
plantationskratie,urbainefonciereindochinoise,1945_1962,1,rueff-g
conducteurelectriqueblindeincombustible,indochinoiseplantationsheveas,1945_1962,1,dewez-h
indochinoiseplantationsheveas,messageriesfluvialescochinchine,1945_1962,1,dewez-h
hautsplateauxindochinois,indochinoiseplantationsreuniesmimot,1945_1962,1,foy-s
hautsplateauxindochinois,kratie,1945_1962,1,foy-s
hautsplateauxindochinois,manufacturesindochinoisescigarettes,1945_1962,1,foy-s
hautsplateauxindochinois,messageriesfluvialescochinchine,1945_1962,1,foy-s
hautsplateauxindochinois,plantationskratie,1945_1962,1,foy-s
hautsplateauxindochinoisbanmethuot,kratie,1945_1962,1,foy-s
hautsplateauxindochinoisbanmethuot,manufacturesindochinoisescigarettes,1945_1962,1,foy-s
hautsplateauxindochinoisbanmethuot,messageriesfluvialescochinchine,1945_1962,1,foy-s
hautsplateauxindochinoisbanmethuot,mimot,1945_1962,1,foy-s
hautsplateauxindochinoisbanmethuot,plantationskratie,1945_1962,1,foy-s
hautsplateauxindochinoisbanmethuotsudviet,kratie,1945_1962,1,foy-s
hautsplateauxindochinoisbanmethuotsudviet,manufacturesindochinoisescigarettes,1945_1962,1,foy-s
hautsplateauxindochinoisbanmethuotsudviet,messageriesfluvialescochinchine,1945_1962,1,foy-s
hautsplateauxindochinoisbanmethuotsudviet,mimot,1945_1962,1,foy-s
hautsplateauxindochinoisbanmethuotsudviet,plantationskratie,1945_1962,1,foy-s
banqueiindochine,cheminsferindochineyunnan,1945_1962,1,minost-e
banqueindochine,cheminsferindochineyunnan,1945_1962,1,minost-e
banqueindochine,creditfoncierindochine,1945_1962,1,minost-e
banqueindochine,credithypothecaireindochine,1945_1962,1,minost-e
banqueindochine,indochinoiseplantationsheveas,1945_1962,1,minost-e
charbonnagestonkin,cheminsferindochineyunnan,1945_1962,1,minost-e
charbonnagestonkin,creditfoncierindochine,1945_1962,1,minost-e
charbonnagestonkin,credithypothecaireindochine,1945_1962,1,minost-e
cheminsferindochineyunnan,creditfoncierindochine,1945_1962,1,minost-e
cheminsferindochineyunnan,credithypothecaireindochine,1945_1962,1,minost-e
cheminsferindochineyunnan,indochinoiseplantationsheveas,1945_1962,1,minost-e
creditfoncierindochine,indochinoiseplantationsheveas,1945_1962,1,minost-e
credithypothecaireindochine,indochinoiseplantationsheveas,1945_1962,1,minost-e
banqueiindochine,caoutchoucsindochine,1945_1962,1,bernard-f
banqueiindochine,messageriesfluvialescochinchine,1945_1962,1,bernard-f
banqueindochine,caoutchoucsindochine,1945_1962,1,bernard-f
banqueindochine,caoutchoucsindochinesiegesocial,1945_1962,1,bernard-f
banqueindochine,messageriesfluvialescochinchine,1945_1962,1,bernard-f
caoutchoucsindochine,messageriesfluvialescochinchine,1945_1962,1,bernard-f
caoutchoucsindochinesiegesocial,messageriesfluvialescochinchine,1945_1962,1,bernard-f
banqueiindochine,caoutchoucsmekongindochinoise,1945_1962,1,langlois-berthelot-p
banqueiindochine,caoutchoucspadang,1945_1962,1,langlois-berthelot-p
banqueiindochine,indochinoiseculturecaoutchoucsmekong,1945_1962,1,langlois-berthelot-p
banqueiindochine,indochinoiseculturescambodge,1945_1962,1,langlois-berthelot-p
banqueiindochine,indochinoiseculturesplantationsterresrouges,1945_1962,1,langlois-berthelot-p
banqueindochine,plantationsindochinoises,1945_1962,1,michel-cote-c
banqueiindochine,indochinoiseplantationsreuniesmimot,1945_1962,1,laurent-j-jean
caoutchoucsindochinesiegesocial,indochinoiseplantationsheveas,1945_1962,1,laurent-j-jean
caoutchoucsindochinesiegesocial,indochinoiseplantationsreuniesmimot,1945_1962,1,laurent-j-jean
banqueiindochine,caoutchoucsdonai,1945_1962,1,de-flers-f
banqueiindochine,caoutchoucskompongthom,1945_1962,1,de-flers-f
banqueiindochine,etainswolframtonkin,1945_1962,1,de-flers-f
banqueiindochine,hautsplateauxindochinois,1945_1962,1,de-flers-f
banqueiindochine,hautsplateauxindochinoisbanmethuot,1945_1962,1,de-flers-f
banqueiindochine,hautsplateauxindochinoisbanmethuotsudviet,1945_1962,1,de-flers-f
caoutchoucsdonai,caoutchoucsindochinesiegesocial,1945_1962,1,de-flers-f
caoutchoucsdonai,etainswolframtonkin,1945_1962,1,de-flers-f
caoutchoucsdonai,hautsplateauxindochinois,1945_1962,1,de-flers-f
caoutchoucsdonai,hautsplateauxindochinoisbanmethuot,1945_1962,1,de-flers-f
caoutchoucsdonai,hautsplateauxindochinoisbanmethuotsudviet,1945_1962,1,de-flers-f
caoutchoucsdonai,sifa,1945_1962,1,de-flers-f
caoutchoucsindochinesiegesocial,caoutchoucskompongthom,1945_1962,1,de-flers-f
caoutchoucsindochinesiegesocial,etainswolframtonkin,1945_1962,1,de-flers-f
caoutchoucsindochinesiegesocial,hautsplateauxindochinois,1945_1962,1,de-flers-f
caoutchoucsindochinesiegesocial,hautsplateauxindochinoisbanmethuot,1945_1962,1,de-flers-f
caoutchoucsindochinesiegesocial,hautsplateauxindochinoisbanmethuotsudviet,1945_1962,1,de-flers-f
caoutchoucsindochinesiegesocial,sifa,1945_1962,1,de-flers-f
caoutchoucskompongthom,etainswolframtonkin,1945_1962,1,de-flers-f
caoutchoucskompongthom,hautsplateauxindochinois,1945_1962,1,de-flers-f
caoutchoucskompongthom,sifa,1945_1962,1,de-flers-f
etainswolframtonkin,hautsplateauxindochinois,1945_1962,1,de-flers-f
etainswolframtonkin,hautsplateauxindochinoisbanmethuot,1945_1962,1,de-flers-f
etainswolframtonkin,hautsplateauxindochinoisbanmethuotsudviet,1945_1962,1,de-flers-f
etainswolframtonkin,sifa,1945_1962,1,de-flers-f
hautsplateauxindochinois,sifa,1945_1962,1,de-flers-f
hautsplateauxindochinoisbanmethuot,sifa,1945_1962,1,de-flers-f
hautsplateauxindochinoisbanmethuotsudviet,sifa,1945_1962,1,de-flers-f
agricoleindustriellethapmuoi,banqueiindochine,1945_1962,1,gannay-p
agricoleindustriellethapmuoi,indochinefilmscinemas,1945_1962,1,gannay-p
asiatiquenavigation,banquefrancochinoisecommerceindustrie,1945_1962,1,maxime-robert-j
asiatiquenavigation,banqueiindochine,1945_1962,1,maxime-robert-j
asiatiquenavigation,colonialeeclairageenergie,1945_1962,1,maxime-robert-j
asiatiquenavigation,creditfoncierindochine,1945_1962,1,maxime-robert-j
asiatiquenavigation,credithypothecaireindochine,1945_1962,1,maxime-robert-j
asiatiquenavigation,eauxelectriciteindochine,1945_1962,1,maxime-robert-j
asiatiquenavigation,indochinefilmscinemas,1945_1962,1,maxime-robert-j
asiatiquenavigation,indochinoiseelectricite,1945_1962,1,maxime-robert-j
asiatiquenavigation,sifa,1945_1962,1,maxime-robert-j
banquefrancochinoisecommerceindustrie,colonialeeclairageenergie,1945_1962,1,maxime-robert-j
banquefrancochinoisecommerceindustrie,creditfoncierindochine,1945_1962,1,maxime-robert-j
banquefrancochinoisecommerceindustrie,eauxelectriciteindochine,1945_1962,1,maxime-robert-j
banquefrancochinoisecommerceindustrie,indochinefilmscinemas,1945_1962,1,maxime-robert-j
banquefrancochinoisecommerceindustrie,indochinoiseelectricite,1945_1962,1,maxime-robert-j
banquefrancochinoisecommerceindustrie,unionelectriqueindochine,1945_1962,1,maxime-robert-j
banqueiindochine,colonialeeclairageenergie,1945_1962,1,maxime-robert-j
banqueiindochine,eauxelectriciteindochine,1945_1962,1,maxime-robert-j
banqueiindochine,unionelectriqueindochine,1945_1962,1,maxime-robert-j
colonialeeclairageenergie,creditfoncierindochine,1945_1962,1,maxime-robert-j
colonialeeclairageenergie,credithypothecaireindochine,1945_1962,1,maxime-robert-j
colonialeeclairageenergie,eauxelectriciteindochine,1945_1962,1,maxime-robert-j
colonialeeclairageenergie,indochinefilmscinemas,1945_1962,1,maxime-robert-j
colonialeeclairageenergie,sifa,1945_1962,1,maxime-robert-j
colonialeeclairageenergie,unionelectriqueindochine,1945_1962,1,maxime-robert-j
creditfoncierindochine,eauxelectriciteindochine,1945_1962,1,maxime-robert-j
creditfoncierindochine,indochinefilmscinemas,1945_1962,1,maxime-robert-j
creditfoncierindochine,indochinoiseelectricite,1945_1962,1,maxime-robert-j
creditfoncierindochine,sifa,1945_1962,1,maxime-robert-j
creditfoncierindochine,unionelectriqueindochine,1945_1962,1,maxime-robert-j
credithypothecaireindochine,eauxelectriciteindochine,1945_1962,1,maxime-robert-j
credithypothecaireindochine,indochinefilmscinemas,1945_1962,1,maxime-robert-j
credithypothecaireindochine,indochinoiseelectricite,1945_1962,1,maxime-robert-j
credithypothecaireindochine,unionelectriqueindochine,1945_1962,1,maxime-robert-j
eauxelectriciteindochine,indochinefilmscinemas,1945_1962,1,maxime-robert-j
eauxelectriciteindochine,unionelectriqueindochine,1945_1962,1,maxime-robert-j
indochinefilmscinemas,indochinoiseelectricite,1945_1962,1,maxime-robert-j
indochinefilmscinemas,sifa,1945_1962,1,maxime-robert-j
indochinefilmscinemas,unionelectriqueindochine,1945_1962,1,maxime-robert-j
indochinoiseelectricite,unionelectriqueindochine,1945_1962,1,maxime-robert-j
sifa,unionelectriqueindochine,1945_1962,1,maxime-robert-j
banqueiindochine,culturesextremeorient,1945_1962,1,coueslant-j
banqueiindochine,etainscammon,1945_1962,1,coueslant-j
banqueiindochine,fermiereetainsextremeorient,1945_1962,1,coueslant-j
culturesextremeorient,etainscammon,1945_1962,1,coueslant-j
culturesextremeorient,fermiereetainsextremeorient,1945_1962,1,coueslant-j
culturesextremeorient,imprimerieextremeorient,1945_1962,1,coueslant-j
etainscammon,imprimerieextremeorient,1945_1962,1,coueslant-j
fermiereetainsextremeorient,imprimerieextremeorient,1945_1962,1,coueslant-j
imprimerieextremeorient,indochinefilmscinemas,1945_1962,1,rolloy-h
agricolethescafeskontumannam,banquefrancochinoisecommerceindustrie,1945_1962,1,le-gallen-m
banquefrancochinoisecommerceindustrie,foncieretonkinannam,1945_1962,1,bussy-a-andre
banquefrancochinoisecommerceindustrie,immobilieresudasie,1945_1962,1,bussy-a-andre
credithypothecaireindochine,foncieretonkinannam,1945_1962,1,bussy-a-andre
credithypothecaireindochine,immobilieresudasie,1945_1962,1,bussy-a-andre
creditfoncierindochine,immobiliereindochine,1945_1962,1,daroussin-j
creditfoncierindochine,plantationsheveasxuanloc,1945_1962,1,daroussin-j
credithypothecaireindochine,immobiliereindochine,1945_1962,1,daroussin-j
credithypothecaireindochine,plantationsheveasxuanloc,1945_1962,1,daroussin-j
immobiliereindochine,plantationsheveasxuanloc,1945_1962,1,daroussin-j
caoutchoucsextremeorient,creditfoncierindochine,1945_1962,1,giscard-d-estaing-e
caoutchoucsextremeorient,credithypothecaireindochine,1945_1962,1,giscard-d-estaing-e
chalandageremorquageindochine,creditfoncierindochine,1945_1962,1,giscard-d-estaing-e
chalandageremorquageindochine,credithypothecaireindochine,1945_1962,1,giscard-d-estaing-e
creditfoncierindochine,indochinoiseculturestropicales,1945_1962,1,giscard-d-estaing-e
creditfoncierindochine,phosphatestonkin,1945_1962,1,giscard-d-estaing-e
creditfoncierindochine,sacric,1945_1962,1,giscard-d-estaing-e
creditfoncierindochine,sucreriesraffineriesindochine,1945_1962,1,giscard-d-estaing-e
credithypothecaireindochine,indochinoiseculturestropicales,1945_1962,1,giscard-d-estaing-e
credithypothecaireindochine,phosphatestonkin,1945_1962,1,giscard-d-estaing-e
credithypothecaireindochine,sacric,1945_1962,1,giscard-d-estaing-e
credithypothecaireindochine,sucreriesraffineriesindochine,1945_1962,1,giscard-d-estaing-e
phosphatestonkin,sucreriesraffineriesindochine,1945_1962,1,giscard-d-estaing-e
fiduciaireindochine,foncieresaigonnaise,1945_1962,1,nouailhetas-a
foncieresaigonnaise,kratie,1945_1962,1,nouailhetas-a
foncieresaigonnaise,unionfinanciereextremeorient,1945_1962,1,nouailhetas-a
colonialegestionrevision,minierethanhmoi,1945_1962,1,pierron
manufacturesindochinoisescigarettes,plantationshautdonnai,1945_1962,1,biron-l
manufacturesindochinoisescigarettes,unionfinanciereextremeorient,1945_1962,1,biron-l
fermiereetainsextremeorient,unionfinanciereextremeorient,1945_1962,1,bonnardel-j
caoutchoucsdonai,unionfinanciereextremeorient,1945_1962,1,de-chambure-h
caoutchoucskompongthom,unionfinanciereextremeorient,1945_1962,1,de-chambure-h
indochinoiseplantationsheveas,unionfinanciereextremeorient,1945_1962,1,de-chambure-h
eauxelectriciteindochine,unionfinanciereextremeorient,1945_1962,1,filuzeau-a
cambodge,indochinoiseculturesplantationsterresrouges,1945_1962,1,perot-j
indochinoiseculturescambodge,plantationsterresrougesheveasquanloicafeiersheveasjava,1945_1962,1,perot-j
caoutchoucsmekong,sifa,1945_1962,1,carrere-g
caoutchoucsmekongindochinoise,sifa,1945_1962,1,carrere-g
indochinoiseculturecaoutchoucsmekong,sifa,1945_1962,1,carrere-g
caoutchoucsmekong,urbainefonciereindochinoise,1945_1962,1,mazet-e
caoutchoucsmekongindochinoise,urbainefonciereindochinoise,1945_1962,1,mazet-e
indochinoiseculturecaoutchoucsmekong,urbainefonciereindochinoise,1945_1962,1,mazet-e
agricolethescafeskontum,caoutchoucsmekongindochinoise,1945_1962,1,petithuguenin-p
agricolethescafeskontum,foncieretonkinannam,1945_1962,1,petithuguenin-p
agricolethescafeskontum,indochinoiseculturecaoutchoucsmekong,1945_1962,1,petithuguenin-p
agricolethescafeskontumannam,caoutchoucsmekong,1945_1962,1,petithuguenin-p
agricolethescafeskontumannam,caoutchoucsmekongindochinoise,1945_1962,1,petithuguenin-p
agricolethescafeskontumannam,immobilieresudasie,1945_1962,1,petithuguenin-p
agricolethescafeskontumannam,indochinoiseculturecaoutchoucsmekong,1945_1962,1,petithuguenin-p
caoutchoucspadang,plantationsterresrougesheveasquanloicafeiersheveasjava,1945_1962,1,lecointre-g
caoutchoucsphuochoa,hautsplateauxindochinoisbanmethuot,1945_1962,1,thion-de-la-chaume-r-robert
caoutchoucsphuochoa,hautsplateauxindochinoisbanmethuotsudviet,1945_1962,1,thion-de-la-chaume-r-robert
caoutchoucsphuochoa,indochinoiseplantationsreuniesmimot,1945_1962,1,thion-de-la-chaume-r-robert
agricoleindustriellethapmuoi,hautsplateauxindochinois,1945_1962,1,lis-a
comptoirsgenerauxindochine,hautsplateauxindochinois,1945_1962,1,lis-a
comptoirsgenerauxindochine,indochinoiseplantationsheveas,1945_1962,1,lis-a
garagescharner,hautsplateauxindochinois,1945_1962,1,lis-a
hautsplateauxindochinois,indochinoiseplantationsheveas,1945_1962,1,lis-a
agricoleindustrielletourcham,ccneo,1945_1962,1,jessula-d
agricoleindustrielletourcham,hautsplateauxindochinois,1945_1962,1,jessula-d
agricoleindustrielletourcham,hautsplateauxindochinoisbanmethuot,1945_1962,1,jessula-d
agricoleindustrielletourcham,hautsplateauxindochinoisbanmethuotsudviet,1945_1962,1,jessula-d
ccneo,hautsplateauxindochinoisbanmethuot,1945_1962,1,jessula-d
ccneo,hautsplateauxindochinoisbanmethuotsudviet,1945_1962,1,jessula-d
etablissementsantoinechirisproduitsaromatiques,unioncommercialeindochinoiseafricaine,1945_1962,1,lecat-p
bienhoaindustrielleforestiere,caoutchoucsdonai,1945_1962,1,furiet-c
bienhoaindustrielleforestiere,indochinefilmscinemas,1945_1962,1,furiet-c
bienhoaindustrielleforestiere,indochinoiseplantationsheveas,1945_1962,1,furiet-c
caoutchoucsdonai,foretsscieriesbienhoa,1945_1962,1,furiet-c
caoutchoucsdonai,indochinefilmscinemas,1945_1962,1,furiet-c
foretsscieriesbienhoa,indochinefilmscinemas,1945_1962,1,furiet-c
indochinefilmscinemas,indochinoiseplantationsheveas,1945_1962,1,furiet-c
agricoleindustriellethapmuoi,caoutchoucskompongthom,1945_1962,1,arnaud-de-vogue
agricoleindustriellethapmuoi,ccneo,1945_1962,1,arnaud-de-vogue
agricoleindustriellethapmuoi,foretsscieriesbienhoa,1945_1962,1,arnaud-de-vogue
caoutchoucskompongthom,ccneo,1945_1962,1,arnaud-de-vogue
caoutchoucskompongthom,foretsscieriesbienhoa,1945_1962,1,arnaud-de-vogue
caoutchoucskompongthom,garagescharner,1945_1962,1,arnaud-de-vogue
ccneo,foretsscieriesbienhoa,1945_1962,1,arnaud-de-vogue
ccneo,garagescharner,1945_1962,1,arnaud-de-vogue
foretsscieriesbienhoa,garagescharner,1945_1962,1,arnaud-de-vogue
caoutchoucsextremeorient,caoutchoucsindochine,1945_1962,1,bernard-p
caoutchoucsextremeorient,colonialeeclairageenergie,1945_1962,1,bernard-p
caoutchoucsextremeorient,optorg,1945_1962,1,bernard-p
caoutchoucsindochine,chalandageremorquageindochine,1945_1962,1,bernard-p
caoutchoucsindochine,colonialeeclairageenergie,1945_1962,1,bernard-p
caoutchoucsindochine,optorg,1945_1962,1,bernard-p
caoutchoucsindochine,phosphatestonkin,1945_1962,1,bernard-p
caoutchoucsindochine,plantationsindochinoises,1945_1962,1,bernard-p
caoutchoucsindochine,sacric,1945_1962,1,bernard-p
caoutchoucsindochinesiegesocial,chalandageremorquageindochine,1945_1962,1,bernard-p
caoutchoucsindochinesiegesocial,colonialeeclairageenergie,1945_1962,1,bernard-p
caoutchoucsindochinesiegesocial,optorg,1945_1962,1,bernard-p
caoutchoucsindochinesiegesocial,phosphatestonkin,1945_1962,1,bernard-p
caoutchoucsindochinesiegesocial,sacric,1945_1962,1,bernard-p
chalandageremorquageindochine,colonialeeclairageenergie,1945_1962,1,bernard-p
chalandageremorquageindochine,optorg,1945_1962,1,bernard-p
colonialeeclairageenergie,optorg,1945_1962,1,bernard-p
colonialeeclairageenergie,plantationsindochinoises,1945_1962,1,bernard-p
colonialeeclairageenergie,sacric,1945_1962,1,bernard-p
indochinoiseculturestropicales,optorg,1945_1962,1,bernard-p
optorg,phosphatestonkin,1945_1962,1,bernard-p
optorg,plantationsindochinoises,1945_1962,1,bernard-p
optorg,sacric,1945_1962,1,bernard-p
phosphatestonkin,plantationsindochinoises,1945_1962,1,bernard-p
brasseriesglacieresindochine,caoutchoucsdonai,1945_1962,1,de-laboulaye-e
brasseriesglacieresindochine,chantiersateliersreunisindochine,1945_1962,1,de-laboulaye-e
brasseriesglacieresindochine,indochinoiseplantationsheveas,1945_1962,1,de-laboulaye-e
brasseriesglacieresindochine,indochinoiseplantationsreuniesmimot,1945_1962,1,de-laboulaye-e
brasseriesglacieresindochine,plantationsindochinoises,1945_1962,1,de-laboulaye-e
caoutchoucsdonai,chantiersateliersreunisindochine,1945_1962,1,de-laboulaye-e
caoutchoucsdonai,indochinoiseeauxielectriciteannam,1945_1962,1,de-laboulaye-e
caoutchoucsdonai,indochinoiseplantationsreuniesmimot,1945_1962,1,de-laboulaye-e
caoutchoucsdonai,plantationsindochinoises,1945_1962,1,de-laboulaye-e
chantiersateliersreunisindochine,indochinoiseeauxielectriciteannam,1945_1962,1,de-laboulaye-e
chantiersateliersreunisindochine,indochinoiseplantationsheveas,1945_1962,1,de-laboulaye-e
chantiersateliersreunisindochine,plantationsindochinoises,1945_1962,1,de-laboulaye-e
indochinoiseeauxielectriciteannam,indochinoiseplantationsheveas,1945_1962,1,de-laboulaye-e
indochinoiseeauxielectriciteannam,indochinoiseplantationsreuniesmimot,1945_1962,1,de-laboulaye-e
indochinoiseeauxielectriciteannam,plantationsindochinoises,1945_1962,1,de-laboulaye-e
caoutchoucskompongthom,unionelectriqueindochine,1945_1962,1,labbe-j
caoutchoucsphuochoa,unionelectriqueindochine,1945_1962,1,labbe-j
caoutchoucskompongthom,plantationsindochinoises,1945_1962,1,laurent-j
caoutchoucsphuochoa,plantationsindochinoises,1945_1962,1,laurent-j
indochinoiseculturestropicales,unioncommercialeindochinoiseafricaine,1945_1962,1,thierry-j
colonialeeclairageenergie,tramwaystonkin,1945_1962,1,toche-c
indochinoiseculturestropicales,indochinoiseelectricite,1945_1962,1,toche-c
indochinoiseculturestropicales,tramwaystonkin,1945_1962,1,toche-c
indochinoiseelectricite,tramwaystonkin,1945_1962,1,toche-c
cheminsferindochineyunnan,plantationskratie,1945_1962,1,devies-m
commercialeindochine,poinsardveyret,1945_1962,1,rauzy-p-paul
commercialeindochine,soccommercialefseindochine,1945_1962,1,rauzy-p-paul
commercialeindochine,sochonquan,1945_1962,1,rauzy-p-paul
etudesexploitationsminieresindochine,soccommercialelaos,1945_1962,1,de-vienne-h
brasseriesglacieresindochine,minieremetallurgiqueindochine,1945_1962,1,le-bret-j
indochinoiseeauxelectriciteannam,minieremetallurgiqueindochine,1945_1962,1,le-bret-j
navigationvapeurfranceindochine,soctabacsindochine,1945_1962,1,simon-s
assurancefranceindochine,foncieretonkinannam,1945_1962,1,audren-de-kerdrel-r
caoutchoucsphuochoa,etablissementsbainierindochineautohall,1945_1962,1,labbe-e
charbonnagestonkin,indochinoiseeauxelectriciteannam,1945_1962,1,denis-e
brasseriesglacieresindochine,immobiliereindochine,1945_1962,1,imp-paris
banqueindochine,distilleriesindochine,1945_1962,1,borduge-m
banqueindochine,cambodge,1945_1962,1,ph-langlois-berthelot
banqueindochine,caoutchoucsmekong,1945_1962,1,ph-langlois-berthelot
banqueindochine,plantationsterresrougesheveasquanloicafeiersheveasjava,1945_1962,1,ph-langlois-berthelot
cambodge,caoutchoucsmekong,1945_1962,1,ph-langlois-berthelot
caoutchoucsmekong,plantationsterresrougesheveasquanloicafeiersheveasjava,1945_1962,1,ph-langlois-berthelot
caoutchoucsdonai,manufacturesindochinoisescigarettes,1945_1962,1,walter-l
agricolethescafeskontum,indochinoiseplantationsreuniesmimot,1945_1962,1,fourn-g
agricolethescafeskontum,mimot,1945_1962,1,fourn-g
agricolethescafeskontumannam,indochinoiseplantationsreuniesmimot,1945_1962,1,fourn-g
agricolethescafeskontumannam,mimot,1945_1962,1,fourn-g
agricolethescafeskontumannam,forgesatelierschantiersindochine,1945_1962,1,caffort-l-leon
agricolethescafeskontumannam,urbainefonciereindochinoise,1945_1962,1,caffort-l-leon
forgesatelierschantiersindochine,urbainefonciereindochinoise,1945_1962,1,caffort-l-leon
francoannamiteindustriesoienam,magasinschaffanjon,1945_1962,1,cotte-l-leon
charbonnagestonkin,indochinoiseelectricite,1945_1962,1,baudouin-p
indochinoiseelectricite,indochinoiseplantationsheveas,1945_1962,1,baudouin-p
chalandageremorquageindochine,charbonnagestonkin,1945_1962,1,de-monplanet-c
charbonnagesdongtrieu,indochinoisecharbonnagesminesmetalliques,1945_1962,1,varenne-g
bienhoaindustrielleforestiere,charbonnagesdongtrieu,1945_1962,1,etienne-p
chalandageremorquageindochine,etablissementsdelignon,1945_1962,1,papillon-p
chalandageremorquageindochine,indochinoisecharbonnagesminesmetalliques,1945_1962,1,papillon-p
etablissementsdelignon,indochinoisecharbonnagesminesmetalliques,1945_1962,1,papillon-p
etablissementsdelignon,sacric,1945_1962,1,papillon-p
indochinoisecharbonnagesminesmetalliques,sacric,1945_1962,1,papillon-p
charbonnagestuyenquang,etainspiaouac,1945_1962,1,barondeau-g
agricoleannam,garagescharner,1945_1962,1,affre-a
agricoleannam,etablissementsdelignon,1945_1962,1,daloz-j
agricoleannam,cambodge,1945_1962,1,orio-e
agricoleannam,caoutchoucspadang,1945_1962,1,orio-e
cambodge,caoutchoucspadang,1945_1962,1,orio-e
cimentsportlandartificielsindochine,eauxelectriciteindochine,1945_1962,1,baudoin-p
moulinsentrepotscoloniaux,rizeriesindochinoises,1945_1962,1,dussuet-j
moulinsentrepotscoloniaux,rizeriesextremeorient,1945_1962,1,worms-e
comptoirsgenerauxindochine,manufacturesindochinoisescigarettes,1945_1962,1,becker-r
distilleriesindochine,minesetainhauttonkin,1945_1962,1,monguillot
etainscammon,etainsindochine,1945_1962,1,brard-r
etainscammon,minesetainhauttonkin,1945_1962,1,brard-r
etainspiaouac,minesetainhauttonkin,1945_1962,1,ramonatxo-h
foncieretonkinannam,optorg,1945_1962,1,mazet-j
foncieretonkinannam,urbainefonciereindochinoise,1945_1962,1,mazet-j
optorg,urbainefonciereindochinoise,1945_1962,1,mazet-j
bienhoaindustrielleforestiere,rizeriesextremeorient,1945_1962,1,vigouroux
caoutchoucsphuochoa,hautsplateauxindochinois,1945_1962,1,walter
caoutchoucsphuochoa,heveastayninh,1945_1962,1,walter
hautsplateauxindochinois,heveastayninh,1945_1962,1,walter
heveastayninh,mimot,1945_1962,1,walter
heveastayninh,urbainefonciereindochinoise,1945_1962,1,lambert-l
optorg,plantationsheveasxuanloc,1945_1962,1,lartigue-j
plantationsheveasxuanloc,unionfinanciereextremeorient,1945_1962,1,ed-orio
indochinoisetransports,plantationsindochinoises,1945_1962,1,pages-p
indochinefilmscinemas,manufacturesindochinoisescigarettes,1945_1962,1,orio
eauxelectriciteindochine,indochinoiseelectricite,post_1962,6,allain-p; dior-j; guillanton-a; maxime-robert-j; teissier-du-cros-e; trives-f
omniumelectriqueindustrielcommercial,tramways,post_1962,6,allain-a; allain-p; baron-r-roland; maggiar-a; maggiar-g; simon-barboux-r
commercialeindochine,rizeriesindochinoisesmaiseriesindochinoises,post_1962,5,couturiaux-r; derre-m; dussuet-j; moore-h; worms-e
moulinsentrepotscoloniaux,rizeriesindochinoisesmaiseriesindochinoises,post_1962,5,couturiaux-r; derre-m; dussuet-j; joule-u; worms-e
commercialeindochine,moulinsentrepotscoloniaux,post_1962,4,couturiaux-r; derre-m; dussuet-j; worms-e
chantiersateliersreunisindochine,manufacturesindochinoisescigarettes,post_1962,4,kaleski-g; karcher-l; picard-g; rueff-g
eauxelectriciteindochine,tramways,post_1962,4,allain-a; allain-p; maggiar-a; trives-f
etainswolframtonkin,fermiereetainsextremeorient,post_1962,4,bardoux-j; brard-r; mallet-a; petin-j
cotonnieretonkin,scieriesfabriquesallumettesthanhhoa,post_1962,4,bayle-g; benoist-p-pierre; dupre-a; le-provost-de-launay-g
etainscammon,fermiereetainsextremeorient,post_1962,3,bardoux-j; brard-r; coueslant-j
commercialeindochine,rizeriesextremeorient,post_1962,3,joly-j; moore-h; worms-e
brasseriesglacieresindochine,iindustrieindochine,post_1962,3,de-laboulaye-e; denis-e-etienne; palanque-l
eauxgazeusesindochinesegd,entrepotsfrigorifiquesindochine,post_1962,3,brasseries; challamel-a; plossu-a
eauxelectriciteindochine,omniumelectriqueindustrielcommercial,post_1962,3,allain-a; allain-p; maggiar-a
fermiereetainsextremeorient,minesetainhauttonkin,post_1962,3,brard-r; petin-j; wolfram-du-tonkin
etainsindochine,fermiereetainsextremeorient,post_1962,3,etains; mallet-a; wolfram-du-tonkin
foncieretonkinannam,immobilieresudasie,post_1962,3,bussy-a-andre; carrere-g; petithuguenin-p
rizeriesextremeorient,rizeriesindochinoisesmaiseriesindochinoises,post_1962,2,moore-h; worms-e
colonialeeclairageenergie,phosphatestonkin,post_1962,2,bernard-p; rigal-j
francoindochinoisecommissionexportation,indochinoisetransports,post_1962,2,duclos-j-jules; etcheverry-h
indochineluminescenceradio,indochinoisemessageriesautomobiles,post_1962,2,benignus-m; langlois
indochinefilmscinemas,indochineluminescenceradio,post_1962,2,benignus-m; furiet-c
indochinefilmscinemas,indochinoiseconstructionselectriquesmecaniques,post_1962,2,benignus-m; duperon-p
indochineluminescenceradio,indochinoiseconstructionselectriquesmecaniques,post_1962,2,benignus-m; langlois-s
agricolethescafeskontumannam,assurancefranceindochine,post_1962,2,audren-de-kerdrel-r; duperon-p
anciensetableiffelanct,etudesminieresextremeorient,post_1962,2,bastid-c; catalogne-e
agricolethescafeskontumannam,foncieretonkinannam,post_1962,2,audren-de-kerdrel-r; petithuguenin-p
brasseriesglacieresindochine,eauxgazeusesindochinesegd,post_1962,2,challamel-a; plossu-a
brasseriesglacieresindochine,entrepotsfrigorifiquesindochine,post_1962,2,challamel-a; plossu-a
indochinoiseelectricite,tramways,post_1962,2,allain-p; trives-f
eauxelectriciteindochine,indochinoiseforestiereallumettes,post_1962,2,guillanton-a; maxime-robert-j
indochinoiseelectricite,indochinoiseforestiereallumettes,post_1962,2,guillanton-a; maxime-robert-j
colonialeeclairageenergie,indochinoiseelectricite,post_1962,2,maxime-robert-j; toche-c
etainscammon,etainswolframtonkin,post_1962,2,bardoux-j; brard-r
etainswolframtonkin,minesetainhauttonkin,post_1962,2,brard-r; petin-j
exploitationetsbrossardmopin,foncieretonkinannam,post_1962,2,bussy-a-andre; carrere-g
exploitationetsbrossardmopin,immobilieresudasie,post_1962,2,bussy-a-andre; carrere-g
exploitationetsbrossardmopin,indochinoiseforestiereallumettes,post_1962,2,bussy-a-andre; carrere-g
foncieretonkinannam,indochinoiseforestiereallumettes,post_1962,2,bussy-a-andre; carrere-g
immobilieresudasie,indochinoiseforestiereallumettes,post_1962,2,bussy-a-andre; carrere-g
chalandageremorquageindochine,sucreriesraffineriesindochine,post_1962,2,d-estaing-g; guesde-p
papeteriesindochine,sucreriesraffineriesindochine,post_1962,2,bouvier-r; dentz-a
chauxhydrauliqueslangtho,cimentsportlandartificielsindochine,post_1962,2,candlot-c; ferrant-m
distilleriesiindochine,entreprisedragagestravauxpublics,post_1962,2,laurent-j-jean; worms-h
agricolethescafeskontumannam,distilleriesiindochine,post_1962,2,pdt-catecka; v-pdt-messageries-maritimes
caoutchoucsphuochoa,etablissementsboylandry,post_1962,1,labbe-j
caoutchoucsphuochoa,unionelectriqueindochine,post_1962,1,labbe-j
etablissementsboylandry,unionelectriqueindochine,post_1962,1,labbe-j
imprimerieextremeorient,indochinefilmscinemas,post_1962,1,rolloy-h
etainscammon,imprimerieextremeorient,post_1962,1,coueslant-j
fermiereetainsextremeorient,imprimerieextremeorient,post_1962,1,coueslant-j
francoannamiteindustriesoie,magasinschaffanjon,post_1962,1,cotte-l-leon
moulinsentrepotscoloniaux,rizeriesextremeorient,post_1962,1,worms-e
auxiliairecommercecommissionextremeorient,manufacturesindochinoisescigarettes,post_1962,1,biron-l
brasserieboheme,commercialeasiatique,post_1962,1,sireyjol
commercialeasiatique,exploitationetsbrossardmopin,post_1962,1,francois-a
chalandageremorquageindochine,colonialeeclairageenergie,post_1962,1,bernard-p
chalandageremorquageindochine,commercialeproduitsoutremer,post_1962,1,bernard-p
chalandageremorquageindochine,papeteriesindochine,post_1962,1,bernard-p
chalandageremorquageindochine,phosphatestonkin,post_1962,1,bernard-p
colonialeeclairageenergie,commercialeproduitsoutremer,post_1962,1,bernard-p
colonialeeclairageenergie,papeteriesindochine,post_1962,1,bernard-p
commercialeproduitsoutremer,papeteriesindochine,post_1962,1,bernard-p
commercialeproduitsoutremer,phosphatestonkin,post_1962,1,bernard-p
papeteriesindochine,phosphatestonkin,post_1962,1,bernard-p
garagescharner,unionminiereindochinoise,post_1962,1,arnaud-de-vogue
immobilieresudasie,indochinefilmscinemas,post_1962,1,benignus-m
immobilieresudasie,indochineluminescenceradio,post_1962,1,benignus-m
immobilieresudasie,indochinoiseconstructionselectriquesmecaniques,post_1962,1,benignus-m
immobilieresudasie,indochinoisemessageriesautomobiles,post_1962,1,benignus-m
indochinefilmscinemas,indochinoisemessageriesautomobiles,post_1962,1,benignus-m
indochinoiseconstructionselectriquesmecaniques,indochinoisemessageriesautomobiles,post_1962,1,benignus-m
indochinefilmscinemas,unionminiereindochinoise,post_1962,1,furiet-c
indochineluminescenceradio,unionminiereindochinoise,post_1962,1,furiet-c
exploitationetsbrossardmopin,indochineluminescenceradio,post_1962,1,merlet-l
eauxhanoi,indochineluminescenceradio,post_1962,1,bedat-de-monlaur-p
brasseriesglacieresindochine,rizindochinedenisfreres,post_1962,1,denis-e-etienne
iindustrieindochine,rizindochinedenisfreres,post_1962,1,denis-e-etienne
asiatiqueafricaine,unioncommercialeindochinoiseafricaine,post_1962,1,hecquet-g
agricolethescafeskontumannam,cheminsferindochineyunnan,post_1962,1,duperon-p
agricolethescafeskontumannam,hydrauliqueasie232,post_1962,1,duperon-p
agricolethescafeskontumannam,indochinefilmscinemas,post_1962,1,duperon-p
agricolethescafeskontumannam,indochinoiseconstructionselectriquesmecaniques,post_1962,1,duperon-p
agricolethescafeskontumannam,unioncommercialeindochinoiseafricaine,post_1962,1,duperon-p
assurancefranceindochine,cheminsferindochineyunnan,post_1962,1,duperon-p
assurancefranceindochine,hydrauliqueasie232,post_1962,1,duperon-p
assurancefranceindochine,indochinefilmscinemas,post_1962,1,duperon-p
assurancefranceindochine,indochinoiseconstructionselectriquesmecaniques,post_1962,1,duperon-p
assurancefranceindochine,unioncommercialeindochinoiseafricaine,post_1962,1,duperon-p
cheminsferindochineyunnan,hydrauliqueasie232,post_1962,1,duperon-p
cheminsferindochineyunnan,indochinefilmscinemas,post_1962,1,duperon-p
cheminsferindochineyunnan,indochinoiseconstructionselectriquesmecaniques,post_1962,1,duperon-p
cheminsferindochineyunnan,unioncommercialeindochinoiseafricaine,post_1962,1,duperon-p
hydrauliqueasie232,indochinefilmscinemas,post_1962,1,duperon-p
hydrauliqueasie232,indochinoiseconstructionselectriquesmecaniques,post_1962,1,duperon-p
hydrauliqueasie232,unioncommercialeindochinoiseafricaine,post_1962,1,duperon-p
indochinefilmscinemas,unioncommercialeindochinoiseafricaine,post_1962,1,duperon-p
indochinoiseconstructionselectriquesmecaniques,unioncommercialeindochinoiseafricaine,post_1962,1,duperon-p
anciensetableiffelanct,indochinefilmscinemas,post_1962,1,catalogne-e
etudesminieresextremeorient,indochinefilmscinemas,post_1962,1,catalogne-e
anciensetableiffelanct,immobiliereindochine,post_1962,1,pleutin-e
assurancefranceindochine,foncieretonkinannam,post_1962,1,audren-de-kerdrel-r
brasseriesglacieresindochine,chantiersateliersreunisindochine,post_1962,1,de-laboulaye-e
brasseriesglacieresindochine,unionminiereindochinoise,post_1962,1,de-laboulaye-e
chantiersateliersreunisindochine,iindustrieindochine,post_1962,1,de-laboulaye-e
chantiersateliersreunisindochine,unionminiereindochinoise,post_1962,1,de-laboulaye-e
iindustrieindochine,unionminiereindochinoise,post_1962,1,de-laboulaye-e
chantiersateliersreunisindochine,cheminsferindochineyunnan,post_1962,1,bodin-a-antonin
chantiersateliersreunisindochine,urbainefonciereindochinoise,post_1962,1,rueff-g
manufacturesindochinoisescigarettes,urbainefonciereindochinoise,post_1962,1,rueff-g
indochinoiseelectricite,omniumelectriqueindustrielcommercial,post_1962,1,allain-p
colonialeeclairageenergie,eauxelectriciteindochine,post_1962,1,maxime-robert-j
colonialeeclairageenergie,indochinefilmscinemas,post_1962,1,maxime-robert-j
colonialeeclairageenergie,indochinoiseforestiereallumettes,post_1962,1,maxime-robert-j
eauxelectriciteindochine,indochinefilmscinemas,post_1962,1,maxime-robert-j
indochinefilmscinemas,indochinoiseelectricite,post_1962,1,maxime-robert-j
indochinefilmscinemas,indochinoiseforestiereallumettes,post_1962,1,maxime-robert-j
etainscammon,minesetainhauttonkin,post_1962,1,brard-r
etainsindochine,minesetainhauttonkin,post_1962,1,wolfram-du-tonkin
etainsindochine,etainswolframtonkin,post_1962,1,mallet-a
agricolethescafeskontumannam,immobilieresudasie,post_1962,1,petithuguenin-p
indochinoiseforestiereallumettes,indochinoisemessageriesautomobiles,post_1962,1,chatot-j
etainswolframtonkin,indochinoiseforestiereallumettes,post_1962,1,de-flers-f
etainswolframtonkin,minieremetallurgiqueindochine,post_1962,1,de-flers-f
etainswolframtonkin,unionminiereindochinoise,post_1962,1,de-flers-f
indochinoiseforestiereallumettes,minieremetallurgiqueindochine,post_1962,1,de-flers-f
indochinoiseforestiereallumettes,unionminiereindochinoise,post_1962,1,de-flers-f
minieremetallurgiqueindochine,unionminiereindochinoise,post_1962,1,de-flers-f
charbonnagesdongtrieu,indochinoisecharbonnagesminesmetalliques,post_1962,1,varenne-g
charbonnagesdongtrieu,minieremetallurgiqueindochine,post_1962,1,varenne-g
indochinoisecharbonnagesminesmetalliques,minieremetallurgiqueindochine,post_1962,1,varenne-g
etainspiaouac,minesetainhauttonkin,post_1962,1,ramonatxo-h
agricolethescafeskontumannam,forgesatelierschantiersindochine,post_1962,1,caffort-l-leon
agricolethescafeskontumannam,urbainefonciereindochinoise,post_1962,1,caffort-l-leon
forgesatelierschantiersindochine,urbainefonciereindochinoise,post_1962,1,caffort-l-leon
chalandageremorquageindochine,etablissementsdelignon,post_1962,1,papillon-p
chalandageremorquageindochine,indochinoisecharbonnagesminesmetalliques,post_1962,1,papillon-p
etablissementsdelignon,indochinoisecharbonnagesminesmetalliques,post_1962,1,papillon-p
asiatiqueafricaine,chalandageremorquageindochine,post_1962,1,guesde-p
asiatiqueafricaine,distilleriesiindochine,post_1962,1,guesde-p
asiatiqueafricaine,sucreriesraffineriesindochine,post_1962,1,guesde-p
asiatiqueafricaine,unionelectriqueindochine,post_1962,1,guesde-p
asiatiqueafricaine,urbainefonciereindochinoise,post_1962,1,guesde-p
chalandageremorquageindochine,distilleriesiindochine,post_1962,1,guesde-p
chalandageremorquageindochine,unionelectriqueindochine,post_1962,1,guesde-p
chalandageremorquageindochine,urbainefonciereindochinoise,post_1962,1,guesde-p
distilleriesiindochine,sucreriesraffineriesindochine,post_1962,1,guesde-p
distilleriesiindochine,unionelectriqueindochine,post_1962,1,guesde-p
distilleriesiindochine,urbainefonciereindochinoise,post_1962,1,guesde-p
sucreriesraffineriesindochine,unionelectriqueindochine,post_1962,1,guesde-p
sucreriesraffineriesindochine,urbainefonciereindochinoise,post_1962,1,guesde-p
unionelectriqueindochine,urbainefonciereindochinoise,post_1962,1,guesde-p
indochinoisepyrotechniedapcau,papeteriesindochine,post_1962,1,bouvier-r
indochinoisepyrotechniedapcau,sucreriesraffineriesindochine,post_1962,1,bouvier-r
chauxhydrauliqueslangtho,distilleriesiindochine,post_1962,1,boyaval-l
asiatiqueafricaine,cimentsportlandartificielsindochine,post_1962,1,pila-f
colonialeeclairageenergie,entreprisedragagestravauxpublics,post_1962,1,rigal-j
entreprisedragagestravauxpublics,phosphatestonkin,post_1962,1,rigal-j
colonialeeclairageenergie,tramwaystonkin,post_1962,1,toche-c
indochinoiseelectricite,tramwaystonkin,post_1962,1,toche-c
etudesminieresextremeorient,indochinoiseexploitationsminieresagricoles,post_1962,1,hannotin-m
foncieretonkinannam,urbainefonciereindochinoise,post_1962,1,mazet-j
distilleriesiindochine,oxygeneacetyleneextremeorient,post_1962,1,laurent-j-jean
entreprisedragagestravauxpublics,oxygeneacetyleneextremeorient,post_1962,1,laurent-j-jean
oxygeneacetyleneextremeorient,urbainefonciereindochinoise,post_1962,1,guyot-de-la-pommeraye-j
eauxelectriciteindochine,energieelectriqueindochinoise,pre_1914,10,allain-m; baron-r-roger; chaumier-a; dervieu-p; devaux-p-paul; hebre-e; hermenier-g; homberg-o; plante-a; teissier-du-cros-e
eauxelectriciteindochine,indochinoiseelectricite,pre_1914,8,allain-m; chaumier-a; devaux-p-paul; hermenier-g; homberg-o; plante-a; teissier-du-cros-e; thion-de-la-chaume-r-rene
indochinoiseelectricite,tramways,pre_1914,7,allain; allain-m; chaumier; chaumier-a; hermenier; hermenier-g; mellier
energieelectriqueindochinoise,indochinoiseelectricite,pre_1914,7,allain-m; chaumier-a; devaux-p-paul; hermenier-g; homberg-o; plante-a; teissier-du-cros-e
rizindochinedenisfreres,unioncommercialeindochinoiseafricaine,pre_1914,7,estier-f; estier-h; hecquet-g; legrand-r; thierry-j; vigne-g; vigne-j
denisfreresindochine,rizindochinedenisfreres,pre_1914,5,de-ferry-f; delalande-l; denis-e-etienne; denis-m; souhaite-m
eauxelectriciteindochine,tramways,pre_1914,5,allain-m; baron-r-roger; chaumier-a; dervieu-p; hermenier-g
energieelectriqueindochinoise,tramways,pre_1914,5,allain-m; baron-r-roger; chaumier-a; dervieu-p; hermenier-g
immeublesdenisfreres,rizindochinedenisfreres,pre_1914,4,de-ferry-f; denis-a-alphonse; denis-e-etienne; rousseau-h
denisfreres,denisfreresindochine,pre_1914,4,de-ferry-f; delalande-l; denis-e-etienne; denis-m
denisfreres,rizindochinedenisfreres,pre_1914,4,de-ferry-f; delalande-l; denis-e-etienne; denis-m
anthracitestonkin,distilleriesindochine,pre_1914,4,fontaine-a; fontaine-a-andre; fontaine-l-leonard; homberg-o
agricolesuzannah,gommelaquejb,pre_1914,4,fernandez-g; girard-e; launay-l; waespe-f
commercialeindochine,rizeriesindochinoises,pre_1914,4,eug-ville; michel-c; rauzy-p-paul; worms-e
commercialeindochine,rizindochinedenisfreres,pre_1914,4,eug-ville; michel-c; rauzy-p-paul; worms-e
rizeriesindochinoises,rizindochinedenisfreres,pre_1914,4,eug-ville; michel-c; rauzy-p-paul; worms-e
eauxhanoi,etainswolframtonkin,pre_1914,4,brard-r; de-pourtales-r; de-wendel-f; petin-h
francoindochinoise,rizindochinedenisfreres,pre_1914,3,delalande-l; denis-a-alphonse; denis-e-etienne
forgesatelierschantiersindochine,oxygeneacetyleneextremeorient,pre_1914,3,grammont; le-chatelier-a; ziegel-f
anthracitestonkin,tabacsindochine,pre_1914,3,fontaine-a; fontaine-l-leonard; homberg-o
asiatiqueboissonsindigenes,distilleriesindochine,pre_1914,3,calmette-a; fontaine-a; fontaine-l-leonard
chauxhydrauliqueslangtho,distilleriesindochine,pre_1914,3,boyaval-l; fontaine-a; fontaine-l
distilleriesindochine,tabacsindochine,pre_1914,3,fontaine-a; fontaine-l-leonard; homberg-o
marseillaiseoutremer,rizeriesmediterranee,pre_1914,3,ed-velten; pellas-d; pellas-v
agricolesuzannah,plantationsloc,pre_1914,3,fernandez-g; girard-e; launay-l
ccneo,domainekebao,pre_1914,3,de-vogue-r; fernandez-g; launay-l
ccneo,gommelaquejb,pre_1914,3,de-vogue-r; fernandez-g; launay-l
ccneo,plantationsloc,pre_1914,3,bloch-a; fernandez-g; launay-l
domainekebao,gommelaquejb,pre_1914,3,de-vogue-r; fernandez-g; launay-l
gommelaquejb,plantationsloc,pre_1914,3,fernandez-g; girard-e; launay-l
commercialelaos,etudesexploitationsminieresindochine,pre_1914,3,bartholoni-r; de-vienne-h; dupuy-e-emile
francoannamiteindustriesoie,francoannamitetextileexportation,pre_1914,3,cotte-a; cotte-p; tortel-l
unioncommercialeindochinoise,unioncommercialeindochinoiseafricaine,pre_1914,3,fontaine-h; gaisman-a; jacquier-f
bienhoaindustrielleforestiere,tramwaysdonai,pre_1914,3,blondel; heilmann; posth
charbonnagesdongtrieu,hautmekong,pre_1914,3,harth-p; merigeault-e; vincent-a
minieretonkin,verreriesindochine,pre_1914,3,dumond-e-eugene; granval-a; gue-e
francoindochinoise,immeublesdenisfreres,pre_1914,2,denis-a-alphonse; denis-e-etienne
francoindochinoise,minestrangda,pre_1914,2,denis-a-alphonse; denis-e-etienne
immeublesdenisfreres,minestrangda,pre_1914,2,denis-a-alphonse; denis-e-etienne
minestrangda,rizindochinedenisfreres,pre_1914,2,denis-a-alphonse; denis-e-etienne
denisfreres,francoindochinoise,pre_1914,2,delalande-l; denis-e-etienne
denisfreres,immeublesdenisfreres,pre_1914,2,de-ferry-f; denis-e-etienne
denisfreresindochine,francoindochinoise,pre_1914,2,delalande-l; denis-e-etienne
denisfreresindochine,immeublesdenisfreres,pre_1914,2,de-ferry-f; denis-e-etienne
etudesculturecotonindochine,rizindochinedenisfreres,pre_1914,2,denis-e-etienne; vigne-j
industriellechimieextremeorient,tabacsindochine,pre_1914,2,homberg-o; simon-s
industriellechimieextremeorient,oxygeneacetyleneextremeorient,pre_1914,2,delorme-p; deschars-e
anthracitestonkin,industriellechimieextremeorient,pre_1914,2,delorme-p; homberg-o
anthracitestonkin,asiatiqueboissonsindigenes,pre_1914,2,fontaine-a; fontaine-l-leonard
asiatiqueboissonsindigenes,tabacsindochine,pre_1914,2,fontaine-a; fontaine-l-leonard
chauxhydrauliqueslangtho,vitalimentscoloniaux,pre_1914,2,boyaval-l; fontaine-a
distilleriesindochine,vitalimentscoloniaux,pre_1914,2,boyaval-l; fontaine-a
anthracitestonkin,verreriesextremeorient,pre_1914,2,fontaine-l-leonard; homberg-o
distilleriesindochine,gommelaquejb,pre_1914,2,boyaval-l; fontaine-l-leonard
distilleriesindochine,produitsalimentairesazotes,pre_1914,2,boyaval-l; fontaine-l-leonard
distilleriesindochine,verreriesextremeorient,pre_1914,2,fontaine-l-leonard; homberg-o
gommelaquejb,produitsalimentairesazotes,pre_1914,2,boyaval-l; fontaine-l-leonard
tabacsindochine,verreriesextremeorient,pre_1914,2,fontaine-l-leonard; homberg-o
banqueindochine,tabacsindochine,pre_1914,2,girod; homberg-o
indochinoiseelectricite,tabacsindochine,pre_1914,2,hermenier; homberg-o
anthracitestonkin,sucreriesraffineriesindochine,pre_1914,2,fontaine-a-andre; homberg-o
caoutchoucsindochine,papeteriesindochine,pre_1914,2,clerc-l; homberg-o
chalandageremorquageindochine,sucreriesraffineriesindochine,pre_1914,2,grammont-m-maxime; homberg-o
distilleriesindochine,sucreriesraffineriesindochine,pre_1914,2,fontaine-a-andre; homberg-o
eauxelectriciteindochine,etudestramwaybencatkratie,pre_1914,2,dervieu-p; homberg-o
energieelectriqueindochinoise,etudestramwaybencatkratie,pre_1914,2,dervieu-p; homberg-o
indochinoiseculturestropicales,papeteriesindochine,pre_1914,2,bouvier-r; homberg-o
indochinoiseculturestropicales,sucreriesraffineriesindochine,pre_1914,2,homberg-o; philippe-r-raymond
indochinoiseculturestropicales,verreriesextremeorient,pre_1914,2,homberg-o; philippe-r-raymond
sucreriesraffineriesindochine,verreriesextremeorient,pre_1914,2,homberg-o; philippe-r-raymond
etablissementsdumarestindochine,roanne,pre_1914,2,dumarest-l; dumarest-p
agricolesuzannah,ccneo,pre_1914,2,fernandez-g; launay-l
agricolesuzannah,domainekebao,pre_1914,2,fernandez-g; launay-l
agricolesuzannah,rizeriemoderne,pre_1914,2,fernandez-g; launay-l
ccneo,rizeriemoderne,pre_1914,2,fernandez-g; launay-l
domainekebao,plantationsloc,pre_1914,2,fernandez-g; launay-l
domainekebao,rizeriemoderne,pre_1914,2,fernandez-g; launay-l
gommelaquejb,rizeriemoderne,pre_1914,2,fernandez-g; launay-l
plantationsloc,rizeriemoderne,pre_1914,2,fernandez-g; launay-l
eauxelectriciteindochine,etablissementsdelignon,pre_1914,2,chaumier-a; thion-de-la-chaume-r-rene
etablissementsdelignon,indochinoiseelectricite,pre_1914,2,chaumier-a; thion-de-la-chaume-r-rene
estasiatique,unioncommercialeindochinoiseafricaine,pre_1914,2,delpech-j-jean; estier-h
maritimeindochinoise,unioncommercialeindochinoiseafricaine,pre_1914,2,delpech-j; estier-h
etudesculturecotonindochine,mineschodon,pre_1914,2,guesde-p; vigne-j
exploitationetablissementsbrossardmopin,gcolin,pre_1914,2,legrand-r; maspero-g
commercialeindochine,poinsardveyretcomptoirsextremeorient,pre_1914,2,michel-c; worms-e
poinsardveyretcomptoirsextremeorient,rizeriesindochinoises,pre_1914,2,michel-c; worms-e
poinsardveyretcomptoirsextremeorient,rizindochinedenisfreres,pre_1914,2,michel-c; worms-e
grandstravauxextremeorient,poinsardveyretcomptoirsextremeorient,pre_1914,2,ville-e; worms-e
comptoirtonkin,unioncommercialeindochinoise,pre_1914,2,fontaine-h; fontaine-l-lucien
comptoirtonkin,unioncommercialeindochinoiseafricaine,pre_1914,2,fontaine-e-emile; fontaine-h
agenceradiotelegraphiqueindochinepacifique,agenceradiotelegraphiqueindochinepacifiquehavas,pre_1914,2,bousquet-h; houssaye-c
assurancefrancoasiatique,directionchine,pre_1914,2,madier-h; speelman-m
etainswolframtonkin,minesbanman,pre_1914,2,brard-r; wolfram-du-tonkin
forgesatelierschantierscambodge,oxygeneacetyleneextremeorient,pre_1914,2,bernard-f; grammont
agricolesuzannah,distilleriesindochine,pre_1914,2,fontaine-a-andre; fontaine-l
etudesminieresindochine,indochinoisecimentfondulafarge,pre_1914,2,ferrant; thion-de-la-chaume
commercialeindustriellefrancoannamite,thesindochine,pre_1914,2,bourboulon-h; lionel-marie-j
heveastayninh,plantationsagavesannam,pre_1914,2,biedermann; caville-a
commercenavigationextremeorient,comptoirsgenerauxindochine,pre_1914,2,de-ligondes-h; lis-a
ccneo,compagniepuisnouvellecompagnieforestieredumekongpuisexploitationforestieredumekong,pre_1914,2,hoffet-h; vimont-a
dockshouillerestourane,unioncommercialeindochinoise,pre_1914,2,pila-u; pradel-l
ccneo,industriellecommercialesalonique,pre_1914,2,allatini-e; allatini-g
indochinoiseelectricite,industriellecommercialeindochine,pre_1914,2,chaumier; mellier
industriellecommercialeindochine,tramways,pre_1914,2,chaumier; mellier
comptoirssudannam,minespiaouac,pre_1914,1,grosieux-a
brasseriesglacieresindochine,commercialelaos,pre_1914,1,denis-e-etienne
brasseriesglacieresindochine,denisfreres,pre_1914,1,denis-e-etienne
brasseriesglacieresindochine,denisfreresindochine,pre_1914,1,denis-e-etienne
brasseriesglacieresindochine,etudesculturecotonindochine,pre_1914,1,denis-e-etienne
brasseriesglacieresindochine,francoindochinoise,pre_1914,1,denis-e-etienne
brasseriesglacieresindochine,immeublesdenisfreres,pre_1914,1,denis-e-etienne
brasseriesglacieresindochine,minestrangda,pre_1914,1,denis-e-etienne
brasseriesglacieresindochine,rizindochinedenisfreres,pre_1914,1,denis-e-etienne
commercialelaos,denisfreres,pre_1914,1,denis-e-etienne
commercialelaos,denisfreresindochine,pre_1914,1,denis-e-etienne
commercialelaos,etudesculturecotonindochine,pre_1914,1,denis-e-etienne
commercialelaos,francoindochinoise,pre_1914,1,denis-e-etienne
commercialelaos,immeublesdenisfreres,pre_1914,1,denis-e-etienne
commercialelaos,minestrangda,pre_1914,1,denis-e-etienne
commercialelaos,rizindochinedenisfreres,pre_1914,1,denis-e-etienne
denisfreres,etudesculturecotonindochine,pre_1914,1,denis-e-etienne
denisfreres,minestrangda,pre_1914,1,denis-e-etienne
denisfreresindochine,etudesculturecotonindochine,pre_1914,1,denis-e-etienne
denisfreresindochine,minestrangda,pre_1914,1,denis-e-etienne
etudesculturecotonindochine,francoindochinoise,pre_1914,1,denis-e-etienne
etudesculturecotonindochine,immeublesdenisfreres,pre_1914,1,denis-e-etienne
etudesculturecotonindochine,minestrangda,pre_1914,1,denis-e-etienne
charbonnagestonkin,cheminsferindochineyunnan,pre_1914,1,simon-s
charbonnagestonkin,industriellechimieextremeorient,pre_1914,1,simon-s
charbonnagestonkin,navigationvapeurfranceindochine,pre_1914,1,simon-s
charbonnagestonkin,tabacsindochine,pre_1914,1,simon-s
cheminsferindochineyunnan,industriellechimieextremeorient,pre_1914,1,simon-s
cheminsferindochineyunnan,navigationvapeurfranceindochine,pre_1914,1,simon-s
cheminsferindochineyunnan,tabacsindochine,pre_1914,1,simon-s
industriellechimieextremeorient,navigationvapeurfranceindochine,pre_1914,1,simon-s
navigationvapeurfranceindochine,tabacsindochine,pre_1914,1,simon-s
francoasiatiquepetrolessudindochine,oxygeneacetyleneextremeorient,pre_1914,1,braun-i
anthracitestonkin,oxygeneacetyleneextremeorient,pre_1914,1,delorme-p
anthracitestonkin,chauxhydrauliqueslangtho,pre_1914,1,fontaine-a
anthracitestonkin,vitalimentscoloniaux,pre_1914,1,fontaine-a
asiatiqueboissonsindigenes,chauxhydrauliqueslangtho,pre_1914,1,fontaine-a
asiatiqueboissonsindigenes,vitalimentscoloniaux,pre_1914,1,fontaine-a
chauxhydrauliqueslangtho,tabacsindochine,pre_1914,1,fontaine-a
tabacsindochine,vitalimentscoloniaux,pre_1914,1,fontaine-a
anthracitestonkin,etablissementsdelignon,pre_1914,1,fontaine-l-leonard
anthracitestonkin,gommelaquejb,pre_1914,1,fontaine-l-leonard
anthracitestonkin,produitsalimentairesazotes,pre_1914,1,fontaine-l-leonard
asiatiqueboissonsindigenes,etablissementsdelignon,pre_1914,1,fontaine-l-leonard
asiatiqueboissonsindigenes,gommelaquejb,pre_1914,1,fontaine-l-leonard
asiatiqueboissonsindigenes,produitsalimentairesazotes,pre_1914,1,fontaine-l-leonard
asiatiqueboissonsindigenes,verreriesextremeorient,pre_1914,1,fontaine-l-leonard
distilleriesindochine,etablissementsdelignon,pre_1914,1,fontaine-l-leonard
etablissementsdelignon,gommelaquejb,pre_1914,1,fontaine-l-leonard
etablissementsdelignon,produitsalimentairesazotes,pre_1914,1,fontaine-l-leonard
etablissementsdelignon,tabacsindochine,pre_1914,1,fontaine-l-leonard
etablissementsdelignon,verreriesextremeorient,pre_1914,1,fontaine-l-leonard
gommelaquejb,tabacsindochine,pre_1914,1,fontaine-l-leonard
gommelaquejb,verreriesextremeorient,pre_1914,1,fontaine-l-leonard
produitsalimentairesazotes,tabacsindochine,pre_1914,1,fontaine-l-leonard
produitsalimentairesazotes,verreriesextremeorient,pre_1914,1,fontaine-l-leonard
indochinoiseelectricite,laquesindochinoises,pre_1914,1,hermenier
laquesindochinoises,tabacsindochine,pre_1914,1,hermenier
laquesindochinoises,tramways,pre_1914,1,hermenier
tabacsindochine,tramways,pre_1914,1,hermenier
anthracitestonkin,ateliersmaritimeshaiphong,pre_1914,1,homberg-o
anthracitestonkin,banqueindochine,pre_1914,1,homberg-o
anthracitestonkin,caoutchoucsindochine,pre_1914,1,homberg-o
anthracitestonkin,chalandageremorquageindochine,pre_1914,1,homberg-o
anthracitestonkin,cimentsportlandartificielsindochine,pre_1914,1,homberg-o
anthracitestonkin,cotonnieresaigon,pre_1914,1,homberg-o
anthracitestonkin,eauxelectriciteindochine,pre_1914,1,homberg-o
anthracitestonkin,energieelectriqueindochinoise,pre_1914,1,homberg-o
anthracitestonkin,entreprisesdragagestravauxpublics,pre_1914,1,homberg-o
anthracitestonkin,etudestramwaybencatkratie,pre_1914,1,homberg-o
anthracitestonkin,indochinoiseculturestropicales,pre_1914,1,homberg-o
anthracitestonkin,indochinoiseelectricite,pre_1914,1,homberg-o
anthracitestonkin,papeteriesindochine,pre_1914,1,homberg-o
anthracitestonkin,phosphatestonkin,pre_1914,1,homberg-o
ateliersmaritimeshaiphong,banqueindochine,pre_1914,1,homberg-o
ateliersmaritimeshaiphong,caoutchoucsindochine,pre_1914,1,homberg-o
ateliersmaritimeshaiphong,chalandageremorquageindochine,pre_1914,1,homberg-o
ateliersmaritimeshaiphong,cimentsportlandartificielsindochine,pre_1914,1,homberg-o
ateliersmaritimeshaiphong,cotonnieresaigon,pre_1914,1,homberg-o
ateliersmaritimeshaiphong,distilleriesindochine,pre_1914,1,homberg-o
ateliersmaritimeshaiphong,eauxelectriciteindochine,pre_1914,1,homberg-o
ateliersmaritimeshaiphong,energieelectriqueindochinoise,pre_1914,1,homberg-o
ateliersmaritimeshaiphong,entreprisesdragagestravauxpublics,pre_1914,1,homberg-o
ateliersmaritimeshaiphong,etudestramwaybencatkratie,pre_1914,1,homberg-o
ateliersmaritimeshaiphong,indochinoiseculturestropicales,pre_1914,1,homberg-o
ateliersmaritimeshaiphong,indochinoiseelectricite,pre_1914,1,homberg-o
ateliersmaritimeshaiphong,industriellechimieextremeorient,pre_1914,1,homberg-o
ateliersmaritimeshaiphong,papeteriesindochine,pre_1914,1,homberg-o
ateliersmaritimeshaiphong,phosphatestonkin,pre_1914,1,homberg-o
ateliersmaritimeshaiphong,sucreriesraffineriesindochine,pre_1914,1,homberg-o
ateliersmaritimeshaiphong,tabacsindochine,pre_1914,1,homberg-o
ateliersmaritimeshaiphong,verreriesextremeorient,pre_1914,1,homberg-o
banqueindochine,caoutchoucsindochine,pre_1914,1,homberg-o
banqueindochine,chalandageremorquageindochine,pre_1914,1,homberg-o
banqueindochine,cimentsportlandartificielsindochine,pre_1914,1,homberg-o
banqueindochine,cotonnieresaigon,pre_1914,1,homberg-o
banqueindochine,distilleriesindochine,pre_1914,1,homberg-o
banqueindochine,eauxelectriciteindochine,pre_1914,1,homberg-o
banqueindochine,energieelectriqueindochinoise,pre_1914,1,homberg-o
banqueindochine,entreprisesdragagestravauxpublics,pre_1914,1,homberg-o
banqueindochine,etudestramwaybencatkratie,pre_1914,1,homberg-o
banqueindochine,indochinoiseculturestropicales,pre_1914,1,homberg-o
banqueindochine,indochinoiseelectricite,pre_1914,1,homberg-o
banqueindochine,industriellechimieextremeorient,pre_1914,1,homberg-o
banqueindochine,papeteriesindochine,pre_1914,1,homberg-o
banqueindochine,phosphatestonkin,pre_1914,1,homberg-o
banqueindochine,sucreriesraffineriesindochine,pre_1914,1,homberg-o
banqueindochine,verreriesextremeorient,pre_1914,1,homberg-o
caoutchoucsindochine,chalandageremorquageindochine,pre_1914,1,homberg-o
caoutchoucsindochine,cimentsportlandartificielsindochine,pre_1914,1,homberg-o
caoutchoucsindochine,cotonnieresaigon,pre_1914,1,homberg-o
caoutchoucsindochine,distilleriesindochine,pre_1914,1,homberg-o
caoutchoucsindochine,eauxelectriciteindochine,pre_1914,1,homberg-o
caoutchoucsindochine,energieelectriqueindochinoise,pre_1914,1,homberg-o
caoutchoucsindochine,entreprisesdragagestravauxpublics,pre_1914,1,homberg-o
caoutchoucsindochine,etudestramwaybencatkratie,pre_1914,1,homberg-o
caoutchoucsindochine,indochinoiseculturestropicales,pre_1914,1,homberg-o
caoutchoucsindochine,indochinoiseelectricite,pre_1914,1,homberg-o
caoutchoucsindochine,industriellechimieextremeorient,pre_1914,1,homberg-o
caoutchoucsindochine,phosphatestonkin,pre_1914,1,homberg-o
caoutchoucsindochine,sucreriesraffineriesindochine,pre_1914,1,homberg-o
caoutchoucsindochine,tabacsindochine,pre_1914,1,homberg-o
caoutchoucsindochine,verreriesextremeorient,pre_1914,1,homberg-o
chalandageremorquageindochine,cimentsportlandartificielsindochine,pre_1914,1,homberg-o
chalandageremorquageindochine,cotonnieresaigon,pre_1914,1,homberg-o
chalandageremorquageindochine,distilleriesindochine,pre_1914,1,homberg-o
chalandageremorquageindochine,eauxelectriciteindochine,pre_1914,1,homberg-o
chalandageremorquageindochine,energieelectriqueindochinoise,pre_1914,1,homberg-o
chalandageremorquageindochine,entreprisesdragagestravauxpublics,pre_1914,1,homberg-o
chalandageremorquageindochine,etudestramwaybencatkratie,pre_1914,1,homberg-o
chalandageremorquageindochine,indochinoiseculturestropicales,pre_1914,1,homberg-o
chalandageremorquageindochine,indochinoiseelectricite,pre_1914,1,homberg-o
chalandageremorquageindochine,industriellechimieextremeorient,pre_1914,1,homberg-o
chalandageremorquageindochine,papeteriesindochine,pre_1914,1,homberg-o
chalandageremorquageindochine,phosphatestonkin,pre_1914,1,homberg-o
chalandageremorquageindochine,tabacsindochine,pre_1914,1,homberg-o
chalandageremorquageindochine,verreriesextremeorient,pre_1914,1,homberg-o
cimentsportlandartificielsindochine,cotonnieresaigon,pre_1914,1,homberg-o
cimentsportlandartificielsindochine,distilleriesindochine,pre_1914,1,homberg-o
cimentsportlandartificielsindochine,eauxelectriciteindochine,pre_1914,1,homberg-o
cimentsportlandartificielsindochine,energieelectriqueindochinoise,pre_1914,1,homberg-o
cimentsportlandartificielsindochine,entreprisesdragagestravauxpublics,pre_1914,1,homberg-o
cimentsportlandartificielsindochine,etudestramwaybencatkratie,pre_1914,1,homberg-o
cimentsportlandartificielsindochine,indochinoiseculturestropicales,pre_1914,1,homberg-o
cimentsportlandartificielsindochine,indochinoiseelectricite,pre_1914,1,homberg-o
cimentsportlandartificielsindochine,industriellechimieextremeorient,pre_1914,1,homberg-o
cimentsportlandartificielsindochine,papeteriesindochine,pre_1914,1,homberg-o
cimentsportlandartificielsindochine,phosphatestonkin,pre_1914,1,homberg-o
cimentsportlandartificielsindochine,sucreriesraffineriesindochine,pre_1914,1,homberg-o
cimentsportlandartificielsindochine,tabacsindochine,pre_1914,1,homberg-o
cimentsportlandartificielsindochine,verreriesextremeorient,pre_1914,1,homberg-o
cotonnieresaigon,distilleriesindochine,pre_1914,1,homberg-o
cotonnieresaigon,eauxelectriciteindochine,pre_1914,1,homberg-o
cotonnieresaigon,energieelectriqueindochinoise,pre_1914,1,homberg-o
cotonnieresaigon,entreprisesdragagestravauxpublics,pre_1914,1,homberg-o
cotonnieresaigon,etudestramwaybencatkratie,pre_1914,1,homberg-o
cotonnieresaigon,indochinoiseculturestropicales,pre_1914,1,homberg-o
cotonnieresaigon,indochinoiseelectricite,pre_1914,1,homberg-o
cotonnieresaigon,industriellechimieextremeorient,pre_1914,1,homberg-o
cotonnieresaigon,papeteriesindochine,pre_1914,1,homberg-o
cotonnieresaigon,phosphatestonkin,pre_1914,1,homberg-o
cotonnieresaigon,sucreriesraffineriesindochine,pre_1914,1,homberg-o
cotonnieresaigon,tabacsindochine,pre_1914,1,homberg-o
cotonnieresaigon,verreriesextremeorient,pre_1914,1,homberg-o
distilleriesindochine,eauxelectriciteindochine,pre_1914,1,homberg-o
distilleriesindochine,energieelectriqueindochinoise,pre_1914,1,homberg-o
distilleriesindochine,entreprisesdragagestravauxpublics,pre_1914,1,homberg-o
distilleriesindochine,etudestramwaybencatkratie,pre_1914,1,homberg-o
distilleriesindochine,indochinoiseculturestropicales,pre_1914,1,homberg-o
distilleriesindochine,indochinoiseelectricite,pre_1914,1,homberg-o
distilleriesindochine,industriellechimieextremeorient,pre_1914,1,homberg-o
distilleriesindochine,papeteriesindochine,pre_1914,1,homberg-o
distilleriesindochine,phosphatestonkin,pre_1914,1,homberg-o
eauxelectriciteindochine,entreprisesdragagestravauxpublics,pre_1914,1,homberg-o
eauxelectriciteindochine,indochinoiseculturestropicales,pre_1914,1,homberg-o
eauxelectriciteindochine,industriellechimieextremeorient,pre_1914,1,homberg-o
eauxelectriciteindochine,papeteriesindochine,pre_1914,1,homberg-o
eauxelectriciteindochine,phosphatestonkin,pre_1914,1,homberg-o
eauxelectriciteindochine,sucreriesraffineriesindochine,pre_1914,1,homberg-o
eauxelectriciteindochine,tabacsindochine,pre_1914,1,homberg-o
eauxelectriciteindochine,verreriesextremeorient,pre_1914,1,homberg-o
energieelectriqueindochinoise,entreprisesdragagestravauxpublics,pre_1914,1,homberg-o
energieelectriqueindochinoise,indochinoiseculturestropicales,pre_1914,1,homberg-o
energieelectriqueindochinoise,industriellechimieextremeorient,pre_1914,1,homberg-o
energieelectriqueindochinoise,papeteriesindochine,pre_1914,1,homberg-o
energieelectriqueindochinoise,phosphatestonkin,pre_1914,1,homberg-o
energieelectriqueindochinoise,sucreriesraffineriesindochine,pre_1914,1,homberg-o
energieelectriqueindochinoise,tabacsindochine,pre_1914,1,homberg-o
energieelectriqueindochinoise,verreriesextremeorient,pre_1914,1,homberg-o
entreprisesdragagestravauxpublics,etudestramwaybencatkratie,pre_1914,1,homberg-o
entreprisesdragagestravauxpublics,indochinoiseculturestropicales,pre_1914,1,homberg-o
entreprisesdragagestravauxpublics,indochinoiseelectricite,pre_1914,1,homberg-o
entreprisesdragagestravauxpublics,industriellechimieextremeorient,pre_1914,1,homberg-o
entreprisesdragagestravauxpublics,papeteriesindochine,pre_1914,1,homberg-o
entreprisesdragagestravauxpublics,phosphatestonkin,pre_1914,1,homberg-o
entreprisesdragagestravauxpublics,sucreriesraffineriesindochine,pre_1914,1,homberg-o
entreprisesdragagestravauxpublics,tabacsindochine,pre_1914,1,homberg-o
entreprisesdragagestravauxpublics,verreriesextremeorient,pre_1914,1,homberg-o
etudestramwaybencatkratie,indochinoiseculturestropicales,pre_1914,1,homberg-o
etudestramwaybencatkratie,indochinoiseelectricite,pre_1914,1,homberg-o
etudestramwaybencatkratie,industriellechimieextremeorient,pre_1914,1,homberg-o
etudestramwaybencatkratie,papeteriesindochine,pre_1914,1,homberg-o
etudestramwaybencatkratie,phosphatestonkin,pre_1914,1,homberg-o
etudestramwaybencatkratie,sucreriesraffineriesindochine,pre_1914,1,homberg-o
etudestramwaybencatkratie,tabacsindochine,pre_1914,1,homberg-o
etudestramwaybencatkratie,verreriesextremeorient,pre_1914,1,homberg-o
indochinoiseculturestropicales,indochinoiseelectricite,pre_1914,1,homberg-o
indochinoiseculturestropicales,industriellechimieextremeorient,pre_1914,1,homberg-o
indochinoiseculturestropicales,phosphatestonkin,pre_1914,1,homberg-o
indochinoiseculturestropicales,tabacsindochine,pre_1914,1,homberg-o
indochinoiseelectricite,industriellechimieextremeorient,pre_1914,1,homberg-o
indochinoiseelectricite,papeteriesindochine,pre_1914,1,homberg-o
indochinoiseelectricite,phosphatestonkin,pre_1914,1,homberg-o
indochinoiseelectricite,sucreriesraffineriesindochine,pre_1914,1,homberg-o
indochinoiseelectricite,verreriesextremeorient,pre_1914,1,homberg-o
industriellechimieextremeorient,papeteriesindochine,pre_1914,1,homberg-o
industriellechimieextremeorient,phosphatestonkin,pre_1914,1,homberg-o
industriellechimieextremeorient,sucreriesraffineriesindochine,pre_1914,1,homberg-o
industriellechimieextremeorient,verreriesextremeorient,pre_1914,1,homberg-o
papeteriesindochine,phosphatestonkin,pre_1914,1,homberg-o
papeteriesindochine,sucreriesraffineriesindochine,pre_1914,1,homberg-o
papeteriesindochine,tabacsindochine,pre_1914,1,homberg-o
papeteriesindochine,verreriesextremeorient,pre_1914,1,homberg-o
phosphatestonkin,sucreriesraffineriesindochine,pre_1914,1,homberg-o
phosphatestonkin,tabacsindochine,pre_1914,1,homberg-o
phosphatestonkin,verreriesextremeorient,pre_1914,1,homberg-o
sucreriesraffineriesindochine,tabacsindochine,pre_1914,1,homberg-o
etablissementsdumarestindochine,indochinoiseculturescambodge,pre_1914,1,rimaud-a
honquan,rizeriesmediterranee,pre_1914,1,bonnasse-j
marseillaiseoutremer,rizeriesmeridionales,pre_1914,1,pellas-v
rizeriesmediterranee,rizeriesmeridionales,pre_1914,1,pellas-v
commercenavigationextremeorient,rizeriemoderne,pre_1914,1,jessula-d
energieelectriqueindochinoise,etablissementsdelignon,pre_1914,1,chaumier-a
etablissementsdelignon,tramways,pre_1914,1,chaumier-a
chalandageremorquageindochine,etablissementsdelignon,pre_1914,1,simoni-p
chalandageremorquageindochine,industrielleforestiereindochine,pre_1914,1,simoni-p
chalandageremorquageindochine,laquesindochinoises,pre_1914,1,simoni-p
etablissementsdelignon,industrielleforestiereindochine,pre_1914,1,simoni-p
etablissementsdelignon,laquesindochinoises,pre_1914,1,simoni-p
industrielleforestiereindochine,laquesindochinoises,pre_1914,1,simoni-p
estasiatique,maritimeindochinoise,pre_1914,1,estier-h
estasiatique,rizindochinedenisfreres,pre_1914,1,estier-h
maritimeindochinoise,rizindochinedenisfreres,pre_1914,1,estier-h
etudesculturecotonindochine,tuileriesindochine,pre_1914,1,vigne-j
etudesculturecotonindochine,unioncommercialeindochinoiseafricaine,pre_1914,1,vigne-j
mineschodon,rizindochinedenisfreres,pre_1914,1,vigne-j
mineschodon,tuileriesindochine,pre_1914,1,vigne-j
mineschodon,unioncommercialeindochinoiseafricaine,pre_1914,1,vigne-j
rizindochinedenisfreres,tuileriesindochine,pre_1914,1,vigne-j
tuileriesindochine,unioncommercialeindochinoiseafricaine,pre_1914,1,vigne-j
indochinoiseculturescambodge,rizindochinedenisfreres,pre_1914,1,barthou-l-leon
assurancefranceindochine,exploitationetablissementsbrossardmopin,pre_1914,1,legrand-r
assurancefranceindochine,gcolin,pre_1914,1,legrand-r
assurancefranceindochine,rizindochinedenisfreres,pre_1914,1,legrand-r
assurancefranceindochine,unioncommercialeindochinoiseafricaine,pre_1914,1,legrand-r
exploitationetablissementsbrossardmopin,rizindochinedenisfreres,pre_1914,1,legrand-r
exploitationetablissementsbrossardmopin,unioncommercialeindochinoiseafricaine,pre_1914,1,legrand-r
gcolin,rizindochinedenisfreres,pre_1914,1,legrand-r
gcolin,unioncommercialeindochinoiseafricaine,pre_1914,1,legrand-r
commercialeindochine,grandstravauxextremeorient,pre_1914,1,worms-e
grandstravauxextremeorient,rizeriesindochinoises,pre_1914,1,worms-e
grandstravauxextremeorient,rizindochinedenisfreres,pre_1914,1,worms-e
industrielleexportationextremeorient,typhon,pre_1914,1,ducamp-a
marseillaiseoutremer,sericicoleindochinoise,pre_1914,1,lacaze-e
agenceradiotelegraphiqueindochinepacifique,indochinoiseculturescambodge,pre_1914,1,bousquet-h
agenceradiotelegraphiqueindochinepacifiquehavas,indochinoiseculturescambodge,pre_1914,1,bousquet-h
ateliersmaritimeshaiphong,etudetramwaysindochinepayscirconvoisins,pre_1914,1,briffaud-p
ateliersmaritimeshaiphong,maritimeindochinoise,pre_1914,1,briffaud-p
etudetramwaysindochinepayscirconvoisins,maritimeindochinoise,pre_1914,1,briffaud-p
cheminsferindochineyunnan,entreprisessinoindochinoises,pre_1914,1,getten-m
eauxelectriciteindochine,indochinoisegraphites,pre_1914,1,dervieu-p
energieelectriqueindochinoise,indochinoisegraphites,pre_1914,1,dervieu-p
etudestramwaybencatkratie,indochinoisegraphites,pre_1914,1,dervieu-p
etudestramwaybencatkratie,tramways,pre_1914,1,dervieu-p
indochinoisegraphites,tramways,pre_1914,1,dervieu-p
sericicoleindochinoise,soiesfranceindochine,pre_1914,1,bertrand-h
etainswolframtonkin,hautmekong,pre_1914,1,metallurgique-de-l-indochine
charbonnagesdongtrieu,indochinoisecharbonnagesminesmetalliques,pre_1914,1,merigeault-e
hautmekong,indochinoisecharbonnagesminesmetalliques,pre_1914,1,merigeault-e
brasseriesglacieresindochine,hautmekong,pre_1914,1,le-bret-j
charbonnagestonkin,recherchesexploitationsminieres,pre_1914,1,ferrant-r
anthracitestonkin,recherchesexploitationsminieres,pre_1914,1,jordan-p
eauxhanoi,minesbanman,pre_1914,1,brard-r
forgesatelierschantierscambodge,forgesatelierschantiersindochine,pre_1914,1,grammont
forgesatelierschantiersindochine,honquan,pre_1914,1,mitaranga
chalandageremorquageindochine,estasiatique,pre_1914,1,guesde-p
chalandageremorquageindochine,etudesculturecotonindochine,pre_1914,1,guesde-p
chalandageremorquageindochine,mineschodon,pre_1914,1,guesde-p
chalandageremorquageindochine,rizeriesextremeorient,pre_1914,1,guesde-p
chalandageremorquageindochine,thesindochine,pre_1914,1,guesde-p
estasiatique,etudesculturecotonindochine,pre_1914,1,guesde-p
estasiatique,mineschodon,pre_1914,1,guesde-p
estasiatique,rizeriesextremeorient,pre_1914,1,guesde-p
estasiatique,thesindochine,pre_1914,1,guesde-p
etudesculturecotonindochine,rizeriesextremeorient,pre_1914,1,guesde-p
etudesculturecotonindochine,thesindochine,pre_1914,1,guesde-p
mineschodon,rizeriesextremeorient,pre_1914,1,guesde-p
mineschodon,thesindochine,pre_1914,1,guesde-p
rizeriesextremeorient,thesindochine,pre_1914,1,guesde-p
grandstravauxextremeorient,rizeriesextremeorient,pre_1914,1,ville-e
poinsardveyretcomptoirsextremeorient,rizeriesextremeorient,pre_1914,1,ville-e
chalandageremorquageindochine,charbonnagesdongtrieu,pre_1914,1,de-lansalut-c
chalandageremorquageindochine,gcolin,pre_1914,1,grammont-m-maxime
gcolin,sucreriesraffineriesindochine,pre_1914,1,grammont-m-maxime
etudesculturecotonindochine,financierefrancepaysoutremer,pre_1914,1,bouvier-r
etudesculturecotonindochine,indochinoiseculturestropicales,pre_1914,1,bouvier-r
etudesculturecotonindochine,papeteriesindochine,pre_1914,1,bouvier-r
financierefrancepaysoutremer,indochinoiseculturestropicales,pre_1914,1,bouvier-r
financierefrancepaysoutremer,papeteriesindochine,pre_1914,1,bouvier-r
tuileriesindochine,typhon,pre_1914,1,bourgouin-h
agricolesuzannah,anthracitestonkin,pre_1914,1,fontaine-a-andre
agricolesuzannah,sucreriesraffineriesindochine,pre_1914,1,fontaine-a-andre
anthracitestonkin,brasseriesglacieresindochine,pre_1914,1,de-laboulaye-e
chauxhydrauliqueslangtho,cimentsportlandartificielsindochine,pre_1914,1,perpignani-n
chauxhydrauliqueslangtho,commercenavigationextremeorient,pre_1914,1,boyaval-l
chauxhydrauliqueslangtho,gommelaquejb,pre_1914,1,boyaval-l
chauxhydrauliqueslangtho,produitsalimentairesazotes,pre_1914,1,boyaval-l
commercenavigationextremeorient,distilleriesindochine,pre_1914,1,boyaval-l
commercenavigationextremeorient,gommelaquejb,pre_1914,1,boyaval-l
commercenavigationextremeorient,produitsalimentairesazotes,pre_1914,1,boyaval-l
commercenavigationextremeorient,vitalimentscoloniaux,pre_1914,1,boyaval-l
gommelaquejb,vitalimentscoloniaux,pre_1914,1,boyaval-l
produitsalimentairesazotes,vitalimentscoloniaux,pre_1914,1,boyaval-l
agricolesuzannah,chauxhydrauliqueslangtho,pre_1914,1,fontaine-l
agricolesuzannah,forgesatelierschantierscambodge,pre_1914,1,fontaine-l
chauxhydrauliqueslangtho,forgesatelierschantierscambodge,pre_1914,1,fontaine-l
distilleriesindochine,forgesatelierschantierscambodge,pre_1914,1,fontaine-l
cotonnieretonkin,cotonnieretonkinnamdinh,pre_1914,1,le-provost-de-launay-g
entreprisessinoindochinoises,indochinoisecharbonnagesminesmetalliques,pre_1914,1,chemin-dupontes-g
entreprisessinoindochinoises,etudetramwaysindochinepayscirconvoisins,pre_1914,1,freynet-c
agricolekontoum,bienhoaindustrielleforestiere,pre_1914,1,bernard-f
agricolekontoum,etudestramwaybencatkratie,pre_1914,1,bernard-f
agricolekontoum,forgesatelierschantierscambodge,pre_1914,1,bernard-f
agricolekontoum,messageriesfluvialescochinchine,pre_1914,1,bernard-f
agricolekontoum,oxygeneacetyleneextremeorient,pre_1914,1,bernard-f
bienhoaindustrielleforestiere,etudestramwaybencatkratie,pre_1914,1,bernard-f
bienhoaindustrielleforestiere,forgesatelierschantierscambodge,pre_1914,1,bernard-f
bienhoaindustrielleforestiere,messageriesfluvialescochinchine,pre_1914,1,bernard-f
bienhoaindustrielleforestiere,oxygeneacetyleneextremeorient,pre_1914,1,bernard-f
etudestramwaybencatkratie,forgesatelierschantierscambodge,pre_1914,1,bernard-f
etudestramwaybencatkratie,messageriesfluvialescochinchine,pre_1914,1,bernard-f
etudestramwaybencatkratie,oxygeneacetyleneextremeorient,pre_1914,1,bernard-f
forgesatelierschantierscambodge,messageriesfluvialescochinchine,pre_1914,1,bernard-f
messageriesfluvialescochinchine,oxygeneacetyleneextremeorient,pre_1914,1,bernard-f
etudestramwaybencatkratie,indochinoiseculturescambodge,pre_1914,1,de-rivaud-o
exploitationetablissementsbrossardmopin,indochinoiseforestiereallumettes,pre_1914,1,maspero-g
gcolin,indochinoiseforestiereallumettes,pre_1914,1,maspero-g
indochinoisegraphites,minieretonkin,pre_1914,1,granval-a
indochinoisegraphites,verreriesindochine,pre_1914,1,granval-a
indochinoisecharbonnagesminesmetalliques,phosphatestonkin,pre_1914,1,lancrenon-p
estasiatique,etudesminieresindochine,pre_1914,1,thion-de-la-chaume
estasiatique,indochinoisecimentfondulafarge,pre_1914,1,thion-de-la-chaume
indochinoisetransports,rizeriesseine,pre_1914,1,poinsinet-de-sivry-g
eauxhanoi,laquesindochinoises,pre_1914,1,bedat
charbonnagestonkin,mineschodon,pre_1914,1,luc-a-albert
caoutchoucspadang,etudesculturecotonindochine,pre_1914,1,siegfried-e
agricolekontoum,commercialeindustriellefrancoannamite,pre_1914,1,lionel-marie-j
agricolekontoum,thesindochine,pre_1914,1,lionel-marie-j
industriellecommercialesalonique,plantationsloc,pre_1914,1,bloch-a-achille
rizeriesmeridionales,sericicoleindochinoise,pre_1914,1,pellas-f
grandshotelsindochinois,heveastayninh,pre_1914,1,lambert
assurancefranceindochine,plantationsagavesannam,pre_1914,1,mazet-e
commercialethesindochinois,optorg,pre_1914,1,bernard-p
ccneo,commercenavigationextremeorient,pre_1914,1,hoffet-h
commercenavigationextremeorient,compagniepuisnouvellecompagnieforestieredumekongpuisexploitationforestieredumekong,pre_1914,1,hoffet-h
etablissementsbainierindochineautohall,tramways,pre_1914,1,ferret-e
banqueindochine,cheminsfergarantiscoloniesfrancaises,pre_1914,1,durrieu-h
banqueindochine,dockshouillerestourane,pre_1914,1,pila-u
banqueindochine,unioncommercialeindochinoise,pre_1914,1,pila-u
caoutchoucspadang,francoindochinoise,pre_1914,1,raverat-g
compagniepuisnouvellecompagnieforestieredumekongpuisexploitationforestieredumekong,lyonnaisecolonisationindochinerepriseconcessionparcyrillecottin,pre_1914,1,balay-j
