{"type":"Feature","properties":{"name":"Natural Earth land","source":"Natural Earth, ne_*_land (public domain)","simplified_degrees":0.12,"precision_decimals":2,"polygons":1175,"rings_dropped_as_subpixel":246,"min_area_sq_degrees":0.008,"points":14361,"points_before_simplification":60669,"scale":"50m"},"geometry":{"type":"MultiPolygon","coordinates":[[[[180.0,-16.17],[179.56,-16.64],[179.93,-16.52],[179.93,-16.74],[179.2,-16.71],[178.71,-16.98],[178.5,-16.79],[178.58,-16.62],[180.0,-16.17]]],[[[143.18,-11.95],[143.11,-12.3],[143.4,-12.64],[143.76,-14.35],[143.96,-14.46],[144.47,-14.23],[145.29,-14.94],[145.43,-16.41],[145.91,-16.91],[146.13,-17.64],[146.03,-18.27],[146.33,-18.55],[146.38,-18.98],[147.42,-19.38],[147.74,-19.77],[148.76,-20.29],[148.88,-20.48],[148.68,-20.58],[149.45,-21.58],[149.7,-22.44],[149.97,-22.55],[150.02,-22.17],[150.54,-22.56],[150.62,-22.37],[150.84,-23.46],[151.83,-24.12],[153.16,-25.96],[153.12,-27.19],[153.62,-28.67],[153.03,-30.56],[152.94,-31.43],[152.47,-32.44],[151.81,-32.9],[151.29,-33.58],[150.8,-35.01],[150.2,-35.83],[149.93,-37.53],[149.48,-37.77],[147.88,-37.93],[146.86,-38.66],[146.22,-38.73],[146.47,-38.84],[146.4,-39.15],[145.4,-38.54],[145.48,-38.24],[144.96,-38.5],[144.72,-38.34],[145.12,-38.09],[144.89,-37.9],[144.4,-38.14],[144.67,-38.21],[143.54,-38.82],[142.46,-38.39],[141.42,-38.36],[140.39,-37.9],[139.78,-37.25],[139.73,-36.37],[138.97,-35.58],[139.29,-35.61],[139.28,-35.38],[138.18,-35.61],[138.51,-35.02],[138.09,-34.17],[137.69,-35.14],[136.88,-35.24],[137.01,-34.92],[137.39,-34.91],[137.49,-34.16],[137.93,-33.58],[137.85,-33.2],[137.99,-33.09],[137.78,-32.58],[137.24,-33.63],[136.43,-34.03],[135.89,-34.66],[135.97,-34.98],[135.65,-34.94],[135.12,-34.59],[135.45,-34.58],[135.22,-33.96],[134.72,-33.26],[134.3,-33.17],[134.1,-32.75],[134.23,-32.55],[133.67,-32.21],[132.76,-31.96],[132.21,-32.01],[131.14,-31.5],[128.95,-31.7],[127.32,-32.26],[125.92,-32.3],[124.24,-33.02],[123.51,-33.92],[122.15,-33.99],[121.41,-33.83],[119.85,-33.97],[119.45,-34.37],[117.86,-35.05],[116.52,-34.99],[115.01,-34.26],[114.99,-33.52],[115.36,-33.64],[115.68,-33.19],[115.7,-31.69],[115.08,-30.56],[114.86,-29.14],[114.17,-28.08],[114.03,-27.35],[113.18,-26.18],[113.32,-26.24],[113.36,-26.08],[113.58,-26.56],[113.84,-26.5],[113.45,-25.6],[113.71,-25.83],[113.72,-26.13],[113.85,-26.01],[113.99,-26.32],[114.22,-26.29],[114.21,-25.85],[113.42,-24.44],[113.76,-23.42],[113.68,-22.64],[114.02,-21.88],[114.14,-22.48],[114.71,-21.82],[116.71,-20.65],[117.41,-20.72],[119.1,-20.0],[119.59,-20.04],[121.0,-19.6],[121.83,-18.48],[122.35,-18.11],[122.15,-17.55],[122.26,-17.14],[122.97,-16.44],[123.56,-17.52],[123.59,-17.03],[123.83,-17.12],[123.87,-16.92],[123.49,-16.49],[123.61,-16.22],[124.77,-16.4],[124.4,-16.3],[124.65,-15.87],[124.5,-15.97],[124.38,-15.76],[124.44,-15.49],[124.69,-15.27],[125.06,-15.44],[124.84,-15.16],[125.04,-15.0],[125.36,-15.12],[125.18,-14.71],[125.58,-14.48],[125.63,-14.26],[125.66,-14.53],[126.02,-14.49],[126.05,-13.98],[126.57,-14.16],[126.9,-13.74],[127.46,-14.03],[128.2,-14.75],[128.07,-15.33],[128.58,-14.77],[129.06,-14.88],[129.22,-15.16],[129.27,-14.87],[129.63,-15.14],[129.64,-14.85],[129.85,-14.83],[129.38,-14.39],[129.84,-13.57],[130.26,-13.3],[130.17,-12.96],[130.62,-12.65],[130.62,-12.43],[130.87,-12.56],[131.29,-12.07],[131.44,-12.28],[132.41,-12.3],[132.71,-12.12],[132.67,-11.65],[132.07,-11.47],[131.82,-11.3],[131.96,-11.18],[135.03,-12.19],[135.92,-11.83],[135.7,-12.21],[136.01,-12.19],[136.08,-12.42],[136.26,-12.43],[136.27,-12.13],[136.54,-11.96],[136.95,-12.35],[136.54,-12.78],[136.46,-13.23],[135.93,-13.3],[135.95,-13.93],[135.45,-14.92],[138.25,-16.72],[139.01,-16.9],[139.25,-17.33],[140.04,-17.7],[140.51,-17.62],[140.83,-17.41],[141.41,-16.07],[141.63,-15.06],[141.47,-13.8],[141.61,-12.94],[141.92,-12.8],[141.69,-12.35],[141.96,-12.05],[142.17,-10.95],[142.61,-10.75],[142.87,-11.82],[143.18,-11.95]]],[[[178.28,-17.37],[178.59,-17.65],[178.67,-18.08],[177.96,-18.26],[177.32,-18.08],[177.26,-17.86],[177.5,-17.54],[178.28,-17.37]]],[[[164.2,-20.25],[165.19,-20.77],[166.94,-22.09],[166.97,-22.32],[166.47,-22.26],[164.93,-21.29],[164.17,-20.48],[164.04,-20.17],[164.2,-20.25]]],[[[127.73,0.85],[127.88,0.83],[128.22,1.4],[128.69,1.57],[128.7,1.11],[128.26,0.73],[128.9,0.22],[127.98,0.47],[127.89,0.3],[127.98,-0.25],[128.43,-0.89],[127.69,-0.24],[127.61,0.85],[127.43,1.14],[127.63,1.84],[128.04,2.2],[127.89,1.83],[128.01,1.33],[127.65,1.01],[127.73,0.85]]],[[[69.18,-49.11],[69.59,-48.97],[69.64,-49.12],[69.41,-49.18],[69.54,-49.26],[70.32,-49.06],[70.56,-49.2],[70.39,-49.43],[69.76,-49.43],[70.25,-49.53],[70.12,-49.7],[69.15,-49.53],[68.87,-49.71],[68.83,-48.85],[69.06,-48.66],[69.03,-49.02],[69.18,-49.11]]],[[[63.37,80.7],[62.52,80.82],[64.1,81.0],[64.31,81.18],[65.17,81.14],[65.44,80.93],[63.37,80.7]]],[[[57.96,80.12],[57.33,80.16],[57.08,80.49],[59.26,80.34],[57.96,80.12]]],[[[-25.43,70.92],[-25.4,70.65],[-26.22,70.45],[-28.04,70.49],[-27.62,70.91],[-25.82,71.04],[-25.43,70.92]]],[[[159.75,-9.27],[160.35,-9.42],[160.82,-9.86],[159.8,-9.76],[159.61,-9.47],[159.75,-9.27]]],[[[117.31,8.44],[117.35,8.71],[119.22,10.48],[119.55,11.31],[119.69,10.5],[118.78,9.92],[118.43,9.26],[117.31,8.44]]],[[[122.5,11.62],[122.89,11.44],[123.16,11.54],[123.12,11.29],[122.77,10.82],[121.95,10.44],[122.1,11.64],[121.92,11.85],[122.5,11.62]]],[[[123.13,9.06],[122.4,9.82],[122.86,10.09],[122.98,10.89],[123.26,10.99],[123.57,10.78],[123.16,9.86],[123.32,9.27],[123.13,9.06]]],[[[124.57,11.34],[124.93,11.37],[125.03,11.21],[125.01,10.79],[125.27,10.31],[125.14,10.19],[124.99,10.37],[125.03,10.03],[124.78,10.17],[124.74,10.88],[124.45,10.92],[124.31,11.49],[124.57,11.34]]],[[[125.24,12.53],[125.54,12.19],[125.49,11.59],[125.74,11.05],[125.23,11.15],[124.95,11.48],[125.0,11.76],[124.33,12.4],[124.29,12.57],[125.24,12.53]]],[[[120.7,13.48],[121.2,13.43],[121.52,13.13],[121.54,12.64],[121.24,12.22],[120.34,13.41],[120.7,13.48]]],[[[155.96,-6.69],[155.72,-6.86],[155.34,-6.72],[155.2,-6.31],[154.76,-5.93],[154.73,-5.44],[155.09,-5.62],[155.96,-6.69]]],[[[152.97,-4.76],[152.74,-4.64],[152.67,-4.13],[152.28,-3.58],[150.75,-2.74],[150.83,-2.57],[152.03,-3.25],[153.02,-4.11],[153.13,-4.35],[152.97,-4.76]]],[[[138.54,-8.27],[137.65,-8.39],[138.08,-7.57],[138.77,-7.39],[138.99,-7.7],[138.54,-8.27]]],[[[129.75,-2.87],[130.57,-3.13],[130.86,-3.57],[130.81,-3.86],[129.84,-3.33],[129.47,-3.45],[128.86,-3.23],[128.52,-3.45],[128.13,-3.16],[127.9,-3.5],[127.88,-3.22],[128.2,-2.87],[129.75,-2.87]]],[[[126.86,-3.09],[127.24,-3.47],[126.94,-3.76],[126.55,-3.77],[126.06,-3.42],[126.09,-3.11],[126.86,-3.09]]],[[[122.78,-8.61],[121.04,-8.94],[119.91,-8.86],[119.81,-8.7],[119.87,-8.42],[120.61,-8.24],[121.44,-8.58],[121.97,-8.46],[122.32,-8.63],[122.85,-8.3],[122.85,-8.09],[123.01,-8.33],[122.78,-8.61]]],[[[120.01,-9.37],[120.8,-10.11],[120.44,-10.29],[119.6,-9.77],[119.04,-9.67],[118.96,-9.52],[119.19,-9.38],[120.01,-9.37]]],[[[118.24,-8.32],[118.93,-8.3],[119.08,-8.73],[118.43,-8.86],[118.38,-8.67],[117.51,-9.01],[116.79,-9.01],[116.84,-8.53],[117.16,-8.37],[117.97,-8.73],[118.23,-8.59],[117.76,-8.15],[118.12,-8.12],[118.24,-8.32]]],[[[116.64,-8.61],[116.59,-8.89],[115.86,-8.79],[116.08,-8.74],[116.06,-8.44],[116.4,-8.2],[116.72,-8.34],[116.64,-8.61]]],[[[115.45,-8.16],[115.7,-8.41],[115.14,-8.85],[115.06,-8.57],[114.47,-8.17],[115.45,-8.16]]],[[[106.05,-1.67],[106.37,-2.46],[106.82,-2.57],[106.67,-3.07],[106.0,-2.82],[105.79,-2.18],[105.13,-2.04],[105.46,-1.57],[105.7,-1.73],[105.91,-1.5],[106.05,-1.67]]],[[[22.62,58.62],[23.32,58.45],[22.37,58.22],[22.0,57.93],[22.19,58.15],[21.88,58.26],[21.86,58.5],[22.62,58.62]]],[[[21.61,78.6],[22.04,78.58],[22.3,78.23],[23.45,78.15],[23.12,77.99],[24.9,77.76],[22.8,77.28],[22.43,77.32],[22.69,77.55],[20.93,77.46],[21.65,77.92],[20.23,78.48],[21.61,78.6]]],[[[62.17,80.83],[62.08,80.62],[61.05,80.42],[59.29,80.57],[59.72,80.84],[62.17,80.83]]],[[[47.44,80.85],[48.45,80.81],[48.68,80.63],[47.71,80.77],[46.14,80.45],[44.9,80.61],[47.44,80.85]]],[[[50.28,80.93],[51.7,80.69],[48.81,80.35],[48.68,80.3],[48.98,80.16],[47.74,80.08],[47.89,80.24],[46.64,80.3],[49.09,80.52],[49.24,80.82],[50.28,80.93]]],[[[50.27,69.19],[48.91,68.74],[48.44,68.8],[48.28,69.04],[48.41,69.35],[48.95,69.51],[50.27,69.19]]],[[[60.45,69.93],[60.44,69.73],[59.72,69.71],[58.95,69.89],[58.47,70.27],[59.05,70.46],[60.45,69.93]]],[[[70.67,73.1],[69.92,73.08],[70.0,73.36],[70.35,73.48],[71.02,73.5],[71.63,73.22],[70.67,73.1]]],[[[92.68,79.69],[91.07,79.98],[93.8,79.9],[92.68,79.69]]],[[[113.39,74.4],[112.78,74.1],[111.5,74.35],[112.08,74.55],[113.39,74.4]]],[[[141.01,74.0],[140.41,73.92],[140.1,74.18],[140.94,74.26],[141.1,74.17],[141.01,74.0]]],[[[23.85,35.54],[24.17,35.6],[24.35,35.36],[25.73,35.35],[25.79,35.12],[26.32,35.32],[26.17,35.02],[24.8,34.93],[24.46,35.16],[23.59,35.26],[23.57,35.53],[23.74,35.66],[23.85,35.54]]],[[[23.42,38.96],[24.13,38.65],[24.28,38.22],[24.58,38.02],[23.25,38.8],[22.88,38.85],[23.42,38.96]]],[[[34.46,35.59],[33.94,35.29],[34.05,34.99],[33.01,34.57],[32.45,34.73],[32.32,34.95],[32.3,35.08],[32.88,35.18],[32.94,35.39],[33.61,35.35],[34.46,35.59]]],[[[19.08,57.84],[18.81,57.71],[18.91,57.4],[18.15,56.92],[18.29,57.08],[18.14,57.56],[18.54,57.83],[19.08,57.84]]],[[[12.57,55.79],[12.22,55.47],[12.41,55.29],[12.09,55.19],[12.05,54.82],[11.86,54.77],[11.65,55.19],[11.29,55.2],[10.98,55.72],[11.63,55.96],[11.82,55.7],[11.87,55.97],[12.22,56.12],[12.58,56.06],[12.57,55.79]]],[[[10.65,55.61],[10.82,55.32],[10.62,55.05],[9.99,55.16],[9.86,55.36],[9.86,55.52],[10.65,55.61]]],[[[3.15,39.79],[3.46,39.7],[3.07,39.3],[2.37,39.57],[2.9,39.91],[3.2,39.96],[3.15,39.79]]],[[[-120.56,-73.76],[-120.27,-73.99],[-120.99,-74.16],[-121.0,-74.33],[-122.29,-74.4],[-122.94,-74.3],[-122.62,-73.97],[-123.35,-73.84],[-123.01,-73.67],[-120.56,-73.76]]],[[[-126.33,-73.29],[-125.26,-73.67],[-125.86,-73.78],[-124.54,-73.74],[-124.04,-73.88],[-124.15,-73.94],[-123.8,-74.08],[-123.84,-74.23],[-125.09,-74.18],[-126.58,-73.67],[-127.21,-73.72],[-127.43,-73.45],[-127.27,-73.3],[-126.33,-73.29]]],[[[-66.17,-80.08],[-67.81,-79.55],[-66.01,-79.62],[-65.5,-79.95],[-66.17,-80.08]]],[[[-57.85,-64.05],[-57.48,-63.96],[-57.22,-64.22],[-57.41,-64.3],[-57.29,-64.37],[-58.21,-64.37],[-58.02,-64.24],[-58.44,-64.11],[-58.27,-63.92],[-57.83,-63.8],[-57.85,-64.05]]],[[[-63.18,-64.47],[-63.28,-64.57],[-62.84,-64.57],[-63.74,-64.83],[-64.27,-64.7],[-63.49,-64.26],[-63.18,-64.47]]],[[[-73.71,-70.64],[-73.55,-70.72],[-73.69,-70.79],[-74.81,-71.01],[-76.27,-71.13],[-76.51,-70.99],[-74.95,-70.59],[-74.59,-70.79],[-74.4,-70.58],[-73.71,-70.64]]],[[[-74.99,-69.73],[-74.44,-69.95],[-74.67,-70.13],[-75.8,-70.04],[-74.99,-69.73]]],[[[-98.09,-71.91],[-98.17,-72.12],[-97.58,-71.88],[-97.58,-72.1],[-97.35,-72.19],[-96.87,-71.85],[-96.12,-71.9],[-96.98,-72.22],[-95.61,-72.07],[-95.58,-72.41],[-96.08,-72.45],[-96.05,-72.58],[-98.41,-72.55],[-102.31,-72.08],[-100.22,-71.83],[-99.78,-72.04],[-98.62,-71.76],[-98.09,-71.91]]],[[[-74.35,-73.1],[-74.67,-73.28],[-74.37,-73.46],[-74.57,-73.61],[-76.1,-73.15],[-75.28,-73.05],[-75.73,-72.88],[-75.38,-72.82],[-74.34,-72.92],[-74.35,-73.1]]],[[[-67.99,-67.47],[-68.82,-67.75],[-69.14,-67.52],[-68.42,-66.85],[-67.83,-66.62],[-67.68,-66.71],[-67.97,-67.03],[-67.69,-67.15],[-68.24,-67.37],[-67.99,-67.47]]],[[[-178.88,71.58],[-177.5,71.22],[-179.16,70.94],[-180.0,70.99],[-180.0,71.54],[-178.88,71.58]]],[[[-58.85,-51.27],[-58.43,-51.32],[-58.51,-51.48],[-58.27,-51.57],[-58.26,-51.42],[-57.92,-51.4],[-57.84,-51.71],[-58.68,-51.94],[-58.65,-52.1],[-59.2,-52.02],[-59.07,-52.17],[-59.53,-52.24],[-59.57,-51.93],[-59.06,-51.69],[-59.1,-51.49],[-58.85,-51.27]]],[[[-37.1,-54.07],[-36.33,-54.25],[-35.8,-54.76],[-36.09,-54.87],[-36.89,-54.34],[-38.02,-54.01],[-37.1,-54.07]]],[[[-73.77,-43.35],[-74.39,-43.23],[-74.04,-41.8],[-73.53,-41.9],[-73.42,-42.19],[-73.47,-42.47],[-73.79,-42.59],[-73.44,-42.94],[-73.77,-43.35]]],[[[-60.29,-51.46],[-59.27,-51.43],[-60.51,-52.19],[-60.96,-52.06],[-60.24,-51.77],[-60.58,-51.71],[-60.25,-51.64],[-60.57,-51.36],[-60.29,-51.46]]],[[[-74.48,-49.15],[-74.59,-50.01],[-74.76,-50.01],[-74.88,-49.73],[-74.72,-49.42],[-75.07,-49.85],[-75.55,-49.79],[-75.31,-49.49],[-75.47,-49.36],[-75.09,-49.27],[-75.21,-49.15],[-74.9,-48.73],[-74.55,-48.77],[-74.48,-49.15]]],[[[-72.99,-44.78],[-73.4,-44.77],[-73.26,-44.35],[-72.78,-44.51],[-72.99,-44.78]]],[[[-61.8,49.09],[-63.04,49.22],[-64.49,49.89],[-62.86,49.71],[-61.82,49.28],[-61.8,49.09]]],[[[-61.11,45.94],[-60.87,45.98],[-61.06,45.7],[-60.74,45.75],[-60.46,45.97],[-60.73,45.96],[-60.3,46.31],[-59.87,46.16],[-59.83,45.97],[-60.67,45.59],[-61.45,45.72],[-61.41,46.17],[-60.49,47.01],[-60.33,46.77],[-60.49,46.27],[-61.11,45.94]]],[[[-171.46,63.64],[-170.43,63.7],[-169.55,63.37],[-168.72,63.31],[-169.68,62.96],[-170.85,63.44],[-171.63,63.35],[-171.82,63.48],[-171.75,63.7],[-171.46,63.64]]],[[[-166.14,60.38],[-165.73,60.31],[-165.59,59.91],[-166.15,59.76],[-167.44,60.21],[-166.14,60.38]]],[[[-163.48,54.98],[-163.08,54.67],[-164.07,54.62],[-164.59,54.4],[-164.9,54.54],[-164.48,54.91],[-163.48,54.98]]],[[[-77.26,18.46],[-76.35,18.15],[-76.21,17.91],[-76.85,17.97],[-77.2,17.71],[-77.77,17.88],[-78.33,18.35],[-77.87,18.52],[-77.26,18.46]]],[[[-66.13,18.44],[-65.63,18.38],[-65.97,17.97],[-67.2,17.99],[-67.16,18.5],[-66.13,18.44]]],[[[-152.9,57.82],[-152.43,57.83],[-152.48,57.7],[-152.22,57.58],[-152.94,57.5],[-152.68,57.35],[-153.73,57.05],[-153.64,56.96],[-153.97,56.77],[-153.79,56.99],[-154.24,57.14],[-154.34,56.92],[-154.71,57.34],[-154.12,57.65],[-153.69,57.31],[-153.84,57.86],[-153.49,57.73],[-153.16,57.97],[-152.9,57.82]]],[[[-152.42,58.36],[-151.97,58.31],[-152.11,58.16],[-152.27,58.25],[-152.93,57.99],[-153.38,58.09],[-152.77,58.28],[-152.84,58.42],[-152.42,58.36]]],[[[-130.98,55.49],[-131.19,55.21],[-131.45,55.41],[-131.81,55.22],[-131.62,55.83],[-131.27,55.96],[-130.98,55.49]]],[[[-133.57,56.34],[-133.2,56.32],[-132.17,55.48],[-132.63,55.47],[-131.98,55.21],[-132.02,54.73],[-133.12,55.33],[-132.96,55.4],[-133.03,55.59],[-133.68,55.79],[-133.24,55.92],[-133.74,55.96],[-133.57,56.34]]],[[[-133.37,57.0],[-133.0,56.93],[-132.96,56.68],[-133.33,56.83],[-133.16,56.5],[-133.48,56.45],[-133.98,57.01],[-133.37,57.0]]],[[[-134.97,57.35],[-134.62,56.72],[-134.68,56.22],[-134.98,56.52],[-134.88,56.68],[-135.33,56.82],[-135.2,57.03],[-135.45,57.25],[-135.81,57.01],[-135.82,57.28],[-135.45,57.53],[-134.97,57.35]]],[[[-134.68,58.16],[-134.24,58.14],[-133.82,57.63],[-134.31,58.03],[-133.91,57.37],[-134.44,57.06],[-134.61,57.14],[-134.49,57.48],[-134.93,58.33],[-134.68,58.16]]],[[[-135.73,58.24],[-135.61,57.99],[-135.35,58.12],[-134.95,58.02],[-134.97,57.82],[-135.34,57.77],[-134.98,57.72],[-134.93,57.48],[-135.56,57.67],[-135.69,57.42],[-135.91,57.45],[-136.57,57.97],[-136.32,58.22],[-136.14,58.1],[-135.73,58.24]]],[[[-128.55,52.94],[-128.51,52.52],[-128.68,52.29],[-128.75,52.76],[-128.9,52.67],[-129.18,52.99],[-129.03,53.28],[-128.55,52.94]]],[[[-132.66,54.13],[-132.17,53.96],[-132.53,53.65],[-132.19,53.68],[-132.13,54.03],[-131.67,54.14],[-132.01,53.27],[-132.75,53.31],[-132.43,53.35],[-132.85,53.51],[-133.1,54.01],[-133.05,54.16],[-132.66,54.13]]],[[[-131.75,53.2],[-131.63,52.92],[-131.97,52.88],[-131.46,52.7],[-131.59,52.58],[-131.14,52.29],[-131.22,52.15],[-132.17,52.78],[-132.14,53.0],[-132.55,53.14],[-131.75,53.2]]],[[[-63.81,46.47],[-62.02,46.42],[-62.53,46.2],[-62.53,45.98],[-63.02,46.07],[-62.98,46.32],[-63.21,46.16],[-63.64,46.23],[-64.39,46.64],[-63.99,47.06],[-64.09,46.78],[-63.81,46.47]]],[[[-72.51,40.99],[-71.9,41.06],[-73.19,40.65],[-74.03,40.64],[-73.57,40.92],[-72.27,41.15],[-72.51,40.99]]],[[[151.92,-4.3],[152.41,-4.34],[152.35,-4.82],[151.98,-5.07],[152.08,-5.46],[151.52,-5.55],[151.23,-5.92],[150.47,-6.26],[149.65,-6.29],[148.34,-5.67],[148.43,-5.47],[149.83,-5.52],[150.09,-5.01],[150.18,-5.52],[150.9,-5.45],[151.33,-4.96],[151.67,-4.88],[151.59,-4.2],[151.92,-4.3]]],[[[127.3,-8.42],[125.41,-9.28],[124.43,-10.15],[123.6,-10.27],[123.71,-9.61],[125.18,-8.65],[126.97,-8.32],[127.3,-8.42]]],[[[145.04,-40.79],[146.32,-41.16],[148.22,-40.85],[148.34,-42.22],[148.21,-41.97],[148.02,-42.26],[147.98,-43.16],[147.79,-43.22],[147.65,-43.02],[147.8,-42.93],[147.57,-42.85],[147.45,-43.03],[147.3,-42.79],[147.25,-43.22],[147.0,-43.16],[146.87,-43.61],[146.04,-43.55],[145.99,-43.38],[146.21,-43.32],[145.87,-43.29],[145.49,-42.93],[145.2,-42.23],[145.47,-42.49],[145.52,-42.35],[145.23,-42.2],[144.77,-41.39],[144.72,-40.67],[145.04,-40.79]]],[[[96.53,81.08],[97.87,80.76],[97.11,80.61],[97.42,80.32],[97.18,80.24],[93.65,80.01],[91.52,80.36],[92.83,80.62],[93.26,80.79],[92.61,80.81],[93.36,81.03],[95.8,81.28],[96.53,81.08]]],[[[97.67,80.16],[98.02,80.02],[97.65,79.76],[98.6,80.05],[100.06,79.78],[99.68,79.32],[99.04,79.29],[99.9,79.01],[99.44,78.83],[95.02,79.05],[94.22,79.4],[93.07,79.5],[94.99,80.1],[97.67,80.16]]],[[[102.88,79.25],[102.41,78.84],[103.8,79.15],[105.15,78.82],[105.31,78.5],[100.08,77.97],[99.29,78.04],[100.02,78.34],[100.42,78.75],[100.96,78.79],[100.86,78.9],[101.05,79.12],[101.59,79.35],[102.25,79.26],[102.18,79.37],[102.4,79.43],[103.04,79.33],[102.88,79.25]]],[[[140.05,75.83],[140.82,75.63],[140.99,75.96],[141.49,76.14],[145.36,75.53],[144.02,75.04],[142.82,75.27],[142.7,75.45],[142.94,75.71],[142.31,75.69],[142.09,75.66],[142.2,75.39],[143.13,74.97],[142.47,74.82],[141.99,74.99],[140.27,74.85],[139.68,74.96],[139.1,74.66],[138.09,74.8],[137.01,75.24],[136.98,75.37],[137.29,75.35],[137.27,75.75],[137.71,75.76],[137.5,75.91],[137.63,75.99],[138.81,76.2],[140.05,75.83]]],[[[142.18,73.9],[143.34,73.57],[143.45,73.23],[139.69,73.43],[140.38,73.48],[141.08,73.87],[142.18,73.9]]],[[[146.8,75.37],[148.43,75.41],[148.59,75.24],[150.82,75.16],[150.58,74.92],[149.84,74.8],[148.3,74.8],[146.15,75.2],[146.44,75.56],[146.8,75.37]]],[[[173.27,-34.93],[173.45,-34.84],[174.14,-35.3],[174.32,-35.25],[174.58,-35.79],[174.4,-35.8],[174.8,-36.31],[174.72,-36.84],[175.54,-37.2],[175.46,-36.48],[175.77,-36.74],[176.11,-37.65],[177.27,-37.99],[178.01,-37.55],[178.54,-37.69],[178.27,-38.55],[177.98,-38.72],[177.91,-39.24],[177.52,-39.07],[177.08,-39.22],[176.94,-39.56],[177.11,-39.67],[176.84,-40.16],[175.98,-41.21],[175.31,-41.61],[174.88,-41.42],[174.87,-41.22],[174.64,-41.29],[175.16,-40.62],[175.16,-40.11],[173.76,-39.32],[174.6,-38.79],[174.93,-37.8],[174.59,-37.1],[174.73,-37.22],[174.93,-37.08],[174.48,-36.94],[174.19,-36.49],[174.4,-36.6],[174.39,-36.24],[173.91,-35.91],[174.1,-36.39],[173.41,-35.54],[173.63,-35.32],[173.38,-35.5],[173.12,-35.21],[173.19,-35.02],[172.71,-34.46],[173.04,-34.43],[173.27,-34.93]]],[[[173.12,-41.28],[173.95,-40.92],[173.8,-41.27],[174.0,-40.99],[174.3,-41.02],[174.04,-41.24],[174.37,-41.1],[174.07,-41.43],[174.08,-41.67],[174.28,-41.74],[173.22,-42.98],[172.62,-43.27],[172.73,-43.35],[172.53,-43.46],[173.07,-43.68],[173.07,-43.87],[172.48,-43.73],[172.3,-43.87],[172.04,-43.7],[172.18,-43.9],[171.24,-44.26],[171.15,-44.91],[171.0,-44.91],[171.11,-45.04],[170.7,-45.68],[170.78,-45.87],[170.34,-45.99],[169.69,-46.55],[169.1,-46.63],[168.38,-46.61],[168.19,-46.36],[167.54,-46.15],[166.83,-46.23],[166.71,-46.13],[166.92,-45.96],[166.49,-45.96],[166.51,-45.81],[167.0,-45.71],[166.8,-45.65],[166.99,-45.53],[166.73,-45.54],[166.87,-45.31],[167.16,-45.41],[167.03,-45.12],[167.91,-44.66],[167.86,-44.5],[168.37,-44.08],[169.18,-43.91],[170.3,-43.11],[170.74,-43.03],[170.97,-42.72],[171.04,-42.86],[171.49,-41.79],[171.95,-41.54],[172.27,-40.76],[172.94,-40.52],[172.7,-40.67],[172.99,-40.85],[173.12,-41.28]]],[[[126.01,9.32],[126.3,8.95],[126.14,8.6],[126.46,8.2],[126.58,7.25],[126.19,6.85],[126.19,6.31],[125.82,7.33],[125.69,7.26],[125.38,6.69],[125.67,5.98],[125.35,5.6],[125.23,6.07],[124.93,5.88],[124.08,6.4],[123.99,6.99],[124.21,7.4],[123.67,7.82],[123.49,7.81],[123.39,7.41],[123.1,7.7],[122.84,7.53],[122.62,7.76],[122.14,6.95],[121.96,6.97],[122.24,7.95],[122.91,8.16],[123.43,8.7],[123.85,8.43],[123.8,8.05],[124.2,8.23],[124.4,8.6],[124.73,8.56],[124.87,8.97],[125.14,8.87],[125.21,9.03],[125.5,9.01],[125.47,9.76],[126.01,9.32]]],[[[121.1,18.62],[121.85,18.3],[122.27,18.46],[122.15,17.66],[122.52,17.12],[122.14,16.18],[121.6,15.93],[121.39,15.32],[121.77,14.17],[122.21,13.93],[122.2,14.15],[122.63,14.32],[122.93,14.19],[123.1,13.75],[123.32,14.06],[123.82,13.84],[123.55,13.65],[123.79,13.11],[124.14,13.04],[124.06,12.57],[123.88,12.69],[123.95,12.92],[123.31,13.04],[123.16,13.44],[122.6,13.91],[122.47,13.89],[122.6,13.19],[121.78,13.94],[121.34,13.65],[120.84,13.88],[120.64,13.8],[120.62,14.19],[120.94,14.65],[120.58,14.88],[120.59,14.48],[120.44,14.45],[120.08,14.85],[119.77,16.26],[120.37,16.11],[120.36,17.64],[120.6,18.51],[121.1,18.62]]],[[[133.47,-0.73],[134.11,-0.85],[134.19,-2.31],[134.46,-2.83],[134.63,-2.54],[134.7,-2.93],[135.09,-3.35],[135.49,-3.35],[136.39,-2.27],[137.07,-2.11],[137.12,-1.84],[137.91,-1.48],[139.79,-2.35],[140.62,-2.45],[144.48,-3.83],[145.77,-4.82],[145.75,-5.4],[147.42,-5.97],[147.8,-6.32],[147.81,-6.7],[147.12,-6.72],[146.96,-6.93],[147.26,-7.46],[148.13,-8.1],[148.58,-9.05],[149.2,-9.03],[149.26,-9.5],[150.01,-9.69],[149.76,-9.81],[149.87,-10.01],[150.85,-10.24],[150.45,-10.31],[150.65,-10.52],[150.32,-10.65],[149.75,-10.35],[147.77,-10.07],[147.02,-9.39],[146.96,-9.06],[146.63,-8.95],[146.03,-8.08],[144.51,-7.57],[144.14,-7.76],[143.65,-7.46],[143.94,-7.94],[143.52,-8.0],[143.61,-8.2],[142.52,-8.32],[142.21,-8.2],[143.11,-8.47],[143.38,-8.76],[143.37,-8.96],[142.65,-9.33],[142.23,-9.17],[141.13,-9.22],[140.0,-8.2],[140.12,-7.92],[139.39,-8.19],[139.25,-7.98],[138.93,-8.26],[139.09,-7.59],[138.75,-7.25],[139.18,-7.19],[138.6,-6.94],[138.86,-6.86],[138.44,-6.34],[138.37,-5.84],[138.2,-5.81],[138.34,-5.68],[138.09,-5.71],[138.06,-5.47],[137.28,-4.95],[135.2,-4.45],[134.68,-4.08],[134.89,-3.94],[133.97,-3.82],[133.68,-3.48],[133.84,-3.05],[133.52,-3.41],[133.4,-3.9],[132.97,-4.09],[132.75,-3.29],[132.01,-2.86],[132.23,-2.68],[132.73,-2.79],[133.19,-2.44],[133.7,-2.62],[133.92,-2.1],[132.31,-2.24],[132.02,-1.99],[131.93,-1.56],[131.0,-1.42],[131.26,-0.86],[132.51,-0.35],[133.47,-0.73]]],[[[124.89,1.0],[124.43,0.47],[123.75,0.31],[123.0,0.49],[120.58,0.53],[120.19,0.27],[120.06,-0.56],[120.67,-1.37],[121.15,-1.34],[121.58,-0.83],[121.97,-0.93],[123.17,-0.57],[123.43,-0.78],[123.38,-1.0],[122.9,-0.9],[122.25,-1.56],[121.36,-1.88],[122.29,-2.91],[122.4,-3.2],[122.25,-3.62],[122.85,-4.06],[122.87,-4.39],[122.11,-4.54],[122.04,-4.83],[121.59,-4.76],[121.62,-4.09],[120.89,-3.52],[121.05,-2.75],[120.65,-2.67],[120.26,-2.95],[120.44,-3.71],[120.28,-5.15],[120.43,-5.59],[119.56,-5.61],[119.36,-5.31],[119.62,-4.03],[119.47,-3.51],[118.87,-3.4],[118.78,-2.72],[119.09,-2.48],[119.32,-1.93],[119.51,-0.91],[119.71,-0.68],[119.84,-0.86],[119.72,-0.09],[120.27,0.97],[120.6,0.85],[121.08,1.33],[122.84,0.85],[123.93,0.85],[124.99,1.7],[125.23,1.5],[124.89,1.0]]],[[[107.37,-6.01],[108.33,-6.29],[108.68,-6.79],[110.43,-6.95],[110.83,-6.42],[111.18,-6.69],[112.54,-6.93],[112.79,-7.55],[113.01,-7.66],[114.07,-7.63],[114.41,-7.79],[114.39,-8.41],[114.58,-8.77],[113.25,-8.29],[111.51,-8.31],[109.28,-7.7],[108.22,-7.78],[106.46,-7.37],[106.52,-7.05],[105.27,-6.73],[105.48,-6.78],[106.07,-5.91],[106.83,-6.1],[107.05,-5.9],[107.37,-6.01]]],[[[96.49,5.23],[97.55,5.21],[98.25,4.41],[98.31,4.09],[99.73,3.18],[100.52,2.19],[100.89,1.95],[100.83,2.24],[101.05,2.26],[101.48,1.69],[102.02,1.44],[102.39,0.84],[102.95,0.66],[103.01,0.42],[102.55,0.22],[103.34,0.51],[103.67,0.29],[103.79,0.05],[103.43,-0.19],[103.44,-0.58],[103.72,-0.89],[104.36,-1.04],[104.52,-1.82],[104.85,-2.09],[104.65,-2.6],[104.97,-2.37],[105.4,-2.38],[106.04,-3.11],[105.84,-3.61],[105.75,-5.82],[105.35,-5.55],[105.08,-5.75],[104.64,-5.52],[104.6,-5.9],[101.58,-3.17],[100.89,-2.25],[100.31,-0.83],[99.67,0.05],[99.16,0.35],[98.6,1.86],[97.7,2.36],[97.59,2.85],[96.97,3.58],[96.44,3.82],[95.43,4.87],[95.21,5.28],[95.28,5.59],[96.49,5.23]]],[[[116.81,6.69],[117.23,6.94],[117.69,6.35],[117.5,5.88],[118.0,6.05],[118.12,5.86],[117.97,5.71],[118.35,5.81],[119.26,5.37],[119.13,5.1],[118.26,4.99],[118.19,4.83],[118.55,4.38],[117.7,4.34],[117.5,4.13],[117.78,3.69],[117.06,3.62],[118.07,2.32],[117.79,2.03],[118.98,0.98],[118.53,0.81],[117.91,1.1],[117.96,0.89],[117.52,0.24],[117.56,-0.77],[116.91,-1.22],[116.74,-1.04],[116.75,-1.33],[116.28,-1.78],[116.42,-1.78],[116.31,-2.14],[116.55,-2.41],[116.32,-2.55],[116.26,-3.13],[115.96,-3.6],[114.69,-4.17],[114.53,-3.38],[114.34,-3.44],[114.34,-3.24],[113.71,-3.46],[113.61,-3.2],[113.34,-3.25],[113.03,-2.93],[112.76,-3.32],[111.86,-3.55],[111.69,-2.89],[110.93,-3.07],[110.9,-2.91],[110.26,-2.97],[109.98,-1.27],[109.68,-0.94],[109.29,-0.85],[109.37,-0.64],[109.13,-0.45],[109.26,0.03],[108.94,0.36],[108.91,0.79],[109.08,1.5],[109.63,2.03],[109.86,1.76],[111.22,1.4],[111.03,1.56],[111.21,2.38],[111.44,2.38],[111.51,2.74],[112.99,3.16],[113.92,4.24],[114.01,4.58],[115.0,5.02],[115.43,4.97],[115.58,5.19],[115.42,5.41],[115.88,5.61],[116.75,6.98],[116.81,6.69]]],[[[67.77,76.24],[61.36,75.31],[60.28,75.01],[60.5,74.9],[59.67,74.61],[59.24,74.69],[59.04,74.49],[58.53,74.5],[58.62,74.23],[57.77,74.01],[57.76,73.77],[57.31,73.84],[57.54,73.66],[56.63,73.3],[54.3,73.35],[53.76,73.77],[54.64,73.96],[55.34,74.42],[56.14,74.5],[55.58,74.63],[56.5,74.96],[56.0,75.0],[55.82,75.09],[55.92,75.17],[56.57,75.1],[56.84,75.35],[57.61,75.34],[58.06,75.66],[60.94,76.07],[61.2,76.28],[64.46,76.38],[67.65,77.01],[68.94,76.71],[67.77,76.24]]],[[[55.32,73.31],[56.43,73.2],[56.12,72.81],[55.4,72.55],[55.52,72.22],[55.3,71.94],[56.45,71.11],[57.63,70.73],[57.15,70.59],[56.39,70.73],[56.56,70.59],[56.43,70.56],[53.72,70.81],[53.38,70.87],[53.61,70.91],[53.59,71.05],[54.16,71.13],[53.41,71.34],[53.41,71.53],[51.94,71.47],[51.44,71.78],[51.58,72.07],[52.62,72.3],[52.92,72.67],[52.55,72.77],[53.37,72.92],[53.25,73.18],[55.32,73.31]]],[[[142.76,54.39],[143.32,52.96],[143.19,51.94],[143.82,50.28],[144.71,48.64],[144.05,49.25],[143.1,49.2],[142.56,47.74],[143.22,46.79],[143.49,46.75],[143.58,46.36],[143.43,46.03],[143.28,46.56],[142.58,46.7],[142.08,45.92],[141.83,46.45],[142.18,48.01],[141.87,48.75],[142.14,49.57],[142.21,51.22],[141.72,51.74],[141.66,52.27],[141.82,53.34],[142.53,53.45],[142.71,53.9],[142.33,54.28],[142.76,54.39]]],[[[143.82,44.12],[144.72,43.93],[145.37,44.33],[145.14,43.66],[145.34,43.3],[145.83,43.39],[144.92,43.0],[143.97,42.88],[143.24,42.0],[141.85,42.58],[140.99,42.34],[140.48,42.56],[140.33,42.29],[141.15,41.81],[140.66,41.82],[140.27,41.46],[140.04,41.47],[140.11,41.91],[139.84,42.28],[139.86,42.58],[140.43,42.95],[140.39,43.3],[141.37,43.28],[141.76,44.48],[141.67,45.4],[141.94,45.51],[143.82,44.12]]],[[[141.23,41.37],[141.46,41.4],[141.43,40.72],[141.8,40.29],[141.98,39.43],[141.47,38.4],[140.96,38.15],[141.0,37.11],[140.57,36.23],[140.87,35.72],[140.46,35.51],[140.35,35.18],[139.84,34.91],[139.83,35.3],[140.1,35.59],[139.83,35.66],[139.68,35.15],[139.25,35.28],[138.84,34.62],[138.9,35.03],[138.72,35.12],[138.19,34.6],[137.06,34.58],[137.28,34.77],[136.87,34.73],[136.8,35.05],[136.53,34.68],[136.85,34.32],[136.33,34.18],[135.7,33.49],[135.13,34.01],[135.1,34.29],[135.42,34.62],[134.74,34.77],[133.14,34.3],[132.31,34.32],[132.15,33.84],[131.74,34.05],[130.92,33.98],[131.0,34.39],[131.35,34.41],[132.92,35.51],[135.17,35.75],[135.33,35.53],[135.9,35.61],[136.1,35.77],[136.07,36.12],[136.7,36.74],[136.84,37.38],[137.32,37.52],[136.9,37.12],[137.25,36.75],[138.32,37.22],[139.36,38.1],[139.8,38.88],[140.06,39.62],[139.99,39.86],[139.74,39.92],[140.01,40.26],[139.97,40.67],[140.28,40.85],[140.39,41.23],[140.63,41.2],[140.75,40.83],[141.12,40.88],[141.24,41.21],[140.8,41.25],[140.94,41.51],[141.23,41.37]]],[[[134.36,34.26],[134.64,34.23],[134.74,33.82],[134.18,33.25],[133.63,33.51],[133.29,33.36],[132.8,32.75],[132.5,32.92],[132.41,33.43],[132.03,33.34],[132.64,33.69],[132.94,34.1],[133.19,33.93],[133.95,34.35],[134.36,34.26]]],[[[131.17,33.6],[131.7,33.6],[131.54,33.27],[131.9,33.25],[132.0,32.88],[131.66,32.47],[131.34,31.4],[131.07,31.44],[131.1,31.26],[130.69,31.02],[130.78,31.71],[130.56,31.56],[130.59,31.18],[130.15,31.41],[130.32,31.6],[130.19,32.09],[130.64,32.62],[130.55,32.83],[130.24,33.18],[130.18,32.85],[130.34,32.7],[130.05,32.77],[129.77,32.57],[129.68,33.06],[129.99,32.85],[129.58,33.24],[130.72,33.93],[131.17,33.6]]],[[[121.01,22.62],[120.74,21.96],[120.08,23.09],[120.13,23.65],[121.04,25.03],[121.59,25.28],[121.93,24.97],[121.4,23.17],[121.01,22.62]]],[[[110.89,19.99],[111.01,19.66],[110.07,18.45],[109.52,18.22],[108.7,18.54],[108.67,19.3],[109.26,19.88],[110.59,19.98],[110.65,20.14],[110.89,19.99]]],[[[79.98,9.81],[80.25,9.8],[80.71,9.37],[81.37,8.43],[81.87,7.29],[81.64,6.43],[80.72,5.98],[80.1,6.15],[79.86,6.83],[79.71,8.18],[79.81,8.05],[80.09,9.58],[80.43,9.48],[79.98,9.81]]],[[[49.54,-12.43],[49.94,-13.07],[50.44,-15.15],[50.4,-15.63],[50.18,-15.96],[49.89,-15.46],[49.66,-15.52],[49.84,-16.49],[49.45,-17.24],[49.36,-18.34],[47.18,-24.79],[46.73,-25.15],[45.12,-25.54],[44.04,-25.0],[43.67,-24.3],[43.72,-23.53],[43.26,-22.38],[43.5,-21.36],[43.8,-21.18],[44.4,-19.92],[44.45,-19.43],[44.04,-18.29],[43.98,-17.39],[44.42,-16.7],[44.48,-16.22],[46.16,-15.74],[46.4,-15.92],[46.48,-15.51],[46.94,-15.22],[47.1,-15.43],[47.35,-14.77],[47.46,-14.71],[47.48,-15.01],[47.77,-14.64],[47.96,-14.67],[47.77,-14.37],[48.0,-13.96],[47.94,-13.66],[48.26,-13.72],[48.8,-13.27],[48.92,-12.84],[48.79,-12.47],[49.21,-12.08],[49.54,-12.43]]],[[[53.11,38.8],[53.1,38.76],[53.05,38.9],[53.02,39.05],[53.05,39.1],[53.09,39.09],[53.06,39.04],[53.11,38.8]]],[[[50.18,44.85],[50.1,44.83],[50.0,44.94],[50.02,45.04],[50.11,45.08],[50.04,44.95],[50.1,44.88],[50.18,44.85]]],[[[-159.05,-79.81],[-161.87,-79.7],[-164.28,-79.25],[-164.13,-79.0],[-163.26,-78.72],[-162.39,-78.76],[-159.68,-79.4],[-159.05,-79.81]]],[[[-70.33,-79.68],[-71.69,-79.57],[-71.78,-79.44],[-71.45,-79.13],[-67.48,-78.36],[-66.73,-78.38],[-69.25,-79.21],[-69.73,-79.62],[-70.33,-79.68]]],[[[-45.22,-78.81],[-43.54,-78.9],[-42.94,-79.58],[-43.07,-79.89],[-43.74,-80.0],[-43.53,-80.19],[-49.77,-80.78],[-54.35,-80.76],[-54.35,-80.57],[-53.39,-80.11],[-52.3,-80.14],[-50.4,-79.51],[-50.38,-79.34],[-50.73,-79.28],[-50.22,-78.61],[-49.08,-78.05],[-46.83,-77.79],[-44.59,-78.04],[-43.81,-78.29],[-43.85,-78.53],[-45.22,-78.81]]],[[[-59.73,-80.34],[-59.83,-80.73],[-60.58,-80.95],[-62.67,-80.83],[-63.14,-80.59],[-64.27,-80.75],[-66.77,-80.29],[-61.63,-80.34],[-61.19,-80.26],[-61.6,-80.21],[-61.68,-80.02],[-60.58,-79.74],[-59.71,-79.88],[-59.79,-80.1],[-59.32,-80.2],[-59.73,-80.34]]],[[[-70.05,-69.19],[-69.42,-69.58],[-68.31,-70.91],[-68.24,-71.82],[-69.21,-72.53],[-72.78,-72.58],[-73.09,-72.41],[-72.74,-72.28],[-70.87,-72.37],[-70.21,-72.23],[-71.66,-72.25],[-71.9,-72.12],[-70.82,-71.91],[-72.34,-71.63],[-72.93,-71.92],[-73.78,-71.85],[-73.54,-72.02],[-74.0,-72.17],[-75.38,-71.83],[-75.1,-71.56],[-74.39,-71.64],[-74.43,-71.46],[-74.24,-71.39],[-73.48,-71.58],[-73.62,-71.4],[-73.47,-71.32],[-72.21,-71.34],[-72.99,-71.19],[-72.71,-71.07],[-71.72,-71.15],[-70.38,-70.95],[-69.87,-71.13],[-69.88,-70.88],[-71.19,-70.66],[-70.33,-70.36],[-69.62,-70.4],[-70.33,-70.16],[-71.73,-70.05],[-71.88,-69.91],[-71.74,-69.42],[-72.14,-69.18],[-71.87,-68.94],[-70.42,-68.79],[-70.05,-69.19]]],[[[-69.17,-52.67],[-68.57,-52.69],[-68.24,-53.08],[-68.43,-53.06],[-68.49,-53.26],[-68.16,-53.31],[-67.29,-54.05],[-66.24,-54.53],[-65.18,-54.68],[-65.47,-54.91],[-66.51,-55.03],[-71.9,-54.6],[-71.8,-54.43],[-70.8,-54.33],[-70.31,-54.53],[-70.86,-54.11],[-70.87,-53.88],[-70.53,-53.63],[-70.38,-53.99],[-70.63,-54.01],[-70.24,-54.35],[-69.74,-54.31],[-69.31,-54.57],[-69.05,-54.43],[-69.99,-54.11],[-70.15,-53.89],[-69.39,-53.37],[-70.21,-53.41],[-70.46,-53.21],[-70.13,-52.94],[-70.38,-52.75],[-69.94,-52.82],[-69.5,-52.49],[-69.17,-52.67]]],[[[-81.84,23.16],[-79.82,22.89],[-79.28,22.41],[-78.69,22.37],[-77.64,21.8],[-77.5,21.87],[-77.14,21.64],[-77.37,21.61],[-77.25,21.48],[-77.1,21.59],[-76.87,21.33],[-75.72,21.11],[-75.6,20.99],[-75.72,20.71],[-74.88,20.65],[-74.15,20.17],[-75.12,19.9],[-77.72,19.86],[-77.1,20.41],[-77.23,20.64],[-78.12,20.76],[-78.49,21.05],[-78.73,21.59],[-79.36,21.59],[-80.49,22.12],[-81.04,22.07],[-81.19,22.27],[-81.28,22.11],[-81.85,22.21],[-82.08,22.39],[-81.71,22.5],[-81.84,22.67],[-82.74,22.69],[-83.38,22.22],[-83.9,22.17],[-84.03,21.94],[-84.84,21.83],[-84.33,22.07],[-84.36,22.38],[-84.04,22.67],[-83.26,22.97],[-81.84,23.16]]],[[[20.9,80.25],[22.29,80.05],[22.45,80.4],[23.01,80.47],[23.32,80.43],[23.11,80.19],[24.4,80.36],[26.86,80.16],[27.2,79.91],[25.64,79.4],[22.9,79.23],[22.7,79.33],[22.87,79.41],[19.9,79.53],[20.78,79.75],[18.32,79.86],[18.86,80.04],[17.92,80.14],[19.34,80.12],[19.54,80.16],[19.18,80.33],[19.75,80.23],[19.61,80.46],[20.9,80.25]]],[[[16.79,79.91],[17.83,79.8],[17.96,79.7],[17.67,79.39],[18.4,79.61],[18.82,79.43],[18.68,79.26],[20.61,79.11],[20.77,79.06],[20.5,78.98],[21.39,78.74],[19.68,78.61],[19.15,78.38],[19.0,78.08],[18.44,78.03],[18.23,77.52],[17.62,77.4],[17.15,77.05],[17.06,76.66],[16.7,76.58],[14.37,77.23],[14.0,77.51],[16.91,77.9],[14.09,77.77],[13.68,78.03],[17.0,78.37],[16.45,78.5],[16.78,78.66],[15.42,78.47],[15.25,78.59],[15.38,78.77],[14.69,78.72],[14.43,78.49],[14.64,78.41],[13.15,78.24],[11.37,78.95],[12.4,78.95],[11.98,79.03],[11.98,79.29],[11.21,79.13],[10.68,79.76],[13.69,79.86],[13.91,79.82],[13.78,79.72],[12.56,79.57],[13.33,79.57],[13.96,79.34],[14.04,79.59],[14.83,79.77],[16.34,78.98],[15.83,79.71],[16.25,80.05],[16.79,79.91]]],[[[9.63,40.88],[9.81,40.5],[9.56,39.17],[9.06,39.24],[8.97,38.96],[8.65,38.93],[8.42,39.21],[8.55,39.84],[8.22,40.91],[8.57,40.85],[9.23,41.26],[9.63,40.88]]],[[[9.48,42.81],[9.55,42.13],[9.19,41.38],[8.81,41.59],[8.57,42.36],[9.31,42.71],[9.36,43.02],[9.48,42.81]]],[[[15.58,38.22],[15.1,37.46],[15.3,37.06],[15.11,36.69],[14.5,36.8],[12.44,37.82],[12.73,38.18],[13.79,37.98],[15.58,38.22]]],[[[-52.73,69.94],[-52.05,69.81],[-51.9,69.6],[-53.58,69.26],[-54.18,69.4],[-53.66,69.47],[-53.82,69.54],[-54.92,69.71],[-54.79,69.95],[-54.32,69.94],[-54.83,70.13],[-54.37,70.32],[-53.3,70.21],[-52.73,69.94]]],[[[-127.2,50.64],[-125.48,50.32],[-124.83,49.53],[-124.0,49.22],[-123.28,48.46],[-123.57,48.32],[-124.87,48.65],[-125.14,48.8],[-124.81,49.21],[-124.93,49.01],[-125.49,48.93],[-125.83,49.09],[-125.64,49.19],[-125.95,49.25],[-125.94,49.4],[-126.55,49.42],[-126.54,49.59],[-126.13,49.67],[-127.11,49.88],[-127.25,50.14],[-127.86,50.13],[-127.91,50.45],[-127.49,50.4],[-127.47,50.58],[-128.06,50.5],[-128.3,50.79],[-127.2,50.64]]],[[[-71.95,19.72],[-70.95,19.91],[-69.96,19.67],[-69.74,19.3],[-69.23,19.27],[-69.62,19.12],[-68.68,18.9],[-68.36,18.54],[-68.69,18.21],[-69.27,18.44],[-71.03,18.27],[-71.44,17.64],[-72.06,18.23],[-73.51,18.25],[-73.88,18.04],[-74.46,18.39],[-74.39,18.62],[-72.79,18.43],[-72.35,18.62],[-72.81,19.07],[-72.7,19.44],[-73.4,19.66],[-73.4,19.81],[-72.88,19.93],[-71.95,19.72]]],[[[-49.63,-0.23],[-48.39,-0.3],[-48.83,-1.39],[-49.17,-1.41],[-49.23,-1.6],[-49.51,-1.51],[-49.81,-1.79],[-50.51,-1.79],[-50.76,-1.24],[-50.58,-1.1],[-50.8,-0.91],[-50.65,-0.27],[-50.25,-0.12],[-49.63,-0.23]]],[[[-3.11,58.52],[-3.99,57.96],[-3.86,57.82],[-4.13,57.58],[-2.07,57.7],[-1.78,57.47],[-2.59,56.56],[-3.31,56.36],[-2.67,56.25],[-3.36,56.03],[-3.79,56.1],[-2.6,56.03],[-1.66,55.57],[-1.23,54.7],[-0.08,54.12],[-0.21,54.02],[0.12,53.61],[-0.66,53.72],[0.27,53.34],[0.36,53.16],[0.05,52.91],[1.06,52.96],[1.66,52.75],[1.59,52.12],[0.75,51.73],[0.89,51.57],[0.42,51.47],[1.41,51.36],[1.4,51.18],[0.21,50.76],[-1.42,50.9],[-2.04,50.6],[-3.0,50.72],[-3.4,50.63],[-3.68,50.24],[-4.19,50.39],[-5.12,50.04],[-5.62,50.05],[-4.19,51.19],[-3.14,51.21],[-2.43,51.74],[-3.29,51.39],[-4.39,51.74],[-5.17,51.74],[-5.18,51.95],[-4.22,52.28],[-3.98,52.54],[-4.1,52.92],[-4.68,52.81],[-4.27,53.14],[-3.1,53.26],[-3.06,53.43],[-2.75,53.31],[-3.06,53.51],[-2.85,54.14],[-3.17,54.13],[-3.59,54.56],[-3.04,54.95],[-5.03,54.76],[-5.17,54.99],[-4.68,55.5],[-4.87,55.87],[-4.58,55.94],[-4.8,56.16],[-5.23,55.89],[-5.08,56.2],[-5.41,56.0],[-5.56,55.39],[-5.73,55.33],[-5.5,55.8],[-5.61,56.06],[-5.19,56.76],[-5.65,56.53],[-6.13,56.71],[-5.73,56.85],[-5.86,56.9],[-5.56,57.23],[-5.79,57.38],[-5.58,57.55],[-5.74,57.67],[-5.61,57.88],[-5.16,57.88],[-5.41,58.07],[-5.34,58.24],[-5.01,58.26],[-5.02,58.57],[-3.26,58.65],[-3.05,58.63],[-3.11,58.52]]],[[[-7.18,55.06],[-6.13,55.22],[-5.72,54.82],[-5.88,54.64],[-5.47,54.5],[-5.67,54.55],[-5.61,54.27],[-6.35,53.99],[-6.03,52.93],[-6.46,52.35],[-6.32,52.25],[-6.97,52.25],[-8.06,51.83],[-8.41,51.89],[-8.41,51.71],[-9.3,51.5],[-9.84,51.48],[-9.58,51.69],[-10.12,51.6],[-9.6,51.87],[-10.34,51.8],[-9.91,52.12],[-10.36,52.21],[-9.77,52.25],[-9.91,52.4],[-9.63,52.55],[-8.78,52.68],[-9.92,52.57],[-8.93,53.21],[-10.09,53.41],[-10.12,53.55],[-9.72,53.6],[-9.9,53.73],[-9.58,53.81],[-9.91,53.86],[-9.86,54.1],[-10.06,54.26],[-8.55,54.24],[-8.62,54.35],[-8.13,54.64],[-8.76,54.68],[-8.27,55.15],[-7.67,55.26],[-7.66,54.97],[-7.31,55.37],[-6.96,55.24],[-7.18,55.06]]],[[[-179.8,68.94],[-178.87,68.75],[-178.06,68.26],[-177.8,68.34],[-178.25,68.54],[-175.35,67.68],[-175.23,67.45],[-175.37,67.36],[-174.85,67.35],[-174.94,67.09],[-174.77,66.78],[-174.92,66.62],[-174.5,66.54],[-174.39,66.34],[-174.08,66.47],[-174.07,66.23],[-173.77,66.43],[-174.23,66.63],[-174.01,66.78],[-174.09,66.94],[-174.55,67.09],[-173.68,67.14],[-173.16,67.07],[-173.26,66.84],[-173.19,66.99],[-172.52,66.95],[-173.01,67.06],[-171.8,66.93],[-170.51,66.34],[-170.6,66.25],[-169.73,66.06],[-170.54,65.87],[-170.67,65.62],[-171.42,65.81],[-171.17,65.5],[-172.78,65.68],[-172.23,65.46],[-172.31,65.28],[-172.66,65.25],[-172.21,65.05],[-173.07,64.85],[-172.38,64.43],[-172.9,64.53],[-173.16,64.28],[-173.38,64.35],[-173.33,64.54],[-173.73,64.36],[-174.57,64.72],[-175.44,64.82],[-175.85,65.01],[-176.09,65.47],[-177.06,65.61],[-178.41,65.5],[-178.94,66.03],[-178.75,66.01],[-178.53,66.4],[-178.87,66.19],[-179.14,66.38],[-179.33,66.16],[-179.68,66.18],[-179.79,65.9],[-179.35,65.52],[-180.0,65.07],[-180.0,68.98],[-179.8,68.94]]],[[[-15.54,66.23],[-14.6,66.38],[-15.12,66.1],[-14.7,66.02],[-14.83,65.76],[-14.39,65.79],[-14.47,65.58],[-13.62,65.52],[-13.8,65.35],[-13.6,65.04],[-14.04,64.74],[-14.39,64.75],[-14.63,64.42],[-18.65,63.41],[-20.2,63.56],[-20.49,63.69],[-20.41,63.81],[-21.11,63.94],[-22.65,63.83],[-22.7,64.08],[-22.19,64.04],[-21.46,64.38],[-22.05,64.31],[-21.59,64.63],[-22.11,64.53],[-22.47,64.79],[-24.03,64.86],[-21.89,65.05],[-21.78,65.19],[-22.51,65.2],[-21.84,65.45],[-24.48,65.53],[-23.86,65.54],[-24.09,65.78],[-23.29,65.75],[-23.83,65.85],[-23.52,65.88],[-23.78,66.02],[-23.43,66.02],[-23.6,66.11],[-23.45,66.18],[-22.44,65.91],[-22.45,66.07],[-22.95,66.21],[-22.48,66.27],[-23.12,66.34],[-22.89,66.44],[-21.41,66.03],[-21.37,65.74],[-21.66,65.72],[-21.13,65.27],[-20.8,65.64],[-20.45,65.57],[-20.21,66.1],[-19.49,65.77],[-19.38,66.08],[-18.85,66.18],[-18.14,65.73],[-18.3,66.16],[-17.55,65.96],[-17.15,66.2],[-16.49,66.2],[-16.54,66.45],[-16.25,66.52],[-15.54,66.23]]],[[[178.58,51.92],[178.51,51.9],[178.48,51.97],[178.51,51.99],[178.57,51.98],[178.61,51.95],[178.58,51.92]]],[[[5.33,53.39],[5.19,53.39],[5.58,53.44],[5.33,53.39]]],[[[-149.81,-17.55],[-149.84,-17.57],[-149.89,-17.55],[-149.9,-17.47],[-149.78,-17.49],[-149.81,-17.55]]],[[[-67.58,-55.89],[-67.85,-55.84],[-67.54,-55.83],[-67.51,-55.84],[-67.58,-55.89]]],[[[-69.9,12.45],[-69.9,12.42],[-69.94,12.44],[-70.07,12.55],[-70.04,12.61],[-69.9,12.45]]],[[[-65.21,10.91],[-65.27,10.88],[-65.41,10.94],[-65.38,10.97],[-65.3,10.97],[-65.21,10.91]]],[[[-72.8,18.78],[-72.82,18.71],[-73.08,18.79],[-73.29,18.9],[-73.28,18.95],[-73.07,18.93],[-72.8,18.78]]],[[[-25.03,36.96],[-25.16,36.94],[-25.2,37.0],[-25.08,37.02],[-25.03,36.96]]],[[[16.65,43.0],[17.19,42.92],[16.85,42.9],[16.7,42.93],[16.65,43.0]]],[[[17.19,43.13],[16.68,43.12],[16.38,43.21],[17.19,43.13]]],[[[16.79,43.27],[16.42,43.32],[16.45,43.39],[16.6,43.38],[16.83,43.35],[16.89,43.31],[16.79,43.27]]],[[[-2.02,49.23],[-2.01,49.18],[-2.24,49.18],[-2.22,49.27],[-2.02,49.23]]],[[[-59.79,43.94],[-60.04,43.91],[-60.12,43.95],[-59.87,43.95],[-59.73,44.0],[-59.79,43.94]]],[[[-97.01,27.9],[-96.98,28.01],[-96.86,28.13],[-96.84,28.09],[-97.01,27.9]]],[[[-65.43,18.11],[-65.56,18.11],[-65.57,18.14],[-65.37,18.16],[-65.29,18.13],[-65.43,18.11]]],[[[-64.77,17.79],[-64.58,17.75],[-64.69,17.71],[-64.89,17.7],[-64.88,17.77],[-64.77,17.79]]],[[[-77.35,25.01],[-77.46,24.99],[-77.56,25.03],[-77.33,25.08],[-77.27,25.04],[-77.35,25.01]]],[[[-175.16,-21.17],[-175.08,-21.13],[-175.16,-21.26],[-175.36,-21.11],[-175.32,-21.07],[-175.16,-21.17]]],[[[52.68,45.41],[52.6,45.43],[52.55,45.47],[52.61,45.53],[52.66,45.52],[52.68,45.41]]],[[[36.9,25.38],[36.72,25.53],[36.53,25.6],[36.53,25.69],[36.95,25.41],[36.9,25.38]]],[[[123.6,-1.7],[123.48,-1.68],[123.49,-1.53],[123.53,-1.5],[123.62,-1.63],[123.6,-1.7]]],[[[152.89,76.12],[152.79,76.09],[152.56,76.14],[152.8,76.19],[152.89,76.12]]],[[[67.34,69.53],[67.26,69.44],[67.03,69.48],[67.22,69.58],[67.33,69.57],[67.34,69.53]]],[[[66.56,70.54],[66.57,70.5],[66.52,70.51],[66.41,70.62],[66.39,70.73],[66.44,70.77],[66.56,70.54]]],[[[55.48,80.27],[55.2,80.23],[54.98,80.26],[55.24,80.33],[55.48,80.27]]],[[[105.73,-10.49],[105.7,-10.56],[105.58,-10.51],[105.6,-10.46],[105.71,-10.43],[105.73,-10.49]]],[[[-86.42,16.38],[-86.63,16.3],[-86.44,16.41],[-86.26,16.43],[-86.42,16.38]]],[[[163.98,-74.83],[163.76,-74.8],[163.74,-74.71],[164.21,-74.61],[163.98,-74.83]]],[[[164.83,-67.54],[164.69,-67.56],[164.64,-67.5],[164.68,-67.26],[164.91,-67.42],[164.83,-67.54]]],[[[167.64,-78.14],[166.28,-78.31],[166.01,-78.1],[166.86,-78.2],[167.5,-77.99],[167.64,-78.14]]],[[[163.3,-66.82],[163.28,-66.88],[163.23,-66.87],[163.09,-66.7],[163.24,-66.71],[163.3,-66.82]]],[[[167.08,-77.32],[169.35,-77.52],[166.73,-77.85],[166.22,-77.52],[166.63,-77.38],[166.51,-77.19],[167.08,-77.32]]],[[[169.84,-73.6],[169.48,-73.54],[169.78,-73.32],[169.96,-73.51],[169.84,-73.6]]],[[[162.97,-75.57],[162.79,-75.7],[162.59,-75.67],[162.72,-75.6],[162.97,-75.57]]],[[[100.98,-65.68],[100.27,-65.6],[100.88,-65.38],[101.26,-65.53],[100.98,-65.68]]],[[[85.82,-66.95],[85.65,-66.98],[85.31,-66.78],[85.81,-66.77],[85.94,-66.89],[85.82,-66.95]]],[[[92.6,-65.81],[92.33,-65.81],[92.25,-65.74],[92.5,-65.7],[92.66,-65.76],[92.6,-65.81]]],[[[86.54,-66.77],[86.34,-66.79],[86.23,-66.73],[86.52,-66.69],[86.65,-66.72],[86.54,-66.77]]],[[[85.33,-66.61],[85.14,-66.64],[85.07,-66.58],[85.16,-66.52],[85.33,-66.61]]],[[[69.92,-71.92],[69.79,-72.05],[69.69,-71.97],[69.8,-71.89],[69.92,-71.92]]],[[[68.46,-72.3],[68.41,-72.3],[68.44,-72.26],[68.67,-72.1],[68.84,-72.17],[68.82,-72.23],[68.46,-72.3]]],[[[96.61,-66.04],[96.93,-66.06],[97.02,-66.16],[96.39,-66.23],[96.31,-66.19],[96.4,-66.08],[96.61,-66.04]]],[[[72.0,-70.63],[71.66,-70.5],[71.65,-70.34],[71.8,-70.26],[72.07,-70.52],[72.0,-70.63]]],[[[162.61,-66.48],[162.51,-66.52],[162.3,-66.4],[162.31,-66.25],[162.61,-66.48]]],[[[100.26,-66.22],[100.13,-66.23],[100.08,-66.19],[100.29,-66.11],[100.26,-66.22]]],[[[98.85,-66.47],[98.66,-66.45],[98.6,-66.38],[98.95,-66.42],[98.85,-66.47]]],[[[103.4,-65.45],[103.18,-65.45],[103.11,-65.31],[102.76,-65.17],[103.14,-65.19],[103.19,-65.33],[103.4,-65.45]]],[[[-147.59,-76.65],[-148.0,-76.58],[-147.77,-76.58],[-147.59,-76.65]]],[[[-145.24,-75.71],[-146.15,-75.57],[-145.76,-75.51],[-145.24,-75.71]]],[[[-146.61,-76.96],[-147.08,-76.99],[-147.12,-76.87],[-146.24,-76.88],[-146.16,-76.95],[-146.61,-76.96]]],[[[-132.39,-74.44],[-132.55,-74.5],[-132.86,-74.46],[-132.55,-74.39],[-132.36,-74.41],[-132.39,-74.44]]],[[[-148.6,-77.01],[-149.24,-76.99],[-149.3,-76.92],[-148.51,-76.95],[-148.44,-76.98],[-148.6,-77.01]]],[[[-149.33,-76.72],[-148.32,-76.77],[-148.98,-76.85],[-149.47,-76.76],[-149.33,-76.72]]],[[[-131.07,-74.58],[-132.16,-74.43],[-131.76,-74.32],[-130.98,-74.41],[-131.07,-74.58]]],[[[-119.55,-74.11],[-119.91,-74.08],[-119.66,-73.99],[-119.8,-73.81],[-118.88,-73.88],[-119.55,-74.11]]],[[[-116.74,-74.17],[-117.4,-74.12],[-116.38,-73.87],[-116.15,-73.91],[-116.74,-74.17]]],[[[-127.37,-74.62],[-127.92,-74.54],[-128.13,-74.33],[-127.23,-74.43],[-127.15,-74.48],[-127.37,-74.62]]],[[[-149.22,-77.34],[-148.93,-77.39],[-149.44,-77.37],[-149.66,-77.3],[-149.38,-77.28],[-149.22,-77.34]]],[[[-161.99,-83.12],[-163.05,-83.1],[-163.8,-82.84],[-162.41,-82.9],[-161.64,-83.03],[-161.99,-83.12]]],[[[-150.23,-76.78],[-150.87,-76.74],[-150.18,-76.69],[-150.08,-76.74],[-150.23,-76.78]]],[[[-146.69,-76.25],[-146.89,-76.26],[-147.42,-76.07],[-146.95,-76.1],[-146.69,-76.25]]],[[[-146.79,-76.63],[-146.91,-76.71],[-147.36,-76.62],[-147.14,-76.53],[-146.79,-76.63]]],[[[-160.47,-81.59],[-163.95,-81.39],[-162.46,-81.31],[-160.47,-81.59]]],[[[-150.4,-77.37],[-151.51,-77.27],[-151.02,-77.22],[-150.4,-77.37]]],[[[-153.93,-80.03],[-155.75,-79.83],[-155.67,-79.77],[-153.93,-80.03]]],[[[-149.23,-77.12],[-150.79,-76.98],[-149.87,-76.88],[-149.23,-77.12]]],[[[-157.99,-82.1],[-158.99,-81.78],[-157.83,-82.03],[-157.99,-82.1]]],[[[-5.89,-70.55],[-6.16,-70.61],[-6.44,-70.45],[-5.97,-70.42],[-5.89,-70.55]]],[[[3.04,-70.6],[2.7,-70.62],[2.58,-70.53],[3.19,-70.39],[3.22,-70.52],[3.04,-70.6]]],[[[-2.95,-71.21],[-3.31,-71.2],[-3.4,-71.06],[-3.26,-71.05],[-2.95,-71.21]]],[[[1.3,-70.26],[1.16,-70.38],[0.95,-70.09],[1.41,-70.04],[1.46,-70.14],[1.3,-70.26]]],[[[-2.53,-70.77],[-2.09,-70.82],[-2.78,-71.17],[-3.01,-70.85],[-3.57,-70.7],[-2.53,-70.77]]],[[[4.53,-70.48],[4.18,-70.45],[4.07,-70.29],[4.5,-70.25],[4.62,-70.37],[4.53,-70.48]]],[[[48.55,-66.78],[48.3,-66.8],[48.29,-66.75],[48.64,-66.7],[48.78,-66.73],[48.77,-66.78],[48.55,-66.78]]],[[[16.22,-70.01],[15.56,-69.86],[16.57,-69.72],[16.22,-70.01]]],[[[26.86,-70.38],[26.36,-70.43],[25.95,-70.26],[26.6,-70.08],[26.86,-70.38]]],[[[-31.12,-79.8],[-30.78,-79.65],[-29.61,-79.91],[-30.42,-80.01],[-31.82,-79.85],[-32.0,-79.73],[-31.68,-79.63],[-31.12,-79.8]]],[[[-33.93,-79.32],[-36.6,-79.28],[-35.53,-79.09],[-33.93,-79.32]]],[[[-3.28,-70.53],[-3.5,-70.49],[-3.17,-70.31],[-2.68,-70.38],[-2.74,-70.51],[-3.28,-70.53]]],[[[-20.61,-73.89],[-20.49,-74.49],[-20.82,-74.45],[-21.17,-74.13],[-22.04,-74.11],[-21.13,-73.94],[-20.69,-73.63],[-20.52,-73.71],[-20.61,-73.89]]],[[[-16.1,-72.68],[-16.32,-72.7],[-16.45,-72.65],[-16.52,-72.53],[-16.36,-72.46],[-16.1,-72.68]]],[[[-12.51,-72.17],[-12.72,-72.19],[-12.96,-72.06],[-12.79,-72.01],[-12.51,-72.17]]],[[[-32.34,-79.67],[-32.58,-79.66],[-32.38,-79.53],[-31.93,-79.57],[-32.34,-79.67]]],[[[-45.72,-60.52],[-45.23,-60.64],[-45.17,-60.73],[-45.78,-60.59],[-45.94,-60.62],[-45.93,-60.53],[-45.72,-60.52]]],[[[-54.07,-61.3],[-54.12,-61.31],[-54.19,-61.25],[-54.02,-61.14],[-54.07,-61.3]]],[[[-67.26,-79.45],[-68.55,-79.44],[-67.71,-79.21],[-67.07,-79.27],[-67.26,-79.45]]],[[[-55.17,-61.22],[-55.3,-61.25],[-55.44,-61.11],[-55.39,-61.07],[-54.67,-61.12],[-55.17,-61.22]]],[[[-55.53,-63.17],[-55.16,-63.2],[-55.16,-63.35],[-55.83,-63.3],[-56.38,-63.44],[-56.51,-63.33],[-56.04,-63.16],[-55.53,-63.17]]],[[[-55.87,-63.54],[-55.96,-63.58],[-56.24,-63.47],[-55.76,-63.42],[-55.72,-63.49],[-55.87,-63.54]]],[[[-57.24,-64.57],[-57.43,-64.54],[-57.45,-64.46],[-56.89,-64.33],[-56.99,-64.47],[-57.24,-64.57]]],[[[-58.84,-62.3],[-59.06,-62.35],[-59.2,-62.28],[-59.06,-62.24],[-58.84,-62.3]]],[[[-57.98,-61.91],[-57.64,-62.02],[-58.56,-62.24],[-59.0,-62.21],[-58.68,-62.01],[-57.98,-61.91]]],[[[-61.95,-64.08],[-62.04,-64.08],[-62.02,-64.03],[-61.8,-63.97],[-61.95,-64.08]]],[[[-62.0,-69.72],[-62.57,-69.18],[-61.82,-69.38],[-62.0,-69.72]]],[[[-63.32,-64.86],[-63.56,-64.91],[-63.46,-64.8],[-63.22,-64.73],[-63.18,-64.74],[-63.32,-64.86]]],[[[-62.33,-64.42],[-62.78,-64.48],[-62.5,-64.25],[-62.61,-64.12],[-62.45,-64.01],[-62.06,-64.14],[-62.33,-64.42]]],[[[-62.62,-63.07],[-62.66,-63.07],[-62.64,-63.03],[-62.53,-62.92],[-62.32,-62.87],[-62.62,-63.07]]],[[[-59.39,-62.44],[-59.53,-62.45],[-59.66,-62.35],[-59.4,-62.37],[-59.35,-62.41],[-59.39,-62.44]]],[[[-56.06,-63.08],[-56.35,-63.17],[-56.61,-63.05],[-56.49,-62.98],[-56.06,-63.01],[-56.06,-63.08]]],[[[-60.62,-62.56],[-59.85,-62.61],[-60.22,-62.75],[-60.38,-62.62],[-61.06,-62.68],[-61.15,-62.59],[-60.8,-62.48],[-60.62,-62.56]]],[[[-57.37,-63.81],[-57.1,-63.84],[-57.34,-63.88],[-57.68,-63.81],[-57.37,-63.81]]],[[[-61.16,-69.98],[-61.4,-69.93],[-61.33,-69.86],[-61.15,-69.88],[-61.11,-69.96],[-61.16,-69.98]]],[[[-60.66,-68.77],[-60.82,-68.78],[-61.01,-68.71],[-60.81,-68.69],[-60.66,-68.77]]],[[[-60.74,-70.71],[-60.9,-70.69],[-60.94,-70.53],[-60.45,-70.54],[-60.49,-70.65],[-60.74,-70.71]]],[[[-60.55,-71.05],[-60.95,-70.97],[-60.61,-70.92],[-60.52,-71.0],[-60.55,-71.05]]],[[[-60.5,-62.97],[-60.62,-62.97],[-60.56,-63.01],[-60.62,-63.02],[-60.74,-62.95],[-60.64,-62.9],[-60.5,-62.97]]],[[[-60.65,-63.87],[-60.78,-63.9],[-60.97,-63.85],[-60.81,-63.84],[-60.8,-63.72],[-60.71,-63.67],[-60.56,-63.7],[-60.69,-63.81],[-60.65,-63.87]]],[[[-93.8,-72.92],[-93.97,-72.92],[-94.11,-72.86],[-94.0,-72.82],[-93.8,-72.88],[-93.76,-72.91],[-93.8,-72.92]]],[[[-91.16,-73.18],[-91.51,-73.2],[-91.36,-72.91],[-91.67,-72.62],[-90.81,-72.61],[-90.78,-72.99],[-91.16,-73.18]]],[[[-104.54,-73.17],[-104.88,-73.2],[-105.13,-72.99],[-104.97,-72.94],[-104.54,-73.17]]],[[[-95.03,-72.67],[-95.22,-72.67],[-95.22,-72.6],[-94.57,-72.47],[-94.43,-72.61],[-95.03,-72.67]]],[[[-71.7,-70.27],[-71.34,-70.32],[-71.68,-70.44],[-71.8,-70.29],[-71.7,-70.27]]],[[[-71.99,-69.7],[-72.96,-69.53],[-72.46,-69.45],[-71.99,-69.7]]],[[[-73.88,-73.36],[-74.13,-73.28],[-73.83,-73.11],[-73.54,-73.12],[-73.88,-73.36]]],[[[-65.85,-65.84],[-66.18,-65.87],[-66.15,-65.77],[-65.97,-65.57],[-65.64,-65.55],[-65.81,-65.69],[-65.85,-65.84]]],[[[-66.6,-66.2],[-66.87,-66.29],[-66.79,-66.23],[-66.78,-66.11],[-66.58,-66.08],[-66.62,-66.13],[-66.6,-66.2]]],[[[-67.35,-67.77],[-67.69,-67.76],[-67.74,-67.66],[-67.25,-67.6],[-67.15,-67.65],[-67.35,-67.77]]],[[[-67.36,-66.89],[-67.59,-66.88],[-67.51,-66.76],[-67.43,-66.74],[-67.26,-66.84],[-67.36,-66.89]]],[[[-179.97,-16.92],[-180.0,-16.79],[-179.86,-16.69],[-179.82,-16.77],[-179.97,-16.92]]],[[[180.0,-16.96],[179.93,-17.0],[179.9,-16.96],[180.0,-16.79],[180.0,-16.96]]],[[[-78.9,8.27],[-78.92,8.23],[-78.96,8.33],[-78.96,8.44],[-78.88,8.46],[-78.84,8.35],[-78.9,8.27]]],[[[154.81,49.31],[154.61,49.29],[154.61,49.38],[154.82,49.65],[154.9,49.63],[154.8,49.47],[154.81,49.31]]],[[[59.31,81.31],[58.61,81.34],[59.08,81.4],[59.31,81.31]]],[[[54.42,80.47],[53.81,80.48],[53.9,80.52],[53.88,80.61],[54.41,80.54],[54.42,80.47]]],[[[61.14,80.95],[60.06,80.98],[61.46,81.1],[61.57,81.05],[61.14,80.95]]],[[[53.52,80.19],[52.21,80.26],[53.19,80.41],[53.85,80.27],[53.52,80.19]]],[[[57.08,80.35],[56.99,80.07],[55.72,80.1],[56.02,80.34],[57.08,80.35]]],[[[59.69,79.96],[58.92,79.98],[59.54,80.12],[59.91,79.99],[59.69,79.96]]],[[[-66.47,-55.23],[-66.55,-55.27],[-66.64,-55.23],[-66.52,-55.17],[-66.44,-55.19],[-66.47,-55.23]]],[[[-75.04,-44.89],[-75.1,-44.9],[-75.14,-44.82],[-75.08,-44.8],[-75.05,-44.82],[-75.04,-44.89]]],[[[-75.51,-48.76],[-75.65,-48.59],[-75.56,-48.07],[-75.39,-48.02],[-75.16,-48.62],[-75.51,-48.76]]],[[[-75.3,-50.68],[-75.33,-50.77],[-75.44,-50.74],[-75.43,-50.48],[-75.12,-50.51],[-75.29,-50.6],[-75.3,-50.68]]],[[[-74.39,-52.92],[-73.65,-53.07],[-73.14,-53.35],[-74.27,-53.08],[-74.71,-52.77],[-74.39,-52.92]]],[[[-69.7,-54.92],[-68.46,-54.96],[-68.61,-55.16],[-68.28,-55.26],[-68.05,-55.64],[-68.87,-55.45],[-68.89,-55.24],[-69.19,-55.17],[-69.36,-55.3],[-69.18,-55.47],[-69.41,-55.44],[-69.98,-55.15],[-69.88,-54.88],[-69.7,-54.92]]],[[[-75.11,-48.84],[-75.39,-49.16],[-75.64,-49.2],[-75.49,-49.08],[-75.64,-48.94],[-75.58,-48.86],[-75.11,-48.84]]],[[[-60.11,-51.4],[-60.25,-51.4],[-60.28,-51.28],[-60.07,-51.31],[-60.11,-51.4]]],[[[-26.26,-58.44],[-26.26,-58.49],[-26.45,-58.42],[-26.3,-58.38],[-26.26,-58.44]]],[[[53.76,12.64],[54.51,12.55],[53.72,12.32],[53.32,12.53],[53.53,12.72],[53.76,12.64]]],[[[53.33,24.26],[53.19,24.29],[53.41,24.41],[53.45,24.37],[53.33,24.26]]],[[[58.72,20.22],[58.64,20.21],[58.64,20.34],[58.88,20.68],[58.95,20.52],[58.72,20.22]]],[[[56.19,26.92],[55.95,26.7],[55.3,26.64],[55.76,26.81],[55.76,26.95],[56.21,27.0],[56.28,26.95],[56.19,26.92]]],[[[53.93,24.18],[53.93,24.14],[53.8,24.14],[53.63,24.17],[53.83,24.26],[53.93,24.18]]],[[[41.99,16.72],[42.07,16.71],[42.06,16.8],[42.17,16.71],[42.16,16.57],[42.07,16.67],[41.9,16.68],[41.78,16.85],[41.86,16.89],[41.86,17.0],[41.95,16.94],[41.99,16.72]]],[[[40.14,15.7],[40.18,15.64],[40.25,15.7],[40.4,15.58],[39.98,15.61],[39.95,15.7],[40.07,15.68],[39.94,15.74],[40.0,15.83],[39.96,15.89],[40.1,15.84],[40.14,15.7]]],[[[50.61,25.88],[50.57,25.81],[50.47,25.97],[50.47,26.23],[50.59,26.24],[50.61,25.88]]],[[[48.28,29.62],[48.18,29.61],[48.08,29.8],[48.18,29.98],[48.35,29.78],[48.28,29.62]]],[[[179.35,-18.1],[179.25,-18.03],[179.31,-17.94],[179.36,-18.07],[179.35,-18.1]]],[[[178.83,-17.73],[178.78,-17.75],[178.75,-17.69],[178.79,-17.62],[178.83,-17.62],[178.85,-17.68],[178.83,-17.73]]],[[[168.45,-16.78],[168.46,-16.84],[168.18,-16.8],[168.14,-16.64],[168.2,-16.59],[168.45,-16.78]]],[[[168.3,-16.34],[168.02,-16.32],[167.93,-16.23],[168.16,-16.08],[168.3,-16.34]]],[[[168.45,-17.54],[168.58,-17.7],[168.52,-17.8],[168.16,-17.71],[168.27,-17.55],[168.45,-17.54]]],[[[167.91,-15.44],[167.84,-15.48],[167.67,-15.45],[167.83,-15.31],[168.0,-15.28],[167.91,-15.44]]],[[[166.75,-14.83],[166.81,-15.16],[167.08,-14.94],[167.09,-15.58],[166.76,-15.63],[166.63,-15.41],[166.53,-14.76],[166.61,-14.64],[166.75,-14.83]]],[[[168.21,-15.97],[168.12,-15.68],[168.16,-15.46],[168.27,-15.89],[168.21,-15.97]]],[[[168.19,-15.33],[168.17,-15.39],[168.13,-15.32],[168.11,-14.99],[168.19,-15.33]]],[[[167.41,-16.1],[167.84,-16.45],[167.45,-16.55],[167.35,-16.15],[167.15,-16.08],[167.25,-15.88],[167.41,-16.1]]],[[[167.22,-15.72],[167.2,-15.75],[167.09,-15.69],[167.12,-15.62],[167.23,-15.65],[167.22,-15.72]]],[[[159.88,-8.53],[158.94,-8.04],[158.46,-7.54],[159.43,-8.03],[159.84,-8.33],[159.88,-8.53]]],[[[157.49,-7.33],[157.44,-7.43],[157.1,-7.32],[156.45,-6.64],[157.03,-6.89],[157.49,-7.33]]],[[[121.16,6.08],[121.39,6.0],[121.41,5.94],[121.29,5.87],[121.22,5.94],[120.93,5.9],[120.88,5.95],[121.04,6.1],[121.16,6.08]]],[[[134.35,34.48],[134.25,34.42],[134.18,34.52],[134.33,34.53],[134.37,34.52],[134.35,34.48]]],[[[-75.11,-47.84],[-75.19,-47.85],[-75.26,-47.76],[-75.2,-47.73],[-74.93,-47.72],[-75.11,-47.84]]],[[[-74.67,-43.61],[-74.81,-43.63],[-74.84,-43.57],[-74.75,-43.54],[-74.67,-43.61]]],[[[-73.63,-44.82],[-73.69,-44.83],[-73.82,-44.65],[-73.78,-44.56],[-73.69,-44.55],[-73.64,-44.61],[-73.63,-44.82]]],[[[-74.57,-48.59],[-74.92,-48.63],[-75.25,-48.03],[-74.83,-47.85],[-74.57,-48.59]]],[[[-64.55,-54.72],[-63.82,-54.73],[-64.64,-54.9],[-64.76,-54.83],[-64.55,-54.72]]],[[[-61.88,-39.17],[-61.87,-39.23],[-61.92,-39.23],[-62.04,-39.17],[-62.09,-39.09],[-61.88,-39.17]]],[[[-59.68,-52.23],[-59.76,-52.24],[-59.79,-52.13],[-59.68,-52.18],[-59.68,-52.23]]],[[[-61.02,-51.79],[-60.88,-51.79],[-60.95,-51.95],[-61.03,-51.94],[-61.15,-51.84],[-61.02,-51.79]]],[[[-72.92,-53.48],[-72.21,-53.81],[-72.84,-54.13],[-72.96,-54.07],[-72.76,-53.86],[-73.21,-53.99],[-73.31,-53.73],[-73.85,-53.55],[-72.92,-53.48]]],[[[-67.08,-55.15],[-67.34,-55.29],[-68.07,-55.22],[-68.3,-54.98],[-67.25,-54.98],[-67.08,-55.15]]],[[[-70.99,-54.87],[-70.8,-54.97],[-70.42,-54.91],[-70.3,-55.11],[-70.48,-55.18],[-71.2,-54.89],[-71.41,-54.93],[-71.41,-54.84],[-70.99,-54.87]]],[[[-67.29,-55.78],[-67.56,-55.71],[-67.37,-55.59],[-67.26,-55.74],[-67.29,-55.78]]],[[[-74.56,-51.28],[-74.62,-51.4],[-75.05,-51.4],[-75.29,-51.63],[-75.15,-51.28],[-74.61,-51.21],[-74.56,-51.28]]],[[[-75.05,-50.3],[-75.45,-50.34],[-75.33,-50.01],[-74.88,-50.11],[-74.84,-50.2],[-75.05,-50.3]]],[[[-74.82,-51.63],[-74.78,-51.82],[-74.54,-51.97],[-74.69,-52.28],[-74.85,-52.27],[-75.11,-51.79],[-74.82,-51.63]]],[[[-73.81,-43.83],[-73.79,-43.88],[-73.96,-43.92],[-74.14,-43.87],[-74.14,-43.82],[-73.86,-43.78],[-73.81,-43.83]]],[[[-71.39,-54.03],[-71.02,-54.11],[-71.14,-54.37],[-71.47,-54.23],[-71.95,-54.3],[-72.21,-54.05],[-72.0,-53.88],[-71.39,-54.03]]],[[[-74.14,-51.93],[-74.34,-51.9],[-74.48,-51.73],[-74.13,-51.87],[-74.14,-51.93]]],[[[-73.74,-44.39],[-74.0,-44.59],[-73.75,-45.27],[-74.1,-45.33],[-74.62,-44.65],[-74.1,-44.39],[-73.99,-44.14],[-73.74,-44.39]]],[[[-74.31,-45.69],[-74.47,-45.76],[-74.69,-45.66],[-74.5,-45.29],[-74.31,-45.17],[-74.23,-45.61],[-74.31,-45.69]]],[[[-73.57,45.47],[-73.96,45.44],[-73.48,45.7],[-73.57,45.47]]],[[[-73.7,45.59],[-73.86,45.57],[-73.72,45.67],[-73.57,45.69],[-73.7,45.59]]],[[[-60.96,45.49],[-61.0,45.48],[-61.08,45.56],[-60.91,45.57],[-60.96,45.49]]],[[[-61.91,47.28],[-61.77,47.26],[-62.01,47.23],[-61.92,47.43],[-61.55,47.63],[-61.4,47.64],[-61.68,47.5],[-61.91,47.28]]],[[[-64.51,47.89],[-64.53,47.81],[-64.62,47.75],[-64.68,47.75],[-64.66,47.86],[-64.51,47.89]]],[[[-71.03,46.87],[-71.12,46.86],[-71.09,46.9],[-70.83,47.0],[-71.03,46.87]]],[[[-66.76,44.68],[-66.9,44.63],[-66.8,44.81],[-66.75,44.79],[-66.76,44.68]]],[[[-68.19,44.33],[-68.31,44.32],[-68.32,44.25],[-68.41,44.29],[-68.41,44.36],[-68.3,44.46],[-68.24,44.44],[-68.19,44.33]]],[[[113.84,-7.11],[113.13,-7.22],[112.73,-7.07],[112.87,-6.9],[113.97,-6.87],[114.08,-6.99],[113.84,-7.11]]],[[[158.88,-54.71],[158.85,-54.75],[158.84,-54.7],[158.9,-54.51],[158.96,-54.47],[158.88,-54.71]]],[[[-173.95,-18.64],[-173.99,-18.7],[-174.07,-18.64],[-173.97,-18.57],[-173.92,-18.59],[-173.95,-18.64]]],[[[-151.41,-16.88],[-151.49,-16.86],[-151.47,-16.74],[-151.41,-16.77],[-151.36,-16.86],[-151.41,-16.88]]],[[[-157.34,1.86],[-157.18,1.74],[-157.25,1.73],[-157.58,1.9],[-157.53,1.93],[-157.44,1.85],[-157.37,1.95],[-157.44,2.03],[-157.32,1.97],[-157.34,1.86]]],[[[-139.02,-9.7],[-138.83,-9.74],[-139.07,-9.85],[-139.17,-9.77],[-139.02,-9.7]]],[[[-149.32,-17.69],[-149.18,-17.74],[-149.18,-17.86],[-149.34,-17.73],[-149.58,-17.73],[-149.64,-17.56],[-149.38,-17.52],[-149.32,-17.69]]],[[[-140.07,-8.91],[-140.22,-8.93],[-140.24,-8.8],[-140.06,-8.8],[-140.07,-8.91]]],[[[-172.33,-13.47],[-172.18,-13.68],[-172.22,-13.8],[-172.54,-13.79],[-172.78,-13.52],[-172.33,-13.47]]],[[[-159.34,3.92],[-159.26,3.84],[-159.27,3.8],[-159.36,3.82],[-159.31,3.84],[-159.35,3.88],[-159.38,3.85],[-159.41,3.87],[-159.34,3.92]]],[[[-171.45,-14.05],[-171.91,-14.0],[-172.05,-13.86],[-171.6,-13.88],[-171.45,-14.05]]],[[[-170.73,-14.35],[-170.77,-14.36],[-170.82,-14.31],[-170.69,-14.26],[-170.57,-14.27],[-170.64,-14.28],[-170.73,-14.35]]],[[[-169.8,-19.08],[-169.9,-19.14],[-169.95,-19.07],[-169.91,-18.99],[-169.83,-18.97],[-169.8,-19.08]]],[[[134.6,7.38],[134.53,7.36],[134.52,7.53],[134.65,7.71],[134.6,7.38]]],[[[145.75,15.13],[145.75,15.11],[145.68,15.13],[145.71,15.22],[145.82,15.27],[145.75,15.13]]],[[[144.74,13.26],[144.65,13.31],[144.65,13.43],[144.88,13.61],[144.94,13.57],[144.78,13.41],[144.74,13.26]]],[[[138.14,9.5],[138.07,9.42],[138.15,9.58],[138.19,9.59],[138.21,9.55],[138.14,9.5]]],[[[178.49,-18.97],[178.36,-19.05],[178.29,-19.0],[178.16,-19.12],[177.96,-19.12],[178.33,-18.93],[178.49,-18.97]]],[[[167.58,-14.26],[167.54,-14.31],[167.43,-14.29],[167.41,-14.2],[167.51,-14.14],[167.6,-14.18],[167.58,-14.26]]],[[[167.49,-13.91],[167.45,-13.91],[167.39,-13.79],[167.48,-13.71],[167.55,-13.81],[167.49,-13.91]]],[[[169.9,-20.19],[169.86,-20.24],[169.74,-20.2],[169.75,-20.15],[169.83,-20.14],[169.9,-20.19]]],[[[169.49,-19.54],[169.44,-19.65],[169.35,-19.62],[169.22,-19.48],[169.25,-19.34],[169.34,-19.33],[169.36,-19.46],[169.49,-19.54]]],[[[169.33,-18.94],[169.25,-18.98],[168.99,-18.87],[169.02,-18.64],[169.14,-18.63],[169.33,-18.94]]],[[[168.01,-21.43],[168.14,-21.45],[168.12,-21.62],[167.97,-21.64],[167.82,-21.39],[167.99,-21.34],[168.01,-21.43]]],[[[166.55,-20.7],[166.49,-20.71],[166.56,-20.62],[166.58,-20.41],[166.62,-20.42],[166.67,-20.45],[166.62,-20.48],[166.62,-20.6],[166.55,-20.7]]],[[[167.4,-21.16],[167.07,-21.0],[167.03,-20.92],[167.19,-20.8],[167.06,-20.72],[167.3,-20.73],[167.4,-21.16]]],[[[167.54,-22.62],[167.51,-22.66],[167.44,-22.64],[167.42,-22.62],[167.44,-22.54],[167.53,-22.58],[167.54,-22.62]]],[[[166.93,-11.67],[166.81,-11.68],[166.75,-11.59],[166.86,-11.58],[166.93,-11.67]]],[[[166.13,-10.76],[165.97,-10.78],[165.9,-10.85],[165.79,-10.78],[165.91,-10.67],[166.02,-10.66],[166.16,-10.69],[166.13,-10.76]]],[[[160.58,-11.8],[160.44,-11.81],[160.27,-11.66],[160.0,-11.58],[159.99,-11.49],[160.58,-11.8]]],[[[160.75,-8.31],[161.37,-9.61],[160.77,-8.96],[160.59,-8.37],[160.75,-8.31]]],[[[161.72,-10.39],[162.11,-10.45],[162.37,-10.82],[161.54,-10.57],[161.3,-10.2],[161.72,-10.39]]],[[[161.55,-9.63],[161.55,-9.77],[161.41,-9.68],[161.36,-9.35],[161.55,-9.63]]],[[[159.19,-9.12],[159.04,-9.08],[159.13,-8.99],[159.23,-9.03],[159.23,-9.09],[159.19,-9.12]]],[[[160.17,-9.0],[160.25,-9.01],[160.41,-9.14],[160.28,-9.17],[160.11,-9.08],[160.1,-9.03],[160.17,-9.0]]],[[[159.69,-8.51],[159.64,-8.52],[159.57,-8.48],[159.54,-8.45],[159.55,-8.4],[159.59,-8.38],[159.64,-8.41],[159.69,-8.51]]],[[[157.76,-8.24],[157.9,-8.51],[157.82,-8.61],[157.59,-8.45],[157.56,-8.27],[157.22,-8.26],[157.49,-7.97],[157.76,-8.24]]],[[[158.11,-8.68],[158.01,-8.76],[157.94,-8.74],[157.88,-8.67],[157.91,-8.57],[158.0,-8.51],[158.11,-8.54],[158.11,-8.68]]],[[[157.39,-8.71],[157.21,-8.57],[157.38,-8.42],[157.41,-8.48],[157.33,-8.65],[157.39,-8.71]]],[[[156.69,-7.92],[156.51,-7.71],[156.56,-7.57],[156.81,-7.72],[156.69,-7.92]]],[[[156.6,-8.17],[156.59,-8.2],[156.54,-8.07],[156.57,-7.96],[156.61,-8.1],[156.6,-8.17]]],[[[157.17,-8.11],[157.04,-8.12],[156.96,-8.01],[157.02,-7.87],[157.19,-7.94],[157.17,-8.11]]],[[[155.84,-7.1],[155.74,-7.12],[155.68,-7.09],[155.74,-6.97],[155.86,-7.04],[155.84,-7.1]]],[[[158.31,6.81],[158.18,6.8],[158.13,6.94],[158.29,6.95],[158.31,6.81]]],[[[175.54,-36.28],[175.55,-36.33],[175.47,-36.31],[175.35,-36.22],[175.39,-36.08],[175.51,-36.18],[175.54,-36.28]]],[[[173.91,-40.86],[173.78,-40.92],[173.81,-40.79],[173.96,-40.71],[173.91,-40.86]]],[[[166.75,-45.66],[166.73,-45.73],[166.53,-45.7],[166.57,-45.64],[166.69,-45.62],[166.75,-45.66]]],[[[-176.18,-43.74],[-176.38,-43.87],[-176.41,-43.76],[-176.52,-43.78],[-176.33,-44.03],[-176.52,-44.12],[-176.63,-44.04],[-176.56,-43.85],[-176.85,-43.82],[-176.57,-43.72],[-176.18,-43.74]]],[[[169.18,-52.5],[169.23,-52.55],[169.13,-52.57],[169.02,-52.5],[169.18,-52.5]]],[[[166.22,-50.76],[166.24,-50.85],[165.89,-50.81],[166.07,-50.68],[166.1,-50.54],[166.27,-50.56],[166.18,-50.71],[166.22,-50.76]]],[[[168.14,-46.86],[168.04,-46.93],[168.24,-47.07],[167.52,-47.26],[167.8,-46.91],[167.78,-46.7],[168.14,-46.86]]],[[[137.09,-15.78],[137.05,-15.82],[136.94,-15.71],[137.01,-15.59],[137.09,-15.78]]],[[[136.59,-15.63],[136.51,-15.63],[136.52,-15.54],[136.61,-15.54],[136.59,-15.63]]],[[[132.59,-11.3],[132.49,-11.16],[132.48,-11.04],[132.58,-10.97],[132.63,-11.17],[132.59,-11.3]]],[[[146.28,-18.23],[146.34,-18.4],[146.3,-18.48],[146.1,-18.25],[146.28,-18.23]]],[[[142.27,-10.7],[142.19,-10.76],[142.14,-10.73],[142.13,-10.64],[142.2,-10.59],[142.27,-10.7]]],[[[142.34,-10.19],[142.28,-10.25],[142.2,-10.2],[142.22,-10.15],[142.3,-10.14],[142.34,-10.19]]],[[[139.51,-16.57],[139.16,-16.74],[139.29,-16.47],[139.6,-16.4],[139.7,-16.51],[139.51,-16.57]]],[[[139.46,-17.11],[139.42,-17.13],[139.41,-17.09],[139.49,-16.99],[139.56,-17.04],[139.57,-17.09],[139.46,-17.11]]],[[[136.71,-13.8],[136.89,-13.79],[136.75,-14.07],[136.95,-14.18],[136.89,-14.29],[136.34,-14.21],[136.42,-13.86],[136.66,-13.68],[136.71,-13.8]]],[[[136.24,-13.82],[136.12,-13.82],[136.22,-13.66],[136.28,-13.79],[136.24,-13.82]]],[[[136.6,-11.38],[136.53,-11.44],[136.52,-11.39],[136.71,-11.16],[136.73,-11.02],[136.78,-11.01],[136.74,-11.19],[136.6,-11.38]]],[[[136.34,-11.6],[136.18,-11.68],[136.27,-11.58],[136.48,-11.47],[136.47,-11.51],[136.34,-11.6]]],[[[130.46,-11.68],[130.61,-11.82],[130.04,-11.79],[130.29,-11.34],[130.46,-11.68]]],[[[130.62,-11.38],[131.27,-11.19],[131.54,-11.44],[130.95,-11.93],[130.51,-11.62],[130.37,-11.21],[130.62,-11.38]]],[[[125.2,-14.58],[125.13,-14.64],[125.09,-14.59],[125.16,-14.46],[125.2,-14.47],[125.2,-14.58]]],[[[124.6,-15.4],[124.52,-15.42],[124.48,-15.34],[124.52,-15.27],[124.61,-15.36],[124.6,-15.4]]],[[[115.45,-20.79],[115.39,-20.87],[115.32,-20.85],[115.31,-20.81],[115.43,-20.67],[115.45,-20.79]]],[[[113.18,-26.05],[113.16,-26.09],[112.96,-25.78],[112.95,-25.53],[113.18,-26.05]]],[[[147.36,-43.4],[147.31,-43.5],[147.15,-43.5],[147.1,-43.43],[147.16,-43.43],[147.28,-43.28],[147.36,-43.4]]],[[[148.1,-42.71],[148.03,-42.71],[148.02,-42.64],[148.07,-42.59],[148.17,-42.65],[148.1,-42.68],[148.1,-42.71]]],[[[147.43,-43.24],[147.35,-43.23],[147.3,-43.16],[147.35,-43.08],[147.4,-43.12],[147.43,-43.24]]],[[[143.93,-40.12],[143.84,-39.9],[144.0,-39.58],[144.14,-39.95],[143.93,-40.12]]],[[[148.33,-40.31],[148.47,-40.43],[148.4,-40.49],[148.1,-40.45],[148.01,-40.38],[148.33,-40.31]]],[[[148.0,-39.76],[148.3,-39.99],[148.31,-40.17],[148.11,-40.26],[147.77,-39.87],[148.0,-39.76]]],[[[137.6,-35.74],[138.12,-35.85],[137.45,-36.07],[136.54,-35.89],[137.33,-35.59],[137.6,-35.74]]],[[[145.49,-38.35],[145.34,-38.42],[145.28,-38.39],[145.3,-38.32],[145.43,-38.31],[145.49,-38.35]]],[[[145.31,-38.49],[145.36,-38.56],[145.27,-38.52],[145.13,-38.53],[145.22,-38.46],[145.31,-38.49]]],[[[153.54,-27.44],[153.43,-27.71],[153.44,-27.41],[153.54,-27.44]]],[[[153.44,-27.32],[153.38,-27.24],[153.37,-27.14],[153.38,-27.05],[153.43,-27.03],[153.47,-27.04],[153.44,-27.32]]],[[[153.08,-25.75],[152.98,-25.55],[153.04,-25.19],[153.23,-25.01],[153.14,-24.81],[153.26,-24.73],[153.35,-25.06],[153.08,-25.75]]],[[[151.15,-23.49],[151.24,-23.53],[151.3,-23.72],[151.24,-23.78],[151.03,-23.53],[151.06,-23.46],[151.15,-23.49]]],[[[117.36,8.21],[117.29,8.19],[117.28,8.31],[117.35,8.29],[117.36,8.21]]],[[[117.08,7.88],[117.03,7.81],[116.97,7.89],[116.99,8.05],[117.08,8.07],[117.08,7.88]]],[[[119.92,10.49],[119.79,10.46],[119.76,10.55],[119.85,10.64],[120.01,10.57],[119.92,10.49]]],[[[119.86,11.53],[119.88,11.47],[119.83,11.38],[119.73,11.43],[119.73,11.47],[119.86,11.53]]],[[[120.1,12.17],[120.23,12.22],[120.31,12.01],[120.01,12.01],[119.87,12.2],[119.89,12.3],[120.1,12.17]]],[[[120.04,11.7],[119.94,11.69],[119.86,11.95],[120.04,11.92],[120.04,11.7]]],[[[122.65,10.47],[122.54,10.42],[122.54,10.61],[122.7,10.74],[122.74,10.65],[122.65,10.47]]],[[[123.37,9.45],[123.39,9.97],[124.04,11.27],[124.0,10.4],[123.37,9.45]]],[[[123.76,11.28],[123.82,11.15],[123.74,11.15],[123.71,11.25],[123.76,11.28]]],[[[124.59,9.79],[124.12,9.6],[123.82,9.82],[124.34,10.16],[124.58,10.03],[124.59,9.79]]],[[[124.81,9.14],[124.78,9.08],[124.67,9.13],[124.65,9.23],[124.74,9.24],[124.81,9.14]]],[[[123.7,9.24],[123.71,9.13],[123.61,9.1],[123.49,9.19],[123.65,9.28],[123.7,9.24]]],[[[120.25,5.26],[120.19,5.17],[120.12,5.22],[119.96,5.08],[119.82,5.07],[119.83,5.13],[120.17,5.33],[120.25,5.26]]],[[[122.09,6.43],[121.96,6.42],[121.83,6.66],[122.06,6.74],[122.29,6.64],[122.09,6.43]]],[[[126.06,9.77],[125.99,9.84],[126.07,10.06],[126.17,9.8],[126.06,9.77]]],[[[125.69,9.91],[125.49,10.12],[125.52,10.31],[125.67,10.44],[125.69,9.91]]],[[[120.27,13.75],[120.27,13.68],[120.1,13.78],[120.1,13.84],[120.21,13.82],[120.27,13.75]]],[[[121.91,13.54],[122.11,13.46],[122.0,13.2],[121.83,13.33],[121.87,13.57],[121.91,13.54]]],[[[122.09,12.35],[122.01,12.11],[121.92,12.33],[122.0,12.6],[122.15,12.65],[122.09,12.35]]],[[[122.65,12.31],[122.6,12.29],[122.42,12.46],[122.6,12.49],[122.67,12.42],[122.65,12.31]]],[[[123.28,12.85],[123.37,12.7],[122.95,13.06],[122.96,13.11],[123.04,13.11],[123.28,12.85]]],[[[123.78,12.45],[123.78,12.37],[123.62,12.57],[123.59,12.63],[123.62,12.67],[123.71,12.61],[123.78,12.45]]],[[[123.72,12.29],[124.04,11.97],[124.05,11.75],[123.47,12.22],[123.16,11.93],[123.24,12.58],[123.72,12.29]]],[[[124.35,13.63],[124.18,13.53],[124.04,13.66],[124.22,14.08],[124.42,13.87],[124.35,13.63]]],[[[122.18,14.05],[122.17,14.01],[121.96,14.16],[121.96,14.23],[122.18,14.05]]],[[[122.03,15.01],[121.97,14.89],[122.02,14.76],[121.93,14.66],[121.84,15.04],[122.03,15.01]]],[[[121.92,18.89],[121.86,18.82],[121.83,18.84],[121.89,18.99],[121.94,19.01],[121.99,18.96],[121.92,18.89]]],[[[121.52,19.36],[121.53,19.27],[121.47,19.27],[121.37,19.36],[121.39,19.4],[121.52,19.36]]],[[[148.03,-5.83],[147.78,-5.63],[147.79,-5.49],[148.05,-5.61],[148.03,-5.83]]],[[[147.18,-5.43],[147.01,-5.31],[147.13,-5.19],[147.21,-5.25],[147.18,-5.43]]],[[[146.02,-4.73],[145.95,-4.76],[145.88,-4.67],[146.0,-4.54],[146.05,-4.64],[146.02,-4.73]]],[[[147.07,-1.96],[147.44,-2.01],[147.21,-2.18],[146.55,-2.21],[146.66,-1.97],[147.07,-1.96]]],[[[154.65,-5.43],[154.54,-5.11],[154.63,-5.01],[154.73,-5.22],[154.65,-5.43]]],[[[152.67,-3.13],[152.65,-3.22],[152.54,-3.1],[152.64,-3.04],[152.67,-3.13]]],[[[152.1,-2.95],[152.09,-3.0],[152.06,-2.99],[151.95,-2.87],[151.97,-2.85],[152.1,-2.95]]],[[[149.77,-1.55],[149.67,-1.58],[149.55,-1.47],[149.58,-1.35],[149.73,-1.43],[149.77,-1.55]]],[[[150.44,-2.66],[150.17,-2.66],[149.96,-2.47],[150.23,-2.38],[150.43,-2.47],[150.44,-2.66]]],[[[151.08,-10.02],[151.3,-9.96],[151.23,-10.19],[150.96,-10.09],[150.78,-9.71],[151.08,-10.02]]],[[[150.35,-9.49],[150.11,-9.36],[150.21,-9.21],[150.32,-9.26],[150.35,-9.49]]],[[[150.53,-9.35],[150.79,-9.42],[150.89,-9.67],[150.44,-9.62],[150.51,-9.54],[150.44,-9.36],[150.53,-9.35]]],[[[151.11,-8.73],[151.12,-8.8],[151.05,-8.73],[151.08,-8.57],[151.0,-8.52],[151.12,-8.42],[151.11,-8.73]]],[[[152.63,-8.96],[152.95,-9.07],[152.97,-9.21],[152.72,-9.17],[152.52,-9.01],[152.63,-8.96]]],[[[154.28,-11.36],[154.27,-11.42],[154.12,-11.43],[154.06,-11.42],[154.02,-11.35],[154.12,-11.37],[154.1,-11.31],[154.28,-11.36]]],[[[153.54,-11.48],[153.76,-11.59],[153.55,-11.63],[153.38,-11.56],[153.2,-11.32],[153.54,-11.48]]],[[[143.59,-8.48],[143.37,-8.42],[143.32,-8.37],[143.58,-8.39],[143.59,-8.48]]],[[[143.59,-8.63],[143.61,-8.68],[143.46,-8.62],[143.21,-8.42],[143.44,-8.52],[143.59,-8.63]]],[[[135.38,-0.65],[135.89,-0.73],[136.38,-1.09],[135.92,-1.18],[135.75,-0.82],[135.65,-0.88],[135.38,-0.65]]],[[[135.47,-1.59],[136.89,-1.8],[136.23,-1.89],[135.47,-1.59]]],[[[134.97,-1.12],[134.86,-1.11],[134.81,-1.04],[134.83,-0.98],[134.89,-0.94],[135.0,-1.03],[134.97,-1.12]]],[[[138.9,-8.39],[138.59,-8.37],[138.56,-8.31],[138.8,-8.17],[138.9,-8.39]]],[[[133.57,-4.25],[133.62,-4.3],[133.33,-4.17],[133.32,-4.11],[133.57,-4.25]]],[[[130.35,-1.69],[130.42,-1.97],[130.25,-2.05],[129.74,-1.87],[130.35,-1.69]]],[[[131.0,-1.32],[130.78,-1.26],[130.67,-0.96],[131.03,-0.92],[131.0,-1.32]]],[[[130.91,-0.78],[130.83,-0.86],[130.4,-0.92],[130.48,-0.83],[130.91,-0.78]]],[[[130.63,-0.53],[130.47,-0.49],[130.62,-0.42],[130.68,-0.47],[130.63,-0.53]]],[[[130.81,-0.0],[131.28,-0.15],[131.26,-0.37],[130.95,-0.34],[130.68,-0.08],[130.9,-0.42],[130.24,-0.21],[130.81,-0.0]]],[[[129.55,-0.19],[129.51,-0.19],[129.37,-0.07],[129.31,0.05],[129.54,-0.14],[129.55,-0.19]]],[[[128.45,2.05],[128.3,2.03],[128.22,2.3],[128.6,2.6],[128.62,2.22],[128.45,2.05]]],[[[127.25,-0.5],[127.12,-0.52],[127.13,-0.28],[127.29,-0.28],[127.25,-0.5]]],[[[127.3,-0.78],[127.16,-0.76],[127.21,-0.62],[127.26,-0.62],[127.3,-0.78]]],[[[127.57,-0.32],[127.68,-0.47],[127.6,-0.61],[127.88,-0.81],[127.76,-0.88],[127.62,-0.77],[127.46,-0.81],[127.47,-0.64],[127.3,-0.5],[127.33,-0.34],[127.46,-0.41],[127.57,-0.32]]],[[[128.15,-1.66],[127.56,-1.73],[127.4,-1.59],[127.65,-1.33],[128.15,-1.66]]],[[[134.75,-5.71],[134.71,-6.3],[134.44,-6.33],[134.15,-6.06],[134.34,-5.83],[134.21,-5.71],[134.57,-5.43],[134.75,-5.71]]],[[[134.54,-6.44],[134.32,-6.85],[134.09,-6.83],[134.11,-6.19],[134.54,-6.44]]],[[[132.93,-5.9],[132.85,-5.99],[132.94,-5.68],[133.14,-5.32],[133.12,-5.58],[132.97,-5.74],[132.93,-5.9]]],[[[132.81,-5.85],[132.75,-5.95],[132.68,-5.91],[132.63,-5.61],[132.74,-5.66],[132.81,-5.85]]],[[[128.72,-3.55],[128.71,-3.6],[128.62,-3.59],[128.59,-3.51],[128.59,-3.49],[128.72,-3.55]]],[[[128.56,-3.59],[128.39,-3.64],[128.45,-3.51],[128.54,-3.54],[128.56,-3.59]]],[[[128.28,-3.67],[127.98,-3.77],[127.93,-3.7],[128.26,-3.51],[128.33,-3.52],[128.28,-3.67]]],[[[123.18,-4.55],[122.97,-5.14],[123.19,-5.33],[122.65,-5.66],[122.85,-4.62],[123.07,-4.39],[123.18,-4.55]]],[[[122.65,-5.27],[122.56,-5.39],[122.28,-5.32],[122.37,-4.77],[122.7,-4.62],[122.65,-5.27]]],[[[122.04,-5.44],[121.98,-5.46],[121.81,-5.26],[121.91,-5.07],[122.04,-5.16],[122.04,-5.44]]],[[[123.24,-4.11],[123.08,-4.23],[122.97,-4.03],[123.21,-4.0],[123.24,-4.11]]],[[[126.06,-2.45],[125.98,-2.42],[125.86,-2.08],[125.92,-1.97],[125.99,-2.01],[126.06,-2.45]]],[[[126.02,-1.79],[126.33,-1.82],[125.96,-1.92],[125.43,-1.94],[125.39,-1.84],[126.02,-1.79]]],[[[124.97,-1.71],[125.31,-1.88],[124.42,-2.01],[124.33,-1.86],[124.42,-1.66],[124.97,-1.71]]],[[[123.21,-1.17],[123.24,-1.39],[123.43,-1.24],[123.51,-1.45],[123.27,-1.44],[123.17,-1.62],[123.15,-1.3],[122.89,-1.59],[122.81,-1.43],[122.91,-1.18],[123.21,-1.17]]],[[[121.86,-0.41],[121.91,-0.45],[121.88,-0.5],[121.66,-0.53],[121.75,-0.41],[121.86,-0.41]]],[[[126.82,4.03],[126.7,4.07],[126.81,4.26],[126.72,4.34],[126.76,4.55],[126.87,4.48],[126.92,4.29],[126.82,4.03]]],[[[126.72,3.87],[126.72,3.83],[126.66,3.93],[126.64,4.04],[126.74,3.92],[126.72,3.87]]],[[[125.66,3.44],[125.63,3.41],[125.51,3.46],[125.47,3.73],[125.66,3.44]]],[[[120.53,-6.3],[120.49,-6.46],[120.44,-6.18],[120.48,-5.78],[120.55,-5.97],[120.53,-6.3]]],[[[131.98,-7.2],[131.97,-7.25],[131.88,-7.17],[131.75,-7.12],[131.92,-7.1],[131.98,-7.2]]],[[[130.86,-8.32],[130.78,-8.35],[131.02,-8.09],[131.18,-8.13],[130.91,-8.25],[130.86,-8.32]]],[[[131.33,-8.0],[131.11,-8.0],[131.14,-7.68],[131.64,-7.11],[131.62,-7.63],[131.33,-8.0]]],[[[129.84,-7.95],[129.71,-8.04],[129.59,-7.92],[129.61,-7.8],[129.81,-7.82],[129.84,-7.95]]],[[[128.67,-7.18],[128.62,-7.21],[128.53,-7.13],[128.63,-7.07],[128.67,-7.11],[128.67,-7.18]]],[[[127.82,-8.1],[128.12,-8.17],[128.02,-8.26],[127.82,-8.19],[127.79,-8.12],[127.82,-8.1]]],[[[127.42,-7.62],[127.36,-7.65],[127.37,-7.51],[127.48,-7.53],[127.46,-7.6],[127.42,-7.62]]],[[[126.8,-7.67],[126.47,-7.95],[125.8,-7.98],[125.98,-7.66],[126.61,-7.57],[126.8,-7.67]]],[[[125.65,-8.14],[125.58,-8.31],[125.51,-8.28],[125.65,-8.14]]],[[[123.42,-10.3],[123.33,-10.34],[123.33,-10.26],[123.46,-10.14],[123.5,-10.19],[123.41,-10.23],[123.42,-10.3]]],[[[122.95,-10.91],[122.83,-10.9],[122.85,-10.76],[123.37,-10.47],[123.42,-10.65],[122.95,-10.91]]],[[[121.88,-10.59],[121.7,-10.56],[121.87,-10.44],[122.0,-10.45],[121.98,-10.53],[121.88,-10.59]]],[[[124.58,-8.14],[125.05,-8.18],[125.13,-8.33],[124.44,-8.44],[124.39,-8.25],[124.58,-8.14]]],[[[124.29,-8.33],[124.15,-8.53],[123.93,-8.45],[124.01,-8.32],[124.11,-8.36],[124.24,-8.2],[124.3,-8.23],[124.29,-8.33]]],[[[123.92,-8.27],[123.78,-8.3],[123.55,-8.57],[123.23,-8.53],[123.48,-8.32],[123.39,-8.28],[123.78,-8.19],[123.92,-8.27]]],[[[123.32,-8.35],[123.3,-8.4],[123.03,-8.4],[123.03,-8.34],[123.22,-8.24],[123.34,-8.27],[123.32,-8.35]]],[[[119.46,-8.74],[119.39,-8.74],[119.38,-8.59],[119.45,-8.43],[119.56,-8.52],[119.44,-8.67],[119.46,-8.74]]],[[[119.07,-8.24],[119.03,-8.24],[119.02,-8.2],[119.04,-8.16],[119.1,-8.14],[119.13,-8.2],[119.07,-8.24]]],[[[115.61,-8.77],[115.58,-8.8],[115.48,-8.72],[115.56,-8.67],[115.61,-8.71],[115.61,-8.77]]],[[[115.38,-6.97],[115.22,-6.95],[115.24,-6.86],[115.41,-6.84],[115.52,-6.9],[115.55,-6.94],[115.38,-6.97]]],[[[112.72,-5.81],[112.7,-5.85],[112.6,-5.84],[112.59,-5.8],[112.69,-5.73],[112.73,-5.75],[112.72,-5.81]]],[[[117.92,4.05],[117.74,4.0],[117.63,4.12],[117.66,4.25],[117.88,4.19],[117.92,4.05]]],[[[117.66,3.28],[117.65,3.25],[117.56,3.33],[117.55,3.43],[117.68,3.41],[117.66,3.28]]],[[[116.42,-3.46],[116.39,-3.64],[116.33,-3.54],[116.4,-3.42],[116.43,-3.4],[116.42,-3.46]]],[[[116.3,-3.87],[116.09,-4.05],[116.02,-3.7],[116.12,-3.34],[116.27,-3.25],[116.3,-3.87]]],[[[108.95,-1.62],[108.84,-1.66],[108.8,-1.57],[108.88,-1.54],[108.96,-1.56],[108.95,-1.62]]],[[[109.71,-1.18],[109.46,-1.28],[109.48,-0.99],[109.74,-1.04],[109.71,-1.18]]],[[[108.32,3.69],[108.1,3.7],[108.24,3.81],[108.0,3.98],[108.25,4.22],[108.39,3.99],[108.32,3.69]]],[[[106.29,3.16],[106.28,3.09],[106.21,3.13],[106.2,3.2],[106.22,3.23],[106.27,3.22],[106.29,3.16]]],[[[105.76,2.86],[105.71,2.89],[105.69,3.06],[105.84,2.98],[105.76,2.86]]],[[[101.71,2.08],[101.72,1.79],[101.5,1.73],[101.41,2.02],[101.71,2.08]]],[[[102.43,0.99],[102.28,1.08],[102.26,1.4],[102.44,1.23],[102.43,0.99]]],[[[102.49,1.46],[102.5,1.33],[102.08,1.5],[102.02,1.61],[102.49,1.46]]],[[[103.03,0.75],[102.49,0.86],[102.51,1.09],[103.0,0.86],[103.03,0.75]]],[[[103.17,0.87],[103.09,0.85],[102.7,1.05],[102.73,1.16],[103.0,1.07],[103.17,0.87]]],[[[103.28,0.54],[103.14,0.55],[103.19,0.7],[103.24,0.7],[103.3,0.61],[103.28,0.54]]],[[[103.42,1.05],[103.43,0.99],[103.36,1.01],[103.32,1.07],[103.38,1.13],[103.42,1.05]]],[[[103.45,0.66],[103.34,0.78],[103.39,0.87],[103.5,0.72],[103.45,0.66]]],[[[104.02,1.18],[104.09,1.14],[104.14,1.17],[104.07,0.99],[103.96,1.01],[103.93,1.07],[104.02,1.18]]],[[[104.59,1.22],[104.66,1.05],[104.58,0.83],[104.44,1.05],[104.25,1.01],[104.36,1.18],[104.59,1.22]]],[[[104.24,0.83],[104.18,0.8],[104.1,0.9],[104.11,0.93],[104.23,0.88],[104.24,0.83]]],[[[104.69,0.06],[104.7,0.03],[104.6,0.1],[104.5,0.23],[104.54,0.22],[104.69,0.06]]],[[[104.78,-0.18],[104.84,-0.14],[105.01,-0.28],[104.91,-0.32],[104.45,-0.19],[104.54,0.02],[104.78,-0.18]]],[[[104.47,-0.33],[104.59,-0.47],[104.36,-0.66],[104.26,-0.46],[104.47,-0.33]]],[[[103.74,-0.35],[103.46,-0.36],[103.55,-0.23],[103.72,-0.28],[103.74,-0.35]]],[[[108.21,-3.0],[108.06,-3.23],[107.86,-3.09],[107.61,-3.21],[107.67,-2.57],[108.22,-2.7],[108.21,-3.0]]],[[[106.89,-3.01],[106.81,-3.01],[106.74,-2.93],[106.8,-2.9],[106.91,-2.93],[106.89,-3.01]]],[[[105.25,-6.64],[105.19,-6.66],[105.12,-6.61],[105.26,-6.52],[105.25,-6.64]]],[[[97.48,1.47],[97.93,0.97],[97.82,0.56],[97.08,1.43],[97.48,1.47]]],[[[102.37,-5.48],[102.29,-5.48],[102.11,-5.32],[102.2,-5.29],[102.37,-5.37],[102.37,-5.48]]],[[[100.43,-3.18],[100.47,-3.33],[100.35,-3.23],[100.2,-2.99],[100.2,-2.79],[100.45,-3.0],[100.43,-3.18]]],[[[100.2,-2.74],[100.13,-2.82],[100.01,-2.82],[99.99,-2.53],[100.2,-2.74]]],[[[99.84,-2.34],[99.61,-2.26],[99.54,-2.16],[99.57,-2.03],[99.69,-2.06],[99.84,-2.34]]],[[[99.16,-1.78],[98.83,-1.61],[98.6,-1.2],[98.68,-0.97],[98.93,-0.95],[99.27,-1.63],[99.16,-1.78]]],[[[98.46,-0.53],[98.31,-0.53],[98.43,-0.23],[98.32,-0.0],[98.42,-0.02],[98.54,-0.26],[98.46,-0.53]]],[[[97.33,2.08],[97.11,2.22],[97.29,2.2],[97.33,2.08]]],[[[96.46,2.36],[95.81,2.66],[95.72,2.83],[95.9,2.89],[96.42,2.52],[96.46,2.36]]],[[[95.36,5.81],[95.34,5.78],[95.28,5.8],[95.22,5.89],[95.36,5.88],[95.36,5.81]]],[[[111.39,2.42],[111.31,2.44],[111.33,2.77],[111.38,2.71],[111.39,2.42]]],[[[117.14,7.17],[117.08,7.12],[117.06,7.26],[117.26,7.35],[117.27,7.22],[117.14,7.17]]],[[[32.01,46.2],[32.15,46.15],[32.01,46.17],[31.56,46.26],[31.51,46.37],[31.64,46.27],[32.01,46.2]]],[[[22.92,58.83],[22.54,58.69],[22.41,58.86],[22.06,58.94],[22.65,59.09],[22.91,58.99],[23.01,58.83],[22.92,58.83]]],[[[23.34,58.55],[23.06,58.61],[23.17,58.68],[23.33,58.65],[23.34,58.55]]],[[[35.82,65.18],[35.86,65.08],[35.78,64.98],[35.53,65.15],[35.82,65.18]]],[[[42.71,66.7],[42.48,66.74],[42.46,66.77],[42.63,66.78],[42.71,66.7]]],[[[26.88,78.65],[26.46,78.72],[26.41,78.78],[26.59,78.81],[27.01,78.7],[26.88,78.65]]],[[[29.05,78.91],[29.65,78.92],[29.31,78.85],[27.89,78.85],[28.51,78.97],[29.05,78.91]]],[[[50.05,80.07],[49.56,80.16],[50.25,80.22],[50.32,80.17],[50.05,80.07]]],[[[51.41,79.94],[50.09,79.98],[50.94,80.09],[51.41,79.94]]],[[[32.53,80.12],[31.48,80.11],[33.63,80.22],[32.53,80.12]]],[[[57.81,81.55],[58.56,81.42],[57.86,81.37],[58.02,81.25],[57.45,81.14],[55.47,81.31],[57.81,81.55]]],[[[54.72,81.12],[57.69,80.79],[56.32,80.63],[54.67,80.74],[54.05,80.87],[54.72,81.12]]],[[[50.75,81.05],[50.52,81.05],[50.37,81.12],[50.88,81.15],[50.95,81.11],[50.75,81.05]]],[[[58.62,81.04],[58.93,80.83],[58.64,80.77],[57.21,81.02],[58.62,81.04]]],[[[63.65,81.61],[62.11,81.68],[63.71,81.69],[63.78,81.65],[63.65,81.61]]],[[[58.3,81.72],[57.92,81.71],[58.13,81.83],[59.41,81.83],[58.3,81.72]]],[[[18.74,80.3],[18.53,80.25],[18.16,80.29],[18.29,80.36],[18.74,80.3]]],[[[11.25,78.61],[12.12,78.23],[11.12,78.46],[10.56,78.9],[10.96,78.85],[11.25,78.61]]],[[[19.22,74.39],[19.1,74.35],[18.8,74.49],[19.18,74.52],[19.27,74.46],[19.22,74.39]]],[[[53.14,71.24],[53.21,71.16],[53.02,70.97],[52.24,71.33],[52.78,71.4],[53.14,71.24]]],[[[74.66,72.87],[74.1,73.02],[74.41,73.13],[74.96,73.06],[74.74,73.03],[74.66,72.87]]],[[[75.5,73.46],[75.34,73.43],[75.38,73.48],[75.57,73.54],[76.05,73.55],[75.83,73.46],[75.5,73.46]]],[[[76.76,73.45],[76.08,73.52],[76.25,73.56],[76.76,73.45]]],[[[77.63,72.29],[76.87,72.32],[77.75,72.63],[78.37,72.48],[77.63,72.29]]],[[[79.5,72.72],[78.63,72.85],[79.16,73.09],[79.54,72.92],[79.5,72.72]]],[[[82.71,74.09],[82.61,74.06],[82.33,74.13],[82.53,74.16],[82.71,74.09]]],[[[83.55,74.07],[82.82,74.09],[83.15,74.15],[83.55,74.07]]],[[[84.76,74.46],[84.71,74.4],[84.39,74.45],[84.87,74.52],[84.76,74.46]]],[[[86.65,74.98],[87.12,74.94],[86.93,74.83],[86.39,74.85],[86.26,74.89],[86.33,74.94],[86.65,74.98]]],[[[82.17,75.42],[82.22,75.35],[81.98,75.25],[81.5,75.37],[81.93,75.41],[81.91,75.5],[82.02,75.51],[82.17,75.52],[82.17,75.42]]],[[[96.53,76.28],[96.59,76.22],[96.3,76.12],[95.31,76.21],[96.53,76.28]]],[[[97.59,76.6],[97.43,76.59],[97.34,76.63],[97.31,76.69],[97.38,76.71],[97.59,76.6]]],[[[96.29,77.03],[95.27,77.02],[96.53,77.21],[96.56,77.13],[96.29,77.03]]],[[[89.51,77.19],[89.14,77.23],[89.28,77.3],[89.62,77.31],[89.67,77.25],[89.51,77.19]]],[[[76.25,79.65],[77.59,79.5],[76.65,79.49],[76.15,79.58],[76.05,79.64],[76.25,79.65]]],[[[80.03,80.85],[78.98,80.85],[79.81,80.98],[80.43,80.93],[80.03,80.85]]],[[[107.7,78.13],[107.48,78.06],[106.42,78.14],[107.7,78.13]]],[[[106.27,78.21],[106.02,78.22],[106.06,78.26],[106.35,78.27],[106.46,78.34],[106.72,78.29],[106.27,78.21]]],[[[107.41,77.24],[107.27,77.29],[107.37,77.35],[107.59,77.33],[107.68,77.27],[107.41,77.24]]],[[[112.48,76.62],[112.66,76.51],[112.53,76.45],[111.97,76.63],[112.48,76.62]]],[[[120.26,73.09],[119.79,73.05],[119.64,73.12],[119.96,73.17],[120.26,73.09]]],[[[124.54,73.85],[124.37,73.87],[124.34,73.93],[124.64,73.9],[124.54,73.85]]],[[[135.95,75.41],[135.45,75.39],[135.7,75.85],[136.17,75.61],[135.95,75.41]]],[[[149.15,76.66],[148.4,76.65],[148.72,76.75],[149.41,76.78],[149.15,76.66]]],[[[136.2,73.91],[135.39,74.25],[136.04,74.09],[136.26,73.98],[136.2,73.91]]],[[[137.96,71.51],[137.71,71.42],[137.06,71.53],[137.82,71.59],[137.96,71.51]]],[[[160.72,70.82],[160.5,70.82],[160.44,70.85],[160.44,70.92],[160.57,70.92],[160.72,70.82]]],[[[169.2,69.58],[167.79,69.84],[168.36,70.02],[169.37,69.88],[169.2,69.58]]],[[[163.64,58.6],[163.43,58.58],[163.76,59.02],[164.57,59.22],[164.62,58.89],[163.64,58.6]]],[[[168.04,54.56],[167.44,54.86],[167.88,54.69],[168.04,54.56]]],[[[166.65,54.84],[166.65,54.69],[165.75,55.29],[166.28,55.31],[166.25,55.17],[166.65,54.84]]],[[[156.41,50.66],[156.17,50.73],[156.46,50.86],[156.48,50.75],[156.41,50.66]]],[[[155.92,50.3],[155.4,50.04],[155.2,50.26],[155.68,50.4],[156.1,50.77],[155.92,50.3]]],[[[154.08,48.79],[154.04,48.74],[153.99,48.77],[154.09,48.83],[154.13,48.9],[154.23,48.89],[154.08,48.79]]],[[[155.64,50.82],[155.55,50.81],[155.47,50.91],[155.64,50.91],[155.64,50.82]]],[[[152.0,46.9],[151.82,46.79],[151.72,46.85],[151.86,46.87],[152.17,47.11],[152.29,47.14],[152.0,46.9]]],[[[149.69,45.64],[149.45,45.59],[149.67,45.84],[150.31,46.2],[150.55,46.21],[149.69,45.64]]],[[[148.6,45.32],[147.66,44.98],[146.9,44.4],[147.92,45.38],[148.32,45.28],[148.77,45.53],[148.84,45.36],[148.6,45.32]]],[[[150.59,59.02],[150.51,59.01],[150.47,59.05],[150.67,59.16],[150.71,59.12],[150.73,59.1],[150.59,59.02]]],[[[137.94,55.09],[138.21,55.03],[137.72,54.66],[137.46,54.87],[137.23,54.79],[137.58,55.2],[137.94,55.09]]],[[[137.18,55.1],[137.06,54.93],[136.71,54.96],[137.0,55.09],[137.18,55.1]]],[[[146.71,43.74],[146.61,43.74],[146.62,43.81],[146.82,43.86],[146.9,43.8],[146.71,43.74]]],[[[146.21,44.5],[146.52,44.37],[145.91,44.1],[145.59,43.85],[145.56,43.66],[145.44,43.74],[146.21,44.5]]],[[[124.29,24.52],[124.23,24.36],[124.14,24.35],[124.08,24.44],[124.21,24.46],[124.3,24.59],[124.29,24.52]]],[[[123.89,24.28],[123.68,24.32],[123.75,24.35],[123.77,24.41],[123.93,24.36],[123.89,24.28]]],[[[125.44,24.74],[125.27,24.73],[125.28,24.87],[125.44,24.74]]],[[[128.26,26.65],[127.87,26.44],[127.8,26.15],[127.65,26.09],[127.73,26.43],[127.95,26.59],[127.91,26.69],[128.1,26.67],[128.25,26.88],[128.33,26.81],[128.26,26.65]]],[[[129.0,27.72],[128.9,27.73],[128.91,27.9],[128.95,27.91],[129.02,27.77],[129.0,27.72]]],[[[129.45,28.21],[129.37,28.13],[129.16,28.25],[129.69,28.52],[129.71,28.43],[129.45,28.21]]],[[[130.62,30.26],[130.45,30.26],[130.39,30.39],[130.5,30.47],[130.64,30.39],[130.62,30.26]]],[[[130.96,30.4],[130.87,30.39],[130.87,30.44],[131.06,30.83],[131.06,30.64],[130.96,30.4]]],[[[128.67,32.78],[128.84,32.76],[128.89,32.65],[128.69,32.6],[128.67,32.78]]],[[[130.08,32.23],[129.96,32.24],[130.02,32.29],[130.01,32.52],[130.17,32.54],[130.2,32.34],[130.08,32.23]]],[[[130.38,32.42],[130.29,32.42],[130.24,32.46],[130.37,32.53],[130.46,32.52],[130.38,32.42]]],[[[133.37,36.2],[133.24,36.18],[133.19,36.23],[133.21,36.29],[133.3,36.34],[133.38,36.25],[133.37,36.2]]],[[[138.34,37.82],[138.23,37.83],[138.32,37.97],[138.25,38.08],[138.5,38.32],[138.45,38.08],[138.58,38.07],[138.34,37.82]]],[[[139.48,42.08],[139.43,42.08],[139.43,42.2],[139.56,42.24],[139.48,42.08]]],[[[141.07,45.33],[141.03,45.27],[140.97,45.47],[141.06,45.45],[141.07,45.33]]],[[[141.3,45.12],[141.15,45.15],[141.14,45.21],[141.19,45.25],[141.25,45.23],[141.33,45.15],[141.3,45.12]]],[[[134.93,34.29],[134.82,34.2],[134.67,34.29],[135.0,34.54],[134.91,34.4],[134.93,34.29]]],[[[129.08,32.84],[129.0,32.95],[129.11,33.13],[129.18,32.99],[129.08,32.84]]],[[[129.49,33.22],[129.37,33.18],[129.46,33.33],[129.57,33.36],[129.49,33.22]]],[[[129.8,33.75],[129.73,33.71],[129.67,33.74],[129.72,33.86],[129.78,33.83],[129.8,33.75]]],[[[129.28,34.12],[129.21,34.08],[129.19,34.15],[129.21,34.32],[129.34,34.28],[129.28,34.12]]],[[[129.39,34.35],[129.37,34.31],[129.27,34.37],[129.33,34.61],[129.45,34.69],[129.48,34.54],[129.39,34.35]]],[[[132.27,33.95],[132.31,33.91],[132.44,33.91],[132.36,33.85],[132.21,33.87],[132.21,33.95],[132.27,33.95]]],[[[118.41,24.52],[118.45,24.46],[118.43,24.41],[118.3,24.44],[118.29,24.48],[118.34,24.47],[118.41,24.52]]],[[[118.18,24.5],[118.15,24.44],[118.09,24.45],[118.08,24.5],[118.1,24.55],[118.18,24.5]]],[[[128.74,34.8],[128.65,34.74],[128.49,34.87],[128.72,35.01],[128.74,34.8]]],[[[128.07,34.81],[128.05,34.71],[127.94,34.77],[127.87,34.73],[127.83,34.87],[127.92,34.92],[128.04,34.88],[128.07,34.81]]],[[[126.33,33.22],[126.17,33.31],[126.34,33.46],[126.9,33.52],[126.87,33.34],[126.33,33.22]]],[[[126.23,34.37],[126.17,34.36],[126.12,34.44],[126.25,34.56],[126.34,34.54],[126.38,34.5],[126.34,34.43],[126.23,34.37]]],[[[126.52,37.74],[126.52,37.6],[126.46,37.61],[126.37,37.77],[126.41,37.82],[126.52,37.74]]],[[[121.86,31.49],[121.52,31.55],[121.21,31.81],[121.46,31.76],[121.86,31.49]]],[[[122.3,29.96],[122.02,30.01],[121.97,30.14],[122.28,30.07],[122.3,29.96]]],[[[119.82,25.46],[119.7,25.43],[119.72,25.64],[119.78,25.65],[119.84,25.59],[119.82,25.46]]],[[[110.39,21.09],[110.42,21.06],[110.52,21.08],[110.5,20.97],[110.28,21.0],[110.31,21.07],[110.39,21.09]]],[[[107.6,21.22],[107.46,21.09],[107.4,21.09],[107.48,21.27],[107.6,21.22]]],[[[107.03,20.75],[106.99,20.74],[106.91,20.82],[106.95,20.87],[107.04,20.84],[107.06,20.8],[107.03,20.75]]],[[[104.06,10.39],[104.02,10.03],[103.85,10.37],[103.99,10.43],[104.06,10.39]]],[[[102.43,11.99],[102.3,11.98],[102.28,12.15],[102.43,11.99]]],[[[103.97,1.33],[103.82,1.27],[103.65,1.33],[103.71,1.42],[103.82,1.45],[104.0,1.37],[103.97,1.33]]],[[[104.22,2.73],[104.15,2.73],[104.13,2.77],[104.18,2.87],[104.22,2.73]]],[[[100.29,5.29],[100.19,5.28],[100.2,5.45],[100.25,5.47],[100.34,5.41],[100.29,5.29]]],[[[99.85,6.47],[99.92,6.36],[99.74,6.26],[99.65,6.42],[99.85,6.47]]],[[[99.66,6.52],[99.61,6.6],[99.65,6.71],[99.7,6.57],[99.66,6.52]]],[[[100.07,9.59],[100.05,9.46],[99.96,9.42],[99.94,9.56],[100.07,9.59]]],[[[98.41,7.9],[98.4,7.83],[98.3,7.78],[98.26,7.93],[98.32,8.17],[98.43,8.09],[98.41,7.9]]],[[[93.89,6.83],[93.83,6.75],[93.66,7.02],[93.68,7.18],[93.82,7.24],[93.93,6.97],[93.89,6.83]]],[[[93.73,7.36],[93.64,7.26],[93.6,7.32],[93.69,7.41],[93.73,7.36]]],[[[93.44,7.88],[93.37,7.88],[93.31,7.96],[93.33,8.01],[93.38,8.02],[93.43,7.95],[93.44,7.88]]],[[[93.54,8.06],[93.48,8.02],[93.46,8.17],[93.49,8.22],[93.53,8.21],[93.51,8.16],[93.54,8.06]]],[[[92.5,10.55],[92.37,10.55],[92.35,10.75],[92.51,10.9],[92.57,10.7],[92.5,10.55]]],[[[92.72,11.54],[92.53,11.87],[92.79,12.23],[92.86,13.36],[93.06,13.55],[92.72,11.54]]],[[[98.21,10.95],[98.29,10.78],[98.27,10.74],[98.16,10.9],[98.08,10.89],[98.17,10.98],[98.21,10.95]]],[[[98.18,9.93],[98.12,9.88],[98.14,9.97],[98.22,10.05],[98.29,10.05],[98.28,10.01],[98.18,9.93]]],[[[98.22,11.48],[98.19,11.47],[98.2,11.57],[98.3,11.78],[98.28,11.59],[98.22,11.48]]],[[[98.52,11.91],[98.47,11.9],[98.47,12.08],[98.61,11.96],[98.52,11.91]]],[[[98.55,11.74],[98.53,11.54],[98.43,11.57],[98.38,11.79],[98.52,11.8],[98.55,11.74]]],[[[98.14,12.15],[98.08,12.16],[98.04,12.23],[98.07,12.29],[98.12,12.28],[98.14,12.15]]],[[[98.07,12.39],[98.0,12.28],[97.94,12.35],[97.99,12.39],[98.07,12.39]]],[[[98.41,12.6],[98.47,12.57],[98.46,12.47],[98.31,12.34],[98.31,12.68],[98.41,12.6]]],[[[98.32,13.1],[98.31,12.93],[98.26,13.01],[98.25,13.1],[98.27,13.2],[98.32,13.1]]],[[[97.57,16.25],[97.48,16.31],[97.47,16.46],[97.54,16.51],[97.6,16.43],[97.57,16.25]]],[[[94.48,15.95],[94.41,15.85],[94.39,15.99],[94.6,16.21],[94.57,16.02],[94.48,15.95]]],[[[93.69,18.68],[93.49,18.87],[93.74,18.87],[93.69,18.68]]],[[[93.49,19.89],[93.51,19.75],[93.44,19.81],[93.42,19.88],[93.41,19.95],[93.49,19.89]]],[[[93.01,19.92],[93.02,19.83],[92.98,19.87],[92.91,20.0],[92.91,20.09],[93.01,19.92]]],[[[93.71,19.56],[93.95,19.43],[93.9,19.33],[93.76,19.33],[93.64,19.5],[93.71,19.56]]],[[[91.95,21.51],[91.86,21.53],[91.86,21.71],[91.93,21.72],[91.95,21.51]]],[[[91.15,22.18],[91.04,22.11],[91.08,22.52],[91.18,22.28],[91.15,22.18]]],[[[91.56,22.38],[91.47,22.38],[91.41,22.48],[91.46,22.62],[91.56,22.38]]],[[[90.78,22.09],[90.52,22.07],[90.68,22.33],[90.5,22.84],[90.6,22.86],[90.87,22.48],[90.78,22.09]]],[[[-8.95,70.84],[-9.1,70.85],[-8.34,71.14],[-7.98,71.12],[-8.95,70.84]]],[[[-155.58,19.01],[-155.88,19.07],[-156.05,19.75],[-155.83,20.28],[-155.2,19.99],[-154.8,19.52],[-155.58,19.01]]],[[[-157.21,21.22],[-156.71,21.16],[-156.86,21.06],[-157.29,21.11],[-157.21,21.22]]],[[[-156.49,20.93],[-156.28,20.95],[-155.99,20.76],[-156.41,20.61],[-156.48,20.8],[-156.69,20.9],[-156.66,21.02],[-156.49,20.93]]],[[[-160.18,21.84],[-160.23,21.8],[-160.22,21.9],[-160.1,22.02],[-160.05,22.0],[-160.08,21.91],[-160.18,21.84]]],[[[-157.8,21.46],[-157.69,21.28],[-158.11,21.32],[-158.27,21.59],[-157.96,21.7],[-157.8,21.46]]],[[[-159.37,21.93],[-159.61,21.91],[-159.79,22.04],[-159.58,22.22],[-159.35,22.22],[-159.37,21.93]]],[[[-156.85,20.77],[-156.97,20.76],[-157.05,20.91],[-156.88,20.9],[-156.81,20.83],[-156.85,20.77]]],[[[179.45,51.37],[179.28,51.37],[178.65,51.64],[178.91,51.62],[179.45,51.37]]],[[[179.73,51.91],[179.55,51.89],[179.5,51.98],[179.63,52.03],[179.78,51.97],[179.73,51.91]]],[[[177.42,51.88],[177.33,51.84],[177.25,51.9],[177.52,52.02],[177.56,52.11],[177.67,52.1],[177.59,51.95],[177.42,51.88]]],[[[173.72,52.36],[173.4,52.4],[173.66,52.5],[173.78,52.5],[173.72,52.36]]],[[[172.81,53.01],[173.44,52.85],[172.94,52.75],[172.49,52.94],[172.81,53.01]]],[[[-172.74,60.46],[-172.23,60.3],[-172.64,60.33],[-173.07,60.49],[-172.92,60.61],[-172.74,60.46]]],[[[-170.16,57.18],[-170.26,57.14],[-170.36,57.15],[-170.39,57.2],[-170.12,57.24],[-170.16,57.18]]],[[[-160.33,55.34],[-160.34,55.26],[-160.52,55.33],[-160.33,55.34]]],[[[-160.68,55.31],[-160.55,55.38],[-160.58,55.31],[-160.49,55.18],[-160.8,55.15],[-160.84,55.34],[-160.72,55.4],[-160.68,55.31]]],[[[-162.3,54.85],[-162.39,54.87],[-162.43,54.93],[-162.26,54.98],[-162.23,54.93],[-162.3,54.85]]],[[[-162.55,54.4],[-162.73,54.4],[-162.81,54.44],[-162.82,54.49],[-162.65,54.46],[-162.55,54.4]]],[[[-159.87,55.13],[-160.23,54.92],[-160.17,55.12],[-159.89,55.27],[-159.87,55.13]]],[[[-159.52,55.15],[-159.53,55.06],[-159.65,55.07],[-159.57,55.22],[-159.55,55.23],[-159.52,55.15]]],[[[-169.69,52.85],[-169.72,52.79],[-169.99,52.83],[-169.82,52.88],[-169.69,52.85]]],[[[-170.73,52.58],[-170.8,52.55],[-170.83,52.6],[-170.68,52.7],[-170.58,52.67],[-170.61,52.61],[-170.73,52.58]]],[[[-165.84,54.07],[-166.04,54.05],[-166.11,54.14],[-165.89,54.21],[-165.69,54.1],[-165.84,54.07]]],[[[-165.56,54.14],[-165.62,54.14],[-165.65,54.25],[-165.59,54.28],[-165.41,54.2],[-165.56,54.14]]],[[[-167.96,53.35],[-169.09,52.83],[-168.69,53.23],[-168.38,53.28],[-168.29,53.5],[-167.83,53.51],[-167.96,53.35]]],[[[-166.62,53.9],[-166.23,53.93],[-166.55,53.73],[-166.35,53.67],[-167.81,53.32],[-166.81,53.65],[-167.11,53.81],[-167.04,53.94],[-166.62,53.9]]],[[[-166.21,53.72],[-166.25,53.77],[-166.11,53.84],[-166.21,53.72]]],[[[-172.46,52.27],[-172.62,52.27],[-172.47,52.39],[-172.31,52.33],[-172.46,52.27]]],[[[-173.55,52.14],[-173.02,52.08],[-173.84,52.05],[-173.99,52.12],[-173.55,52.14]]],[[[-174.68,52.04],[-175.3,52.02],[-174.31,52.22],[-174.44,52.32],[-174.17,52.42],[-174.02,52.33],[-174.18,52.2],[-174.12,52.14],[-174.68,52.04]]],[[[-176.01,51.81],[-176.09,51.79],[-176.2,51.83],[-176.19,51.89],[-176.01,51.81]]],[[[-176.29,51.79],[-176.35,51.73],[-176.4,51.76],[-176.41,51.84],[-176.38,51.86],[-176.29,51.79]]],[[[-176.59,51.87],[-176.44,51.82],[-176.45,51.74],[-176.96,51.6],[-176.7,51.99],[-176.55,51.94],[-176.59,51.87]]],[[[-176.02,52.0],[-176.05,51.97],[-176.14,52.0],[-176.18,52.06],[-176.16,52.1],[-176.08,52.1],[-175.98,52.03],[-176.02,52.0]]],[[[-177.15,51.72],[-177.67,51.7],[-177.26,51.8],[-177.13,51.93],[-177.06,51.9],[-177.15,51.72]]],[[[-177.88,51.65],[-178.06,51.67],[-177.99,51.76],[-178.19,51.88],[-177.95,51.92],[-177.64,51.83],[-177.88,51.65]]],[[[73.71,-53.14],[73.47,-53.18],[73.25,-52.98],[73.84,-53.11],[73.71,-53.14]]],[[[69.28,-49.06],[69.22,-49.07],[69.17,-48.88],[69.37,-48.89],[69.39,-48.95],[69.28,-49.06]]],[[[51.83,-46.44],[51.7,-46.43],[51.66,-46.37],[51.74,-46.33],[51.83,-46.44]]],[[[37.86,-46.94],[37.61,-46.95],[37.59,-46.91],[37.68,-46.82],[37.79,-46.84],[37.89,-46.9],[37.86,-46.94]]],[[[27.84,35.93],[27.72,35.96],[27.72,36.17],[28.23,36.43],[28.09,36.07],[27.84,35.93]]],[[[27.18,35.47],[27.14,35.41],[27.1,35.46],[27.07,35.6],[27.16,35.79],[27.22,35.82],[27.16,35.63],[27.23,35.48],[27.18,35.47]]],[[[27.02,36.96],[26.92,36.95],[26.94,37.02],[26.89,37.09],[27.04,37.0],[27.02,36.96]]],[[[26.95,36.73],[26.96,36.77],[27.21,36.9],[27.35,36.87],[26.95,36.73]]],[[[25.55,36.97],[25.46,36.93],[25.36,37.07],[25.53,37.2],[25.59,37.15],[25.55,36.97]]],[[[25.28,37.07],[25.2,36.99],[25.11,37.03],[25.15,37.11],[25.24,37.15],[25.28,37.14],[25.28,37.07]]],[[[25.38,36.67],[25.36,36.66],[25.26,36.76],[25.3,36.79],[25.41,36.72],[25.38,36.67]]],[[[26.82,37.81],[27.04,37.77],[27.06,37.71],[26.84,37.64],[26.58,37.72],[26.82,37.81]]],[[[26.03,37.53],[25.98,37.53],[26.0,37.57],[26.09,37.63],[26.35,37.67],[26.2,37.57],[26.03,37.53]]],[[[25.86,36.79],[25.74,36.79],[26.0,36.94],[26.06,36.9],[25.86,36.79]]],[[[26.46,36.59],[26.33,36.51],[26.27,36.55],[26.27,36.6],[26.34,36.58],[26.38,36.61],[26.37,36.64],[26.46,36.59]]],[[[24.36,37.58],[24.29,37.53],[24.28,37.6],[24.32,37.68],[24.38,37.68],[24.4,37.65],[24.36,37.58]]],[[[24.44,37.34],[24.38,37.31],[24.4,37.38],[24.37,37.42],[24.43,37.48],[24.48,37.41],[24.44,37.34]]],[[[24.54,36.76],[24.53,36.68],[24.33,36.66],[24.36,36.74],[24.43,36.71],[24.54,36.76]]],[[[24.99,37.76],[24.96,37.69],[24.7,37.96],[24.79,37.99],[24.96,37.9],[24.99,37.76]]],[[[25.26,37.6],[25.22,37.54],[25.16,37.55],[25.0,37.68],[25.26,37.6]]],[[[26.09,38.22],[26.0,38.16],[25.89,38.24],[25.99,38.35],[25.85,38.57],[26.16,38.54],[26.09,38.22]]],[[[26.41,39.33],[26.6,39.05],[26.47,38.97],[26.11,39.08],[26.27,39.2],[26.07,39.1],[25.84,39.2],[26.17,39.37],[26.41,39.33]]],[[[23.78,39.11],[23.74,39.08],[23.67,39.1],[23.59,39.21],[23.78,39.11]]],[[[24.67,38.81],[24.54,38.79],[24.57,38.83],[24.46,38.89],[24.49,38.98],[24.67,38.81]]],[[[25.69,40.43],[25.57,40.4],[25.45,40.48],[25.57,40.52],[25.69,40.43]]],[[[25.44,39.98],[25.36,39.81],[25.26,39.82],[25.25,39.89],[25.19,39.83],[25.06,39.85],[25.06,40.0],[25.29,39.96],[25.45,40.03],[25.44,39.98]]],[[[24.77,40.62],[24.65,40.58],[24.52,40.69],[24.62,40.79],[24.72,40.79],[24.77,40.62]]],[[[25.97,40.14],[25.67,40.14],[25.92,40.24],[25.97,40.14]]],[[[-16.11,11.06],[-16.19,11.04],[-16.24,11.11],[-16.07,11.2],[-16.05,11.12],[-16.11,11.06]]],[[[-16.37,19.71],[-16.44,19.61],[-16.48,19.71],[-16.39,19.85],[-16.34,19.87],[-16.37,19.71]]],[[[-17.19,32.87],[-16.69,32.76],[-16.84,32.65],[-17.02,32.66],[-17.23,32.77],[-17.19,32.87]]],[[[-16.33,28.38],[-16.42,28.15],[-16.66,28.01],[-16.91,28.34],[-16.12,28.58],[-16.33,28.38]]],[[[-13.72,28.91],[-13.86,28.87],[-13.82,29.01],[-13.46,29.24],[-13.48,29.01],[-13.72,28.91]]],[[[-14.2,28.17],[-14.33,28.06],[-14.49,28.1],[-14.23,28.22],[-14.0,28.71],[-13.86,28.74],[-13.93,28.25],[-14.2,28.17]]],[[[-12.53,7.44],[-12.95,7.57],[-12.62,7.64],[-12.51,7.58],[-12.53,7.44]]],[[[-15.4,28.15],[-15.44,27.81],[-15.66,27.76],[-15.81,27.89],[-15.68,28.15],[-15.4,28.15]]],[[[-15.73,11.22],[-15.73,11.17],[-15.78,11.19],[-15.75,11.27],[-15.72,11.3],[-15.66,11.29],[-15.73,11.22]]],[[[-25.17,16.95],[-25.31,16.94],[-25.34,17.09],[-25.03,17.18],[-24.98,17.09],[-25.17,16.95]]],[[[-24.89,16.82],[-25.02,16.8],[-25.09,16.83],[-24.94,16.92],[-24.89,16.82]]],[[[-17.18,28.02],[-17.27,28.04],[-17.32,28.12],[-17.26,28.2],[-17.1,28.11],[-17.18,28.02]]],[[[-15.9,11.47],[-15.95,11.43],[-16.02,11.48],[-15.96,11.6],[-15.92,11.59],[-15.9,11.47]]],[[[-15.99,11.88],[-16.04,11.76],[-16.1,11.77],[-16.15,11.88],[-15.99,11.88]]],[[[-17.89,27.81],[-17.98,27.65],[-18.16,27.76],[-18.04,27.77],[-17.92,27.85],[-17.89,27.81]]],[[[-22.92,16.24],[-22.69,16.17],[-22.71,16.04],[-22.82,15.99],[-22.96,16.05],[-22.92,16.24]]],[[[-24.31,14.86],[-24.44,14.83],[-24.5,14.98],[-24.33,15.02],[-24.31,14.86]]],[[[-17.83,28.49],[-18.0,28.76],[-17.93,28.84],[-17.8,28.85],[-17.73,28.72],[-17.83,28.49]]],[[[-24.09,16.62],[-24.03,16.57],[-24.24,16.6],[-24.32,16.49],[-24.4,16.62],[-24.38,16.68],[-24.09,16.62]]],[[[-22.89,16.66],[-22.92,16.61],[-22.98,16.7],[-22.99,16.81],[-22.93,16.84],[-22.9,16.84],[-22.89,16.66]]],[[[-23.18,15.14],[-23.25,15.18],[-23.21,15.32],[-23.14,15.32],[-23.12,15.27],[-23.12,15.17],[-23.18,15.14]]],[[[-23.44,15.01],[-23.5,14.92],[-23.71,14.96],[-23.79,15.08],[-23.75,15.33],[-23.44,15.01]]],[[[44.48,-12.08],[44.5,-12.36],[44.22,-12.17],[44.38,-12.17],[44.48,-12.08]]],[[[43.79,-12.31],[43.86,-12.37],[43.66,-12.34],[43.63,-12.25],[43.79,-12.31]]],[[[45.18,-12.98],[45.12,-12.98],[45.07,-12.9],[45.09,-12.79],[45.04,-12.7],[45.09,-12.65],[45.22,-12.75],[45.18,-12.98]]],[[[43.47,-11.9],[43.23,-11.75],[43.3,-11.37],[43.39,-11.41],[43.47,-11.9]]],[[[39.71,-7.98],[39.6,-7.94],[39.91,-7.65],[39.82,-7.9],[39.71,-7.98]]],[[[40.99,-2.16],[40.96,-2.17],[40.98,-2.11],[41.09,-2.04],[41.13,-2.05],[41.12,-2.1],[40.99,-2.16]]],[[[39.5,-6.17],[39.57,-6.39],[39.48,-6.45],[39.18,-6.17],[39.31,-5.72],[39.5,-6.17]]],[[[57.65,-20.48],[57.32,-20.43],[57.66,-19.99],[57.79,-20.21],[57.65,-20.48]]],[[[55.8,-21.34],[55.36,-21.27],[55.23,-21.06],[55.31,-20.9],[55.66,-20.91],[55.84,-21.14],[55.8,-21.34]]],[[[48.34,-13.36],[48.34,-13.4],[48.21,-13.39],[48.19,-13.26],[48.31,-13.2],[48.34,-13.36]]],[[[49.94,-16.9],[49.82,-17.09],[49.86,-16.93],[50.02,-16.7],[49.94,-16.9]]],[[[-5.69,-16.0],[-5.78,-16.0],[-5.78,-15.96],[-5.71,-15.91],[-5.66,-15.91],[-5.66,-15.97],[-5.69,-16.0]]],[[[39.87,-4.91],[39.85,-5.26],[39.75,-5.44],[39.65,-5.37],[39.67,-4.93],[39.87,-4.91]]],[[[55.54,-4.69],[55.54,-4.79],[55.38,-4.61],[55.46,-4.56],[55.54,-4.69]]],[[[8.74,3.76],[8.91,3.76],[8.95,3.63],[8.7,3.22],[8.47,3.26],[8.46,3.45],[8.74,3.76]]],[[[6.66,0.12],[6.52,0.07],[6.47,0.23],[6.52,0.34],[6.69,0.4],[6.75,0.24],[6.66,0.12]]],[[[7.42,1.57],[7.39,1.54],[7.33,1.6],[7.41,1.7],[7.45,1.66],[7.42,1.57]]],[[[7.3,4.42],[7.14,4.4],[7.23,4.53],[7.33,4.49],[7.3,4.42]]],[[[-44.13,-23.14],[-44.1,-23.17],[-44.32,-23.21],[-44.36,-23.17],[-44.24,-23.07],[-44.13,-23.14]]],[[[-48.58,-26.4],[-48.67,-26.29],[-48.54,-26.17],[-48.5,-26.22],[-48.58,-26.4]]],[[[-48.49,-27.77],[-48.55,-27.81],[-48.54,-27.57],[-48.41,-27.4],[-48.38,-27.45],[-48.49,-27.77]]],[[[-45.26,-23.89],[-45.26,-23.94],[-45.45,-23.9],[-45.3,-23.73],[-45.23,-23.83],[-45.26,-23.89]]],[[[11.28,34.75],[11.12,34.68],[11.15,34.74],[11.25,34.82],[11.28,34.8],[11.28,34.75]]],[[[10.96,33.72],[10.72,33.74],[10.75,33.89],[10.92,33.89],[11.02,33.82],[10.96,33.72]]],[[[-4.41,54.19],[-4.61,54.06],[-4.79,54.07],[-4.42,54.41],[-4.34,54.27],[-4.41,54.19]]],[[[-5.11,55.45],[-5.33,55.48],[-5.37,55.67],[-5.19,55.69],[-5.11,55.45]]],[[[-5.78,56.34],[-6.31,56.29],[-6.14,56.49],[-6.32,56.57],[-6.1,56.65],[-5.76,56.49],[-5.78,56.34]]],[[[-6.13,55.93],[-6.09,55.66],[-6.31,55.61],[-6.3,55.78],[-6.49,55.7],[-6.41,55.85],[-6.13,55.93]]],[[[-5.97,55.81],[-6.04,55.81],[-6.07,55.89],[-5.91,55.97],[-5.97,55.99],[-5.94,56.05],[-5.73,56.12],[-5.97,55.81]]],[[[-1.04,60.51],[-1.17,60.6],[-1.09,60.72],[-0.99,60.69],[-1.05,60.65],[-1.04,60.51]]],[[[-1.31,60.54],[-1.05,60.44],[-1.3,59.88],[-1.29,60.15],[-1.66,60.28],[-1.37,60.33],[-1.57,60.49],[-1.31,60.54]]],[[[-0.77,60.81],[-0.83,60.68],[-0.92,60.7],[-0.92,60.81],[-0.77,60.81]]],[[[-3.16,58.79],[-3.28,58.78],[-3.37,58.84],[-3.39,58.91],[-3.27,58.91],[-3.16,58.79]]],[[[-4.2,53.32],[-4.08,53.26],[-4.37,53.13],[-4.55,53.26],[-4.57,53.39],[-4.32,53.42],[-4.2,53.32]]],[[[-2.55,59.23],[-2.66,59.23],[-2.6,59.29],[-2.41,59.3],[-2.55,59.23]]],[[[-3.06,59.03],[-2.76,58.96],[-2.86,58.89],[-3.2,58.93],[-3.35,58.99],[-3.31,59.13],[-3.05,59.1],[-3.06,59.03]]],[[[-6.62,61.81],[-6.67,61.77],[-6.88,61.9],[-6.66,61.86],[-6.62,61.81]]],[[[-6.7,61.44],[-6.89,61.53],[-6.93,61.63],[-6.74,61.57],[-6.7,61.44]]],[[[-7.19,62.14],[-7.07,62.07],[-7.18,62.04],[-7.38,62.07],[-7.42,62.14],[-7.19,62.14]]],[[[-6.63,62.23],[-6.66,62.09],[-6.84,62.12],[-6.73,61.95],[-7.17,62.29],[-6.63,62.23]]],[[[-2.73,59.19],[-2.82,59.16],[-2.86,59.25],[-3.05,59.32],[-2.98,59.35],[-2.73,59.23],[-2.73,59.19]]],[[[-6.41,62.26],[-6.45,62.19],[-6.54,62.21],[-6.55,62.36],[-6.41,62.26]]],[[[-6.2,58.36],[-6.55,58.09],[-6.43,58.02],[-7.08,57.81],[-6.86,57.92],[-7.06,58.0],[-7.03,58.22],[-6.73,58.19],[-6.78,58.3],[-6.24,58.5],[-6.2,58.36]]],[[[-6.28,56.96],[-6.35,56.95],[-6.43,57.02],[-6.32,57.05],[-6.26,57.01],[-6.28,56.96]]],[[[-6.14,57.5],[-6.14,57.31],[-5.67,57.25],[-5.95,57.05],[-6.03,57.2],[-6.76,57.44],[-6.36,57.67],[-6.14,57.5]]],[[[-7.21,57.68],[-7.09,57.63],[-7.18,57.53],[-7.51,57.6],[-7.21,57.68]]],[[[-7.25,57.12],[-7.38,57.13],[-7.41,57.38],[-7.27,57.37],[-7.25,57.12]]],[[[-9.95,53.91],[-9.95,53.88],[-10.06,53.96],[-10.27,53.98],[-10.18,54.02],[-10.0,54.0],[-9.96,53.99],[-9.95,53.91]]],[[[21.99,60.34],[21.92,60.33],[21.82,60.38],[21.81,60.4],[21.85,60.41],[21.83,60.47],[21.91,60.44],[21.95,60.4],[21.91,60.39],[21.99,60.34]]],[[[19.66,60.19],[19.67,60.16],[19.58,60.14],[19.52,60.18],[19.55,60.24],[19.63,60.25],[19.66,60.19]]],[[[19.99,60.35],[20.24,60.28],[20.19,60.19],[20.04,60.18],[20.03,60.09],[19.75,60.1],[19.69,60.27],[19.85,60.22],[19.82,60.39],[19.99,60.35]]],[[[21.22,63.24],[21.42,63.25],[21.42,63.2],[21.25,63.15],[21.08,63.28],[21.24,63.28],[21.22,63.24]]],[[[19.16,57.92],[19.14,57.86],[19.04,57.91],[19.13,57.98],[19.33,57.96],[19.16,57.92]]],[[[16.53,56.29],[16.4,56.31],[16.41,56.57],[17.0,57.32],[17.12,57.32],[16.53,56.29]]],[[[15.09,55.02],[14.68,55.1],[14.71,55.24],[14.77,55.3],[15.13,55.14],[15.09,55.02]]],[[[13.71,54.38],[13.71,54.28],[13.36,54.25],[13.16,54.36],[13.18,54.54],[13.42,54.7],[13.66,54.56],[13.58,54.46],[13.71,54.38]]],[[[12.55,54.97],[12.12,54.91],[12.27,55.06],[12.55,54.97]]],[[[12.67,55.6],[12.55,55.56],[12.52,55.61],[12.62,55.68],[12.67,55.6]]],[[[11.36,54.89],[11.74,54.81],[11.77,54.68],[11.46,54.63],[11.04,54.77],[11.06,54.94],[11.36,54.89]]],[[[10.48,54.85],[10.34,54.86],[10.2,54.96],[10.48,54.85]]],[[[10.06,54.89],[9.81,54.91],[9.77,55.06],[10.0,54.99],[10.06,54.89]]],[[[10.73,54.75],[10.62,54.85],[10.95,55.16],[10.73,54.75]]],[[[10.61,55.78],[10.53,55.78],[10.55,55.99],[10.66,55.88],[10.61,55.78]]],[[[11.28,54.42],[11.13,54.42],[11.01,54.47],[11.08,54.53],[11.23,54.5],[11.28,54.42]]],[[[11.05,57.25],[11.01,57.23],[10.87,57.26],[10.93,57.31],[11.09,57.33],[11.17,57.32],[11.05,57.25]]],[[[8.31,54.79],[8.3,54.91],[8.41,55.06],[8.45,55.06],[8.38,54.9],[8.63,54.89],[8.35,54.85],[8.31,54.79]]],[[[-1.18,45.9],[-1.21,45.82],[-1.37,45.97],[-1.39,46.05],[-1.18,45.9]]],[[[-1.07,50.69],[-1.25,50.59],[-1.56,50.67],[-1.31,50.77],[-1.07,50.69]]],[[[4.89,53.07],[4.79,53.0],[4.71,53.04],[4.89,53.18],[4.89,53.07]]],[[[10.4,42.86],[10.42,42.71],[10.34,42.76],[10.13,42.74],[10.11,42.79],[10.4,42.86]]],[[[8.48,39.07],[8.42,38.97],[8.36,39.04],[8.36,39.1],[8.48,39.07]]],[[[4.29,39.84],[3.87,39.96],[3.85,40.06],[4.23,40.03],[4.29,39.84]]],[[[1.59,38.67],[1.41,38.67],[1.4,38.71],[1.44,38.77],[1.5,38.71],[1.59,38.7],[1.59,38.67]]],[[[1.45,38.92],[1.41,38.86],[1.22,38.9],[1.35,39.08],[1.61,39.09],[1.45,38.92]]],[[[-31.14,39.41],[-31.18,39.36],[-31.28,39.39],[-31.26,39.5],[-31.2,39.52],[-31.14,39.48],[-31.14,39.41]]],[[[-27.08,38.64],[-27.3,38.66],[-27.39,38.77],[-27.13,38.79],[-27.04,38.74],[-27.08,38.64]]],[[[-27.78,38.56],[-28.09,38.62],[-28.31,38.74],[-27.78,38.56]]],[[[-28.64,38.52],[-28.74,38.52],[-28.84,38.6],[-28.7,38.64],[-28.61,38.55],[-28.64,38.52]]],[[[-28.15,38.45],[-28.06,38.41],[-28.23,38.38],[-28.45,38.41],[-28.55,38.52],[-28.4,38.55],[-28.15,38.45]]],[[[-25.65,37.84],[-25.18,37.84],[-25.25,37.74],[-25.44,37.72],[-25.73,37.76],[-25.85,37.89],[-25.65,37.84]]],[[[14.57,35.85],[14.44,35.82],[14.35,35.87],[14.35,35.98],[14.45,35.96],[14.57,35.85]]],[[[14.81,44.98],[14.69,44.96],[14.44,45.1],[14.57,45.22],[14.81,44.98]]],[[[14.83,44.76],[14.86,44.71],[14.66,44.8],[14.69,44.85],[14.75,44.84],[14.83,44.76]]],[[[15.19,44.34],[14.91,44.49],[14.74,44.7],[15.24,44.35],[15.19,44.34]]],[[[15.19,43.92],[15.2,43.9],[15.14,43.91],[14.87,44.17],[15.19,43.92]]],[[[14.49,44.66],[14.42,44.67],[14.31,44.9],[14.29,45.14],[14.33,45.16],[14.47,44.97],[14.49,44.66]]],[[[17.61,42.77],[17.74,42.7],[17.34,42.79],[17.61,42.77]]],[[[20.61,38.38],[20.62,38.27],[20.79,38.14],[20.76,38.07],[20.52,38.11],[20.45,38.23],[20.35,38.18],[20.56,38.47],[20.61,38.38]]],[[[20.89,37.81],[20.99,37.71],[20.91,37.73],[20.82,37.66],[20.62,37.86],[20.69,37.93],[20.89,37.81]]],[[[20.69,38.61],[20.55,38.58],[20.59,38.76],[20.69,38.84],[20.69,38.61]]],[[[20.76,38.33],[20.71,38.32],[20.62,38.48],[20.7,38.45],[20.76,38.33]]],[[[20.08,39.43],[20.1,39.38],[19.88,39.46],[19.65,39.77],[19.93,39.77],[19.85,39.67],[19.96,39.47],[20.08,39.43]]],[[[23.05,36.19],[23.04,36.15],[22.91,36.22],[22.95,36.38],[23.1,36.25],[23.05,36.19]]],[[[3.95,51.74],[4.08,51.65],[3.95,51.63],[3.7,51.71],[3.95,51.74]]],[[[-51.01,69.55],[-51.23,69.55],[-51.35,69.85],[-50.68,69.85],[-50.91,69.76],[-51.01,69.55]]],[[[-37.03,65.53],[-37.19,65.53],[-37.22,65.7],[-37.05,65.72],[-36.95,65.66],[-37.03,65.53]]],[[[-53.54,71.04],[-53.96,71.13],[-53.58,71.3],[-53.43,71.15],[-53.54,71.04]]],[[[-55.02,72.79],[-55.57,72.56],[-56.21,72.72],[-55.02,72.79]]],[[[-51.68,70.86],[-52.15,70.9],[-52.11,70.97],[-51.97,70.98],[-51.63,70.89],[-51.68,70.86]]],[[[-46.27,60.78],[-46.38,60.66],[-46.79,60.78],[-46.21,60.94],[-46.27,60.78]]],[[[-126.09,49.35],[-126.06,49.26],[-126.23,49.3],[-126.21,49.38],[-126.09,49.35]]],[[[-122.39,47.4],[-122.44,47.35],[-122.47,47.39],[-122.51,47.36],[-122.49,47.49],[-122.39,47.4]]],[[[-122.78,48.67],[-122.77,48.65],[-122.84,48.63],[-122.9,48.66],[-122.89,48.59],[-123.0,48.65],[-122.9,48.71],[-122.78,48.67]]],[[[-122.82,48.43],[-122.92,48.46],[-122.91,48.54],[-122.87,48.55],[-122.82,48.43]]],[[[-123.01,48.5],[-122.99,48.47],[-123.14,48.51],[-123.16,48.61],[-123.11,48.61],[-123.01,48.5]]],[[[-122.57,48.16],[-122.52,48.03],[-122.5,48.08],[-122.37,47.99],[-122.38,47.92],[-122.56,47.99],[-122.62,48.15],[-122.75,48.24],[-122.63,48.38],[-122.54,48.32],[-122.7,48.23],[-122.57,48.16]]],[[[-124.15,49.53],[-124.65,49.76],[-124.42,49.73],[-124.15,49.53]]],[[[-123.37,48.89],[-123.54,48.95],[-123.69,49.1],[-123.37,48.89]]],[[[-123.44,48.75],[-123.52,48.75],[-123.58,48.93],[-123.47,48.87],[-123.49,48.85],[-123.41,48.76],[-123.44,48.75]]],[[[-124.98,50.03],[-125.0,50.02],[-125.03,50.13],[-124.99,50.22],[-124.91,50.08],[-124.98,50.03]]],[[[-126.64,49.61],[-126.94,49.72],[-126.93,49.84],[-126.74,49.84],[-126.64,49.61]]],[[[-125.18,50.1],[-125.36,50.31],[-125.3,50.41],[-125.09,50.27],[-125.18,50.1]]],[[[-118.35,32.83],[-118.47,32.84],[-118.59,33.01],[-118.56,33.03],[-118.35,32.83]]],[[[-118.24,28.94],[-118.29,28.9],[-118.4,29.11],[-118.37,29.19],[-118.31,29.18],[-118.24,28.94]]],[[[-120.04,33.92],[-120.17,33.92],[-120.25,34.01],[-120.07,34.03],[-119.98,33.97],[-120.04,33.92]]],[[[-119.88,34.08],[-119.55,34.03],[-119.81,33.97],[-119.89,33.99],[-119.92,34.07],[-119.88,34.08]]],[[[-118.35,33.39],[-118.3,33.31],[-118.45,33.32],[-118.57,33.46],[-118.35,33.39]]],[[[-74.19,40.52],[-74.24,40.52],[-74.19,40.61],[-74.07,40.65],[-74.08,40.59],[-74.19,40.52]]],[[[-70.51,41.38],[-70.79,41.33],[-70.83,41.36],[-70.62,41.46],[-70.51,41.38]]],[[[-71.24,41.49],[-71.35,41.47],[-71.28,41.62],[-71.23,41.65],[-71.24,41.49]]],[[[-69.98,41.27],[-70.23,41.29],[-70.06,41.33],[-70.04,41.4],[-69.98,41.27]]],[[[-75.33,37.89],[-75.38,37.87],[-75.1,38.3],[-75.14,38.18],[-75.33,37.89]]],[[[-75.54,35.24],[-75.69,35.22],[-75.54,35.28],[-75.48,35.57],[-75.5,35.77],[-75.46,35.45],[-75.54,35.24]]],[[[-96.76,28.15],[-96.8,28.15],[-96.76,28.2],[-96.4,28.38],[-96.41,28.34],[-96.76,28.15]]],[[[-97.35,27.3],[-97.38,27.24],[-97.38,27.33],[-97.3,27.52],[-97.13,27.78],[-97.06,27.82],[-97.25,27.54],[-97.35,27.3]]],[[[-95.04,29.15],[-95.09,29.14],[-94.83,29.34],[-94.77,29.34],[-95.04,29.15]]],[[[-97.17,26.16],[-97.4,26.82],[-97.39,27.2],[-97.35,26.8],[-97.17,26.16]]],[[[-91.79,29.5],[-92.01,29.61],[-91.88,29.64],[-91.75,29.57],[-91.79,29.5]]],[[[-77.66,24.25],[-77.76,24.16],[-77.56,24.14],[-77.57,23.74],[-77.77,23.75],[-78.0,24.22],[-77.66,24.25]]],[[[-77.67,21.95],[-77.71,21.92],[-77.92,22.09],[-77.63,22.05],[-77.67,21.95]]],[[[-78.03,22.29],[-78.18,22.32],[-78.27,22.42],[-78.15,22.43],[-78.03,22.29]]],[[[-78.63,22.55],[-78.35,22.54],[-78.28,22.46],[-78.55,22.46],[-78.67,22.51],[-78.63,22.55]]],[[[-77.23,25.9],[-77.4,26.02],[-77.25,26.16],[-77.24,26.56],[-77.51,26.85],[-77.94,26.9],[-77.53,26.9],[-77.07,26.53],[-77.04,26.33],[-77.17,26.24],[-77.23,25.9]]],[[[-74.06,22.72],[-74.03,22.71],[-74.1,22.67],[-74.27,22.71],[-74.31,22.84],[-74.06,22.72]]],[[[-74.43,24.07],[-74.51,23.96],[-74.55,23.97],[-74.53,24.11],[-74.45,24.13],[-74.43,24.07]]],[[[-73.03,21.19],[-73.16,20.98],[-73.68,20.98],[-73.68,21.1],[-73.52,21.19],[-73.24,21.15],[-73.06,21.31],[-73.03,21.19]]],[[[-74.21,22.21],[-74.28,22.18],[-74.26,22.24],[-73.91,22.53],[-73.95,22.72],[-73.85,22.73],[-73.84,22.54],[-73.97,22.36],[-74.21,22.21]]],[[[-76.65,25.49],[-76.13,25.14],[-76.17,24.65],[-76.32,24.82],[-76.21,24.82],[-76.16,25.12],[-76.37,25.31],[-76.78,25.43],[-76.71,25.56],[-76.65,25.49]]],[[[-75.66,23.45],[-76.04,23.6],[-76.01,23.67],[-75.66,23.45]]],[[[-74.84,22.89],[-74.97,23.07],[-75.22,23.17],[-75.13,23.27],[-75.32,23.67],[-75.06,23.15],[-74.85,23.0],[-74.84,22.89]]],[[[-75.31,24.2],[-75.3,24.15],[-75.5,24.14],[-75.41,24.27],[-75.73,24.69],[-75.65,24.68],[-75.31,24.2]]],[[[-77.88,22.13],[-78.04,22.2],[-78.0,22.3],[-77.84,22.15],[-77.88,22.13]]],[[[-77.74,24.71],[-77.75,24.46],[-78.04,24.29],[-78.44,24.63],[-78.24,24.65],[-78.16,25.2],[-77.74,24.71]]],[[[-80.19,27.28],[-80.17,27.2],[-80.26,27.38],[-80.44,27.85],[-80.19,27.28]]],[[[-82.56,21.57],[-82.96,21.44],[-83.18,21.59],[-82.97,21.59],[-83.08,21.79],[-82.99,21.94],[-82.71,21.89],[-82.56,21.57]]],[[[-79.35,22.66],[-79.35,22.64],[-79.52,22.71],[-79.63,22.81],[-79.58,22.81],[-79.35,22.66]]],[[[-78.49,26.73],[-77.92,26.69],[-78.74,26.5],[-78.99,26.69],[-78.8,26.58],[-78.63,26.66],[-78.6,26.8],[-78.49,26.73]]],[[[-80.38,25.14],[-80.58,24.95],[-80.35,25.23],[-80.35,25.3],[-80.26,25.35],[-80.38,25.14]]],[[[-87.95,17.92],[-88.0,17.91],[-87.9,18.15],[-87.86,18.15],[-87.95,17.92]]],[[[-87.85,17.42],[-87.93,17.28],[-87.9,17.43],[-87.83,17.55],[-87.79,17.52],[-87.8,17.48],[-87.85,17.42]]],[[[-91.68,18.68],[-91.8,18.65],[-91.82,18.68],[-91.59,18.78],[-91.54,18.76],[-91.68,18.68]]],[[[-81.37,19.35],[-81.13,19.35],[-81.11,19.31],[-81.4,19.28],[-81.42,19.37],[-81.37,19.35]]],[[[-86.94,20.3],[-86.99,20.27],[-87.02,20.38],[-86.98,20.49],[-86.76,20.58],[-86.94,20.3]]],[[[-62.63,17.24],[-62.66,17.22],[-62.7,17.29],[-62.84,17.34],[-62.83,17.39],[-62.79,17.4],[-62.71,17.35],[-62.63,17.24]]],[[[-60.9,13.82],[-60.95,13.72],[-61.07,13.87],[-60.91,14.09],[-60.9,13.82]]],[[[-60.83,14.49],[-60.86,14.43],[-61.06,14.47],[-61.01,14.6],[-61.14,14.65],[-61.21,14.85],[-60.93,14.76],[-60.83,14.49]]],[[[-61.01,10.13],[-61.91,10.07],[-61.5,10.27],[-61.48,10.6],[-61.65,10.72],[-61.08,10.83],[-60.92,10.84],[-61.01,10.13]]],[[[-68.21,12.14],[-68.25,12.03],[-68.37,12.3],[-68.22,12.23],[-68.21,12.14]]],[[[-60.76,11.18],[-60.81,11.17],[-60.8,11.21],[-60.71,11.28],[-60.53,11.33],[-60.55,11.26],[-60.76,11.18]]],[[[-59.49,13.08],[-59.61,13.1],[-59.65,13.3],[-59.59,13.32],[-59.43,13.15],[-59.49,13.08]]],[[[-63.85,11.13],[-63.82,11.0],[-63.92,10.89],[-64.4,10.98],[-64.21,11.09],[-64.03,11.0],[-63.85,11.13]]],[[[-61.72,12.01],[-61.78,12.01],[-61.72,12.19],[-61.66,12.24],[-61.61,12.22],[-61.63,12.05],[-61.72,12.01]]],[[[-61.75,17.57],[-61.76,17.55],[-61.84,17.6],[-61.87,17.7],[-61.75,17.66],[-61.75,17.57]]],[[[-61.23,15.89],[-61.31,15.89],[-61.32,15.95],[-61.25,16.01],[-61.2,15.92],[-61.23,15.89]]],[[[-61.72,17.04],[-61.75,17.0],[-61.86,17.01],[-61.89,17.1],[-61.82,17.17],[-61.69,17.1],[-61.72,17.04]]],[[[-61.28,15.25],[-61.38,15.23],[-61.46,15.63],[-61.28,15.53],[-61.28,15.25]]],[[[-61.33,16.23],[-61.52,16.23],[-61.47,16.51],[-61.17,16.26],[-61.33,16.23]]],[[[-61.59,16.01],[-61.67,15.96],[-61.76,16.06],[-61.75,16.36],[-61.55,16.27],[-61.59,16.01]]],[[[-61.17,13.16],[-61.28,13.21],[-61.27,13.29],[-61.14,13.36],[-61.13,13.2],[-61.17,13.16]]],[[[-73.04,22.43],[-72.75,22.33],[-72.78,22.29],[-72.89,22.36],[-73.16,22.38],[-73.13,22.46],[-73.04,22.43]]],[[[-68.75,12.06],[-69.0,12.14],[-69.15,12.3],[-69.16,12.38],[-68.75,12.06]]],[[[-71.66,21.77],[-71.83,21.79],[-71.85,21.84],[-71.67,21.83],[-71.64,21.79],[-71.66,21.77]]],[[[-72.33,21.85],[-72.14,21.79],[-72.34,21.76],[-72.33,21.85]]],[[[-160.92,58.58],[-161.07,58.57],[-161.13,58.67],[-160.72,58.8],[-160.92,58.58]]],[[[-153.01,57.12],[-153.3,57.0],[-153.37,57.05],[-153.29,57.19],[-152.94,57.17],[-153.01,57.12]]],[[[-152.02,60.36],[-152.07,60.36],[-152.0,60.41],[-151.96,60.5],[-151.9,60.49],[-151.89,60.47],[-152.02,60.36]]],[[[-152.49,58.49],[-152.64,58.54],[-152.46,58.62],[-152.37,58.61],[-152.36,58.57],[-152.49,58.49]]],[[[-153.24,57.85],[-153.29,57.83],[-153.52,57.96],[-153.35,57.93],[-153.24,57.85]]],[[[-155.57,55.82],[-155.68,55.79],[-155.74,55.83],[-155.59,55.92],[-155.57,55.82]]],[[[-154.68,56.44],[-154.77,56.42],[-154.73,56.5],[-154.52,56.6],[-154.44,56.57],[-154.68,56.44]]],[[[-154.21,56.51],[-154.33,56.54],[-154.32,56.57],[-154.11,56.6],[-154.12,56.54],[-154.21,56.51]]],[[[-146.39,60.45],[-146.1,60.41],[-146.6,60.27],[-146.7,60.4],[-146.56,60.48],[-146.39,60.45]]],[[[-145.12,60.34],[-145.15,60.31],[-145.28,60.34],[-145.13,60.4],[-145.1,60.39],[-145.12,60.34]]],[[[-144.57,59.82],[-144.61,59.81],[-144.44,59.95],[-144.24,60.02],[-144.57,59.82]]],[[[-147.74,59.81],[-147.85,59.8],[-147.81,59.9],[-147.18,60.36],[-146.96,60.29],[-147.74,59.81]]],[[[-148.02,60.07],[-148.27,60.05],[-148.23,60.11],[-148.08,60.15],[-147.91,60.09],[-148.02,60.07]]],[[[-147.66,60.45],[-147.73,60.22],[-147.82,60.19],[-147.89,60.3],[-147.79,60.46],[-147.66,60.45]]],[[[-147.93,60.83],[-148.12,60.84],[-148.1,60.92],[-148.04,60.92],[-147.96,60.9],[-147.93,60.83]]],[[[-132.86,54.89],[-132.62,54.89],[-132.71,54.68],[-132.81,54.71],[-133.43,55.3],[-133.1,55.21],[-132.86,54.89]]],[[[-133.99,56.84],[-133.74,56.65],[-133.95,56.13],[-134.19,56.08],[-134.08,56.46],[-134.37,56.84],[-133.99,56.84]]],[[[-133.31,55.54],[-133.28,55.5],[-133.65,55.27],[-133.64,55.41],[-133.74,55.5],[-133.31,55.54]]],[[[-131.34,55.08],[-131.23,54.9],[-131.45,54.91],[-131.43,55.0],[-131.59,55.03],[-131.58,55.25],[-131.4,55.21],[-131.34,55.08]]],[[[-132.75,56.53],[-132.95,56.57],[-132.84,56.79],[-132.57,56.58],[-132.75,56.53]]],[[[-132.11,56.11],[-132.13,55.94],[-132.37,55.94],[-132.7,56.2],[-132.38,56.5],[-132.07,56.24],[-132.11,56.11]]],[[[-132.78,56.25],[-133.04,56.36],[-132.9,56.45],[-132.64,56.44],[-132.65,56.31],[-132.78,56.25]]],[[[-134.31,58.23],[-134.46,58.21],[-134.66,58.29],[-134.52,58.33],[-134.31,58.23]]],[[[-128.94,52.51],[-128.97,52.46],[-129.15,52.61],[-129.26,52.8],[-128.99,52.66],[-128.94,52.51]]],[[[-130.93,54.48],[-130.95,54.54],[-130.91,54.63],[-130.76,54.61],[-130.93,54.48]]],[[[-131.03,51.96],[-131.1,52.01],[-131.1,52.15],[-131.01,52.1],[-131.03,51.96]]],[[[-130.24,53.96],[-130.38,53.84],[-130.62,53.94],[-130.66,53.85],[-130.71,53.92],[-130.45,54.09],[-130.24,53.96]]],[[[-129.85,53.17],[-130.52,53.54],[-130.39,53.62],[-129.94,53.44],[-129.75,53.24],[-129.85,53.17]]],[[[-127.92,51.47],[-128.09,51.51],[-128.14,51.65],[-128.0,51.7],[-127.92,51.59],[-127.92,51.47]]],[[[-128.37,52.4],[-128.45,52.39],[-128.44,52.7],[-128.36,52.78],[-128.25,52.78],[-128.37,52.4]]],[[[-129.31,52.99],[-129.41,53.02],[-129.51,53.18],[-129.45,53.17],[-129.31,52.99]]],[[[-129.17,53.12],[-129.32,53.14],[-129.24,53.33],[-129.18,53.26],[-129.17,53.12]]],[[[-139.04,69.58],[-139.13,69.54],[-139.29,69.6],[-139.07,69.65],[-138.88,69.59],[-139.04,69.58]]],[[[-61.0,8.87],[-61.06,8.85],[-61.07,8.95],[-60.92,9.07],[-60.86,8.95],[-61.0,8.87]]],[[[-80.13,-2.97],[-80.27,-3.0],[-80.22,-2.75],[-80.08,-2.67],[-79.91,-2.73],[-80.09,-2.85],[-80.13,-2.97]]],[[[-51.83,-1.43],[-51.55,-0.65],[-51.25,-0.54],[-51.28,-1.02],[-51.83,-1.43]]],[[[-78.11,2.54],[-78.14,2.52],[-78.19,2.56],[-78.21,2.61],[-78.18,2.65],[-78.14,2.63],[-78.11,2.54]]],[[[-60.82,9.14],[-60.94,9.11],[-60.91,9.18],[-60.82,9.21],[-60.74,9.2],[-60.82,9.14]]],[[[-44.5,-2.94],[-44.6,-3.04],[-44.57,-2.78],[-44.48,-2.72],[-44.5,-2.94]]],[[[-38.74,-13.1],[-38.78,-13.12],[-38.79,-13.06],[-38.68,-12.97],[-38.67,-12.88],[-38.6,-12.99],[-38.74,-13.1]]],[[[-38.9,-13.47],[-38.94,-13.53],[-38.98,-13.52],[-39.02,-13.45],[-38.98,-13.4],[-38.91,-13.4],[-38.9,-13.47]]],[[[-44.88,-1.32],[-44.97,-1.39],[-45.02,-1.37],[-44.98,-1.27],[-44.89,-1.28],[-44.88,-1.32]]],[[[-49.74,0.27],[-49.92,-0.02],[-50.34,0.04],[-50.27,0.23],[-49.74,0.27]]],[[[-50.3,1.94],[-50.46,1.91],[-50.49,2.13],[-50.34,2.14],[-50.3,1.94]]],[[[-50.65,-0.13],[-50.93,-0.33],[-51.04,-0.23],[-51.0,-0.11],[-50.84,-0.05],[-50.67,-0.06],[-50.65,-0.13]]],[[[-49.44,-0.11],[-49.83,-0.09],[-49.5,0.08],[-49.37,0.0],[-49.44,-0.11]]],[[[-50.43,0.14],[-50.44,-0.01],[-50.62,0.05],[-50.61,0.2],[-50.45,0.33],[-50.37,0.59],[-50.33,0.26],[-50.43,0.14]]],[[[-50.15,0.39],[-50.26,0.36],[-50.28,0.52],[-50.25,0.59],[-50.06,0.64],[-50.04,0.52],[-50.15,0.39]]],[[[-90.33,-0.77],[-90.54,-0.68],[-90.53,-0.58],[-90.27,-0.48],[-90.19,-0.66],[-90.33,-0.77]]],[[[-89.42,-0.91],[-89.54,-0.95],[-89.61,-0.89],[-89.42,-0.72],[-89.29,-0.69],[-89.26,-0.73],[-89.42,-0.91]]],[[[-81.6,7.33],[-81.85,7.45],[-81.81,7.59],[-81.73,7.62],[-81.67,7.52],[-81.69,7.42],[-81.6,7.33]]],[[[-91.43,-0.46],[-91.61,-0.44],[-91.65,-0.28],[-91.46,-0.26],[-91.4,-0.32],[-91.43,-0.46]]],[[[-90.42,-1.34],[-90.52,-1.3],[-90.48,-1.22],[-90.38,-1.29],[-90.42,-1.34]]],[[[-91.27,0.03],[-90.8,-0.75],[-91.13,-1.02],[-91.5,-0.86],[-91.12,-0.56],[-91.6,0.0],[-91.27,0.03]]],[[[-90.57,-0.33],[-90.81,-0.33],[-90.87,-0.27],[-90.78,-0.16],[-90.55,-0.28],[-90.57,-0.33]]],[[[-109.28,-27.14],[-109.43,-27.17],[-109.39,-27.07],[-109.22,-27.1],[-109.28,-27.14]]],[[[-106.5,21.61],[-106.53,21.53],[-106.61,21.56],[-106.64,21.7],[-106.54,21.68],[-106.5,21.61]]],[[[-110.91,18.74],[-110.97,18.72],[-111.06,18.78],[-110.99,18.86],[-110.91,18.74]]],[[[-110.57,25.0],[-110.54,24.89],[-110.59,24.91],[-110.7,25.08],[-110.57,25.0]]],[[[-109.81,24.15],[-109.88,24.2],[-109.89,24.34],[-109.79,24.18],[-109.81,24.15]]],[[[-113.16,29.05],[-113.5,29.31],[-113.59,29.57],[-113.42,29.49],[-113.37,29.34],[-113.2,29.3],[-113.16,29.05]]],[[[-115.17,28.07],[-115.35,28.1],[-115.23,28.37],[-115.15,28.17],[-115.17,28.07]]],[[[-111.7,24.39],[-111.71,24.35],[-112.01,24.53],[-111.86,24.54],[-111.7,24.39]]],[[[-111.1,26.02],[-111.09,25.97],[-111.14,26.0],[-111.22,25.84],[-111.18,26.04],[-111.09,26.08],[-111.1,26.02]]],[[[-112.2,29.01],[-112.28,28.77],[-112.51,28.85],[-112.42,29.2],[-112.29,29.24],[-112.2,29.01]]],[[[-112.06,24.55],[-112.18,24.73],[-112.3,24.79],[-112.16,25.29],[-112.2,24.84],[-112.06,24.55]]],[[[166.98,-45.18],[167.02,-45.3],[166.89,-45.24],[166.98,-45.18]]],[[[125.28,9.98],[125.29,9.93],[125.16,10.06],[125.13,10.16],[125.23,10.12],[125.28,9.98]]],[[[122.94,7.41],[122.94,7.36],[122.8,7.32],[122.82,7.43],[122.87,7.4],[122.91,7.43],[122.94,7.41]]],[[[125.78,6.96],[125.77,6.91],[125.68,7.07],[125.71,7.19],[125.78,7.13],[125.78,6.96]]],[[[124.61,11.49],[124.48,11.49],[124.36,11.67],[124.51,11.69],[124.62,11.55],[124.61,11.49]]],[[[124.85,11.59],[124.84,11.54],[124.78,11.58],[124.73,11.72],[124.85,11.59]]],[[[120.77,-7.12],[120.64,-7.12],[120.63,-7.02],[120.78,-7.06],[120.77,-7.12]]],[[[122.98,-8.55],[122.95,-8.6],[122.89,-8.59],[122.9,-8.53],[123.01,-8.45],[123.15,-8.48],[123.03,-8.49],[122.98,-8.55]]],[[[117.56,-8.37],[117.49,-8.35],[117.49,-8.18],[117.67,-8.15],[117.56,-8.37]]],[[[70.02,66.5],[69.84,66.49],[69.47,66.72],[70.08,66.7],[70.11,66.57],[70.02,66.5]]],[[[96.85,76.2],[96.74,76.21],[96.84,76.34],[97.05,76.3],[96.85,76.2]]],[[[100.14,79.61],[99.92,79.6],[99.96,79.69],[100.07,79.7],[100.3,79.67],[100.14,79.61]]],[[[161.47,68.9],[161.14,69.11],[161.08,69.41],[161.51,69.64],[161.61,69.5],[161.35,69.37],[161.47,68.9]]],[[[126.42,36.49],[126.4,36.43],[126.34,36.47],[126.32,36.61],[126.39,36.57],[126.42,36.49]]],[[[121.25,28.09],[121.13,28.06],[121.13,28.14],[121.21,28.2],[121.25,28.09]]],[[[112.79,21.6],[112.77,21.58],[112.71,21.7],[112.78,21.77],[112.86,21.75],[112.8,21.69],[112.79,21.6]]],[[[114.0,22.21],[113.88,22.21],[113.84,22.24],[114.04,22.33],[114.0,22.21]]],[[[8.59,54.71],[8.55,54.69],[8.4,54.71],[8.51,54.76],[8.57,54.75],[8.59,54.71]]],[[[-86.59,71.01],[-85.64,71.15],[-84.82,71.03],[-84.7,71.63],[-85.91,71.99],[-85.32,72.23],[-84.28,72.04],[-84.84,72.31],[-84.62,72.38],[-85.34,72.42],[-85.65,72.72],[-85.26,72.95],[-84.26,72.8],[-85.45,73.11],[-83.41,73.63],[-81.61,73.7],[-80.28,72.77],[-81.23,72.31],[-80.61,72.45],[-80.94,72.21],[-80.69,72.1],[-80.92,72.07],[-80.93,71.91],[-79.88,72.18],[-80.11,72.33],[-79.83,72.45],[-79.0,72.27],[-79.01,72.04],[-78.59,71.88],[-78.86,72.1],[-78.7,72.35],[-77.52,72.18],[-78.29,72.36],[-78.42,72.57],[-76.89,72.72],[-75.12,72.38],[-75.05,72.23],[-75.92,71.72],[-75.15,72.06],[-74.27,72.04],[-74.32,71.84],[-75.2,71.71],[-74.7,71.68],[-75.0,71.22],[-74.49,71.65],[-73.87,71.77],[-73.71,71.72],[-74.2,71.4],[-73.71,71.59],[-73.18,71.28],[-73.28,71.54],[-72.9,71.68],[-71.64,71.52],[-71.22,71.24],[-72.63,70.83],[-70.67,71.05],[-70.76,70.79],[-71.89,70.43],[-71.28,70.5],[-71.43,70.13],[-70.56,70.74],[-69.17,70.76],[-68.36,70.48],[-70.06,70.04],[-68.78,70.2],[-69.01,69.98],[-68.74,69.94],[-68.06,70.32],[-67.17,69.8],[-69.25,69.51],[-68.51,69.58],[-66.69,69.29],[-66.8,69.15],[-67.94,69.25],[-69.04,69.1],[-67.83,69.07],[-67.88,68.78],[-69.32,68.86],[-66.74,68.46],[-67.03,68.33],[-66.83,68.22],[-66.92,68.07],[-66.21,68.28],[-66.44,67.83],[-65.94,68.07],[-65.86,67.92],[-65.51,67.97],[-65.4,67.67],[-65.42,67.88],[-64.92,68.03],[-65.02,67.79],[-64.64,67.84],[-63.85,67.57],[-64.08,67.5],[-64.01,67.35],[-64.7,67.35],[-63.04,67.24],[-63.7,66.82],[-62.12,67.05],[-61.3,66.65],[-62.12,66.64],[-61.58,66.41],[-61.86,66.31],[-62.55,66.41],[-62.41,66.32],[-62.53,66.23],[-61.99,66.04],[-62.62,66.02],[-62.38,65.83],[-62.66,65.64],[-63.46,65.85],[-63.42,65.71],[-63.65,65.66],[-63.34,65.62],[-63.36,65.23],[-63.61,64.93],[-64.35,65.17],[-64.27,65.4],[-64.56,65.12],[-65.4,65.76],[-64.45,66.32],[-65.83,66.0],[-65.66,66.2],[-66.06,66.13],[-66.99,66.63],[-67.31,66.57],[-67.23,66.31],[-67.88,66.47],[-67.18,66.03],[-67.35,65.93],[-68.75,66.2],[-68.22,66.08],[-68.19,65.87],[-67.87,65.77],[-67.94,65.56],[-67.57,65.64],[-67.12,65.44],[-67.34,65.35],[-66.7,64.82],[-66.64,65.0],[-66.21,64.72],[-65.94,64.89],[-65.43,64.73],[-65.27,64.63],[-65.53,64.5],[-65.07,64.44],[-65.58,64.29],[-65.17,64.03],[-64.68,64.03],[-64.8,63.92],[-64.41,63.71],[-64.56,63.68],[-64.51,63.26],[-64.66,63.25],[-65.19,63.76],[-65.07,63.26],[-64.67,62.92],[-65.16,62.93],[-65.11,62.63],[-66.22,63.11],[-66.41,63.03],[-66.65,63.26],[-66.7,63.07],[-67.89,63.73],[-67.76,63.42],[-68.49,63.73],[-68.91,63.7],[-68.14,63.17],[-65.98,62.21],[-66.13,62.1],[-66.06,61.91],[-66.32,61.87],[-68.63,62.28],[-69.6,62.77],[-71.11,63.0],[-70.95,63.12],[-71.35,63.07],[-71.99,63.42],[-71.38,63.58],[-72.29,63.73],[-72.17,63.89],[-72.5,63.82],[-73.45,64.4],[-73.27,64.58],[-73.91,64.58],[-74.06,64.42],[-74.68,64.83],[-74.92,64.77],[-74.69,64.5],[-75.72,64.52],[-76.86,64.24],[-78.05,64.5],[-78.2,64.66],[-78.1,64.94],[-77.36,65.2],[-77.33,65.45],[-75.83,65.23],[-75.45,64.84],[-75.36,65.01],[-75.8,65.3],[-73.55,65.49],[-74.42,66.17],[-72.22,67.25],[-73.28,68.36],[-73.82,68.36],[-73.82,68.69],[-74.27,68.54],[-74.89,68.81],[-74.74,68.91],[-74.95,68.96],[-74.72,69.05],[-76.59,68.7],[-76.56,69.01],[-75.65,69.21],[-76.46,69.47],[-76.52,69.59],[-76.23,69.66],[-77.09,69.64],[-76.86,69.78],[-77.59,69.85],[-77.77,70.24],[-78.28,70.23],[-79.07,70.6],[-79.41,70.4],[-78.93,70.29],[-78.82,70.01],[-79.52,69.89],[-81.56,70.11],[-80.92,69.73],[-81.56,69.94],[-82.29,69.84],[-83.15,70.01],[-85.78,70.04],[-86.32,70.15],[-86.5,70.35],[-86.4,70.47],[-87.84,70.25],[-88.85,70.52],[-89.46,71.06],[-87.14,71.01],[-89.85,71.49],[-90.03,71.95],[-89.66,72.18],[-89.86,72.41],[-89.23,73.11],[-87.72,73.72],[-85.01,73.78],[-86.09,73.26],[-86.67,72.76],[-86.32,72.46],[-86.22,71.9],[-85.02,71.35],[-86.59,71.01]]],[[[-69.49,83.02],[-66.42,82.93],[-68.47,82.65],[-64.98,82.9],[-63.64,82.81],[-63.09,82.57],[-63.25,82.45],[-61.7,82.49],[-61.27,82.28],[-63.59,81.85],[-68.69,81.29],[-64.83,81.44],[-69.55,80.38],[-70.71,80.54],[-70.26,80.23],[-72.06,80.12],[-70.57,80.09],[-71.36,79.91],[-71.11,79.85],[-71.39,79.76],[-74.39,79.87],[-73.47,79.76],[-73.2,79.6],[-73.36,79.5],[-76.9,79.51],[-75.6,79.24],[-74.48,79.23],[-74.53,79.05],[-78.58,79.08],[-76.26,79.01],[-74.43,78.72],[-74.88,78.54],[-76.42,78.51],[-75.19,78.33],[-75.97,77.99],[-78.01,77.95],[-78.08,77.52],[-78.49,77.37],[-80.57,77.31],[-81.66,77.53],[-81.28,77.37],[-82.06,77.3],[-81.84,77.21],[-79.5,77.2],[-79.22,76.94],[-78.0,76.85],[-78.28,76.57],[-80.69,76.18],[-81.0,76.21],[-80.83,76.37],[-80.97,76.47],[-82.53,76.72],[-82.23,76.47],[-83.89,76.45],[-84.22,76.68],[-84.28,76.36],[-85.14,76.3],[-86.45,76.58],[-86.68,76.38],[-87.49,76.59],[-87.5,76.39],[-88.4,76.41],[-88.5,76.77],[-88.55,76.42],[-89.57,76.49],[-89.5,76.83],[-88.4,77.1],[-86.81,77.18],[-87.94,77.6],[-88.09,77.72],[-87.76,77.84],[-86.39,77.81],[-85.59,77.46],[-84.74,77.36],[-83.61,77.44],[-82.66,77.89],[-83.78,77.53],[-84.86,77.5],[-85.29,77.56],[-85.55,77.93],[-84.22,78.18],[-84.91,78.24],[-84.78,78.53],[-85.59,78.11],[-86.22,78.08],[-85.92,78.34],[-87.55,78.18],[-87.49,78.42],[-86.81,78.77],[-85.0,78.91],[-83.27,78.77],[-81.75,78.98],[-84.41,79.0],[-83.58,79.05],[-85.27,79.66],[-86.42,79.85],[-86.61,80.12],[-86.5,80.26],[-83.72,80.23],[-81.69,79.69],[-80.48,79.61],[-80.12,79.67],[-81.01,79.69],[-82.99,80.32],[-76.86,80.86],[-78.72,80.95],[-76.89,81.43],[-79.2,81.12],[-79.76,80.84],[-81.01,80.65],[-82.88,80.58],[-82.22,80.77],[-85.15,80.52],[-86.53,80.6],[-86.44,80.73],[-83.29,81.15],[-85.78,81.04],[-87.71,80.66],[-89.17,80.94],[-86.48,81.04],[-84.94,81.29],[-89.62,81.03],[-89.95,81.17],[-89.21,81.25],[-89.67,81.33],[-87.6,81.53],[-90.3,81.4],[-90.55,81.46],[-89.82,81.63],[-91.68,81.64],[-88.06,82.1],[-85.04,81.98],[-86.62,82.22],[-84.9,82.45],[-82.63,82.08],[-82.33,82.09],[-82.75,82.2],[-82.54,82.25],[-79.42,81.85],[-82.45,82.4],[-81.68,82.52],[-82.12,82.63],[-80.86,82.57],[-81.18,82.74],[-81.01,82.78],[-78.75,82.68],[-79.89,82.94],[-77.48,82.88],[-76.01,82.54],[-75.64,82.64],[-77.12,83.01],[-74.41,83.01],[-72.66,82.72],[-73.44,82.9],[-72.81,83.08],[-70.94,82.9],[-71.42,83.02],[-71.08,83.08],[-69.49,83.02]]],[[[-94.31,71.76],[-93.81,71.77],[-93.03,71.34],[-92.88,71.07],[-92.98,70.85],[-91.56,70.18],[-92.32,70.24],[-92.51,70.1],[-91.98,70.04],[-92.89,69.67],[-91.91,69.53],[-91.2,69.64],[-91.44,69.53],[-90.42,69.46],[-91.24,69.29],[-90.48,68.88],[-90.57,68.47],[-90.25,68.27],[-89.28,69.26],[-88.04,68.81],[-87.83,68.3],[-88.35,68.29],[-88.31,67.95],[-87.36,67.18],[-86.56,67.48],[-85.95,68.07],[-85.69,68.67],[-84.87,68.77],[-85.11,68.84],[-84.86,69.07],[-85.39,69.23],[-85.51,69.85],[-82.37,69.64],[-82.75,69.49],[-82.23,69.25],[-81.38,69.19],[-81.96,68.88],[-81.25,68.74],[-81.91,68.46],[-82.55,68.45],[-82.22,68.15],[-82.01,68.19],[-82.06,67.93],[-81.29,67.5],[-81.47,67.07],[-83.41,66.37],[-84.54,66.97],[-85.11,66.91],[-84.22,66.68],[-83.87,66.21],[-84.63,66.21],[-85.6,66.57],[-86.71,66.52],[-86.69,66.36],[-85.96,66.12],[-87.45,65.34],[-87.97,65.35],[-89.75,65.94],[-91.41,65.96],[-89.92,65.78],[-88.97,65.35],[-87.03,65.2],[-88.11,64.18],[-88.82,63.99],[-89.2,64.11],[-89.13,63.97],[-90.04,64.14],[-89.86,63.96],[-90.17,63.98],[-90.01,63.8],[-90.15,63.69],[-90.81,63.58],[-93.7,64.15],[-93.56,63.87],[-92.16,63.69],[-92.47,63.56],[-91.84,63.7],[-90.71,63.3],[-90.78,62.97],[-92.36,62.82],[-91.94,62.59],[-92.55,62.55],[-92.77,62.38],[-92.53,62.17],[-93.21,62.36],[-92.91,62.22],[-93.58,61.94],[-93.31,61.77],[-93.91,61.48],[-94.51,60.6],[-94.76,60.5],[-94.79,59.27],[-94.96,59.07],[-94.29,58.72],[-94.33,58.3],[-94.12,58.74],[-93.18,58.73],[-92.43,57.32],[-92.8,56.92],[-90.59,57.22],[-88.83,56.81],[-87.48,56.02],[-85.68,55.6],[-85.22,55.35],[-85.37,55.08],[-85.06,55.29],[-83.91,55.31],[-82.39,55.07],[-82.22,54.81],[-82.42,54.24],[-82.14,53.82],[-82.29,53.03],[-81.6,52.43],[-81.83,52.22],[-80.66,51.76],[-80.44,51.39],[-80.85,51.12],[-80.1,51.28],[-79.35,50.76],[-79.71,51.12],[-79.69,51.35],[-79.3,51.62],[-78.9,51.2],[-78.73,51.5],[-78.98,51.77],[-78.45,52.26],[-79.1,53.66],[-79.0,54.0],[-79.71,54.67],[-77.78,55.29],[-76.76,56.0],[-76.53,56.5],[-76.57,57.18],[-76.89,57.76],[-78.51,58.65],[-78.43,58.9],[-77.76,59.38],[-77.73,59.68],[-77.35,59.58],[-77.49,59.68],[-77.29,60.02],[-77.59,60.09],[-77.45,60.15],[-77.68,60.43],[-77.5,60.54],[-77.79,60.64],[-77.6,60.83],[-78.18,60.82],[-77.51,61.56],[-78.02,61.83],[-78.13,62.28],[-77.37,62.57],[-75.82,62.32],[-75.68,62.25],[-75.79,62.18],[-75.34,62.31],[-74.63,62.12],[-73.71,62.47],[-72.69,62.12],[-72.77,61.84],[-72.23,61.83],[-72.04,61.68],[-72.22,61.59],[-71.64,61.62],[-71.85,61.44],[-71.42,61.16],[-70.28,61.07],[-69.99,60.86],[-69.47,61.01],[-69.4,60.85],[-69.75,60.49],[-69.67,60.08],[-70.65,60.03],[-69.73,59.92],[-69.58,59.68],[-69.68,59.34],[-69.34,59.3],[-69.53,58.87],[-69.78,58.96],[-70.15,58.76],[-68.7,58.9],[-68.38,58.74],[-68.23,58.48],[-68.36,58.16],[-69.04,57.9],[-68.41,58.05],[-68.02,58.49],[-67.89,58.3],[-68.06,58.14],[-67.76,58.4],[-67.68,57.99],[-67.57,58.21],[-66.36,58.79],[-66.0,58.43],[-66.04,58.82],[-65.38,59.06],[-65.7,59.21],[-65.41,59.31],[-65.48,59.47],[-65.04,59.39],[-65.41,59.54],[-65.43,59.78],[-65.03,59.77],[-65.17,59.91],[-64.82,60.33],[-64.5,60.27],[-64.42,60.17],[-64.77,60.01],[-64.28,60.06],[-64.23,59.74],[-64.06,59.82],[-63.75,59.51],[-63.95,59.38],[-63.42,59.19],[-63.97,59.05],[-63.25,59.07],[-63.28,58.87],[-62.87,58.67],[-63.54,58.33],[-62.59,58.47],[-63.26,58.01],[-62.49,58.15],[-61.96,57.91],[-61.97,57.61],[-62.5,57.49],[-61.92,57.42],[-61.98,57.25],[-61.33,57.01],[-61.37,56.68],[-62.5,56.8],[-61.74,56.53],[-61.94,56.42],[-61.43,56.36],[-61.71,56.23],[-61.36,56.22],[-61.45,56.0],[-60.34,55.78],[-60.19,55.48],[-60.62,55.06],[-59.76,55.31],[-59.44,55.18],[-59.84,54.81],[-59.26,55.2],[-58.78,54.84],[-57.96,54.88],[-57.4,54.59],[-58.63,54.05],[-60.4,53.65],[-60.1,53.49],[-60.33,53.27],[-58.65,53.98],[-57.94,54.09],[-58.31,54.2],[-57.42,54.16],[-57.13,53.79],[-57.52,53.61],[-57.33,53.47],[-56.52,53.77],[-55.97,53.47],[-55.8,52.64],[-56.32,52.54],[-55.75,52.47],[-56.01,52.39],[-55.67,52.19],[-56.98,51.46],[-58.51,51.3],[-60.08,50.25],[-61.72,50.1],[-62.72,50.3],[-66.5,50.21],[-66.94,49.99],[-67.37,49.35],[-68.28,49.2],[-69.67,48.2],[-71.02,48.46],[-69.87,48.17],[-69.99,47.74],[-71.27,46.8],[-72.2,46.56],[-72.98,46.21],[-73.48,45.74],[-74.32,45.53],[-73.97,45.35],[-74.71,45.0],[-73.56,45.43],[-73.16,46.01],[-71.9,46.63],[-70.52,47.03],[-69.47,47.97],[-68.24,48.63],[-65.52,49.27],[-64.26,48.92],[-64.21,48.81],[-64.51,48.84],[-64.25,48.69],[-64.35,48.42],[-65.26,48.02],[-65.93,48.19],[-66.7,48.02],[-65.85,47.91],[-65.61,47.67],[-65.0,47.85],[-64.7,47.72],[-65.32,47.1],[-64.83,47.06],[-64.91,46.89],[-64.54,46.24],[-63.92,46.17],[-64.06,46.02],[-63.7,45.86],[-62.75,45.65],[-61.96,45.87],[-61.35,45.57],[-61.28,45.44],[-61.46,45.37],[-61.03,45.29],[-63.6,44.68],[-63.61,44.48],[-64.0,44.64],[-64.29,44.55],[-64.28,44.33],[-65.48,43.52],[-66.13,43.81],[-66.19,44.14],[-65.87,44.57],[-66.09,44.5],[-64.45,45.34],[-64.14,45.02],[-64.09,45.22],[-63.37,45.36],[-64.87,45.35],[-64.31,45.84],[-64.63,45.95],[-64.78,45.64],[-65.88,45.22],[-66.11,45.32],[-66.03,45.42],[-66.44,45.1],[-67.12,45.17],[-66.99,44.83],[-68.06,44.38],[-68.45,44.51],[-68.53,44.26],[-68.81,44.34],[-68.76,44.57],[-69.23,43.99],[-70.18,43.77],[-70.83,42.83],[-70.61,42.62],[-71.05,42.33],[-70.74,42.23],[-70.43,41.76],[-70.0,41.83],[-70.24,42.07],[-70.11,42.08],[-69.95,41.68],[-70.66,41.53],[-70.7,41.71],[-71.17,41.49],[-71.15,41.75],[-71.39,41.8],[-71.52,41.38],[-72.92,41.29],[-73.99,40.75],[-73.97,41.25],[-73.93,40.91],[-74.26,40.53],[-73.97,40.4],[-74.08,39.79],[-74.1,39.98],[-74.92,38.94],[-74.9,39.15],[-75.52,39.49],[-75.42,39.79],[-75.07,39.98],[-75.46,39.78],[-75.57,39.48],[-75.04,38.43],[-75.93,37.15],[-75.66,37.95],[-75.85,37.97],[-75.86,38.36],[-76.26,38.44],[-76.26,38.6],[-76.02,38.63],[-76.34,38.71],[-76.17,38.85],[-76.33,38.91],[-76.14,39.08],[-76.24,39.19],[-75.87,39.51],[-76.57,39.27],[-76.39,38.37],[-76.67,38.54],[-76.34,38.09],[-77.23,38.41],[-77.03,38.89],[-77.31,38.4],[-76.26,37.89],[-76.49,37.68],[-77.11,38.17],[-76.31,37.57],[-76.26,37.36],[-76.45,37.27],[-76.76,37.51],[-76.28,37.05],[-77.25,37.33],[-76.67,37.17],[-76.49,36.9],[-76.0,36.91],[-75.53,35.82],[-75.95,36.66],[-75.82,36.11],[-76.15,36.28],[-76.56,36.02],[-76.73,36.23],[-76.73,35.96],[-76.07,35.97],[-76.08,35.69],[-75.85,35.96],[-75.76,35.84],[-76.17,35.35],[-77.04,35.53],[-76.51,35.27],[-76.78,34.99],[-77.07,35.15],[-76.97,35.03],[-76.46,34.99],[-76.44,34.84],[-77.3,34.6],[-77.41,34.73],[-77.38,34.53],[-77.93,33.94],[-77.95,34.17],[-78.01,33.91],[-78.84,33.72],[-79.19,33.24],[-79.23,33.4],[-79.28,33.14],[-79.94,32.67],[-80.63,32.51],[-80.47,32.42],[-80.58,32.29],[-80.8,32.45],[-80.69,32.22],[-81.11,31.88],[-81.46,31.13],[-81.25,29.79],[-80.52,28.49],[-80.46,27.9],[-80.61,28.52],[-80.69,28.34],[-80.84,28.76],[-80.75,28.38],[-80.05,26.81],[-80.13,25.83],[-80.48,25.23],[-81.11,25.14],[-81.14,25.31],[-80.94,25.26],[-81.36,25.83],[-81.72,25.98],[-81.96,26.49],[-81.83,26.69],[-82.04,26.55],[-82.01,26.96],[-82.29,26.87],[-82.71,27.5],[-82.4,27.84],[-82.64,27.98],[-82.66,27.72],[-82.84,27.85],[-82.65,28.89],[-84.04,30.1],[-85.32,29.68],[-85.68,30.12],[-85.6,30.29],[-85.79,30.17],[-86.45,30.4],[-86.12,30.41],[-86.26,30.49],[-87.2,30.34],[-87.0,30.57],[-87.28,30.34],[-88.01,30.23],[-87.79,30.29],[-88.01,30.69],[-88.14,30.37],[-88.91,30.42],[-89.59,30.17],[-90.13,30.37],[-90.33,30.28],[-90.41,30.14],[-90.18,30.03],[-89.74,30.17],[-89.82,30.01],[-89.63,29.9],[-89.4,30.05],[-89.35,29.82],[-89.72,29.62],[-89.02,29.2],[-89.16,29.02],[-89.38,28.98],[-89.44,29.19],[-90.16,29.54],[-90.14,29.14],[-90.5,29.3],[-90.75,29.13],[-91.29,29.29],[-91.15,29.32],[-91.25,29.56],[-91.89,29.84],[-92.26,29.56],[-93.18,29.78],[-93.83,29.73],[-93.84,29.98],[-93.89,29.69],[-94.76,29.38],[-94.53,29.55],[-94.78,29.55],[-94.74,29.75],[-95.02,29.7],[-94.89,29.37],[-95.85,28.64],[-96.23,28.49],[-96.01,28.63],[-96.64,28.71],[-96.42,28.46],[-97.16,28.14],[-97.07,27.99],[-97.43,27.84],[-97.29,27.67],[-97.44,27.33],[-97.77,27.46],[-97.49,27.24],[-97.44,26.49],[-97.14,26.03],[-97.67,24.39],[-97.86,22.62],[-97.76,22.11],[-97.31,21.56],[-97.41,21.27],[-97.38,21.57],[-97.75,22.03],[-97.19,20.72],[-96.46,19.87],[-96.29,19.34],[-95.78,18.81],[-95.92,18.82],[-95.18,18.7],[-94.46,18.17],[-92.44,18.68],[-91.97,18.72],[-91.91,18.53],[-91.53,18.46],[-91.28,18.62],[-91.44,18.89],[-90.74,19.35],[-90.35,21.01],[-88.47,21.57],[-87.25,21.45],[-87.37,21.57],[-87.03,21.59],[-86.82,21.42],[-86.82,21.01],[-87.69,19.64],[-87.42,19.58],[-87.66,19.35],[-87.5,19.29],[-87.85,18.27],[-88.03,18.84],[-88.35,18.36],[-88.09,18.23],[-88.31,16.63],[-88.89,15.89],[-88.6,15.76],[-88.59,15.95],[-88.13,15.7],[-87.7,15.91],[-86.91,15.76],[-86.36,15.78],[-85.99,16.02],[-84.97,15.99],[-84.26,15.82],[-83.78,15.44],[-84.1,15.4],[-83.76,15.22],[-83.5,15.22],[-83.65,15.37],[-83.37,15.24],[-83.16,14.99],[-83.41,14.83],[-83.19,14.34],[-83.49,13.74],[-83.51,12.41],[-83.59,12.71],[-83.75,12.5],[-83.68,12.02],[-83.83,11.86],[-83.65,11.64],[-83.87,11.3],[-83.35,10.32],[-82.08,8.93],[-81.78,8.96],[-81.89,9.14],[-81.55,8.83],[-81.06,8.81],[-79.58,9.6],[-79.11,9.54],[-77.83,9.07],[-76.79,7.93],[-76.92,8.57],[-76.03,9.37],[-75.64,9.45],[-75.54,10.21],[-75.71,10.14],[-75.25,10.78],[-74.84,11.11],[-74.33,11.0],[-74.52,10.86],[-74.4,10.77],[-74.14,11.32],[-73.31,11.3],[-71.6,12.43],[-71.26,12.34],[-71.14,12.05],[-71.96,11.57],[-71.59,10.66],[-72.11,9.82],[-71.62,9.05],[-71.24,9.16],[-71.05,9.71],[-71.49,10.53],[-71.47,10.96],[-70.1,11.52],[-69.8,11.47],[-69.82,11.67],[-70.19,11.62],[-70.29,11.89],[-70.0,12.18],[-69.63,11.48],[-68.83,11.43],[-68.4,11.16],[-68.14,10.49],[-66.25,10.63],[-65.85,10.26],[-65.13,10.07],[-63.73,10.5],[-64.3,10.64],[-61.88,10.74],[-62.91,10.53],[-62.69,10.29],[-62.74,10.06],[-62.55,10.2],[-62.32,9.78],[-62.08,9.98],[-61.74,9.63],[-61.59,9.89],[-60.79,9.36],[-61.25,8.6],[-61.62,8.6],[-61.3,8.41],[-60.17,8.62],[-58.81,7.74],[-58.48,7.33],[-58.67,6.39],[-58.41,6.85],[-57.98,6.79],[-57.23,6.18],[-57.18,5.53],[-56.97,5.99],[-55.9,5.7],[-55.83,5.96],[-54.36,5.91],[-54.05,5.81],[-54.16,5.36],[-53.85,5.78],[-52.9,5.43],[-52.29,4.94],[-52.32,4.77],[-52.06,4.72],[-52.0,4.35],[-51.83,4.64],[-51.65,4.06],[-51.55,4.31],[-51.22,4.09],[-50.71,2.13],[-50.46,1.83],[-49.96,1.66],[-49.9,1.16],[-50.76,0.22],[-51.28,-0.09],[-51.98,-1.37],[-52.66,-1.55],[-51.95,-1.59],[-50.89,-0.94],[-50.69,-1.76],[-50.4,-2.02],[-49.31,-1.73],[-49.64,-2.66],[-49.21,-1.92],[-48.71,-1.49],[-48.46,-1.61],[-48.35,-1.48],[-48.45,-1.15],[-48.12,-0.74],[-47.42,-0.77],[-47.4,-0.63],[-45.46,-1.36],[-45.33,-1.72],[-45.08,-1.47],[-44.65,-1.75],[-44.54,-2.05],[-44.76,-2.27],[-44.66,-2.37],[-44.44,-2.17],[-44.38,-2.37],[-44.72,-3.2],[-44.23,-2.47],[-44.11,-2.49],[-44.19,-2.81],[-43.38,-2.38],[-41.48,-2.92],[-39.96,-2.86],[-38.48,-3.72],[-37.17,-4.91],[-35.48,-5.17],[-34.83,-7.02],[-34.83,-7.97],[-35.34,-9.23],[-35.89,-9.69],[-36.4,-10.48],[-36.94,-10.82],[-37.32,-11.38],[-37.36,-11.25],[-37.69,-12.1],[-38.24,-12.84],[-38.5,-12.96],[-38.69,-12.62],[-38.85,-12.79],[-39.09,-13.59],[-38.88,-15.86],[-39.2,-17.18],[-39.15,-17.7],[-39.65,-18.25],[-39.78,-19.57],[-40.95,-21.24],[-41.0,-22.0],[-41.71,-22.31],[-42.04,-22.95],[-42.96,-22.97],[-43.15,-22.73],[-43.22,-22.99],[-44.64,-23.06],[-44.57,-23.27],[-45.46,-23.8],[-45.97,-23.8],[-46.87,-24.24],[-47.99,-25.04],[-48.2,-25.42],[-48.4,-25.27],[-48.48,-25.44],[-48.73,-25.37],[-48.4,-25.6],[-48.67,-25.84],[-48.75,-26.27],[-48.55,-27.2],[-48.8,-28.58],[-49.75,-29.36],[-50.92,-31.26],[-52.04,-32.11],[-52.06,-31.83],[-51.27,-31.48],[-50.58,-30.44],[-50.56,-30.25],[-51.02,-30.37],[-51.3,-30.03],[-51.16,-30.36],[-51.28,-30.75],[-51.97,-31.38],[-52.13,-32.17],[-52.65,-33.14],[-54.17,-34.67],[-54.9,-34.93],[-55.67,-34.78],[-56.19,-34.91],[-57.17,-34.45],[-57.83,-34.48],[-58.44,-33.72],[-58.36,-33.18],[-58.09,-32.97],[-58.2,-32.47],[-58.17,-32.96],[-58.42,-33.11],[-58.55,-33.66],[-58.39,-34.19],[-58.53,-34.3],[-58.28,-34.68],[-57.17,-35.36],[-57.38,-35.9],[-57.08,-36.3],[-56.72,-36.39],[-56.73,-36.96],[-57.55,-38.09],[-58.18,-38.44],[-61.11,-38.99],[-62.33,-38.8],[-62.3,-39.24],[-62.05,-39.37],[-62.4,-40.2],[-62.25,-40.67],[-62.4,-40.89],[-63.62,-41.16],[-65.07,-40.81],[-64.99,-42.1],[-64.42,-42.43],[-63.8,-42.11],[-63.62,-42.7],[-64.03,-42.88],[-64.49,-42.51],[-64.97,-42.67],[-64.32,-42.97],[-65.25,-43.57],[-65.27,-44.28],[-65.65,-44.66],[-65.64,-45.01],[-66.19,-44.96],[-66.94,-45.26],[-67.6,-46.05],[-67.51,-46.44],[-66.78,-47.01],[-65.85,-47.16],[-65.78,-47.57],[-66.23,-47.83],[-65.81,-47.94],[-67.47,-48.95],[-67.91,-49.98],[-68.26,-50.1],[-68.67,-49.75],[-68.66,-49.94],[-68.98,-50.0],[-68.42,-50.16],[-68.94,-50.38],[-69.36,-51.03],[-69.2,-50.99],[-69.06,-51.55],[-69.47,-51.58],[-68.97,-51.68],[-68.39,-52.31],[-69.24,-52.21],[-70.8,-52.77],[-71.0,-53.78],[-71.3,-53.88],[-72.17,-53.63],[-72.41,-53.35],[-71.94,-53.23],[-71.79,-53.48],[-71.74,-53.23],[-71.29,-53.03],[-71.23,-52.81],[-72.28,-53.13],[-72.55,-53.46],[-73.05,-53.24],[-72.73,-52.76],[-71.51,-52.61],[-72.71,-52.54],[-73.12,-53.07],[-73.65,-52.84],[-73.12,-52.49],[-74.01,-52.64],[-74.26,-52.1],[-73.83,-52.23],[-72.8,-51.95],[-72.57,-52.2],[-72.71,-52.36],[-72.52,-52.26],[-72.54,-51.71],[-73.17,-51.45],[-72.6,-51.8],[-73.52,-52.04],[-74.2,-51.68],[-73.93,-51.62],[-73.94,-51.27],[-74.81,-51.06],[-75.09,-50.68],[-74.69,-50.66],[-74.64,-50.36],[-73.81,-50.94],[-73.65,-50.49],[-73.98,-50.83],[-74.2,-50.61],[-73.95,-50.51],[-74.63,-50.19],[-74.33,-49.97],[-73.96,-49.99],[-74.32,-49.78],[-74.29,-49.6],[-73.84,-49.61],[-74.09,-49.43],[-73.93,-49.02],[-74.22,-49.5],[-74.37,-49.4],[-74.34,-48.6],[-74.01,-48.47],[-74.47,-48.46],[-74.58,-48.0],[-73.39,-48.15],[-73.72,-47.66],[-74.23,-47.97],[-74.65,-47.7],[-74.13,-47.59],[-74.48,-47.43],[-74.16,-47.18],[-74.31,-46.79],[-75.01,-46.74],[-74.98,-46.51],[-75.54,-46.7],[-75.43,-46.93],[-75.71,-46.71],[-74.92,-46.16],[-75.07,-45.87],[-74.16,-45.77],[-73.96,-45.4],[-73.82,-45.45],[-74.02,-46.06],[-74.39,-46.22],[-73.97,-46.15],[-73.74,-45.81],[-73.85,-46.57],[-73.59,-45.9],[-73.73,-45.48],[-72.93,-45.45],[-73.44,-45.24],[-73.4,-45.1],[-72.68,-44.59],[-72.66,-44.44],[-73.27,-44.17],[-73.0,-43.63],[-73.08,-43.32],[-72.76,-43.04],[-72.85,-42.67],[-72.63,-42.51],[-72.77,-42.26],[-72.41,-42.39],[-72.5,-41.98],[-72.82,-41.91],[-72.32,-41.5],[-72.54,-41.69],[-72.95,-41.51],[-73.24,-41.78],[-73.62,-41.77],[-73.97,-41.12],[-73.67,-39.96],[-73.41,-39.79],[-73.23,-39.22],[-73.52,-38.51],[-73.66,-37.34],[-73.6,-37.19],[-73.22,-37.17],[-72.62,-35.59],[-72.22,-35.1],[-72.0,-34.17],[-71.66,-33.65],[-71.74,-33.1],[-71.45,-32.66],[-71.71,-30.63],[-71.32,-29.65],[-71.52,-28.93],[-71.19,-28.38],[-70.65,-26.33],[-70.39,-23.57],[-70.59,-23.26],[-70.33,-22.85],[-70.09,-21.49],[-70.36,-18.4],[-71.34,-17.68],[-71.53,-17.29],[-75.1,-15.41],[-75.93,-14.63],[-76.38,-13.86],[-76.22,-13.37],[-77.15,-12.06],[-77.22,-11.66],[-77.63,-11.29],[-78.76,-8.62],[-79.99,-6.77],[-81.14,-6.06],[-80.88,-5.64],[-81.34,-4.67],[-81.23,-4.23],[-80.03,-3.23],[-79.73,-2.58],[-79.84,-2.07],[-79.93,-2.55],[-80.01,-2.35],[-80.28,-2.71],[-80.96,-2.19],[-80.76,-1.93],[-80.9,-1.08],[-80.46,-0.59],[-80.28,-0.62],[-80.48,-0.37],[-80.05,0.16],[-80.09,0.78],[-78.9,1.21],[-79.03,1.62],[-78.79,1.85],[-78.58,1.77],[-78.59,2.36],[-77.81,2.72],[-77.08,3.91],[-77.26,3.89],[-77.28,4.06],[-77.36,3.94],[-77.52,4.21],[-77.29,4.72],[-77.53,5.54],[-77.25,5.78],[-77.47,6.18],[-77.37,6.58],[-78.42,8.06],[-78.14,8.39],[-77.76,8.13],[-78.1,8.5],[-78.4,8.51],[-78.41,8.36],[-78.96,8.93],[-79.44,9.01],[-79.75,8.6],[-80.46,8.21],[-80.01,7.5],[-80.85,7.22],[-81.06,7.9],[-81.27,7.63],[-81.73,8.14],[-82.68,8.32],[-82.88,8.07],[-83.29,8.66],[-83.47,8.71],[-83.29,8.41],[-83.6,8.48],[-83.74,9.15],[-84.58,9.57],[-84.71,9.9],[-85.24,10.24],[-84.89,9.82],[-85.08,9.6],[-85.62,9.9],[-85.85,10.29],[-85.66,10.64],[-85.91,10.9],[-85.75,11.09],[-87.67,12.9],[-87.59,13.04],[-87.34,12.95],[-87.49,13.35],[-87.81,13.4],[-88.02,13.17],[-88.69,13.28],[-88.51,13.18],[-90.48,13.9],[-91.38,13.99],[-94.37,16.28],[-94.0,16.02],[-94.9,16.42],[-95.02,16.28],[-94.8,16.21],[-96.51,15.65],[-97.75,15.97],[-98.76,16.53],[-100.85,17.2],[-101.92,17.96],[-103.44,18.33],[-103.91,18.83],[-104.94,19.31],[-105.48,19.98],[-105.67,20.39],[-105.26,20.58],[-105.51,20.81],[-105.24,21.12],[-105.21,21.49],[-105.65,21.99],[-105.79,22.63],[-106.94,23.88],[-107.76,24.47],[-107.53,24.36],[-107.51,24.49],[-107.95,24.61],[-108.28,25.08],[-108.05,25.07],[-108.79,25.54],[-109.03,25.48],[-108.89,25.73],[-109.3,25.63],[-109.43,26.03],[-109.12,26.25],[-109.28,26.53],[-109.75,26.7],[-109.94,27.08],[-110.48,27.32],[-110.53,27.86],[-111.12,27.97],[-111.68,28.47],[-112.74,29.99],[-113.11,30.79],[-113.05,31.18],[-113.62,31.35],[-113.76,31.56],[-114.15,31.51],[-114.93,31.9],[-114.63,30.16],[-112.87,28.42],[-112.73,27.83],[-112.33,27.52],[-111.86,26.68],[-111.7,26.58],[-111.8,26.88],[-111.57,26.71],[-111.29,25.79],[-110.69,24.87],[-110.66,24.34],[-110.37,24.1],[-110.26,24.34],[-109.42,23.48],[-109.5,23.16],[-110.01,22.89],[-110.36,23.6],[-112.07,24.84],[-112.07,25.57],[-112.38,26.21],[-113.02,26.58],[-113.16,26.95],[-113.6,26.72],[-114.99,27.74],[-114.3,27.87],[-114.07,27.68],[-114.27,27.93],[-114.05,28.43],[-114.94,29.35],[-115.67,29.76],[-116.06,30.8],[-116.66,31.56],[-116.62,31.85],[-117.06,32.34],[-117.47,33.3],[-118.08,33.72],[-118.41,33.74],[-118.51,34.02],[-120.64,34.58],[-120.66,35.12],[-121.88,36.33],[-121.81,36.85],[-122.39,37.21],[-122.5,37.54],[-122.45,37.8],[-122.07,37.48],[-122.31,38.01],[-121.53,38.06],[-122.39,38.14],[-122.52,37.83],[-123.0,37.99],[-122.91,38.2],[-123.7,38.91],[-123.83,39.78],[-124.36,40.37],[-124.07,41.46],[-124.54,42.81],[-124.15,43.69],[-123.99,46.22],[-123.22,46.15],[-124.07,46.28],[-123.89,46.66],[-124.11,46.86],[-123.84,46.96],[-124.14,46.95],[-124.71,48.38],[-122.78,48.14],[-122.66,47.88],[-123.14,47.36],[-122.53,47.92],[-122.68,47.61],[-122.58,47.29],[-122.83,47.34],[-123.03,47.14],[-122.63,47.14],[-122.35,47.37],[-122.24,48.01],[-122.66,48.45],[-122.5,48.51],[-122.55,48.76],[-123.2,49.15],[-122.88,49.4],[-123.28,49.34],[-123.19,49.68],[-123.53,49.4],[-123.95,49.53],[-123.99,49.74],[-123.82,49.59],[-123.58,49.68],[-123.87,49.74],[-123.88,50.17],[-124.14,49.79],[-124.7,49.96],[-125.06,50.42],[-124.86,50.87],[-125.06,50.51],[-125.48,50.5],[-125.54,50.65],[-125.64,50.47],[-126.09,50.5],[-126.45,50.59],[-125.9,50.7],[-126.51,50.68],[-126.37,50.84],[-126.52,51.06],[-127.06,50.87],[-127.71,51.15],[-127.42,51.61],[-126.69,51.7],[-127.34,51.71],[-127.67,51.48],[-127.85,51.67],[-127.8,52.19],[-127.44,52.36],[-126.71,52.06],[-127.19,52.46],[-127.01,52.84],[-127.07,52.65],[-127.83,52.25],[-128.1,51.79],[-128.36,52.16],[-127.94,52.55],[-128.27,52.36],[-128.05,52.91],[-128.37,52.83],[-128.52,53.14],[-129.17,53.53],[-128.85,53.7],[-128.91,53.56],[-127.93,53.27],[-128.68,53.55],[-128.76,53.75],[-128.53,53.86],[-128.96,53.84],[-129.56,53.25],[-130.34,53.72],[-130.04,54.13],[-129.63,54.23],[-130.08,54.18],[-130.43,54.42],[-129.56,55.46],[-129.8,55.56],[-130.05,55.06],[-130.03,55.89],[-130.04,55.3],[-130.54,54.75],[-130.85,54.81],[-131.05,55.16],[-130.75,55.32],[-131.13,55.96],[-131.03,56.09],[-131.78,55.88],[-131.95,55.55],[-132.12,55.57],[-132.21,55.75],[-131.84,56.16],[-131.55,56.21],[-132.18,56.42],[-132.82,57.06],[-133.47,57.17],[-133.65,57.64],[-133.12,57.57],[-133.54,57.83],[-133.19,57.88],[-133.72,57.84],[-134.03,58.07],[-133.88,58.52],[-134.21,58.23],[-134.66,58.38],[-135.13,58.84],[-135.36,59.42],[-135.5,59.2],[-135.09,58.25],[-135.9,58.4],[-136.04,58.82],[-135.83,58.9],[-136.15,59.05],[-136.23,58.77],[-137.0,59.02],[-137.06,58.87],[-136.06,58.45],[-136.61,58.24],[-138.51,59.17],[-139.77,59.53],[-139.51,59.7],[-139.51,59.95],[-139.29,59.61],[-139.22,59.82],[-138.99,59.84],[-139.43,60.01],[-140.42,59.71],[-141.41,59.9],[-141.41,60.12],[-141.67,59.97],[-144.15,60.02],[-144.9,60.34],[-144.69,60.67],[-145.25,60.38],[-145.9,60.48],[-145.67,60.65],[-146.57,60.73],[-146.39,60.81],[-146.64,60.9],[-146.6,61.05],[-146.28,61.11],[-147.89,60.89],[-148.01,60.97],[-147.75,61.22],[-148.56,60.83],[-148.26,60.68],[-148.64,60.49],[-147.96,60.48],[-148.43,59.99],[-149.4,60.11],[-149.6,59.77],[-149.71,59.92],[-150.93,59.25],[-151.74,59.19],[-151.95,59.27],[-151.88,59.39],[-151.05,59.77],[-151.45,59.65],[-151.85,59.78],[-151.4,60.27],[-151.36,60.72],[-150.44,61.02],[-149.08,60.88],[-150.05,61.17],[-149.33,61.5],[-149.63,61.49],[-151.59,60.98],[-152.54,60.27],[-153.03,60.3],[-152.66,60.0],[-153.21,59.84],[-153.09,59.71],[-153.65,59.65],[-154.18,59.16],[-153.42,58.96],[-153.44,58.75],[-154.29,58.3],[-154.25,58.16],[-155.01,58.02],[-156.44,57.36],[-156.63,57.01],[-158.41,56.44],[-158.55,56.31],[-158.28,56.2],[-158.48,56.08],[-158.59,56.18],[-159.66,55.63],[-159.77,55.84],[-161.18,55.39],[-161.46,55.38],[-161.2,55.54],[-161.52,55.62],[-162.07,55.14],[-162.39,55.05],[-162.63,55.25],[-162.67,55.0],[-163.12,55.06],[-163.34,54.84],[-163.28,55.12],[-161.7,55.91],[-161.22,56.02],[-160.9,55.99],[-161.01,55.89],[-160.8,55.75],[-160.29,55.81],[-160.54,56.01],[-160.3,56.31],[-158.92,56.88],[-158.68,56.79],[-158.66,57.04],[-158.32,57.3],[-157.46,57.51],[-157.7,57.68],[-157.61,58.05],[-157.19,58.19],[-157.52,58.42],[-156.97,58.74],[-156.81,59.13],[-157.14,58.88],[-158.19,58.61],[-158.5,58.85],[-158.43,59.0],[-158.08,58.98],[-158.81,58.97],[-158.79,58.44],[-158.95,58.4],[-159.67,58.91],[-159.92,58.82],[-160.36,59.05],[-161.36,58.67],[-162.14,58.64],[-161.72,58.79],[-161.64,59.11],[-161.98,59.15],[-161.83,59.59],[-162.42,60.28],[-161.95,60.68],[-162.68,60.27],[-162.57,59.99],[-163.91,59.81],[-165.35,60.54],[-164.81,60.89],[-164.32,60.77],[-164.37,60.59],[-164.0,60.77],[-163.73,60.59],[-163.42,60.76],[-163.91,60.85],[-163.59,60.9],[-165.11,60.93],[-164.87,61.11],[-165.27,61.27],[-165.57,61.1],[-165.86,61.34],[-165.85,61.54],[-166.17,61.65],[-165.81,61.7],[-166.08,61.8],[-165.61,61.87],[-165.71,62.1],[-165.19,62.47],[-164.76,62.5],[-164.84,62.58],[-164.59,62.71],[-164.79,62.62],[-164.8,62.92],[-164.38,63.03],[-164.53,63.13],[-164.41,63.22],[-163.29,63.05],[-162.28,63.53],[-161.51,63.47],[-160.93,63.66],[-160.78,63.82],[-160.99,64.25],[-161.49,64.43],[-160.93,64.58],[-160.89,64.8],[-161.13,64.93],[-161.76,64.82],[-162.71,64.38],[-163.2,64.65],[-163.14,64.42],[-163.71,64.59],[-164.98,64.45],[-166.14,64.58],[-166.93,65.16],[-166.16,65.29],[-168.09,65.66],[-166.4,66.14],[-165.63,66.13],[-165.78,66.32],[-164.46,66.59],[-163.64,66.57],[-163.89,66.58],[-163.78,66.53],[-164.03,66.22],[-163.7,66.08],[-161.03,66.19],[-161.92,66.41],[-162.54,66.81],[-162.36,66.95],[-161.59,66.46],[-160.23,66.42],[-160.36,66.61],[-161.4,66.55],[-161.86,66.7],[-161.72,67.02],[-163.53,67.1],[-164.13,67.61],[-166.79,68.36],[-166.38,68.43],[-166.21,68.89],[-164.3,68.94],[-163.54,69.17],[-162.95,69.76],[-161.88,70.33],[-161.76,70.26],[-162.07,70.16],[-161.0,70.3],[-160.12,70.59],[-159.96,70.57],[-160.1,70.33],[-159.87,70.28],[-159.81,70.5],[-159.39,70.52],[-160.08,70.63],[-159.68,70.79],[-157.91,70.86],[-156.47,71.41],[-155.58,71.12],[-156.15,70.93],[-155.97,70.84],[-155.17,71.1],[-154.2,70.8],[-152.3,70.85],[-152.47,70.65],[-151.77,70.56],[-151.94,70.45],[-149.27,70.5],[-144.62,69.98],[-143.22,70.12],[-141.41,69.65],[-139.18,69.52],[-137.87,69.09],[-135.26,68.68],[-135.89,68.93],[-135.58,69.03],[-135.91,69.11],[-135.14,69.47],[-134.46,69.48],[-134.41,69.68],[-133.88,69.51],[-134.17,69.25],[-130.67,70.13],[-129.62,70.17],[-129.65,70.0],[-132.69,69.26],[-133.42,68.84],[-133.14,68.75],[-133.34,68.84],[-132.58,68.85],[-132.72,69.08],[-131.79,69.43],[-131.06,69.45],[-130.97,69.21],[-130.12,69.72],[-128.9,69.97],[-129.16,69.8],[-128.85,69.75],[-127.68,70.26],[-128.17,70.42],[-127.99,70.57],[-127.23,70.3],[-126.25,69.55],[-125.52,69.35],[-125.17,69.43],[-125.36,69.63],[-124.77,69.99],[-124.99,70.03],[-124.56,70.15],[-124.41,69.77],[-124.12,69.69],[-124.48,69.43],[-124.34,69.36],[-123.53,69.39],[-123.03,69.81],[-122.07,69.82],[-117.23,68.91],[-114.99,68.85],[-113.96,68.4],[-115.13,68.13],[-115.43,67.9],[-115.13,67.82],[-112.5,67.68],[-110.07,67.99],[-109.63,67.73],[-109.04,67.69],[-108.85,67.42],[-108.61,67.6],[-107.99,67.26],[-107.99,67.1],[-108.5,67.09],[-107.26,66.4],[-107.75,66.96],[-107.16,66.88],[-107.96,67.82],[-107.8,68.04],[-106.42,68.2],[-105.75,68.59],[-108.26,68.15],[-108.72,68.3],[-108.31,68.61],[-106.16,68.92],[-105.69,68.83],[-105.38,68.41],[-104.49,68.06],[-103.47,68.12],[-102.32,67.74],[-98.92,67.73],[-98.41,67.81],[-98.7,67.97],[-98.63,68.07],[-97.45,67.62],[-97.16,67.73],[-97.21,67.86],[-98.19,67.92],[-98.65,68.36],[-97.79,68.39],[-97.83,68.53],[-96.98,68.26],[-96.43,68.31],[-96.72,68.04],[-95.97,68.25],[-96.37,67.51],[-96.14,67.27],[-95.72,67.32],[-95.78,67.18],[-95.42,67.16],[-95.42,67.01],[-96.42,67.05],[-95.79,66.62],[-96.04,66.94],[-95.4,66.95],[-95.26,67.26],[-95.65,67.74],[-95.46,68.02],[-94.74,68.07],[-93.45,68.62],[-93.64,68.63],[-93.85,69.0],[-94.06,68.78],[-94.6,68.8],[-94.08,69.12],[-94.25,69.31],[-93.62,69.42],[-93.75,69.23],[-93.43,69.38],[-96.05,69.83],[-96.55,70.33],[-95.88,70.55],[-95.89,70.69],[-96.36,70.68],[-96.55,70.81],[-96.52,71.13],[-96.06,71.41],[-95.56,71.34],[-95.41,71.49],[-95.87,71.57],[-95.2,71.9],[-94.56,71.98],[-94.31,71.76]]],[[[-80.73,52.75],[-82.04,53.05],[-81.14,53.21],[-80.73,52.75]]],[[[-73.62,67.78],[-74.48,67.8],[-74.75,68.02],[-73.49,68.0],[-73.41,67.79],[-73.62,67.78]]],[[[-77.88,63.47],[-77.53,63.23],[-77.94,63.11],[-78.54,63.42],[-77.88,63.47]]],[[[-82.0,62.95],[-82.11,62.65],[-83.02,62.21],[-83.7,62.16],[-83.91,62.43],[-83.38,62.9],[-82.0,62.95]]],[[[-79.55,62.41],[-79.27,62.19],[-79.67,61.64],[-80.27,61.82],[-80.02,62.34],[-79.55,62.41]]],[[[-104.56,77.14],[-105.22,77.18],[-106.07,77.73],[-105.29,77.64],[-104.54,77.34],[-104.56,77.14]]],[[[-95.48,77.79],[-93.13,77.66],[-93.54,77.47],[-95.99,77.48],[-96.26,77.59],[-96.19,77.7],[-95.48,77.79]]],[[[-98.79,79.98],[-98.95,79.72],[-100.13,80.0],[-99.73,80.14],[-98.79,79.98]]],[[[-89.83,77.27],[-90.99,77.33],[-91.18,77.56],[-90.17,77.59],[-89.72,77.44],[-89.83,77.27]]],[[[-93.54,75.03],[-93.57,74.67],[-94.53,74.64],[-96.6,75.03],[-95.95,75.44],[-94.88,75.63],[-93.91,75.42],[-93.54,75.03]]],[[[-109.82,78.65],[-109.36,78.49],[-109.48,78.32],[-113.29,78.33],[-110.88,78.74],[-109.82,78.65]]],[[[-118.33,75.58],[-119.39,75.62],[-117.63,76.12],[-117.5,76.08],[-117.63,75.97],[-118.33,75.58]]],[[[-105.29,72.92],[-106.95,73.51],[-106.61,73.7],[-105.51,73.77],[-104.65,73.61],[-104.62,73.31],[-105.29,72.92]]],[[[-100.0,73.95],[-99.16,73.73],[-97.11,73.79],[-97.0,73.67],[-97.63,73.5],[-97.27,73.39],[-98.43,72.96],[-97.64,73.03],[-97.08,72.76],[-97.13,72.63],[-96.54,72.7],[-96.47,72.43],[-96.8,72.32],[-96.59,72.2],[-96.77,72.05],[-96.61,71.83],[-97.58,71.63],[-98.18,71.66],[-98.32,71.85],[-98.46,71.77],[-98.2,71.44],[-99.17,71.37],[-100.59,72.15],[-101.72,72.31],[-102.66,72.72],[-102.55,72.98],[-102.2,73.08],[-101.27,72.72],[-100.13,72.91],[-100.54,73.2],[-99.83,73.21],[-101.52,73.49],[-100.98,73.6],[-100.52,73.45],[-100.96,73.79],[-99.99,73.8],[-100.23,73.89],[-100.0,73.95]]],[[[-84.92,65.26],[-84.5,65.46],[-82.05,64.64],[-81.68,64.21],[-81.89,64.02],[-80.83,64.09],[-80.26,63.8],[-81.05,63.46],[-82.38,63.71],[-82.47,63.93],[-83.3,64.14],[-84.63,63.31],[-85.39,63.12],[-85.77,63.7],[-87.15,63.59],[-86.93,63.9],[-86.25,64.14],[-86.37,64.57],[-85.81,65.83],[-85.24,65.8],[-85.11,65.62],[-85.24,65.51],[-84.92,65.26]]],[[[-75.68,68.32],[-75.08,68.17],[-75.2,67.46],[-76.69,67.24],[-77.22,67.51],[-77.23,67.85],[-76.74,68.23],[-75.68,68.32]]],[[[-79.54,73.65],[-77.21,73.5],[-76.09,72.88],[-79.82,72.83],[-80.18,73.22],[-80.78,73.33],[-80.85,73.72],[-79.54,73.65]]],[[[-97.7,76.47],[-97.53,76.11],[-97.6,75.85],[-97.89,75.76],[-97.41,75.67],[-97.34,75.42],[-97.88,75.42],[-97.66,75.15],[-98.07,75.2],[-97.99,75.05],[-100.29,75.03],[-100.48,75.19],[-100.15,75.25],[-100.71,75.41],[-99.19,75.7],[-102.8,75.6],[-102.14,75.88],[-100.97,75.8],[-101.82,76.04],[-101.56,76.24],[-102.14,76.28],[-101.79,76.45],[-99.87,75.92],[-99.69,75.96],[-100.11,76.12],[-99.54,76.15],[-100.41,76.24],[-99.98,76.31],[-100.83,76.52],[-99.81,76.63],[-98.89,76.47],[-99.02,76.61],[-98.71,76.69],[-97.7,76.47]]],[[[-103.43,79.32],[-102.91,79.23],[-102.58,78.88],[-101.7,79.08],[-101.04,78.94],[-101.13,78.8],[-100.01,78.73],[-99.58,78.56],[-99.85,78.44],[-99.75,78.3],[-99.0,78.0],[-99.96,77.79],[-101.07,78.19],[-104.76,78.35],[-104.91,78.55],[-103.57,78.54],[-104.02,78.63],[-103.37,78.74],[-104.19,78.78],[-103.88,78.9],[-104.15,78.99],[-104.9,78.81],[-104.75,79.03],[-105.57,79.06],[-105.44,79.3],[-103.43,79.32]]],[[[-91.89,81.13],[-90.64,80.59],[-89.24,80.51],[-89.2,80.26],[-88.86,80.17],[-88.2,80.11],[-88.61,80.26],[-88.52,80.42],[-87.67,80.37],[-87.63,80.19],[-87.92,80.1],[-86.98,79.89],[-87.3,79.58],[-86.34,79.63],[-86.01,79.48],[-85.65,79.61],[-85.04,79.28],[-86.96,78.97],[-87.62,78.68],[-87.92,78.75],[-87.82,79.04],[-88.04,79.0],[-88.25,78.67],[-87.98,78.54],[-88.74,78.58],[-88.61,78.39],[-88.82,78.19],[-90.04,78.61],[-89.53,78.16],[-92.68,78.39],[-91.87,78.54],[-93.27,78.61],[-93.63,78.75],[-93.16,78.78],[-94.16,78.99],[-91.3,79.37],[-95.1,79.29],[-95.73,79.42],[-95.66,79.53],[-94.4,79.74],[-95.86,79.67],[-96.77,80.14],[-94.65,80.05],[-94.26,80.19],[-95.41,80.14],[-96.39,80.32],[-95.55,80.37],[-96.15,80.55],[-95.93,80.72],[-93.93,80.56],[-95.51,80.84],[-94.98,81.05],[-93.29,81.1],[-94.18,81.34],[-91.89,81.13]]],[[[-94.29,76.91],[-93.23,76.77],[-93.53,76.45],[-91.31,76.68],[-90.54,76.5],[-91.42,76.46],[-89.28,76.3],[-91.41,76.22],[-89.28,75.8],[-89.65,75.57],[-88.92,75.45],[-88.64,75.66],[-85.95,75.4],[-85.97,75.53],[-83.93,75.82],[-82.15,75.83],[-79.66,75.45],[-79.51,75.26],[-80.38,75.03],[-79.4,74.92],[-80.35,74.9],[-80.15,74.8],[-80.28,74.58],[-81.94,74.47],[-82.93,74.57],[-83.1,74.82],[-83.52,74.9],[-83.34,74.76],[-83.53,74.59],[-84.43,74.51],[-88.42,74.49],[-88.56,74.57],[-88.34,74.78],[-88.53,74.83],[-89.56,74.55],[-90.55,74.61],[-90.97,74.72],[-90.88,74.82],[-91.55,74.66],[-91.96,74.79],[-92.08,75.12],[-92.41,75.3],[-92.07,75.66],[-92.19,75.85],[-93.09,76.35],[-95.27,76.26],[-96.04,76.49],[-95.65,76.58],[-96.88,76.74],[-96.4,76.8],[-96.76,76.97],[-95.85,77.07],[-94.29,76.91]]],[[[-96.2,78.53],[-94.92,78.39],[-95.33,78.23],[-94.93,78.08],[-96.99,77.81],[-97.66,78.09],[-96.94,78.15],[-98.05,78.33],[-98.32,78.48],[-98.06,78.56],[-98.34,78.75],[-97.38,78.78],[-96.2,78.53]]],[[[-110.46,78.1],[-109.62,78.06],[-110.87,77.83],[-110.12,77.72],[-110.2,77.52],[-110.68,77.45],[-112.37,77.36],[-113.16,77.53],[-113.28,77.81],[-110.46,78.1]]],[[[-115.55,77.36],[-116.33,77.14],[-115.81,76.94],[-116.25,76.9],[-115.95,76.71],[-117.0,76.53],[-117.23,76.28],[-117.99,76.41],[-117.88,76.81],[-118.79,76.51],[-118.62,76.37],[-118.99,76.14],[-119.58,76.33],[-119.74,76.12],[-119.53,76.0],[-119.91,75.86],[-120.41,75.83],[-120.85,76.18],[-121.21,75.98],[-122.4,75.94],[-122.64,76.01],[-122.59,76.16],[-122.9,76.13],[-119.09,77.31],[-116.84,77.34],[-117.04,77.47],[-116.51,77.55],[-115.55,77.36]]],[[[-108.29,76.06],[-107.72,76.0],[-108.02,75.8],[-107.22,75.89],[-106.91,75.68],[-106.68,76.02],[-105.63,75.95],[-105.48,75.7],[-105.97,75.13],[-107.06,74.93],[-108.83,75.06],[-112.52,74.42],[-113.67,74.45],[-114.31,74.72],[-111.67,75.02],[-111.09,75.26],[-113.71,75.07],[-113.85,75.26],[-113.47,75.42],[-114.02,75.43],[-114.17,75.24],[-114.51,75.28],[-114.45,75.09],[-115.73,74.97],[-117.6,75.27],[-117.26,75.46],[-115.14,75.68],[-117.16,75.64],[-114.99,75.9],[-116.66,75.96],[-116.21,76.19],[-114.78,76.17],[-115.82,76.27],[-115.0,76.5],[-114.19,76.45],[-113.82,76.21],[-112.7,76.2],[-111.05,75.55],[-109.09,75.51],[-108.94,75.7],[-109.87,75.93],[-109.43,76.11],[-110.31,76.4],[-108.83,76.82],[-108.47,76.74],[-108.63,76.59],[-108.12,76.23],[-108.29,76.06]]],[[[-93.17,74.16],[-90.38,73.82],[-92.12,72.75],[-94.21,72.76],[-93.53,72.5],[-94.04,72.03],[-95.19,72.03],[-95.25,72.5],[-95.6,72.88],[-95.63,73.7],[-94.7,73.66],[-95.13,73.88],[-94.97,74.04],[-93.17,74.16]]],[[[-97.44,69.64],[-96.3,69.34],[-95.75,68.9],[-95.27,68.83],[-96.6,68.46],[-99.44,68.92],[-99.46,69.13],[-98.46,69.33],[-98.55,69.57],[-98.04,69.46],[-98.29,69.63],[-98.2,69.8],[-97.79,69.86],[-97.44,69.64]]],[[[-114.52,72.59],[-113.58,72.65],[-113.29,72.95],[-112.75,72.99],[-111.27,72.71],[-111.9,72.36],[-111.68,72.3],[-110.21,72.66],[-110.66,73.01],[-110.01,72.98],[-108.75,72.55],[-108.19,71.72],[-107.81,71.63],[-107.31,71.89],[-107.7,72.15],[-108.24,73.15],[-107.94,73.22],[-108.03,73.35],[-106.48,73.2],[-105.42,72.79],[-104.39,71.58],[-104.51,71.06],[-103.58,70.63],[-103.08,70.51],[-103.05,70.66],[-101.56,70.14],[-101.09,70.14],[-100.91,69.81],[-101.04,69.67],[-102.23,69.84],[-102.62,69.55],[-103.43,69.67],[-103.05,69.47],[-103.12,69.2],[-102.15,69.49],[-101.79,69.18],[-101.86,69.02],[-102.9,68.82],[-105.11,68.92],[-105.02,69.08],[-106.14,69.16],[-106.66,69.44],[-107.44,69.0],[-109.47,68.68],[-113.13,68.49],[-113.62,68.84],[-113.69,69.2],[-116.51,69.42],[-117.1,69.8],[-117.2,70.05],[-114.59,70.31],[-111.63,70.31],[-113.76,70.69],[-117.59,70.63],[-118.26,70.89],[-118.27,71.03],[-115.3,71.49],[-117.94,71.39],[-118.23,71.47],[-117.74,71.66],[-118.99,71.76],[-118.94,71.99],[-118.21,72.26],[-118.48,72.43],[-118.37,72.53],[-116.57,73.05],[-114.3,73.33],[-114.05,72.96],[-114.52,72.59]]],[[[-119.74,74.11],[-119.21,74.2],[-119.12,74.02],[-118.54,74.24],[-117.51,74.23],[-115.39,73.5],[-119.08,72.64],[-119.51,72.3],[-120.18,72.21],[-120.62,71.51],[-121.75,71.44],[-123.1,71.09],[-124.01,71.68],[-125.85,71.98],[-124.99,72.59],[-124.97,72.84],[-124.56,72.94],[-124.8,73.13],[-123.8,73.77],[-124.7,74.35],[-121.5,74.55],[-119.56,74.23],[-119.74,74.11]]],[[[-94.53,75.75],[-94.75,75.77],[-94.9,75.93],[-94.5,75.99],[-94.3,75.79],[-94.53,75.75]]],[[[-79.38,51.95],[-79.64,52.01],[-79.27,52.09],[-79.38,51.95]]],[[[-78.83,56.15],[-78.91,56.13],[-78.8,56.38],[-78.67,56.44],[-78.67,56.26],[-78.83,56.15]]],[[[-78.94,56.27],[-79.18,55.89],[-79.18,56.21],[-79.5,55.87],[-79.76,55.81],[-79.54,56.13],[-80.01,55.91],[-79.46,56.54],[-79.54,56.18],[-79.27,56.6],[-78.94,56.27]]],[[[-79.87,56.77],[-79.94,56.78],[-79.95,56.83],[-79.9,56.87],[-79.83,56.84],[-79.87,56.77]]],[[[-79.72,57.52],[-79.78,57.51],[-79.81,57.44],[-79.84,57.48],[-79.81,57.56],[-79.74,57.61],[-79.72,57.52]]],[[[-79.98,56.21],[-80.09,56.21],[-80.06,56.29],[-79.58,56.47],[-79.69,56.33],[-79.98,56.21]]],[[[-79.94,53.3],[-79.94,53.27],[-80.0,53.28],[-80.07,53.34],[-80.05,53.36],[-79.97,53.35],[-79.94,53.3]]],[[[-80.06,59.77],[-80.17,59.76],[-80.08,59.85],[-79.9,59.85],[-80.06,59.77]]],[[[-79.52,56.66],[-79.58,56.64],[-79.55,56.73],[-79.58,56.76],[-79.57,56.8],[-79.49,56.74],[-79.48,56.69],[-79.52,56.66]]],[[[-96.78,72.94],[-97.09,73.0],[-97.07,73.13],[-96.86,73.19],[-96.6,73.07],[-96.78,72.94]]],[[[-97.36,74.53],[-97.66,74.47],[-97.75,74.51],[-97.42,74.63],[-97.29,74.58],[-97.36,74.53]]],[[[-98.27,73.87],[-99.42,73.9],[-97.8,74.11],[-97.66,74.07],[-97.75,74.01],[-98.27,73.87]]],[[[-90.2,69.42],[-90.18,69.36],[-90.3,69.26],[-90.49,69.37],[-90.2,69.42]]],[[[-90.49,69.22],[-90.57,69.21],[-90.77,69.29],[-90.77,69.34],[-90.6,69.37],[-90.49,69.22]]],[[[-74.0,62.62],[-74.63,62.71],[-74.11,62.68],[-74.0,62.62]]],[[[-74.88,68.35],[-75.4,68.59],[-75.29,68.69],[-74.98,68.65],[-74.8,68.46],[-74.88,68.35]]],[[[-78.53,60.73],[-78.67,60.72],[-78.61,60.77],[-78.24,60.82],[-78.53,60.73]]],[[[-78.98,68.19],[-79.17,68.23],[-79.15,68.34],[-78.87,68.31],[-78.83,68.27],[-78.98,68.19]]],[[[-76.68,63.39],[-77.36,63.59],[-77.13,63.68],[-76.65,63.5],[-76.68,63.39]]],[[[-64.82,62.56],[-64.42,62.49],[-64.55,62.39],[-64.84,62.41],[-64.96,62.46],[-64.82,62.56]]],[[[-62.68,67.06],[-62.87,67.06],[-62.63,67.18],[-62.4,67.18],[-62.68,67.06]]],[[[-68.23,60.24],[-68.37,60.31],[-68.14,60.56],[-67.82,60.45],[-68.23,60.24]]],[[[-70.34,62.55],[-70.77,62.6],[-71.22,62.87],[-70.44,62.73],[-70.27,62.58],[-70.34,62.55]]],[[[-64.83,61.37],[-65.43,61.65],[-64.79,61.66],[-64.67,61.59],[-64.83,61.37]]],[[[-67.91,69.54],[-68.22,69.62],[-67.83,69.67],[-67.75,69.63],[-67.91,69.54]]],[[[-79.43,69.79],[-79.36,69.71],[-79.55,69.63],[-80.05,69.63],[-79.98,69.51],[-80.79,69.69],[-79.43,69.79]]],[[[-78.03,69.71],[-77.97,69.64],[-78.04,69.61],[-78.85,69.48],[-78.58,69.64],[-78.03,69.71]]],[[[-77.64,63.99],[-77.71,63.95],[-77.97,63.99],[-77.62,64.04],[-77.56,64.02],[-77.64,63.99]]],[[[-83.12,66.28],[-82.93,66.26],[-83.06,66.2],[-83.21,66.28],[-83.22,66.34],[-83.12,66.28]]],[[[-79.21,68.85],[-79.39,68.94],[-78.65,69.35],[-78.23,69.3],[-79.21,68.85]]],[[[-77.0,69.14],[-77.32,69.19],[-77.34,69.4],[-76.68,69.38],[-77.0,69.14]]],[[[-65.03,61.88],[-64.85,61.76],[-65.17,61.8],[-65.21,61.93],[-65.03,61.88]]],[[[-86.91,70.11],[-86.56,70.08],[-86.52,70.02],[-86.73,69.98],[-87.32,70.08],[-86.91,70.11]]],[[[-83.73,65.8],[-83.23,65.72],[-83.33,65.63],[-84.12,65.77],[-84.14,65.92],[-84.47,66.09],[-83.79,65.97],[-83.73,65.8]]],[[[-86.6,67.74],[-86.89,67.84],[-86.96,68.1],[-86.7,68.31],[-86.42,68.18],[-86.4,67.89],[-86.6,67.74]]],[[[-84.67,65.58],[-85.1,65.76],[-85.15,66.02],[-84.76,65.86],[-84.6,65.66],[-84.67,65.58]]],[[[-93.04,61.84],[-93.2,61.92],[-93.08,61.94],[-92.99,61.89],[-93.04,61.84]]],[[[-102.23,76.01],[-102.01,75.94],[-102.58,75.78],[-103.31,75.76],[-103.04,75.92],[-103.77,75.89],[-103.99,75.93],[-103.8,76.04],[-104.41,76.11],[-102.73,76.31],[-102.23,76.01]]],[[[-101.23,76.58],[-101.61,76.6],[-100.96,76.73],[-100.27,76.73],[-101.23,76.58]]],[[[-104.02,76.58],[-103.03,76.43],[-104.36,76.33],[-104.59,76.61],[-104.02,76.58]]],[[[-103.0,78.15],[-103.27,78.17],[-102.89,78.27],[-102.79,78.22],[-103.0,78.15]]],[[[-101.69,77.7],[-102.38,77.73],[-102.47,77.87],[-101.19,77.83],[-101.0,77.74],[-101.69,77.7]]],[[[-89.73,76.51],[-90.16,76.52],[-90.56,76.75],[-89.95,76.84],[-89.7,76.74],[-89.82,76.63],[-89.73,76.51]]],[[[-96.08,75.51],[-96.86,75.37],[-97.02,75.47],[-96.37,75.65],[-95.96,75.55],[-96.08,75.51]]],[[[-95.31,74.51],[-95.85,74.58],[-95.51,74.64],[-95.31,74.51]]],[[[-113.83,77.75],[-114.61,77.77],[-115.03,77.97],[-114.33,78.08],[-113.62,77.83],[-113.83,77.75]]],[[[-121.08,75.75],[-121.22,75.78],[-121.03,75.85],[-121.04,75.9],[-120.99,75.93],[-120.89,75.93],[-120.92,75.81],[-121.08,75.75]]],[[[-113.56,76.74],[-114.84,76.79],[-113.89,76.89],[-113.52,76.83],[-113.56,76.74]]],[[[-104.12,75.04],[-104.89,75.15],[-104.07,75.42],[-103.64,75.16],[-104.12,75.04]]],[[[-55.46,51.54],[-56.03,51.33],[-55.8,51.03],[-56.73,50.01],[-56.82,49.61],[-56.18,50.11],[-56.16,49.94],[-55.5,49.98],[-56.14,49.62],[-55.87,49.67],[-56.09,49.45],[-55.34,49.37],[-55.23,49.51],[-55.35,49.08],[-54.5,49.53],[-54.45,49.33],[-53.62,49.32],[-53.57,49.14],[-54.16,48.79],[-53.71,48.66],[-54.11,48.39],[-53.03,48.63],[-53.14,48.4],[-53.87,48.02],[-53.64,48.01],[-53.86,47.79],[-53.67,47.65],[-52.87,48.11],[-53.17,47.51],[-52.78,47.77],[-52.65,47.55],[-53.07,46.68],[-53.59,46.64],[-53.6,47.15],[-54.17,46.88],[-53.85,47.44],[-54.19,47.86],[-54.49,47.4],[-54.47,47.55],[-54.86,47.39],[-55.32,46.91],[-55.79,46.87],[-55.92,47.02],[-54.78,47.66],[-55.37,47.66],[-55.58,47.47],[-56.13,47.5],[-55.87,47.59],[-55.86,47.82],[-56.77,47.56],[-58.34,47.73],[-59.26,47.63],[-59.34,47.93],[-58.33,48.52],[-59.17,48.56],[-58.84,48.75],[-58.72,48.6],[-58.4,49.08],[-57.99,48.99],[-57.98,49.23],[-58.21,49.39],[-57.79,49.49],[-57.93,49.7],[-57.04,51.01],[-56.03,51.57],[-55.46,51.54]]],[[[-55.54,50.72],[-55.63,50.72],[-55.6,50.78],[-55.47,50.8],[-55.54,50.72]]],[[[-54.55,49.59],[-54.79,49.5],[-54.86,49.58],[-54.81,49.6],[-54.73,49.56],[-54.56,49.63],[-54.55,49.59]]],[[[-55.36,51.89],[-55.42,51.9],[-55.4,51.94],[-55.27,52.0],[-55.29,51.93],[-55.36,51.89]]],[[[-54.09,49.74],[-53.98,49.66],[-54.29,49.6],[-54.28,49.71],[-54.2,49.69],[-54.09,49.74]]],[[[-56.27,46.84],[-56.35,46.8],[-56.38,46.82],[-56.33,46.92],[-56.36,47.1],[-56.29,47.07],[-56.31,46.95],[-56.27,46.84]]],[[[-54.23,47.44],[-54.28,47.41],[-54.33,47.41],[-54.32,47.44],[-54.13,47.65],[-54.23,47.44]]],[[[-100.22,68.81],[-100.4,68.72],[-100.6,68.77],[-100.61,68.99],[-100.33,69.0],[-100.18,68.9],[-100.22,68.81]]],[[[-99.99,69.01],[-100.02,68.95],[-100.14,68.97],[-100.25,69.05],[-100.15,69.13],[-100.04,69.09],[-99.99,69.01]]],[[[-100.31,70.5],[-100.62,70.55],[-100.68,70.65],[-100.28,70.59],[-100.31,70.5]]],[[[-95.51,69.57],[-95.38,69.51],[-95.5,69.35],[-95.73,69.35],[-95.67,69.44],[-95.76,69.56],[-95.89,69.35],[-95.99,69.39],[-95.88,69.61],[-95.51,69.57]]],[[[-101.17,69.4],[-101.27,69.39],[-101.29,69.44],[-101.21,69.48],[-101.35,69.56],[-101.03,69.5],[-101.0,69.46],[-101.17,69.4]]],[[[-101.85,68.59],[-102.31,68.68],[-102.01,68.83],[-101.83,68.8],[-101.72,68.72],[-101.85,68.59]]],[[[-104.54,68.41],[-105.05,68.56],[-104.6,68.56],[-104.44,68.47],[-104.54,68.41]]],[[[-107.9,67.4],[-107.95,67.32],[-108.15,67.43],[-108.13,67.63],[-107.99,67.62],[-107.9,67.4]]],[[[-109.17,67.98],[-108.97,67.98],[-108.89,67.9],[-109.1,67.92],[-109.17,67.98]]],[[[-108.09,67.01],[-107.81,67.0],[-107.83,66.92],[-107.94,66.86],[-108.09,67.01]]],[[[-109.32,67.99],[-109.5,68.05],[-109.47,68.1],[-109.34,68.05],[-109.32,67.99]]],[[[-60.99,56.04],[-61.2,56.06],[-61.09,56.14],[-60.97,56.1],[-60.99,56.04]]],[[[-61.74,57.55],[-61.66,57.52],[-61.64,57.42],[-61.8,57.42],[-62.01,57.55],[-61.74,57.55]]],[[[-69.16,59.04],[-69.22,58.97],[-69.35,58.96],[-69.3,59.14],[-69.2,59.15],[-69.16,59.04]]],[[[22.18,60.37],[22.42,60.3],[22.31,60.27],[22.36,60.17],[22.26,60.17],[22.08,60.29],[22.18,60.37]]],[[[21.45,60.53],[21.44,60.48],[21.3,60.48],[21.21,60.6],[21.27,60.64],[21.45,60.53]]],[[[21.83,60.14],[21.7,60.11],[21.7,60.17],[21.76,60.2],[21.86,60.2],[21.83,60.14]]],[[[-64.41,60.37],[-64.44,60.3],[-64.74,60.38],[-64.84,60.5],[-64.65,60.51],[-64.41,60.37]]],[[[126.17,34.73],[126.12,34.71],[126.01,34.87],[126.08,34.91],[126.17,34.83],[126.17,34.73]]],[[[72.49,-7.38],[72.43,-7.44],[72.41,-7.33],[72.35,-7.26],[72.43,-7.3],[72.45,-7.4],[72.47,-7.31],[72.45,-7.22],[72.49,-7.26],[72.49,-7.38]]],[[[157.65,-8.76],[157.64,-8.79],[157.59,-8.78],[157.45,-8.71],[157.58,-8.7],[157.65,-8.76]]],[[[20.61,60.04],[20.6,60.02],[20.52,60.01],[20.4,60.04],[20.49,60.07],[20.61,60.04]]],[[[21.63,60.11],[21.54,60.1],[21.49,60.13],[21.57,60.17],[21.63,60.17],[21.63,60.11]]],[[[24.85,64.99],[24.58,64.98],[24.58,65.04],[24.79,65.09],[24.97,65.06],[24.85,64.99]]],[[[29.96,69.8],[29.74,69.79],[29.84,69.91],[30.06,69.84],[29.96,69.8]]],[[[4.96,61.08],[4.8,61.08],[4.82,61.18],[4.92,61.2],[4.97,61.15],[4.96,61.08]]],[[[8.1,63.34],[7.89,63.35],[7.8,63.41],[8.07,63.47],[8.14,63.43],[8.1,63.34]]],[[[8.47,63.67],[8.29,63.69],[8.73,63.8],[8.81,63.77],[8.79,63.7],[8.47,63.67]]],[[[12.51,65.9],[12.43,65.9],[12.43,65.94],[12.55,66.0],[12.78,65.99],[12.51,65.9]]],[[[12.42,66.04],[12.33,66.04],[12.46,66.19],[12.62,66.18],[12.58,66.07],[12.42,66.04]]],[[[19.77,70.22],[20.09,70.1],[19.78,70.08],[19.6,70.27],[19.77,70.22]]],[[[23.44,70.82],[22.83,70.54],[22.36,70.51],[21.99,70.66],[23.44,70.82]]],[[[20.78,70.09],[20.41,70.12],[20.65,70.23],[20.82,70.21],[20.78,70.09]]],[[[25.59,71.14],[26.15,71.04],[25.58,70.96],[25.32,71.05],[25.59,71.14]]],[[[23.62,70.55],[23.64,70.46],[23.27,70.3],[22.92,70.38],[23.55,70.62],[23.62,70.55]]],[[[24.02,70.57],[23.83,70.53],[23.67,70.6],[23.66,70.68],[23.78,70.75],[23.96,70.7],[24.08,70.65],[24.02,70.57]]],[[[13.87,68.27],[14.12,68.25],[14.03,68.19],[13.23,68.0],[13.3,68.16],[13.87,68.27]]],[[[12.97,67.87],[12.82,67.82],[12.96,68.02],[13.12,68.05],[13.1,67.96],[12.97,67.87]]],[[[17.5,69.6],[18.0,69.5],[17.95,69.2],[16.81,69.07],[17.5,69.6]]],[[[19.26,70.07],[19.59,69.97],[18.78,69.58],[18.06,69.6],[18.67,69.78],[19.13,70.24],[19.26,70.07]]],[[[15.76,68.56],[16.15,68.84],[16.48,68.8],[16.52,68.63],[15.98,68.4],[14.26,68.19],[15.41,68.62],[15.48,69.04],[15.97,69.3],[16.11,69.22],[15.81,69.02],[15.93,68.73],[15.76,68.56]]],[[[15.21,68.94],[15.4,68.78],[15.22,68.62],[14.37,68.71],[14.8,68.79],[15.04,69.0],[15.21,68.94]]],[[[11.23,64.87],[10.74,64.87],[11.02,64.98],[11.13,64.98],[11.23,64.87]]],[[[5.09,60.31],[5.09,60.19],[5.0,60.2],[4.94,60.27],[4.96,60.45],[5.09,60.31]]],[[[11.97,65.63],[11.9,65.6],[11.77,65.63],[11.88,65.71],[12.0,65.68],[11.97,65.63]]],[[[-79.06,75.93],[-79.36,75.83],[-79.7,75.88],[-79.01,76.15],[-78.85,76.11],[-79.06,75.93]]],[[[-71.67,77.33],[-72.49,77.39],[-71.98,77.46],[-71.43,77.39],[-71.67,77.33]]],[[[-44.86,82.08],[-46.75,82.35],[-47.35,82.6],[-46.4,82.69],[-44.92,82.48],[-44.75,82.4],[-44.86,82.08]]],[[[-18.66,81.85],[-19.03,81.83],[-19.61,82.08],[-19.31,82.12],[-18.66,81.85]]],[[[-17.61,79.83],[-18.66,79.72],[-19.14,79.85],[-17.98,80.06],[-17.47,80.03],[-17.61,79.83]]],[[[-19.0,77.97],[-19.13,77.94],[-19.31,78.34],[-18.94,78.42],[-18.88,78.11],[-19.0,77.97]]],[[[-18.58,76.04],[-18.7,76.02],[-19.09,76.43],[-19.06,76.69],[-18.73,76.64],[-18.58,76.04]]],[[[-18.0,75.41],[-17.39,75.04],[-18.89,75.07],[-18.86,75.32],[-18.0,75.41]]],[[[-17.95,77.64],[-18.15,77.64],[-18.22,77.67],[-18.17,77.71],[-17.9,77.86],[-17.68,77.86],[-17.64,77.78],[-17.73,77.71],[-17.95,77.64]]],[[[-29.95,83.56],[-25.8,83.26],[-32.03,82.98],[-25.12,83.16],[-24.47,82.88],[-21.69,82.68],[-21.62,82.55],[-23.12,82.32],[-29.89,82.05],[-25.15,82.0],[-24.29,81.7],[-23.5,81.77],[-23.1,82.01],[-21.34,82.07],[-21.13,81.93],[-21.23,81.6],[-23.12,80.78],[-19.63,81.64],[-17.46,81.4],[-16.12,81.78],[-14.24,81.81],[-11.43,81.46],[-14.45,80.99],[-14.23,80.87],[-14.5,80.76],[-16.76,80.57],[-15.94,80.43],[-16.49,80.25],[-19.43,80.26],[-20.15,80.01],[-20.07,79.77],[-19.35,79.73],[-19.41,79.35],[-18.99,79.18],[-21.13,78.66],[-20.96,78.56],[-21.73,77.71],[-20.86,77.91],[-19.49,77.72],[-19.3,77.62],[-19.47,77.57],[-20.68,77.62],[-20.46,77.45],[-18.44,77.26],[-18.34,76.92],[-18.61,76.76],[-20.49,76.92],[-22.61,76.68],[-21.88,76.57],[-21.49,76.27],[-19.86,76.12],[-19.96,76.0],[-19.51,75.76],[-19.4,75.49],[-19.53,75.18],[-20.48,75.31],[-21.65,75.02],[-22.23,75.12],[-21.7,74.96],[-20.99,75.07],[-20.8,74.81],[-21.04,74.65],[-20.86,74.64],[-20.42,74.98],[-19.98,74.98],[-19.29,74.55],[-19.27,74.34],[-21.13,74.11],[-21.95,74.24],[-21.76,74.48],[-21.98,74.57],[-21.97,74.39],[-22.33,74.29],[-22.2,74.21],[-22.34,74.06],[-20.37,73.85],[-20.64,73.46],[-22.35,73.27],[-24.16,73.76],[-24.68,73.6],[-25.52,73.85],[-24.79,73.51],[-26.06,73.25],[-27.27,73.44],[-26.54,73.25],[-27.56,73.14],[-24.13,73.41],[-22.04,72.92],[-22.07,72.4],[-22.28,72.34],[-22.29,72.12],[-24.07,72.5],[-24.63,73.04],[-26.66,72.72],[-24.81,72.9],[-24.65,72.58],[-25.12,72.35],[-24.57,72.42],[-21.96,71.74],[-22.48,71.38],[-22.42,71.25],[-22.3,71.43],[-21.75,71.48],[-21.52,70.53],[-22.38,70.46],[-22.44,70.86],[-22.69,70.44],[-23.33,70.45],[-23.97,70.65],[-24.56,71.22],[-25.89,71.57],[-27.09,71.63],[-25.84,71.48],[-25.74,71.18],[-26.72,70.95],[-28.4,70.99],[-27.99,70.9],[-28.07,70.7],[-29.07,70.44],[-26.62,70.46],[-27.56,70.12],[-27.38,69.99],[-27.03,70.2],[-25.53,70.35],[-22.29,70.03],[-23.87,69.74],[-23.74,69.59],[-24.3,69.59],[-24.3,69.44],[-25.19,69.26],[-25.09,69.17],[-25.7,68.89],[-26.48,68.68],[-30.72,68.25],[-30.61,68.12],[-30.98,68.06],[-32.33,68.44],[-32.16,67.99],[-33.11,67.66],[-34.63,66.43],[-35.19,66.25],[-35.87,66.44],[-35.63,66.14],[-37.75,65.59],[-38.0,65.71],[-37.28,66.3],[-38.16,66.39],[-37.75,66.26],[-38.14,65.9],[-38.52,66.01],[-38.2,65.71],[-40.17,65.56],[-39.65,65.29],[-40.25,65.05],[-41.09,65.04],[-40.97,64.87],[-40.66,64.92],[-40.18,64.48],[-40.78,64.22],[-41.58,64.3],[-40.62,64.13],[-40.55,63.73],[-41.05,63.51],[-41.39,63.06],[-42.17,63.21],[-41.63,62.97],[-41.91,62.74],[-42.94,62.72],[-42.15,62.57],[-42.32,62.15],[-42.11,61.86],[-42.59,61.72],[-42.35,61.62],[-42.72,60.77],[-43.04,60.52],[-43.92,60.6],[-43.21,60.39],[-43.12,60.06],[-43.32,59.93],[-43.96,60.03],[-43.66,59.86],[-43.91,59.82],[-44.41,59.92],[-44.22,60.27],[-44.61,60.02],[-45.38,60.2],[-45.37,60.37],[-44.76,60.66],[-45.38,60.44],[-46.05,60.62],[-46.14,60.78],[-45.87,61.22],[-46.87,60.82],[-48.18,60.77],[-47.77,61.0],[-48.39,61.0],[-48.43,61.19],[-48.92,61.28],[-49.29,61.59],[-49.38,61.89],[-48.83,62.08],[-49.62,62.0],[-49.55,62.23],[-50.32,62.47],[-50.3,62.72],[-49.79,63.04],[-50.39,62.82],[-51.47,63.64],[-51.55,64.01],[-50.26,64.21],[-51.71,64.21],[-51.23,64.56],[-50.68,64.68],[-50.01,64.45],[-50.12,64.7],[-50.52,64.77],[-50.96,65.2],[-50.72,64.8],[-51.22,64.63],[-51.26,64.76],[-51.92,64.22],[-52.26,65.15],[-52.54,65.33],[-51.09,65.78],[-52.55,65.46],[-53.2,65.59],[-53.11,65.98],[-53.39,66.05],[-51.22,66.88],[-53.04,66.2],[-53.61,66.15],[-53.42,66.65],[-52.39,66.88],[-53.69,66.99],[-53.88,67.14],[-53.8,67.42],[-52.51,67.76],[-50.61,67.53],[-51.17,67.69],[-50.97,67.81],[-52.34,67.84],[-53.74,67.55],[-53.15,68.21],[-51.6,68.05],[-51.21,68.33],[-53.38,68.3],[-53.04,68.61],[-51.13,68.6],[-50.8,68.79],[-51.25,68.74],[-51.08,69.13],[-50.3,69.17],[-51.08,69.21],[-50.8,69.66],[-50.35,69.8],[-50.5,69.94],[-50.32,70.03],[-52.25,70.06],[-54.01,70.42],[-54.53,70.7],[-52.8,70.75],[-50.68,70.4],[-51.32,70.59],[-51.26,70.85],[-51.77,71.01],[-51.02,71.0],[-53.01,71.18],[-53.12,71.31],[-52.89,71.46],[-51.78,71.68],[-53.44,71.58],[-53.14,71.81],[-53.69,72.16],[-53.81,72.29],[-53.65,72.36],[-53.93,72.32],[-53.46,71.89],[-54.02,71.66],[-53.96,71.46],[-54.69,71.37],[-55.59,71.55],[-55.67,71.69],[-55.32,72.11],[-54.84,72.36],[-55.58,72.18],[-55.64,72.3],[-55.3,72.35],[-55.6,72.45],[-54.92,72.57],[-54.74,72.87],[-55.67,73.01],[-55.29,73.33],[-56.1,73.56],[-55.84,73.76],[-56.23,74.13],[-57.23,74.13],[-56.26,74.53],[-58.57,75.35],[-58.25,75.51],[-58.52,75.69],[-63.29,76.35],[-65.37,76.13],[-66.99,76.21],[-66.67,75.98],[-66.83,75.97],[-68.32,76.09],[-69.48,76.4],[-68.11,76.65],[-69.67,76.74],[-69.89,76.83],[-69.69,76.99],[-70.61,76.82],[-71.15,77.07],[-68.14,77.38],[-66.39,77.28],[-66.31,77.56],[-66.82,77.69],[-69.35,77.47],[-70.54,77.7],[-70.11,77.84],[-71.27,77.81],[-72.82,78.19],[-72.47,78.48],[-71.65,78.62],[-65.83,79.17],[-65.29,79.44],[-64.79,80.0],[-64.18,80.1],[-66.84,80.08],[-67.2,80.22],[-67.0,80.41],[-64.52,81.0],[-63.03,80.89],[-63.24,81.08],[-62.99,81.21],[-61.44,81.13],[-61.1,81.4],[-61.2,81.75],[-60.43,81.92],[-59.28,81.88],[-56.62,81.36],[-59.26,82.01],[-54.55,82.35],[-53.67,82.16],[-53.56,81.65],[-53.04,81.87],[-53.02,82.32],[-50.89,81.9],[-49.54,81.92],[-50.94,82.38],[-50.04,82.47],[-44.73,81.78],[-44.53,81.85],[-44.64,82.1],[-44.24,82.37],[-44.33,82.47],[-45.56,82.75],[-41.37,82.75],[-46.14,82.86],[-46.48,82.95],[-46.17,83.06],[-43.01,83.26],[-41.3,83.1],[-40.36,83.33],[-38.16,83.0],[-37.93,83.16],[-38.75,83.37],[-37.72,83.5],[-29.95,83.56]]],[[[25.4,37.42],[25.31,37.41],[25.31,37.49],[25.35,37.51],[25.46,37.47],[25.4,37.42]]],[[[-169.76,56.64],[-169.47,56.59],[-169.63,56.55],[-169.77,56.61],[-169.76,56.64]]],[[[-72.66,20.04],[-72.64,19.99],[-72.96,20.06],[-72.79,20.09],[-72.66,20.04]]],[[[130.92,37.48],[130.87,37.45],[130.81,37.51],[130.9,37.55],[130.93,37.53],[130.92,37.48]]],[[[-57.02,-63.37],[-56.83,-63.63],[-57.46,-63.51],[-59.01,-64.19],[-58.79,-64.52],[-59.55,-64.36],[-59.65,-64.58],[-59.96,-64.43],[-61.06,-64.98],[-61.7,-64.99],[-61.58,-65.19],[-62.15,-65.33],[-61.76,-65.57],[-62.29,-65.92],[-61.84,-66.12],[-60.62,-65.93],[-61.01,-66.11],[-61.03,-66.34],[-61.43,-66.14],[-61.76,-66.43],[-62.12,-66.21],[-62.68,-66.24],[-62.63,-66.71],[-63.26,-66.26],[-63.75,-66.28],[-63.65,-66.38],[-64.08,-66.65],[-63.75,-66.87],[-64.69,-66.81],[-64.79,-67.12],[-65.03,-67.21],[-64.82,-67.31],[-65.5,-67.38],[-65.42,-67.66],[-65.6,-67.88],[-65.47,-68.01],[-65.64,-68.13],[-64.83,-68.13],[-65.45,-68.34],[-65.0,-68.41],[-65.16,-68.62],[-64.08,-68.77],[-64.17,-68.58],[-63.92,-68.5],[-62.93,-68.44],[-63.75,-68.7],[-63.34,-68.81],[-63.46,-69.04],[-62.59,-69.48],[-61.96,-70.12],[-62.38,-70.36],[-61.5,-70.49],[-61.99,-70.73],[-61.96,-70.9],[-61.31,-70.87],[-60.96,-71.24],[-61.96,-71.66],[-61.21,-71.56],[-61.0,-71.66],[-61.04,-71.82],[-62.26,-72.02],[-60.72,-72.07],[-60.73,-72.43],[-61.28,-72.47],[-61.29,-72.6],[-60.53,-72.67],[-60.38,-73.01],[-59.96,-73.03],[-60.12,-73.28],[-60.9,-73.32],[-62.01,-73.15],[-61.64,-73.5],[-60.79,-73.71],[-61.09,-73.93],[-61.84,-74.03],[-61.04,-74.12],[-61.84,-74.29],[-60.78,-74.24],[-61.01,-74.48],[-62.24,-74.44],[-61.86,-74.78],[-62.37,-74.95],[-63.18,-74.68],[-63.2,-74.91],[-63.92,-75.0],[-63.23,-75.15],[-64.28,-75.29],[-63.36,-75.45],[-69.3,-76.35],[-70.21,-76.67],[-77.19,-76.63],[-77.17,-76.83],[-75.75,-77.4],[-72.88,-77.69],[-73.49,-77.97],[-74.81,-78.18],[-80.6,-77.75],[-81.58,-77.85],[-77.43,-78.43],[-77.87,-78.75],[-80.29,-78.82],[-82.61,-78.41],[-83.78,-77.98],[-83.23,-78.4],[-83.71,-78.4],[-83.6,-78.61],[-81.66,-79.1],[-80.89,-79.5],[-80.15,-79.27],[-76.22,-79.39],[-76.03,-79.63],[-76.56,-79.9],[-79.66,-80.0],[-78.18,-80.17],[-76.41,-80.09],[-75.08,-80.86],[-73.03,-80.92],[-70.69,-80.63],[-69.77,-80.96],[-68.59,-80.97],[-65.57,-81.46],[-62.35,-81.58],[-65.62,-81.73],[-64.14,-81.87],[-66.13,-81.95],[-65.84,-81.99],[-65.91,-82.18],[-65.71,-82.28],[-64.92,-82.37],[-60.53,-82.2],[-62.74,-82.53],[-61.92,-82.98],[-61.22,-82.99],[-61.59,-83.34],[-61.43,-83.4],[-59.52,-83.46],[-55.8,-82.48],[-50.65,-81.98],[-46.26,-81.95],[-46.05,-82.16],[-46.52,-82.45],[-45.04,-82.44],[-43.67,-82.27],[-41.13,-81.21],[-38.77,-80.88],[-37.21,-81.06],[-35.33,-80.65],[-31.31,-80.45],[-29.53,-80.18],[-23.57,-79.96],[-23.41,-79.86],[-24.3,-79.77],[-29.95,-79.6],[-30.21,-79.49],[-30.32,-79.16],[-30.65,-79.12],[-34.2,-79.11],[-36.24,-78.77],[-36.18,-78.47],[-34.08,-77.43],[-32.06,-77.16],[-28.93,-76.37],[-24.27,-75.77],[-18.3,-75.43],[-18.75,-75.24],[-17.44,-74.38],[-15.67,-74.41],[-14.57,-73.94],[-16.22,-73.92],[-15.94,-73.76],[-16.52,-73.64],[-16.44,-73.43],[-15.6,-73.1],[-14.16,-73.1],[-14.0,-73.0],[-14.3,-72.73],[-13.21,-72.79],[-11.5,-72.41],[-10.96,-71.9],[-11.01,-71.76],[-12.15,-71.61],[-12.35,-71.39],[-11.93,-71.29],[-10.83,-71.55],[-10.03,-71.13],[-10.27,-70.94],[-9.23,-71.17],[-8.65,-71.67],[-7.71,-71.55],[-7.59,-71.22],[-7.87,-70.94],[-7.75,-70.84],[-5.94,-70.71],[-5.59,-70.86],[-6.12,-71.33],[-2.01,-71.43],[-1.07,-71.27],[-0.54,-71.71],[0.54,-71.27],[1.91,-71.0],[7.68,-70.36],[8.52,-70.47],[9.14,-70.18],[11.7,-70.77],[12.93,-70.21],[12.63,-70.07],[13.07,-70.05],[13.82,-70.34],[15.81,-70.32],[16.38,-70.15],[16.71,-70.4],[18.12,-70.54],[18.43,-70.29],[19.01,-70.21],[19.2,-70.29],[19.03,-70.67],[19.41,-70.92],[21.07,-70.84],[21.7,-70.26],[22.37,-70.48],[22.28,-70.7],[22.98,-70.81],[24.02,-70.41],[24.76,-70.89],[26.5,-71.02],[30.0,-70.3],[32.62,-70.0],[32.99,-69.62],[32.57,-69.07],[32.64,-68.87],[33.47,-68.67],[34.19,-68.7],[33.81,-69.1],[34.6,-69.09],[35.36,-69.68],[37.79,-69.73],[38.89,-70.17],[38.86,-70.01],[39.71,-69.43],[39.86,-68.97],[40.22,-68.8],[42.96,-68.1],[46.4,-67.62],[46.32,-67.4],[46.56,-67.27],[47.35,-67.36],[47.12,-67.57],[47.49,-67.73],[48.21,-67.7],[48.37,-67.99],[48.65,-67.79],[48.63,-67.52],[49.22,-67.23],[48.47,-67.04],[49.25,-66.94],[50.55,-67.19],[50.52,-66.82],[50.24,-66.6],[50.33,-66.44],[51.88,-66.02],[53.67,-65.86],[55.29,-65.95],[57.0,-66.47],[57.19,-66.61],[56.99,-66.7],[56.15,-66.63],[56.48,-66.86],[55.8,-67.2],[56.15,-67.26],[57.63,-67.01],[59.25,-67.48],[60.48,-67.39],[62.69,-67.65],[63.7,-67.51],[68.33,-67.89],[69.56,-67.76],[69.98,-68.46],[69.53,-68.74],[69.63,-69.23],[68.91,-69.37],[69.19,-69.65],[69.08,-69.87],[68.18,-69.84],[67.27,-70.27],[69.25,-70.43],[68.87,-71.04],[68.04,-71.39],[67.43,-72.0],[66.89,-72.95],[66.5,-73.13],[67.32,-73.3],[67.97,-73.09],[67.97,-72.75],[68.42,-72.52],[69.55,-72.37],[71.28,-71.62],[71.77,-70.8],[72.76,-70.4],[72.82,-70.1],[73.32,-69.85],[75.64,-69.85],[76.11,-69.49],[77.82,-69.07],[79.04,-68.18],[83.3,-67.6],[84.49,-67.11],[85.71,-67.16],[87.98,-66.79],[89.7,-66.82],[92.07,-66.51],[94.09,-66.69],[94.84,-66.5],[95.54,-66.63],[98.26,-66.47],[99.37,-66.65],[100.89,-66.36],[101.38,-65.97],[102.67,-65.87],[109.46,-66.91],[110.62,-66.52],[110.59,-66.31],[110.91,-66.08],[113.1,-65.8],[115.64,-66.77],[115.27,-67.03],[113.99,-67.21],[114.03,-67.44],[116.71,-67.05],[118.71,-67.17],[120.19,-66.97],[118.92,-67.32],[119.13,-67.37],[123.97,-66.61],[124.82,-66.69],[125.87,-66.36],[126.66,-66.5],[127.54,-67.05],[128.43,-67.12],[129.24,-67.04],[129.74,-66.47],[130.58,-66.21],[133.44,-66.08],[134.4,-66.48],[135.35,-66.13],[136.55,-66.44],[137.34,-66.35],[142.69,-67.01],[143.73,-66.88],[143.91,-67.09],[144.62,-67.14],[143.98,-67.86],[145.98,-67.62],[146.83,-67.96],[146.8,-68.27],[147.09,-68.37],[150.94,-68.36],[151.29,-68.82],[151.56,-68.69],[153.08,-68.86],[153.71,-68.73],[153.91,-68.32],[155.52,-69.02],[157.48,-69.31],[157.93,-69.18],[159.78,-69.52],[160.21,-69.97],[161.04,-70.32],[161.42,-70.83],[162.19,-71.04],[162.02,-70.44],[162.67,-70.3],[163.35,-70.62],[164.4,-70.51],[167.57,-70.81],[168.17,-71.18],[170.16,-71.63],[170.44,-71.42],[170.86,-71.87],[170.03,-72.12],[169.95,-72.4],[170.26,-72.37],[170.21,-72.57],[168.43,-72.38],[169.83,-72.73],[169.55,-73.05],[169.03,-73.2],[167.16,-73.15],[166.45,-72.94],[166.83,-73.22],[167.71,-73.39],[165.86,-73.59],[166.11,-73.74],[165.35,-73.88],[165.13,-73.38],[164.81,-73.4],[164.98,-73.93],[164.78,-74.03],[165.41,-74.56],[163.74,-74.56],[163.4,-74.38],[162.6,-74.82],[162.41,-75.24],[160.91,-75.33],[162.19,-75.47],[162.82,-75.85],[162.44,-76.15],[162.73,-76.23],[162.82,-76.46],[162.67,-76.57],[162.76,-76.75],[162.45,-76.96],[163.09,-77.03],[163.77,-77.7],[164.42,-77.88],[164.43,-78.04],[163.98,-78.22],[164.63,-78.32],[165.42,-78.04],[165.66,-78.31],[167.06,-78.52],[167.05,-78.69],[164.63,-78.6],[162.64,-78.9],[161.67,-78.54],[161.5,-78.68],[161.95,-79.03],[160.87,-79.05],[160.48,-79.2],[160.65,-79.43],[159.98,-79.59],[160.35,-79.69],[159.9,-79.86],[160.56,-80.01],[158.57,-80.42],[160.64,-80.45],[160.52,-80.58],[160.83,-80.73],[160.26,-80.79],[160.72,-80.91],[160.72,-81.2],[160.47,-81.34],[163.6,-82.12],[161.28,-82.49],[164.75,-82.35],[167.12,-82.8],[167.6,-83.05],[168.61,-83.07],[167.67,-83.23],[168.11,-83.36],[171.04,-83.45],[180.0,-84.35],[180.0,-90.0],[-180.0,-90.0],[-180.0,-84.35],[-156.46,-85.19],[-157.45,-84.91],[-156.62,-84.84],[-165.14,-84.41],[-163.77,-84.32],[-164.69,-84.15],[-164.08,-83.95],[-165.54,-83.76],[-167.8,-83.79],[-169.17,-83.45],[-174.24,-82.79],[-171.82,-82.85],[-168.42,-83.23],[-165.62,-83.22],[-164.45,-83.47],[-163.11,-83.33],[-162.2,-83.52],[-159.44,-83.54],[-157.43,-83.35],[-157.03,-83.23],[-157.68,-83.13],[-155.46,-82.98],[-153.01,-82.45],[-154.72,-81.94],[-153.96,-81.7],[-157.03,-81.32],[-156.53,-81.16],[-148.12,-80.9],[-150.58,-80.35],[-150.22,-80.15],[-148.32,-80.07],[-148.43,-79.93],[-148.13,-79.91],[-148.18,-79.78],[-151.05,-79.46],[-152.14,-79.12],[-154.52,-79.05],[-156.11,-78.74],[-156.47,-78.64],[-156.21,-78.56],[-154.29,-78.26],[-157.27,-78.2],[-158.29,-77.95],[-158.5,-77.78],[-158.23,-77.5],[-158.21,-77.16],[-158.0,-77.09],[-157.14,-77.24],[-154.81,-77.13],[-149.72,-77.8],[-148.16,-77.46],[-148.74,-77.34],[-148.78,-77.12],[-146.07,-77.49],[-145.6,-77.46],[-145.81,-77.27],[-145.52,-77.2],[-145.97,-77.07],[-145.63,-76.95],[-145.75,-76.75],[-146.78,-76.51],[-149.65,-76.37],[-148.32,-76.1],[-145.44,-76.41],[-146.32,-76.02],[-143.57,-75.56],[-142.33,-75.49],[-140.87,-75.75],[-141.22,-75.55],[-139.69,-75.21],[-136.65,-75.16],[-136.23,-74.84],[-135.36,-74.69],[-129.79,-74.89],[-127.02,-74.7],[-121.54,-74.75],[-118.34,-74.38],[-115.22,-74.49],[-114.62,-73.9],[-113.51,-74.09],[-113.75,-74.37],[-113.33,-74.45],[-113.9,-74.64],[-114.11,-74.98],[-111.7,-74.79],[-111.81,-74.27],[-111.18,-74.19],[-110.31,-74.37],[-110.23,-74.54],[-110.53,-74.84],[-111.46,-75.13],[-111.36,-75.22],[-106.62,-75.34],[-103.12,-75.1],[-101.71,-75.13],[-101.04,-75.42],[-98.75,-75.32],[-98.56,-75.19],[-98.73,-75.14],[-100.47,-74.87],[-100.01,-74.66],[-100.12,-74.52],[-101.25,-74.49],[-101.72,-74.02],[-102.86,-73.78],[-102.41,-73.62],[-100.72,-73.76],[-98.9,-73.61],[-100.44,-73.35],[-102.91,-73.29],[-103.38,-72.82],[-103.11,-72.72],[-102.36,-72.76],[-102.41,-72.99],[-98.21,-73.02],[-96.39,-73.3],[-92.83,-73.16],[-90.92,-73.32],[-90.43,-73.24],[-90.3,-72.98],[-88.78,-72.68],[-88.19,-72.79],[-88.56,-73.12],[-88.42,-73.23],[-87.4,-73.19],[-86.79,-73.36],[-85.8,-73.19],[-84.98,-73.5],[-82.18,-73.86],[-81.31,-73.74],[-81.18,-73.25],[-80.34,-73.41],[-80.61,-73.08],[-80.44,-72.94],[-79.52,-73.09],[-78.79,-73.51],[-76.85,-73.46],[-76.76,-73.57],[-77.05,-73.84],[-75.29,-73.64],[-74.0,-73.7],[-72.93,-73.45],[-69.28,-73.17],[-67.67,-72.83],[-66.83,-72.09],[-67.46,-71.53],[-67.69,-70.69],[-68.4,-70.02],[-68.71,-69.43],[-67.37,-69.41],[-66.97,-69.16],[-67.39,-68.86],[-67.13,-68.77],[-66.79,-68.24],[-67.15,-68.02],[-66.68,-67.56],[-67.54,-67.53],[-67.49,-67.11],[-67.03,-66.95],[-66.9,-67.26],[-66.5,-67.29],[-66.5,-66.69],[-65.77,-66.62],[-65.77,-66.29],[-65.17,-66.12],[-65.27,-65.99],[-64.51,-65.96],[-64.65,-65.75],[-63.82,-65.53],[-64.07,-65.28],[-63.76,-65.03],[-63.06,-65.14],[-63.12,-64.94],[-62.53,-64.83],[-62.5,-64.66],[-61.63,-64.6],[-60.86,-64.07],[-57.39,-63.23],[-57.02,-63.37]]],[[[178.86,70.83],[178.68,71.11],[180.0,71.54],[180.0,70.99],[178.86,70.83]]],[[[17.98,59.33],[18.56,59.39],[18.29,59.11],[16.98,58.65],[16.21,58.64],[16.92,58.49],[16.65,58.43],[16.77,58.21],[16.56,57.81],[16.53,57.07],[16.0,56.22],[14.71,56.13],[14.22,55.83],[14.34,55.53],[14.17,55.4],[12.89,55.41],[12.97,55.75],[12.47,56.29],[12.8,56.26],[12.66,56.44],[12.88,56.62],[12.42,56.91],[11.43,58.34],[11.25,58.37],[11.15,58.99],[11.39,59.07],[10.83,59.18],[10.6,59.76],[10.18,59.01],[9.56,59.11],[9.66,58.97],[8.17,58.15],[6.73,58.07],[6.56,58.12],[6.66,58.26],[5.59,58.62],[5.61,59.01],[6.1,58.87],[6.36,59.0],[5.89,59.1],[6.42,59.55],[5.17,59.16],[5.24,59.56],[6.22,59.82],[5.73,59.86],[6.14,60.23],[6.52,60.41],[6.53,60.15],[7.0,60.51],[6.15,60.35],[5.15,59.64],[5.21,60.09],[5.69,60.12],[5.29,60.21],[5.14,60.45],[5.65,60.69],[5.12,60.64],[5.01,61.04],[6.78,61.14],[7.04,60.95],[7.04,61.09],[7.6,61.21],[7.35,61.3],[7.44,61.43],[7.28,61.18],[6.6,61.29],[6.38,61.13],[5.32,61.11],[5.02,61.25],[5.0,61.43],[5.34,61.49],[4.93,61.71],[4.93,61.88],[6.73,61.87],[5.27,61.94],[5.14,62.16],[5.91,62.42],[6.58,62.41],[6.14,62.41],[6.35,62.61],[7.57,62.55],[7.69,62.59],[7.54,62.67],[8.1,62.73],[6.73,62.72],[7.57,63.1],[8.62,62.85],[8.16,63.16],[8.64,63.34],[8.36,63.5],[8.58,63.6],[9.14,63.59],[9.16,63.46],[9.7,63.62],[10.02,63.39],[10.76,63.46],[10.73,63.62],[11.37,63.8],[11.18,63.9],[11.46,64.0],[11.21,64.03],[10.91,63.92],[11.05,63.85],[10.93,63.77],[10.06,63.51],[9.61,63.79],[10.57,64.42],[11.52,64.74],[11.3,64.75],[11.49,64.98],[12.74,65.21],[12.92,65.34],[12.42,65.18],[12.12,65.36],[12.69,65.9],[13.03,65.96],[12.78,66.1],[14.03,66.3],[13.12,66.23],[13.21,66.64],[13.96,66.79],[13.65,66.91],[14.11,67.12],[15.42,67.2],[14.44,67.27],[14.96,67.57],[15.59,67.35],[15.69,67.52],[15.25,67.6],[15.3,67.77],[14.85,67.66],[14.8,67.81],[15.62,67.95],[15.32,68.07],[16.01,68.23],[16.31,67.88],[16.39,68.09],[16.2,68.32],[17.55,68.43],[16.51,68.53],[18.1,69.16],[18.26,69.47],[18.86,69.31],[18.61,69.49],[19.69,69.8],[19.64,69.42],[19.96,69.82],[20.32,69.95],[20.34,69.62],[20.11,69.34],[20.74,69.52],[20.53,69.69],[20.62,69.91],[21.43,70.01],[21.97,69.83],[21.36,70.23],[22.68,70.37],[23.35,69.98],[23.38,70.25],[24.42,70.7],[24.26,70.83],[24.66,71.0],[25.77,70.85],[25.21,70.49],[25.04,70.11],[26.51,70.91],[26.73,70.85],[26.59,70.41],[27.55,70.8],[27.33,71.0],[28.14,71.04],[28.38,70.87],[27.9,70.68],[28.27,70.67],[28.19,70.25],[28.83,70.86],[30.93,70.4],[30.94,70.27],[30.26,70.12],[28.78,70.15],[29.6,69.98],[29.69,69.74],[30.24,69.86],[31.55,69.7],[32.0,69.81],[31.98,69.95],[33.01,69.72],[32.18,69.67],[32.38,69.48],[33.45,69.43],[33.14,69.07],[33.68,69.31],[35.86,69.19],[40.97,67.71],[41.13,67.27],[41.36,67.21],[41.19,66.83],[40.1,66.3],[38.65,66.07],[34.48,66.55],[33.15,66.84],[32.93,67.09],[31.9,67.16],[33.66,66.44],[33.36,66.33],[34.69,65.95],[34.78,65.77],[34.41,65.4],[35.04,64.44],[37.44,63.81],[38.06,64.09],[37.95,64.32],[37.18,64.41],[36.58,64.79],[36.53,64.94],[36.88,65.17],[39.76,64.58],[40.44,64.78],[39.8,65.35],[39.82,65.6],[42.21,66.52],[43.23,66.42],[43.65,66.25],[43.54,66.12],[44.1,66.01],[44.49,66.67],[44.43,66.94],[43.78,67.25],[44.2,68.25],[43.33,68.67],[45.89,68.48],[46.69,67.85],[45.53,67.76],[44.9,67.41],[45.89,66.89],[46.49,66.8],[47.66,66.98],[47.87,67.58],[48.83,67.68],[48.75,67.9],[51.99,68.54],[52.4,68.35],[52.72,68.48],[52.34,68.61],[53.8,69.0],[54.49,68.99],[53.8,68.91],[53.97,68.84],[53.76,68.63],[53.93,68.44],[53.26,68.27],[54.86,68.2],[55.42,68.57],[57.13,68.55],[59.06,69.01],[59.37,68.74],[59.1,68.44],[59.73,68.35],[59.92,68.47],[59.9,68.71],[60.49,68.73],[60.93,68.99],[60.17,69.59],[60.91,69.85],[64.19,69.53],[68.5,68.35],[69.14,68.95],[68.54,68.97],[68.01,69.48],[67.62,69.58],[67.06,69.69],[66.9,69.55],[66.93,70.01],[67.24,70.11],[67.28,70.74],[66.7,70.82],[66.85,71.06],[66.64,71.08],[68.27,71.68],[69.39,72.96],[71.62,72.9],[72.81,72.69],[72.57,72.01],[71.87,71.46],[72.7,70.96],[72.7,70.46],[72.47,70.27],[72.58,68.97],[73.59,68.48],[73.14,68.18],[73.07,67.77],[71.85,67.01],[71.37,66.96],[71.54,66.68],[70.72,66.52],[70.38,66.6],[70.69,66.75],[69.01,66.79],[69.19,66.58],[69.98,66.4],[72.07,66.25],[72.42,66.56],[73.79,67.0],[74.07,67.41],[74.77,67.77],[74.74,68.07],[74.39,68.42],[74.58,68.75],[75.12,68.86],[76.46,68.98],[77.24,68.47],[77.17,67.78],[77.77,67.57],[78.92,67.59],[77.59,67.75],[77.66,68.19],[78.0,68.26],[77.65,68.9],[76.0,69.24],[74.81,69.09],[73.78,69.2],[73.89,69.42],[73.58,69.8],[74.34,70.58],[73.09,71.44],[73.67,71.85],[74.99,72.14],[75.06,72.55],[74.79,72.81],[75.37,72.8],[75.6,72.58],[75.74,72.3],[75.27,71.96],[75.5,71.65],[75.28,71.43],[75.73,71.27],[79.02,70.95],[78.49,71.03],[78.21,71.27],[76.43,71.55],[76.03,71.91],[76.87,72.03],[77.55,71.84],[78.19,71.91],[78.02,72.09],[77.44,72.16],[78.48,72.39],[79.42,72.38],[81.66,71.72],[83.11,71.72],[83.23,71.67],[82.98,71.45],[82.32,71.26],[82.16,70.6],[82.22,70.4],[82.59,70.89],[83.01,70.9],[83.03,70.58],[82.68,70.22],[83.08,70.09],[83.07,70.28],[83.74,70.55],[83.15,71.1],[83.53,71.68],[82.09,72.27],[80.83,72.49],[80.66,72.71],[80.84,72.95],[80.42,73.23],[80.58,73.57],[86.89,73.89],[85.79,73.44],[86.68,73.11],[85.94,73.46],[87.57,73.81],[86.0,74.32],[87.23,74.36],[85.79,74.65],[87.42,74.94],[86.94,75.07],[87.01,75.17],[94.08,75.91],[92.89,75.91],[93.26,76.1],[95.58,76.14],[96.08,76.08],[95.65,75.89],[96.5,75.89],[98.66,76.24],[99.77,76.03],[99.54,75.8],[99.85,75.93],[99.83,76.14],[98.87,76.51],[101.6,76.44],[100.93,76.56],[101.1,76.7],[100.92,76.82],[100.99,76.99],[104.01,77.73],[106.06,77.39],[104.2,77.1],[107.43,76.93],[106.41,76.51],[107.72,76.52],[108.18,76.74],[111.11,76.72],[111.94,76.55],[112.09,76.48],[111.94,76.38],[112.62,76.38],[112.8,76.13],[112.66,76.05],[113.27,76.25],[113.56,75.89],[113.86,75.92],[113.57,75.57],[112.47,75.84],[113.73,75.45],[112.92,75.02],[109.84,74.32],[109.81,74.17],[108.2,73.69],[107.27,73.62],[105.14,72.78],[106.48,73.14],[107.75,73.17],[110.77,73.69],[109.71,73.74],[110.26,74.02],[111.55,74.03],[111.23,73.97],[111.4,73.83],[112.15,73.71],[113.03,73.91],[113.42,73.65],[113.16,73.46],[113.49,73.35],[113.47,73.05],[113.13,72.83],[113.66,72.63],[113.22,72.81],[113.89,73.35],[113.51,73.5],[114.06,73.58],[118.45,73.59],[118.94,73.48],[118.46,73.46],[118.43,73.25],[119.75,72.98],[122.54,72.88],[122.75,72.91],[122.53,73.02],[123.16,72.95],[123.62,73.19],[123.32,73.43],[123.42,73.64],[124.54,73.75],[125.6,73.45],[126.25,73.55],[126.55,73.33],[127.03,73.55],[127.74,73.48],[129.1,73.11],[128.6,72.9],[129.25,72.71],[128.42,72.54],[129.28,72.44],[129.41,72.32],[129.28,72.09],[127.73,72.41],[128.91,71.76],[129.21,71.92],[129.46,71.74],[128.84,71.66],[129.76,71.12],[130.76,70.96],[131.02,70.75],[131.56,70.9],[132.65,71.93],[133.69,71.43],[134.7,71.39],[136.09,71.62],[137.94,71.13],[137.84,71.23],[138.31,71.33],[137.92,71.38],[138.23,71.6],[139.98,71.49],[139.7,71.7],[139.72,71.88],[139.36,71.95],[140.19,72.19],[139.18,72.16],[139.14,72.33],[141.08,72.59],[140.65,72.84],[140.81,72.89],[146.25,72.44],[144.78,72.38],[144.17,72.26],[144.47,72.17],[146.83,72.3],[146.11,71.94],[146.23,72.14],[145.76,72.23],[145.76,71.94],[145.06,71.93],[144.99,71.75],[145.19,71.7],[146.07,71.81],[147.26,72.33],[149.5,72.16],[150.02,71.9],[148.97,71.69],[150.6,71.52],[150.1,71.23],[151.58,71.29],[152.09,71.02],[151.76,70.98],[152.51,70.83],[155.9,71.1],[158.7,70.94],[159.91,70.51],[159.83,69.78],[160.91,69.61],[161.04,69.1],[161.34,68.91],[160.86,68.54],[161.57,68.91],[161.54,69.38],[163.2,69.71],[166.82,69.5],[167.86,69.73],[168.3,69.27],[169.31,69.08],[169.61,68.79],[170.54,68.83],[171.0,69.13],[170.58,69.58],[170.16,69.63],[170.5,69.86],[170.49,70.11],[173.28,69.82],[175.92,69.9],[178.85,69.39],[180.0,68.98],[180.0,65.07],[178.52,64.6],[176.88,65.08],[176.34,65.05],[177.04,65.0],[177.22,64.86],[177.07,64.79],[176.06,64.96],[174.55,64.68],[176.06,64.9],[176.35,64.71],[176.14,64.59],[177.39,64.77],[177.43,64.44],[177.69,64.3],[178.04,64.22],[178.23,64.36],[178.69,63.84],[178.73,63.67],[178.47,63.57],[179.33,63.19],[179.26,63.01],[179.57,62.77],[179.12,62.32],[177.02,62.78],[177.16,62.56],[173.62,61.72],[173.13,61.41],[172.86,61.47],[172.91,61.31],[172.39,61.06],[170.61,60.43],[170.35,59.97],[169.23,60.6],[167.23,60.41],[166.27,59.86],[166.14,59.98],[166.35,60.48],[165.08,60.1],[164.95,59.84],[164.53,60.06],[164.11,59.9],[163.74,60.03],[163.36,59.78],[163.27,59.3],[162.14,58.45],[161.96,58.08],[162.39,57.72],[162.65,57.95],[163.23,57.79],[162.76,57.24],[162.8,56.81],[163.26,56.69],[163.34,56.23],[162.84,56.07],[162.63,56.23],[163.04,56.52],[162.67,56.49],[162.08,56.09],[161.72,55.5],[162.11,54.75],[161.62,54.52],[160.77,54.54],[160.07,54.19],[159.84,53.78],[160.03,53.13],[159.59,53.24],[158.75,52.91],[158.47,53.03],[158.61,52.87],[158.49,52.38],[158.1,51.81],[156.75,50.97],[155.56,55.2],[155.98,56.7],[156.85,57.29],[156.87,57.8],[158.28,58.01],[162.07,60.47],[163.71,60.92],[163.55,61.03],[164.01,61.34],[163.8,61.46],[164.21,62.29],[164.6,62.47],[165.42,62.45],[164.42,62.7],[163.33,62.55],[163.02,61.89],[163.26,61.7],[163.09,61.57],[162.39,61.66],[160.77,60.75],[160.17,60.64],[160.38,61.03],[159.79,60.96],[160.31,61.89],[159.55,61.72],[159.19,61.93],[157.08,61.68],[154.29,59.83],[154.15,59.53],[154.97,59.45],[155.16,59.19],[154.01,59.08],[153.36,59.21],[152.82,58.93],[152.32,59.03],[151.33,58.88],[151.12,59.08],[152.17,59.28],[151.35,59.56],[150.48,59.49],[149.64,59.77],[149.07,59.63],[149.2,59.49],[148.8,59.53],[148.74,59.37],[148.96,59.37],[148.73,59.26],[146.54,59.46],[146.05,59.17],[145.55,59.41],[142.58,59.24],[140.79,58.3],[140.45,57.81],[138.66,56.97],[137.69,56.14],[135.26,54.94],[135.26,54.73],[135.85,54.58],[136.8,54.62],[136.72,53.8],[137.16,53.82],[137.14,54.18],[137.67,54.28],[137.34,54.1],[137.83,53.95],[137.25,53.55],[137.95,53.6],[138.53,53.96],[138.25,53.52],[138.45,53.54],[138.66,53.74],[138.7,54.32],[139.8,54.26],[141.37,53.29],[141.18,53.02],[140.84,53.09],[141.26,52.84],[141.13,52.44],[141.49,52.18],[140.93,51.62],[140.52,50.8],[140.62,50.08],[140.11,48.42],[138.59,47.06],[137.69,45.82],[135.87,44.37],[135.48,43.84],[134.01,42.95],[133.16,42.7],[132.3,42.88],[132.31,43.31],[131.95,43.1],[132.01,43.28],[131.79,43.26],[131.16,42.63],[130.71,42.66],[130.73,42.33],[130.24,42.18],[129.76,41.71],[129.71,40.86],[127.57,39.78],[127.39,39.21],[128.33,38.68],[129.42,37.06],[129.4,36.05],[129.56,35.95],[129.21,35.18],[128.51,35.1],[128.44,34.87],[127.71,34.95],[127.72,34.72],[127.4,34.82],[127.32,34.46],[127.17,34.55],[127.25,34.76],[126.53,34.31],[126.26,34.67],[126.59,34.82],[126.42,34.82],[126.29,35.15],[126.75,35.87],[126.49,36.69],[126.16,36.77],[126.49,37.01],[126.87,36.82],[126.98,36.94],[126.63,37.78],[126.12,37.74],[125.77,37.99],[125.36,37.72],[124.99,37.93],[125.21,38.08],[124.69,38.13],[125.07,38.56],[125.55,38.69],[125.17,38.81],[125.36,39.53],[124.78,39.76],[124.64,39.62],[124.35,40.01],[122.84,39.6],[121.16,38.73],[121.11,38.92],[121.68,39.11],[121.82,39.39],[121.28,39.38],[121.27,39.54],[122.26,40.5],[121.83,40.97],[121.17,40.9],[120.48,40.23],[119.39,39.75],[118.98,39.18],[117.78,39.13],[117.55,38.69],[117.66,38.42],[118.01,38.18],[118.94,38.04],[119.09,37.7],[118.95,37.33],[119.29,37.14],[119.76,37.16],[120.26,37.68],[120.75,37.83],[121.64,37.46],[122.67,37.4],[122.34,36.83],[121.93,36.96],[120.81,36.63],[120.9,36.44],[120.71,36.41],[120.64,36.13],[120.18,36.2],[120.28,35.98],[119.43,35.3],[119.17,34.85],[120.27,34.27],[120.87,33.02],[120.85,32.66],[121.34,32.43],[121.86,31.82],[121.68,31.71],[120.52,32.11],[120.04,31.94],[120.72,31.98],[121.66,31.32],[121.88,30.92],[120.82,30.35],[120.19,30.24],[120.49,30.3],[120.63,30.13],[121.26,30.3],[122.08,29.87],[121.51,29.48],[121.89,29.63],[121.97,29.49],[121.92,29.14],[121.72,29.26],[121.45,29.13],[121.68,28.95],[121.48,28.64],[121.61,28.29],[121.15,28.33],[120.75,28.01],[120.61,27.41],[120.09,26.67],[119.59,26.78],[119.88,26.33],[119.46,26.05],[119.14,26.12],[119.33,25.95],[119.62,26.0],[119.62,25.39],[119.18,25.45],[119.29,25.23],[118.98,25.21],[118.91,24.93],[118.64,24.84],[118.66,24.62],[117.84,24.47],[118.06,24.25],[117.37,23.59],[116.91,23.65],[116.47,22.95],[115.5,22.72],[115.2,22.82],[114.85,22.62],[114.65,22.76],[114.55,22.53],[114.27,22.54],[114.27,22.3],[113.9,22.4],[114.02,22.51],[113.52,23.1],[113.33,22.91],[113.55,22.22],[113.15,22.08],[113.09,22.21],[112.95,21.91],[112.59,21.78],[112.36,21.98],[112.3,21.74],[111.94,21.85],[111.6,21.56],[111.02,21.51],[110.57,21.21],[110.41,21.34],[110.15,20.94],[110.51,20.52],[110.34,20.29],[109.94,20.3],[109.66,20.92],[109.93,21.48],[109.52,21.69],[109.54,21.54],[109.08,21.44],[109.1,21.59],[108.77,21.63],[108.59,21.9],[108.5,21.63],[107.81,21.5],[107.16,20.95],[106.68,21.0],[106.75,20.74],[106.52,20.29],[105.98,19.94],[105.62,18.97],[106.5,17.95],[106.37,17.75],[107.83,16.32],[108.03,16.33],[108.82,15.38],[109.3,13.86],[109.44,12.6],[109.34,12.75],[109.22,12.65],[109.26,11.95],[108.99,11.34],[107.26,10.4],[107.01,10.66],[106.95,10.4],[106.61,10.46],[106.76,10.3],[106.46,10.3],[106.79,10.12],[106.6,9.86],[106.14,10.22],[106.57,9.64],[106.38,9.56],[105.83,10.0],[106.17,9.4],[105.5,9.09],[105.11,8.63],[104.77,8.6],[105.03,10.07],[104.26,10.54],[103.59,10.55],[103.72,10.89],[103.53,11.15],[103.15,10.91],[103.13,11.46],[102.59,12.2],[101.72,12.69],[100.9,12.65],[100.96,13.43],[100.6,13.57],[100.02,13.35],[99.99,12.17],[99.17,10.32],[99.25,9.27],[99.84,9.29],[99.99,8.59],[100.28,8.27],[100.55,7.23],[100.26,7.77],[100.16,7.6],[100.42,7.19],[101.02,6.86],[101.5,6.87],[103.2,5.26],[103.45,4.67],[103.44,2.93],[103.97,2.26],[104.29,1.48],[104.18,1.36],[103.98,1.62],[103.99,1.45],[103.48,1.33],[101.3,2.89],[101.3,3.25],[100.72,3.97],[100.12,6.44],[99.7,6.88],[99.6,7.36],[99.36,7.37],[98.7,8.26],[98.31,8.23],[98.24,8.77],[98.7,10.19],[98.52,10.11],[98.46,10.68],[98.88,11.72],[98.64,11.74],[98.58,13.16],[98.2,13.98],[98.11,13.71],[98.02,14.65],[97.81,14.86],[97.58,16.02],[97.73,16.57],[97.38,16.52],[97.2,17.1],[96.85,17.4],[96.77,16.71],[96.43,16.5],[96.19,16.77],[96.32,16.44],[95.76,16.17],[95.39,15.72],[95.35,16.1],[95.18,15.83],[94.94,15.82],[94.89,16.18],[94.66,15.9],[94.7,16.51],[94.22,16.02],[94.59,17.57],[94.04,19.29],[93.93,18.9],[93.49,19.37],[93.82,19.24],[94.0,19.44],[93.61,19.78],[93.71,19.91],[93.25,20.07],[93.13,19.86],[93.07,20.38],[92.83,20.18],[92.74,20.56],[92.72,20.3],[92.31,20.79],[92.06,21.17],[91.86,22.35],[91.48,22.88],[90.95,22.6],[90.66,23.03],[90.6,23.59],[90.56,23.42],[90.27,23.46],[90.59,23.27],[90.44,22.75],[90.62,22.36],[90.23,21.83],[90.07,21.89],[90.21,22.16],[89.92,22.12],[89.99,22.47],[89.57,21.77],[89.48,22.28],[89.35,21.72],[89.05,22.09],[89.05,21.65],[88.86,21.74],[88.75,21.58],[88.64,22.12],[88.58,21.66],[88.12,21.64],[88.2,22.14],[87.94,22.37],[88.16,22.12],[87.95,21.83],[86.86,21.24],[86.98,20.7],[86.75,20.31],[86.22,19.9],[85.25,19.76],[85.18,19.59],[85.44,19.63],[84.1,18.29],[82.36,17.1],[82.26,16.56],[81.29,16.34],[80.98,15.76],[80.65,15.9],[80.29,15.71],[80.05,15.07],[80.31,13.49],[80.16,13.71],[80.06,13.61],[80.34,13.36],[79.69,11.31],[79.85,11.2],[79.84,10.32],[79.31,10.26],[78.94,9.57],[79.02,9.33],[79.41,9.19],[78.42,9.11],[78.06,8.38],[77.52,8.08],[76.55,8.9],[76.35,9.92],[75.72,11.36],[74.95,12.56],[74.38,14.49],[73.34,16.46],[72.88,18.64],[73.01,19.02],[72.8,19.08],[72.81,19.3],[72.99,19.28],[72.79,19.36],[72.67,19.83],[72.89,20.67],[72.61,21.46],[73.11,21.75],[72.54,21.7],[72.7,21.97],[72.52,21.98],[72.55,22.16],[72.81,22.23],[72.18,22.27],[72.27,22.09],[72.04,21.82],[72.25,21.53],[72.02,21.16],[71.02,20.74],[70.49,20.84],[68.97,22.29],[69.05,22.44],[69.28,22.29],[70.18,22.57],[70.49,23.09],[69.66,22.76],[68.82,23.05],[68.42,23.57],[68.78,23.85],[68.23,23.6],[68.17,23.86],[67.56,23.88],[67.17,24.76],[66.7,24.86],[66.7,25.23],[66.43,25.58],[66.13,25.49],[66.47,25.45],[64.66,25.18],[64.06,25.4],[63.49,25.21],[61.41,25.1],[60.51,25.44],[60.4,25.31],[59.05,25.42],[57.8,25.65],[57.33,25.79],[57.04,26.8],[56.73,27.13],[56.12,27.14],[54.64,26.51],[53.71,26.73],[52.48,27.62],[51.59,27.86],[50.07,30.2],[49.55,30.03],[49.0,30.51],[48.83,30.04],[47.98,30.01],[48.14,29.57],[47.72,29.39],[48.05,29.36],[48.8,27.72],[50.15,26.66],[50.01,26.68],[50.21,26.31],[50.03,26.11],[50.73,24.87],[51.0,25.98],[51.26,26.15],[51.54,25.9],[51.61,25.05],[51.27,24.61],[51.42,24.53],[51.31,24.34],[51.61,24.34],[51.84,24.01],[52.12,23.97],[52.65,24.15],[54.15,24.17],[56.41,26.35],[56.37,25.02],[56.64,24.47],[57.22,23.92],[58.77,23.52],[59.43,22.66],[59.82,22.51],[59.82,22.31],[58.47,20.41],[58.21,20.42],[58.17,20.59],[57.86,20.24],[57.71,19.68],[57.81,19.02],[56.83,18.75],[56.38,17.99],[55.48,17.84],[55.06,17.04],[54.07,17.01],[52.58,16.47],[52.24,16.17],[52.22,15.66],[49.35,14.64],[48.67,14.05],[47.99,14.05],[46.79,13.47],[45.66,13.34],[45.04,12.82],[43.93,12.62],[43.49,12.7],[43.23,13.27],[43.28,13.69],[42.94,14.94],[42.66,15.23],[42.8,15.33],[42.79,16.45],[42.29,17.43],[41.66,18.01],[40.76,19.76],[39.73,20.39],[39.28,20.97],[38.99,21.88],[39.06,22.59],[38.46,23.71],[37.54,24.29],[37.18,24.82],[37.15,25.29],[35.18,28.03],[34.62,28.06],[34.97,29.56],[34.22,27.76],[33.25,28.57],[32.47,29.93],[32.36,29.63],[32.66,28.93],[33.55,27.9],[33.96,26.65],[35.19,24.48],[35.78,23.94],[35.5,23.78],[35.7,22.95],[36.87,22.02],[37.26,21.11],[37.19,20.12],[37.47,18.82],[38.57,18.07],[39.51,15.53],[39.79,15.12],[39.86,15.47],[40.2,15.01],[41.18,14.62],[41.66,13.98],[42.25,13.59],[42.4,13.21],[43.08,12.82],[43.35,12.37],[43.34,12.03],[42.54,11.5],[43.16,11.57],[44.28,10.47],[44.94,10.44],[45.82,10.84],[46.57,10.75],[47.4,11.17],[50.11,11.53],[50.79,11.98],[51.25,11.83],[51.03,10.44],[51.19,10.55],[51.38,10.39],[50.93,10.34],[50.83,9.43],[47.98,4.5],[46.05,2.48],[43.72,0.86],[41.98,-0.97],[41.39,-1.87],[41.0,-1.95],[40.81,-2.39],[40.28,-2.63],[39.49,-4.48],[39.23,-4.67],[38.8,-6.07],[39.55,-7.02],[39.29,-7.52],[39.44,-8.01],[39.3,-8.44],[39.64,-9.19],[39.73,-10.0],[40.61,-10.66],[40.4,-11.33],[40.58,-12.64],[40.44,-12.98],[40.57,-12.98],[40.65,-14.54],[40.82,-14.47],[40.84,-14.79],[39.84,-16.44],[39.08,-16.97],[37.51,-17.57],[36.94,-17.99],[36.4,-18.77],[35.85,-18.99],[34.95,-19.81],[34.65,-19.7],[34.71,-20.47],[35.27,-21.65],[35.32,-22.4],[35.46,-22.12],[35.54,-22.3],[35.44,-24.17],[34.99,-24.65],[33.35,-25.26],[32.79,-25.64],[32.59,-26.0],[32.85,-26.27],[32.95,-26.08],[32.89,-26.83],[32.38,-28.5],[31.34,-29.38],[29.97,-31.32],[27.86,-33.05],[26.61,-33.71],[25.81,-33.74],[25.57,-34.04],[25.0,-33.97],[24.6,-34.17],[22.55,-34.01],[21.79,-34.37],[20.53,-34.46],[20.02,-34.79],[18.83,-34.36],[18.75,-34.08],[18.5,-34.11],[18.46,-34.35],[18.35,-34.19],[18.43,-33.72],[17.85,-32.83],[18.33,-32.5],[18.21,-31.74],[17.35,-30.44],[16.74,-29.01],[15.34,-27.39],[14.97,-26.32],[14.84,-25.03],[14.5,-24.2],[14.46,-22.45],[11.78,-18.0],[11.75,-15.83],[12.02,-15.51],[12.55,-13.44],[13.69,-12.12],[13.85,-11.05],[13.0,-9.05],[13.36,-8.69],[13.38,-8.37],[12.82,-6.95],[12.28,-6.12],[13.07,-5.86],[12.45,-6.0],[12.24,-5.81],[11.78,-4.57],[9.76,-2.52],[10.06,-2.55],[9.62,-2.37],[9.04,-1.31],[9.32,-1.63],[9.5,-1.56],[9.3,-1.52],[9.35,-1.33],[9.06,-1.3],[8.7,-0.59],[8.95,-0.69],[9.3,-0.35],[9.35,0.34],[9.8,0.04],[10.0,0.19],[9.55,0.3],[9.32,0.55],[9.62,0.58],[9.6,1.05],[9.39,1.14],[9.81,1.93],[9.95,3.08],[9.56,3.8],[9.74,3.85],[9.69,4.06],[9.43,3.92],[9.0,4.09],[8.92,4.55],[8.66,4.67],[8.57,4.53],[8.57,4.75],[8.25,4.92],[8.29,4.56],[7.28,4.55],[7.08,4.72],[7.15,4.51],[6.92,4.39],[6.77,4.72],[6.86,4.37],[6.58,4.48],[6.08,4.29],[5.49,4.84],[5.37,5.34],[5.55,5.47],[5.2,5.53],[5.46,5.61],[5.11,5.64],[4.43,6.35],[3.45,6.43],[3.72,6.6],[3.34,6.4],[1.31,6.15],[0.95,5.81],[0.26,5.76],[-2.0,4.76],[-3.25,5.11],[-3.02,5.13],[-3.2,5.35],[-3.35,5.13],[-4.12,5.31],[-5.28,5.21],[-5.06,5.13],[-5.91,5.01],[-7.54,4.35],[-8.26,4.59],[-9.13,5.05],[-11.73,7.09],[-12.49,7.39],[-12.48,7.75],[-12.85,7.82],[-13.27,8.43],[-12.89,8.63],[-13.18,8.58],[-13.21,8.84],[-13.06,8.88],[-13.69,9.54],[-13.69,9.93],[-14.43,10.25],[-14.59,10.77],[-14.89,10.97],[-15.01,10.8],[-15.05,11.14],[-15.22,11.03],[-15.39,11.22],[-15.43,11.5],[-15.07,11.6],[-15.5,11.78],[-15.08,11.97],[-15.94,11.79],[-15.92,11.94],[-16.33,12.05],[-16.24,12.24],[-16.78,12.47],[-16.44,12.61],[-16.77,12.63],[-16.75,13.43],[-16.41,13.27],[-15.43,13.47],[-16.44,13.35],[-16.77,13.9],[-16.62,14.04],[-16.79,14.0],[-17.17,14.64],[-17.54,14.76],[-17.15,14.92],[-16.57,15.73],[-16.46,16.6],[-16.08,17.55],[-16.08,18.52],[-16.51,19.36],[-16.31,19.51],[-16.44,19.47],[-16.21,20.23],[-16.88,21.09],[-17.1,20.86],[-16.93,21.9],[-16.36,22.59],[-15.79,23.79],[-15.98,23.67],[-15.9,23.84],[-14.9,24.72],[-14.47,26.16],[-13.58,26.74],[-12.95,27.91],[-11.55,28.31],[-10.2,29.38],[-9.67,30.11],[-9.65,30.45],[-9.88,30.72],[-9.81,31.42],[-9.35,32.09],[-9.25,32.57],[-8.51,33.25],[-6.9,33.97],[-5.92,35.79],[-5.28,35.9],[-5.25,35.61],[-4.63,35.21],[-3.39,35.21],[-2.97,35.41],[-2.84,35.13],[-1.91,35.09],[1.26,36.52],[3.78,36.9],[4.76,36.9],[5.3,36.65],[6.49,37.09],[6.93,36.92],[7.43,37.06],[7.91,36.86],[9.69,37.34],[9.83,37.14],[10.2,37.21],[10.41,36.73],[10.95,37.06],[11.13,36.87],[10.49,36.25],[11.12,35.24],[10.06,34.21],[10.31,33.73],[10.71,33.69],[10.72,33.51],[10.96,33.63],[11.2,33.25],[12.28,32.86],[13.28,32.91],[15.18,32.39],[15.71,31.43],[17.83,30.93],[18.94,30.29],[19.59,30.41],[20.01,30.8],[20.14,31.2],[19.93,31.82],[20.12,32.22],[21.64,32.94],[23.09,32.62],[23.29,32.21],[24.88,31.98],[25.23,31.53],[26.77,31.47],[29.07,30.83],[31.08,31.6],[31.89,31.54],[32.14,31.34],[31.89,31.48],[31.77,31.29],[32.1,31.09],[32.25,31.29],[32.6,31.07],[33.9,31.18],[34.48,31.59],[35.65,34.25],[35.98,34.55],[35.81,36.31],[36.18,36.81],[36.05,36.91],[35.39,36.58],[34.7,36.82],[33.69,36.18],[32.79,36.04],[31.24,36.82],[30.64,36.87],[30.45,36.27],[29.69,36.16],[29.22,36.32],[28.97,36.72],[27.54,36.68],[28.24,37.03],[27.26,36.98],[27.54,37.16],[27.07,37.66],[27.23,37.98],[26.29,38.28],[26.44,38.64],[26.67,38.34],[27.14,38.45],[26.76,38.71],[27.01,38.89],[26.68,39.29],[26.9,39.55],[26.11,39.47],[26.18,39.99],[26.74,40.4],[29.01,40.39],[28.79,40.53],[28.96,40.63],[29.85,40.76],[29.11,40.94],[29.15,41.22],[31.25,41.11],[32.31,41.73],[33.38,42.02],[35.01,42.06],[35.3,41.73],[36.05,41.68],[36.41,41.27],[36.78,41.36],[38.38,40.92],[39.43,41.11],[40.27,40.96],[41.41,41.42],[41.76,41.97],[41.42,42.74],[39.87,43.47],[38.72,44.29],[36.63,45.15],[36.94,45.29],[36.72,45.37],[36.87,45.43],[37.21,45.27],[37.65,45.38],[37.93,46.0],[38.49,46.09],[37.77,46.64],[38.5,46.66],[38.44,46.81],[39.27,47.04],[39.2,47.27],[35.83,46.62],[35.06,46.1],[35.23,46.44],[34.85,46.19],[35.02,45.7],[35.46,45.32],[36.58,45.39],[36.39,45.07],[35.47,45.1],[33.91,44.39],[33.45,44.55],[33.56,45.1],[32.51,45.4],[33.66,45.95],[33.59,46.1],[32.48,46.08],[31.83,46.28],[32.01,46.43],[31.55,46.55],[32.36,46.47],[32.58,46.62],[32.04,46.64],[31.76,47.21],[31.87,46.65],[31.56,46.78],[30.8,46.55],[30.22,45.87],[29.63,45.72],[29.73,45.34],[29.56,44.84],[29.05,44.76],[29.1,44.98],[28.93,44.97],[28.56,43.5],[28.13,43.4],[27.89,42.75],[27.48,42.47],[27.98,42.05],[28.2,41.55],[29.06,41.23],[28.96,41.01],[27.5,40.97],[26.2,40.08],[26.25,40.31],[26.79,40.63],[26.11,40.61],[25.86,40.84],[25.1,40.99],[23.76,40.75],[23.87,40.42],[24.34,40.15],[23.73,40.33],[23.95,39.97],[23.43,40.26],[23.67,39.96],[23.4,39.99],[23.31,40.22],[22.9,40.4],[22.92,40.59],[22.63,40.5],[22.59,40.04],[23.33,39.17],[23.15,39.1],[23.16,39.26],[22.92,39.31],[23.07,39.04],[22.57,38.87],[23.25,38.66],[24.02,38.14],[24.02,37.68],[23.5,38.03],[23.04,37.88],[23.49,37.44],[23.16,37.33],[22.73,37.54],[23.16,36.45],[22.72,36.79],[22.43,36.48],[22.08,37.03],[21.89,36.74],[21.58,37.08],[21.68,37.39],[21.12,37.89],[21.82,38.33],[22.92,37.96],[23.15,38.18],[22.42,38.44],[21.47,38.32],[21.33,38.49],[21.18,38.35],[20.77,38.87],[21.12,39.03],[20.78,39.01],[20.3,39.33],[19.85,40.04],[19.4,40.28],[19.58,41.79],[18.65,42.44],[17.05,43.01],[17.72,42.85],[16.9,43.39],[15.99,43.52],[15.19,44.17],[15.47,44.27],[14.98,44.6],[14.85,45.08],[14.55,45.3],[14.31,45.34],[13.86,44.84],[13.52,45.48],[13.78,45.63],[13.63,45.77],[12.27,45.45],[12.23,45.24],[12.52,44.97],[12.25,44.72],[12.4,44.22],[13.56,43.57],[14.01,42.69],[14.54,42.24],[15.17,41.93],[16.16,41.9],[15.9,41.51],[17.95,40.66],[18.46,40.22],[18.34,39.82],[17.87,40.28],[16.93,40.46],[16.52,39.75],[17.11,39.38],[17.17,39.0],[16.62,38.8],[16.55,38.41],[16.06,37.94],[15.65,38.03],[16.21,38.94],[15.69,39.99],[14.95,40.24],[14.77,40.67],[14.34,40.6],[14.46,40.73],[14.04,40.81],[13.73,41.24],[13.09,41.24],[11.64,42.29],[11.14,42.39],[11.17,42.54],[10.51,42.97],[10.19,43.95],[8.77,44.42],[8.0,43.88],[7.26,43.7],[6.12,43.07],[4.05,43.59],[3.26,43.19],[3.04,42.84],[3.31,42.29],[3.15,42.16],[3.25,41.94],[2.08,41.29],[1.03,41.06],[0.71,40.82],[0.89,40.72],[0.6,40.61],[-0.33,39.52],[-0.2,39.06],[0.2,38.76],[-0.52,38.32],[-0.81,37.77],[-0.72,37.63],[-1.64,37.39],[-2.11,36.78],[-4.37,36.72],[-5.17,36.42],[-5.63,36.03],[-6.04,36.19],[-6.38,36.64],[-6.22,36.91],[-6.4,36.83],[-6.86,37.28],[-7.83,37.01],[-9.0,37.03],[-8.81,37.43],[-8.88,38.45],[-8.67,38.42],[-9.21,38.45],[-9.25,38.66],[-8.79,39.08],[-9.14,38.74],[-9.48,38.8],[-8.68,40.75],[-8.89,41.76],[-8.89,42.11],[-8.69,42.27],[-8.81,42.64],[-9.03,42.59],[-8.93,42.8],[-9.24,42.98],[-9.18,43.17],[-7.7,43.76],[-7.06,43.55],[-5.85,43.65],[-4.52,43.42],[-3.6,43.52],[-1.99,43.35],[-1.48,43.56],[-1.08,44.69],[-1.25,44.67],[-1.08,45.53],[-0.55,45.0],[-0.79,45.47],[-1.2,45.71],[-1.03,45.74],[-1.15,46.31],[-1.79,46.51],[-2.09,46.87],[-2.15,47.22],[-1.74,47.22],[-2.5,47.31],[-2.43,47.47],[-2.79,47.63],[-4.31,47.82],[-4.68,48.04],[-4.33,48.17],[-4.58,48.29],[-4.24,48.3],[-4.72,48.36],[-4.72,48.54],[-3.23,48.84],[-2.69,48.54],[-1.38,48.65],[-1.86,49.68],[-1.26,49.68],[-1.14,49.39],[-0.16,49.3],[0.42,49.45],[0.13,49.51],[0.19,49.7],[1.41,50.09],[1.77,50.94],[3.43,51.39],[4.23,51.39],[3.45,51.54],[4.27,51.47],[4.0,51.6],[4.18,51.61],[3.95,51.81],[4.03,51.93],[4.48,52.31],[4.77,52.94],[5.53,53.27],[6.82,53.44],[7.2,53.28],[7.05,53.38],[7.21,53.65],[7.63,53.7],[8.01,53.69],[8.2,53.43],[8.33,53.61],[8.5,53.39],[8.62,53.88],[9.21,53.86],[9.78,53.55],[8.98,53.93],[8.91,54.26],[8.64,54.29],[8.96,54.54],[8.68,54.79],[8.62,55.42],[8.13,55.6],[8.16,56.61],[8.67,56.5],[8.89,56.74],[9.2,56.7],[9.25,57.01],[9.11,57.04],[8.77,56.73],[8.27,56.75],[8.62,57.11],[9.43,57.17],[9.96,57.58],[10.61,57.74],[10.28,56.62],[10.93,56.44],[10.75,56.24],[10.32,56.21],[10.18,55.87],[9.9,55.84],[10.02,55.76],[9.59,55.49],[9.67,55.27],[9.45,55.04],[10.02,54.67],[9.87,54.47],[11.01,54.38],[10.85,54.01],[11.4,53.94],[12.58,54.47],[13.03,54.41],[13.72,54.15],[13.95,53.8],[14.58,53.64],[14.56,53.82],[13.93,53.88],[13.83,54.13],[14.38,53.92],[18.09,54.84],[18.76,54.68],[18.44,54.74],[18.84,54.37],[19.41,54.39],[19.86,54.63],[19.97,54.92],[20.68,55.1],[21.11,55.62],[20.59,54.98],[21.19,54.94],[21.03,56.64],[21.73,57.57],[22.55,57.72],[23.65,56.97],[24.38,57.25],[24.3,57.78],[24.53,58.35],[23.77,58.36],[23.51,58.66],[23.68,58.79],[23.43,58.92],[23.49,59.2],[25.51,59.64],[27.89,59.41],[28.06,59.78],[28.33,59.69],[29.15,60.0],[30.12,59.87],[29.72,60.2],[28.64,60.38],[28.51,60.68],[26.53,60.41],[26.57,60.62],[25.76,60.27],[23.02,59.82],[23.2,60.02],[22.91,60.21],[22.46,60.03],[22.58,60.38],[21.44,60.6],[21.36,60.97],[21.61,61.59],[21.26,61.99],[21.34,62.28],[21.1,62.62],[21.65,63.04],[21.55,63.2],[22.32,63.31],[22.24,63.44],[22.53,63.65],[23.6,64.04],[24.56,64.8],[25.29,64.86],[25.37,65.01],[25.35,65.48],[24.67,65.67],[24.63,65.86],[23.1,65.74],[22.4,65.86],[22.25,65.6],[21.41,65.32],[21.57,65.13],[21.14,64.81],[21.52,64.46],[20.76,63.87],[18.61,63.18],[18.31,63.0],[18.46,62.9],[17.88,62.87],[18.04,62.6],[17.38,62.46],[17.63,62.23],[17.37,61.87],[17.47,61.68],[17.2,61.72],[17.13,61.58],[17.25,60.7],[17.96,60.59],[18.99,59.83],[17.98,59.33]],[[50.68,46.94],[49.35,46.52],[49.25,46.29],[48.68,46.09],[48.73,45.9],[47.63,45.58],[47.46,45.68],[47.35,45.22],[46.72,44.45],[47.31,44.1],[47.46,43.56],[47.65,43.88],[47.46,43.04],[47.73,42.68],[49.46,40.8],[50.37,40.28],[49.55,40.19],[49.36,39.35],[49.17,39.03],[48.96,39.08],[48.87,38.39],[49.08,37.67],[50.13,37.41],[50.93,36.81],[51.76,36.61],[53.77,36.93],[53.97,36.82],[53.87,38.95],[53.7,39.21],[53.16,39.26],[53.24,39.61],[53.6,39.55],[53.49,39.91],[52.99,39.99],[53.04,39.77],[52.73,40.4],[52.94,41.04],[53.87,40.65],[54.38,40.69],[54.32,40.83],[54.69,40.87],[54.7,41.07],[54.09,41.52],[53.75,42.13],[52.97,41.98],[52.85,41.2],[52.47,41.89],[52.6,42.76],[51.3,43.17],[51.3,43.48],[50.83,44.19],[50.25,44.41],[50.41,44.62],[51.54,44.53],[51.01,44.92],[51.42,45.36],[53.2,45.33],[52.77,45.57],[53.14,46.19],[53.17,46.67],[52.92,46.95],[52.14,46.83],[51.18,47.11],[50.68,46.94]]],[[[-78.8,-33.65],[-78.99,-33.66],[-78.88,-33.58],[-78.78,-33.61],[-78.77,-33.64],[-78.8,-33.65]]]]}}
