person_id,surname,name_variants,n_companies,n_board_companies,n_observations,top_role,first_year,last_year,sectors
borgeaud-l,Borgeaud,L. Borgeaud; Lucien Borgeaud,15,15,28,administrateur,1910,1945,"Bâtiment et travaux publics, matériaux de construction, céramique; Commerce; Documents généraux (par ordre chronologique); Eau, gaz, électricité (Utilities); Filière bois : exploitation forestière, liège, meubles, cellulose, papier…; Industries agro-alimentaires; Industries chimiques"
schiaffino-l,Schiaffino,L. Schiaffino; Laurent Schiaffino; Schiaffino,12,12,23,administrateur,1910,1953,"Banques et groupes financiers, assurances; Commerce; Documents généraux (par ordre chronologique); Eau, gaz, électricité (Utilities); Industries agro-alimentaires; Mines et carrières; Transports maritimes et aériens"
vinson-j-jules,Vinson,Jules Vinson,11,11,14,administrateur,1922,1940,"Banques et groupes financiers, assurances; Bâtiment et travaux publics, matériaux de construction, céramique; Filière bois : exploitation forestière, liège, meubles, cellulose, papier…; Hôtellerie-restauration, tourisme; Industries agro-alimentaires; Loisirs; Métallurgie, constructions navales"
galicier-a,Galicier,A. Galicier; Albert Galicier,9,9,24,administrateur,1906,1940,"Banques et groupes financiers, assurances; Documents généraux (par ordre chronologique); Industries agro-alimentaires; Mines et carrières; Transports terrestres, garages automobiles et agricoles"
juge-a,Juge,A. Juge; Abel Juge,9,9,21,administrateur,1910,1938,Documents généraux (par ordre chronologique); Mines et carrières
zafiropulo-d,Zafiropulo,D. Zafiropulo; Demetrius Zafiropulo; Dimitri Zafiropulo; Démétrius Zafiropulo,9,9,19,administrateur,1911,1938,"Banques et groupes financiers, assurances; Documents généraux (par ordre chronologique); Industries chimiques; Mines et carrières; Pétrole et gaz; Transports maritimes et aériens"
ansbacher-t,Ansbacher,Ansbacher; T. Ansbacher; Th Ansbacher; Théodore Ansbacher,9,9,15,administrateur,1910,1937,Documents généraux (par ordre chronologique); Mines et carrières; Transports maritimes et aériens
boulogne-g,Boulogne,G. Boulogne; Gaston Boulogne,8,8,18,administrateur,1922,1945,"Banques et groupes financiers, assurances; Commerce; Eau, gaz, électricité (Utilities); Foncières et immobilières; Transports maritimes et aériens; Transports terrestres, garages automobiles et agricoles"
giraud-e-edmond,Giraud,Edmond Giraud,8,8,13,administrateur,1922,1926,"Banques et groupes financiers, assurances; Bâtiment et travaux publics, matériaux de construction, céramique; Industries agro-alimentaires; Mines et carrières; Transports maritimes et aériens; Transports terrestres, garages automobiles et agricoles"
drappier-g,Drappier,Drappier; G. Drappier; Gaston Drappier,8,8,12,administrateur,1910,1938,Documents généraux (par ordre chronologique); Mines et carrières
barbedette-f,Barbedette,Barbedette; F. Barbedette; Frédéric Barbedette,8,7,12,administrateur,1910,1938,"Banques et groupes financiers, assurances; Commerce; Documents généraux (par ordre chronologique); Eau, gaz, électricité (Utilities); Filière bois : exploitation forestière, liège, meubles, cellulose, papier…; Imprimerie, presse, édition; Industries chimiques"
thevenet-c,Thévenet,C. Thévenet; Ch. Thevenet; Ch. Thévenet; Charles Thévenet,8,7,8,administrateur,1924,1945,"Banques et groupes financiers, assurances; Bâtiment et travaux publics, matériaux de construction, céramique; Commerce; Documents généraux (par ordre chronologique); Foncières et immobilières; Hôtellerie-restauration, tourisme; Transports maritimes et aériens; Transports terrestres, garages automobiles et agricoles"
buhot-h,Buhot,Buhot; H. Buhot; H.-F.-D. Buhot; Henri Buhot; Henry Buhot,6,6,21,administrateur,1903,1938,"Banques et groupes financiers, assurances; Documents généraux (par ordre chronologique); Mines et carrières; Transports terrestres, garages automobiles et agricoles"
lambert-a,Lambert,A. Lambert; Alfred Lambert,6,6,15,administrateur,1922,1953,"Commerce; Industries agro-alimentaires; Mines et carrières; Transports terrestres, garages automobiles et agricoles"
laboubee-s,Laboubée,LABOUBÉE; S. Laboubée; Simon Laboubée,6,6,10,administrateur,1922,1948,"Banques et groupes financiers, assurances; Bâtiment et travaux publics, matériaux de construction, céramique; Industries agro-alimentaires; Industries chimiques"
guerlet-a,Guerlet,Alfred Guerlet; Guerlet,7,6,8,administrateur,1912,1926,"Banques et groupes financiers, assurances; Foncières et immobilières; Industries agro-alimentaires; Mines et carrières; Transports maritimes et aériens; Transports terrestres, garages automobiles et agricoles"
borgeaud-h,Borgeaud,H. Borgeaud; Henri Borgeaud,6,6,7,administrateur,1926,1953,"Bâtiment et travaux publics, matériaux de construction, céramique; Commerce; Industries agro-alimentaires"
urruty-f,Urruty,F. Urruty; F. Urruty. 5; François Urruty; Urruty,5,5,23,administrateur,1910,1938,Documents généraux (par ordre chronologique); Mines et carrières
coudray-a,Coudray,A. Coudray; André Coudray,5,5,13,administrateur,1926,1953,"Banques et groupes financiers, assurances; Foncières et immobilières; Transports maritimes et aériens"
cornut-e,Cornut,CORNUT; Cornut; Élie Cornut,6,5,12,administrateur,1899,1926,Foncières et immobilières; Industries agro-alimentaires; Industries chimiques
philippar-e,Philippar,E. Philippar; Edmond Philippar,5,5,10,administrateur,1914,1938,"Banques et groupes financiers, assurances; Documents généraux (par ordre chronologique); Industries agro-alimentaires; Industries chimiques"
th-ansbacher,Th. Ansbacher,Th. Ansbacher,5,5,10,president,1910,1938,Documents généraux (par ordre chronologique); Mines et carrières; Transports maritimes et aériens
henri-c,Henri,C. Henri; Ch. Henri; Charles Henri,5,5,10,administrateur,1922,1940,"Banques et groupes financiers, assurances; Documents généraux (par ordre chronologique); Industries agro-alimentaires"
altairac-g,Altairac,G. Altairac; Georges Altairac,7,5,9,administrateur,1922,1940,"Banques et groupes financiers, assurances; Bâtiment et travaux publics, matériaux de construction, céramique; Commerce; Foncières et immobilières; Métallurgie, constructions navales"
boutier-a,Boutier,A. Boutier; Boutier,6,5,9,administrateur,1937,1948,"Bâtiment et travaux publics, matériaux de construction, céramique; Filière bois : exploitation forestière, liège, meubles, cellulose, papier…; Foncières et immobilières; Industries agro-alimentaires; Pétrole et gaz"
kapferer-m-marcel,Kapferer,Marcel Kapferer,5,5,8,president,1910,1938,Documents généraux (par ordre chronologique); Mines et carrières
jordan-p,Jordan,P. Jordan; P. Jordan. 6; Paul Jordan,5,5,8,administrateur,1925,1937,Documents généraux (par ordre chronologique); Mines et carrières; Pétrole et gaz
aguillon-j,Aguillon,J. Aguillon; Jacques Aguillon,5,5,7,administrateur,1926,1940,"Documents généraux (par ordre chronologique); Eau, gaz, électricité (Utilities); Mines et carrières; Pétrole et gaz"
beigbeder-d,Beigbeder,D. Beigbeder; David Beigbeder,5,5,7,administrateur,1910,1928,Documents généraux (par ordre chronologique); Industries chimiques; Pétrole et gaz
michaux-l,Michaux,L. Michaux; Lucien Michaux,5,5,7,administrateur,1922,1938,"Banques et groupes financiers, assurances; Bâtiment et travaux publics, matériaux de construction, céramique; Documents généraux (par ordre chronologique)"
olivier-p-paul,Olivier,Paul Olivier,5,5,7,administrateur,1919,1926,"Commerce; Filière bois : exploitation forestière, liège, meubles, cellulose, papier…; Industries agro-alimentaires"
nancy,Nancy,Nancy,5,5,5,administrateur,1910,1938,"Documents généraux (par ordre chronologique); Filière bois : exploitation forestière, liège, meubles, cellulose, papier…"
baguenault-de-puchesse,Baguenault de Puchesse,Baguenault de Puchesse,5,5,5,president,1910,1938,Documents généraux (par ordre chronologique); Mines et carrières
trelat-m,Trélat,Marcel Trélat,5,5,5,administrateur,1910,1938,"Banques et groupes financiers, assurances; Documents généraux (par ordre chronologique); Industries chimiques; Transports terrestres, garages automobiles et agricoles"
peytel-a,Peytel,A. Peytel; André Peytel,4,4,15,administrateur,1914,1951,"Banques et groupes financiers, assurances; Documents généraux (par ordre chronologique); Mines et carrières; Transports terrestres, garages automobiles et agricoles"
mirabaud-e,Mirabaud,E. Mirabaud; Eugène Mirabaud,4,4,15,administrateur,1926,1953,"Banques et groupes financiers, assurances; Industries chimiques; Mines et carrières; Transports terrestres, garages automobiles et agricoles"
borgeaud-a,Borgeaud,A. Borgeaud; Alfred Borgeaud,4,4,14,administrateur,1922,1953,"Banques et groupes financiers, assurances; Documents généraux (par ordre chronologique); Filière bois : exploitation forestière, liège, meubles, cellulose, papier…; Industries agro-alimentaires"
roubaud-j,Roubaud,J. Roubaud; Jean Roubaud,4,4,13,administrateur,1924,1953,Commerce; Industries agro-alimentaires; Industries chimiques
pallier-j,Pallier,J. Pallier; Jean Pallier,4,4,12,administrateur,1937,1953,"Banques et groupes financiers, assurances; Industries chimiques; Transports terrestres, garages automobiles et agricoles"
petit-l,Petit,L. Petit; L. Petit. 10; Lucien Petit,4,4,12,president,1933,1948,Industries agro-alimentaires; Mines et carrières
jourdanne-a,Jourdanne,A. Jourdanne; Alfred Jourdanne,5,4,11,directeur,1920,1938,"Banques et groupes financiers, assurances; Documents généraux (par ordre chronologique); Eau, gaz, électricité (Utilities); Industries chimiques; Transports terrestres, garages automobiles et agricoles"
bouffe-g,Bouffé,G. Bouffé; Gaston Bouffé,4,4,11,administrateur,1922,1953,Commerce; Industries chimiques; Transports maritimes et aériens
de-valencay,de Valençay,de Valençay,5,4,10,administrateur,1910,1948,Documents généraux (par ordre chronologique); Mines et carrières; Transports maritimes et aériens
mercier-g,Mercier,G. Mercier; Gustave Mercier,4,4,9,administrateur,1929,1953,"Banques et groupes financiers, assurances; Eau, gaz, électricité (Utilities); Filière bois : exploitation forestière, liège, meubles, cellulose, papier…; Transports terrestres, garages automobiles et agricoles"
de-montureux-a,de Montureux,Arthur de Montureux; de Montureux,4,4,9,president,1910,1940,Documents généraux (par ordre chronologique); Mines et carrières
devise-f,Devise,Devise; F. Devise; Fernand Devise,4,4,9,administrateur,1906,1922,"Mines et carrières; Transports terrestres, garages automobiles et agricoles"
saint-germain,Saint-Germain,Saint-Germain,4,4,9,administrateur,1901,1933,"Banques et groupes financiers, assurances; Mines et carrières; Transports terrestres, garages automobiles et agricoles"
jomiau-e,Jomiau,Eugène Jomiau,7,4,9,administrateur,1922,1926,"Commerce; Cuirs et textiles; Filière bois : exploitation forestière, liège, meubles, cellulose, papier…; Industries agro-alimentaires"
boussand-l-leon,Boussand,Léon Boussand,4,4,8,president,1911,1926,Documents généraux (par ordre chronologique); Industries agro-alimentaires; Mines et carrières
dalaise-a,Dalaise,Adolphe Dalaise,4,4,8,administrateur,1919,1926,"Banques et groupes financiers, assurances; Documents généraux (par ordre chronologique); Industries agro-alimentaires; Transports terrestres, garages automobiles et agricoles"
fabry-r,Fabry,René Fabry,4,4,8,administrateur,1921,1938,"Banques et groupes financiers, assurances; Documents généraux (par ordre chronologique); Transports maritimes et aériens"
dubourdieu-l,Dubourdieu,L. Dubourdieu; Louis Dubourdieu,4,4,8,administrateur,1924,1940,"Banques et groupes financiers, assurances; Documents généraux (par ordre chronologique); Filière bois : exploitation forestière, liège, meubles, cellulose, papier…; Industries chimiques"
bastos-a,Bastos,A. Bastos; Alfred Bastos,4,4,7,administrateur,1914,1926,"Banques et groupes financiers, assurances; Cuirs et textiles; Industries agro-alimentaires"
lebon-a-andre,Lebon,André Lebon,4,4,7,president,1912,1938,"Banques et groupes financiers, assurances; Documents généraux (par ordre chronologique); Mines et carrières; Transports terrestres, garages automobiles et agricoles"
chalupt-c,Chalupt,Ch. Chalupt; Chalupt; Charles Chalupt; Charles Chalupt2,4,4,7,administrateur,1905,1925,Documents généraux (par ordre chronologique); Mines et carrières
noblemaire-g,Noblemaire,G. Noblemaire; Georges Noblemaire; Georges Noblemaire 3,4,4,7,administrateur,1906,1938,"Documents généraux (par ordre chronologique); Transports maritimes et aériens; Transports terrestres, garages automobiles et agricoles"
ferasson-l-louis,Férasson,Louis Férasson,4,4,7,administrateur,1922,1950,"Banques et groupes financiers, assurances; Bâtiment et travaux publics, matériaux de construction, céramique; Industries chimiques"
deyron-l,Deyron,Deyron; L. Deyron; Léon-Michel Deyron,4,4,7,administrateur,1920,1945,Industries agro-alimentaires; Mines et carrières
chavrondier-e,Chavrondier,Emmanuel Chavrondier,5,4,7,administrateur,1922,1926,"Commerce; Filière bois : exploitation forestière, liège, meubles, cellulose, papier…; Industries agro-alimentaires; Transports terrestres, garages automobiles et agricoles"
pasquier-m,Pasquier,Maurice Pasquier,4,4,7,administrateur_delegue,1922,1926,"Commerce; Filière bois : exploitation forestière, liège, meubles, cellulose, papier…; Industries agro-alimentaires"
chabert-p,Chabert,P. Chabert; Pierre Chabert,4,4,6,president_directeur_general,1910,1945,Documents généraux (par ordre chronologique); Mines et carrières
de-maniquet-vauberet-l,de Maniquet-Vauberet,Louis de Maniquet- Vauberet; Louis de Maniquet-Vauberet,4,4,6,administrateur,1922,1928,Commerce; Documents généraux (par ordre chronologique); Mines et carrières; Transports maritimes et aériens
narbonne-j,Narbonne,Jules Narbonne,4,4,6,administrateur,1922,1926,"Filière bois : exploitation forestière, liège, meubles, cellulose, papier…; Industries agro-alimentaires; Transports maritimes et aériens"
thibaud-j,Thibaud,Julien Thibaud,4,4,6,administrateur,1922,1926,"Banques et groupes financiers, assurances; Bâtiment et travaux publics, matériaux de construction, céramique; Hôtellerie-restauration, tourisme; Mines et carrières"
de-peyerimhoff-h,de Peyerimhoff,Henri de Peyerimhoff,4,4,5,administrateur,1910,1938,Documents généraux (par ordre chronologique); Mines et carrières; Pétrole et gaz
dal-piaz-j,Dal Piaz,J. Dal Piaz; John Dal Piaz,4,4,5,president,1921,1938,"Documents généraux (par ordre chronologique); Transports maritimes et aériens; Transports terrestres, garages automobiles et agricoles"
chevallier-j,Chevallier,Jean Chevallier,4,4,5,administrateur,1922,1924,"Filière bois : exploitation forestière, liège, meubles, cellulose, papier…; Industries agro-alimentaires"
de-peyerimhoff-de-fontenelle-h,de Peyerimhoff de Fontenelle,Henri de Peyerimhoff de Fontenelle; Henry de Peyerimhoff de Fontenelle,4,4,4,administrateur,1924,1926,Mines et carrières; Transports maritimes et aériens
benazet-p,Bénazet,Paul Benazet; Paul Bénazet,4,4,4,president,1910,1938,Documents généraux (par ordre chronologique); Mines et carrières
chastel-a,Chastel,André Chastel,4,4,4,president,1925,1925,Documents généraux (par ordre chronologique); Mines et carrières
kroller-a,Kröller,A.-G. Kröller; Antony Kröller,4,4,4,president,1925,1933,Documents généraux (par ordre chronologique); Mines et carrières
franck,Franck,Franck,4,4,4,administrateur,1881,1953,"Banques et groupes financiers, assurances; Documents généraux (par ordre chronologique); Filière bois : exploitation forestière, liège, meubles, cellulose, papier…"
magnin-j,Magnin,J. Magnin; Magnin,4,4,4,administrateur,1910,1922,"Documents généraux (par ordre chronologique); Mines et carrières; Transports terrestres, garages automobiles et agricoles"
germain-a-auguste,Germain,Auguste Germain,4,4,4,administrateur,1926,1929,Industries agro-alimentaires
germain-j-jean,Germain,Jean Germain,4,4,4,administrateur,1926,1948,"Banques et groupes financiers, assurances; Industries agro-alimentaires"
ferasson-l,Férasson,Férasson; L. Férasson,3,3,13,administrateur,1931,1953,"Banques et groupes financiers, assurances; Bâtiment et travaux publics, matériaux de construction, céramique; Filière bois : exploitation forestière, liège, meubles, cellulose, papier…"
mirabaud-a,Mirabaud,Albert Mirabaud,3,3,11,administrateur,1905,1938,"Banques et groupes financiers, assurances; Documents généraux (par ordre chronologique); Transports terrestres, garages automobiles et agricoles"
jurien-de-la-graviere-p,Jurien de la Gravière,Jurien de la Gravière; P. Jurien de la Gravière; Pierre Jurien de La Gravière; Pierre Jurien de la Gravière,3,3,11,administrateur,1914,1938,"Banques et groupes financiers, assurances; Industries chimiques; Mines et carrières"
chabert-h,Chabert,H. Chabert; Henri Chabert; Henry Chabert,3,3,10,administrateur,1917,1953,Documents généraux (par ordre chronologique); Mines et carrières
chailley-j,Chailley,J. Chailley; Joseph Chailley,3,3,10,administrateur,1907,1929,"Documents généraux (par ordre chronologique); Mines et carrières; Transports terrestres, garages automobiles et agricoles"
loisy-x,Loisy,X. Loisy; Xavier Loisy,3,3,9,administrateur,1925,1938,"Banques et groupes financiers, assurances; Documents généraux (par ordre chronologique); Eau, gaz, électricité (Utilities)"
estier-h,Estier,H. Estier; Henri Estier,3,3,9,administrateur,1912,1938,"Banques et groupes financiers, assurances; Documents généraux (par ordre chronologique); Transports maritimes et aériens"
gendre-e,Gendre,E. Gendre; Gendre; Édouard Gendre,4,3,9,administrateur,1910,1953,"Banques et groupes financiers, assurances; Documents généraux (par ordre chronologique); Foncières et immobilières; Industries agro-alimentaires"
petit-j,Petit,J. Petit; Joseph Petit,3,3,9,administrateur,1910,1938,"Documents généraux (par ordre chronologique); Mines et carrières; Transports terrestres, garages automobiles et agricoles"
kapferer,Kapferer,Kapferer,3,3,9,administrateur,1910,1937,Documents généraux (par ordre chronologique); Mines et carrières
bouchayer-h,Bouchayer,H. Bouchayer; Hippolyte Bouchayer,3,3,8,president,1921,1940,"Documents généraux (par ordre chronologique); Filière bois : exploitation forestière, liège, meubles, cellulose, papier…"
lauriol-a,Lauriol,A. Lauriol; Albert Lauriol,4,3,8,administrateur,1926,1948,"Banques et groupes financiers, assurances; Industries agro-alimentaires; Mines et carrières; Pétrole et gaz"
sabatier-e,Sabatier,E. Sabatier; Élisée Sabatier,3,3,8,administrateur,1925,1940,"Banques et groupes financiers, assurances; Transports maritimes et aériens"
prat-g,Prat,G. Prat; Georges Prat,3,3,8,administrateur,1929,1940,Industries agro-alimentaires
leppert-f,Leppert,F. Leppert; Fernand Leppert,3,3,8,administrateur,1922,1948,Commerce; Industries agro-alimentaires
homberg-o,Homberg,O. Homberg; Octave Homberg,3,3,7,administrateur,1889,1945,"Cuirs et textiles; Eau, gaz, électricité (Utilities); Transports terrestres, garages automobiles et agricoles"
gronier-e,Gronier,Émile Gronier,3,3,7,administrateur,1922,1938,"Banques et groupes financiers, assurances; Documents généraux (par ordre chronologique); Industries agro-alimentaires"
rouan-p,Rouan,P. Rouan; Paul Rouan,4,3,7,directeur,1922,1940,"Banques et groupes financiers, assurances; Documents généraux (par ordre chronologique); Foncières et immobilières"
galicier-l,Galicier,L. Galicier; Louis Galicier,3,3,7,administrateur,1933,1953,"Banques et groupes financiers, assurances; Industries agro-alimentaires; Mines et carrières"
brachanet-l,Brachanet,L. Brachanet; Léopold Brachanet,3,3,7,administrateur,1922,1953,"Filière bois : exploitation forestière, liège, meubles, cellulose, papier…; Industries agro-alimentaires"
marlio-l,Marlio,L. Marlio; Louis Marlio; Marlio,3,3,6,administrateur,1922,1940,"Banques et groupes financiers, assurances; Documents généraux (par ordre chronologique); Filière bois : exploitation forestière, liège, meubles, cellulose, papier…"
off-lh,off. LH,off. LH,3,3,6,president,1899,1912,"Foncières et immobilières; Industries agro-alimentaires; Transports terrestres, garages automobiles et agricoles"
guiauchain-p,Guiauchain,P. Guiauchain; Pierre Guiauchain,4,3,6,administrateur_delegue,1922,1953,"Bâtiment et travaux publics, matériaux de construction, céramique; Hôtellerie-restauration, tourisme; Loisirs"
carnot-e,Carnot,Ernest Carnot,3,3,6,administrateur,1911,1926,Documents généraux (par ordre chronologique); Mines et carrières
faure-f-frederic,Faure,Frédéric Faure,3,3,6,administrateur,1925,1953,Documents généraux (par ordre chronologique); Mines et carrières
hackenberger-p,Hackenberger,P. Hackenberger; Paul Hackenberger,3,3,6,administrateur,1914,1933,Documents généraux (par ordre chronologique); Mines et carrières
marchal-c,Marchal,Charles Marchal,3,3,6,president,1910,1938,"Bâtiment et travaux publics, matériaux de construction, céramique; Documents généraux (par ordre chronologique); Mines et carrières"
saint-germain-m,Saint-Germain,Marcel Saint- Germain; Marcel Saint-Germain; Marcel Saint-Germain 2,3,3,6,administrateur,1908,1938,"Banques et groupes financiers, assurances; Documents généraux (par ordre chronologique); Transports terrestres, garages automobiles et agricoles"
lallemand,Lallemand,Lallemand,3,3,6,administrateur,1912,1921,"Banques et groupes financiers, assurances; Filière bois : exploitation forestière, liège, meubles, cellulose, papier…"
pose-a,Pose,A. Pose; Alfred Pose,3,3,6,administrateur,1948,1953,"Banques et groupes financiers, assurances; Filière bois : exploitation forestière, liège, meubles, cellulose, papier…"
vinson-j,Vinson,J. Vinson,3,3,6,administrateur,1931,1940,"Bâtiment et travaux publics, matériaux de construction, céramique; Industries agro-alimentaires; Transports terrestres, garages automobiles et agricoles"
berthelot-a,Berthelot,A. Berthelot; André Berthelot,3,3,6,administrateur,1909,1926,"Mines et carrières; Transports terrestres, garages automobiles et agricoles"
brissonnet-e-edgard,Brissonnet,Edgard Brissonnet,4,3,6,administrateur,1922,1926,"Banques et groupes financiers, assurances; Commerce; Filière bois : exploitation forestière, liège, meubles, cellulose, papier…; Industries agro-alimentaires"
wilmotte-m,Wilmotte,Maurice Wilmotte; Wilmotte,3,3,6,administrateur,1905,1910,Mines et carrières
peyerimhoff-de-fontenelle-h,Peyerimhoff de Fontenelle,Henri Peyerimhoff de Fontenelle; Peyerimhoff de Fontenelle,3,3,6,administrateur,1922,1937,Mines et carrières; Pétrole et gaz
bloch-laine-f,Bloch-Lainé,F. Bloch- Lainé; F. Bloch-Lainé,3,3,5,administrateur,1945,1953,"Banques et groupes financiers, assurances; Mines et carrières"
roudy-a,Roudy,A. Roudy; Anathase Roudy4; Athanase Roudy,3,3,5,administrateur,1922,1940,"Filière bois : exploitation forestière, liège, meubles, cellulose, papier…"
tachet,TACHET,TACHET; Tachet,3,3,5,administrateur,1882,1899,"Banques et groupes financiers, assurances; Industries agro-alimentaires"
ledoux,Ledoux,Ledoux,3,3,5,administrateur,1922,1926,Documents généraux (par ordre chronologique); Mines et carrières
choppin-de-janvry-j,Choppin de Janvry,Choppin de Janvry; J. Choppin de Janvry,3,3,5,administrateur,1910,1938,Documents généraux (par ordre chronologique); Mines et carrières
alphandery,Alphandery,Alphandery; Alphandéry,3,3,5,administrateur,1879,1893,"Banques et groupes financiers, assurances"
marchessaux,Marchessaux,Marchessaux,3,3,5,administrateur,1879,1893,"Banques et groupes financiers, assurances"
perrot-e,Perrot,E. Perrot; Émile Perrot,3,3,5,administrateur,1914,1953,Industries agro-alimentaires
bastos-j,Bastos,J. Bastos; Jules Bastos,3,3,5,administrateur,1914,1953,Industries agro-alimentaires
beaune-h,Beaune,Beaune; H. Beaune,3,3,5,administrateur,1926,1953,"Eau, gaz, électricité (Utilities); Industries agro-alimentaires"
pouquet,Pouquet,Pouquet,3,3,5,administrateur,1931,1940,Mines et carrières
mercier,Mercier,Mercier,3,3,5,administrateur,1914,1926,Mines et carrières
riollot-j,Riollot,J. Riollot; Jules Riollot,3,3,5,administrateur,1910,1917,Mines et carrières
cornudet-l,Cornudet,Cornudet; Cornudet. 5; L. Cornudet; L. Cornudet. 9,3,3,5,administrateur,1901,1922,"Mines et carrières; Transports terrestres, garages automobiles et agricoles"
hernandez-j,Hernandez,Joseph Hernandez,3,3,4,administrateur,1922,1929,"Banques et groupes financiers, assurances; Foncières et immobilières; Industries agro-alimentaires"
berthoulat-g,Berthoulat,Berthoulat; Georges Berthoulat,3,3,4,administrateur,1901,1926,"Documents généraux (par ordre chronologique); Filière bois : exploitation forestière, liège, meubles, cellulose, papier…; Transports terrestres, garages automobiles et agricoles"
manent-j,Manent,J. Manent; Jean Manent,3,3,4,president,1926,1938,"Commerce; Documents généraux (par ordre chronologique); Industries agro-alimentaires; Métallurgie, constructions navales"
gabet-f,Gabet,Francisque Gabet,3,3,4,administrateur,1922,1929,Industries agro-alimentaires
froment-guieysse-g,Froment-Guieysse,Froment-Guieysse; G. Froment-Guieysse; Georges Froment-Guieysse,3,3,4,administrateur,1926,1931,"Banques et groupes financiers, assurances; Bâtiment et travaux publics, matériaux de construction, céramique; Eau, gaz, électricité (Utilities)"
lemoigne-e,Lemoigne,Émile Lemoigne,3,3,4,administrateur,1922,1928,"Banques et groupes financiers, assurances; Bâtiment et travaux publics, matériaux de construction, céramique; Mines et carrières"
mulhouse,Mulhouse,Mulhouse,4,3,4,administrateur,1921,1938,"Documents généraux (par ordre chronologique); Filière bois : exploitation forestière, liège, meubles, cellulose, papier…"
pres-bone,près Bône,près Bône,4,3,4,president,1919,1926,"Documents généraux (par ordre chronologique); Industries agro-alimentaires; Mines et carrières; Transports terrestres, garages automobiles et agricoles"
salvane-l,Salvane,Léon Salvane; Léon Salvané,3,3,4,administrateur_delegue,1935,1938,"Bâtiment et travaux publics, matériaux de construction, céramique; Documents généraux (par ordre chronologique)"
morin-g,Morin,Georges Morin,3,3,4,administrateur,1935,1938,"Bâtiment et travaux publics, matériaux de construction, céramique; Documents généraux (par ordre chronologique)"
tanon-a-albert,Tanon,Albert Tanon,3,3,4,vice_president,1926,1942,"Documents généraux (par ordre chronologique); Transports maritimes et aériens; Transports terrestres, garages automobiles et agricoles"
mante-t,Mante,Th Mante; Th Mante 1; Théodore Mante,3,3,4,administrateur,1912,1938,"Documents généraux (par ordre chronologique); Transports maritimes et aériens; Transports terrestres, garages automobiles et agricoles"
thenard,Thénard,Thénard,3,3,4,administrateur,1921,1938,"Documents généraux (par ordre chronologique); Transports maritimes et aériens; Transports terrestres, garages automobiles et agricoles"
van-den-eckhoudt,Van den Eckhoudt,Van den Eckhoudt,3,3,4,administrateur,1910,1938,Documents généraux (par ordre chronologique); Mines et carrières
pellerin-de-latouche-g,Pellerin de Latouche,Gaston Pellerin de Latouche. 10; Pellerin de Latouche,3,3,4,administrateur,1912,1919,"Banques et groupes financiers, assurances; Transports terrestres, garages automobiles et agricoles"
mohring-f,Mohring,Frédéric Mohring,3,3,4,administrateur,1922,1926,Industries agro-alimentaires; Transports maritimes et aériens
altairac-f,Altairac,F. Altairac; Frédéric-Georges Altairac,3,3,4,administrateur,1926,1953,Commerce; Foncières et immobilières; Industries agro-alimentaires
daher-p,Daher,P. Daher; Paul Daher,3,3,4,administrateur,1922,1937,"Bâtiment et travaux publics, matériaux de construction, céramique"
gastu,Gastu,GASTU; Gastu,3,3,4,administrateur,1898,1938,"Banques et groupes financiers, assurances; Mines et carrières"
petit,Petit,Petit,3,3,4,administrateur,1901,1926,"Mines et carrières; Transports terrestres, garages automobiles et agricoles"
fouque-l,Fouque,Léon Fouque,3,3,3,administrateur,1926,1928,"Bâtiment et travaux publics, matériaux de construction, céramique; Filière bois : exploitation forestière, liège, meubles, cellulose, papier…; Foncières et immobilières"
moucheront-p,Moucheront,P. Moucheront; Paul Moucheront,3,3,3,administrateur,1910,1924,Documents généraux (par ordre chronologique); Industries agro-alimentaires; Industries chimiques
stern-j,Stern,Jean Stern,3,3,3,administrateur,1912,1922,Commerce; Industries agro-alimentaires; Transports maritimes et aériens
baptifaut-a,Baptifaut,A. Baptifaut; Alexis Baptifaut,3,3,3,administrateur,1940,1945,Mines et carrières
arnou-g,Arnou,Arnou; Gabriel Arnou,3,3,3,administrateur,1922,1926,Documents généraux (par ordre chronologique); Mines et carrières; Transports maritimes et aériens
kennerley-hall-c,Kennerley Hall,Ch. Kennerley Hall,3,3,3,administrateur,1926,1938,Documents généraux (par ordre chronologique); Pétrole et gaz
roanne,Roanne,Roanne,3,3,3,administrateur,1910,1938,"Documents généraux (par ordre chronologique); Filière bois : exploitation forestière, liège, meubles, cellulose, papier…"
berthon-l,Berthon,L. Berthon; Louis Berthon,3,3,3,administrateur,1935,1938,"Bâtiment et travaux publics, matériaux de construction, céramique; Documents généraux (par ordre chronologique)"
chidaine-p,Chidaine,Paul Chidaine,3,3,3,administrateur,1935,1938,"Bâtiment et travaux publics, matériaux de construction, céramique; Documents généraux (par ordre chronologique)"
lemaigre-dubreuil-r,Lemaigre-Dubreuil,René Lemaigre-Dubreuil,3,3,3,administrateur,1935,1938,"Bâtiment et travaux publics, matériaux de construction, céramique; Documents généraux (par ordre chronologique)"
borgeaud-j,Borgeaud,J. Borgeaud; Jules Borgeaud,3,3,3,administrateur,1926,1938,Commerce; Documents généraux (par ordre chronologique); Industries chimiques
oppenheim,Oppenheim,Oppenheim,3,3,3,administrateur,1911,1938,Documents généraux (par ordre chronologique); Mines et carrières; Transports maritimes et aériens
cardozo-pere-h,Cardozo père,H. Cardozo père,3,3,3,president,1910,1938,Documents généraux (par ordre chronologique); Mines et carrières
rydbeck-o,Rydbeck,O. Rydbeck,3,3,3,president,1910,1938,Documents généraux (par ordre chronologique); Mines et carrières
dandrade-j,Dandrade,J. Dandrade; Joseph Dandrade,3,3,3,president,1910,1938,"Bâtiment et travaux publics, matériaux de construction, céramique; Documents généraux (par ordre chronologique); Transports terrestres, garages automobiles et agricoles"
giraud,Giraud,Giraud,3,3,3,administrateur,1879,1922,"Banques et groupes financiers, assurances; Mines et carrières"
bernabe-h,Bernabé,Henri Bernabé,3,3,3,administrateur,1922,1926,"Commerce; Industries agro-alimentaires; Métallurgie, constructions navales"
jouvet-a,Jouvet,Alphonse Jouvet; Jouvet,3,3,3,administrateur,1926,1940,"Bâtiment et travaux publics, matériaux de construction, céramique; Industries agro-alimentaires; Mines et carrières"
tanon,Tanon,Tanon,3,3,3,administrateur,1922,1926,"Mines et carrières; Transports terrestres, garages automobiles et agricoles"
matheron-c,Matheron,Célestin Matheron,3,3,3,administrateur,1912,1912,"Foncières et immobilières; Mines et carrières; Transports terrestres, garages automobiles et agricoles"
bellat-l,Bellat,L. Bellat; Lucien Bellat,3,3,3,administrateur,1926,1953,"Banques et groupes financiers, assurances; Bâtiment et travaux publics, matériaux de construction, céramique; Mines et carrières"
martin-g,Martin,Georges Martin,3,3,3,administrateur,1926,1926,"Commerce; Filière bois : exploitation forestière, liège, meubles, cellulose, papier…; Foncières et immobilières"
de-cenival-a,de Cenival,Adrien de Cenival,3,3,3,administrateur,1944,1948,Mines et carrières
borgeaud-c,Borgeaud,Charles Borgeaud,3,3,3,administrateur,1926,1938,"Commerce; Filière bois : exploitation forestière, liège, meubles, cellulose, papier…"
cipriani-p,Cipriani,P. Cipriani; Paul Cipriani,3,3,3,administrateur,1944,1948,"Eau, gaz, électricité (Utilities); Mines et carrières"
goudchaux-c,Goudchaux,Ch Goudchaux; Ch. Goudchaux; Charles Goudchaux,2,2,15,administrateur,1880,1922,"Banques et groupes financiers, assurances; Transports terrestres, garages automobiles et agricoles"
favereaux-g,Favereaux,Favereaux; G. Favereaux; Geoges Favereaux; Georges Favereaux,2,2,15,administrateur,1888,1929,"Banques et groupes financiers, assurances; Transports terrestres, garages automobiles et agricoles"
moatti,Moatti,Moatti,2,2,12,administrateur,1917,1937,"Banques et groupes financiers, assurances"
peytel,Peytel,Peytel,3,2,12,administrateur,1882,1914,"Banques et groupes financiers, assurances; Transports terrestres, garages automobiles et agricoles"
odier-l,Odier,L. Odier; Léon Odier,2,2,11,administrateur,1912,1938,"Banques et groupes financiers, assurances; Documents généraux (par ordre chronologique)"
peytel-j,Peytel,J. Peytel; Joanny Peytel,2,2,11,administrateur,1880,1929,"Banques et groupes financiers, assurances; Transports terrestres, garages automobiles et agricoles"
garbe-d,Garbe,D. Garbe; Désiré Garbe,2,2,10,administrateur,1911,1938,"Banques et groupes financiers, assurances; Mines et carrières"
baschet-m,Baschet,Baschet; Maurice Baschet,2,2,10,administrateur,1921,1948,"Documents généraux (par ordre chronologique); Filière bois : exploitation forestière, liège, meubles, cellulose, papier…"
boyer-p,Boyer,P. Boyer; Paul Boyer,2,2,10,administrateur,1921,1940,"Banques et groupes financiers, assurances"
chamon-g,Chamon,G. Chamon; Gabriel Chamon,2,2,9,administrateur,1907,1929,"Documents généraux (par ordre chronologique); Transports terrestres, garages automobiles et agricoles"
navarre-h,Navarre,H. Navarre; Honoré Navarre,2,2,9,administrateur,1921,1940,"Banques et groupes financiers, assurances; Industries chimiques"
tanon-a,Tanon,A. Tanon,2,2,9,administrateur,1929,1940,"Mines et carrières; Transports terrestres, garages automobiles et agricoles"
bordet,Bordet,Bordet; Bordet4,2,2,9,administrateur,1887,1929,"Cuirs et textiles; Transports terrestres, garages automobiles et agricoles"
nerot-e,Nérot,E. Nérot; Émile Nérot,2,2,9,administrateur,1926,1953,"Eau, gaz, électricité (Utilities)"
bouvier-d,Bouvier,D. Bouvier; Daniel Bouvier,2,2,8,administrateur,1919,1933,"Documents généraux (par ordre chronologique); Transports terrestres, garages automobiles et agricoles"
renaudin-l,Renaudin,L. Renaudin,2,2,8,administrateur,1937,1953,"Banques et groupes financiers, assurances; Industries chimiques"
brugere-j,Brugère,J. Brugère,2,2,8,administrateur,1937,1953,"Banques et groupes financiers, assurances; Industries chimiques"
bertagna-j,Bertagna,J. Bertagna; Jérome Bertagna,2,2,8,administrateur,1929,1953,Industries agro-alimentaires
caron,Caron,CARON; Caron,3,2,7,administrateur,1922,1953,"Cuirs et textiles; Documents généraux (par ordre chronologique); Filière bois : exploitation forestière, liège, meubles, cellulose, papier…"
bouscasse-f,Bouscasse,F. Bouscasse; Fernand Bouscasse,2,2,7,administrateur,1922,1945,"Eau, gaz, électricité (Utilities); Industries chimiques"
bucherer-h,Bucherer,H. Bucherer,2,2,7,administrateur,1933,1945,"Eau, gaz, électricité (Utilities)"
delarue-j,Delarue,J. Delarue; Joseph Delarue,2,2,7,administrateur,1925,1938,"Banques et groupes financiers, assurances; Documents généraux (par ordre chronologique)"
siry-e,Siry,Étienne Siry,2,2,7,president,1907,1925,"Documents généraux (par ordre chronologique); Transports terrestres, garages automobiles et agricoles"
conty-a,Conty,A. Conty; Alexandre Conty,2,2,7,administrateur,1929,1945,"Banques et groupes financiers, assurances; Documents généraux (par ordre chronologique)"
cambefort-o,Cambefort,O. Cambefort; Oscar Cambefort,2,2,7,administrateur,1910,1948,Documents généraux (par ordre chronologique); Mines et carrières
champin,Champin,Champin,2,2,7,administrateur,1910,1945,"Banques et groupes financiers, assurances; Documents généraux (par ordre chronologique); Mines et carrières"
jourdan,Jourdan,Jourdan,2,2,7,administrateur,1902,1920,"Banques et groupes financiers, assurances"
janicot-x,Janicot,Janicot; X. Janicot; Xavier Janicot,2,2,7,administrateur,1905,1926,"Mines et carrières; Transports terrestres, garages automobiles et agricoles"
daher-c,Daher,Ch. Daher; Charles Daher,3,2,7,administrateur_delegue,1922,1953,"Bâtiment et travaux publics, matériaux de construction, céramique"
vassilliere-c,Vassillière,Ch Vassillière; Ch. Vassillière; Charles Vassillière,3,2,7,president_directeur_general,1931,1953,Mines et carrières
henri,Henri,Henri,2,2,7,administrateur,1898,1933,"Banques et groupes financiers, assurances"
froger-a,Froger,A. Froger; André Froger,2,2,7,administrateur,1926,1953,Industries agro-alimentaires
armand-h,Armand,H. Armand,2,2,7,administrateur,1937,1953,Industries agro-alimentaires; Mines et carrières
rivaud,Rivaud,Rivaud,2,2,7,administrateur,1922,1926,Mines et carrières
rehm-v,Rehm,V. Rehm; Victor Rehm,2,2,7,administrateur,1922,1929,Mines et carrières
marlier-j,Marlier,J. P. Marlier; J.-P. Marlier,2,2,7,administrateur,1910,1920,Mines et carrières
desforges-p,Desforges,P. Desforges; Pierre Desforges,2,2,6,administrateur,1922,1940,"Documents généraux (par ordre chronologique); Filière bois : exploitation forestière, liège, meubles, cellulose, papier…"
leruste-h,Leruste,H. Leruste,2,2,6,administrateur,1937,1953,"Eau, gaz, électricité (Utilities); Foncières et immobilières"
nicou-p,Nicou,Nicou; Paul Nicou,2,2,6,president,1910,1938,Documents généraux (par ordre chronologique); Mines et carrières
regnault-e,Regnault,E. Regnault; Eugène Regnault,2,2,6,administrateur,1931,1940,"Banques et groupes financiers, assurances; Documents généraux (par ordre chronologique)"
parc-gatlif,parc Gatlif,parc Gatlif,3,2,6,administrateur,1922,1940,"Banques et groupes financiers, assurances; Mines et carrières"
saint-d,Saint,D. Saint; Daniel Saint,2,2,6,administrateur,1938,1953,"Filière bois : exploitation forestière, liège, meubles, cellulose, papier…"
morin-t,Morin,Théodore Morin,2,2,6,president,1912,1926,"Banques et groupes financiers, assurances; Mines et carrières"
ed-laroche-joubert,Ed. Laroche-Joubert,Ed. Laroche-Joubert,2,2,6,president,1937,1953,"Filière bois : exploitation forestière, liège, meubles, cellulose, papier…"
fitoussi-e,Fitoussi,E. Fitoussi; Fitoussi,2,2,6,administrateur,1920,1938,Mines et carrières
lippens-h,Lippens,H. Lippens; Henri Lippens,2,2,6,administrateur,1920,1953,Mines et carrières
labbe-e,Labbé,E. Labbé; Eugène Labbé,2,2,6,administrateur,1924,1940,Industries agro-alimentaires
toche-c,Toché,C. Toché; Carlo Toché,2,2,5,administrateur,1940,1953,"Eau, gaz, électricité (Utilities); Transports terrestres, garages automobiles et agricoles"
laffont-r,Laffont,Raymond Laffont,2,2,5,administrateur,1922,1926,"Banques et groupes financiers, assurances; Hôtellerie-restauration, tourisme"
leo-r,Léo,Roger Léo,3,2,5,president,1922,1926,"Banques et groupes financiers, assurances; Documents généraux (par ordre chronologique); Mines et carrières"
mercier-l,Mercier,Louis Mercier,2,2,5,president,1910,1938,Documents généraux (par ordre chronologique); Mines et carrières
beaugey-r,Beaugey,Beaugey; Raymond Beaugey,2,2,5,vice_president,1910,1938,Documents généraux (par ordre chronologique); Mines et carrières
hersent-j,Hersent,J.-B. Hersent,2,2,5,president,1910,1940,Documents généraux (par ordre chronologique); Mines et carrières
tine-e,Tiné,E. Tiné; Édouard Tiné,2,2,5,administrateur,1919,1937,"Documents généraux (par ordre chronologique); Transports terrestres, garages automobiles et agricoles"
warot-a,Warot,A. Warot; André Warot,2,2,5,administrateur,1931,1938,"Banques et groupes financiers, assurances; Documents généraux (par ordre chronologique)"
boyer,Boyer,Boyer,2,2,5,administrateur,1917,1931,"Banques et groupes financiers, assurances"
ernest-picard-p,Ernest-Picard,P. Ernest-Picard; Paul Ernest-Picard,2,2,5,administrateur,1926,1940,"Banques et groupes financiers, assurances"
morard-l,Morard,L. Morard; L.-P. Morard; Louis-Paul Morard,2,2,5,administrateur,1937,1948,"Banques et groupes financiers, assurances; Transports terrestres, garages automobiles et agricoles"
farnier-c,Farnier,C. Farnier; Ch. Farnier,2,2,5,administrateur,1945,1953,"Banques et groupes financiers, assurances"
bernard-p,Bernard,P. Bernard; Paul Bernard,3,2,5,administrateur,1948,1953,"Filière bois : exploitation forestière, liège, meubles, cellulose, papier…; Mines et carrières"
thibaut-m,Thibaut,Maurice Thibaut,2,2,5,administrateur_delegue,1922,1926,Transports maritimes et aériens
delacroix,DELACROIX. 4,DELACROIX. 4; Delacroix,2,2,5,administrateur,1912,1926,"Banques et groupes financiers, assurances; Commerce"
desportes-j,Desportes,J. Desportes; Jean Desportes; Jean-Antoine-Marie Desportes,2,2,5,administrateur,1901,1940,Mines et carrières
boudin-j,Boudin,Jacques Boudin,2,2,5,administrateur,1922,1926,Industries agro-alimentaires; Industries chimiques
robellaz,Robellaz,Robellaz,2,2,5,administrateur,1917,1933,Mines et carrières
boscher-a,Boscher,A. Boscher; André Boscher; André Boscher. 6; André Boscher1,2,2,5,administrateur,1905,1910,Mines et carrières
bouillat-g,Bouillat,G. Bouillat; Georges Bouillat,2,2,5,president,1912,1937,Mines et carrières
aries-j,Ariès,J. Ariès,2,2,5,president,1935,1953,"Eau, gaz, électricité (Utilities); Mines et carrières"
esteve-g,Estève,G. Estève,2,2,5,administrateur,1937,1953,"Eau, gaz, électricité (Utilities); Mines et carrières"
gingembre-p,Gingembre,P. Gingembre; Paul Gingembre,3,2,5,administrateur_delegue,1937,1953,Mines et carrières
richier-l,Richier,L. Richier,2,2,5,administrateur,1937,1953,"Eau, gaz, électricité (Utilities); Foncières et immobilières"
henrion,Henrion,Henrion,2,2,5,administrateur,1937,1953,"Foncières et immobilières; Transports terrestres, garages automobiles et agricoles"
caquot-a,Caquot,Albert Caquot; Caquot,2,2,5,president,1925,1926,"Bâtiment et travaux publics, matériaux de construction, céramique"
planchat-h,Planchat,H. Planchat; Henri Planchat,2,2,5,administrateur,1931,1948,Mines et carrières
francois-marsal-f,François-Marsal,F. François-Marsal,2,2,5,administrateur,1922,1931,Industries agro-alimentaires
alger,Alger. 7,? Alger; Alger. 1; Alger. 6; Alger. 7,4,2,4,commissaire_aux_comptes,1922,1938,"Banques et groupes financiers, assurances; Filière bois : exploitation forestière, liège, meubles, cellulose, papier…; Industries agro-alimentaires; Mines et carrières"
caron-m,Caron,Maurice Caron,2,2,4,administrateur,1922,1938,"Documents généraux (par ordre chronologique); Filière bois : exploitation forestière, liège, meubles, cellulose, papier…"
stephen-de-lanzac-de-laborie,Stephen de Lanzac de Laborie,Stephen de Lanzac de Laborie,2,2,4,administrateur,1922,1938,"Documents généraux (par ordre chronologique); Filière bois : exploitation forestière, liège, meubles, cellulose, papier…"
chardenet-l,Chardenet,Louis Chardenet,2,2,4,administrateur,1922,1938,"Documents généraux (par ordre chronologique); Filière bois : exploitation forestière, liège, meubles, cellulose, papier…"
villet-f,Villet,F. Villet,2,2,4,administrateur,1937,1945,"Filière bois : exploitation forestière, liège, meubles, cellulose, papier…"
adolphe-e,Adolphe,E. Adolphe; Eugène Adolphe,2,2,4,administrateur,1922,1933,"Banques et groupes financiers, assurances; Commerce"
scudier-r,Scudier,Raymond Scudier,2,2,4,president,1922,1926,"Banques et groupes financiers, assurances; Cuirs et textiles"
foucard-p,Foucard,Paul Foucard,2,2,4,administrateur,1922,1926,"Banques et groupes financiers, assurances"
gittens-w,Gittens,Gittens; Willy Gittens,2,2,4,administrateur_delegue,1922,1926,Documents généraux (par ordre chronologique); Mines et carrières
jalabert-e,Jalabert,E. Jalabert; Jalabert,2,2,4,administrateur,1914,1925,Documents généraux (par ordre chronologique); Mines et carrières
laurent-t,Laurent,Théodore Laurent,2,2,4,president,1910,1938,Documents généraux (par ordre chronologique); Mines et carrières
cox-j,Cox,J.-R. Cox,2,2,4,president,1919,1926,"Documents généraux (par ordre chronologique); Transports terrestres, garages automobiles et agricoles"
madeline-j,Madeline,J. Madeline; Madeline,2,2,4,administrateur,1929,1938,Documents généraux (par ordre chronologique); Mines et carrières
bouruet-aubertot-h,Bouruet-Aubertot,Hector Bouruet- Aubertot; Hector Bouruet-Aubertot,2,2,4,president,1906,1922,"Documents généraux (par ordre chronologique); Transports terrestres, garages automobiles et agricoles"
rostand-b,Rostand,B. Rostand; Bruno Rostand,2,2,4,president,1910,1938,Documents généraux (par ordre chronologique); Mines et carrières
espallac-a,Espallac,Alphonse Espallac,2,2,4,administrateur,1919,1926,"Filière bois : exploitation forestière, liège, meubles, cellulose, papier…; Transports terrestres, garages automobiles et agricoles"
wittersheim-j,Wittersheim,J. Wittersheim; Wittersheim,2,2,4,administrateur,1879,1893,"Banques et groupes financiers, assurances"
alcay,Alcay,Alcay,2,2,4,administrateur,1879,1914,"Banques et groupes financiers, assurances"
bastos-l,Bastos,L.-A. Bastos; Louis-Adolphe Bastos,2,2,4,administrateur,1914,1926,Industries agro-alimentaires
watel-dehaynin-a,Watel-Dehaynin,Albert Watel-Dehaynin,2,2,4,administrateur_delegue,1906,1930,"Industries agro-alimentaires; Transports terrestres, garages automobiles et agricoles"
verhelst-l,Verhelst,Léon Verhelst; Verhelst,2,2,4,president,1922,1933,"Eau, gaz, électricité (Utilities); Industries agro-alimentaires"
imbert-l,Imbert,L. Imbert,2,2,4,administrateur,1940,1948,"Banques et groupes financiers, assurances; Filière bois : exploitation forestière, liège, meubles, cellulose, papier…"
monlun-s,Monlun,S. Monlun; Sidney Monlun; Sydney Monlun,3,2,4,commissaire_aux_comptes,1922,1926,"Mines et carrières; Transports terrestres, garages automobiles et agricoles"
boussand-l-lucien,Boussand,Lucien Boussand,2,2,4,administrateur_delegue,1911,1926,Mines et carrières
dhe-p,Dhé 1,Dhé; Paul Dhé; Paul Dhé 1,2,2,4,administrateur,1920,1926,Transports maritimes et aériens
fabry-j,Fabry,J. Fabry; Jacques Fabry,2,2,4,administrateur,1945,1953,"Banques et groupes financiers, assurances"
bernard,Bernard,Bernard,3,2,4,administrateur,1914,1950,"Banques et groupes financiers, assurances; Mines et carrières; Transports terrestres, garages automobiles et agricoles"
thibaut-a,Thibaut,Albert Thibaut,2,2,4,administrateur_delegue,1922,1926,Transports maritimes et aériens
demarest,Démarest,Demarest; Démarest,2,2,4,administrateur,1912,1920,"Banques et groupes financiers, assurances; Industries chimiques"
bordet-l-lucien,Bordet,Lucien Bordet,2,2,4,president,1912,1925,"Banques et groupes financiers, assurances; Mines et carrières"
maillard,Maillard,Maillard,2,2,4,administrateur,1882,1906,"Banques et groupes financiers, assurances; Mines et carrières"
gastu-f-francois,Gastu,François Gastu,2,2,4,administrateur,1900,1906,"Banques et groupes financiers, assurances; Foncières et immobilières"
marquand-gairard-c,Marquand-Gairard,Charles Marquand-Gairard,2,2,4,administrateur,1919,1926,"Commerce; Filière bois : exploitation forestière, liège, meubles, cellulose, papier…"
vacheron-a,Vacheron,A. Vacheron; Vacheron,2,2,4,administrateur,1922,1931,Mines et carrières
bertrand-j-julien,Bertrand,Julien Bertrand,2,2,4,president,1922,1926,Commerce; Industries agro-alimentaires
furgier-h,Furgier,Hilaire Furgier,2,2,4,administrateur_delegue,1922,1926,Industries agro-alimentaires
fegly-h,Fégly,H. Fégly; Henri Fégly,2,2,4,administrateur,1926,1933,"Eau, gaz, électricité (Utilities)"
saurin-j,Saurin,Jules Saurin,2,2,4,administrateur_delegue,1910,1926,Industries agro-alimentaires
lyon-m,Lyon,Max Lyon; Max Lyon4,2,2,4,administrateur,1905,1910,Mines et carrières
goyard-j,Goyard,J. Goyard; Joseph Goyard,2,2,4,administrateur,1912,1933,Mines et carrières
herbe-j,Herbe,J. Herbé; Julien Herbe,2,2,4,administrateur,1922,1937,Mines et carrières
kroller,Kröller,Kroller; Kröller,2,2,4,administrateur,1914,1926,Mines et carrières
genebrias-de-fredaigue-g,Génébrias de Fredaigue,G. Génébrias de Fredaigue; Génébrias de Fredaigue,2,2,4,administrateur,1902,1916,Mines et carrières
vogt-p,Vogt,P. Vogt; Pierre Vogt,2,2,4,administrateur,1922,1930,Industries pharmaceutiques et parachimie; Mines et carrières
gueit-e,Gueit,Édouard Gueit,2,2,4,administrateur,1922,1926,"Industries agro-alimentaires; Transports terrestres, garages automobiles et agricoles"
le-blan-j,le Blan,J. Le Blan; Julien le Blan,2,2,3,administrateur,1926,1948,Industries agro-alimentaires; Mines et carrières
levy-c,Lévy,Charles Lévy,2,2,3,administrateur,1922,1928,"Banques et groupes financiers, assurances; Industries agro-alimentaires"
deyme-l,Deyme,Lucien Deyme,2,2,3,president,1922,1926,Industries agro-alimentaires
pepin-a,Pepin,Alfred Pepin; Alfred Pépin,2,2,3,administrateur_delegue,1922,1926,Industries agro-alimentaires
pepin-j,Pepin,Joseph Pepin; Joseph Pépin,2,2,3,administrateur,1922,1926,Industries agro-alimentaires
brisson-g,Brisson,Gérard Brisson,2,2,3,administrateur,1922,1926,Industries agro-alimentaires
de-meuron-g,de Meuron,Georges de Meuron,2,2,3,administrateur,1924,1926,Industries agro-alimentaires
claude-h,Claude,H. Claude; Henri Claude,2,2,3,administrateur,1911,1922,"Eau, gaz, électricité (Utilities); Industries chimiques"
stockhammer-a,Stockhammer,A. Stockhammer; Albert Stockhammer,2,2,3,administrateur,1920,1922,Commerce; Industries chimiques
simonin-a-armand,Simonin,Armand Simonin,2,2,3,administrateur,1922,1938,"Filière bois : exploitation forestière, liège, meubles, cellulose, papier…"
boussand,BOUSSAND,BOUSSAND; Boussand,2,2,3,administrateur,1899,1926,Industries agro-alimentaires; Mines et carrières
gonzague-de-bellescize,Gonzague de Bellescize,Gonzague de Bellescize,2,2,3,administrateur,1922,1926,Industries agro-alimentaires; Mines et carrières
boussand-h,Boussand,Henri Boussand; Henry Boussand,2,2,3,administrateur,1922,1926,Industries agro-alimentaires; Mines et carrières
x-a,(?),Alger 13; Ansbacher (?); Arthaud (?),3,2,3,conseil_surveillance,1926,1926,"Bâtiment et travaux publics, matériaux de construction, céramique; Transports maritimes et aériens"
grima-l,Grima,Laurent Grima; Lucien-Albert Grima,2,2,3,administrateur,1924,1926,"Industries agro-alimentaires; Transports terrestres, garages automobiles et agricoles"
laguerre-a,Laguerre,André Laguerre; LAGUERRE,3,2,3,administrateur,1922,1922,"Banques et groupes financiers, assurances; Commerce; Hôtellerie-restauration, tourisme"
tallon-p,Tallon,Paris Tallon; Pierre Tallon,3,2,3,administrateur_delegue,1922,1928,"Banques et groupes financiers, assurances; Documents généraux (par ordre chronologique); Mines et carrières"
crighton,Crighton,Crighton,2,2,3,administrateur,1925,1925,Documents généraux (par ordre chronologique)
bouscasse,Bouscasse,Bouscasse,2,2,3,president,1922,1925,"Documents généraux (par ordre chronologique); Filière bois : exploitation forestière, liège, meubles, cellulose, papier…"
warot-j,Warot,J. Warot; Joseph Warot,2,2,3,administrateur_delegue,1903,1925,"Banques et groupes financiers, assurances; Documents généraux (par ordre chronologique)"
tours,Tours,Tours,3,2,3,directeur_general,1925,1938,"Documents généraux (par ordre chronologique); Filière bois : exploitation forestière, liège, meubles, cellulose, papier…"
reims,Reims,Reims,3,2,3,directeur_general,1921,1925,Documents généraux (par ordre chronologique); Mines et carrières
lebon-p,Lebon,Pierre Lebon,2,2,3,administrateur,1923,1926,"Documents généraux (par ordre chronologique); Eau, gaz, électricité (Utilities)"
de-seynes-l,de Seynes,Louis de Seynes,2,2,3,president,1922,1925,Documents généraux (par ordre chronologique); Mines et carrières
gorand-p,Gorand,Pierre Gorand,2,2,3,president,1922,1925,Documents généraux (par ordre chronologique); Mines et carrières
nico-m,Nico,Müller Nico; Nico,2,2,3,president,1910,1938,Documents généraux (par ordre chronologique); Mines et carrières
amiens,Amiens,Amiens,3,2,3,administrateur,1921,1925,Cuirs et textiles; Documents généraux (par ordre chronologique); Mines et carrières
denfert-rochereau-a,Denfert-Rochereau,Aristide Denfert-Rochereau,2,2,3,vice_president,1910,1938,Documents généraux (par ordre chronologique); Mines et carrières
terrier-a,Terrier,A. Terrier; Auguste Terrier,2,2,3,administrateur,1931,1938,"Banques et groupes financiers, assurances; Documents généraux (par ordre chronologique)"
gregori-m,Grégori,Grégori; Marcellin Gregori,2,2,3,administrateur,1922,1938,"Commerce; Documents généraux (par ordre chronologique); Métallurgie, constructions navales"
giraud-h-hubert,Giraud,Hubert Giraud,2,2,3,administrateur,1921,1938,Documents généraux (par ordre chronologique); Transports maritimes et aériens
mallen-e,Mallen,Emile Mallen; Émile Mallen,2,2,3,administrateur,1921,1938,Documents généraux (par ordre chronologique); Transports maritimes et aériens
fr-estier,Fr. Estier,Fr. Estier,2,2,3,administrateur,1921,1938,Documents généraux (par ordre chronologique); Transports maritimes et aériens
d-estienne-d-orves,d'Estienne d'Orves,d'Estienne d'Orves,2,2,3,administrateur,1921,1938,Documents généraux (par ordre chronologique); Transports maritimes et aériens
robellaz-f,Robellaz,F. Robellaz; Fernand Robellaz,2,2,3,administrateur,1910,1938,Documents généraux (par ordre chronologique); Mines et carrières
jules-b,Jules,Bernard Jules; Jules,2,2,3,administrateur_delegue,1910,1940,Commerce; Documents généraux (par ordre chronologique); Mines et carrières
reutemann-a,Reutemann,A. Reutemann; Alfred Reutemann,2,2,3,administrateur,1910,1938,Commerce; Documents généraux (par ordre chronologique)
bauer-h,Bauer,H. Bauer; Henri Bauer,2,2,3,president,1910,1938,Documents généraux (par ordre chronologique); Mines et carrières
bernard-j-jules,Bernard,Jules Bernard,2,2,3,president,1910,1940,Documents généraux (par ordre chronologique); Mines et carrières
th-rodocanachi,Th. Rodocanachi,Th. Rodocanachi,2,2,3,administrateur,1912,1921,"Banques et groupes financiers, assurances"
delamotte-g,Delamotte,G. Delamotte; Gabriel Delamotte,2,2,3,administrateur,1926,1940,"Banques et groupes financiers, assurances"
levy-l,Lévy,L. Lévy,2,2,3,administrateur,1922,1945,"Banques et groupes financiers, assurances; Cuirs et textiles"
flouret-m,Flouret,Flouret; Marcel Flouret; Marcel Flouret*,2,2,3,directeur,1948,1950,"Banques et groupes financiers, assurances"
colin-m,Colin,Marcel Colin,3,2,3,administrateur,1926,1926,Industries agro-alimentaires
barris-j,Barris,Joseph Barris; José Barris,2,2,3,administrateur,1910,1926,"Banques et groupes financiers, assurances; Filière bois : exploitation forestière, liège, meubles, cellulose, papier…"
de-saporta-g,de Saporta,Gaston de Saporta,2,2,3,administrateur,1922,1926,"Banques et groupes financiers, assurances; Industries chimiques"
charles,Charles,Charles,2,2,3,administrateur,1888,1893,Industries agro-alimentaires
tortel-a,Tortel,Albert Tortel,3,2,3,administrateur,1922,1926,"Filière bois : exploitation forestière, liège, meubles, cellulose, papier…; Foncières et immobilières"
solal-r,Solal,Rodolphe Solal,2,2,3,administrateur,1922,1926,Industries agro-alimentaires; Transports maritimes et aériens
thesmar,THESMAR,THESMAR,2,2,3,administrateur,1901,1901,"Banques et groupes financiers, assurances"
lavie-m,Lavie,Marcel Lavie,2,2,3,administrateur,1922,1926,"Banques et groupes financiers, assurances; Industries agro-alimentaires"
auriacombe-l,Auriacombe,Auriacombe; Louis Auriacombe,2,2,3,administrateur,1922,1926,"Filière bois : exploitation forestière, liège, meubles, cellulose, papier…"
philibert-j,Philibert,Joseph Philibert,2,2,3,administrateur,1922,1926,"Bâtiment et travaux publics, matériaux de construction, céramique; Filière bois : exploitation forestière, liège, meubles, cellulose, papier…"
sautter-e-ernest,Sautter,Ernest Sautter,2,2,3,administrateur,1902,1925,Mines et carrières
chabert-a,Chabert,Albert Chabert,2,2,3,administrateur,1905,1906,"Transports terrestres, garages automobiles et agricoles"
chastel,Chastel,Chastel,2,2,3,administrateur,1922,1926,Mines et carrières
gompel-r-robert,Gompel,Robert Gompel,2,2,3,president,1920,1926,"Bâtiment et travaux publics, matériaux de construction, céramique"
molinari-a,Molinari,A. Molinari; Albert Molinari,2,2,3,administrateur_delegue,1924,1931,"Bâtiment et travaux publics, matériaux de construction, céramique"
galoppe-r,Galoppe,Robert Galoppe,2,2,3,administrateur,1922,1926,Industries chimiques; Transports maritimes et aériens
fournier-p,Fournier,P. Fournier,2,2,3,administrateur,1937,1953,"Banques et groupes financiers, assurances; Foncières et immobilières"
jourdan-c,Jourdan,Ch Jourdan; Ch. Jourdan; Charles Jourdan,2,2,3,administrateur,1888,1922,"Banques et groupes financiers, assurances"
pinson-e,Pinson,E. Pinson,2,2,3,administrateur,1933,1940,"Banques et groupes financiers, assurances; Eau, gaz, électricité (Utilities)"
d-audiffret-pasquier-d,d'Audiffret-Pasquier,d'Audiffret-Pasquier,2,2,3,administrateur,1937,1951,"Banques et groupes financiers, assurances; Pétrole et gaz"
agricole-d-algerie,agricole d'Algérie,agricole d'Algérie,3,2,3,administrateur,1900,1953,"Banques et groupes financiers, assurances; Foncières et immobilières"
trelat,Trelat,Trelat; Trélat,2,2,3,administrateur,1931,1933,"Banques et groupes financiers, assurances; Industries chimiques"
jourdan-l,Jourdan,Louis Jourdan,2,2,3,president,1924,1926,Industries agro-alimentaires
billiard-l,Billiard,L. Billiard; Louis Billiard,2,2,3,administrateur,1926,1926,"Métallurgie, constructions navales"
simon-e,Simon,E. Simon,2,2,3,president_directeur_general,1910,1953,Mines et carrières
viallet-l,Viallet,Louis Viallet,2,2,3,administrateur,1922,1926,Industries agro-alimentaires
plattard-g,Plattard,G. Plattard; Georges Plattard,2,2,3,administrateur,1924,1938,Industries agro-alimentaires; Transports maritimes et aériens
gay-l-leon,Gay,Léon Gay,2,2,3,administrateur,1922,1926,"Bâtiment et travaux publics, matériaux de construction, céramique; Filière bois : exploitation forestière, liège, meubles, cellulose, papier…"
parsons-f,Parsons,Frederic Parsons; Frédéric Parsons,2,2,3,administrateur,1909,1926,"Eau, gaz, électricité (Utilities); Transports terrestres, garages automobiles et agricoles"
beard-du-dezert-o,Béard du Dézert,Béard du Dézert; O. Béard du Dézert,2,2,3,administrateur,1920,1924,"Banques et groupes financiers, assurances; Hôtellerie-restauration, tourisme"
de-montalivet-c,de Montalivet,Charles de Montalivet; de Montalivet,2,2,3,president,1922,1940,"Filière bois : exploitation forestière, liège, meubles, cellulose, papier…"
bargy-c,Bargy,Bargy; C. Bargy,2,2,3,administrateur,1948,1953,"Filière bois : exploitation forestière, liège, meubles, cellulose, papier…; Mines et carrières"
kberlin-g,Kœberlin,G. Kœberlin; Gabriel Kœberlin,2,2,3,administrateur,1932,1953,Mines et carrières
vincent-a,Vincent,André Vincent,2,2,3,president,1910,1925,Mines et carrières
michel-c,Michel,Ch. Michel,2,2,3,administrateur,1910,1914,Mines et carrières
d-esposito-l,D'Esposito,L. D'Esposito; Louis d' Esposito,2,2,3,administrateur,1926,1940,"Foncières et immobilières; Métallurgie, constructions navales"
trottier-p,Trottier,Paul Trottier,2,2,3,administrateur,1922,1926,"Filière bois : exploitation forestière, liège, meubles, cellulose, papier…; Industries agro-alimentaires"
mourgnot-p,Mourgnot,Paul Mourgnot,2,2,3,administrateur,1935,1938,"Bâtiment et travaux publics, matériaux de construction, céramique"
colas-e,Colas,E. Colas; Eugène Colas,2,2,3,administrateur,1922,1933,Commerce
laurens-h,Laurens,H. Laurens,2,2,2,administrateur,1910,1912,Transports maritimes et aériens
laurens-j,Laurens,Julien Laurens,2,2,2,administrateur,1919,1920,Commerce; Transports maritimes et aériens
de-la-rochefoucauld-g,de la Rochefoucauld,Gabriel de la Rochefoucauld,2,2,2,administrateur,1926,1926,Industries agro-alimentaires
ferrando-h,Ferrando,H. Ferrando; Henri Ferrando,2,2,2,administrateur,1924,1926,"Bâtiment et travaux publics, matériaux de construction, céramique; Hôtellerie-restauration, tourisme"
thierry-mieg-a,Thierry-Mieg,Ad Thierry-Mieg; Adolphe Thierry-Mieg,2,2,2,administrateur,1922,1925,Industries agro-alimentaires
faure,Faure,Faure,2,2,2,administrateur,1922,1923,Mines et carrières
brissonnet-e,Brissonnet,E- Brissonnet; E. Brissonnet,2,2,2,administrateur,1920,1920,"Banques et groupes financiers, assurances; Industries chimiques"
julien,Julien,Julien,2,2,2,administrateur,1889,1920,Industries chimiques; Transports maritimes et aériens
martin-l-louis,Martin,Louis Martin,2,2,2,administrateur,1921,1926,"Banques et groupes financiers, assurances; Filière bois : exploitation forestière, liège, meubles, cellulose, papier…"
navarre-a,Navarre,A. Navarre; André Navarre,2,2,2,administrateur,1910,1921,"Documents généraux (par ordre chronologique); Filière bois : exploitation forestière, liège, meubles, cellulose, papier…"
berthault,Berthault,Berthault,2,2,2,administrateur,1917,1940,"Banques et groupes financiers, assurances; Eau, gaz, électricité (Utilities)"
huge-p,Huge,Paul Huge; Paul Hugé,2,2,2,administrateur,1924,1935,"Transports terrestres, garages automobiles et agricoles"
barriol-a,Barriol,A. Barriol; Alfred Barriol,2,2,2,administrateur,1911,1922,"Transports terrestres, garages automobiles et agricoles"
godin-a,Godin,A. Godin; André Godin,2,2,2,conseil_surveillance,1926,1929,Transports maritimes et aériens
froges,Froges,Froges,2,2,2,administrateur,1924,1932,Mines et carrières
camargue,Camargue,Camargue,2,2,2,administrateur,1924,1932,Mines et carrières
aicard-p,Aicard,Pierre-Émile Aicard,2,2,2,administrateur,1922,1926,Commerce
aymes-p,Aymes,Paul Aymes,2,2,2,administrateur,1922,1926,"Commerce; Imprimerie, presse, édition"
millet-c,Millet,Charles Millet,2,2,2,president,1922,1922,"Commerce; Transports terrestres, garages automobiles et agricoles"
roche-l,Roche,Laurent Roche; Louis Roche,2,2,2,administrateur,1922,1930,"Industries agro-alimentaires; Transports terrestres, garages automobiles et agricoles"
brustlein-h,Brustlein,Brustlein; Henri Brustlein,2,2,2,administrateur,1924,1925,Documents généraux (par ordre chronologique); Industries agro-alimentaires
stotz-j,Stotz,Julien Stotz; Stotz,2,2,2,administrateur,1924,1925,Documents généraux (par ordre chronologique); Industries agro-alimentaires
godet-r,Godet,René Godet,2,2,2,administrateur,1925,1925,Documents généraux (par ordre chronologique)
laminoirs-du-havre,laminoirs du Havre,laminoirs du Havre,2,2,2,administrateur,1925,1925,Documents généraux (par ordre chronologique)
houet-p,Houet,P. Houet; Paul Houet,2,2,2,administrateur,1925,1925,Documents généraux (par ordre chronologique)
martin,Martin,Martin,2,2,2,administrateur,1920,1925,"Banques et groupes financiers, assurances; Documents généraux (par ordre chronologique)"
turin,Turin,Turin,2,2,2,administrateur,1925,1925,Documents généraux (par ordre chronologique)
germain,Germain,Germain,2,2,2,president,1925,1925,Documents généraux (par ordre chronologique); Mines et carrières
joly,Joly,Joly,2,2,2,president,1925,1925,Documents généraux (par ordre chronologique); Mines et carrières
calais,Calais,Calais,2,2,2,president,1919,1925,Documents généraux (par ordre chronologique)
ledoux-f,Ledoux,Frédéric Ledoux,2,2,2,president,1925,1925,Documents généraux (par ordre chronologique); Mines et carrières
basset-l,Basset,Lucien Basset,2,2,2,president,1925,1925,Documents généraux (par ordre chronologique); Mines et carrières
barenton,Barenton,Barenton,2,2,2,president,1925,1925,Documents généraux (par ordre chronologique); Mines et carrières
jurques,Jurques,Jurques,2,2,2,president,1925,1925,Documents généraux (par ordre chronologique); Mines et carrières
ondefontaine,Ondefontaine,Ondefontaine,2,2,2,president,1925,1925,Documents généraux (par ordre chronologique); Mines et carrières
marouania,Marouania,Marouania,2,2,2,president,1925,1925,Documents généraux (par ordre chronologique); Mines et carrières
fevre-l-lucien,Fèvre,Lucien Fèvre,2,2,2,administrateur,1925,1925,Documents généraux (par ordre chronologique); Mines et carrières
de-barrau-de-muratel-j,de Barrau de Muratel,Jean de Barrau de Muratel,2,2,2,president,1925,1925,Documents généraux (par ordre chronologique); Mines et carrières
guilbert-j,Guilbert,Jean Guilbert,2,2,2,president,1925,1925,Documents généraux (par ordre chronologique); Mines et carrières
e-la-bonnardiere,E La Bonnardière,E La Bonnardière,2,2,2,president,1925,1925,Documents généraux (par ordre chronologique); Mines et carrières
minieres-a-vernet-les-bains,minières à Vernet-les-Bains,minières à Vernet-les-Bains,2,2,2,president,1925,1925,Documents généraux (par ordre chronologique); Mines et carrières
escaro,Escaro,Escaro,2,2,2,president,1925,1925,Documents généraux (par ordre chronologique); Mines et carrières
kristel,Kristel,Kristel,2,2,2,president,1925,1925,Documents généraux (par ordre chronologique); Mines et carrières
bronze,Bronze,Bronze,2,2,2,president,1925,1925,Documents généraux (par ordre chronologique); Mines et carrières
terquem-capitaine-de-vaisseau-en-retraite-e,Terquem [capitaine de vaisseau en retraite,Edmond Terquem [capitaine de vaisseau en retraite,2,2,2,president,1925,1928,Documents généraux (par ordre chronologique); Pétrole et gaz
chevaleau-e,Chevaleau,E. Chevaleau,2,2,2,administrateur,1925,1928,Documents généraux (par ordre chronologique); Pétrole et gaz
homan-l,Homan,L. E. B. Homan; L.E.B. Homan,2,2,2,administrateur,1925,1928,Documents généraux (par ordre chronologique); Pétrole et gaz
ladreyt-p,Ladreyt,Ladreyt; Paul Ladreyt,2,2,2,administrateur,1926,1928,"Bâtiment et travaux publics, matériaux de construction, céramique; Documents généraux (par ordre chronologique)"
roubaix,Roubaix,Roubaix,2,2,2,administrateur,1921,1938,"Documents généraux (par ordre chronologique); Filière bois : exploitation forestière, liège, meubles, cellulose, papier…"
level-j,Level,J. Level; Jacques Level,2,2,2,president,1919,1938,Documents généraux (par ordre chronologique)
metz-r,Metz,Metz,2,2,2,president,1919,1938,"Documents généraux (par ordre chronologique); Filière bois : exploitation forestière, liège, meubles, cellulose, papier…"
r-claude-vellefaux,r Claude-Vellefaux,r Claude-Vellefaux,2,2,2,president,1919,1925,"Documents généraux (par ordre chronologique); Transports terrestres, garages automobiles et agricoles"
r-de-la-terrasse,r de la Terrasse,r de la Terrasse,2,2,2,president,1919,1925,"Documents généraux (par ordre chronologique); Transports terrestres, garages automobiles et agricoles"
longere-a-ain-taya-e,Longère à Aïn Taya,Étienne Longère à Aïn Taya,2,2,2,president,1919,1925,"Documents généraux (par ordre chronologique); Transports terrestres, garages automobiles et agricoles"
versaillaise-de-tramways,Versaillaise de tramways,Versaillaise de tramways,2,2,2,president,1919,1925,"Documents généraux (par ordre chronologique); Transports terrestres, garages automobiles et agricoles"
omnibus-de-bordeaux,omnibus de Bordeaux],omnibus de Bordeaux; omnibus de Bordeaux],2,2,2,president,1919,1925,"Documents généraux (par ordre chronologique); Transports terrestres, garages automobiles et agricoles"
homberg-a,Homberg,André Homberg,2,2,2,vice_president,1912,1919,"Documents généraux (par ordre chronologique); Transports terrestres, garages automobiles et agricoles"
maurice,Maurice,Maurice,2,2,2,president,1893,1938,Documents généraux (par ordre chronologique); Industries agro-alimentaires
penin-de-la-raudiere-p,Penin de la Raudière,P. Penin de la Raudière; Penin de la Raudière,2,2,2,vice_president,1910,1938,Documents généraux (par ordre chronologique)
mocquerio-p,Mocquerio,P. Mocquerio,2,2,2,administrateur,1938,1938,"Bâtiment et travaux publics, matériaux de construction, céramique; Documents généraux (par ordre chronologique)"
en-beton-t,en béton,Tuyaux en béton,2,2,2,administrateur,1938,1938,"Bâtiment et travaux publics, matériaux de construction, céramique; Documents généraux (par ordre chronologique)"
reclus-l,Reclus,Louis Reclus,2,2,2,president,1922,1938,Documents généraux (par ordre chronologique); Mines et carrières
de-sayve-j,de Sayve,Jean de Sayve,2,2,2,administrateur,1938,1938,"Banques et groupes financiers, assurances; Documents généraux (par ordre chronologique)"
saint-rene-tallandier-g,Saint-René Tallandier,Georges Saint-René Tallandier,2,2,2,administrateur,1938,1938,"Banques et groupes financiers, assurances; Documents généraux (par ordre chronologique)"
de-caix-r,de Caix,Robert de Caix,2,2,2,administrateur,1938,1938,"Banques et groupes financiers, assurances; Documents généraux (par ordre chronologique)"
mohamed-el-guebbas,Mohamed el Guebbas,Mohamed el Guebbas,2,2,2,administrateur,1938,1938,"Banques et groupes financiers, assurances; Documents généraux (par ordre chronologique)"
blanchet-a,Blanchet,A. Blanchet,2,2,2,administrateur,1938,1938,Documents généraux (par ordre chronologique); Transports maritimes et aériens
gravier-g,Gravier,Gustave Gravier,2,2,2,administrateur,1938,1938,Documents généraux (par ordre chronologique); Transports maritimes et aériens
de-fontgalland-a,de Fontgalland,Anatole de Fontgalland,2,2,2,administrateur,1938,1938,Documents généraux (par ordre chronologique); Transports maritimes et aériens
trousselle-r,Trousselle,Trousselle,2,2,2,president,1938,1938,Documents généraux (par ordre chronologique); Mines et carrières
joly-g,Joly,Germain Joly,2,2,2,president,1938,1938,Documents généraux (par ordre chronologique); Mines et carrières
michel,Michel,Michel,2,2,2,president,1910,1920,Documents généraux (par ordre chronologique); Foncières et immobilières
buurmans-r,Buurmans,Raymond Buurmans,2,2,2,administrateur,1910,1922,Documents généraux (par ordre chronologique); Mines et carrières
cardozo-fils-g,Cardozo fils,G. Cardozo fils,2,2,2,administrateur,1910,1938,Documents généraux (par ordre chronologique); Mines et carrières
a-miliana-e,à Miliana,Exploitation à Miliana,2,2,2,administrateur,1910,1938,Documents généraux (par ordre chronologique); Mines et carrières
galicier-c,Galicier,C. Galicier,2,2,2,administrateur,1910,1938,Documents généraux (par ordre chronologique); Mines et carrières
monvoisin-f,Monvoisin,Fernand Monvoisin,2,2,2,president,1910,1938,Documents généraux (par ordre chronologique); Mines et carrières
laumet-j,Laumet,J. Laumet; Jean Laumet,2,2,2,president,1910,1926,"Banques et groupes financiers, assurances; Documents généraux (par ordre chronologique)"
mallet-p,Mallet,P. Mallet,2,2,2,administrateur_delegue,1910,1938,"Bâtiment et travaux publics, matériaux de construction, céramique; Documents généraux (par ordre chronologique)"
j-merlo-v,J. Merlo,Vve J. Merlo,2,2,2,president,1910,1938,"Bâtiment et travaux publics, matériaux de construction, céramique; Documents généraux (par ordre chronologique)"
joseph,Joseph,Joseph,2,2,2,administrateur,1889,1901,Mines et carrières; Transports maritimes et aériens
barris-du-penher-j,Barris du Penher,J. Barris du Penher; Joseph Barris du Penher,2,2,2,administrateur,1912,1926,"Banques et groupes financiers, assurances; Filière bois : exploitation forestière, liège, meubles, cellulose, papier…"
berthon,Berthon,Berthon,2,2,2,administrateur,1879,1881,"Banques et groupes financiers, assurances"
fils-h,fils,Henri fils,2,2,2,administrateur,1879,1881,"Banques et groupes financiers, assurances"
lassallas,Lassallas,Lassallas,2,2,2,administrateur,1879,1881,"Banques et groupes financiers, assurances"
obitz,Obitz,Obitz,2,2,2,administrateur,1879,1881,"Banques et groupes financiers, assurances"
galicier,Galicier,Galicier,2,2,2,administrateur,1917,1922,"Banques et groupes financiers, assurances; Mines et carrières"
berthault-p,Berthault,P. Berthault,2,2,2,administrateur,1945,1953,"Banques et groupes financiers, assurances; Mines et carrières"
tamzali-m,Tamzali,Mustapha Tamzali,2,2,2,administrateur,1948,1948,"Banques et groupes financiers, assurances; Transports terrestres, garages automobiles et agricoles"
oudiette-e,Oudiette,Édouard Oudiette,2,2,2,administrateur,1940,1948,"Banques et groupes financiers, assurances"
varaigne-h,Varaigne,H. Varaigne; Henri Varaigne,2,2,2,administrateur_delegue,1926,1953,Industries agro-alimentaires
barris-p,Barris,Pierre Barris,2,2,2,administrateur,1910,1926,"Banques et groupes financiers, assurances; Filière bois : exploitation forestière, liège, meubles, cellulose, papier…"
dollfus-galline-c,Dollfus-Galline,Dollfus-Galline,2,2,2,administrateur,1880,1893,"Banques et groupes financiers, assurances; Industries agro-alimentaires"
soipteur-g,SOIPTEUR,Georges SOIPTEUR,2,2,2,administrateur,1901,1901,"Banques et groupes financiers, assurances"
barlette-a,Barlette,A. Barlette; André Barlette,2,2,2,administrateur,1926,1926,"Industries agro-alimentaires; Métallurgie, constructions navales"
outin-r,Outin,René Outin,2,2,2,vice_president,1922,1925,"Banques et groupes financiers, assurances; Filière bois : exploitation forestière, liège, meubles, cellulose, papier…"
pellet-c,Pellet,C. Pellet; César Pellet,2,2,2,president,1909,1925,"Filière bois : exploitation forestière, liège, meubles, cellulose, papier…; Mines et carrières"
saint-p-pierre,Saint,Pierre Saint,2,2,2,president,1938,1940,"Filière bois : exploitation forestière, liège, meubles, cellulose, papier…"
maisant-b,Maisant,B. Maisant; Maisant,2,2,2,administrateur,1938,1945,"Filière bois : exploitation forestière, liège, meubles, cellulose, papier…"
saint-c,Saint,C. Saint; Christian Saint,2,2,2,administrateur,1938,1945,"Filière bois : exploitation forestière, liège, meubles, cellulose, papier…"
zandyck-e,Zandyck,Zandyck; Émile Zandyck,2,2,2,administrateur,1938,1952,"Filière bois : exploitation forestière, liège, meubles, cellulose, papier…"
chavannes-e,Chavannes,E. Chavannes; Ernest Chavannes,2,2,2,administrateur,1902,1925,Mines et carrières
hebert-j,Hébert,Jacques Hébert,2,2,2,administrateur_delegue,1922,1925,Mines et carrières
cheronnet-h,Cheronnet,Henri Cheronnet,2,2,2,administrateur,1922,1925,Mines et carrières
cheronnet,Cheronnet,Cheronnet,2,2,2,administrateur_delegue,1903,1925,"Banques et groupes financiers, assurances; Mines et carrières"
bauer,Bauer,Bauer,2,2,2,administrateur,1914,1926,Mines et carrières
petersen-j,Petersen,Jorgen Petersen,2,2,2,administrateur,1926,1926,"Bâtiment et travaux publics, matériaux de construction, céramique; Commerce"
dreyfus-g,Dreyfus,G. Dreyfus,2,2,2,administrateur,1908,1912,"Bâtiment et travaux publics, matériaux de construction, céramique; Transports maritimes et aériens"
trouin-c,Trouin,C. Trouin,2,2,2,administrateur,1908,1908,"Bâtiment et travaux publics, matériaux de construction, céramique; Transports terrestres, garages automobiles et agricoles"
rey-e,Rey,Eudoxe Rey,2,2,2,administrateur,1880,1881,"Banques et groupes financiers, assurances; Transports terrestres, garages automobiles et agricoles"
bungener-c,Bungener,Ch. Bungener; Charles Bungener,2,2,2,administrateur,1950,1953,"Banques et groupes financiers, assurances"
cahen,Cahen,Cahen,2,2,2,administrateur,1922,1926,Industries agro-alimentaires; Mines et carrières
tarbe-des-sablons-j,Tarbé des Sablons,Tarbé des Sablons,2,2,2,president,1867,1880,"Banques et groupes financiers, assurances; Mines et carrières"
mirabaud-p-paul,Mirabaud,Paul Mirabaud,2,2,2,administrateur,1867,1880,"Banques et groupes financiers, assurances; Mines et carrières"
germain-s,Germain,Saint- Germain,2,2,2,administrateur,1906,1914,"Banques et groupes financiers, assurances; Foncières et immobilières"
aumeran-a,Auméran,Adolphe Aumeran; Adolphe Auméran,2,2,2,administrateur,1924,1929,Commerce; Industries agro-alimentaires
fraisse-a,Fraisse,Antoine Fraisse,2,2,2,administrateur,1924,1926,Commerce
martin-l-leon,Martin,Léon Martin; Léon Martin 2,2,2,2,conseil_surveillance,1920,1926,"Banques et groupes financiers, assurances"
muller-nico-g,Müller-Nico. 11,G. Müller-Nico. 11; Gustave Müller-Nico,2,2,2,administrateur,1925,1933,Mines et carrières
jousselin-j,Jousselin,J. Jousselin,2,2,2,administrateur,1940,1940,Mines et carrières
nouvion-g,Nouvion,Georges Nouvion,2,2,2,administrateur,1922,1926,Industries agro-alimentaires
rey,Rey,Rey,2,2,2,president,1888,1888,"Banques et groupes financiers, assurances"
bernard-a,Bernard,A. Bernard,2,2,2,administrateur_delegue,1926,1945,"Banques et groupes financiers, assurances"
castan,Castan,Castan,2,2,2,censeur,1903,1912,"Banques et groupes financiers, assurances"
wilhelm-p,Wilhelm,P. Wilhelm; Pierre-Marie Wilhelm,2,2,2,administrateur,1926,1926,"Commerce; Métallurgie, constructions navales"
brissonnet,BRISSONNET,BRISSONNET; Brissonnet,2,2,2,administrateur,1888,1922,Industries agro-alimentaires; Mines et carrières
trachsler-h,Trachsler,Henri Trachsler,2,2,2,administrateur,1926,1926,Commerce; Industries agro-alimentaires
rey-herme-j-joseph,Rey-Herme,Joseph Casimir Rey-Herme; Joseph Rey-Herme,2,2,2,administrateur,1901,1933,Mines et carrières
pelegri-g,Pelegri,Gustave Pelegri,2,2,2,administrateur,1922,1926,"Industries agro-alimentaires; Métallurgie, constructions navales"
germain-p-pierre,Germain,Pierre Germain,2,2,2,president,1926,1929,Industries agro-alimentaires
germain-r,Germain,Robert Germain,2,2,2,administrateur,1926,1929,Industries agro-alimentaires
adam-h,Adam,Henri Adam,2,2,2,administrateur,1926,1926,"Eau, gaz, électricité (Utilities)"
x-o,4,Oppenheim 4; Outin 1,2,2,2,administrateur,1920,1921,"Bâtiment et travaux publics, matériaux de construction, céramique; Transports maritimes et aériens"
allee-g,Allée,Gérald Allée,2,2,2,president,1924,1924,"Banques et groupes financiers, assurances; Industries agro-alimentaires"
raby-a,Raby,Anselme Raby,2,2,2,administrateur,1924,1924,"Banques et groupes financiers, assurances; Industries agro-alimentaires"
froment-p,Froment,Pierre Froment,2,2,2,administrateur,1926,1926,Industries agro-alimentaires
de-lacoste-lareymondie-j,de Lacoste-Lareymondie,Jean de Lacoste-Lareymondie,2,2,2,administrateur,1926,1926,Industries agro-alimentaires
valette-p,Valette,Paul Valette,2,2,2,administrateur,1926,1926,"Eau, gaz, électricité (Utilities)"
valette-j-joseph,Valette,Joseph Valette,2,2,2,administrateur,1926,1926,"Eau, gaz, électricité (Utilities)"
pont-chevalier,Pont-Chevalier,Pont-Chevalier,2,2,2,administrateur,1926,1926,"Eau, gaz, électricité (Utilities)"
monceau-e,Monceau,Emmanuel du Monceau,2,2,2,administrateur,1926,1926,"Eau, gaz, électricité (Utilities)"
godard-j,Godard,Jean Godard,2,2,2,administrateur,1926,1926,"Eau, gaz, électricité (Utilities)"
toumieux-c,Toumieux,Charles Toumieux,2,2,2,administrateur,1926,1926,"Eau, gaz, électricité (Utilities)"
gensollen-h-honore,Gensollen,Honoré Gensollen,2,2,2,administrateur,1922,1926,"Hôtellerie-restauration, tourisme; Métallurgie, constructions navales"
chevallier-c,Chevallier,Charles Chevallier,2,2,2,administrateur,1924,1924,"Filière bois : exploitation forestière, liège, meubles, cellulose, papier…"
de-boissieu-p,de Boissieu,Pierre de Boissieu,2,2,2,administrateur_delegue,1922,1922,"Filière bois : exploitation forestière, liège, meubles, cellulose, papier…; Foncières et immobilières"
dior,Dior,Dior,2,2,2,administrateur,1910,1933,Mines et carrières
de-bondeli-e,de Bondeli,Edouard de Bondeli; Édouard de Bondeli,2,2,2,administrateur,1910,1910,Mines et carrières
meyer-l,Meyer,L. Meyer,2,2,2,administrateur,1909,1910,Mines et carrières
patrouix-a,Patrouix,A. Patrouix; Patrouix,2,2,2,administrateur,1926,1940,Mines et carrières
boson-de-talleyrand-perigord-a,Boson de Talleyrand-Périgord,Archambault Boson de Talleyrand-Périgord; Boson de Talleyrand-Périgord,2,2,2,administrateur,1924,1926,Mines et carrières
faure-j,Faure,J. Faure,2,2,2,administrateur,1929,1938,Mines et carrières
ewbank,Ewbank,Ewbank,2,2,2,administrateur,1937,1940,"Bâtiment et travaux publics, matériaux de construction, céramique"
boyer-e-etienne,Boyer,Étienne Boyer,2,2,2,administrateur,1912,1924,Industries agro-alimentaires; Industries chimiques
pelnard-l,Pelnard,Louis Pelnard,2,2,2,president,1925,1926,"Bâtiment et travaux publics, matériaux de construction, céramique"
carret-e,Carret,Émile Carret,2,2,2,president,1925,1926,"Bâtiment et travaux publics, matériaux de construction, céramique"
radiguet,Radiguet,Radiguet,2,2,2,administrateur,1920,1924,"Banques et groupes financiers, assurances; Mines et carrières"
philouze-h,Philouze,Hyacinthe Philouze,2,2,2,administrateur_delegue,1927,1928,"Banques et groupes financiers, assurances; Transports terrestres, garages automobiles et agricoles"
mesnier-j,Mesnier,J. Mesnier; Mesnier,2,2,2,administrateur,1914,1920,Industries chimiques; Mines et carrières
thomas-e-emile,Thomas,Émile Thomas,2,2,2,administrateur,1935,1938,"Bâtiment et travaux publics, matériaux de construction, céramique"
hamoir-l,Hamoir,Léon Hamoir,2,2,2,administrateur,1908,1922,"Transports terrestres, garages automobiles et agricoles"
de-courseulles-r,de Courseulles,Robert de Courseulles,2,2,2,administrateur,1944,1948,Mines et carrières
guy-de-gontaut-biron,Guy de Gontaut-Biron,Guy de Gontaut-Biron,2,2,2,administrateur,1944,1948,Mines et carrières
nerot-a,Nérot,A. Nérot; Albert Nérot,2,2,2,administrateur,1926,1929,"Eau, gaz, électricité (Utilities)"
boissonnas-j,Boissonnas,J. Boissonnas; Jean Boissonnas,1,1,12,president,1914,1953,"Banques et groupes financiers, assurances"
saint-rene-taillandier-g,Saint- René-Taillandier,G. Saint-René Taillandier; Georges Saint- René-Taillandier,1,1,8,administrateur,1917,1940,"Banques et groupes financiers, assurances; Documents généraux (par ordre chronologique)"
benard-l,Bénard,L. Bénard; Lucien Bénard,1,1,8,administrateur,1926,1953,"Banques et groupes financiers, assurances"
leon-j,Léon,J. Léon; Jules Léon,1,1,8,administrateur,1914,1929,Mines et carrières
longere-g,Longère,G. Longère; Georges Longère,1,1,8,administrateur,1926,1953,"Transports terrestres, garages automobiles et agricoles"
colas-l,Colas,L. Colas; Louis Colas,2,1,7,president,1921,1940,"Documents généraux (par ordre chronologique); Filière bois : exploitation forestière, liège, meubles, cellulose, papier…"
varcollier-h,Varcollier,H. Varcollier; Henri Varcollier,1,1,7,administrateur,1931,1953,"Transports terrestres, garages automobiles et agricoles"
hielard-l,Hiélard,Hiélard; L. Hiélard,1,1,7,administrateur,1892,1929,"Transports terrestres, garages automobiles et agricoles"
clerc-a,Clerc,A. Clerc,1,1,7,administrateur,1897,1930,"Banques et groupes financiers, assurances"
helix-c,Hélix,Camille Hélix; Hélix,1,1,7,administrateur,1917,1927,Mines et carrières
methol-p,Méthol,P. Méthol,1,1,7,administrateur,1910,1931,Mines et carrières
bussy-a,Bussy,A. Bussy,1,1,7,administrateur,1914,1940,"Transports terrestres, garages automobiles et agricoles"
perdreau-h,Perdreau,H. Perdreau; Perdreau,1,1,7,administrateur,1931,1953,"Transports terrestres, garages automobiles et agricoles"
teissier-du-cros-e,Teissier du Cros,E. Teissier du Cros; Ernest Teissier du Cros,1,1,6,administrateur,1922,1945,"Eau, gaz, électricité (Utilities)"
lallier-du-coudray,Lallier du Coudray,Lallier du Coudray,1,1,6,administrateur,1919,1933,"Banques et groupes financiers, assurances"
michaux,Michaux,Michaux,1,1,6,administrateur,1919,1933,"Banques et groupes financiers, assurances"
thenard-l,Thénard,L. Thénard; Louis Thénard,1,1,6,administrateur,1917,1940,"Transports terrestres, garages automobiles et agricoles"
monnier-p,Monnier,P. Monnier; Pierre Monnier,1,1,6,administrateur,1937,1953,"Transports terrestres, garages automobiles et agricoles"
ph-vernes,Ph. Vernes,Ph. Vernes,1,1,6,administrateur,1912,1948,"Banques et groupes financiers, assurances"
lebon-a,Lebon,A. Lebon,1,1,6,administrateur,1912,1933,"Banques et groupes financiers, assurances"
rivaille-p,Rivaille,P. Rivaille; Paul Rivaille,1,1,6,administrateur,1922,1940,Industries agro-alimentaires
vogele-a,Vogèle,A. Vogele; A. Vogèle; André Vogèle,1,1,6,administrateur,1926,1938,Industries agro-alimentaires
vogele-c,Vogèle,C. Vogele; C. Vogèle; Charles Vogèle,1,1,6,president,1922,1938,Industries agro-alimentaires
gout-j,Gout,J. Gout; Jean GOUT,1,1,6,president,1933,1948,Pétrole et gaz
walewski-a,Walewski,A. Walewski,1,1,6,administrateur,1920,1940,Mines et carrières
bertrand-l,Bertrand,L. Bertrand; Léon Bertrand,1,1,6,administrateur,1920,1940,Industries chimiques
beigbeder-l,Beigbeder,L. Beigbeder,1,1,6,administrateur,1933,1953,Industries chimiques
gallois-a,Gallois,A. Gallois,1,1,6,administrateur,1931,1953,"Transports terrestres, garages automobiles et agricoles"
chailley-bert-p,Chailley-Bert,P. Chailley-Bert,1,1,6,administrateur,1931,1953,"Transports terrestres, garages automobiles et agricoles"
hamoir,Hamoir,Hamoir,1,1,6,administrateur,1901,1931,"Transports terrestres, garages automobiles et agricoles"
henriquez,Henriquez,Henriquez,1,1,6,administrateur,1919,1933,Mines et carrières
janlet-l,Janlet,L. Janlet; Lucien Janlet,1,1,5,administrateur,1926,1945,"Eau, gaz, électricité (Utilities)"
saliege-h,Saliège,Henri Saliège; Saliège,1,1,5,administrateur,1914,1925,"Banques et groupes financiers, assurances; Documents généraux (par ordre chronologique)"
denfert-rochereau,Denfert-Rochereau,Denfert-Rochereau,1,1,5,administrateur,1910,1933,Documents généraux (par ordre chronologique); Mines et carrières
raverot-e,Raverot,E. Raverot; Emile Raverot,1,1,5,administrateur,1910,1938,Documents généraux (par ordre chronologique); Mines et carrières
celier-a,Celier,A. Celier,1,1,5,administrateur,1929,1945,"Banques et groupes financiers, assurances"
picquet-h,Picquet,H. Picquet; Picquet,3,1,5,commissaire_aux_comptes,1937,1955,"Banques et groupes financiers, assurances; Foncières et immobilières; Industries agro-alimentaires"
manaut,Manaut,Manaut,1,1,5,administrateur,1919,1933,"Banques et groupes financiers, assurances"
motte-e,Motte,E. Motte,1,1,5,administrateur,1921,1933,"Banques et groupes financiers, assurances"
vanuxem-p,Vanuxem,P. Vanuxem,2,1,5,administrateur,1937,1945,"Banques et groupes financiers, assurances; Filière bois : exploitation forestière, liège, meubles, cellulose, papier…"
silhol-a,Silhol,A. Silhol; André Silhol,1,1,5,president,1926,1940,"Transports terrestres, garages automobiles et agricoles"
paraf-j,Paraf,J. Paraf; Jean Paraf,1,1,5,administrateur,1931,1945,"Transports terrestres, garages automobiles et agricoles"
ed-yvan,Ed. Yvan,Ed. Yvan,1,1,5,president,1937,1953,"Transports terrestres, garages automobiles et agricoles"
goudchaux,Goudchaux,Goudchaux,1,1,5,administrateur,1887,1907,"Transports terrestres, garages automobiles et agricoles"
pouyer,Pouyer,Pouyer,1,1,5,administrateur,1887,1929,"Transports terrestres, garages automobiles et agricoles"
moreau-neret-a,Moreau-Néret,A. Moreau- Néret; A. Moreau-Néret,1,1,5,administrateur,1937,1953,"Banques et groupes financiers, assurances"
ed-philippar,Ed. Philippar,Ed. Philippar,1,1,5,administrateur,1914,1933,"Banques et groupes financiers, assurances"
gronier,Gronier,Gronier,1,1,5,administrateur,1914,1933,"Banques et groupes financiers, assurances"
lorenzi-c,Lorenzi,Claude Lorenzi,3,1,5,commissaire_aux_comptes,1922,1926,"Filière bois : exploitation forestière, liège, meubles, cellulose, papier…; Foncières et immobilières; Industries agro-alimentaires"
halphen-j,Halphen,J. Halphen,1,1,5,administrateur,1929,1940,Pétrole et gaz
richet-j,Richet,J. Richet,1,1,5,administrateur,1937,1953,"Filière bois : exploitation forestière, liège, meubles, cellulose, papier…"
monteran-v,Monteran,V. Monteran,1,1,5,administrateur,1920,1929,Mines et carrières
walton-g,Walton,G. Walton,1,1,5,administrateur,1920,1933,Mines et carrières
faure-j-jacques,Faure,Jacques Faure,1,1,5,president_directeur_general,1937,1953,Mines et carrières
sebe-a,Sèbe,A. Sèbe,1,1,5,administrateur,1912,1931,Mines et carrières
parent-p,Parent,P. Parent,1,1,5,administrateur,1935,1953,Mines et carrières
boude-a,Boude,A. Boude,1,1,5,administrateur,1937,1953,Industries chimiques
andre-j,André,J. André,1,1,5,administrateur,1937,1953,Industries chimiques
bergerot-j,Bergerot,J. Bergerot,1,1,5,administrateur,1937,1953,Foncières et immobilières
dupont-e,Dupont,E. Dupont,1,1,5,president,1937,1953,Industries chimiques
dalaise,Dalaise,Dalaise,1,1,5,administrateur,1907,1929,"Transports terrestres, garages automobiles et agricoles"
tine,Tiné,Tiné,1,1,5,administrateur,1917,1933,"Transports terrestres, garages automobiles et agricoles"
guillon,Guillon,Guillon,1,1,5,administrateur,1914,1933,"Transports terrestres, garages automobiles et agricoles"
palante-a,Palante,A. Palante; Alexandre Palante; Palante,1,1,5,administrateur,1922,1940,"Transports terrestres, garages automobiles et agricoles"
jagerschmidt-a,Jagerschmidt,A. Jagerschmidt,1,1,5,administrateur,1929,1937,Mines et carrières
hinzelin-a,Hinzelin,A. Hinzelin,1,1,5,administrateur,1929,1940,"Eau, gaz, électricité (Utilities)"
fribourg-l,Fribourg,L. Fribourg,1,1,5,administrateur,1937,1953,"Eau, gaz, électricité (Utilities)"
grattery-j,Grattery,J. Grattery,1,1,5,administrateur,1937,1953,"Eau, gaz, électricité (Utilities)"
hervey-m,Hervey,Maurice Hervey,1,1,4,administrateur,1919,1926,Industries agro-alimentaires
durand-mercier-l,Durand-Mercier,Durand-Mercier; Lucien Durand-Mercier,1,1,4,administrateur,1919,1926,Industries agro-alimentaires
rosenwald-g,Rosenwald,G. Rosenwald; Gabriel Rosenwald,1,1,4,president,1926,1945,"Eau, gaz, électricité (Utilities)"
delbays-e,Delbays,Émile Delbays,2,1,4,commissaire_aux_comptes,1922,1926,"Filière bois : exploitation forestière, liège, meubles, cellulose, papier…; Loisirs"
anthoine-a-albert,Anthoine,Albert Anthoine,2,1,4,administrateur,1922,1926,"Banques et groupes financiers, assurances; Documents généraux (par ordre chronologique); Industries agro-alimentaires"
palle-a,Palle,André Palle; Palle,1,1,4,administrateur,1910,1925,Documents généraux (par ordre chronologique); Mines et carrières
tiquet-p,Tiquet,Pierre Tiquet,4,1,4,directeur,1910,1938,Documents généraux (par ordre chronologique); Mines et carrières
rey-herme-j-jean,Rey- Herme,Jean Rey- Herme; Jean Rey-Herme,1,1,4,administrateur,1910,1938,Documents généraux (par ordre chronologique); Mines et carrières
legeay-a,Legeay,Legeay,1,1,4,administrateur,1912,1920,"Banques et groupes financiers, assurances"
rodocanachi,Rodocanachi,Rodocanachi,1,1,4,administrateur,1917,1931,"Banques et groupes financiers, assurances"
billiard,Billiard,Billiard,1,1,4,administrateur,1917,1931,"Banques et groupes financiers, assurances"
delamotte,Delamotte,Delamotte,2,1,4,administrateur,1920,1931,"Banques et groupes financiers, assurances; Mines et carrières"
agache-d,Agache,D. Agache; Donat Agache,1,1,4,administrateur,1921,1929,"Banques et groupes financiers, assurances"
lallemand-e,Lallemand,E. Lallemand; Eugène Lallemand,1,1,4,administrateur,1921,1929,"Banques et groupes financiers, assurances"
letourneau-e,Letourneau,E. Letourneau; Émile Letourneau,1,1,4,administrateur,1940,1953,"Filière bois : exploitation forestière, liège, meubles, cellulose, papier…"
paysant-l,Paysant,L. Paysant; Paysant,1,1,4,administrateur,1914,1929,"Transports terrestres, garages automobiles et agricoles"
yvan-e,Yvan,E. Yvan; Edmond Yvan,1,1,4,administrateur,1926,1942,"Transports terrestres, garages automobiles et agricoles"
chabrieres,Chabrières,Chabrières,1,1,4,administrateur,1929,1940,"Transports terrestres, garages automobiles et agricoles"
brunel-c,Brunel,Ch. Brunel; Charles Brunel,1,1,4,administrateur,1942,1953,"Transports terrestres, garages automobiles et agricoles"
mugniot-e,Mugniot,E. Mugniot; Eugène Mugniot,1,1,4,administrateur,1942,1953,"Transports terrestres, garages automobiles et agricoles"
laudy-c,Laudy,Cyprien Laudy; Laudy,3,1,4,commissaire_aux_comptes,1922,1951,"Banques et groupes financiers, assurances; Bâtiment et travaux publics, matériaux de construction, céramique"
nicol,Nicol,Nicol,1,1,4,administrateur,1933,1933,"Filière bois : exploitation forestière, liège, meubles, cellulose, papier…"
de-louvencourt-g,de Louvencourt,Georges de Louvencourt; de Louvencourt,1,1,4,administrateur_delegue,1880,1897,"Banques et groupes financiers, assurances"
buchot,Buchot,Buchot,1,1,4,administrateur,1902,1914,"Banques et groupes financiers, assurances"
steinbrenner-c,Steinbrenner,C. Steinbrenner; Charles Steinbrenner,1,1,4,administrateur_delegue,1926,1937,"Banques et groupes financiers, assurances"
gerardin-a,Gérardin,A. Gérardin; André Gérardin,1,1,4,administrateur,1926,1937,"Banques et groupes financiers, assurances"
rouland,Rouland,Rouland,1,1,4,administrateur,1912,1920,"Banques et groupes financiers, assurances"
tessandier,Tessandier,Tessandier,1,1,4,administrateur,1912,1920,"Banques et groupes financiers, assurances"
mayer-e,Mayer,E. Mayer,1,1,4,administrateur,1917,1933,"Banques et groupes financiers, assurances"
bourlier-c,Bourlier,Ch. Bourlier,1,1,4,administrateur,1937,1948,"Banques et groupes financiers, assurances"
marie-j,Marie,J. Marie,1,1,4,administrateur,1937,1953,Mines et carrières
boudin,Boudin,Boudin,1,1,4,administrateur,1931,1940,Industries agro-alimentaires
delrieu-e-ernest,Delrieu,Ernest Delrieu,3,1,4,commissaire_aux_comptes,1922,1926,"Filière bois : exploitation forestière, liège, meubles, cellulose, papier…; Industries agro-alimentaires"
veuve-d-bertagna,veuve D. Bertagna,veuve D. Bertagna,1,1,4,administrateur,1931,1948,Industries agro-alimentaires
messerschmidt-p,Messerschmidt,P. Messerschmidt,1,1,4,administrateur,1940,1953,Industries agro-alimentaires
lefevre-vacquerie-p,Lefèvre-Vacquerie,Lefèvre-Vacquerie; P. Lefèvre Vacquerie; P. Lefèvre-Vacquerie,1,1,4,administrateur,1922,1933,Pétrole et gaz
calo-g,Calo,G. Calo; Giacomo Calo,1,1,4,administrateur,1926,1933,Pétrole et gaz
calo-s,Calo,S. Calo; Salvator Calo,1,1,4,administrateur,1926,1933,Pétrole et gaz
barbaudy-v,Barbaudy,V. Barbaudy,1,1,4,administrateur,1929,1937,Pétrole et gaz
chesnot-h,Chesnot,H. Chesnot,1,1,4,administrateur,1937,1948,"Filière bois : exploitation forestière, liège, meubles, cellulose, papier…"
de-rouvray-j,de Rouvray,Jean de Rouvray,1,1,4,directeur_general,1940,1953,"Filière bois : exploitation forestière, liège, meubles, cellulose, papier…"
bucourt-a,Bucourt,A. Bucourt,1,1,4,administrateur,1940,1953,Mines et carrières
hibon-e,Hibon,E. Hibon,1,1,4,administrateur,1937,1948,Mines et carrières
frisell-s,Frisell,S. Frisell; Sven Frisell,1,1,4,administrateur,1940,1953,Mines et carrières
lippens-e,Lippens,E. Lippens,1,1,4,president,1940,1953,Mines et carrières
failleur-l,Failleur,L. Failleur,1,1,4,administrateur,1940,1953,Mines et carrières
urbain-e,Urbain,E. Urbain,1,1,4,administrateur,1920,1933,Mines et carrières
bonehill-e,Bonehill,E. Bonehill,1,1,4,administrateur,1920,1931,Mines et carrières
fevre-l,Fèvre,L. Fèvre,1,1,4,administrateur,1914,1933,Mines et carrières
marcoux-p,Marcoux,P. Marcoux,2,1,4,administrateur,1931,1948,"Bâtiment et travaux publics, matériaux de construction, céramique"
montureux-a,Montureux,Montureux,1,1,4,administrateur,1906,1929,Mines et carrières
dufour-de-la-thuillerie-m,Dufour de la Thuillerie,Dufour de la Thuillerie; Maurice Dufour de la Thuillerie,2,1,4,administrateur,1926,1945,Mines et carrières
crouzier-p,Crouzier,Crouzier; P. Crouzier; Pierre Crouzier,1,1,4,administrateur,1937,1940,Mines et carrières
fay-g,Faÿ,G. Fay; Georges Faÿ,1,1,4,administrateur,1938,1945,Mines et carrières
th-zarifi,Th. Zarifi,Th. Zarifi,1,1,4,president,1937,1948,Industries chimiques
benoit-cattin-l,Benoît-Cattin,L. Benoît- Cattin; L. Benoît-Cattin,1,1,4,administrateur,1937,1948,Foncières et immobilières
telliere-a,Tellière,A. Tellière; Ange Tellière,1,1,4,president,1922,1937,Industries chimiques
berthault-c,Berthault,Ch. Berthault,1,1,4,administrateur,1940,1953,Industries chimiques
parsons,Parsons,Parsons,1,1,4,administrateur,1912,1929,"Transports terrestres, garages automobiles et agricoles"
cox,Cox,Cox,1,1,4,administrateur,1917,1931,"Transports terrestres, garages automobiles et agricoles"
gueroult-l,Guéroult,L. Guéroult; Louis Guéroult,1,1,4,administrateur,1926,1933,"Transports terrestres, garages automobiles et agricoles"
detuf-a,Detœuf,A. Detœuf,1,1,4,administrateur,1931,1945,"Transports terrestres, garages automobiles et agricoles"
le-duc-j,Le Duc,J. Le Duc,1,1,4,administrateur,1937,1953,"Transports terrestres, garages automobiles et agricoles"
durand-b,Durand,B. Durand,1,1,4,administrateur,1912,1920,"Transports terrestres, garages automobiles et agricoles"
pirard-p,Pirard,P. Pirard,1,1,4,administrateur,1937,1948,"Transports terrestres, garages automobiles et agricoles"
dubois-l,Dubois,L. Dubois,1,1,4,administrateur,1929,1937,Mines et carrières
fouillaud-l,Fouillaud,L. Fouillaud,1,1,4,administrateur,1937,1948,Commerce
denoix-g,Denoix,G. Denoix,1,1,3,president_directeur_general,1945,1953,Mines et carrières
chevalier-h,Chevalier,Henri Chevalier; Henry Chevalier,1,1,3,administrateur,1919,1924,Industries agro-alimentaires
durand-reville-m,Durand-Réville,Maurice Durand-Réville,1,1,3,administrateur,1919,1926,Industries agro-alimentaires
blanchet-v,Blanchet,Victor Blanchet,1,1,3,administrateur,1921,1926,"Filière bois : exploitation forestière, liège, meubles, cellulose, papier…"
brisset-p,Brisset,Brisset,1,1,3,administrateur,1937,1945,"Filière bois : exploitation forestière, liège, meubles, cellulose, papier…"
colas-j,Colas,J. Colas,1,1,3,president_directeur_general,1945,1953,"Filière bois : exploitation forestière, liège, meubles, cellulose, papier…"
anthoine-f,Anthoine,F. Anthoine,1,1,3,administrateur,1945,1953,"Filière bois : exploitation forestière, liège, meubles, cellulose, papier…"
bouchayer,Bouchayer,Bouchayer,1,1,3,administrateur,1945,1953,"Filière bois : exploitation forestière, liège, meubles, cellulose, papier…"
gall-f,Gall,F. Gall,1,1,3,administrateur,1945,1953,"Filière bois : exploitation forestière, liège, meubles, cellulose, papier…"
boulle-l,Boulle,L. Boulle; Léon Boulle,1,1,3,president,1922,1933,"Eau, gaz, électricité (Utilities)"
schelle-g,Schelle,Gustave Schelle,2,1,3,commissaire_aux_comptes,1922,1926,"Eau, gaz, électricité (Utilities); Transports terrestres, garages automobiles et agricoles"
peltier-g,Peltier,Gustave Peltier,1,1,3,president,1922,1926,"Banques et groupes financiers, assurances"
soleres-p,Solères,Paul-Louis Solères,1,1,3,administrateur,1922,1926,"Banques et groupes financiers, assurances"
quimper,Quimper,Quimper,2,1,3,administrateur,1922,1925,Documents généraux (par ordre chronologique); Mines et carrières
meyer,Meyer,Meyer,1,1,3,administrateur,1922,1925,Documents généraux (par ordre chronologique); Mines et carrières
lippens,Lippens,Lippens,1,1,3,administrateur,1910,1938,Documents généraux (par ordre chronologique); Mines et carrières
mirabaud-p,Mirabaud,P. Mirabaud,1,1,3,president,1910,1937,Documents généraux (par ordre chronologique); Mines et carrières
boissier-g,Boissier,G. Boissier; Gabriel Boissier,3,1,3,directeur,1910,1938,Documents généraux (par ordre chronologique); Mines et carrières
chevallier-e,Chevallier,E. Chevallier; Étienne Chevallier,3,1,3,directeur,1879,1924,"Banques et groupes financiers, assurances; Filière bois : exploitation forestière, liège, meubles, cellulose, papier…"
bargeton-l,Bargeton,Bargeton,1,1,3,administrateur,1912,1917,"Banques et groupes financiers, assurances"
sabatier,Sabatier,Sabatier,1,1,3,administrateur,1917,1929,"Banques et groupes financiers, assurances"
le-bourdais-des-touches-j,Le Bourdais des Touches,Le Bourdais des Touches,1,1,3,administrateur,1937,1945,"Banques et groupes financiers, assurances"
lallier-du-coudray-a,Lallier du Coudray,A. Lallier du Coudray; André Lallier du Coudray,1,1,3,administrateur,1926,1940,"Banques et groupes financiers, assurances"
debray,Debray,Debray,2,1,3,administrateur,1938,1948,"Filière bois : exploitation forestière, liège, meubles, cellulose, papier…"
maxime-robert-j,Maxime-Robert,J. Maxime-Robert; Jean Maxime-Robert,1,1,3,administrateur,1948,1953,"Filière bois : exploitation forestière, liège, meubles, cellulose, papier…"
nibelle-p,Nibelle,P. Nibelle; Paul Nibelle,1,1,3,president,1922,1926,"Bâtiment et travaux publics, matériaux de construction, céramique"
mehu-h,Méhu,H. Méhu; Henri Méhu,1,1,3,administrateur,1922,1926,"Bâtiment et travaux publics, matériaux de construction, céramique"
thelier-l,Thelier. 1,Léon Thelier; Léon Thelier. 1,1,1,3,administrateur,1906,1906,"Transports terrestres, garages automobiles et agricoles"
see-l,Sée,Léopold Sée,1,1,3,administrateur,1881,1887,"Transports terrestres, garages automobiles et agricoles"
salles-i,Salles,I. Salles; Isidore Salles,1,1,3,administrateur,1881,1897,"Transports terrestres, garages automobiles et agricoles"
aux-articles-c,aux articles,Conformément aux articles,1,1,3,administrateur,1907,1909,"Transports terrestres, garages automobiles et agricoles"
schelle-j,Schelle,J. Schelle,1,1,3,administrateur,1912,1929,"Transports terrestres, garages automobiles et agricoles"
torres-j,Torrès,Joseph Torrès,2,1,3,administrateur,1922,1928,Industries agro-alimentaires
challand-j,Challand,Jean Challand,3,1,3,commissaire_aux_comptes,1926,1926,Commerce; Industries agro-alimentaires; Industries chimiques
favier-l,Favier,L. Favier,1,1,3,administrateur,1945,1953,Foncières et immobilières
grillot-a,Grillot,A. Grillot,1,1,3,administrateur,1945,1953,Foncières et immobilières
mattei-j,Mattéi,J. Mattéi,1,1,3,administrateur,1945,1953,Foncières et immobilières
sonolet-h,Sonolet,H. Sonolet,1,1,3,administrateur,1945,1953,Foncières et immobilières
couly,Couly,Couly,1,1,3,administrateur,1945,1953,Foncières et immobilières
bordet-l,Bordet,L. Bordet,1,1,3,administrateur,1912,1920,"Banques et groupes financiers, assurances"
th-morin,Th. Morin,Th. Morin,1,1,3,administrateur,1912,1920,"Banques et groupes financiers, assurances"
vernes-p,Vernes,Philippe Vernes,1,1,3,administrateur,1922,1926,"Banques et groupes financiers, assurances"
gelas-f,Gelas,F. Gelas,1,1,3,administrateur,1945,1953,"Banques et groupes financiers, assurances"
langlois-n,Langlois,Nodé Langlois,1,1,3,administrateur,1912,1920,"Banques et groupes financiers, assurances"
garfunkel-m,Garfunkel,Garfunkel; Maurice Garfunkel,1,1,3,administrateur,1920,1922,"Banques et groupes financiers, assurances"
node-langlois-l,Nodé-Langlois,Léon Nodé-Langlois,1,1,3,administrateur,1922,1926,"Banques et groupes financiers, assurances"
clerc-a-alexis,Clerc,Alexis Clerc,1,1,3,administrateur,1922,1926,"Banques et groupes financiers, assurances"
tinardon-m,Tinardon,Maurice Tinardon; Tinardon,1,1,3,administrateur,1926,1933,"Banques et groupes financiers, assurances"
emm-rousseau,Emm. Rousseau,Emm. Rousseau,1,1,3,administrateur,1930,1937,"Banques et groupes financiers, assurances"
gerardin-j,Gérardin,J. Gérardin; Jean Gérardin,1,1,3,administrateur,1945,1951,"Banques et groupes financiers, assurances"
loutrel-j,Loutrel,J. Loutrel; Jean Loutrel,1,1,3,administrateur,1945,1951,"Banques et groupes financiers, assurances"
aboucaya,Aboucaya,Aboucaya,1,1,3,administrateur,1882,1893,"Banques et groupes financiers, assurances"
bonnifay,Bonnifay,Bonnifay,1,1,3,administrateur,1882,1893,"Banques et groupes financiers, assurances"
delarbre,Delarbre,Delarbre,1,1,3,administrateur,1882,1893,"Banques et groupes financiers, assurances"
warot,Warot,Warot,1,1,3,administrateur,1912,1920,"Banques et groupes financiers, assurances"
stanislas,Stanislas,Stanislas,1,1,3,administrateur,1914,1920,"Banques et groupes financiers, assurances"
robert-david,Robert-David,Robert-David,1,1,3,directeur,1933,1940,"Banques et groupes financiers, assurances"
tanon-c,Tanon,C. Tanon,1,1,3,president_directeur_general,1945,1953,Mines et carrières
outin-j,Outin,Jean Outin,1,1,3,administrateur,1922,1926,"Eau, gaz, électricité (Utilities)"
rougier-lagane-g,Rougier-Lagane,Georges Rougier-Lagane; Rougier-Lagane,1,1,3,administrateur,1920,1920,"Banques et groupes financiers, assurances"
ricome-j,Ricome 4,J. Ricome; Jules Ricome; Jules Ricome 4,2,1,3,administrateur,1920,1926,"Banques et groupes financiers, assurances; Filière bois : exploitation forestière, liège, meubles, cellulose, papier…"
d-hespel-o,d'Hespel,Octave d' Hespel; Octave d'Hespel,1,1,3,administrateur,1910,1926,Industries agro-alimentaires
viellard-p,Viellard,Paul Viellard,1,1,3,administrateur,1910,1926,Industries agro-alimentaires
boiron-j,Boiron,J. Boiron,1,1,3,administrateur,1929,1933,Industries agro-alimentaires
feuillatte-m,Feuillatte,Feuillatte,1,1,3,administrateur,1929,1933,Industries agro-alimentaires
monod-j,Monod,J. Monod,1,1,3,administrateur,1929,1933,Industries agro-alimentaires
gonfreville-y,Gonfreville. 3,Y. Gonfreville; Y. Gonfreville. 3,1,1,3,administrateur,1929,1933,Industries agro-alimentaires
vidal-l,Vidal,Louis Vidal,2,1,3,commissaire_aux_comptes,1922,1926,Foncières et immobilières
castan-l,Castan,Louis Castan,1,1,3,administrateur,1900,1906,Foncières et immobilières
crispo-j,Crispo,Joseph Crispo,1,1,3,administrateur,1900,1906,Foncières et immobilières
rouane-l,Rouane,Léon Rouane; Léon Rouané,1,1,3,administrateur,1919,1926,"Filière bois : exploitation forestière, liège, meubles, cellulose, papier…"
strohl-c,Strohl,C. Strohl,1,1,3,administrateur,1933,1940,Pétrole et gaz
drouin-g,Drouin,G. Drouin,1,1,3,administrateur,1945,1948,Pétrole et gaz
colomb-c,Colomb,Ch. Colomb,1,1,3,administrateur,1945,1953,"Filière bois : exploitation forestière, liège, meubles, cellulose, papier…"
ceccaldi,Ceccaldi,Ceccaldi,2,1,3,administrateur,1922,1926,Mines et carrières
marchis-a,Marchis,Augustin Marchis,2,1,3,commissaire_aux_comptes,1922,1926,Mines et carrières
blondel-a,Blondel,A. Blondel,1,1,3,president,1945,1953,Mines et carrières
manneville-v,Manneville,V. Manneville,1,1,3,administrateur,1945,1953,Mines et carrières
bague,Bague,Bague,1,1,3,administrateur,1925,1929,Mines et carrières
bourret,Bourret,Bourret,1,1,3,administrateur,1925,1929,Mines et carrières
gentilhomme-p,Gentilhomme,P. Gentilhomme,1,1,3,administrateur,1940,1948,Mines et carrières
buurmans-b,Buurmans,B. Buurmans,1,1,3,administrateur,1945,1953,Mines et carrières
huquier-a,Huquier,A. Huquier,1,1,3,president,1945,1953,Mines et carrières
moselli-e,Moselli,E. Moselli; Édouard Moselli,1,1,3,administrateur,1908,1917,Mines et carrières
theys-a,Theys,A. Theys; Alfred Theys,1,1,3,administrateur,1908,1917,Mines et carrières
francq-a,Francq,A. Francq; Alfred Francq,1,1,3,administrateur,1908,1917,Mines et carrières
cottavoz,Cottavoz,Cottavoz,1,1,3,administrateur,1920,1931,Mines et carrières
faure-j-joseph,Faure,Joseph Faure,1,1,3,administrateur,1914,1929,Mines et carrières
cheminais-p,Cheminais,P. Cheminais,1,1,3,administrateur,1937,1945,Mines et carrières
gros-h,Gros,H. Gros,1,1,3,administrateur,1945,1953,Mines et carrières
portier-g,Portier,G. Portier,1,1,3,administrateur,1945,1953,Mines et carrières
dugardin-m,Dugardin,Dugardin,2,1,3,directeur,1931,1940,"Bâtiment et travaux publics, matériaux de construction, céramique"
cassoute-p,Cassoute,Paul Cassoute,1,1,3,administrateur,1922,1926,Industries agro-alimentaires
deaux-l,Deaux,Louis Deaux,1,1,3,administrateur,1922,1926,Industries agro-alimentaires
mirabeau-p,Mirabeau,P. Mirabeau,1,1,3,administrateur,1929,1940,Mines et carrières
puerari-j,Puerari,J. Puerari; Jacques Puerari,1,1,3,administrateur,1937,1940,Mines et carrières
rouleau-a,Rouleau,A. Rouleau,1,1,3,administrateur,1940,1948,Mines et carrières
bellanger-a,Bellanger,A. Bellanger; Albert Bellanger,1,1,3,president_directeur_general,1940,1948,Mines et carrières
quesnot-l,Quesnot,L. Quesnot,1,1,3,president,1935,1940,Mines et carrières
coste-h,Coste,H. Coste,1,1,3,administrateur,1935,1940,Mines et carrières
berthelot-d,Berthelot,D. Berthelot; Daniel Berthelot,1,1,3,president,1909,1926,Mines et carrières
crookston-a,Crookston,A. Crookston; A. W. Crookston,1,1,3,administrateur_delegue,1912,1938,Mines et carrières
baffert-f,Baffert,F. Baffert,1,1,3,administrateur,1937,1945,Industries chimiques
digne-p,Digne,P. Digne,1,1,3,administrateur,1937,1953,Industries chimiques
peisson-j,Peisson,J. Peisson,1,1,3,administrateur,1937,1953,Foncières et immobilières
bonnel-g,Bonnel,G. Bonnel,1,1,3,administrateur,1937,1945,Industries chimiques
dumas-c,Dumas,Ch. Dumas,1,1,3,administrateur,1940,1948,Mines et carrières
bauer-l,Bauer,Louis Bauer,1,1,3,administrateur,1922,1926,Mines et carrières
moret-e-emile,Moret,Émile Moret,1,1,3,administrateur,1922,1926,Mines et carrières
laborie,Laborie,LABORIE; Laborie,2,1,3,administrateur,1922,1926,"Commerce; Transports terrestres, garages automobiles et agricoles"
longere,Longère,Longère,1,1,3,administrateur,1912,1920,"Transports terrestres, garages automobiles et agricoles"
amalric-j,Amalric,J. Amalric,1,1,3,administrateur,1929,1933,"Transports terrestres, garages automobiles et agricoles"
foucher-a,Foucher,A. Foucher,1,1,3,administrateur,1940,1953,"Transports terrestres, garages automobiles et agricoles"
cigogna-c,Cigogna,Ch. Cigogna,1,1,3,administrateur,1914,1920,"Transports terrestres, garages automobiles et agricoles"
pouillet-c,Pouillet,C. Pouillet,1,1,3,administrateur,1945,1953,"Transports terrestres, garages automobiles et agricoles"
plagnes-m,Plagnes,Plagnes,1,1,3,administrateur,1945,1953,"Transports terrestres, garages automobiles et agricoles"
empain,Empain,Empain,1,1,3,administrateur,1937,1945,"Eau, gaz, électricité (Utilities)"
fontaine,Fontaine,Fontaine,1,1,3,administrateur,1937,1945,"Eau, gaz, électricité (Utilities)"
guebin-l,Guébin,L. Guébin,1,1,3,administrateur,1898,1926,Industries agro-alimentaires
binet-p,Binet,P. Binet,1,1,3,administrateur,1898,1926,Industries agro-alimentaires
tucci-a,Tucci,A. Tucci,1,1,3,directeur,1931,1940,Industries agro-alimentaires
porte-l,Porte,L. Porte,1,1,3,administrateur,1937,1948,Industries agro-alimentaires
roubaud-g,Roubaud,G. Roubaud,1,1,3,administrateur,1940,1953,Industries agro-alimentaires
camelin-g,Camelin,G. Camelin,1,1,3,administrateur,1937,1945,"Eau, gaz, électricité (Utilities)"
villata-f,Villata,F. Villata,1,1,3,administrateur,1945,1953,"Eau, gaz, électricité (Utilities)"
hirsch-m,Hirsch,Marcel Hirsch,1,1,2,administrateur,1922,1926,Industries agro-alimentaires
lanselle-p,Lanselle,P. Lanselle,1,1,2,administrateur,1948,1953,Mines et carrières
musy-l,Musy,L. Musy,1,1,2,administrateur,1948,1953,Mines et carrières
pinard-j,Pinard,Jules Pinard,1,1,2,administrateur,1922,1926,"Banques et groupes financiers, assurances"
mirante-j,Mirante,Jean Mirante,1,1,2,administrateur,1922,1926,"Banques et groupes financiers, assurances"
tarting-j,Tarting,Jérôme Tarting,1,1,2,president,1922,1926,"Banques et groupes financiers, assurances"
renaud-j,Renaud,Joseph Renaud,1,1,2,administrateur,1922,1926,"Banques et groupes financiers, assurances"
carlier-m-maurice,Carlier,Maurice Carlier,1,1,2,administrateur,1922,1926,"Banques et groupes financiers, assurances"
curtelin-j,Curtelin,Jean-Baptiste Curtelin,1,1,2,administrateur,1922,1926,"Banques et groupes financiers, assurances"
laine-l,Lainé,Lucien Lainé,1,1,2,administrateur,1919,1924,Industries agro-alimentaires
pauffin-de-saint-morel-g,Pauffin de Saint-Morel,Gabriel Pauffin de Saint-Morel; Pauffin de Saint-Morel,1,1,2,administrateur,1919,1919,Industries agro-alimentaires
sangnier-h,Sangnier,Henri Sangnier,1,1,2,commissaire_aux_comptes,1924,1926,Industries agro-alimentaires
clerc,CLERC,CLERC; Clerc,2,1,2,commissaire_aux_comptes,1926,1929,"Industries agro-alimentaires; Transports terrestres, garages automobiles et agricoles"
lefebvre-dibon-p,Lefebvre-Dibon,P. Lefebvre-Dibon,1,1,2,administrateur,1920,1922,Industries chimiques
perrigot-j,Perrigot,J. Perrigot; Jules Perrigot,1,1,2,administrateur,1922,1926,"Filière bois : exploitation forestière, liège, meubles, cellulose, papier…"
zuber-e,Zuber,Ernest Zuber,1,1,2,administrateur,1922,1926,"Filière bois : exploitation forestière, liège, meubles, cellulose, papier…"
alamigeon-m,Alamigeon. 3,Marcel Alamigeon; Marcel Alamigeon. 3,1,1,2,administrateur,1922,1926,"Filière bois : exploitation forestière, liège, meubles, cellulose, papier…"
chadenet-l,Chadenet,L. Chadenet,1,1,2,administrateur,1937,1940,"Filière bois : exploitation forestière, liège, meubles, cellulose, papier…"
simonin-a,Simonin,A. Simonin,1,1,2,administrateur,1937,1940,"Filière bois : exploitation forestière, liège, meubles, cellulose, papier…"
lacroix,Lacroix,Lacroix,2,1,2,administrateur,1938,1938,"Documents généraux (par ordre chronologique); Filière bois : exploitation forestière, liège, meubles, cellulose, papier…"
ph-simon,Ph. Simon,Ph. Simon,1,1,2,administrateur,1948,1953,"Filière bois : exploitation forestière, liège, meubles, cellulose, papier…"
chabert-j,Chabert,Jean Chabert,1,1,2,administrateur,1922,1926,Commerce
planess-m,Planess,Maurice Planess,2,1,2,directeur,1926,1926,"Commerce; Métallurgie, constructions navales"
poirier-h,Poirier,H. Poirier,1,1,2,administrateur,1933,1945,"Eau, gaz, électricité (Utilities)"
gignoux-c,Gignoux,C. GIGNOUX; Ch. Gignoux,1,1,2,administrateur_delegue,1899,1899,Industries agro-alimentaires
foyard,Foyard,FOYARD; Foyard,2,1,2,administrateur,1901,1922,Commerce; Industries agro-alimentaires
beau-f,Beau,F. Beau; François Beau,1,1,2,administrateur,1926,1926,Industries agro-alimentaires
soisson-j,Soisson,J. Soisson; Jules-Victor Soisson,1,1,2,administrateur,1926,1926,Industries agro-alimentaires
boyoud-e,Boyoud,Émile Boyoud,1,1,2,administrateur,1924,1926,Mines et carrières
dessenon-c,Dessenon,Charles Dessenon,1,1,2,administrateur,1924,1926,Mines et carrières
fabre-a-auguste,Fabre,Auguste Fabre,1,1,2,administrateur,1922,1924,"Transports terrestres, garages automobiles et agricoles"
paulmyer-c,Paulmyer,Charles Paulmyer,1,1,2,administrateur,1922,1924,"Transports terrestres, garages automobiles et agricoles"
zafiropulo-g,Zafiropulo,Georges Zafiropulo,1,1,2,administrateur,1922,1924,"Banques et groupes financiers, assurances"
chrighton,Chrighton,Chrighton,1,1,2,administrateur,1925,1925,Documents généraux (par ordre chronologique)
fecamp,Fécamp,Fécamp,2,1,2,administrateur,1925,1925,Documents généraux (par ordre chronologique)
eug-regnault,Eug. Regnault,Eug. Regnault,1,1,2,administrateur,1925,1925,"Banques et groupes financiers, assurances; Documents généraux (par ordre chronologique)"
tessandier-e,Tessandier,Emmanuel Tessandier,1,1,2,administrateur,1925,1925,"Banques et groupes financiers, assurances; Documents généraux (par ordre chronologique)"
ariste-s,Ariste,Stanislas Ariste,1,1,2,administrateur,1925,1925,"Banques et groupes financiers, assurances; Documents généraux (par ordre chronologique)"
dubourdieu,Dubourdieu,Dubourdieu,1,1,2,administrateur,1925,1925,"Banques et groupes financiers, assurances; Documents généraux (par ordre chronologique)"
journault-e,Journault,Eugène Journault,1,1,2,administrateur,1925,1925,"Banques et groupes financiers, assurances; Documents généraux (par ordre chronologique)"
eymard-c,Eymard,Charles Eymard,1,1,2,administrateur,1925,1925,"Banques et groupes financiers, assurances; Documents généraux (par ordre chronologique)"
ain-bessem,Aïn-Bessem,Aïn-Bessem,1,1,2,administrateur,1925,1925,"Banques et groupes financiers, assurances; Documents généraux (par ordre chronologique)"
aumale,Aumale,Aumale,1,1,2,administrateur,1925,1925,"Banques et groupes financiers, assurances; Documents généraux (par ordre chronologique)"
boufarick,Boufarick,Boufarick,1,1,2,administrateur,1925,1925,"Banques et groupes financiers, assurances; Documents généraux (par ordre chronologique)"
bouira,Bouira,Bouira,1,1,2,administrateur,1925,1925,"Banques et groupes financiers, assurances; Documents généraux (par ordre chronologique)"
castiglione,Castiglione,Castiglione,1,1,2,administrateur,1925,1925,"Banques et groupes financiers, assurances; Documents généraux (par ordre chronologique)"
colea,Coléa,Coléa,1,1,2,administrateur,1925,1925,"Banques et groupes financiers, assurances; Documents généraux (par ordre chronologique)"
douera,Douera,Douera,1,1,2,administrateur,1925,1925,"Banques et groupes financiers, assurances; Documents généraux (par ordre chronologique)"
guyotville,Guyotville,Guyotville,1,1,2,administrateur,1925,1925,"Banques et groupes financiers, assurances; Documents généraux (par ordre chronologique)"
rouiba,Rouiba,Rouiba,1,1,2,administrateur,1925,1925,"Banques et groupes financiers, assurances; Documents généraux (par ordre chronologique)"
affreville,Affreville,Affreville,1,1,2,administrateur,1925,1925,"Banques et groupes financiers, assurances; Documents généraux (par ordre chronologique)"
le-grand-p,Le Grand,Pierre Le Grand,2,1,2,directeur,1925,1930,Documents généraux (par ordre chronologique); Industries agro-alimentaires
cognac,Cognac,Cognac,2,1,2,directeur_general,1910,1925,Documents généraux (par ordre chronologique)
legion-d-honn-c,Légion d'honn,C. Légion d'honn,1,1,2,president,1925,1925,Documents généraux (par ordre chronologique)
de-gunzburg-p,de Gunzburg,Pierre de Gunzburg,1,1,2,president,1925,1925,Documents généraux (par ordre chronologique); Mines et carrières
chaligny-a,Chaligny,Albans Chaligny; André Chaligny,1,1,2,administrateur_delegue,1925,1925,Documents généraux (par ordre chronologique)
laumonier-j,Laumonier,J. Laumonier; Jacques Laumonier,1,1,2,president,1925,1925,Documents généraux (par ordre chronologique)
ing-ecp,ing. E.C.P,ing. E.C.P,1,1,2,president,1925,1925,Documents généraux (par ordre chronologique)
bezons,Bezons,Bezons,1,1,2,president,1919,1919,Documents généraux (par ordre chronologique)
chabert-e,Chabert,E. Chabert; Edmond Chabert,1,1,2,president,1926,1938,"Documents généraux (par ordre chronologique); Métallurgie, constructions navales"
vallot-g,Vallot,G. Vallot; Georges Vallot,1,1,2,president,1926,1938,"Documents généraux (par ordre chronologique); Métallurgie, constructions navales"
georges-c,Georges,Ch. Georges; Charles Georges,1,1,2,administrateur,1926,1938,"Documents généraux (par ordre chronologique); Métallurgie, constructions navales"
gournail-h,Gournail,H. Gournail; Henri Gournail,2,1,2,gerant,1910,1926,Documents généraux (par ordre chronologique); Industries agro-alimentaires
defaucamberge,Defaucamberge,Defaucamberge,1,1,2,administrateur,1912,1914,"Banques et groupes financiers, assurances"
honnore-g,Honnoré,Honnoré,1,1,2,administrateur,1912,1914,"Banques et groupes financiers, assurances"
brincard,Brincard,Brincard,1,1,2,administrateur,1929,1931,"Banques et groupes financiers, assurances"
tirard-p,Tirard,P. Tirard,1,1,2,administrateur,1931,1940,"Banques et groupes financiers, assurances"
brincard-g,Brincard,G. Brincard,1,1,2,administrateur,1937,1940,"Banques et groupes financiers, assurances"
brunet-j,Brunet,J. Brunet,1,1,2,president_directeur_general,1948,1948,"Banques et groupes financiers, assurances"
bidaut-a,Bidaut,A. Bidaut,1,1,2,administrateur,1948,1948,"Banques et groupes financiers, assurances"
michaud-p,Michaud,P. Michaud,1,1,2,administrateur,1948,1948,"Banques et groupes financiers, assurances"
abdul-wahab-h,Abdul-Wahab,Abdul-Wahab,1,1,2,censeur,1948,1948,"Banques et groupes financiers, assurances"
bastos-e,Bastos,E. Bastos,1,1,2,administrateur,1914,1917,Industries agro-alimentaires
jais-a,Jaïs. 2,A. Jaïs; A. Jaïs. 2,1,1,2,administrateur,1914,1917,Industries agro-alimentaires
faivre-m,Faivre,Marcel Faivre,2,1,2,administrateur,1926,1926,Industries agro-alimentaires
strallen-h,Strallen,H. Strallen; Henri Strallen,2,1,2,administrateur,1926,1926,"Commerce; Métallurgie, constructions navales"
le-lay-y,Le Lay,Yves Le Lay,1,1,2,administrateur,1948,1948,"Banques et groupes financiers, assurances"
seneclauze-g,Seneclauze,G. Seneclauze,1,1,2,administrateur,1926,1926,Industries agro-alimentaires
botella-j,Botella,Joseph Botella,1,1,2,administrateur,1926,1926,Industries agro-alimentaires
manaut-f,Manaut,Frédéric Manaut,1,1,2,administrateur,1921,1926,"Banques et groupes financiers, assurances"
rodocanachi-t,Rodocanachi,T. Rodocanachi; Théodore Rodocanachi,1,1,2,administrateur,1923,1926,"Banques et groupes financiers, assurances"
manaut-p,Manaut,P. Manaut,1,1,2,administrateur,1937,1940,"Banques et groupes financiers, assurances"
cuvinot-h,Cuvinot,H. Cuvinot,1,1,2,administrateur,1948,1953,"Banques et groupes financiers, assurances"
baizeau-l,Baizeau,L. Baizeau,1,1,2,administrateur,1950,1953,"Banques et groupes financiers, assurances"
tamzali,Tamzali,Tamzali,1,1,2,administrateur,1950,1953,"Banques et groupes financiers, assurances"
crabeels-j,Crabeels,Joseph Crabeels,1,1,2,administrateur,1922,1926,Industries agro-alimentaires
hertoghe-c,Hertoghe,Charles Hertoghe,1,1,2,administrateur,1922,1926,Industries agro-alimentaires
nieuwland-l,Nieuwland,Louis Nieuwland,1,1,2,administrateur,1922,1926,Industries agro-alimentaires
piotrowski-c,Piotrowski,Charles Piotrowski; PIOTROWSKI,2,1,2,commissaire_aux_comptes,1926,1926,"Commerce; Filière bois : exploitation forestière, liège, meubles, cellulose, papier…"
langlois-g,Langlois,Georges Langlois,1,1,2,administrateur,1924,1926,Commerce
lebar-s,Lebar,Lebar; S. Lebar,1,1,2,administrateur,1922,1925,"Filière bois : exploitation forestière, liège, meubles, cellulose, papier…"
mariel-a,Mariel,A. Mariel; Mariel,1,1,2,administrateur,1922,1925,"Filière bois : exploitation forestière, liège, meubles, cellulose, papier…"
bouchard,Bouchard,Bouchard,1,1,2,administrateur,1945,1948,"Filière bois : exploitation forestière, liège, meubles, cellulose, papier…"
henry-r,Henry,René Henry,1,1,2,president,1922,1924,Mines et carrières
sternberg-h,Sternberg,Henri Sternberg,1,1,2,administrateur_delegue,1922,1924,Mines et carrières
dansette-c,Dansette,C. Dansette; Charles Dansette,1,1,2,administrateur,1922,1924,Mines et carrières
verliac-a,Verliac,Adrien Verliac,1,1,2,administrateur,1922,1924,Mines et carrières
cheronnet-m,Cheronnet,Maurice Cheronnet,1,1,2,administrateur,1902,1922,Mines et carrières
gastu-f-felix,Gastu,Félix Gastu,1,1,2,administrateur,1905,1906,"Transports terrestres, garages automobiles et agricoles"
paysant-l-leon,Paysant,Léon Paysant,1,1,2,administrateur,1905,1906,"Transports terrestres, garages automobiles et agricoles"
eug-mirabaud,Eug. Mirabaud,Eug. Mirabaud,1,1,2,administrateur,1937,1940,"Transports terrestres, garages automobiles et agricoles"
roux-e,Roux,E. Roux,1,1,2,administrateur,1937,1940,"Transports terrestres, garages automobiles et agricoles"
boudon-r-rene,Boudon,René Boudon,1,1,2,administrateur,1912,1926,"Transports terrestres, garages automobiles et agricoles"
fleury-a,Fleury,Armand Fleury,1,1,2,administrateur,1926,1931,Mines et carrières
zafiropulo,Zafiropulo,Zafiropulo,1,1,2,administrateur,1922,1926,Mines et carrières
carnot,Carnot,Carnot,1,1,2,administrateur,1922,1926,Mines et carrières
quigneaux-a,Quigneaux,Alfred Quigneaux; QUIGNEAUX,2,1,2,administrateur,1926,1926,"Eau, gaz, électricité (Utilities); Filière bois : exploitation forestière, liège, meubles, cellulose, papier…"
binachon-m,Binachon,Binachon; Michel-Louis Binachon,1,1,2,administrateur,1919,1920,Commerce
brichaux-l,Brichaux 1,L. Brichaux; Louis-Auguste Brichaux 1,1,1,2,administrateur,1919,1920,Commerce
brichaux-j,Brichaux,J. Brichaux; Joseph Brichaux,1,1,2,administrateur,1919,1920,Commerce
tedde-a,Teddé,A. Teddé; Albert-Georges-Yves Teddé,1,1,2,administrateur,1919,1920,Commerce
cassella-l,Cassella,L. CASSELLA; L. Cassella,1,1,2,administrateur,1908,1921,"Bâtiment et travaux publics, matériaux de construction, céramique"
de-lafarge-e,de Lafarge,Édouard de Lafarge,1,1,2,president,1922,1926,"Bâtiment et travaux publics, matériaux de construction, céramique"
d-ambly-r,d' Ambly,René d' Ambly,1,1,2,administrateur_delegue,1922,1926,"Bâtiment et travaux publics, matériaux de construction, céramique"
de-lafarge-a,de Lafarge,Auguste de Lafarge,1,1,2,administrateur,1922,1926,"Bâtiment et travaux publics, matériaux de construction, céramique"
de-lafarge-j,de Lafarge,Joseph de Lafarge,1,1,2,administrateur,1922,1926,"Bâtiment et travaux publics, matériaux de construction, céramique"
lache-f,Laché,F. Laché; Félix Laché,2,1,2,administrateur,1923,1926,"Bâtiment et travaux publics, matériaux de construction, céramique; Industries chimiques"
durrieu-p,Durrieu,Paul Durrieu,1,1,2,administrateur,1906,1922,"Transports terrestres, garages automobiles et agricoles"
de-jollin-g,de Jollin,Gustave de Jollin,1,1,2,secretaire,1906,1922,"Transports terrestres, garages automobiles et agricoles"
allelix-e,Allelix,Allelix; E. Allelix,1,1,2,administrateur,1881,1882,"Transports terrestres, garages automobiles et agricoles"
eud-rey,Eud. Rey,Eud. Rey,1,1,2,administrateur,1882,1887,"Transports terrestres, garages automobiles et agricoles"
salles,Salles,Salles,1,1,2,administrateur,1882,1887,"Transports terrestres, garages automobiles et agricoles"
deniere,Denière,Denière,1,1,2,president,1887,1892,"Transports terrestres, garages automobiles et agricoles"
dorizon,Dorizon,Dorizon,1,1,2,administrateur,1901,1907,"Transports terrestres, garages automobiles et agricoles"
compte-des-frais-de-premier-etablissement-a,Compte des frais de premier établissement (A),Compte des frais de premier établissement; Compte des frais de premier établissement (A),1,1,2,administrateur,1907,1907,"Transports terrestres, garages automobiles et agricoles"
cholet-l,Cholet,Cholet,1,1,2,administrateur,1914,1929,"Transports terrestres, garages automobiles et agricoles"
philippar-g,Philippar,Georges Philippar,1,1,2,administrateur,1925,1926,Transports maritimes et aériens
fould-r,Fould,René Fould,1,1,2,administrateur,1925,1926,Transports maritimes et aériens
lepere-g,Lepère,Georges Lepère,1,1,2,administrateur,1925,1926,Transports maritimes et aériens
bourceret-j,Bourceret,Jacques Bourceret,1,1,2,administrateur,1925,1926,Transports maritimes et aériens
de-planet-e,de Planet,Étienne de Planet,1,1,2,administrateur,1925,1926,Transports maritimes et aériens
portrait-m,Portrait,Marcel Portrait,1,1,2,administrateur,1925,1926,Transports maritimes et aériens
delage-g,Delage,Gustave Delage,1,1,2,administrateur,1923,1935,"Transports terrestres, garages automobiles et agricoles"
gradis-g,Gradis,Gaston Gradis,1,1,2,administrateur,1923,1935,"Transports terrestres, garages automobiles et agricoles"
journan-m,Journan,Maurice Journan,1,1,2,administrateur,1924,1926,"Bâtiment et travaux publics, matériaux de construction, céramique"
camus,Camus,Camus,1,1,2,administrateur,1925,1926,Industries agro-alimentaires
metay-h,Métay,Henry Métay; Métay,1,1,2,administrateur,1925,1926,Industries agro-alimentaires
maudet-m,Maudet,Marcel Maudet; Maudet,1,1,2,administrateur,1925,1926,Industries agro-alimentaires
pecout-g,Pécout,Pécout,1,1,2,administrateur,1926,1926,Industries agro-alimentaires
marceron-m,Marceron,Marcel Marceron,2,1,2,administrateur,1922,1926,Commerce; Industries chimiques
fabry-p,Fabry,Pol Fabry,1,1,2,administrateur,1912,1914,"Banques et groupes financiers, assurances"
roederer-j,Roederer,J. Roederer,1,1,2,administrateur,1937,1940,"Banques et groupes financiers, assurances"
sautter-e-edgar,Sautter,Edgar Sautter,1,1,2,president,1922,1924,Industries agro-alimentaires
de-marignac-a,de Marignac,Adolphe de Marignac,1,1,2,president,1922,1924,Industries agro-alimentaires
audeoud-f,Audéoud,Francis Audéoud,1,1,2,administrateur_delegue,1922,1924,Industries agro-alimentaires
decrue-d,Decrue,David Decrue,1,1,2,administrateur,1922,1924,Industries agro-alimentaires
averseng-g,Averseng,Gaston Averseng,2,1,2,president,1926,1926,Industries agro-alimentaires
havard-o,HAVARD,O. HAVARD; Onésime HAVARD,1,1,2,president,1901,1901,"Banques et groupes financiers, assurances"
de-bussierre-h,de Bussierre,de Bussierre,1,1,2,administrateur,1902,1907,"Banques et groupes financiers, assurances"
node-langlois,Nodé-Langlois,Nodé-Langlois,1,1,2,administrateur,1902,1907,"Banques et groupes financiers, assurances"
ant-b,Ant.,Bernard Ant.,1,1,2,administrateur,1930,1933,"Banques et groupes financiers, assurances"
monnier-l,Monnier,L. Monnier,1,1,2,administrateur,1945,1948,"Banques et groupes financiers, assurances"
arles-dufour,Arlès-Dufour,Arlès-Dufour,1,1,2,administrateur,1882,1893,"Banques et groupes financiers, assurances"
mongellar,Mongellar,Mongellar,1,1,2,administrateur,1882,1893,"Banques et groupes financiers, assurances"
guiffrey,Guiffrey,Guiffrey,1,1,2,administrateur,1882,1893,"Banques et groupes financiers, assurances"
honore,Honoré,Honoré,1,1,2,administrateur,1882,1893,"Banques et groupes financiers, assurances"
thoureau,Thoureau,Thoureau,1,1,2,administrateur,1882,1893,"Banques et groupes financiers, assurances"
de-la-perriere,de la Perrière,de la Perrière,1,1,2,administrateur,1893,1903,"Banques et groupes financiers, assurances"
suquet-e,Suquet,E. Suquet,1,1,2,administrateur,1893,1898,"Banques et groupes financiers, assurances"
olivier,Olivier,Olivier,2,1,2,administrateur,1898,1940,"Banques et groupes financiers, assurances"
delphin-n,Delphin,Delphin,1,1,2,administrateur,1912,1914,"Banques et groupes financiers, assurances"
mohammed-el-guebbas,Mohammed el Guebbas,Mohammed el Guebbas,1,1,2,administrateur,1931,1933,"Banques et groupes financiers, assurances"
dumas-j,Dumas,J. Dumas,1,1,2,administrateur,1933,1937,"Banques et groupes financiers, assurances"
robe-e,Robe,E. Robe,1,1,2,administrateur,1937,1940,"Banques et groupes financiers, assurances"
charra-g,Charra,G. Charra,1,1,2,administrateur,1945,1948,"Banques et groupes financiers, assurances"
philippar-p,Philippar,P. Philippar,1,1,2,administrateur,1945,1948,"Banques et groupes financiers, assurances"
godin-p,Godin,P. Godin,1,1,2,administrateur,1948,1953,"Banques et groupes financiers, assurances"
febrer,Febrer,Febrer,1,1,2,censeur,1948,1953,"Banques et groupes financiers, assurances"
de-peyerimhoff-de-fontenelle-b,de Peyerimhoff de Fontenelle,Bernard de Peyerimhoff de Fontenelle,1,1,2,administrateur,1927,1927,Mines et carrières
gustave-d,Gustave,Gustave,1,1,2,administrateur,1888,1888,Industries agro-alimentaires
tanon-j,Tanon,J. Tanon,1,1,2,administrateur,1940,1945,Mines et carrières
bannery,Bannery,Bannery,1,1,2,administrateur,1945,1953,Mines et carrières
clevenot-c,Clévenot,Charles Clévenot,2,1,2,commissaire_aux_comptes,1926,1926,"Industries agro-alimentaires; Métallurgie, constructions navales"
bourlier-jouyne-c,Bourlier-Jouyne,Charles Bourlier-Jouyne,1,1,2,administrateur,1922,1924,Industries agro-alimentaires
marty-e,Marty,Édouard Marty,1,1,2,administrateur,1922,1924,Industries agro-alimentaires
munck-c,Munck,Ch. Munck,1,1,2,president,1948,1953,Industries agro-alimentaires
thirion-a,Thirion,Auguste Thirion,1,1,2,administrateur,1922,1924,Industries agro-alimentaires
leveratto-a,Leveratto,Auguste Leveratto,2,1,2,directeur,1926,1929,Industries agro-alimentaires
ducros-c,Ducros,C. Ducros; Célestin Ducros,1,1,2,administrateur,1926,1926,"Métallurgie, constructions navales"
raynaud-l,Raynaud,L. Raynaud,1,1,2,administrateur,1922,1924,"Eau, gaz, électricité (Utilities)"
fontaine-l-lucien,Fontaine,Lucien Fontaine,1,1,2,administrateur,1920,1922,Commerce
grab-o,Grab,Oscar Grab,1,1,2,administrateur,1920,1922,Commerce
frachon-r,Frachon 2,René Frachon; René Frachon 2,1,1,2,administrateur,1920,1922,Commerce
ad-alquie,Ad. Alquié,Ad. Alquié,1,1,2,administrateur,1931,1931,Industries agro-alimentaires
hebrard-e,Hébrard,E. Hébrard; Émile Hébrard,1,1,2,administrateur,1910,1922,Mines et carrières
maximin-de-petichet,Maximin de Petichet,Maximin de Petichet,1,1,2,administrateur,1922,1926,Mines et carrières
pamaron-a,Pamaron 3,A. Pamaron; Alphonse Pamaron 3,1,1,2,administrateur,1920,1920,"Banques et groupes financiers, assurances"
thiboust-l,Thiboust,L. Thiboust; Lucien Thiboust,1,1,2,administrateur,1920,1920,"Banques et groupes financiers, assurances"
poincelin-j,Poincelin,J. Poincelin; Jules Poincelin,1,1,2,administrateur,1920,1920,"Banques et groupes financiers, assurances"
carrier-c,Carrier,Charles Carrier,1,1,2,administrateur,1910,1922,Industries agro-alimentaires
charmetant-j,Charmetant,Jean Charmetant,1,1,2,administrateur,1922,1926,Industries agro-alimentaires
delarue-a,Delarue,André Delarue,1,1,2,administrateur,1922,1926,Industries agro-alimentaires
lenglin-h,Lenglin,Henry Lenglin,1,1,2,administrateur,1922,1926,Industries agro-alimentaires
carlos-de-vasconcellos-a,Carlos de Vasconcellos,A. Carlos de Vasconcellos; Carlos de Vasconcellos,1,1,2,administrateur,1926,1926,Industries agro-alimentaires
lignon-a,Lignon,A. Lignon,1,1,2,president,1931,1933,Industries agro-alimentaires
cavelier-a,Cavelier,A. Cavelier,1,1,2,administrateur,1931,1933,Industries agro-alimentaires
chini-j,Chini,Joseph Chini,1,1,2,administrateur_delegue,1922,1926,Foncières et immobilières
tine-j-joseph,Tiné,Joseph Tiné,1,1,2,administrateur,1922,1926,Foncières et immobilières
boucard-m,Boucard,Max Boucard,1,1,2,president,1906,1906,Foncières et immobilières
viard-l,Viard,Lucien Viard,1,1,2,administrateur,1906,1912,Foncières et immobilières
chahuet-p,Chahuet,Paul Chahuet,1,1,2,administrateur_delegue,1912,1922,Foncières et immobilières
douane-l,Douane,Lucien Douane,1,1,2,administrateur,1912,1922,Foncières et immobilières
leblond-j,Leblond,J. Leblond,1,1,2,administrateur,1909,1912,Mines et carrières
amidieu-du-clos-a,Amidieu du Clos,Amidieu du Clos,1,1,2,administrateur,1922,1922,Mines et carrières
peyroud-d,Peyroud,Daniel Peyroud,1,1,2,administrateur,1919,1926,"Filière bois : exploitation forestière, liège, meubles, cellulose, papier…"
commissionnaire-en-vins-a-alger,commissionnaire en vins à Alger,commissionnaire en vins à Alger,1,1,2,administrateur,1919,1919,"Filière bois : exploitation forestière, liège, meubles, cellulose, papier…"
ginestet-f,Ginestet,Fernand Ginestet,1,1,2,administrateur,1922,1926,"Filière bois : exploitation forestière, liège, meubles, cellulose, papier…"
lung-f,Lung,Frédéric Lung,1,1,2,administrateur,1922,1926,"Filière bois : exploitation forestière, liège, meubles, cellulose, papier…"
peyroud-c,Peyroud,Cyprien Peyroud,1,1,2,administrateur,1922,1926,"Filière bois : exploitation forestière, liège, meubles, cellulose, papier…"
brylinski-a,Brylinski,Albert Brylinski,1,1,2,administrateur,1925,1926,"Transports terrestres, garages automobiles et agricoles"
debenham-a,Debenham,A. S. Debenham; A.-S. Debenham,1,1,2,administrateur,1925,1926,"Transports terrestres, garages automobiles et agricoles"
gastu-j,Gastu,Jules Gastu,1,1,2,administrateur,1925,1926,"Transports terrestres, garages automobiles et agricoles"
nelson-chierico-h,Nelson Chierico,Henri Nelson Chierico,1,1,2,administrateur,1924,1926,"Eau, gaz, électricité (Utilities)"
bosano-a,Bosano,Aristide Bosano,1,1,2,administrateur,1924,1926,"Eau, gaz, électricité (Utilities)"
abbo-r,Abbo,Rémus Abbo,1,1,2,administrateur,1924,1926,"Eau, gaz, électricité (Utilities)"
pascalin-c,Pascalin,Charles Pascalin,1,1,2,president,1922,1926,"Hôtellerie-restauration, tourisme"
mannoni-j,Mannoni,Jacques Mannoni,1,1,2,administrateur,1922,1926,"Hôtellerie-restauration, tourisme"
pascalin-e,Pascalin,Édouard Pascalin,1,1,2,administrateur,1922,1926,"Hôtellerie-restauration, tourisme"
anduze-j,Anduze,Joseph Anduze,1,1,2,administrateur,1922,1926,"Hôtellerie-restauration, tourisme"
fournier-c,Fournier,Charles Fournier,1,1,2,administrateur,1922,1924,"Hôtellerie-restauration, tourisme"
de-malglaive-h,de Malglaive,Henri de Malglaive,1,1,2,administrateur,1922,1924,"Hôtellerie-restauration, tourisme"
gros-f,Gros,Ferdinand Gros,1,1,2,administrateur,1922,1926,"Bâtiment et travaux publics, matériaux de construction, céramique"
brice,Brice,Brice,1,1,2,administrateur,1925,1925,"Bâtiment et travaux publics, matériaux de construction, céramique"
lebon-m,Lebon,Marcel Lebon,1,1,2,administrateur,1923,1926,"Eau, gaz, électricité (Utilities)"
servajean-p,Servajean,Paul Servajean,1,1,2,administrateur,1923,1926,"Eau, gaz, électricité (Utilities)"
alziari-de-malaussene-a,Alziari de Malaussène,Albert Alziari de Malaussène,1,1,2,administrateur,1923,1926,"Eau, gaz, électricité (Utilities)"
morel-de-westgaver-f,Morel de Westgaver,Fernand Morel de Westgaver,1,1,2,administrateur,1922,1926,Industries agro-alimentaires
amaury-de-kerchove,Amaury de Kerchove,Amaury de Kerchove,1,1,2,administrateur,1922,1926,Industries agro-alimentaires
de-limon-triest-f,de Limon-Triest,Fernand de Limon-Triest,1,1,2,administrateur,1922,1926,Industries agro-alimentaires
hosselet-h,Hosselet,Henri Hosselet,1,1,2,administrateur,1922,1926,Industries agro-alimentaires
aboudaram-a,Aboudaram,Abraham Aboudaram,1,1,2,administrateur,1924,1926,Foncières et immobilières
garson-m,Garson,Moïse Garson,1,1,2,administrateur,1924,1926,Foncières et immobilières
azoulay-a,Azoulay,Abraham Azoulay,1,1,2,administrateur,1924,1926,Foncières et immobilières
vochelle-a,Vochelle,Adrien Vochelle,1,1,2,administrateur,1924,1926,Foncières et immobilières
aboudaram-m,Aboudaram,Marc Aboudaram,1,1,2,administrateur,1924,1926,Foncières et immobilières
lloyd-de-france,Lloyd de France,Lloyd de France,1,1,2,administrateur,1936,1936,Pétrole et gaz
gueret-bellemare-p,Guéret-Bellemare,P. Guéret-Bellemare,1,1,2,administrateur,1937,1940,Pétrole et gaz
levain-a,Levain,A. Levain,1,1,2,administrateur,1948,1948,Pétrole et gaz
moller-m,Moller,Magnus Moller,2,1,2,administrateur,1926,1926,"Commerce; Imprimerie, presse, édition"
kempf-a-adrien,Kempf,Adrien Kempf,1,1,2,administrateur,1922,1926,"Bâtiment et travaux publics, matériaux de construction, céramique"
laroche-joubert-e,Laroche-Joubert,Edmond Laroche-Joubert; Edmond-Jean-Pierre LAROCHE-JOUBERT,1,1,2,president,1922,1924,"Filière bois : exploitation forestière, liège, meubles, cellulose, papier…"
pyrent-de-la-prade,Pyrent de la Prade,Pyrent de la Prade,1,1,2,administrateur,1937,1940,"Filière bois : exploitation forestière, liège, meubles, cellulose, papier…"
jacquemin,Jacquemin,Jacquemin,1,1,2,administrateur,1922,1926,Mines et carrières
japhet-e,Japhet,E. Japhet,1,1,2,administrateur,1940,1945,Mines et carrières
lecointre-g,Lecointre,G. Lecointre,1,1,2,administrateur,1940,1945,Mines et carrières
lenormand-e,Lenormand,Eugène Lenormand,1,1,2,administrateur,1927,1937,"Bâtiment et travaux publics, matériaux de construction, céramique"
fevre-m,Fèvre,Maurice Fèvre,1,1,2,administrateur,1927,1937,"Bâtiment et travaux publics, matériaux de construction, céramique"
boyelle-morin-g,Boyelle-Morin,Georges Boyelle-Morin,1,1,2,administrateur,1927,1937,"Bâtiment et travaux publics, matériaux de construction, céramique"
fevre-j,Fèvre,Jean Fèvre,1,1,2,administrateur,1927,1937,"Bâtiment et travaux publics, matériaux de construction, céramique"
plancon-a,Plançon,Alphonse Plançon,1,1,2,administrateur_delegue,1922,1927,"Transports terrestres, garages automobiles et agricoles"
massonet-l,Massonet,Louis Massonet,1,1,2,administrateur,1922,1927,"Transports terrestres, garages automobiles et agricoles"
eichthal,Eichthal,Eichthal,1,1,2,administrateur,1922,1926,Mines et carrières
duchiron-g,Duchiron,Duchiron; Gabriel Duchiron,1,1,2,administrateur,1921,1921,Mines et carrières
lautmann-a,Lautmann,Adolphe Lautmann; Lautmann,1,1,2,administrateur,1921,1921,Mines et carrières
blum-j,Blum,Jacques Blum,1,1,2,administrateur,1905,1905,Mines et carrières
pageyral-m,Pageyral,Mercier Pageyral; Pageyral,1,1,2,administrateur,1905,1906,Mines et carrières
zuretti-l,Zuretti,L. Zuretti; Louis Zuretti,1,1,2,administrateur,1906,1910,Mines et carrières
mesloula-o,Mesloula,Mesloula]; Ouasta- Mesloula,1,1,2,administrateur,1922,1925,Mines et carrières
petit-p,Petit,P. Petit,1,1,2,administrateur,1948,1953,Mines et carrières
bernede-p,Bernède,P. Bernède,1,1,2,administrateur,1948,1953,Mines et carrières
de-catelin-j,de Catelin,Jules de Catelin,1,1,2,administrateur_delegue,1912,1922,Mines et carrières
aimery-de-rochechouart,Aimery de Rochechouart,Aimery de Rochechouart,1,1,2,administrateur,1912,1922,Mines et carrières
sebe-p,Sèbe,P. Sèbe,1,1,2,administrateur,1933,1948,Mines et carrières
porteret-a,Porteret,A. Porteret,1,1,2,administrateur,1948,1953,Mines et carrières
lantz-l,Lantz,L. Lantz,1,1,2,administrateur,1945,1948,Mines et carrières
planchon,Planchon,Planchon,1,1,2,administrateur,1945,1948,Mines et carrières
saint-didier,Saint-Didier,Saint-Didier,1,1,2,administrateur,1922,1926,Mines et carrières
cardozo-h,Cardozo,Cardozo,1,1,2,administrateur,1922,1926,Mines et carrières
thiery-l,Thiéry,L. Thiéry,1,1,2,administrateur,1914,1917,Mines et carrières
davicion,Davicion,Davicion,1,1,2,administrateur,1914,1917,Mines et carrières
oulmann-l,Oulmann,Léon Oulmann,1,1,2,administrateur,1922,1926,Mines et carrières
bois-colombes,Bois-Colombes,Bois-Colombes,1,1,2,administrateur,1922,1926,Mines et carrières
schneider,Schneider,Schneider,1,1,2,administrateur,1922,1926,Mines et carrières
buurmans,Buurmans,Buurmans,1,1,2,administrateur,1926,1938,Mines et carrières
taminiau-o,Taminiau,Oscar Taminiau,1,1,2,conseil_surveillance,1908,1922,Mines et carrières
maugue-j,Maugue,J. Maugue,1,1,2,administrateur,1931,1933,Mines et carrières
barthelemy-p,Barthélémy,P. Barthélémy,1,1,2,administrateur,1914,1914,Mines et carrières
guilleret-j,Guilleret,Guilleret; J. Guilleret,1,1,2,administrateur,1914,1914,Mines et carrières
legros,Legros,Legros,1,1,2,administrateur,1914,1914,Mines et carrières
loric-j,Loric,J. Loric; Loric,1,1,2,administrateur,1914,1914,Mines et carrières
sevestre-p,Sevestre,P. Sevestre; Sevestre,1,1,2,administrateur,1914,1914,Mines et carrières
benech-r,Bénech,Benech; Bénech,1,1,2,administrateur,1914,1914,Mines et carrières
heep-a,Heep,A. Heep; Heep,1,1,2,administrateur,1910,1910,Mines et carrières
faure-f,Faure,F. Faure,1,1,2,administrateur,1929,1933,Mines et carrières
narat-l,Narat,L. Narat,1,1,2,administrateur,1948,1953,Mines et carrières
ligon-a,Ligon,Albert Ligon; Ligon,1,1,2,administrateur_delegue,1924,1925,Mines et carrières
boisset-glassat,Boisset-Glassat,Boisset-Glassat,1,1,2,administrateur,1912,1914,Mines et carrières
girot-h,Girot,H. Girot,1,1,2,administrateur,1933,1937,Mines et carrières
lacoin-g,Lacoin,G. Lacoin,1,1,2,administrateur,1933,1937,Mines et carrières
martin-m-marius,Martin,Marius Martin,1,1,2,administrateur,1909,1910,Mines et carrières
guillierme-e,Guillierme,Ernest Guillierme,1,1,2,administrateur,1909,1910,Mines et carrières
assis-h,Assis,Henri Assis,2,1,2,administrateur,1922,1926,"Bâtiment et travaux publics, matériaux de construction, céramique; Cuirs et textiles"
augier-j,Augier,J. Augier,1,1,2,administrateur,1922,1926,Cuirs et textiles
ades-h,Adès,H. Adès,1,1,2,administrateur,1922,1926,Cuirs et textiles
materiaux-de-construction-de-la-loisne,Matériaux de Construction de la Loisne,Matériaux de Construction de la Loisne,1,1,2,administrateur,1948,1953,"Bâtiment et travaux publics, matériaux de construction, céramique"
masset-e,Masset,Eugène Masset,1,1,2,administrateur,1928,1939,Transports maritimes et aériens
vincent-e-eugene,Vincent,Eugène Vincent,1,1,2,administrateur,1922,1926,Industries agro-alimentaires
monod,Monod,Monod,1,1,2,administrateur,1902,1906,Mines et carrières
rolin,Rolin,Rolin,1,1,2,administrateur,1902,1906,Mines et carrières
tancrede-p,Tancrède,Tancrède,1,1,2,administrateur,1902,1906,Mines et carrières
gunzburg,Gunzburg,Gunzburg,1,1,2,administrateur,1922,1926,Mines et carrières
de-la-vaulx-h,de la Vaulx,Henri de la Vaulx; Henry de la Vaulx,1,1,2,administrateur,1924,1926,"Eau, gaz, électricité (Utilities)"
bligny-j,Bligny,Joseph Bligny,1,1,2,administrateur,1924,1926,"Eau, gaz, électricité (Utilities)"
fossorier-r,Fossorier,Robert Fossorier; Robert-Paul-Antoine Fossorier,1,1,2,administrateur,1926,1926,Commerce
mancini-j,Mancini,Jean Mancini; Jean-Charles-Pierre Mancini,1,1,2,administrateur,1926,1926,Commerce
dunand-f,Dunand,Francis Dunand,2,1,2,administrateur,1926,1926,"Filière bois : exploitation forestière, liège, meubles, cellulose, papier…; Transports maritimes et aériens"
roux-j,Roux,J. Roux,1,1,2,administrateur,1917,1920,Mines et carrières
champin-m,Champin,Marcel Champin,1,1,2,president,1938,1940,Mines et carrières
mirabaud-p-pierre,Mirabaud,Pierre Mirabaud,1,1,2,president,1938,1940,Mines et carrières
gastambide-r,Gastambide,Robert Gastambide,1,1,2,administrateur,1938,1940,Mines et carrières
jouasset-g,Jouasset,G. Jouasset,1,1,2,administrateur,1931,1933,Mines et carrières
gardens-g,Gardens,Grosvenor Gardens,1,1,2,administrateur_delegue,1925,1925,Mines et carrières
godeau-c,Godeau,Charles Godeau,1,1,2,president,1925,1926,Mines et carrières
avillach,Avillach,Avillach,1,1,2,administrateur,1930,1930,Industries pharmaceutiques et parachimie
rosenthal-p,Rosenthal,P. Rosenthal; Rosenthal,1,1,2,administrateur,1930,1930,Industries pharmaceutiques et parachimie
de-bertier-de-sauvigny,de Bertier de Sauvigny,de Bertier de Sauvigny,1,1,2,administrateur,1937,1940,Industries chimiques
jauffret-e,Jauffret,E. Jauffret,1,1,2,administrateur,1948,1953,Industries chimiques
guerin-a,Guérin,A. Guérin,1,1,2,administrateur,1937,1940,Foncières et immobilières
ferrus-l,Ferrus,Ferrus; Léonce Aimé Ferrus,1,1,2,administrateur,1920,1920,Transports maritimes et aériens
chef-de-la-maison-pelnard-considere,chef de la Maison Pelnard-Considère,chef de la Maison Pelnard-Considère,1,1,2,president,1925,1925,"Bâtiment et travaux publics, matériaux de construction, céramique"
grillard-m,Grillard,Grillard; Marcel Grillard,1,1,2,administrateur,1920,1920,"Banques et groupes financiers, assurances"
garcin-e,Garcin,Edmond Garcin,1,1,2,administrateur,1922,1926,Commerce
taraud-a,Taraud,A. Taraud; Albert Taraud,1,1,2,administrateur,1920,1922,Industries chimiques
pdt-morel,pdt Morel,pdt Morel,1,1,2,administrateur,1922,1924,Mines et carrières
jehenne-n,Jehenne,Nantes Jehenne,1,1,2,administrateur,1922,1924,Mines et carrières
peigne-a,Peigné,Peigné,1,1,2,administrateur,1924,1924,Mines et carrières
audeoud-e-ernest,Audeoud,Ernest Audeoud; Ernest Audéoud,1,1,2,administrateur_delegue,1906,1922,Foncières et immobilières
ramier-a,Ramier,Auguste Ramier,1,1,2,administrateur,1922,1926,Foncières et immobilières
thesmar-l,Thesmar,Léon Thesmar,1,1,2,administrateur,1922,1924,Industries chimiques
valiere-a,Valière,Aimé Valière,1,1,2,administrateur,1922,1924,Industries chimiques
gras-z,Gras,Zéphirin Gras,1,1,2,president,1924,1926,Industries chimiques
david-l,David,Lucien David,1,1,2,administrateur,1924,1926,Industries chimiques
delbosc-l,Delbosc,Léopold Delbosc,1,1,2,administrateur,1926,1928,Industries agro-alimentaires
feraud-l,Féraud,Lucien Feraud; Lucien Féraud,1,1,2,administrateur,1926,1928,Industries agro-alimentaires
bernard-j,Bernard,J. Bernard; J.-B. Bernard,2,1,2,administrateur,1914,1926,Industries agro-alimentaires; Mines et carrières
hersent,Hersent,Hersent,1,1,2,administrateur,1914,1922,Mines et carrières
laurent,Laurent,Laurent,1,1,2,administrateur,1914,1922,Mines et carrières
marchal,Marchal,Marchal,1,1,2,administrateur,1914,1922,Mines et carrières
ed-balensi,Ed. Balensi,Ed. Balensi,1,1,2,administrateur,1945,1948,Mines et carrières
blanchard-a,Blanchard,A. Blanchard,1,1,2,administrateur,1945,1948,Mines et carrières
calvet-p,Calvet,P. Calvet,1,1,2,administrateur,1945,1948,Mines et carrières
faye-j,Faye,J. Faye,1,1,2,administrateur,1945,1948,Mines et carrières
hersent-g,Hersent,G. Hersent,1,1,2,administrateur,1945,1948,Mines et carrières
lafond-h,Lafond,H. Lafond,1,1,2,administrateur,1945,1948,Mines et carrières
ch-e-rouyer,Ch.-E. Rouyer,Ch.-E. Rouyer,1,1,2,administrateur,1945,1948,Mines et carrières
droubay-j,Droubay,Jean Droubay,1,1,2,administrateur,1926,1926,Industries agro-alimentaires
de-bary-r,de Bary,Raymond de Bary,1,1,2,administrateur,1937,1945,Mines et carrières
boisnard-g,Boisnard,Georges Boisnard,1,1,2,administrateur,1922,1926,"Filière bois : exploitation forestière, liège, meubles, cellulose, papier…"
catelin-l,Catelin,Louis Catelin,1,1,2,administrateur,1922,1926,"Filière bois : exploitation forestière, liège, meubles, cellulose, papier…"
weipert-r,WEIPERT,Richard WEIPERT; WEIPERT,1,1,2,administrateur,1869,1875,"Filière bois : exploitation forestière, liège, meubles, cellulose, papier…"
thivend-a,Thivend,Albert Thivend,1,1,2,administrateur,1924,1926,Mines et carrières
dupuy-dutemps-c,Dupuy-Dutemps,Charles Dupuy-Dutemps; Dupuy-Dutemps,1,1,2,administrateur,1908,1908,"Transports terrestres, garages automobiles et agricoles"
autin-j,Autin,J. Autin,1,1,2,administrateur,1945,1948,"Transports terrestres, garages automobiles et agricoles"
leonardi-f,Léonardi,François Léonardi,1,1,2,administrateur_delegue,1924,1926,"Transports terrestres, garages automobiles et agricoles"
scamaroni-a,Scamaroni,Antoine Scamaroni,1,1,2,administrateur,1924,1926,"Transports terrestres, garages automobiles et agricoles"
barkatz-e,Barkatz,Émile Barkatz,1,1,2,administrateur,1924,1926,"Transports terrestres, garages automobiles et agricoles"
genon-p,Genon,Paul Genon,1,1,2,administrateur,1924,1926,"Transports terrestres, garages automobiles et agricoles"
delfolie-j,Delfolie,Jean Delfolie,1,1,2,administrateur,1924,1926,"Transports terrestres, garages automobiles et agricoles"
dessens-j,Dessens,Jean Dessens,1,1,2,administrateur,1924,1926,"Transports terrestres, garages automobiles et agricoles"
abadie,Abadie,Abadie,1,1,2,commissaire_aux_comptes,1901,1912,"Transports terrestres, garages automobiles et agricoles"
brac-de-la-perriere-p,Brac de la Perrière,Brac de la Perrière; Paul Brac de la Perrière,1,1,2,commissaire_aux_comptes,1901,1922,"Transports terrestres, garages automobiles et agricoles"
pirard,Pirard,Pirard,1,1,2,administrateur,1931,1933,"Transports terrestres, garages automobiles et agricoles"
guillon-e,Guillon,E. Guillon,1,1,2,administrateur,1937,1940,"Transports terrestres, garages automobiles et agricoles"
cottet-c,Cottet,C. Cottet,1,1,2,administrateur,1937,1948,"Transports terrestres, garages automobiles et agricoles"
bagneux-f,Bagneux,Bagneux,1,1,2,administrateur,1937,1940,"Transports terrestres, garages automobiles et agricoles"
aubry-j-jules,Aubry,Jules Aubry,1,1,2,administrateur,1922,1926,"Transports terrestres, garages automobiles et agricoles"
chautard-p,Chautard,P. Chautard; Paul Chautard,1,1,2,administrateur,1919,1923,Mines et carrières
durrieu,Durrieu,Durrieu,1,1,2,administrateur,1923,1929,Mines et carrières
henriquez-d,Henriquez,D. Henriquez,1,1,2,administrateur,1937,1937,Mines et carrières
tirman-a,Tirman,A. Tirman,1,1,2,president,1937,1940,"Eau, gaz, électricité (Utilities)"
mullet-g,Mullet,G. Mullet,1,1,2,administrateur,1937,1940,"Eau, gaz, électricité (Utilities)"
chastenet-j,Chastenet,J. Chastenet,1,1,2,administrateur,1940,1945,"Eau, gaz, électricité (Utilities)"
chalbaud-p,Chalbaud,Chalbaud; Pedro Chalbaud,1,1,2,administrateur,1920,1920,Mines et carrières
barthelemy-l,Barthélémy,L. Barthélémy,1,1,2,administrateur,1898,1922,Industries agro-alimentaires
berge-g,Berge,Gaston Berge,1,1,2,administrateur,1922,1926,Industries agro-alimentaires
hache-a,Hache,A. Hache; André Hache,1,1,2,administrateur,1922,1926,Industries agro-alimentaires
lavie-p,Lavie,Pierre Lavie,1,1,2,administrateur,1922,1924,Industries agro-alimentaires
mercier-de-sainte-croix-p,Mercier de Sainte-Croix,Pierre Mercier de Sainte-Croix,1,1,2,administrateur,1922,1924,Industries agro-alimentaires
artonne-a,Artonne,A. Artonne,1,1,2,administrateur,1948,1953,Industries agro-alimentaires
rabel-a,Rabel,André Rabel,1,1,2,president,1922,1926,Commerce
cordier-d,Cordier,Désiré Cordier,1,1,2,president,1922,1926,Commerce
delhaize,Delhaize,Delhaize,1,1,2,administrateur,1933,1937,Commerce
duchesne-f,Duchesne,F. Duchesne,1,1,2,administrateur,1945,1948,Commerce
lyonnais-d,Lyonnais,Docks Lyonnais,1,1,2,administrateur,1945,1948,Commerce
dumouchel,Dumouchel,Dumouchel,1,1,2,administrateur,1931,1933,"Eau, gaz, électricité (Utilities)"
bisch-r,Bisch,René Bisch,1,1,1,administrateur,1928,1928,Foncières et immobilières
blanchet-l,Blanchet,Louis Blanchet,1,1,1,administrateur,1928,1928,Foncières et immobilières
mohamed-b,Mohamed,Boudali Mohamed,1,1,1,administrateur,1928,1928,Foncières et immobilières
frassati-c,Frassati,César Frassati,1,1,1,administrateur,1928,1928,Foncières et immobilières
lesimple-r,Lesimple,René Lesimple,1,1,1,administrateur,1928,1928,Foncières et immobilières
renauld-l,Renauld,Lucien Renauld,1,1,1,administrateur,1928,1928,Foncières et immobilières
scotto-f,Scotto,F. Scotto,1,1,1,administrateur,1910,1910,Transports maritimes et aériens
menet-h,Menet,H. Menet,1,1,1,administrateur,1910,1910,Transports maritimes et aériens
shaki-e,Shaki,E. Shaki,1,1,1,administrateur,1910,1910,Transports maritimes et aériens
balandras-g,Balandras,Georges Balandras,1,1,1,administrateur,1920,1920,Transports maritimes et aériens
corbeto-j,Corbeto,Joseph Corbeto,1,1,1,administrateur,1920,1920,Transports maritimes et aériens
deros-p,Deros,Philippe Deros,1,1,1,administrateur,1920,1920,Transports maritimes et aériens
gerbaud-j,Gerbaud,Jean Gerbaud,1,1,1,administrateur,1920,1920,Transports maritimes et aériens
jullian-g,Jullian,Georges Jullian,1,1,1,administrateur,1920,1920,Transports maritimes et aériens
et-jean-stern,et Jean Stern,et Jean Stern,1,1,1,administrateur,1920,1920,Transports maritimes et aériens
cahen-fuzier-e,Cahen-Fuzier,Édouard Cahen-Fuzier,1,1,1,president,1926,1926,Industries agro-alimentaires
chansarel-r,Chansarel,Robert Chansarel,1,1,1,administrateur_delegue,1924,1924,"Bâtiment et travaux publics, matériaux de construction, céramique"
barrabino-e,Barrabino,Barrabino,1,1,1,administrateur,1924,1924,"Bâtiment et travaux publics, matériaux de construction, céramique"
combescot-j,Combescot,Combescot,1,1,1,administrateur,1924,1924,"Bâtiment et travaux publics, matériaux de construction, céramique"
harle-h,Harlé,H. Harlé,1,1,1,administrateur,1924,1924,"Bâtiment et travaux publics, matériaux de construction, céramique"
lecoq-vallon-m,Lecoq-Vallon,Lecoq-Vallon,1,1,1,administrateur,1924,1924,"Bâtiment et travaux publics, matériaux de construction, céramique"
sichel-a,Sichel,Adolphe Sichel,1,1,1,administrateur,1924,1924,"Bâtiment et travaux publics, matériaux de construction, céramique"
paulus-r,Paulus,René Paulus,1,1,1,president,1929,1929,"Filière bois : exploitation forestière, liège, meubles, cellulose, papier…"
brun-c,Brun,Charles Brun,1,1,1,administrateur,1929,1929,"Filière bois : exploitation forestière, liège, meubles, cellulose, papier…"
philippart-p,Philippart,Paul Philippart,1,1,1,administrateur,1929,1929,"Filière bois : exploitation forestière, liège, meubles, cellulose, papier…"
lebrun-j,Lebrun,Joseph Lebrun,1,1,1,administrateur,1929,1929,"Filière bois : exploitation forestière, liège, meubles, cellulose, papier…"
auzepy,Auzepy,Auzepy,1,1,1,administrateur,1945,1945,Mines et carrières
bonnefoy-sibour-a,Bonnefoy- Sibour,A. Bonnefoy- Sibour,1,1,1,administrateur,1945,1945,Mines et carrières
leclerc-e,Leclerc,E. Leclerc,1,1,1,administrateur,1945,1945,Mines et carrières
magny-c,Magny,Ch. Magny,1,1,1,administrateur,1945,1945,Mines et carrières
moroni-p,Moroni,P. Moroni,1,1,1,administrateur,1945,1945,Mines et carrières
sassier-e,Sassier,E. Sassier,1,1,1,administrateur,1953,1953,Mines et carrières
pepin-m,Pepin,Maurice Pepin,1,1,1,administrateur,1922,1922,Industries agro-alimentaires
et-adolphe-thierry-mieg,et Adolphe Thierry-Mieg,et Adolphe Thierry-Mieg,1,1,1,administrateur,1919,1919,Industries agro-alimentaires
hervey,Hervey,Hervey,1,1,1,administrateur,1919,1919,Industries agro-alimentaires
reville-d,Réville,Durand- Réville,1,1,1,administrateur,1919,1919,Industries agro-alimentaires
laine,Lainé,Lainé,1,1,1,administrateur,1919,1919,Industries agro-alimentaires
roy,Roy,Roy,1,1,1,vice_president,1925,1925,Industries agro-alimentaires
barbet-massin,Barbet-Massin,Barbet-Massin,1,1,1,administrateur,1925,1925,Industries agro-alimentaires
catherine-l,Catherine,L. Catherine,1,1,1,administrateur,1925,1925,Industries agro-alimentaires
duval-j,Duval,J. Duval,1,1,1,administrateur,1925,1925,Industries agro-alimentaires
roy-p,Roy,P. Roy,1,1,1,administrateur,1925,1925,Industries agro-alimentaires
seydoux-a,Seydoux,André Seydoux,1,1,1,president,1926,1926,Industries agro-alimentaires
portier,Portier,Portier,1,1,1,administrateur,1923,1923,Mines et carrières
biver,Biver,Biver,1,1,1,administrateur,1923,1923,Mines et carrières
dubar-g,Dubar,Dubar,1,1,1,administrateur,1923,1923,Mines et carrières
lignel-j,Lignel,Jean Lignel,1,1,1,administrateur,1934,1934,Transports maritimes et aériens
chalon-m,Chalon,Melchior Chalon,1,1,1,administrateur,1934,1934,Transports maritimes et aériens
bellon-l,Bellon,Léon Bellon,1,1,1,administrateur,1934,1934,Transports maritimes et aériens
et-emile-bernard-a-paris,et Émile Bernard à Paris,et Émile Bernard à Paris,1,1,1,administrateur,1934,1934,Transports maritimes et aériens
deschars-l,Deschars,L. Deschars,1,1,1,administrateur,1920,1920,Industries chimiques
chapuis,Chapuis,Chapuis,1,1,1,administrateur,1920,1920,Industries chimiques
deschars-e,Deschars,Edmond Deschars,1,1,1,administrateur,1922,1922,Industries chimiques
chapuis-c,Chapuis,C. Chapuis,1,1,1,administrateur,1922,1922,Industries chimiques
warrants-du-maroc,warrants du Maroc,warrants du Maroc,1,1,1,administrateur,1911,1911,Mines et carrières
fevre-a-albert,Fèvre,Albert Fèvre,1,1,1,administrateur,1926,1926,"Métallurgie, constructions navales"
rey-l-louis,Rey,Louis Rey,1,1,1,administrateur,1926,1926,"Métallurgie, constructions navales"
berges-a,Bergès,Achille Bergès,1,1,1,administrateur,1921,1921,"Filière bois : exploitation forestière, liège, meubles, cellulose, papier…"
boyond-e,Boyond,Émile Boyond,1,1,1,administrateur,1921,1921,"Filière bois : exploitation forestière, liège, meubles, cellulose, papier…"
fredet-h,Frédet,Henri Frédet,1,1,1,administrateur,1921,1921,"Filière bois : exploitation forestière, liège, meubles, cellulose, papier…"
messimy-a,Messimy,Adolphe Messimy,1,1,1,administrateur,1926,1926,"Filière bois : exploitation forestière, liège, meubles, cellulose, papier…"
perrigot-i,Perrigot,I. Perrigot,1,1,1,administrateur,1938,1938,"Filière bois : exploitation forestière, liège, meubles, cellulose, papier…"
diatrose,« Diatrose »,« Diatrose »,1,1,1,administrateur,1938,1938,"Filière bois : exploitation forestière, liège, meubles, cellulose, papier…"
alamigeon-e,Alamigeon,E. Alamigeon,1,1,1,administrateur,1953,1953,"Filière bois : exploitation forestière, liège, meubles, cellulose, papier…"
glatron-j,Glatron,J. Glatron,1,1,1,administrateur,1953,1953,"Filière bois : exploitation forestière, liège, meubles, cellulose, papier…"
deiss-g,Deiss,Georges-Jean Deiss,1,1,1,administrateur,1922,1922,Commerce
borel-g,Borel,Gabriel Borel,1,1,1,administrateur,1926,1926,Commerce
delacroix-r,Delacroix,Robert Delacroix,1,1,1,administrateur,1926,1926,Commerce
filipetti-a,Filipetti,Alexandre Filipetti,1,1,1,administrateur,1926,1926,Commerce
de-galand-c,de Galand,Charles de Galand,1,1,1,administrateur,1922,1922,"Eau, gaz, électricité (Utilities)"
de-fages-de-latour-e,de Fages de Latour,Eugène de Fages de Latour,1,1,1,administrateur,1926,1926,"Eau, gaz, électricité (Utilities)"
witzig-a,Witzig. 14,A. Witzig. 14,1,1,1,administrateur,1937,1937,"Eau, gaz, électricité (Utilities)"
caillaux-p,Caillaux,P. Caillaux,1,1,1,administrateur,1940,1940,"Eau, gaz, électricité (Utilities)"
remauge-a,Remaugé,A. Remaugé,1,1,1,administrateur,1940,1940,"Eau, gaz, électricité (Utilities)"
menetrier-e,Menetrier,E. Menetrier,1,1,1,administrateur,1945,1945,"Eau, gaz, électricité (Utilities)"
de-bellescize,de Bellescize,de Bellescize,1,1,1,president,1899,1899,Industries agro-alimentaires
boussand-l,Boussand,L. Boussand,1,1,1,administrateur_delegue,1899,1899,Industries agro-alimentaires
tachet-j,Tachet,J. Tachet,1,1,1,administrateur,1899,1899,Industries agro-alimentaires
rentier-a-lyon,rentier à Lyon,rentier à Lyon,1,1,1,administrateur,1899,1899,Industries agro-alimentaires
cent-tonnes-de-glace-hygienique-par-heures,CENT tonnes de glace hygiénique par heures,CENT tonnes de glace hygiénique par heures,1,1,1,administrateur,1899,1899,Industries agro-alimentaires
pres-alger,prés Alger,prés Alger,1,1,1,administrateur,1899,1899,Industries agro-alimentaires
guillemon-s,Guillemon,Samuel Guillemon,1,1,1,president,1924,1924,"Transports terrestres, garages automobiles et agricoles"
vincent-m-max,Vincent,Max Vincent,1,1,1,administrateur,1924,1924,"Transports terrestres, garages automobiles et agricoles"
de-la-laurencie-p,de la Laurencie,Pierre de la Laurencie,1,1,1,administrateur,1924,1924,"Transports terrestres, garages automobiles et agricoles"
lambert-g,Lambert,G.-F.-J. Lambert,1,1,1,administrateur,1911,1911,"Transports terrestres, garages automobiles et agricoles"
bolle-g,Bolle,G. Bolle,1,1,1,administrateur,1911,1911,"Transports terrestres, garages automobiles et agricoles"
griset-a,Griset,A.-F.-J. Griset,1,1,1,administrateur,1911,1911,"Transports terrestres, garages automobiles et agricoles"
lefrancois-g,Lefrançois,G. Lefrançois,1,1,1,administrateur,1911,1911,"Transports terrestres, garages automobiles et agricoles"
pinton-l,Pinton,L. Pinton,1,1,1,administrateur,1911,1911,"Transports terrestres, garages automobiles et agricoles"
ed-candlot,Éd. Candlot,Éd. Candlot,1,1,1,administrateur,1913,1913,"Bâtiment et travaux publics, matériaux de construction, céramique"
gompel-p,Gompel,P. Gompel,1,1,1,administrateur,1913,1913,"Bâtiment et travaux publics, matériaux de construction, céramique"
stiegelmann-j,Stiegelmann,J. Stiegelmann,1,1,1,administrateur,1901,1901,Industries agro-alimentaires
bertagna-d,Bertagna,D. Bertagna,1,1,1,administrateur,1901,1901,Industries agro-alimentaires
pelissier-j,Pélissier,J. Pélissier,1,1,1,administrateur,1901,1901,Industries agro-alimentaires
cantin-a,Cantin,Athanase Cantin,1,1,1,administrateur,1926,1926,Industries agro-alimentaires
mathieu-g,Mathieu,Georges Mathieu,1,1,1,administrateur,1926,1926,Industries agro-alimentaires
prescott-r,Prescott,Roland Prescott,1,1,1,administrateur,1926,1926,Industries agro-alimentaires
achour-r,Achour,Rabah Achour,1,1,1,administrateur,1926,1926,Industries agro-alimentaires
parigoris-c,Parigoris,Constantin Parigoris,1,1,1,administrateur,1926,1926,Commerce
corbier-j,Corbier,Jean Corbier,1,1,1,administrateur,1926,1926,Commerce
brochier-e,Brochier,Émile Brochier,1,1,1,administrateur,1926,1926,Commerce
massoni-l,Massoni,Louis Massoni,1,1,1,administrateur,1926,1926,Commerce
tendron-e,Tendron,Eugène Tendron,1,1,1,administrateur,1926,1926,Commerce
willie-b,Willie,B. Willie,1,1,1,administrateur,1911,1911,Mines et carrières
don-come-arru,don Come Arru,don Come Arru,1,1,1,administrateur,1926,1926,"Eau, gaz, électricité (Utilities)"
blachette-a,Blachette,Alphonse Blachette,1,1,1,administrateur,1926,1926,"Eau, gaz, électricité (Utilities)"
blachette-g,Blachette,Georges Blachette,1,1,1,administrateur,1926,1926,"Eau, gaz, électricité (Utilities)"
paoli-l,Paoli,Louis Paoli,1,1,1,administrateur,1926,1926,"Eau, gaz, électricité (Utilities)"
soucaze-p,Soucaze,Pierre Soucaze,1,1,1,administrateur,1926,1926,"Eau, gaz, électricité (Utilities)"
crasseux-j,Crasseux,Jules Crasseux,1,1,1,administrateur,1924,1924,Mines et carrières
gervais-e,Gervais,Étienne Gervais,1,1,1,administrateur,1924,1924,Mines et carrières
et-millard,et Millard,et Millard,1,1,1,administrateur,1924,1924,Mines et carrières
crassoux-j,Crassoux,Jules Crassoux,1,1,1,administrateur,1926,1926,Mines et carrières
gervaix-e,Gervaix,Étienne Gervaix,1,1,1,administrateur,1926,1926,Mines et carrières
berniere-r,Bernière,Robert Bernière,1,1,1,administrateur,,,Mines et carrières
walter-j-jacques,Walter. 1,Jacques Walter. 1,1,1,1,administrateur,,,Mines et carrières
et-m-lucien-richier,et M. Lucien Richier,et M. Lucien Richier,1,1,1,administrateur,1927,1927,"Filière bois : exploitation forestière, liège, meubles, cellulose, papier…"
bastit-gueret-c,Bastit-Guéret,Charles Bastit-Guéret,1,1,1,administrateur,1922,1922,Commerce
john-stevenson-hamilton,John-Stevenson Hamilton,John-Stevenson Hamilton,1,1,1,administrateur,1922,1922,Commerce
pinchart-l,Pinchart,Léon Pinchart,1,1,1,administrateur,1922,1922,Commerce
raynal-e,Raynal,Edmond Raynal,1,1,1,administrateur,1922,1922,Commerce
williams-l,Williams,Lewes Williams,1,1,1,administrateur,1922,1922,Commerce
bouchard-a,Bouchard,Auguste Bouchard,1,1,1,administrateur,1928,1928,"Bâtiment et travaux publics, matériaux de construction, céramique"
clausse-j,Clausse,Jean Clausse,1,1,1,administrateur,1928,1928,"Bâtiment et travaux publics, matériaux de construction, céramique"
costa-a,Costa,Auguste Costa,1,1,1,administrateur,1928,1928,"Bâtiment et travaux publics, matériaux de construction, céramique"
couette-f,Couette,François Couette,1,1,1,administrateur,1928,1928,"Bâtiment et travaux publics, matériaux de construction, céramique"
feraud-j,Féraud,J. Féraud,1,1,1,administrateur,1928,1928,"Bâtiment et travaux publics, matériaux de construction, céramique"
gauthier-a,Gauthier,Aristide Gauthier,1,1,1,administrateur,1928,1928,"Bâtiment et travaux publics, matériaux de construction, céramique"
moulin-a-augustin,Moulin,Augustin Moulin,1,1,1,administrateur,1928,1928,"Bâtiment et travaux publics, matériaux de construction, céramique"
ott-c,Ott,Camille Ott,1,1,1,administrateur,1928,1928,"Bâtiment et travaux publics, matériaux de construction, céramique"
nord-africaine-d-etudes-s,nord-africaine d'études,Sté nord-africaine d'études,1,1,1,administrateur,1928,1928,"Bâtiment et travaux publics, matériaux de construction, céramique"
chevallier-h,Chevallier,Henri Chevallier,1,1,1,administrateur_delegue,1930,1930,Commerce
mouries-f,Mouriès,Félix Mouriès,1,1,1,administrateur,1930,1930,Commerce
roy-francis-awkins,Roy-Francis Awkins,Roy-Francis Awkins,1,1,1,administrateur,1930,1930,Commerce
quarto-del-mille,quarto del Mille,quarto del Mille,1,1,1,administrateur,1930,1930,Commerce
collin-m,Collin,Maurice Collin,1,1,1,administrateur,1922,1922,"Transports terrestres, garages automobiles et agricoles"
giraud-c,Giraud,Casimir Giraud,1,1,1,administrateur,1922,1922,"Transports terrestres, garages automobiles et agricoles"
grima-j,Grima,Joseph Grima,1,1,1,administrateur,1924,1924,"Transports terrestres, garages automobiles et agricoles"
grima-e,Grima,Edmond Grima,1,1,1,administrateur,1924,1924,"Transports terrestres, garages automobiles et agricoles"
castarede-a,Castarède,Alban Castarède,1,1,1,administrateur_delegue,1926,1926,Loisirs
tine-j-jules,Tiné,Jules Tiné,1,1,1,administrateur,1926,1926,Loisirs
plisson-imp-moulot-e,Plisson Imp. Moulot,Ernest Plisson Imp. Moulot,1,1,1,administrateur,1919,1919,Commerce
laffargue-e,Laffargue,Émile Laffargue,1,1,1,administrateur,1926,1926,Commerce
caille-a-alexis,Caille,Alexis Caille,1,1,1,administrateur,1926,1926,Commerce
delmas-j-joseph,Delmas,Joseph Delmas,1,1,1,administrateur,1926,1926,Commerce
bernanose-p,Bernanose,Prosper Bernanose,1,1,1,administrateur,1926,1926,Commerce
klein,Klein,Klein,1,1,1,president,1925,1925,Documents généraux (par ordre chronologique)
derin,Derin,Derin,1,1,1,administrateur,1925,1925,Documents généraux (par ordre chronologique)
thys-f,Thys,F. Thys,1,1,1,administrateur,1925,1925,Documents généraux (par ordre chronologique)
cirghton,Cirghton,Cirghton,1,1,1,administrateur,1925,1925,Documents généraux (par ordre chronologique)
rene-b,René,René,1,1,1,vice_president,1925,1925,Documents généraux (par ordre chronologique)
bertrand-a,Bertrand,André Bertrand,1,1,1,president,1925,1925,Documents généraux (par ordre chronologique)
clement-bayard-a,Clément-Bayard,Clément-Bayard,1,1,1,administrateur,1925,1925,Documents généraux (par ordre chronologique)
despecher,Despecher,Despecher,1,1,1,administrateur,1925,1925,Documents généraux (par ordre chronologique)
depots-a-lyon,dépôts à Lyon,dépôts à Lyon,1,1,1,administrateur,1925,1925,Documents généraux (par ordre chronologique)
st-etienne,St-Étienne,St-Étienne,1,1,1,administrateur,1925,1925,Documents généraux (par ordre chronologique)
richard-m-marius,Richard,Marius Richard,1,1,1,president,1925,1925,Documents généraux (par ordre chronologique)
montet-p,Montet,P.-A. Montet,1,1,1,vice_president,1925,1925,Documents généraux (par ordre chronologique)
disy-e,Disy,E. Disy,1,1,1,administrateur,1925,1925,Documents généraux (par ordre chronologique)
vuagnat-e,Vuagnat,E. Vuagnat,1,1,1,administrateur,1925,1925,Documents généraux (par ordre chronologique)
richard-e,Richard,Eloi Richard,1,1,1,administrateur,1925,1925,Documents généraux (par ordre chronologique)
araud-s,Araud,Sauveur Araud,1,1,1,administrateur,1925,1925,Documents généraux (par ordre chronologique)
viriville-g,Viriville,G. Viriville,1,1,1,administrateur,1925,1925,Documents généraux (par ordre chronologique)
commission-en-afrique-du-nord,commission en Afrique du Nord,commission en Afrique du Nord,1,1,1,administrateur,1925,1925,Documents généraux (par ordre chronologique)
gorge,Gorge,Gorge,1,1,1,administrateur,1925,1925,Documents généraux (par ordre chronologique)
paimpol,Paimpol,Paimpol,1,1,1,administrateur,1925,1925,Documents généraux (par ordre chronologique)
menervile,Ménervile,Ménervile,1,1,1,administrateur,1925,1925,Documents généraux (par ordre chronologique)
cherchell,Cherchell,Cherchell,1,1,1,administrateur,1925,1925,Documents généraux (par ordre chronologique)
bitterli-e,Bitterli,E. Bitterli,1,1,1,president,1925,1925,Documents généraux (par ordre chronologique)
keller,Keller,Keller,1,1,1,president,1925,1925,Documents généraux (par ordre chronologique)
cruchon-d,Cruchon,Cruchon,1,1,1,president,1925,1925,Documents généraux (par ordre chronologique)
duvaux,Duvaux,Duvaux,1,1,1,president,1925,1925,Documents généraux (par ordre chronologique)
drouin,Drouin,Drouin,1,1,1,president,1925,1925,Documents généraux (par ordre chronologique)
bertheaume-p,Bertheaume,Paul Bertheaume,1,1,1,administrateur,1925,1925,Documents généraux (par ordre chronologique)
gaudin-de-lagrange-l,Gaudin de Lagrange,Léon Gaudin de Lagrange,1,1,1,administrateur,1925,1925,Documents généraux (par ordre chronologique)
leplus-p,Leplus,Paul Leplus,1,1,1,administrateur,1925,1925,Documents généraux (par ordre chronologique)
casablanca-oran,Casablanca-Oran,Casablanca-Oran,1,1,1,administrateur,1925,1925,Documents généraux (par ordre chronologique)
marseille-perpignan,Marseille-Perpignan,Marseille-Perpignan,1,1,1,administrateur,1925,1925,Documents généraux (par ordre chronologique)
trouvay-m,Trouvay,Marcel Trouvay,1,1,1,administrateur,1925,1925,Documents généraux (par ordre chronologique)
herrenschmidt-p,Herrenschmidt,Herrenschmidt,1,1,1,president,1925,1925,Documents généraux (par ordre chronologique)
scheidecker-j,Scheidecker,J. Scheidecker,1,1,1,administrateur,1925,1925,Documents généraux (par ordre chronologique)
schwartz-j-joseph,Schwartz,Joseph Schwartz,1,1,1,administrateur,1925,1925,Documents généraux (par ordre chronologique)
de-bary-a,de Bary,Albert de Bary,1,1,1,administrateur,1925,1925,Documents généraux (par ordre chronologique)
succursales,Succursales,Succursales,1,1,1,administrateur,1925,1925,Documents généraux (par ordre chronologique)
dijon-j,Dijon,Dijon,1,1,1,administrateur,1925,1925,Documents généraux (par ordre chronologique)
ostende,Ostende,Ostende,1,1,1,administrateur,1925,1925,Documents généraux (par ordre chronologique)
naples,Naples,Naples,1,1,1,administrateur,1925,1925,Documents généraux (par ordre chronologique)
bologne,Bologne,Bologne,1,1,1,administrateur,1925,1925,Documents généraux (par ordre chronologique)
varsovie,Varsovie,Varsovie,1,1,1,administrateur,1925,1925,Documents généraux (par ordre chronologique)
bucarest,Bucarest,Bucarest,1,1,1,administrateur,1925,1925,Documents généraux (par ordre chronologique)
work-b,Work,B. G. Work,1,1,1,president,1925,1925,Documents généraux (par ordre chronologique)
lumsden-a,Lumsden,A. E. Lumsden,1,1,1,vice_president,1925,1925,Documents généraux (par ordre chronologique)
raymond-h,Raymond,H. K. Raymond,1,1,1,president,1925,1925,Documents généraux (par ordre chronologique)
minotto-e,Minotto,E. C. Minotto,1,1,1,president,1925,1925,Documents généraux (par ordre chronologique)
hausseret-w,Hausseret,W. Hausseret,1,1,1,president,1925,1925,Documents généraux (par ordre chronologique)
c-w,C,W. C,1,1,1,president,1925,1925,Documents généraux (par ordre chronologique)
fally,Fally,Fally,1,1,1,president,1925,1925,Documents généraux (par ordre chronologique)
courtin-l,Courtin,L. Courtin,1,1,1,vice_president,1925,1925,Documents généraux (par ordre chronologique)
houplain,Houplain,Houplain,1,1,1,administrateur_delegue,1925,1925,Documents généraux (par ordre chronologique)
courtin-a,Courtin,A. Courtin,1,1,1,president,1925,1925,Documents généraux (par ordre chronologique)
robert,Robert,Robert,1,1,1,president,1925,1925,Documents généraux (par ordre chronologique)
marechal,Maréchal,Maréchal,1,1,1,president,1925,1925,Documents généraux (par ordre chronologique)
boutemy-l,Boutemy,Boutemy,1,1,1,president,1925,1925,Documents généraux (par ordre chronologique)
douai,Douai,Douai,1,1,1,president,1925,1925,Documents généraux (par ordre chronologique)
saint-ouen,Saint-Ouen,Saint-Ouen,1,1,1,president,1925,1925,Documents généraux (par ordre chronologique)
donges,Donges,Donges,1,1,1,president,1925,1925,Documents généraux (par ordre chronologique)
sillery,Sillery,Sillery,1,1,1,president,1925,1925,Documents généraux (par ordre chronologique)
nomexy,Nomexy,Nomexy,1,1,1,president,1925,1925,Documents généraux (par ordre chronologique)
nevers-h,Nevers,Nevers,1,1,1,president,1925,1925,Documents généraux (par ordre chronologique)
wallner-p,Wallner,P. Wallner,1,1,1,administrateur_delegue,1925,1925,Documents généraux (par ordre chronologique)
beliard-h,Béliard,H. J. P. Béliard,1,1,1,president,1925,1925,Documents généraux (par ordre chronologique)
c-legion-d-honn,C Légion d'honn,C Légion d'honn,1,1,1,president,1925,1925,Documents généraux (par ordre chronologique)
dupont-a,Dupont,A. Dupont,1,1,1,president,1925,1925,Documents généraux (par ordre chronologique)
lebon-a-albert,Lebon,Albert Lebon,1,1,1,president,1925,1925,Documents généraux (par ordre chronologique)
berges-l,Bergès,Léon Bergès,1,1,1,president,1925,1925,Documents généraux (par ordre chronologique)
duchange,Duchange,Duchange,1,1,1,president,1925,1925,Documents généraux (par ordre chronologique)
boutan,Boutan,Boutan,1,1,1,president,1925,1925,Documents généraux (par ordre chronologique)
merlin,Merlin,Merlin,1,1,1,administrateur_delegue,1925,1925,Documents généraux (par ordre chronologique)
gerin-g,Gerin,Gaston Gerin,1,1,1,administrateur_delegue,1925,1925,Documents généraux (par ordre chronologique)
audy,Audy,Audy,1,1,1,president,1925,1925,Documents généraux (par ordre chronologique)
blaringhem,Blaringhem,Blaringhem,1,1,1,president,1925,1925,Documents généraux (par ordre chronologique)
bonnet-e,Bonnet,Emmanuel Bonnet,1,1,1,president,1925,1925,Documents généraux (par ordre chronologique)
vidil-j,Vidil,Vidil,1,1,1,president,1925,1925,Documents généraux (par ordre chronologique)
e-exploitation-des-mines,9e Exploitation des mines,9e Exploitation des mines,1,1,1,president,1925,1925,Documents généraux (par ordre chronologique)
lyon-polytechnique-zurich-m,Lyon [Polytechnique Zurich,Max Lyon [Polytechnique Zurich,1,1,1,administrateur,1925,1925,Documents généraux (par ordre chronologique)
minerais-de-fer-miniere,minerais de fer.. * MINIÈRE,minerais de fer.. * MINIÈRE,1,1,1,president,1925,1925,Documents généraux (par ordre chronologique)
metallurgique-de-caronte,MÉTALLURGIQUE de CARONTE,MÉTALLURGIQUE de CARONTE,1,1,1,president,1925,1925,Documents généraux (par ordre chronologique)
mines-a-ain-arko,…Mines à Aïn-Arko,…Mines à Aïn-Arko,1,1,1,president,1925,1925,Documents généraux (par ordre chronologique)
caloubie-m,Caloubie,Marc Caloubie,1,1,1,president,1925,1925,Documents généraux (par ordre chronologique)
cazeneuve-a,Cazeneuve,A. Cazeneuve,1,1,1,president,1925,1925,Documents généraux (par ordre chronologique)
ed-bruet,Ed. Bruet,Ed. Bruet,1,1,1,president,1925,1925,Documents généraux (par ordre chronologique)
cambon-v,Cambon,Victor Cambon,1,1,1,president,1925,1925,Documents généraux (par ordre chronologique)
collet,Collet,Collet,1,1,1,administrateur,1928,1928,Documents généraux (par ordre chronologique)
kahn,Kahn,Kahn,1,1,1,administrateur,1928,1928,Documents généraux (par ordre chronologique)
weill,Weill,Weill,1,1,1,administrateur,1928,1928,Documents généraux (par ordre chronologique)
r-weill-fils-s,R. Weill fils,Sté R. Weill fils,1,1,1,administrateur,1928,1928,Documents généraux (par ordre chronologique)
burrus-a,Burrus,André Burrus,1,1,1,administrateur,1921,1921,Documents généraux (par ordre chronologique)
burrus-m,Burrus,Maurice Burrus,1,1,1,administrateur,1921,1921,Documents généraux (par ordre chronologique)
levy-j-jules,Lévy,Jules Lévy,1,1,1,administrateur,1921,1921,Documents généraux (par ordre chronologique)
stoffel-a,Stoffel,Auguste Stoffel,1,1,1,administrateur,1921,1921,Documents généraux (par ordre chronologique)
meyer-c,Meyer,Camille Meyer,1,1,1,administrateur,1921,1921,Documents généraux (par ordre chronologique)
levy-e-edmond,Lévy,Edmond Lévy,1,1,1,administrateur,1921,1921,Documents généraux (par ordre chronologique)
legumes-steiner-pere,légumes. * STEINER père,légumes. * STEINER père,1,1,1,administrateur,1921,1921,Documents généraux (par ordre chronologique)
quentin-s,Quentin,St- Quentin,1,1,1,administrateur,1921,1921,Documents généraux (par ordre chronologique)
st-die,St-Dié,St-Dié,1,1,1,administrateur,1921,1921,Documents généraux (par ordre chronologique)
troyes,Troyes,Troyes,1,1,1,administrateur,1921,1921,Documents généraux (par ordre chronologique)
mazamet,Mazamet,Mazamet,1,1,1,administrateur,1921,1921,Documents généraux (par ordre chronologique)
angouleme,Angoulême,Angoulême,1,1,1,administrateur,1921,1921,Documents généraux (par ordre chronologique)
graulhet,Graulhet,Graulhet,1,1,1,administrateur,1921,1921,Documents généraux (par ordre chronologique)
vernes-a-amedee,Vernes,Amédée Vernes,1,1,1,president,1919,1919,Documents généraux (par ordre chronologique)
ph-richemond,Ph. Richemond,Ph. Richemond,1,1,1,president,1919,1919,Documents généraux (par ordre chronologique)
chandeze-g,Chandèze,Gabriel Chandèze,1,1,1,president,1919,1919,Documents généraux (par ordre chronologique)
berthon-a,Berthon,Alfred Berthon,1,1,1,president,1919,1919,Documents généraux (par ordre chronologique)
paraf-e,Paraf,Émile Paraf,1,1,1,president,1919,1919,Documents généraux (par ordre chronologique)
sous-marins-c,sous-marins),Câbles sous-marins),1,1,1,president,1919,1919,Documents généraux (par ordre chronologique)
isere,Isère,Isère,1,1,1,administrateur,1919,1919,Documents généraux (par ordre chronologique)
vienne,Vienne,Vienne,1,1,1,administrateur,1919,1919,Documents généraux (par ordre chronologique)
muntaner,Muntaner,Muntaner,1,1,1,administrateur,1919,1919,Documents généraux (par ordre chronologique)
milan,Milan,Milan,1,1,1,administrateur,1919,1919,Documents généraux (par ordre chronologique)
via-monta-di-pieta,via Monta Di Pieta,via Monta Di Pieta,1,1,1,administrateur,1919,1919,Documents généraux (par ordre chronologique)
parsons-adm-tramways-d-amiens-f,Parsons [adm. Tramways d'Amiens,Frédéric Parsons [adm. Tramways d'Amiens,1,1,1,president,1919,1919,Documents généraux (par ordre chronologique)
gerard-g-gabriel,Gérard,Gabriel Gérard,1,1,1,president,1919,1919,Documents généraux (par ordre chronologique)
thiebaud-e,Thiébaud,Émile Thiébaud,1,1,1,administrateur_delegue,1919,1919,Documents généraux (par ordre chronologique)
gassier-m-marie,Gassier,Marie-Louis Gassier,1,1,1,administrateur,1919,1919,Documents généraux (par ordre chronologique)
gerard-p,Gérard,Paul Gérard,1,1,1,administrateur,1919,1919,Documents généraux (par ordre chronologique)
magnan-g,Magnan,Gabriel Magnan,1,1,1,administrateur,1919,1919,Documents généraux (par ordre chronologique)
gazan-j,Gazan,Joseph Gazan,1,1,1,administrateur,1919,1919,Documents généraux (par ordre chronologique)
berenger-l,Bérenger,Léopold Bérenger,1,1,1,administrateur,1919,1919,Documents généraux (par ordre chronologique)
damian-j,Damian,Jules Damian,1,1,1,administrateur,1919,1919,Documents généraux (par ordre chronologique)
bertrand,Bertrand,Bertrand,1,1,1,administrateur,1919,1919,Documents généraux (par ordre chronologique)
falque,Falque,Falque,1,1,1,administrateur,1919,1919,Documents généraux (par ordre chronologique)
crovetto,Crovetto,Crovetto,1,1,1,administrateur,1919,1919,Documents généraux (par ordre chronologique)
bianconi,Bianconi,Bianconi,1,1,1,administrateur,1919,1919,Documents généraux (par ordre chronologique)
damiani-s,Damiani,Simon Damiani,1,1,1,administrateur,1919,1919,Documents généraux (par ordre chronologique)
bastia,Bastia,Bastia,1,1,1,administrateur,1919,1919,Documents généraux (par ordre chronologique)
ferretti,Ferretti,Ferretti,1,1,1,administrateur,1919,1919,Documents généraux (par ordre chronologique)
poizat,Poizat,Poizat,1,1,1,administrateur,1919,1919,Documents généraux (par ordre chronologique)
maury-j,Maury,J.-B. Maury,1,1,1,administrateur,1919,1919,Documents généraux (par ordre chronologique)
bilhaud,Bilhaud,Bilhaud,1,1,1,administrateur,1919,1919,Documents généraux (par ordre chronologique)
papacristou,Papacristou,Papacristou,1,1,1,administrateur,1919,1919,Documents généraux (par ordre chronologique)
weil-a-beyrouth-p,Weil à Beyrouth,Paul Weil à Beyrouth,1,1,1,administrateur,1919,1919,Documents généraux (par ordre chronologique)
dalziel-d,Dalziel,Davison Dalziel,1,1,1,administrateur_delegue,1919,1919,Documents généraux (par ordre chronologique)
et-le-comte-de-segur-lamoignon,et le comte de Ségur-Lamoignon,et le comte de Ségur-Lamoignon,1,1,1,administrateur_delegue,1919,1919,Documents généraux (par ordre chronologique)
bozzi-s,Bozzi,Simon Bozzi,1,1,1,vice_president,1919,1919,Documents généraux (par ordre chronologique)
de-cortina,de Cortina,de Cortina,1,1,1,vice_president,1919,1919,Documents généraux (par ordre chronologique)
gruss-j,Gruss,Joseph Gruss,1,1,1,vice_president,1919,1919,Documents généraux (par ordre chronologique)
letellier-h,Letellier,Henri Letellier,1,1,1,vice_president,1919,1919,Documents généraux (par ordre chronologique)
quellenec-e,Quellenec,Édouard Quellenec,1,1,1,vice_president,1919,1919,Documents généraux (par ordre chronologique)
de-romana-suari,de Romana [?] Suari,de Romana [?] Suari,1,1,1,vice_president,1919,1919,Documents généraux (par ordre chronologique)
tedeschi-g,Tedeschi,Gracomo Tedeschi,1,1,1,vice_president,1919,1919,Documents généraux (par ordre chronologique)
toeplitz-g,Toeplitz,Giusieppe Toeplitz,1,1,1,vice_president,1919,1919,Documents généraux (par ordre chronologique)
muntz,Muntz,Muntz,1,1,1,vice_president,1919,1919,Documents généraux (par ordre chronologique)
senechal,Sénéchal,Sénéchal,1,1,1,vice_president,1919,1919,Documents généraux (par ordre chronologique)
lupo-l,Lupo,Lupo,1,1,1,vice_president,1919,1919,Documents généraux (par ordre chronologique)
moxey-l,Moxey,Moxey,1,1,1,president,1938,1938,Documents généraux (par ordre chronologique)
savon-r,Savon,Roger Savon,1,1,1,president,1938,1938,Documents généraux (par ordre chronologique)
manutention-maritime-dans-le-port-d-alger,manutention maritime dans le port d'Alger,manutention maritime dans le port d'Alger,1,1,1,president,1938,1938,Documents généraux (par ordre chronologique)
d-anvers-c,d'Anvers,Cahen d'Anvers,1,1,1,vice_president,1938,1938,Documents généraux (par ordre chronologique)
balleyguier-h,Balleyguier,Henri Balleyguier,1,1,1,administrateur_delegue,1938,1938,Documents généraux (par ordre chronologique)
gradis,Gradis,Gradis,1,1,1,vice_president,1938,1938,Documents généraux (par ordre chronologique)
lescop-p,Lescop,Lescop,1,1,1,vice_president,1938,1938,Documents généraux (par ordre chronologique)
renard,Renard,Renard,1,1,1,vice_president,1938,1938,Documents généraux (par ordre chronologique)
robbe,Robbe,Robbe,1,1,1,vice_president,1938,1938,Documents généraux (par ordre chronologique)
ferasson-l-lucien,Ferasson,Lucien Ferasson,1,1,1,administrateur,1938,1938,Documents généraux (par ordre chronologique)
mourguot-p,Mourguot,Paul Mourguot,1,1,1,administrateur,1938,1938,Documents généraux (par ordre chronologique)
ed-merigot,Ed. Mérigot,Ed. Mérigot,1,1,1,administrateur_delegue,1938,1938,Documents généraux (par ordre chronologique)
clemenceau-p,Clemenceau,P. Clemenceau,1,1,1,president,1938,1938,Documents généraux (par ordre chronologique)
le-play-p,Le Play,P. Le Play,1,1,1,president,1938,1938,Documents généraux (par ordre chronologique)
du-breuil-de-saint-germain-p,du Breuil de Saint-Germain,Pierre du Breuil de Saint-Germain,1,1,1,vice_president,1938,1938,Documents généraux (par ordre chronologique)
boigues-p,Boigues,Paul Boigues,1,1,1,president,1938,1938,Documents généraux (par ordre chronologique)
foy-h,Foy,Henri Foy,1,1,1,president,1938,1938,Documents généraux (par ordre chronologique)
girod-de-l-ain-a,Girod de l'Ain,Amédée Girod de l'Ain,1,1,1,president,1938,1938,Documents généraux (par ordre chronologique)
d-oissel-h,d'Oissel,Hély d'Oissel,1,1,1,president,1938,1938,Documents généraux (par ordre chronologique)
de-mieulle-r,de Mieulle,René de Mieulle,1,1,1,president,1938,1938,Documents généraux (par ordre chronologique)
de-monicault-g,de Monicault,Gaston de Monicault,1,1,1,president,1938,1938,Documents généraux (par ordre chronologique)
muguet-c,Muguet,Claude Muguet,1,1,1,president,1938,1938,Documents généraux (par ordre chronologique)
trubert-j,Trubert,Jacques Trubert,1,1,1,president,1938,1938,Documents généraux (par ordre chronologique)
ss,Ss. 8,Ss. 8,1,1,1,administrateur_delegue,1938,1938,Documents généraux (par ordre chronologique)
campredos-wilhem-h,Campredos Wilhem,Hacoun Campredos Wilhem,1,1,1,administrateur,1938,1938,Documents généraux (par ordre chronologique)
saint-severin-t,Saint-Séverin,T. Saint-Séverin,1,1,1,administrateur,1938,1938,Documents généraux (par ordre chronologique)
bentley,Bentley,Bentley,1,1,1,administrateur,1938,1938,Documents généraux (par ordre chronologique)
a-marseille-d,à Marseille,Dépôts à Marseille,1,1,1,administrateur,1938,1938,Documents généraux (par ordre chronologique)
tarbes,Tarbes,Tarbes,1,1,1,administrateur,1938,1938,Documents généraux (par ordre chronologique)
seville,Séville,Séville,1,1,1,administrateur,1938,1938,Documents généraux (par ordre chronologique)
encres-djendli,encres. * DJENDLI,encres. * DJENDLI,1,1,1,administrateur,1938,1938,Documents généraux (par ordre chronologique)
fitousi,Fitousi,Fitousi,1,1,1,administrateur,1938,1938,Documents généraux (par ordre chronologique)
galene-dragages,galène.. * DRAGAGES,galène.. * DRAGAGES,1,1,1,administrateur,1938,1938,Documents généraux (par ordre chronologique)
bonfils,Bonfils,Bonfils,1,1,1,president,1910,1910,Documents généraux (par ordre chronologique)
jullien,Jullien,Jullien,1,1,1,president,1910,1910,Documents généraux (par ordre chronologique)
ortiz-h,Ortiz,Ortiz,1,1,1,president,1910,1910,Documents généraux (par ordre chronologique)
runner-j,Runner,Runner,1,1,1,president,1910,1910,Documents généraux (par ordre chronologique)
thuillier,Thuillier,Thuillier,1,1,1,president,1910,1910,Documents généraux (par ordre chronologique)
crepines,Crépines,Crépines,1,1,1,president,1910,1910,Documents généraux (par ordre chronologique)
simonin-h,Simonin,H. Simonin,1,1,1,president,1910,1910,Documents généraux (par ordre chronologique)
kern-p,Kern,Pierre Kern,1,1,1,administrateur_delegue,1910,1910,Documents généraux (par ordre chronologique)
desplats-j,Desplats,Desplats,1,1,1,president,1910,1910,Documents généraux (par ordre chronologique)
joachim,Joachim,Joachim,1,1,1,president,1910,1910,Documents généraux (par ordre chronologique)
pernin,Pernin,Pernin,1,1,1,president,1910,1910,Documents généraux (par ordre chronologique)
schmitt-a,Schmitt,A. Schmitt,1,1,1,president,1910,1910,Documents généraux (par ordre chronologique)
sfez-f,Sfez,Félix Sfez,1,1,1,president,1910,1910,Documents généraux (par ordre chronologique)
cassir-g,Cassir,G. Cassir,1,1,1,president,1910,1910,Documents généraux (par ordre chronologique)
ormieres-p,Ormières,P. Ormières,1,1,1,president,1910,1910,Documents généraux (par ordre chronologique)
chabbal,Chabbal,Chabbal,1,1,1,administrateur,1910,1910,Documents généraux (par ordre chronologique)
magnol-a,Magnol,A. Magnol,1,1,1,administrateur,1910,1910,Documents généraux (par ordre chronologique)
faron-r,Faron,Faron,1,1,1,administrateur,1910,1910,Documents généraux (par ordre chronologique)
de-chabaud-latour-r,de Chabaud-Latour,Raymond de Chabaud-Latour,1,1,1,president,1910,1910,Documents généraux (par ordre chronologique)
puerari-h,Puerari,Henri Puerari,1,1,1,president,1910,1910,Documents généraux (par ordre chronologique)
zinc-mlngot,zinc.. MlNGOT,zinc.. MlNGOT,1,1,1,president,1910,1910,Documents généraux (par ordre chronologique)
blanc-f,BLANC,F. BLANC,1,1,1,president,1910,1910,Documents généraux (par ordre chronologique)
gattu-g,Gattu,G. Gattu,1,1,1,president,1910,1910,Documents généraux (par ordre chronologique)
macaux-h,Macaux,Macaux,1,1,1,president,1910,1910,Documents généraux (par ordre chronologique)
rabourdin-h,Rabourdin,H. Rabourdin,1,1,1,vice_president,1910,1910,Documents généraux (par ordre chronologique)
charpenay-g,Charpenay,G. Charpenay,1,1,1,administrateur,1910,1910,Documents généraux (par ordre chronologique)
daridan-l,Daridan,L. Daridan,1,1,1,administrateur,1910,1910,Documents généraux (par ordre chronologique)
delage-e,Delage,E. Delage,1,1,1,administrateur,1910,1910,Documents généraux (par ordre chronologique)
ferier-f,Férier,François Férier,1,1,1,administrateur,1910,1910,Documents généraux (par ordre chronologique)
guichard-g,Guichard,G. Guichard,1,1,1,administrateur,1910,1910,Documents généraux (par ordre chronologique)
lambelet-g,Lambelet,G. Lambelet,1,1,1,administrateur,1910,1910,Documents généraux (par ordre chronologique)
navarre-b,Navarre,B. Navarre,1,1,1,administrateur,1910,1910,Documents généraux (par ordre chronologique)
thorel-g,Thorel,G. Thorel,1,1,1,administrateur,1910,1910,Documents généraux (par ordre chronologique)
treppoz-p,Treppoz,P. Treppoz,1,1,1,administrateur,1910,1910,Documents généraux (par ordre chronologique)
montfourat,Montfourat,Montfourat,1,1,1,administrateur,1910,1910,Documents généraux (par ordre chronologique)
wesseling,Wesseling,Wesseling,1,1,1,administrateur,1910,1910,Documents généraux (par ordre chronologique)
paviot-p,Paviot,Paviot,1,1,1,administrateur,1910,1910,Documents généraux (par ordre chronologique)
melleville,Melleville,Melleville,1,1,1,administrateur,1910,1910,Documents généraux (par ordre chronologique)
chennevieres,Chennevières,Chennevières,1,1,1,administrateur,1910,1910,Documents généraux (par ordre chronologique)
tallende,Tallende,Tallende,1,1,1,administrateur,1910,1910,Documents généraux (par ordre chronologique)
quevilly-g,Quevilly,Grand- Quevilly,1,1,1,administrateur,1910,1910,Documents généraux (par ordre chronologique)
galas,Galas,Galas,1,1,1,administrateur,1910,1910,Documents généraux (par ordre chronologique)
vedene,Vedène,Vedène,1,1,1,administrateur,1910,1910,Documents généraux (par ordre chronologique)
papault,Papault,Papault,1,1,1,administrateur,1910,1910,Documents généraux (par ordre chronologique)
penitent,Pénitent,Pénitent,1,1,1,administrateur,1910,1910,Documents généraux (par ordre chronologique)
godoncourt,Godoncourt,Godoncourt,1,1,1,administrateur,1910,1910,Documents généraux (par ordre chronologique)
evergnicourt,Evergnicourt,Evergnicourt,1,1,1,administrateur,1910,1910,Documents généraux (par ordre chronologique)
botz-i,Botz,Inter Botz,1,1,1,administrateur,1910,1910,Documents généraux (par ordre chronologique)
sallandroudze-lamornaix-j,Sallandroudze Lamornaix,J. Sallandroudze Lamornaix,1,1,1,administrateur,1910,1910,Documents généraux (par ordre chronologique)
l-graves-w,-L. Graves,W. -L. Graves,1,1,1,president,1910,1910,Documents généraux (par ordre chronologique)
wormald-c,Wormald,C. Wormald,1,1,1,president,1910,1910,Documents généraux (par ordre chronologique)
wyler-s,Wyler,S. Wyler,1,1,1,president,1910,1910,Documents généraux (par ordre chronologique)
agences,Agences,Agences,1,1,1,president,1910,1910,Documents généraux (par ordre chronologique)
cremes-de-tartres-such-fils,crèmes de tartres.. SUCH fils,crèmes de tartres.. SUCH fils,1,1,1,president,1910,1910,Documents généraux (par ordre chronologique)
dessoliers-l,Dessoliers,Dessoliers,1,1,1,administrateur,1889,1889,Transports maritimes et aériens
felix,Félix,Félix,1,1,1,administrateur,1889,1889,Transports maritimes et aériens
manufacturier-a-alger,manufacturier à Alger,manufacturier à Alger,1,1,1,administrateur,1889,1889,Transports maritimes et aériens
davan,Davan,Davan,1,1,1,administrateur,1889,1889,Transports maritimes et aériens
louis,Louis,Louis,1,1,1,administrateur,1889,1889,Transports maritimes et aériens
vidaillon,Vidaillon,Vidaillon,1,1,1,administrateur,1889,1889,Transports maritimes et aériens
de-cheon,de Chéon,de Chéon,1,1,1,administrateur,1889,1889,Transports maritimes et aériens
sartor,Sartor,Sartor,1,1,1,administrateur,1889,1889,Transports maritimes et aériens
jammy-j,Jammy,Jean Jammy,1,1,1,administrateur,1926,1926,Transports maritimes et aériens
vinson-a,VINSON,Alger VINSON,1,1,1,administrateur,1926,1926,Transports maritimes et aériens
schmidt-p,Schmidt,Paul Schmidt,1,1,1,president,1925,1925,Mines et carrières
laloux-a,Laloux,Auguste Laloux,1,1,1,president,1925,1925,Mines et carrières
pereire-g-gustave,Pereire,Gustave Pereire,1,1,1,president,1925,1925,Mines et carrières
hauzeur-l,Hauzeur,Louis Hauzeur,1,1,1,president,1925,1925,Mines et carrières
visschers-p,Visschers,Paul Visschers,1,1,1,president,1925,1925,Mines et carrières
lecuvre-f,Lecœuvre,Francis Lecœuvre,1,1,1,president,1925,1925,Mines et carrières
sidi-ahmed,Sidi-Ahmed,Sidi-Ahmed,1,1,1,president,1925,1925,Mines et carrières
azered,Azered,Azered,1,1,1,president,1925,1925,Mines et carrières
bechateur,Béchateur,Béchateur,1,1,1,president,1925,1925,Mines et carrières
hendaye,Hendaye,Hendaye,1,1,1,president,1925,1925,Mines et carrières
etc-plomb-en-saumons,etc. Plomb en saumons,etc. Plomb en saumons,1,1,1,president,1925,1925,Mines et carrières
bour-e,Bour,Edmond Bour,1,1,1,administrateur,1924,1924,"Transports terrestres, garages automobiles et agricoles"
podevin-g,Podevin,Gustave Podevin,1,1,1,administrateur,1924,1924,"Transports terrestres, garages automobiles et agricoles"
delenne-e,Delenne,Élie Delenne,1,1,1,administrateur,1926,1926,"Transports terrestres, garages automobiles et agricoles"
gofferteau-f,Gofferteau,Firmin Gofferteau,1,1,1,administrateur,1926,1926,"Transports terrestres, garages automobiles et agricoles"
millet-n,Millet,Nicolas Millet,1,1,1,administrateur,1926,1926,"Transports terrestres, garages automobiles et agricoles"
tisch-a,Tisch,Albert Tisch,1,1,1,administrateur,1926,1926,"Transports terrestres, garages automobiles et agricoles"
esteve-de-laroque,Estève de Laroque,Estève de Laroque,1,1,1,administrateur,1912,1912,"Banques et groupes financiers, assurances"
frankfort-de-montmorency,Frankfort de Montmorency,Frankfort de Montmorency,1,1,1,administrateur,1912,1912,"Banques et groupes financiers, assurances"
et-extrait-publie-dans-la-chronique-industrielle,et extrait publié dans La Chronique industrielle,et extrait publié dans La Chronique industrielle,1,1,1,administrateur,1912,1912,"Banques et groupes financiers, assurances"
hamilton-a,Hamilton,Hamilton,1,1,1,administrateur,1918,1918,"Banques et groupes financiers, assurances"
hambling,Hambling,Hambling,1,1,1,administrateur,1918,1918,"Banques et groupes financiers, assurances"
cox-a,Cox,A. Cox,1,1,1,administrateur,1918,1918,"Banques et groupes financiers, assurances"
cox-h,Cox,H. Cox,1,1,1,administrateur,1918,1918,"Banques et groupes financiers, assurances"
legendre,Legendre,Legendre,1,1,1,administrateur,1881,1881,"Banques et groupes financiers, assurances"
brodin,Brodin,Brodin,1,1,1,administrateur,1912,1912,"Banques et groupes financiers, assurances"
bruno,Bruno,Bruno,1,1,1,administrateur,1914,1914,"Banques et groupes financiers, assurances"
lallemand-p,Lallemand,P. Lallemand,1,1,1,administrateur,1929,1929,"Banques et groupes financiers, assurances"
douel,Douël,Douël,1,1,1,administrateur,1945,1945,"Banques et groupes financiers, assurances"
escarra-e,Escarra,E. Escarra,1,1,1,administrateur,1945,1945,"Banques et groupes financiers, assurances"
culmann-h,Culmann,H. Culmann,1,1,1,administrateur,1948,1948,"Banques et groupes financiers, assurances"
dolle-e,Dollé,E. Dollé,1,1,1,administrateur,1948,1948,"Banques et groupes financiers, assurances"
monick-e,Monick,E. Monick,1,1,1,administrateur,1948,1948,"Banques et groupes financiers, assurances"
postel-vinay-a,Postel-Vinay,A. Postel-Vinay,1,1,1,administrateur,1948,1948,"Banques et groupes financiers, assurances"
tron-l,Tron,L. Tron,1,1,1,administrateur,1948,1948,"Banques et groupes financiers, assurances"
badra-m,Badra,Badra,1,1,1,administrateur,1948,1948,"Banques et groupes financiers, assurances"
baumgartner-w,Baumgartner,W. Baumgartner,1,1,1,administrateur,1948,1948,"Banques et groupes financiers, assurances"
drevelle-a,Drevelle,A. Drevelle,1,1,1,administrateur,1948,1948,"Banques et groupes financiers, assurances"
fraisse-j,Fraisse,J. Fraisse,1,1,1,administrateur,1948,1948,"Banques et groupes financiers, assurances"
guellati-a,Guellati,A. Guellati,1,1,1,administrateur,1948,1948,"Banques et groupes financiers, assurances"
oudot-e,Oudot,É. Oudot,1,1,1,administrateur,1948,1948,"Banques et groupes financiers, assurances"
sicard-p,Sicard,P. Sicard,1,1,1,administrateur,1948,1948,"Banques et groupes financiers, assurances"
gruson-c,Gruson,C. Gruson,1,1,1,censeur,1948,1948,"Banques et groupes financiers, assurances"
ot-de-mme,ot de Mme,ot de Mme,1,1,1,censeur,1948,1948,"Banques et groupes financiers, assurances"
lycee-de-bordeaux,Lycée de Bordeaux,Lycée de Bordeaux,1,1,1,censeur,1948,1948,"Banques et groupes financiers, assurances"
polytechnique-e,polytechnique,École polytechnique,1,1,1,censeur,1948,1948,"Banques et groupes financiers, assurances"
juzaud-a,Juzaud,Alfred Juzaud,1,1,1,administrateur,1927,1927,"Banques et groupes financiers, assurances"
seyman-e,Seyman,Edouard Seyman,1,1,1,administrateur,1927,1927,"Banques et groupes financiers, assurances"
galano-j,Galano,Jean Galano,1,1,1,administrateur,1927,1927,"Banques et groupes financiers, assurances"
potier-g,Potier,Georges Potier,1,1,1,administrateur,1927,1927,"Banques et groupes financiers, assurances"
dumergue-m,Dumergue,Maurice Dumergue,1,1,1,administrateur,1927,1927,"Banques et groupes financiers, assurances"
m-le-lay-y,M Le Lay,Yves M Le Lay,1,1,1,administrateur,1940,1940,"Banques et groupes financiers, assurances"
m-gautier-d,M Gautier,Daniel M Gautier,1,1,1,administrateur,1940,1940,"Banques et groupes financiers, assurances"
m-robert-g,M Robert,Georges M Robert,1,1,1,administrateur,1940,1940,"Banques et groupes financiers, assurances"
bastos-f,Bastos,F.-A. Bastos,1,1,1,administrateur,1914,1914,Industries agro-alimentaires
veuve-m,Veuve,Michel Veuve,1,1,1,administrateur,1917,1917,Industries agro-alimentaires
rouland-j,Rouland,Julien Rouland,1,1,1,administrateur,1922,1922,Industries agro-alimentaires
ganne-m,Ganne,Maurice Ganne,1,1,1,administrateur,1926,1926,Industries agro-alimentaires
v-p,V.-P,V.-P,1,1,1,administrateur,1953,1953,Industries agro-alimentaires
bernasconi-j,Bernasconi,J. Bernasconi,1,1,1,administrateur,1953,1953,Industries agro-alimentaires
a-d-g,A.- D.-G,A.- D.-G,1,1,1,administrateur,1953,1953,Industries agro-alimentaires
galicier-j,Galicier,J. Galicier,1,1,1,administrateur,1953,1953,Industries agro-alimentaires
picard-p,Picard,P. Picard,1,1,1,administrateur,1953,1953,Industries agro-alimentaires
hugonet-g,Hugonet,G. Hugonet,1,1,1,administrateur,1953,1953,Industries agro-alimentaires
germain-h,Germain,Henri Germain,1,1,1,administrateur,1926,1926,Industries agro-alimentaires
ancel-g,Ancel,Georges Ancel,1,1,1,administrateur,1930,1930,Industries agro-alimentaires
de-las-cases-e,de Las Cases,Emmanuel de Las Cases,1,1,1,administrateur,1930,1930,Industries agro-alimentaires
et-eugene-le-grand,et Eugène Le Grand,et Eugène Le Grand,1,1,1,administrateur,1930,1930,Industries agro-alimentaires
bruvez-c,Bruvez,Charles Bruvez,1,1,1,administrateur,1926,1926,Commerce
treuille-j,Treuille,Jean-Henri Treuille,1,1,1,administrateur,1926,1926,Commerce
alphonse-a-jouvet,Alphonse-A. Jouvet,Alphonse-A. Jouvet,1,1,1,administrateur,1948,1948,"Banques et groupes financiers, assurances"
mical-l-louis,Mical,Louis Mical,1,1,1,administrateur,1948,1948,"Banques et groupes financiers, assurances"
robert-g-georges,Robert,Georges Robert,1,1,1,administrateur,1948,1948,"Banques et groupes financiers, assurances"
sicot-l,Sicot,Louis Sicot,1,1,1,administrateur,1948,1948,"Banques et groupes financiers, assurances"
de-tarde-g,de Tarde,Guillaume de Tarde,1,1,1,administrateur,1948,1948,"Banques et groupes financiers, assurances"
ellul-p,Ellul,Paul Ellul,1,1,1,administrateur,1926,1926,Industries agro-alimentaires
ellul-j,Ellul,Joseph Ellul,1,1,1,administrateur,1926,1926,Industries agro-alimentaires
bossan-a,Bossan,Antonin Bossan,1,1,1,administrateur,1926,1926,Industries agro-alimentaires
cachin-j,Cachin,Jean Cachin,1,1,1,administrateur,1926,1926,Industries agro-alimentaires
de-traz-e,de Traz,Édouard de Traz,1,1,1,president,1913,1913,"Transports terrestres, garages automobiles et agricoles"
georges-picot-c,Georges-Picot,Ch. Georges-Picot,1,1,1,administrateur,1913,1913,"Transports terrestres, garages automobiles et agricoles"
de-billy-e,de Billy,Édouard de Billy,1,1,1,administrateur,1913,1913,"Transports terrestres, garages automobiles et agricoles"
cambefort-c,Cambefort,Charles Cambefort,1,1,1,administrateur,1913,1913,"Transports terrestres, garages automobiles et agricoles"
gouin-e-edouard,Goüin,Édouard Goüin,1,1,1,administrateur,1913,1913,"Transports terrestres, garages automobiles et agricoles"
hoskier-e,Hoskier,Émile Hoskier,1,1,1,administrateur,1913,1913,"Transports terrestres, garages automobiles et agricoles"
lesage-p,Lesage,Paul Lesage,1,1,1,administrateur,1913,1913,"Transports terrestres, garages automobiles et agricoles"
lorieux-l,Lorieux,Louis Lorieux,1,1,1,administrateur,1913,1913,"Transports terrestres, garages automobiles et agricoles"
raabe-m,Raabe,Maurice Raabe,1,1,1,administrateur,1913,1913,"Transports terrestres, garages automobiles et agricoles"
renault-g,Renault,Gustave Renault,1,1,1,administrateur,1913,1913,"Transports terrestres, garages automobiles et agricoles"
thureau-j,Thureau,Joseph Thureau,1,1,1,administrateur,1913,1913,"Transports terrestres, garages automobiles et agricoles"
de-traz-a,de Traz. 53,André de Traz. 53,1,1,1,administrateur,1913,1913,"Transports terrestres, garages automobiles et agricoles"
recu-recemment-j,reçu récemment,J'ai reçu récemment,1,1,1,administrateur,1913,1913,"Transports terrestres, garages automobiles et agricoles"
a-helene-grimprel-m,à Hélène Grimprel,marié à Hélène Grimprel,1,1,1,administrateur,1914,1914,"Transports terrestres, garages automobiles et agricoles"
sur-d-yvonne,sœur d'Yvonne,sœur d'Yvonne,1,1,1,administrateur,1914,1914,"Transports terrestres, garages automobiles et agricoles"
veuve-de-paul-chabol,veuve de Paul Chabol,veuve de Paul Chabol,1,1,1,administrateur,1914,1914,"Transports terrestres, garages automobiles et agricoles"
cantacuzene-j,Cantacuzène,J. Cantacuzène,1,1,1,administrateur,1953,1953,Mines et carrières
douphy-e,Douphy,Douphy,1,1,1,administrateur,1953,1953,Mines et carrières
lawless-h,Lawless,H. Lawless,1,1,1,administrateur,1910,1910,"Banques et groupes financiers, assurances"
nalis-j,Nalis,J. Nalis,1,1,1,administrateur,1910,1910,"Banques et groupes financiers, assurances"
veil-b,Veil,B. Veil,1,1,1,administrateur,1910,1910,"Banques et groupes financiers, assurances"
agache,Agache,Agache,1,1,1,administrateur,1919,1919,"Banques et groupes financiers, assurances"
motte,Motte,Motte,1,1,1,administrateur,1919,1919,"Banques et groupes financiers, assurances"
aux-prescriptions-des-articles-c,aux prescriptions des articles,Conformément aux prescriptions des articles,1,1,1,administrateur,1921,1921,"Banques et groupes financiers, assurances"
moreau-e-emile,Moreau,Émile Moreau,1,1,1,administrateur,1921,1921,"Banques et groupes financiers, assurances"
moreau-e,Moreau,E. Moreau,1,1,1,administrateur,1923,1923,"Banques et groupes financiers, assurances"
motte-e-eugene,Motte,Eugène Motte,1,1,1,administrateur,1926,1926,"Banques et groupes financiers, assurances"
ferasson-a-galicier-l,Férasson A. Galicier,L. Férasson A. Galicier,1,1,1,administrateur,1933,1933,"Banques et groupes financiers, assurances"
brocard-g,Brocard,G. Brocard,1,1,1,administrateur,1950,1950,"Banques et groupes financiers, assurances"
bahuet-a,Bahuet,A. Bahuet,1,1,1,administrateur,1953,1953,"Banques et groupes financiers, assurances"
eugene,Eugène,Eugène,1,1,1,administrateur,1893,1893,Industries agro-alimentaires
felix-p,Félix,Philippe Félix,1,1,1,administrateur,1893,1893,Industries agro-alimentaires
robert-h,Robert,Henri Robert,1,1,1,administrateur,1926,1926,"Bâtiment et travaux publics, matériaux de construction, céramique"
martin-saint-leon-m,Martin Saint-Léon,Marcel Martin Saint-Léon,1,1,1,administrateur,1926,1926,"Bâtiment et travaux publics, matériaux de construction, céramique"
pariente-s,Pariente,Sylvain Pariente,1,1,1,administrateur,1926,1926,"Bâtiment et travaux publics, matériaux de construction, céramique"
guedj-e,Guedj,Élie Guedj,1,1,1,administrateur,1926,1926,"Bâtiment et travaux publics, matériaux de construction, céramique"
adda-s,Adda,Salomon Adda,1,1,1,administrateur,1926,1926,"Bâtiment et travaux publics, matériaux de construction, céramique"
bonneville-a,Bonneville,Aimé Bonneville,1,1,1,administrateur,1926,1926,"Filière bois : exploitation forestière, liège, meubles, cellulose, papier…"
brun-l-louis,Brun,Louis Brun,1,1,1,administrateur,1926,1926,"Filière bois : exploitation forestière, liège, meubles, cellulose, papier…"
scotto-d,Scotto,Dominique Scotto,1,1,1,administrateur,1926,1926,Transports maritimes et aériens
saliba-g,Saliba,Georges Saliba,1,1,1,administrateur,1926,1926,Transports maritimes et aériens
leonard-p,LÉONARD,LÉONARD,1,1,1,administrateur,1901,1901,"Banques et groupes financiers, assurances"
cazenave-e,CAZENAVE,CAZENAVE,1,1,1,administrateur,1901,1901,"Banques et groupes financiers, assurances"
bedoin,BEDOIN,BEDOIN,1,1,1,administrateur,1901,1901,"Banques et groupes financiers, assurances"
nogaro,NOGARO,NOGARO,1,1,1,administrateur,1901,1901,"Banques et groupes financiers, assurances"
cotoni-l,Cotoni,Lucien Cotoni,1,1,1,president,1926,1926,"Banques et groupes financiers, assurances"
chemla-d,Chemla,D. Chemla,1,1,1,administrateur,1926,1926,"Banques et groupes financiers, assurances"
maubert-d,Maubert,Donat Maubert,1,1,1,administrateur,1926,1926,"Banques et groupes financiers, assurances"
rongier-e,Rongier,Émile Rongier,1,1,1,administrateur,1926,1926,"Banques et groupes financiers, assurances"
perchot-j,Perchot,J. Perchot,1,1,1,president,1931,1931,"Bâtiment et travaux publics, matériaux de construction, céramique"
gaudiani-a,Gaudiani,Gaudiani,1,1,1,vice_president,1931,1931,"Bâtiment et travaux publics, matériaux de construction, céramique"
fortier,Fortier,Fortier,1,1,1,administrateur,1931,1931,"Bâtiment et travaux publics, matériaux de construction, céramique"
maury,Maury,Maury,1,1,1,administrateur,1931,1931,"Bâtiment et travaux publics, matériaux de construction, céramique"
langlois-h,Langlois,Henri Langlois,1,1,1,administrateur,1924,1924,Commerce
janolin-p,Janolin,Paul Janolin,1,1,1,administrateur,1926,1926,Commerce
philibert,Philibert,Philibert,1,1,1,administrateur,1922,1922,"Filière bois : exploitation forestière, liège, meubles, cellulose, papier…"
gautier,Gautier,Gautier,1,1,1,administrateur,1922,1922,"Filière bois : exploitation forestière, liège, meubles, cellulose, papier…"
guiguet,Guiguet,Guiguet,1,1,1,administrateur,1922,1922,"Filière bois : exploitation forestière, liège, meubles, cellulose, papier…"
pellet,Pellet,Pellet,1,1,1,administrateur,1922,1922,"Filière bois : exploitation forestière, liège, meubles, cellulose, papier…"
guiguet-c,Guiguet,Ch. Guiguet,1,1,1,president,1925,1925,"Filière bois : exploitation forestière, liège, meubles, cellulose, papier…"
chez-m-j-choiseau,chez M. J. Choiseau,chez M. J. Choiseau,1,1,1,president,1925,1925,"Filière bois : exploitation forestière, liège, meubles, cellulose, papier…"
galerie-vivienne,galerie Vivienne,galerie Vivienne,1,1,1,president,1925,1925,"Filière bois : exploitation forestière, liège, meubles, cellulose, papier…"
papiers-de-paris,papiers de Paris,papiers de Paris,1,1,1,president,1925,1925,"Filière bois : exploitation forestière, liège, meubles, cellulose, papier…"
weber-d,Weber,Diebold Weber,1,1,1,administrateur,1938,1938,"Filière bois : exploitation forestière, liège, meubles, cellulose, papier…"
lauvray-l,Lauvray,L.-A. Lauvray,1,1,1,administrateur,1938,1938,"Filière bois : exploitation forestière, liège, meubles, cellulose, papier…"
ratier,Ratier,Ratier,1,1,1,administrateur,1938,1938,"Filière bois : exploitation forestière, liège, meubles, cellulose, papier…"
saint-r-roger,Saint,Roger Saint,1,1,1,administrateur,1938,1938,"Filière bois : exploitation forestière, liège, meubles, cellulose, papier…"
weill-d,Weill,David Weill,1,1,1,administrateur,1938,1938,"Filière bois : exploitation forestière, liège, meubles, cellulose, papier…"
besancon-g,Besançon,Besançon,1,1,1,administrateur,1938,1938,"Filière bois : exploitation forestière, liège, meubles, cellulose, papier…"
rennes,Rennes,Rennes,1,1,1,administrateur,1938,1938,"Filière bois : exploitation forestière, liège, meubles, cellulose, papier…"
fabrication-de-sacs-pour-l-alimentation-avec,Fabrication de sacs pour l'alimentation avec,Fabrication de sacs pour l'alimentation avec,1,1,1,administrateur,1938,1938,"Filière bois : exploitation forestière, liège, meubles, cellulose, papier…"
fabrication-de-papiers-cristal,Fabrication de papiers cristal,Fabrication de papiers cristal,1,1,1,administrateur,1938,1938,"Filière bois : exploitation forestière, liège, meubles, cellulose, papier…"
lauvray-a,Lauvray,A. Lauvray,1,1,1,administrateur,1940,1940,"Filière bois : exploitation forestière, liège, meubles, cellulose, papier…"
moisant-b,Moisant,B. Moisant,1,1,1,administrateur,1940,1940,"Filière bois : exploitation forestière, liège, meubles, cellulose, papier…"
chr-saint,Chr. Saint,Chr. Saint,1,1,1,administrateur,1940,1940,"Filière bois : exploitation forestière, liège, meubles, cellulose, papier…"
farodeau,Farodeau,Farodeau,1,1,1,administrateur,1940,1940,"Filière bois : exploitation forestière, liège, meubles, cellulose, papier…"
coquet-p,Coquet,P. Coquet,1,1,1,administrateur,1945,1945,"Filière bois : exploitation forestière, liège, meubles, cellulose, papier…"
debray-j,Debray,J. Debray,1,1,1,administrateur,1945,1945,"Filière bois : exploitation forestière, liège, meubles, cellulose, papier…"
grouas-j,Grouas,J. Grouas,1,1,1,administrateur,1945,1945,"Filière bois : exploitation forestière, liège, meubles, cellulose, papier…"
ratier-c,Ratier,C. Ratier,1,1,1,administrateur,1945,1945,"Filière bois : exploitation forestière, liège, meubles, cellulose, papier…"
franck-h,Franck,H. Franck,1,1,1,administrateur,1948,1948,"Filière bois : exploitation forestière, liège, meubles, cellulose, papier…"
laurent-j,Laurent,J. Laurent,1,1,1,administrateur,1948,1948,"Filière bois : exploitation forestière, liège, meubles, cellulose, papier…"
gilberton-v,Gilberton,V. Gilberton,1,1,1,administrateur,1948,1948,"Filière bois : exploitation forestière, liège, meubles, cellulose, papier…"
nathan-r,Nathan,Roger Nathan,1,1,1,president_directeur_general,1952,1952,"Filière bois : exploitation forestière, liège, meubles, cellulose, papier…"
de-flers-f,de Flers,François de Flers,1,1,1,administrateur,1952,1952,"Filière bois : exploitation forestière, liège, meubles, cellulose, papier…"
franck-m,Franck,Maurice Franck,1,1,1,administrateur,1952,1952,"Filière bois : exploitation forestière, liège, meubles, cellulose, papier…"
burdin,Burdin,Burdin,1,1,1,administrateur,1953,1953,"Filière bois : exploitation forestière, liège, meubles, cellulose, papier…"
guillanton-a,Guillanton,A. Guillanton,1,1,1,administrateur,1953,1953,"Filière bois : exploitation forestière, liège, meubles, cellulose, papier…"
lepeinteur-e,Lepeinteur,Lepeinteur,1,1,1,administrateur,1953,1953,"Filière bois : exploitation forestière, liège, meubles, cellulose, papier…"
frederic-a,Frédéric,Alphonse Frédéric,1,1,1,administrateur,1922,1922,Mines et carrières
richard-l,Richard,Louis Richard,1,1,1,administrateur,1922,1922,Mines et carrières
pouquet-m,Pouquet,Maurice Pouquet,1,1,1,administrateur_delegue,1924,1924,Mines et carrières
alp-cajot,Alp. Cajot,Alp. Cajot,1,1,1,administrateur,1902,1902,Mines et carrières
cajot-a,Cajot,Alfred Cajot,1,1,1,administrateur,1902,1902,Mines et carrières
cedie-c,Cédié,Charles Cédié,1,1,1,administrateur,1902,1902,Mines et carrières
sautter-e-emmanuel,Sautter,Emmanuel Sautter,1,1,1,administrateur,1902,1902,Mines et carrières
de-pellerin-de-latouche-g,de Pellerin de Latouche,Gaston de Pellerin de Latouche,1,1,1,president,1906,1906,"Transports terrestres, garages automobiles et agricoles"
juillet-saint-lager-f,Juillet- Saint-Lager,Fernand Juillet- Saint-Lager,1,1,1,administrateur,1906,1906,"Transports terrestres, garages automobiles et agricoles"
saint-lager-j,Saint-Lager,Juillet Saint-Lager,1,1,1,administrateur,1914,1914,"Transports terrestres, garages automobiles et agricoles"
mirabaud-j,Mirabaud,J. Mirabaud,1,1,1,administrateur,1914,1914,"Transports terrestres, garages automobiles et agricoles"
mirabaud,Mirabaud,Mirabaud,1,1,1,administrateur,1922,1922,"Transports terrestres, garages automobiles et agricoles"
chabrieres-m-maurice,Chabrières,Maurice Chabrières,1,1,1,administrateur,1926,1926,"Transports terrestres, garages automobiles et agricoles"
de-magnin-p,de Magnin,Pierre de Magnin,1,1,1,administrateur,1926,1926,"Transports terrestres, garages automobiles et agricoles"
paysant-l-louis,Paysant,Louis Paysant,1,1,1,administrateur,1926,1926,"Transports terrestres, garages automobiles et agricoles"
hotel-aletti,hôtel Aletti,hôtel Aletti,1,1,1,administrateur,1942,1942,"Transports terrestres, garages automobiles et agricoles"
el-biar-alger,El Biar-Alger,El Biar-Alger,1,1,1,administrateur,1942,1942,"Transports terrestres, garages automobiles et agricoles"
chemins-de-fer-sur-routes-d-algerie,Chemins de fer sur routes d'Algérie,Chemins de fer sur routes d'Algérie,1,1,1,administrateur,1942,1942,"Transports terrestres, garages automobiles et agricoles"
daurces-c,Daurces,C. Daurces,1,1,1,administrateur,1953,1953,"Transports terrestres, garages automobiles et agricoles"
guastavino-j,Guastavino,J.-M. Guastavino,1,1,1,administrateur,1953,1953,"Transports terrestres, garages automobiles et agricoles"
charles-roux-j,Charles-Roux,J. Charles-Roux,1,1,1,administrateur,1912,1912,"Transports terrestres, garages automobiles et agricoles"
legouez-r,Legouëz,Raynald Legouëz,1,1,1,administrateur,1912,1912,"Transports terrestres, garages automobiles et agricoles"
chaussees,Chaussées,Chaussées,1,1,1,administrateur,1912,1912,"Transports terrestres, garages automobiles et agricoles"
chasseriau-r,Chassériau,René Chassériau,1,1,1,administrateur,1926,1926,"Transports terrestres, garages automobiles et agricoles"
claudon-r,Claudon,René Claudon,1,1,1,president,1942,1942,"Transports terrestres, garages automobiles et agricoles"
beau,Beau,Beau,1,1,1,vice_president,1942,1942,"Transports terrestres, garages automobiles et agricoles"
surleau,Surleau,Surleau,1,1,1,administrateur,1942,1942,"Transports terrestres, garages automobiles et agricoles"
anduze-faris,Anduze-Faris,Anduze-Faris,1,1,1,administrateur,1942,1942,"Transports terrestres, garages automobiles et agricoles"
moatti-p,Moatti,Pierre Moatti,1,1,1,administrateur,1942,1942,"Transports terrestres, garages automobiles et agricoles"
vimont,Vimont,Vimont,1,1,1,administrateur,1942,1942,"Transports terrestres, garages automobiles et agricoles"
jean,Jean,Jean,1,1,1,administrateur,1942,1942,"Transports terrestres, garages automobiles et agricoles"
goursat-j,Goursat,Goursat,1,1,1,administrateur,1942,1942,"Transports terrestres, garages automobiles et agricoles"
ardouin,Ardouin,Ardouin,1,1,1,administrateur,1942,1942,"Transports terrestres, garages automobiles et agricoles"
saller,Saller,Saller,1,1,1,administrateur,1942,1942,"Transports terrestres, garages automobiles et agricoles"
hermann-de-pitteurs-de-budingen,Hermann de Pitteurs de Budingen,Hermann de Pitteurs de Budingen,1,1,1,administrateur,1926,1926,Mines et carrières
murat-a,Murat,Alexandre Murat,1,1,1,administrateur,1926,1926,Mines et carrières
de-neuflize-j-jacques,de Neuflize,Jacques de Neuflize,1,1,1,administrateur,1926,1926,Mines et carrières
elie-lefebvre-r,Élie-Lefèbvre,Robert Élie-Lefèbvre,1,1,1,administrateur,1926,1926,Mines et carrières
industrial-franco-belge-s,industrial franco-belge,Sociedad industrial franco-belge,1,1,1,administrateur,1929,1929,Mines et carrières
tabacs-du-portugal,Tabacs du Portugal,Tabacs du Portugal,1,1,1,administrateur,1929,1929,Mines et carrières
ottomans-t,ottomans,Tabacs ottomans,1,1,1,administrateur,1929,1929,Mines et carrières
lefebvre-r,Lefebvre,Robert Elie Lefebvre,1,1,1,administrateur,1931,1931,Mines et carrières
lespineux-g,Lespineux,Georges Lespineux,1,1,1,administrateur,1931,1931,Mines et carrières
herman-de-pitteurs-de-budingen,Herman de Pitteurs de Budingen,Herman de Pitteurs de Budingen,1,1,1,administrateur,1931,1931,Mines et carrières
labbe-l,Labbé,Léon Labbé,1,1,1,administrateur,1931,1931,Mines et carrières
a-j-l-lebon,A.- J.-L. Lebon,A.- J.-L. Lebon,1,1,1,administrateur,1911,1911,Mines et carrières
feist-l,Feist,L. Feist,1,1,1,administrateur,1911,1911,Mines et carrières
sondheimer-f,Sondheimer,F. Sondheimer,1,1,1,administrateur,1911,1911,Mines et carrières
m-michenot-s,M. Michenot,Secrétaire M. Michenot,1,1,1,administrateur,1926,1926,Mines et carrières
robert-j-joseph,Robert,Joseph Robert,1,1,1,administrateur,1926,1926,"Filière bois : exploitation forestière, liège, meubles, cellulose, papier…"
pinon-f,Pinon,Fernand Pinon,1,1,1,administrateur,1926,1926,"Filière bois : exploitation forestière, liège, meubles, cellulose, papier…"
harrisson-j,Harrisson,John Harrisson,1,1,1,administrateur,1926,1926,Commerce
harrisson-a,Harrisson,Alfred Harrisson,1,1,1,administrateur,1926,1926,Commerce
brisson-ingenieur-e,Brisson ingénieur,Edgard Brisson ingénieur,1,1,1,administrateur,1919,1919,Commerce
et-raoul-tedde,et Raoul Teddé,et Raoul Teddé,1,1,1,administrateur,1919,1919,Commerce
brisson,Brisson,Brisson,1,1,1,administrateur,1920,1920,Commerce
laurens,Laurens,Laurens,1,1,1,administrateur,1920,1920,Commerce
stem-j,Stem,Stem,1,1,1,administrateur,1920,1920,Commerce
champy-l,Champy,Louis Champy,1,1,1,administrateur,1928,1928,Commerce
henry-m-marcel,Henry,Marcel Henry,1,1,1,administrateur,1928,1928,Commerce
de-maniquet-vauberet-p,de Maniquet- Vauberet,Pierre de Maniquet- Vauberet,1,1,1,administrateur,1928,1928,Commerce
balland-brugneaux-j,Balland-Brugneaux,Jean Balland-Brugneaux,1,1,1,administrateur,1928,1928,Commerce
fonde-de-pouvoirs-de-la-maison-balland-brugneaux,fondé de pouvoirs de la Maison Balland-Brugneaux,fondé de pouvoirs de la Maison Balland-Brugneaux,1,1,1,administrateur,1928,1928,Commerce
delage-y,Delage,Yves Delage,1,1,1,administrateur,1928,1928,Commerce
simon-de-peyerimhoff-de-fontenelle,Simon de Peyerimhoff de Fontenelle,Simon de Peyerimhoff de Fontenelle,1,1,1,administrateur,1928,1928,Commerce
et-charles-champy,et Charles Champy,et Charles Champy,1,1,1,administrateur,1928,1928,Commerce
deckers-h,Deckers,H. Deckers,1,1,1,administrateur,1912,1912,Transports maritimes et aériens
poulain,Poulain,Poulain,1,1,1,administrateur,1908,1908,"Bâtiment et travaux publics, matériaux de construction, céramique"
weil-s,Weil,S. Weil,1,1,1,administrateur,1908,1908,"Bâtiment et travaux publics, matériaux de construction, céramique"
causse-a,Causse,Amable Causse,1,1,1,administrateur,1924,1924,"Bâtiment et travaux publics, matériaux de construction, céramique"
barruel-p,Barruel,Paul Barruel,1,1,1,administrateur,1924,1924,"Bâtiment et travaux publics, matériaux de construction, céramique"
toulzac-j,Toulzac,Jules Toulzac,1,1,1,administrateur,1924,1924,"Bâtiment et travaux publics, matériaux de construction, céramique"
bouton-g,Bouton,G. Bouton,1,1,1,administrateur,1923,1923,"Bâtiment et travaux publics, matériaux de construction, céramique"
genin-a,Genin,Genin,1,1,1,administrateur,1923,1923,"Bâtiment et travaux publics, matériaux de construction, céramique"
bernier-c,Bernier,Ch. Bernier,1,1,1,administrateur,1923,1923,"Bâtiment et travaux publics, matériaux de construction, céramique"
forret-g,Forret,G. Forret,1,1,1,administrateur,1923,1923,"Bâtiment et travaux publics, matériaux de construction, céramique"
durrieu-h,Durrieu,Henri Durrieu,1,1,1,administrateur,,,"Transports terrestres, garages automobiles et agricoles"
joret,Joret,Joret,1,1,1,administrateur,,,"Transports terrestres, garages automobiles et agricoles"
de-reinach-j,de Reinach,Jacques de Reinach,1,1,1,administrateur,,,"Transports terrestres, garages automobiles et agricoles"
dehaynin-a,Dehaynin,Albert Dehaynin,1,1,1,president,1906,1906,"Transports terrestres, garages automobiles et agricoles"
boucher-leomenil-l,Boucher-Léoménil,Léon Boucher-Léoménil,1,1,1,administrateur,1906,1906,"Transports terrestres, garages automobiles et agricoles"
lemoine,Lemoine,Lemoine,1,1,1,administrateur,1906,1906,"Transports terrestres, garages automobiles et agricoles"
hirsch-r,Hirsch,Robert Hirsch,1,1,1,administrateur,1906,1906,"Transports terrestres, garages automobiles et agricoles"
baulant-r,Baulant,René Baulant,1,1,1,administrateur,1922,1922,"Transports terrestres, garages automobiles et agricoles"
de-rohan-chabot-p,de Rohan-Chabot,de Rohan-Chabot,1,1,1,administrateur,1879,1879,"Transports terrestres, garages automobiles et agricoles"
lebermuth-a,Lebermuth,A. Lebermuth,1,1,1,administrateur,1879,1879,"Transports terrestres, garages automobiles et agricoles"
finlay-w,Finlay,W.-B. Finlay,1,1,1,administrateur,1879,1879,"Transports terrestres, garages automobiles et agricoles"
al-herbert,Al. Herbert,Al. Herbert,1,1,1,administrateur,1879,1879,"Transports terrestres, garages automobiles et agricoles"
harding-g,Harding,G.-P. Harding,1,1,1,administrateur,1879,1879,"Transports terrestres, garages automobiles et agricoles"
de-fourment,de Fourment,de Fourment,1,1,1,administrateur,1879,1879,"Transports terrestres, garages automobiles et agricoles"
sallas-j,Sallas,J. Sallas,1,1,1,administrateur,1879,1879,"Transports terrestres, garages automobiles et agricoles"
richarme-p,Richarme,Petrus Richarme,1,1,1,administrateur,1881,1881,"Transports terrestres, garages automobiles et agricoles"
villain-h,Villain,Henri Villain,1,1,1,administrateur,1881,1881,"Transports terrestres, garages automobiles et agricoles"
villard-t,Villard,Théodore Villard,1,1,1,administrateur,1881,1881,"Transports terrestres, garages automobiles et agricoles"
louis-marie-cesaire,Louis-Marie-Césaire,Louis-Marie-Césaire,1,1,1,administrateur,1881,1881,"Transports terrestres, garages automobiles et agricoles"
de-lassus-saint-genies,de Lassus Saint-Geniès,de Lassus Saint-Geniès,1,1,1,administrateur,1881,1881,"Transports terrestres, garages automobiles et agricoles"
villain,Villain,Villain,1,1,1,administrateur,1882,1882,"Transports terrestres, garages automobiles et agricoles"
th-villard,Th. Villard,Th. Villard,1,1,1,administrateur,1882,1882,"Transports terrestres, garages automobiles et agricoles"
tirman-l,Tirman,L. Tirman,1,1,1,administrateur,1897,1897,"Transports terrestres, garages automobiles et agricoles"
temouchent,Témouchent,Témouchent,1,1,1,administrateur,1907,1907,"Transports terrestres, garages automobiles et agricoles"
turenne,Turenne,Turenne,1,1,1,administrateur,1907,1907,"Transports terrestres, garages automobiles et agricoles"
de-malaret-g,de Malaret,de Malaret,1,1,1,administrateur,1907,1907,"Transports terrestres, garages automobiles et agricoles"
pouyer-m,Pouyer,Maurice Pouyer,1,1,1,administrateur,1926,1926,"Transports terrestres, garages automobiles et agricoles"
chollet-a,Chollet,Adrien Chollet,1,1,1,administrateur,1933,1933,"Filière bois : exploitation forestière, liège, meubles, cellulose, papier…"
fait-suite-a-la-maison-nicolas-l,fait suite à la maison Nicolas,Longobardi fait suite à la maison Nicolas,1,1,1,administrateur,1933,1933,"Filière bois : exploitation forestière, liège, meubles, cellulose, papier…"
chollet,Chollet,Chollet,1,1,1,administrateur,1933,1933,"Filière bois : exploitation forestière, liège, meubles, cellulose, papier…"
longobardi-j,Longobardi,Longobardi,1,1,1,administrateur,1933,1933,"Filière bois : exploitation forestière, liège, meubles, cellulose, papier…"
dal-paz-j,Dal Paz,John Dal Paz,1,1,1,administrateur,1925,1925,Transports maritimes et aériens
latecoere-p,Latécoère,Pierre Latécoère,1,1,1,administrateur,1925,1925,Transports maritimes et aériens
chateau-de-ramonville,château de Ramonville,château de Ramonville,1,1,1,administrateur,1925,1925,Transports maritimes et aériens
liore-f,Lioré,Fernand Lioré,1,1,1,administrateur,1925,1925,Transports maritimes et aériens
beppo-de-massimi,Beppo de Massimi,Beppo de Massimi,1,1,1,administrateur,1925,1925,Transports maritimes et aériens
calle-alcala,calle Alcala,calle Alcala,1,1,1,administrateur,1925,1925,Transports maritimes et aériens
chateau-mervllla,château Mervllla,château Mervllla,1,1,1,administrateur,1925,1925,Transports maritimes et aériens
francisco-rubio-d,Francisco Rubio,Don Francisco Rubio,1,1,1,administrateur,1925,1925,Transports maritimes et aériens
principe-de-vergora,Principe de Vergora,Principe de Vergora,1,1,1,administrateur,1925,1925,Transports maritimes et aériens
tessier-du-cros-e,Tessier du Cros,Tessier du Cros,1,1,1,administrateur,1925,1925,Transports maritimes et aériens
et-gabriel-arnou,et Gabriel Arnou 2,et Gabriel Arnou 2,1,1,1,administrateur,1925,1925,Transports maritimes et aériens
pierre-g-latecoere,Pierre-G. Latécoère,Pierre-G. Latécoère,1,1,1,president,1926,1926,Transports maritimes et aériens
breal-a,Bréal,Auguste Bréal,1,1,1,administrateur,1926,1926,Transports maritimes et aériens
teissier-du-cros-h,Teissier du Cros,Henri Teissier du Cros,1,1,1,administrateur,1926,1926,Transports maritimes et aériens
desprez,Desprez,Desprez,1,1,1,administrateur,1920,1920,Transports maritimes et aériens
pilliard-m,Pilliard,Pilliard,1,1,1,administrateur,1920,1920,Transports maritimes et aériens
desprez-h,Desprez,Henry Desprez,1,1,1,president,1926,1926,Transports maritimes et aériens
auriol-e,Auriol,Eugène Auriol,1,1,1,administrateur,1926,1926,Transports maritimes et aériens
machart-m,Machart,Michel Machart,1,1,1,administrateur,1926,1926,Transports maritimes et aériens
mayoussier-h,Mayoussier,Henri Mayoussier,1,1,1,administrateur,1926,1926,Transports maritimes et aériens
de-bailliencourt-courcol-m,de Bailliencourt-Courcol,Max de Bailliencourt-Courcol,1,1,1,administrateur,1950,1950,"Banques et groupes financiers, assurances"
boissonnas-r,Boissonnas,Remi Boissonnas,1,1,1,administrateur,1950,1950,"Banques et groupes financiers, assurances"
fournier-p-pierre,Fournier,Pierre Fournier,1,1,1,administrateur,1950,1950,"Banques et groupes financiers, assurances"
pourtoborde,Pourtoborde,Pourtoborde,1,1,1,administrateur,1950,1950,"Banques et groupes financiers, assurances"
meniel,Meniel,Meniel,1,1,1,administrateur,1950,1950,"Banques et groupes financiers, assurances"
graf-a,Graf,Auguste Graf,1,1,1,administrateur,1926,1926,Industries chimiques
conte-o,Conte,Octave Conte,1,1,1,administrateur,1926,1926,Industries chimiques
plassard-j-joseph,Plassard,Joseph Plassard,1,1,1,president,1922,1922,Foncières et immobilières
vial-d,Vial,Denis Vial,1,1,1,administrateur,1922,1922,Foncières et immobilières
calmel-a,Calmel,Antoine Calmel,1,1,1,administrateur,1922,1922,Foncières et immobilières
coche-e,Coche,Eddy Coche,1,1,1,administrateur,1922,1922,Foncières et immobilières
thomain-e,Thomain,E. Thomain,1,1,1,administrateur,1948,1948,Foncières et immobilières
debrousse-j,Débrousse,Débrousse,1,1,1,administrateur,1879,1879,Industries agro-alimentaires
fournier-l,Fournier,Lucien Fournier,1,1,1,administrateur,1879,1879,Industries agro-alimentaires
bourgeois-a-adolphe,Bourgeois,Adolphe Bourgeois,1,1,1,administrateur,1879,1879,Industries agro-alimentaires
mallet-l,Mallet,Lucien Mallet,1,1,1,administrateur,1879,1879,Industries agro-alimentaires
laisant,Laisant,Laisant,1,1,1,administrateur,1879,1879,Industries agro-alimentaires
sapia,Sapia,Sapia,1,1,1,administrateur,1879,1879,Industries agro-alimentaires
sarlin-pere-e,Sarlin père,Eugène Sarlin père,1,1,1,administrateur,1879,1879,Industries agro-alimentaires
sarlin-fils-e,Sarlin fils,Eugène Sarlin fils,1,1,1,administrateur,1879,1879,Industries agro-alimentaires
carie-g,Carié,G. Carié,1,1,1,administrateur,1885,1885,Industries agro-alimentaires
orcel-j,Orcel. 3,Jacques Orcel. 3,1,1,1,administrateur,1923,1923,"Transports terrestres, garages automobiles et agricoles"
puerari,Puerari,Puerari,1,1,1,president,1935,1935,"Transports terrestres, garages automobiles et agricoles"
bonhomme,Bonhomme,Bonhomme,1,1,1,administrateur_delegue,1935,1935,"Transports terrestres, garages automobiles et agricoles"
cahen-e-emile,Cahen,Émile Cahen,1,1,1,administrateur,1925,1925,Industries agro-alimentaires
cahen-e-ernest,Cahen,Ernest Cahen,1,1,1,administrateur,1925,1925,Industries agro-alimentaires
et-m-olivaux,et M. Olivaux,et M. Olivaux,1,1,1,administrateur,1925,1925,Industries agro-alimentaires
bellevue-b,Bellevue,Bellevue,1,1,1,administrateur,1926,1926,Industries agro-alimentaires
olivaux,Olivaux,Olivaux,1,1,1,administrateur,1926,1926,Industries agro-alimentaires
monnot,Monnot,Monnot,1,1,1,administrateur,1926,1926,Industries agro-alimentaires
chateaurenard,Châteaurenard,Châteaurenard,1,1,1,administrateur,1926,1926,Industries agro-alimentaires
sultana-h,Sultana,Henry Sultana,1,1,1,administrateur_delegue,1926,1926,Commerce
thibaut-a-alger-a,Thibaut à Alger,Albert Thibaut à Alger,1,1,1,administrateur,1922,1922,Transports maritimes et aériens
gorchs-chacou-f,Gorchs-Chacou,Félix Gorchs-Chacou,1,1,1,administrateur,1922,1922,Transports maritimes et aériens
et-robert-galoppe,et Robert Galoppe,et Robert Galoppe,1,1,1,administrateur,1922,1922,Transports maritimes et aériens
thibaut-g,Thibaut,Gaston Thibaut,1,1,1,administrateur,1922,1922,Transports maritimes et aériens
gorchs-chacou-a-neuilly-sur-seine-f,Gorchs-Chacou à Neuilly-sur-Seine,Félix Gorchs-Chacou à Neuilly-sur-Seine,1,1,1,administrateur,1922,1922,Transports maritimes et aériens
et-gaston-bouffe,et Gaston Bouffé,et Gaston Bouffé,1,1,1,administrateur,1922,1922,Transports maritimes et aériens
thibault-g,Thibault,Gaston Thibault,1,1,1,administrateur,1926,1926,Transports maritimes et aériens
doukan-m,Doukan,Maurice Doukan,1,1,1,administrateur,1922,1922,Industries agro-alimentaires
doukan-e,Doukan,Édouard Doukan,1,1,1,administrateur,1922,1922,Industries agro-alimentaires
doukan-c,Doukan,Charles-Samuel Doukan,1,1,1,administrateur,1922,1922,Industries agro-alimentaires
morato-f,Morato,François Morato,1,1,1,administrateur,1922,1922,Industries agro-alimentaires
barrot-f-frederic,Barrot,Frédéric Barrot,1,1,1,administrateur,1880,1880,"Banques et groupes financiers, assurances"
corre,Corre,Corre,1,1,1,administrateur,1880,1880,"Banques et groupes financiers, assurances"
ed-hentsch,Ed. Hentsch,Ed. Hentsch,1,1,1,administrateur,1880,1880,"Banques et groupes financiers, assurances"
herpin-c,Herpin,Ch. Herpin,1,1,1,administrateur,1880,1880,"Banques et groupes financiers, assurances"
parran-a,Parran,Parran,1,1,1,administrateur,1880,1880,"Banques et groupes financiers, assurances"
peridon,Péridon,Péridon,1,1,1,administrateur,1880,1880,"Banques et groupes financiers, assurances"
riche,Riché,Riché,1,1,1,administrateur,1912,1912,"Banques et groupes financiers, assurances"
odier-e,Odier,Edmond Odier,1,1,1,administrateur,1940,1940,"Banques et groupes financiers, assurances"
ed-ramard,Ed. Ramard,Ed. Ramard,1,1,1,administrateur,1953,1953,"Banques et groupes financiers, assurances"
bordier-e,Bordier,Édouard Bordier,1,1,1,administrateur,1924,1924,Industries agro-alimentaires
dominice-f,Dominicé,Frédéric Dominicé,1,1,1,administrateur,1924,1924,Industries agro-alimentaires
fermaud-g,Fermaud,Gustave Fermaud,1,1,1,administrateur,1924,1924,Industries agro-alimentaires
de-marignac-c,de Marignac,Charles de Marignac,1,1,1,administrateur,1924,1924,Industries agro-alimentaires
naboudet-a,Naboudet,Alexandre-Georges Naboudet,1,1,1,administrateur,1924,1924,Commerce
thibault-e,Thibault,Émile Thibault,1,1,1,administrateur,1924,1924,Commerce
duplan-c,Duplan,Claude-Léon Duplan,1,1,1,administrateur,1926,1926,Commerce
duplan,Duplan,Duplan,1,1,1,administrateur,1926,1926,Commerce
reder-j,Reder,Jules Reder,1,1,1,president,1926,1926,"Banques et groupes financiers, assurances"
jourdan-e,Jourdan,Eugène Jourdan,1,1,1,president,1926,1926,"Banques et groupes financiers, assurances"
moatti-l,Moatti,Léon Moatti,1,1,1,administrateur,1926,1926,"Banques et groupes financiers, assurances"
doumens-j,Doumens,Jules Doumens,1,1,1,administrateur,1926,1926,"Banques et groupes financiers, assurances"
laborie-l,Laborie,Louis Laborie,1,1,1,administrateur,1926,1926,"Banques et groupes financiers, assurances"
moatti-e-emile,Moatti,Émile Moatti,1,1,1,administrateur,1926,1926,"Banques et groupes financiers, assurances"
enjalbert-c,Enjalbert,C. Enjalbert,1,1,1,president,1926,1926,"Banques et groupes financiers, assurances"
barret-b,Barret,Baptiste Barret,1,1,1,president,1926,1926,"Banques et groupes financiers, assurances"
joucla-p,Joucla,Pierre Joucla,1,1,1,administrateur,1926,1926,"Banques et groupes financiers, assurances"
bonnafous-a,Bonnafous,Antoine Bonnafous,1,1,1,administrateur,1926,1926,"Banques et groupes financiers, assurances"
jouve-e,Jouve,Edmond Jouve,1,1,1,administrateur,1926,1926,"Banques et groupes financiers, assurances"
gantier-l,Gantier,Léon Gantier,1,1,1,administrateur,1926,1926,"Banques et groupes financiers, assurances"
levy-y,Levy,Yuntob Levy,1,1,1,administrateur,1926,1926,"Banques et groupes financiers, assurances"
puech-l,Puech,Louis Puech,1,1,1,administrateur,1926,1926,"Banques et groupes financiers, assurances"
orsero-l,Orsero,Léopold Orsero,1,1,1,administrateur,1926,1926,"Banques et groupes financiers, assurances"
duprat-d,Duprat,Denis Duprat,1,1,1,president,1926,1926,"Banques et groupes financiers, assurances"
borgonovo-j,Borgonovo,Joseph Borgonovo,1,1,1,president,1926,1926,"Banques et groupes financiers, assurances"
bertrand-e,Bertrand,Eugène Bertrand,1,1,1,administrateur,1926,1926,"Banques et groupes financiers, assurances"
balazuc-e,Balazuc,Édouard Balazuc,1,1,1,administrateur,1926,1926,"Banques et groupes financiers, assurances"
dillenseger-l,Dillenséger,Léon Dillenséger,1,1,1,administrateur,1926,1926,"Banques et groupes financiers, assurances"
leclercq-l,Leclercq,Louis Leclercq,1,1,1,administrateur,1926,1926,"Banques et groupes financiers, assurances"
roux-h,Roux,Henri Roux,1,1,1,administrateur,1926,1926,"Banques et groupes financiers, assurances"
ruffino-e,Ruffino,Étienne Ruffino,1,1,1,administrateur,1926,1926,"Banques et groupes financiers, assurances"
siebert-l,Siébert,Louis Siébert,1,1,1,administrateur,1926,1926,"Banques et groupes financiers, assurances"
franceschi-t,Franceschi,Toussaint Franceschi,1,1,1,administrateur,1879,1879,"Banques et groupes financiers, assurances"
ign-orlandi,Ign. Orlandi,Ign. Orlandi,1,1,1,vice_president,1879,1879,"Banques et groupes financiers, assurances"
pons-f,Pons,Fréd Pons,1,1,1,administrateur,1879,1879,"Banques et groupes financiers, assurances"
katz-w,Katz,W. Katz,1,1,1,administrateur,1879,1879,"Banques et groupes financiers, assurances"
totier-c,Totier,Ch. Totier,1,1,1,administrateur,1879,1879,"Banques et groupes financiers, assurances"
mouroux-a,Mouroux,Alphonse Mouroux,1,1,1,administrateur,1879,1879,"Banques et groupes financiers, assurances"
ollivier-a,Ollivier,Alfred Ollivier,1,1,1,administrateur,1879,1879,"Banques et groupes financiers, assurances"
gay-l-ludovic,Gay,Ludovic Gay,1,1,1,president,1926,1926,"Banques et groupes financiers, assurances"
despaux-e,Despaux,E. Despaux,1,1,1,president,1926,1926,"Banques et groupes financiers, assurances"
perrottet-e,Perrottet,Élie Perrottet,1,1,1,administrateur,1926,1926,"Banques et groupes financiers, assurances"
sidler-a,Sidler,Arthur Sidler,1,1,1,administrateur,1926,1926,"Banques et groupes financiers, assurances"
theron-h,Theron,Henri Theron,1,1,1,administrateur,1926,1926,"Banques et groupes financiers, assurances"
fabre-e,Fabre,Eugène Fabre,1,1,1,administrateur,1926,1926,"Banques et groupes financiers, assurances"
metivier-p,Métivier,Paul Métivier,1,1,1,conseil_surveillance,1926,1926,"Banques et groupes financiers, assurances"
d-here-m,d' Héré,Marc d' Héré,1,1,1,conseil_surveillance,1926,1926,"Banques et groupes financiers, assurances"
bouisset-j,Bouisset,Jean Bouisset,1,1,1,president,1926,1926,"Banques et groupes financiers, assurances"
puton-p,Puton,Paul Puton,1,1,1,administrateur,1926,1926,"Banques et groupes financiers, assurances"
cuq-p,Cuq,Paul Cuq,1,1,1,administrateur,1926,1926,"Banques et groupes financiers, assurances"
fournil-j,Fournil,Jean-Baptiste Fournil,1,1,1,administrateur,1926,1926,"Banques et groupes financiers, assurances"
camplo-f,Camplo,Fernand Camplo,1,1,1,administrateur,1926,1926,"Banques et groupes financiers, assurances"
acker-e,Acker,Ernest Acker,1,1,1,president,1926,1926,"Banques et groupes financiers, assurances"
jourdan-j-jean,Jourdan,Jean-Baptiste Jourdan,1,1,1,administrateur,1926,1926,"Banques et groupes financiers, assurances"
benggli-g,Benggli,Gustave Benggli,1,1,1,administrateur,1926,1926,"Banques et groupes financiers, assurances"
silvestre-f,Silvestre,François Silvestre,1,1,1,administrateur,1926,1926,"Banques et groupes financiers, assurances"
riviere-d,Rivière,Dominique Rivière,1,1,1,administrateur,1926,1926,"Banques et groupes financiers, assurances"
bellia-f,Bellia,Frédéric Bellia,1,1,1,administrateur,1926,1926,"Banques et groupes financiers, assurances"
esclapez-v,Esclapez,Vincent Esclapez,1,1,1,administrateur,1926,1926,"Banques et groupes financiers, assurances"
gaubert-f,Gaubert,Ferdinand Gaubert,1,1,1,administrateur,1926,1926,"Banques et groupes financiers, assurances"
berone-f,Berone,Félix Berone,1,1,1,conseil_surveillance,1926,1926,"Banques et groupes financiers, assurances"
renaud-f,Renaud,François Renaud,1,1,1,president,1926,1926,"Banques et groupes financiers, assurances"
nouzille-r,Nouzille,Raoul Nouzille,1,1,1,administrateur,1926,1926,"Banques et groupes financiers, assurances"
duvivier-e,Duvivier,Eugène Duvivier,1,1,1,administrateur,1926,1926,"Banques et groupes financiers, assurances"
kraus-a,Kraus,André Kraus,1,1,1,administrateur,1926,1926,"Banques et groupes financiers, assurances"
perrin-g,Perrin,Gabriel Perrin,1,1,1,administrateur,1926,1926,"Banques et groupes financiers, assurances"
caizergues-a,Caizergues,Alexandre Caizergues,1,1,1,administrateur,1926,1926,"Banques et groupes financiers, assurances"
rouffia-a,Rouffia,Alfred-Georges Rouffia,1,1,1,administrateur,1926,1926,"Banques et groupes financiers, assurances"
cornu-e,Cornu,Élie Cornu,1,1,1,president,1922,1922,Commerce
stockhammer-l,Stockhammer,Louis Stockhammer,1,1,1,administrateur,1922,1922,Commerce
corbel-l,Corbel,Louis Corbel,1,1,1,administrateur,1922,1922,Commerce
gantes-m,Gantès,Maurice Gantès,1,1,1,administrateur,1922,1922,Commerce
lechaux-l,Lechaux,Léonard Lechaux,1,1,1,administrateur,1926,1926,Commerce
nahon-a,Nahon,Alphonse Nahon,1,1,1,administrateur,1926,1926,Commerce
hunebelle-a,Hunebelle,André Hunebelle,1,1,1,administrateur,1926,1926,Commerce
bozon-verduraz-b,Bozon-Verduraz,Benjamin Bozon-Verduraz,1,1,1,administrateur,1926,1926,Commerce
oudy-p,Oudy,Paul Oudy,1,1,1,administrateur,1926,1926,Commerce
de-saint-dider-a,de Saint-Dider,Armand de Saint-Dider,1,1,1,administrateur,1924,1924,Mines et carrières
richard-j-joseph,Richard,Joseph Richard,1,1,1,administrateur,1924,1924,Mines et carrières
pont-m,Pont,Maclaisse Pont,1,1,1,administrateur,1924,1924,Mines et carrières
pascal-p,Pascal,Paul Pascal,1,1,1,administrateur,1924,1924,Mines et carrières
moins-drappier,moins Drappier,moins Drappier,1,1,1,administrateur,1926,1926,Mines et carrières
waldenstrom,Waldenström,Waldenström,1,1,1,administrateur,1933,1933,Mines et carrières
richard-n,Richard,Nico Richard,1,1,1,administrateur,1933,1933,Mines et carrières
carde-j,Carde,Jules Carde,1,1,1,administrateur,1940,1940,Mines et carrières
ferlet-a,Ferlet,Alfred Ferlet,1,1,1,administrateur,1940,1940,Mines et carrières
poisson-p,Poisson,Paul Poisson,1,1,1,administrateur,1940,1940,Mines et carrières
martinier-a,MARTINIER,Aimé MARTINIER,1,1,1,administrateur,1930,1930,"Bâtiment et travaux publics, matériaux de construction, céramique"
aufort-a,AUFORT,Albert AUFORT,1,1,1,administrateur,1930,1930,"Bâtiment et travaux publics, matériaux de construction, céramique"
buhagiar-j,BUHAGIAR,Joseph BUHAGIAR,1,1,1,administrateur,1930,1930,"Bâtiment et travaux publics, matériaux de construction, céramique"
heller,HELLER,HELLER,1,1,1,administrateur,1926,1926,Commerce
bousbacher-a,Bousbacher,Alphonse Bousbacher,1,1,1,administrateur,1926,1926,Industries agro-alimentaires
guiraud-m,Guiraud,Marcel Guiraud,1,1,1,administrateur,1926,1926,Industries agro-alimentaires
jourdan-j-joseph,Jourdan,Joseph Jourdan,1,1,1,president,1926,1926,"Transports terrestres, garages automobiles et agricoles"
dragon-l,Dragon,Louis Dragon,1,1,1,conseil_surveillance,1926,1926,"Transports terrestres, garages automobiles et agricoles"
rey-l-leon,Rey,Léon Rey,1,1,1,conseil_surveillance,1926,1926,"Transports terrestres, garages automobiles et agricoles"
lion-c,Lion,Camille Lion,1,1,1,president,1926,1926,Industries agro-alimentaires
buchere-e,Buchère,Édouard Buchère,1,1,1,administrateur_delegue,1926,1926,Industries agro-alimentaires
belleville-j,Belleville,Julien Belleville,1,1,1,administrateur,1926,1926,Industries agro-alimentaires
pepin-de-bonnerive-e,Pépin de Bonnerive,Eugène Pépin de Bonnerive,1,1,1,administrateur,1926,1926,Industries agro-alimentaires
pepin-de-bonnerive-m,Pépin de Bonnerive,Maurice Pépin de Bonnerive,1,1,1,administrateur,1926,1926,Industries agro-alimentaires
esplanade-bab-el-boued,esplanade Bab-el-Boued,esplanade Bab-el-Boued,1,1,1,administrateur,1908,1908,Industries agro-alimentaires
deprieck-j,Deprieck,Joseph Deprieck,1,1,1,administrateur,1908,1908,Industries agro-alimentaires
de-prat-d,de Prat,Daniel de Prat,1,1,1,administrateur,1908,1908,Industries agro-alimentaires
peyre-m,PEYRE,Marius PEYRE,1,1,1,administrateur,1901,1901,"Banques et groupes financiers, assurances"
concessionnaire-a-descartes,concessionnaire à Descartes,concessionnaire à Descartes,1,1,1,administrateur,1901,1901,"Banques et groupes financiers, assurances"
tarisse,TARISSE,TARISSE,1,1,1,administrateur,1901,1901,"Banques et groupes financiers, assurances"
wallut-c,Wallut,Charles Wallut,1,1,1,president,1880,1880,"Banques et groupes financiers, assurances"
paul-e,Paul,Edmond Paul,1,1,1,administrateur,1892,1892,"Banques et groupes financiers, assurances"
bernard-a-antoine,Bernard,Antoine Bernard,1,1,1,administrateur,1922,1922,"Banques et groupes financiers, assurances"
et-c-laudy,et C. Laudy,et C. Laudy,1,1,1,administrateur_delegue,1937,1937,"Banques et groupes financiers, assurances"
caradec-e,Caradec,E. Caradec,1,1,1,administrateur,1937,1937,"Banques et groupes financiers, assurances"
m-andre-peytel,……………………………………… M. André PEYTEL,……………………………………… M. André PEYTEL,1,1,1,administrateur,1939,1939,"Banques et groupes financiers, assurances"
berengier-m,Bérengier,Bérengier,1,1,1,administrateur,1945,1945,"Banques et groupes financiers, assurances"
d-auddiffret-pasquier,d'Auddiffret-Pasquier,d'Auddiffret-Pasquier,1,1,1,administrateur,1948,1948,"Banques et groupes financiers, assurances"
dewez-h,Dewez,Henry Dewez,1,1,1,administrateur,1951,1951,"Banques et groupes financiers, assurances"
goudchaux-m-mathieu,Goudchaux,Mathieu Goudchaux,1,1,1,administrateur,1951,1951,"Banques et groupes financiers, assurances"
boreux-j,Boreux,J. Boreux,1,1,1,administrateur,1951,1951,"Banques et groupes financiers, assurances"
ardain,Ardain,Ardain,1,1,1,administrateur,1893,1893,"Banques et groupes financiers, assurances"
brice-r,Brice,René Brice,1,1,1,administrateur,1888,1888,"Banques et groupes financiers, assurances"
suquet-h,Suquet,H. Suquet,1,1,1,vice_president,1893,1893,"Banques et groupes financiers, assurances"
chandora-e,Chandora,Émile Chandora,1,1,1,administrateur,1893,1893,"Banques et groupes financiers, assurances"
de-laperriere,de laPerrière,de laPerrière,1,1,1,administrateur,1898,1898,"Banques et groupes financiers, assurances"
barthe-dejean,Barthe-Dejean,Barthe-Dejean,1,1,1,administrateur,1898,1898,"Banques et groupes financiers, assurances"
ph-meliodon,Ph. Méliodon,Ph. Méliodon,1,1,1,censeur,1903,1903,"Banques et groupes financiers, assurances"
dejeanne,Dejeanne. 5,Dejeanne. 5,1,1,1,administrateur,1912,1912,"Banques et groupes financiers, assurances"
legrand-girarde-e,Legrand-Girarde,Legrand-Girarde,1,1,1,administrateur,1920,1920,"Banques et groupes financiers, assurances"
loisy-h,Loisy,H. Loisy,1,1,1,administrateur,1920,1920,"Banques et groupes financiers, assurances"
menerville,Ménerville,Ménerville,1,1,1,administrateur,1925,1925,"Banques et groupes financiers, assurances"
cherchel,Cherchel,Cherchel,1,1,1,administrateur,1925,1925,"Banques et groupes financiers, assurances"
favorables-a-la-france,favorables à la France,favorables à la France,1,1,1,administrateur,1925,1925,"Banques et groupes financiers, assurances"
secondee-par-un-emprunt-conclu-en-amerique,secondée par un emprunt conclu en Amérique,secondée par un emprunt conclu en Amérique,1,1,1,administrateur,1925,1925,"Banques et groupes financiers, assurances"
robe-iiii-e,Robe IIII,Eugène Robe IIII,1,1,1,administrateur,1931,1931,"Banques et groupes financiers, assurances"
fille-d-emile-lacanaud,fille d'Émile Lacanaud,fille d'Émile Lacanaud,1,1,1,administrateur,1931,1931,"Banques et groupes financiers, assurances"
hure-a,Huré,A. Huré,1,1,1,administrateur,1945,1945,"Banques et groupes financiers, assurances"
breaud-h,Bréaud,Bréaud,1,1,1,administrateur,1945,1945,"Banques et groupes financiers, assurances"
villey-a,Villey,A. Villey,1,1,1,administrateur,1953,1953,"Banques et groupes financiers, assurances"
lehuraux-l,Lehuraux,L. Lehuraux,1,1,1,administrateur,1953,1953,"Banques et groupes financiers, assurances"
humblot-p,Humblot,P. Humblot,1,1,1,administrateur,1953,1953,"Banques et groupes financiers, assurances"
demangeat-l,Demangeat,Lionel Demangeat,1,1,1,administrateur,1926,1926,"Banques et groupes financiers, assurances"
martin-r-raymond,Martin,Raymond Martin,1,1,1,administrateur,1926,1926,"Banques et groupes financiers, assurances"
naudin-f,Naudin,Fernand Naudin,1,1,1,administrateur,1926,1926,"Banques et groupes financiers, assurances"
poidebord-l,Poidebord,Lucien Poidebord,1,1,1,administrateur,1926,1926,"Banques et groupes financiers, assurances"
paul-archambault-de-talleyrand-perigord-de-valenca-b,Paul Archambault de Talleyrand-Périgord de Valençay,Boson Paul Archambault de Talleyrand-Périgord de Valençay,1,1,1,administrateur,1927,1927,Mines et carrières
superphosphates-a-partis,superphosphates à Partis,superphosphates à Partis,1,1,1,administrateur,1927,1927,Mines et carrières
boson-paul-archambault-de-talleyrand-perigord-de-v,Boson-Paul Archambault de Talleyrand-Périgord de Valençay,Boson-Paul Archambault de Talleyrand-Périgord de Valençay,1,1,1,administrateur,1927,1927,Mines et carrières
gervais-a,Gervais,Antonin Gervais,1,1,1,administrateur,1926,1926,Commerce
marquand-gairard-j,Marquand-Gairard,Jean Marquand-Gairard,1,1,1,administrateur,1926,1926,Commerce
grellet-c,Grellet,Charles Grellet,1,1,1,president,1926,1926,"Métallurgie, constructions navales"
isidore-t,Isidore,Isidore,1,1,1,administrateur,1888,1888,Industries agro-alimentaires
paulin,Paulin,Paulin,1,1,1,administrateur,1888,1888,Industries agro-alimentaires
gueirouard,GUEIROUARD,GUEIROUARD,1,1,1,administrateur,1888,1888,Industries agro-alimentaires
gabriel,Gabriel,Gabriel,1,1,1,administrateur,1888,1888,Industries agro-alimentaires
legerot,LÉGEROT,LÉGEROT,1,1,1,administrateur,1888,1888,Industries agro-alimentaires
tingry,TINGRY,TINGRY,1,1,1,administrateur,1888,1888,Industries agro-alimentaires
kohler,KOHLER,KOHLER,1,1,1,administrateur,1888,1888,Industries agro-alimentaires
marchand,MARCHAND,MARCHAND,1,1,1,administrateur,1888,1888,Industries agro-alimentaires
badoil,BADOIL,BADOIL,1,1,1,administrateur,1888,1888,Industries agro-alimentaires
antoine,Antoine,Antoine,1,1,1,administrateur,1888,1888,Industries agro-alimentaires
simeray-g,Simeray,Georges Simeray,1,1,1,administrateur_delegue,1922,1922,Industries agro-alimentaires
welter-c,Welter,Charles Welter,1,1,1,administrateur,1922,1922,Industries agro-alimentaires
dupuy-j,Dupuy,Jean Dupuy,1,1,1,administrateur,1926,1926,Industries agro-alimentaires
zevaco-n,Zévaco,Nicolas Zévaco,1,1,1,administrateur,1926,1926,Industries agro-alimentaires
dupuy-r,Dupuy,René Dupuy,1,1,1,administrateur,1926,1926,Industries agro-alimentaires
broussois-a,Broussois,A. Broussois,1,1,1,administrateur,1907,1907,Mines et carrières
halais-c,Halais. 1,Halais. 1,1,1,1,administrateur,1907,1907,Mines et carrières
andrie-p,Andrié,Andrié,1,1,1,administrateur,1922,1922,Mines et carrières
desportes,Desportes,Desportes,1,1,1,administrateur,1922,1922,Mines et carrières
rey-herme,Rey-Herme,Rey-Herme,1,1,1,administrateur,1929,1929,Mines et carrières
monchicourt,Monchicourt,Monchicourt,1,1,1,administrateur,1931,1931,Mines et carrières
roman-p,Roman,Roman,1,1,1,administrateur,1931,1931,Mines et carrières
monchicourt-a,Monchicourt,A. Monchicourt,1,1,1,administrateur,1937,1937,Mines et carrières
roux-s,Roux,S. Roux,1,1,1,administrateur,1937,1937,Mines et carrières
boussingault,Boussingault,Boussingault,1,1,1,administrateur,1940,1940,Mines et carrières
prange,Prangé,Prangé,1,1,1,administrateur,1940,1940,Mines et carrières
c-tanon,C Tanon,C Tanon,1,1,1,administrateur,1940,1940,Mines et carrières
mittard-h,Mittard,H. Mittard,1,1,1,administrateur,1945,1945,Mines et carrières
hebelain,Hebelain,Hebelain,1,1,1,administrateur,1945,1945,Mines et carrières
nenard-r,Nénard,Nénard,1,1,1,president,1953,1953,Mines et carrières
audureau-f,Audureau,François Audureau,1,1,1,administrateur,1926,1926,"Hôtellerie-restauration, tourisme"
benyahia-o,Benyahia,Omar Benyahia,1,1,1,administrateur,1926,1926,"Hôtellerie-restauration, tourisme"
gallois-a-andre,Gallois,André Gallois,1,1,1,administrateur_delegue,1926,1926,Industries agro-alimentaires
a-la-loi-c,à la loi,Conformément à la loi,1,1,1,administrateur,1920,1920,Industries agro-alimentaires
park-e,Park,Emerald Park,1,1,1,administrateur,1926,1926,Industries agro-alimentaires
superieur-m,supérieur,Mustapha supérieur,1,1,1,administrateur,1926,1926,Industries agro-alimentaires
videau-h,Videau,H. Videau,1,1,1,administrateur,1948,1948,Industries agro-alimentaires
alexis-p,Alexis,P. Alexis,1,1,1,administrateur,1953,1953,Industries agro-alimentaires
schembri-m,Schembri,Michel Schembri,1,1,1,administrateur,1926,1926,Industries agro-alimentaires
franc-a,Franc,Alexandre Franc,1,1,1,administrateur,1926,1926,Industries agro-alimentaires
brossette-g,Brossette,Gustave Brossette,1,1,1,administrateur,1926,1926,Industries agro-alimentaires
marie-teophile-brossette,Marie-Téophile Brossette,Marie-Téophile Brossette,1,1,1,administrateur,1926,1926,Industries agro-alimentaires
bulles-f,Bulles,Ferdinand Bulles,1,1,1,administrateur,1930,1930,Industries agro-alimentaires
levere-f,Levere,François Levere,1,1,1,administrateur,1930,1930,Industries agro-alimentaires
andrevon-l,Andrevon,Louis Andrevon,1,1,1,administrateur,1930,1930,Industries agro-alimentaires
angon-e,Angon,Edmond Angon,1,1,1,administrateur,1930,1930,Industries agro-alimentaires
lieure-g,Lieure,Georges-Louis- Eugène Lieure,1,1,1,administrateur,1930,1930,Industries agro-alimentaires
miquel-j-joseph,Miquel,Joseph Miquel,1,1,1,administrateur,1930,1930,Industries agro-alimentaires
benoit-e,Benoit,Émile Benoit,1,1,1,administrateur,1930,1930,Industries agro-alimentaires
fayet-l,Fayet,Léon Fayet,1,1,1,administrateur,1930,1930,Industries agro-alimentaires
grand-a,Grand,Augustin Grand,1,1,1,administrateur,1930,1930,Industries agro-alimentaires
malafosse-p,Malafosse,Paul Malafosse,1,1,1,administrateur,1930,1930,Industries agro-alimentaires
chateau-de-belbeze,château de Belbèze,château de Belbèze,1,1,1,administrateur,1930,1930,Industries agro-alimentaires
julien-l,Julien,Louis Julien,1,1,1,administrateur,1930,1930,Industries agro-alimentaires
pages-l-louis,Pagès,Louis Pagès,1,1,1,administrateur,1930,1930,Industries agro-alimentaires
et-henri-bertrand,et Henri Bertrand,et Henri Bertrand,1,1,1,administrateur,1930,1930,Industries agro-alimentaires
commune-de-villemoustoussou,commune de Villemoustoussou,commune de Villemoustoussou,1,1,1,administrateur,1930,1930,Industries agro-alimentaires
planes-j,Planès,Planès,1,1,1,administrateur,1926,1926,Industries agro-alimentaires
rieu-p,Rieu,Paul-Jean Rieu,1,1,1,administrateur,1926,1926,Industries agro-alimentaires
siman-m,Siman,Marcel Siman,1,1,1,administrateur,1926,1926,Industries agro-alimentaires
herambourg-c,Hérambourg,C. Hérambourg,1,1,1,administrateur,1929,1929,Industries agro-alimentaires
virazels,Virazels,Virazels,1,1,1,administrateur,1929,1929,Industries agro-alimentaires
peltier,Peltier,Peltier,1,1,1,administrateur,1929,1929,Industries agro-alimentaires
feraud,Féraud,Féraud,1,1,1,administrateur,1929,1929,Industries agro-alimentaires
daruty-h,Daruty,H. Daruty,1,1,1,administrateur,1929,1929,Industries agro-alimentaires
clausse,Clausse,Clausse,1,1,1,administrateur,1929,1929,Industries agro-alimentaires
chouillou,Chouillou,Chouillou,1,1,1,administrateur,1929,1929,Industries agro-alimentaires
guieysse-f,Guieysse,Froment Guieysse,1,1,1,administrateur,1929,1929,Industries agro-alimentaires
et-lemoigne,et Lemoigne,et Lemoigne,1,1,1,administrateur,1929,1929,Industries agro-alimentaires
arambourg-c,Arambourg,Camille Arambourg,1,1,1,administrateur,1931,1931,Industries agro-alimentaires
professeur-a-l-institut-national-agronomique,professeur à l'Institut national agronomique,professeur à l'Institut national agronomique,1,1,1,administrateur,1931,1931,Industries agro-alimentaires
fortin-imp-nevers,? Fortin imp. Nevers,? Fortin imp. Nevers,1,1,1,administrateur,1959,1959,Industries agro-alimentaires
de-blay-h,de Blay,Henri de Blay,1,1,1,administrateur,1922,1922,Industries agro-alimentaires
germain-branthomme-a,Germain-Branthomme,Auguste Germain-Branthomme,1,1,1,administrateur,1926,1926,Industries agro-alimentaires
comparant-m-maurice-pasquier,comparant. 2° M. Maurice Pasquier,comparant. 2° M. Maurice Pasquier,1,1,1,administrateur,1919,1919,Industries agro-alimentaires
aussi-comparant-m,aussi comparant. 3° M,aussi comparant. 3° M,1,1,1,administrateur,1919,1919,Industries agro-alimentaires
il,………………………………………………………… Il,………………………………………………………… Il,1,1,1,administrateur,1919,1919,Industries agro-alimentaires
dalaise-l,Dalaise,Laurent Dalaise,1,1,1,administrateur,1926,1926,Industries agro-alimentaires
saliba-f,Saliba,Frédéric Saliba,1,1,1,administrateur,1926,1926,Industries agro-alimentaires
servier-a,Servier,André Servier,1,1,1,administrateur,1926,1926,Industries agro-alimentaires
bataille-f,Bataille,Frédéric Bataille,1,1,1,president,1911,1911,"Eau, gaz, électricité (Utilities)"
consul-de-suede,consul de Suède,consul de Suède,1,1,1,president,1911,1911,"Eau, gaz, électricité (Utilities)"
poumailloux-p,Poumailloux,Paul Poumailloux,1,1,1,administrateur,1911,1911,"Eau, gaz, électricité (Utilities)"
m-bouchard-e,M. Bouchard,Et M. Bouchard,1,1,1,administrateur,1924,1924,Foncières et immobilières
pieper-h,Pieper,Henri Pieper,1,1,1,president,1926,1926,"Eau, gaz, électricité (Utilities)"
bavoillot-e,Bavoillot,Édouard Bavoillot,1,1,1,administrateur,1926,1926,"Eau, gaz, électricité (Utilities)"
sauvage-a,Sauvage,Adrien Sauvage,1,1,1,administrateur,1926,1926,"Eau, gaz, électricité (Utilities)"
perin-a,Périn,Albert Périn,1,1,1,administrateur,1926,1926,"Eau, gaz, électricité (Utilities)"
polycarpe-j,Polycarpe,Jean Polycarpe,1,1,1,president,1926,1926,"Eau, gaz, électricité (Utilities)"
d-aiguy-r,d' Aiguy,d' Aiguy,1,1,1,administrateur,1926,1926,"Eau, gaz, électricité (Utilities)"
polycarpe-e,Polycarpe,Eugène Polycarpe,1,1,1,administrateur,1926,1926,"Eau, gaz, électricité (Utilities)"
tanon-des-cfra-a,Tanon [des CFRA,Alfred Tanon [des CFRA,1,1,1,president,1921,1921,Transports maritimes et aériens
blanchet,Blanchet,Blanchet,1,1,1,administrateur,1921,1921,Transports maritimes et aériens
gravier,Gravier,Gravier,1,1,1,administrateur,1921,1921,Transports maritimes et aériens
bernheim-s,Bernheim,Samuel Bernheim,1,1,1,administrateur,1922,1922,"Bâtiment et travaux publics, matériaux de construction, céramique"
bernheim-r,Bernheim,René Bernheim,1,1,1,administrateur,1922,1922,"Bâtiment et travaux publics, matériaux de construction, céramique"
jarre-c,Jarre,Camille Jarre,1,1,1,administrateur,1922,1922,Commerce
boussiron-l,Boussiron,Louis-Auguste Boussiron,1,1,1,administrateur,1929,1929,"Bâtiment et travaux publics, matériaux de construction, céramique"
fougerolle-j-jacques,Fougerolle,Jacques-Philippe Fougerolle,1,1,1,administrateur,1929,1929,"Bâtiment et travaux publics, matériaux de construction, céramique"
et-simon-jean-boussiron,et Simon-Jean Boussiron,et Simon-Jean Boussiron,1,1,1,administrateur,1929,1929,"Bâtiment et travaux publics, matériaux de construction, céramique"
eschenauer-l,Eschenauer,Louis Eschenauer,1,1,1,administrateur,1926,1926,Commerce
tessandier-g,Tessandier,Georges Tessandier,1,1,1,administrateur,1926,1926,Commerce
grange-p,Grangé,Pierre Grangé,1,1,1,administrateur,1926,1926,Commerce
janin-j,Janin,Jules-Alexandre Janin,1,1,1,administrateur,1926,1926,Commerce
rougny-f,Rougny,François-Fernand Rougny,1,1,1,administrateur,1926,1926,Commerce
ducros-l,Ducros,Louis Ducros,1,1,1,administrateur,1926,1926,Commerce
bertagna-b,Bertagna,B. Bertagna,1,1,1,administrateur,1929,1929,Industries agro-alimentaires
alquier-f,Alquier,F. Alquier,1,1,1,administrateur,1929,1929,Industries agro-alimentaires
cebe-m,Cèbe,Marie Cèbe,1,1,1,administrateur,1929,1929,Industries agro-alimentaires
bertagna-r,Bertagna,Roland Bertagna,1,1,1,administrateur_delegue,1931,1931,Industries agro-alimentaires
veuve-dominique-bertagna,veuve Dominique Bertagna,veuve Dominique Bertagna,1,1,1,administrateur,1931,1931,Industries agro-alimentaires
monod-r-rene,Monod,René Monod,1,1,1,administrateur,1931,1931,Industries agro-alimentaires
coulisse,Coulisse,Coulisse,1,1,1,administrateur,1931,1931,Industries agro-alimentaires
actions-p,actions « P »,actions « P »,1,1,1,administrateur,1931,1931,Industries agro-alimentaires
h-baguenier-desormeaux,? H. Baguenier Desormeaux,? H. Baguenier Desormeaux,1,1,1,administrateur,1935,1935,Industries agro-alimentaires
laussat-g,Laussat,G. Laussat,1,1,1,administrateur,1937,1937,Industries agro-alimentaires
bertagna-l,Bertagna,Lucette Bertagna,1,1,1,administrateur,1953,1953,Industries agro-alimentaires
chabert-l,Chabert,L. Chabert,1,1,1,administrateur,1953,1953,Industries agro-alimentaires
levecque-g,Levecque,Gaëtan Levecque,1,1,1,administrateur,1926,1926,"Métallurgie, constructions navales"
marchand-l,Marchand,Louis Marchand,1,1,1,administrateur,1926,1926,"Métallurgie, constructions navales"
guy-de-vesian,Guy de Vesian,Guy de Vesian,1,1,1,president,1922,1922,"Banques et groupes financiers, assurances"
faugier-a,Faugier,Alphonse Faugier,1,1,1,administrateur,1922,1922,"Banques et groupes financiers, assurances"
vimal-t,Vimal,Toussaint Vimal,1,1,1,administrateur,1922,1922,"Banques et groupes financiers, assurances"
obled-l,Obled,Louis Obled,1,1,1,administrateur,1922,1922,"Banques et groupes financiers, assurances"
verola-h,Verola,Henry Verola,1,1,1,administrateur,1922,1922,"Banques et groupes financiers, assurances"
blanchard-l,Blanchard,L. Blanchard,1,1,1,administrateur,1910,1910,Mines et carrières
montlaur-p,Montlaur,P. H.-G. Montlaur,1,1,1,administrateur,1910,1910,Mines et carrières
seguin-j,Séguin,J. Séguin,1,1,1,administrateur,1910,1910,Mines et carrières
fournie-w,Fournié,William Fournié,1,1,1,administrateur,1910,1910,Mines et carrières
de-montlaur-g,de Montlaur,Georges de Montlaur,1,1,1,administrateur,1922,1922,Mines et carrières
taillandier-j,Taillandier,Jean Taillandier,1,1,1,administrateur,1922,1922,Mines et carrières
de-saint-pereuse-j,de Saint-Péreuse,Joseph de Saint-Péreuse,1,1,1,administrateur,1926,1926,Mines et carrières
sepulchre-a,Sépulchre,Antoine Sépulchre,1,1,1,administrateur,1926,1926,Mines et carrières
garalini-l,Garalini,Louis Garalini,1,1,1,administrateur,1924,1924,"Banques et groupes financiers, assurances"
thevenau-r,Thévenau,Roger Thévenau,1,1,1,administrateur,1920,1920,"Banques et groupes financiers, assurances"
brissonnet-e-emile,Brissonnet 5,Émile Brissonnet 5,1,1,1,administrateur,1920,1920,"Banques et groupes financiers, assurances"
et-claude-sabot,et Claude Sabot,et Claude Sabot,1,1,1,administrateur,1920,1920,"Banques et groupes financiers, assurances"
acieries-de-montdidier,Aciéries de Montdidier,Aciéries de Montdidier,1,1,1,administrateur,1920,1920,"Banques et groupes financiers, assurances"
chenevau,Chenevau,Chenevau,1,1,1,administrateur,1920,1920,"Banques et groupes financiers, assurances"
martin-l,Martin,L. Martin,1,1,1,administrateur,1920,1920,"Banques et groupes financiers, assurances"
meyer-dubus-f,Meyer-Dubus,F. Meyer-Dubus,1,1,1,administrateur,1920,1920,"Banques et groupes financiers, assurances"
sabot-c,Sabot,C. Sabot,1,1,1,administrateur,1920,1920,"Banques et groupes financiers, assurances"
fabreguettes-g,Fabreguettes,Gabriel Fabreguettes,1,1,1,administrateur,1926,1926,Industries agro-alimentaires
meyer-j,Meyer,J. Meyer,1,1,1,administrateur,1926,1926,Industries agro-alimentaires
meyer-y,Meyer,Y. Meyer,1,1,1,administrateur,1926,1926,Industries agro-alimentaires
fabreguettes-r,Fabreguettes,René Fabreguettes,1,1,1,administrateur,1926,1926,Industries agro-alimentaires
cutaya-p,Cutaya,Paul Cutaya,1,1,1,administrateur,1926,1926,Industries agro-alimentaires
bellot-e,Bellot,E. Bellot,1,1,1,administrateur,1910,1910,Industries agro-alimentaires
chandon-de-briailles-j,Chandon de Briailles,Jean Chandon de Briailles,1,1,1,administrateur,1910,1910,Industries agro-alimentaires
gamet-l,Gamet. 2,L. Gamet. 2,1,1,1,administrateur,1910,1910,Industries agro-alimentaires
avinda-fontis-pereira-de-millo,avinda Fontis Pereira de Millo,avinda Fontis Pereira de Millo,1,1,1,administrateur,,,Industries agro-alimentaires
carlos-de-vasconcellos-pereira,Carlos de Vasconcellos-Péreira,Carlos de Vasconcellos-Péreira,1,1,1,administrateur,1922,1922,Industries agro-alimentaires
pinto-pereira-c,Pinto-Péreira,Carlos Pinto-Péreira,1,1,1,administrateur,1926,1926,Industries agro-alimentaires
truchot-paris-e,Truchot Paris,E. Truchot Paris,1,1,1,administrateur,1934,1934,Industries agro-alimentaires
droit-de-timbre-acquitte-par-abonnement-p,Droit de timbre acquitté par abonnement,Paris Droit de timbre acquitté par abonnement,1,1,1,administrateur,1934,1934,Industries agro-alimentaires
de-laulanie-de-sainte-croix-l,de Laulanié de Sainte-Croix,Ludovic de Laulanié de Sainte-Croix,1,1,1,administrateur,1900,1900,Foncières et immobilières
morisot-t,Morisot,Tiburce Morisot,1,1,1,administrateur,1900,1900,Foncières et immobilières
plassard-j-jules,Plassard,Jules Plassard,1,1,1,administrateur,1900,1900,Foncières et immobilières
de-redon-e,de Redon,Eugène de Redon,1,1,1,administrateur,1900,1900,Foncières et immobilières
de-zogheb,de Zogheb,de Zogheb,1,1,1,administrateur,1906,1906,Foncières et immobilières
dislere-g,Dislère,Georges Dislère,1,1,1,administrateur,1906,1906,Foncières et immobilières
adam-g,Adam,Georges Adam,1,1,1,administrateur,1906,1906,Foncières et immobilières
figure-i,figure,Immeubles figure,1,1,1,administrateur,1913,1913,Foncières et immobilières
fabre-g-gaston,Fabre,Gaston Fabre,1,1,1,administrateur,1922,1922,Foncières et immobilières
catroux-c,Catroux,Charles Catroux,1,1,1,president,1926,1926,"Eau, gaz, électricité (Utilities)"
tedgui-s,Tedgui,Saül Tedgui,1,1,1,administrateur_delegue,1926,1926,"Eau, gaz, électricité (Utilities)"
traverse-j,Traverse,Jean Traverse,1,1,1,administrateur,1926,1926,"Eau, gaz, électricité (Utilities)"
lourteigt-j,Lourteigt,Joseph Lourteigt,1,1,1,administrateur,1926,1926,"Eau, gaz, électricité (Utilities)"
cazes-m,Cazes,Maurice Cazes,1,1,1,administrateur,1926,1926,"Eau, gaz, électricité (Utilities)"
catroux-a,Catroux,Alexandre Catroux,1,1,1,administrateur,1926,1926,"Eau, gaz, électricité (Utilities)"
chauvet-a,Chauvet,A. Chauvet,1,1,1,administrateur,1953,1953,"Filière bois : exploitation forestière, liège, meubles, cellulose, papier…"
desanges,Desanges,Desanges,1,1,1,administrateur,1953,1953,"Filière bois : exploitation forestière, liège, meubles, cellulose, papier…"
guerin,Guérin,Guérin,1,1,1,administrateur,1953,1953,"Filière bois : exploitation forestière, liège, meubles, cellulose, papier…"
laroche-joubert-g,Laroche-Joubert,G. Laroche-Joubert,1,1,1,administrateur,1953,1953,"Filière bois : exploitation forestière, liège, meubles, cellulose, papier…"
paquelin-r,Paquelin,Paquelin,1,1,1,administrateur,1953,1953,"Filière bois : exploitation forestière, liège, meubles, cellulose, papier…"
massot-p,Massot,Philippe Massot,1,1,1,administrateur,1926,1926,"Filière bois : exploitation forestière, liège, meubles, cellulose, papier…"
barris,Barris,Barris,1,1,1,administrateur,1926,1926,"Filière bois : exploitation forestière, liège, meubles, cellulose, papier…"
verges-h,Vergès,Henri Vergès,1,1,1,administrateur,1926,1926,"Filière bois : exploitation forestière, liège, meubles, cellulose, papier…"
warnery-c,Warnery,Charles Warnery,1,1,1,administrateur,1926,1926,"Filière bois : exploitation forestière, liège, meubles, cellulose, papier…"
parlier-h,Parlier,Henri Parlier,1,1,1,administrateur,1926,1926,"Filière bois : exploitation forestière, liège, meubles, cellulose, papier…"
petit-levat-a,Petit-Levat,Algred Petit-Levat,1,1,1,administrateur,1926,1926,"Filière bois : exploitation forestière, liège, meubles, cellulose, papier…"
van-berchem-p,van Berchem,Paul van Berchem,1,1,1,administrateur,1926,1926,"Filière bois : exploitation forestière, liège, meubles, cellulose, papier…"
leenhardt-a,Leenhardt,André Leenhardt,1,1,1,administrateur,1926,1926,"Filière bois : exploitation forestière, liège, meubles, cellulose, papier…"
de-montal-p,de Montal,Pierre de Montal,1,1,1,administrateur,1926,1926,"Filière bois : exploitation forestière, liège, meubles, cellulose, papier…"
warnery-g,Warnery,Gustave Warnery,1,1,1,administrateur,1926,1926,"Filière bois : exploitation forestière, liège, meubles, cellulose, papier…"
desioux,« DESIOUX »,« DESIOUX »,1,1,1,administrateur,1926,1926,"Transports terrestres, garages automobiles et agricoles"
blazeix-h,Blazeix,Blazeix,1,1,1,administrateur,1919,1919,Industries agro-alimentaires
chappee-j,Chappée,J. Chappée,1,1,1,administrateur,1909,1909,Mines et carrières
fondeur-au-mans,fondeur au Mans,fondeur au Mans,1,1,1,administrateur,1909,1909,Mines et carrières
van-den-shrieck-h,Van den Shrieck,H. Van den Shrieck,1,1,1,administrateur,1909,1909,Mines et carrières
westzoodick,Westzoodick,Westzoodick,1,1,1,administrateur,1909,1909,Mines et carrières
van-der-schrieck-h,Van der Schrieck,H. Van der Schrieck,1,1,1,administrateur,1912,1912,Mines et carrières
goossens,Goossens,Goossens,1,1,1,administrateur,1922,1922,Mines et carrières
longwy,Longwy,Longwy,1,1,1,administrateur,1922,1922,Mines et carrières
bedat,Bedat,Bedat,1,1,1,administrateur,1922,1922,Mines et carrières
bonheur,Bonheur,Bonheur,1,1,1,administrateur,1922,1922,Mines et carrières
poorter,Poorter,Poorter,1,1,1,administrateur,1922,1922,Mines et carrières
d-amermont-dommary-m,d'Amermont-Dommary,Mines d'Amermont-Dommary,1,1,1,administrateur,1932,1932,Mines et carrières
ougree-marihaye,Ougrée-Marihaye,Ougrée-Marihaye,1,1,1,administrateur,1932,1932,Mines et carrières
algem,Algem,Algem,1,1,1,administrateur,1932,1932,Mines et carrières
brasseries-de-longwy,Brasseries de Longwy,Brasseries de Longwy,1,1,1,administrateur,1932,1932,Mines et carrières
leonard-remus,Léonard-Rémus,Léonard-Rémus,1,1,1,administrateur,1919,1919,"Filière bois : exploitation forestière, liège, meubles, cellulose, papier…"
et-louis-lafourcade,et Louis Lafourcade,et Louis Lafourcade,1,1,1,administrateur,1919,1919,"Filière bois : exploitation forestière, liège, meubles, cellulose, papier…"
seneclauze-t,Sénéclauze,Théodore Sénéclauze,1,1,1,administrateur,1922,1922,"Filière bois : exploitation forestière, liège, meubles, cellulose, papier…"
hanriot-l,Hanriot,Louis Hanriot,1,1,1,administrateur,1926,1926,Industries agro-alimentaires
poyaud-j,Poyaud,Joseph Poyaud,1,1,1,administrateur,1926,1926,Industries agro-alimentaires
tatur-r,Tatur,René Tatur,1,1,1,administrateur,1926,1926,Commerce
flax-g,Flax,Grégoire Flax,1,1,1,administrateur,1926,1926,Commerce
cuttoli-j,Cuttoli,Jules Cuttoli,1,1,1,vice_president,1922,1922,Commerce
sarda-a,Sarda,André Sarda,1,1,1,administrateur,1922,1922,Commerce
lacanaud-e,Lacanaud,Émile Lacanaud,1,1,1,administrateur,1922,1922,Commerce
isnardi-d,Isnardi,Désiré Isnardi,1,1,1,administrateur,1922,1922,Commerce
guion-e,Guion,Eugène Guion,1,1,1,administrateur,1922,1922,Commerce
mondos,Mondos,Mondos,1,1,1,administrateur,1891,1891,"Eau, gaz, électricité (Utilities)"
houry-a,Houry,Alexandre Houry,1,1,1,administrateur,1891,1891,"Eau, gaz, électricité (Utilities)"
deleurez-g,Deleurez,Gustave Deleurez,1,1,1,administrateur,1891,1891,"Eau, gaz, électricité (Utilities)"
mathieu-e-emile,Mathieu,Émile Mathieu,1,1,1,administrateur,1891,1891,"Eau, gaz, électricité (Utilities)"
saint-helens-g,Saint-Helens,Great Saint-Helens,1,1,1,administrateur,1925,1925,"Transports terrestres, garages automobiles et agricoles"
et-edmond-giraud,et Edmond Giraud,et Edmond Giraud,1,1,1,administrateur,1925,1925,"Transports terrestres, garages automobiles et agricoles"
avoue-a-alger,avoué à Alger,avoué à Alger,1,1,1,administrateur,1925,1925,"Transports terrestres, garages automobiles et agricoles"
agnew-a,Agnew,Andrew Agnew,1,1,1,administrateur,1926,1926,"Transports terrestres, garages automobiles et agricoles"
lemoine-l,Lemoine,Lucien Lemoine,1,1,1,president,1926,1926,"Eau, gaz, électricité (Utilities)"
bonnot-e,Bonnot,Eugène Bonnot,1,1,1,president,1926,1926,"Eau, gaz, électricité (Utilities)"
despres-n,Desprès,Nicolas Desprès,1,1,1,president,1926,1926,"Eau, gaz, électricité (Utilities)"
bisquit-f,Bisquit,Francis Bisquit,1,1,1,administrateur,1926,1926,"Eau, gaz, électricité (Utilities)"
arnaud-l,Arnaud,Lucien Arnaud,1,1,1,administrateur,1926,1926,"Eau, gaz, électricité (Utilities)"
bendayan-s,Bendayan,Salomon Bendayan,1,1,1,administrateur,1926,1926,"Eau, gaz, électricité (Utilities)"
clement-j,Clément,Justin Clément,1,1,1,administrateur,1926,1926,"Eau, gaz, électricité (Utilities)"
maury-c,Maury,Casimir Maury,1,1,1,administrateur,1926,1926,"Eau, gaz, électricité (Utilities)"
pommert-a,Pommert,André Pommert,1,1,1,administrateur,1926,1926,"Eau, gaz, électricité (Utilities)"
sibert-g,Sibert,Georges Sibert,1,1,1,administrateur,1926,1926,"Eau, gaz, électricité (Utilities)"
jobert-a,Jobert,Albert Jobert,1,1,1,administrateur,1926,1926,"Eau, gaz, électricité (Utilities)"
camot-e,Camot,Édouard Camot,1,1,1,administrateur,1926,1926,"Eau, gaz, électricité (Utilities)"
guillain,Guillain,Guillain,1,1,1,administrateur,1909,1909,"Eau, gaz, électricité (Utilities)"
feraud-a,Féraud,Augustin Féraud,1,1,1,administrateur,1909,1909,"Eau, gaz, électricité (Utilities)"
burrell-c,Burrell,Charles Burrell,1,1,1,administrateur,1909,1909,"Eau, gaz, électricité (Utilities)"
bousquet-h,Bousquet,Henri Bousquet,1,1,1,administrateur,1909,1909,"Eau, gaz, électricité (Utilities)"
filiale-commune-des-gtm,filiale commune des GTM,filiale commune des GTM,1,1,1,administrateur,1909,1909,"Eau, gaz, électricité (Utilities)"
goury-du-roslan-l,Goury du Roslan,Louis Goury du Roslan,1,1,1,administrateur,1909,1909,"Eau, gaz, électricité (Utilities)"
rebuffel,Rebuffel,Rebuffel,1,1,1,administrateur,1909,1909,"Eau, gaz, électricité (Utilities)"
rechienenski,Rechienenski,Rechienenski,1,1,1,administrateur,1909,1909,"Eau, gaz, électricité (Utilities)"
gros-a-aime,Gros,Aimé Gros,1,1,1,president,1889,1889,Cuirs et textiles
carlier,Carlier,Carlier,1,1,1,administrateur,1889,1889,Cuirs et textiles
terrier,Terrier,Terrier,1,1,1,administrateur,1889,1889,Cuirs et textiles
goddefroy,Goddefroy,Goddefroy,1,1,1,administrateur,1889,1889,Cuirs et textiles
berseville-a,Berseville,A. Berseville,1,1,1,administrateur,1909,1909,Mines et carrières
ravasini-g,Ravasini,Guido Ravasini,1,1,1,administrateur,1909,1909,Mines et carrières
begasse-j,Begasse,J. Begasse,1,1,1,administrateur,1909,1909,Mines et carrières
de-lemos,de Lemos,de Lemos,1,1,1,administrateur,1909,1909,Mines et carrières
blavier-a-pes-p,Blavier A. Pes,P. Blavier A. Pes,1,1,1,administrateur,1909,1909,Mines et carrières
lecerf-j,Lecerf,J. Lecerf,1,1,1,administrateur,1909,1909,Mines et carrières
collin-l,Collin,Lycurgue Collin,1,1,1,administrateur,1922,1922,"Hôtellerie-restauration, tourisme"
de-boissy-imprimerie-kahn-c,de Boissy Imprimerie Kahn,Charles de Boissy Imprimerie Kahn,1,1,1,administrateur,1895,1895,Industries agro-alimentaires
brice-a,Brice,Alexis Brice,1,1,1,president,1922,1922,"Bâtiment et travaux publics, matériaux de construction, céramique"
gronier-j,Gronier,Jacques-Émile Gronier,1,1,1,president,1922,1922,"Bâtiment et travaux publics, matériaux de construction, céramique"
gautier-j,Gautier,Jospeh Gautier,1,1,1,administrateur,1922,1922,"Bâtiment et travaux publics, matériaux de construction, céramique"
alexis,Alexis,Alexis,1,1,1,administrateur,1925,1925,"Bâtiment et travaux publics, matériaux de construction, céramique"
thibaud-julien,… Thibaud Julien,… Thibaud Julien,1,1,1,administrateur,1925,1925,"Bâtiment et travaux publics, matériaux de construction, céramique"
dain-c,Dain,Dain,1,1,1,administrateur,1925,1925,"Bâtiment et travaux publics, matériaux de construction, céramique"
sillard-j,Sillard,Jean Sillard,1,1,1,president,1926,1926,"Bâtiment et travaux publics, matériaux de construction, céramique"
moine-f,Moine,Félix Moine,1,1,1,administrateur,1926,1926,"Bâtiment et travaux publics, matériaux de construction, céramique"
naboudet-g,Naboudet,Georges Naboudet,1,1,1,administrateur_delegue,1926,1926,Commerce
reiskeim-g,Reiskeim,Georges Reiskeim,1,1,1,administrateur,1926,1926,Commerce
de-noblet-d-anglure-b,de Noblet D'anglure,Bernard de Noblet D'anglure,1,1,1,administrateur,1926,1926,Commerce
deves,Devès,Devès,1,1,1,president,1887,1887,Industries agro-alimentaires
de-flers,de Flers,de Flers,1,1,1,administrateur,1887,1887,Industries agro-alimentaires
outters,Outters,Outters,1,1,1,administrateur,1887,1887,Industries agro-alimentaires
peghoux-a,Peghoux,Peghoux,1,1,1,administrateur,1887,1887,Industries agro-alimentaires
sazerac-de-forge,Sazerac de Forge,Sazerac de Forge,1,1,1,administrateur,1887,1887,Industries agro-alimentaires
guiauchain-j,Guiauchain,Jacques Guiauchain,1,1,1,administrateur,1926,1926,"Hôtellerie-restauration, tourisme"
bert-p,Bert,Paul Bert,1,1,1,administrateur,1926,1926,"Hôtellerie-restauration, tourisme"
dinet-c,Dinet,Charles Dinet,1,1,1,administrateur,1926,1926,"Eau, gaz, électricité (Utilities)"
foissin-l,Foissin,Louis Foissin,1,1,1,administrateur,1922,1922,Industries agro-alimentaires
ephemerides-d-algerie,ÉPHÉMÉRIDES D'ALGÉRIE,ÉPHÉMÉRIDES D'ALGÉRIE,1,1,1,administrateur,1930,1930,"Hôtellerie-restauration, tourisme"
cottet-b,Cottet,Benoît Cottet,1,1,1,administrateur,1926,1926,Foncières et immobilières
bie-m,Bié,Marcel Bié,1,1,1,administrateur,1926,1926,Foncières et immobilières
bissuel-j,Bissuel,Joseph Bissuel,1,1,1,administrateur,1926,1926,Foncières et immobilières
croizat-a,Croizat,Albert Croizat,1,1,1,administrateur,1926,1926,Foncières et immobilières
finaz-a,Finaz1,Alfred Finaz1,1,1,1,administrateur,1926,1926,Foncières et immobilières
frachon-a,Frachon,Amédée Frachon,1,1,1,administrateur,1926,1926,Foncières et immobilières
souchon-e,Souchon,Eugène Souchon,1,1,1,administrateur,1926,1926,Foncières et immobilières
goujon-s,-Goujon,Seigle -Goujon,1,1,1,administrateur,1920,1920,Foncières et immobilières
mizard,Mizard,Mizard,1,1,1,administrateur,1920,1920,Foncières et immobilières
gillot-v,Gillot,Victor Gillot,1,1,1,administrateur,1926,1926,Foncières et immobilières
delpech-j-julien,Delpech,Julien Delpech,1,1,1,administrateur,1926,1926,Foncières et immobilières
bernabe,BERNABÉ 2,BERNABÉ 2,1,1,1,administrateur,1926,1926,"Hôtellerie-restauration, tourisme"
emile,Émile,Émile,1,1,1,administrateur,1924,1924,Foncières et immobilières
dit-louis-aboudaram,dit Louis Aboudaram,dit Louis Aboudaram,1,1,1,administrateur,1924,1924,Foncières et immobilières
et-marcel-wiel,et Marcel Wiel,et Marcel Wiel,1,1,1,administrateur,1924,1924,Foncières et immobilières
aboudaram-l,Aboudaram,Louis Aboudaram,1,1,1,administrateur,1926,1926,Foncières et immobilières
isooard-m,Isooard,Marius Isooard,1,1,1,administrateur,1926,1926,Foncières et immobilières
wiel-m,Wiel,Marcel Wiel,1,1,1,administrateur,1926,1926,Foncières et immobilières
arnault-de-quillacq,Arnault de Quillacq,Arnault de Quillacq,1,1,1,president,1922,1922,"Filière bois : exploitation forestière, liège, meubles, cellulose, papier…"
catteau-v,Catteau,Vve Catteau,1,1,1,administrateur,1924,1924,"Filière bois : exploitation forestière, liège, meubles, cellulose, papier…"
beaux-a,Beaux,Auguste Beaux,1,1,1,administrateur,1924,1924,"Filière bois : exploitation forestière, liège, meubles, cellulose, papier…"
wladimir-chevallier-c,Wladimir Chevallier,Charles Wladimir Chevallier,1,1,1,administrateur,1924,1924,"Filière bois : exploitation forestière, liège, meubles, cellulose, papier…"
d-anzin-m,d'Anzin,Mines d'Anzin,1,1,1,administrateur,1936,1936,Pétrole et gaz
chimiques-anzin-kuhlmann-p,chimiques Anzin-Kuhlmann,Produits chimiques Anzin-Kuhlmann,1,1,1,administrateur,1936,1936,Pétrole et gaz
entrepots-du-havre,entrepôts du Havre,entrepôts du Havre,1,1,1,administrateur,1936,1936,Pétrole et gaz
parville-p,Parville,Procédés Parville,1,1,1,administrateur,1936,1936,Pétrole et gaz
belpetrolefrance,Belpétrolefrance,Belpétrolefrance,1,1,1,administrateur,1936,1936,Pétrole et gaz
industrielle-des-petroles-de-l-afrique-du-nord,Industrielle des Pétroles de l'Afrique du Nord,Industrielle des Pétroles de l'Afrique du Nord,1,1,1,administrateur,1936,1936,Pétrole et gaz
a-whitecotton-j,A. Whitecotton,Jay A. Whitecotton,1,1,1,administrateur,1945,1945,Pétrole et gaz
reed-a,Reed,A. G. Reed,1,1,1,administrateur,1948,1948,Pétrole et gaz
alexander-mac-glashan-j,Alexander Mac Glashan,John Alexander Mac Glashan,1,1,1,president,1926,1926,"Filière bois : exploitation forestière, liège, meubles, cellulose, papier…"
thomson-clark-a,Thomson Clark,Archibald Thomson Clark,1,1,1,administrateur,1926,1926,"Filière bois : exploitation forestière, liège, meubles, cellulose, papier…"
logie-j,Logie,James Logie,1,1,1,administrateur,1926,1926,"Filière bois : exploitation forestière, liège, meubles, cellulose, papier…"
creveau,Creveau,Creveau,1,1,1,administrateur,1921,1921,"Bâtiment et travaux publics, matériaux de construction, céramique"
boy-j,Boy,Boy,1,1,1,administrateur,1921,1921,"Bâtiment et travaux publics, matériaux de construction, céramique"
barral,Barral,Barral,1,1,1,administrateur,1921,1921,"Bâtiment et travaux publics, matériaux de construction, céramique"
gazagne,Gazagne,Gazagne,1,1,1,administrateur,1921,1921,"Bâtiment et travaux publics, matériaux de construction, céramique"
bachotet,Bachotet,Bachotet,1,1,1,administrateur,1921,1921,"Bâtiment et travaux publics, matériaux de construction, céramique"
marion-e,Marion,Édouard Marion,1,1,1,administrateur,1922,1922,"Bâtiment et travaux publics, matériaux de construction, céramique"
barral-j,Barral,Joseph Barral,1,1,1,administrateur,1922,1922,"Bâtiment et travaux publics, matériaux de construction, céramique"
capdevielle-c,Capdevielle,Charles Capdevielle,1,1,1,administrateur,1922,1922,"Bâtiment et travaux publics, matériaux de construction, céramique"
gazagne-p,Gazagne,Pierre Gazagne,1,1,1,administrateur,1922,1922,"Bâtiment et travaux publics, matériaux de construction, céramique"
ango-r,Ango,Robert Ango,1,1,1,administrateur,1926,1926,"Bâtiment et travaux publics, matériaux de construction, céramique"
pallier-a,Pallier,André Pallier,1,1,1,administrateur,1926,1926,"Bâtiment et travaux publics, matériaux de construction, céramique"
gobinot-i,Gobinot,Ismaël Gobinot,1,1,1,administrateur,1926,1926,"Bâtiment et travaux publics, matériaux de construction, céramique"
klein-m,Klein,Michel Klein,1,1,1,administrateur,1924,1924,Industries agro-alimentaires
dupuy-c,Dupuy,Charles Dupuy,1,1,1,administrateur,1924,1924,Industries agro-alimentaires
koebel-g,Koebel,Georges Koebel,1,1,1,administrateur,1924,1924,Industries agro-alimentaires
aubry,Aubry,Aubry,1,1,1,administrateur,1913,1913,Industries agro-alimentaires
dengler-g,Dengler,G. Dengler,1,1,1,administrateur,1913,1913,Industries agro-alimentaires
chartron-l,Chartron,L. Chartron,1,1,1,administrateur,1913,1913,Industries agro-alimentaires
guigou-j,Guigou,J. Guigou,1,1,1,administrateur,1913,1913,Industries agro-alimentaires
huot-h,Huot,H. Huot,1,1,1,administrateur,1913,1913,Industries agro-alimentaires
roux-f,Roux,F. Roux,1,1,1,administrateur,1913,1913,Industries agro-alimentaires
escarfail-p,Escarfail,P. Escarfail,1,1,1,administrateur,1925,1925,"Filière bois : exploitation forestière, liège, meubles, cellulose, papier…"
haas-b,Haas,B. Haas,1,1,1,administrateur,1938,1938,"Filière bois : exploitation forestière, liège, meubles, cellulose, papier…"
levy-a,Lévy,A. Lévy,1,1,1,administrateur,1938,1938,"Filière bois : exploitation forestière, liège, meubles, cellulose, papier…"
franck-g,Franck,G. Franck,1,1,1,administrateur,1938,1938,"Filière bois : exploitation forestière, liège, meubles, cellulose, papier…"
ortes-a,Ortès,A. Ortès,1,1,1,administrateur,1938,1938,"Filière bois : exploitation forestière, liège, meubles, cellulose, papier…"
bompard-g,BOMPARD,Georges BOMPARD,1,1,1,administrateur,1942,1942,"Métallurgie, constructions navales"
cte-de-matharel,cte de Matharel,cte de Matharel,1,1,1,administrateur,1922,1922,"Filière bois : exploitation forestière, liège, meubles, cellulose, papier…"
frezard,FRÉZARD,FRÉZARD,1,1,1,administrateur,1924,1924,"Filière bois : exploitation forestière, liège, meubles, cellulose, papier…"
sauzelles,Sauzelles,Sauzelles,1,1,1,administrateur,1924,1924,"Filière bois : exploitation forestière, liège, meubles, cellulose, papier…"
petit-fils-de-jean-edmond-laroche-joubert,Petit-fils de Jean-Edmond Laroche-Joubert,Petit-fils de Jean-Edmond Laroche-Joubert,1,1,1,administrateur,1924,1924,"Filière bois : exploitation forestière, liège, meubles, cellulose, papier…"
chaumet-imp-cogery-e,Chaumet (?) Imp. Cogery,E. Chaumet (?) Imp. Cogery,1,1,1,administrateur,1955,1955,"Filière bois : exploitation forestière, liège, meubles, cellulose, papier…"
reuteman,REUTEMAN 1,REUTEMAN 1,1,1,1,administrateur,1926,1926,Commerce
balu-a,Balu,A. Balu,1,1,1,administrateur,1910,1910,Mines et carrières
dior-l,Dior,L. Dior,1,1,1,administrateur,1910,1910,Mines et carrières
balu-f,Balu,F. Louis Adrien Balu,1,1,1,administrateur,1910,1910,Mines et carrières
gustin,Gustin,Gustin,1,1,1,administrateur,1922,1922,Mines et carrières
hallet,Hallet,Hallet,1,1,1,administrateur,1922,1922,Mines et carrières
chapelle,Chapelle,Chapelle,1,1,1,administrateur,1926,1926,Mines et carrières
bartholome-j,Bartholomé,Bartholomé,1,1,1,administrateur,1926,1926,Mines et carrières
levatois,Levatois,Levatois,1,1,1,administrateur,1926,1926,Mines et carrières
lopez-perez-a,Lopez Perez,A. Lopez Perez,1,1,1,administrateur,1933,1933,Mines et carrières
forestier-c,Forestier,Claude Forestier,1,1,1,administrateur,1933,1933,Mines et carrières
de-beaumont-j,de Beaumont,Jean de Beaumont,1,1,1,president,1948,1948,Mines et carrières
simonis-de-dudezeele-b,Simonis de Dudezeele,Bernard Simonis de Dudezeele,1,1,1,administrateur,1948,1948,Mines et carrières
de-pellegars-malhortie-j,de Pellegars-Malhortie,Joseph de Pellegars-Malhortie,1,1,1,administrateur,1948,1948,Mines et carrières
bertrand-de-la-bouillerie,Bertrand de la Bouillerie,Bertrand de la Bouillerie,1,1,1,administrateur,1948,1948,Mines et carrières
bourquelot-d,Bourquelot,Daniel Bourquelot,1,1,1,administrateur,1948,1948,Mines et carrières
grandet-h,Grandet,Henri Grandet,1,1,1,administrateur,1948,1948,Mines et carrières
pagezy-h,Pagézy,Henri Pagézy,1,1,1,administrateur,1948,1948,Mines et carrières
peyraud-p,Peyraud,Pierre Peyraud,1,1,1,administrateur,1948,1948,Mines et carrières
minerais-s,Minerais,Sté Minerais,1,1,1,administrateur,1948,1948,Mines et carrières
lapeyre-c,Lapeyre,Camille Lapeyre,1,1,1,administrateur,1927,1927,"Bâtiment et travaux publics, matériaux de construction, céramique"
et-eugene-aries,et Eugène Ariès,et Eugène Ariès,1,1,1,administrateur,1927,1927,"Bâtiment et travaux publics, matériaux de construction, céramique"
gorgeu-m,Gorgeu,Maurice Gorgeu,1,1,1,president,1937,1937,"Bâtiment et travaux publics, matériaux de construction, céramique"
fevre-a-auguste,Fèvre,Auguste Fèvre,1,1,1,administrateur,1937,1937,"Bâtiment et travaux publics, matériaux de construction, céramique"
doux-n,Doux,N. Doux,1,1,1,administrateur,1937,1937,"Bâtiment et travaux publics, matériaux de construction, céramique"
hersent-g-gilbert,Hersent,Gilbert Hersent,1,1,1,administrateur,1937,1937,"Bâtiment et travaux publics, matériaux de construction, céramique"
andreo-e,Andréo,Emmanuel Andréo,1,1,1,administrateur,1924,1924,Cuirs et textiles
delmares-l,Delmares,Léon Delmares,1,1,1,administrateur,1924,1924,Cuirs et textiles
emile-e,Émile,Eugène Émile,1,1,1,administrateur,1924,1924,Cuirs et textiles
faissolle-m,Faissolle,Marius Faissolle,1,1,1,administrateur,1922,1922,"Transports terrestres, garages automobiles et agricoles"
thouvenot-p,Thouvenot,Paul Thouvenot,1,1,1,administrateur,1922,1922,"Transports terrestres, garages automobiles et agricoles"
jonnart-r,Jonnart,Robert Jonnart,1,1,1,administrateur,1927,1927,"Transports terrestres, garages automobiles et agricoles"
du-rieux-p,du Rieux,Pierre du Rieux,1,1,1,administrateur,1927,1927,"Transports terrestres, garages automobiles et agricoles"
combe-h,Combe,Henri Combe,1,1,1,administrateur,1927,1927,"Transports terrestres, garages automobiles et agricoles"
lo-pinto-a,Lo Pinto,Arthur Lo Pinto,1,1,1,administrateur,1927,1927,"Transports terrestres, garages automobiles et agricoles"
pelissie-e,Pélissié,Émile Pélissié,1,1,1,administrateur,1926,1926,"Transports terrestres, garages automobiles et agricoles"
delpech-a,Delpech,Alexandre Delpech,1,1,1,administrateur,1926,1926,"Transports terrestres, garages automobiles et agricoles"
passicos-a,Passicos,Augustin Passicos,1,1,1,administrateur,1926,1926,"Transports terrestres, garages automobiles et agricoles"
zonca-e,Zonca,Ésouard Zonca,1,1,1,administrateur,1926,1926,"Transports terrestres, garages automobiles et agricoles"
guenne-p,Guenne,Paul Guenne,1,1,1,administrateur,1926,1926,Commerce
daumergue-m,Daumergue,Maurice Daumergue,1,1,1,administrateur,1926,1926,Commerce
pillet-m,Pillet,Maurice-Henri-Léon Pillet,1,1,1,administrateur,1926,1926,Commerce
pelegrin-b,Pélegrin,Bartholomé Pélegrin,1,1,1,president,1926,1926,Industries agro-alimentaires
elghozi-j,Elghozi,Jacob Elghozi,1,1,1,administrateur,1926,1926,Industries agro-alimentaires
pelegrin-j,Pélegrin,Joseph Pélegrin,1,1,1,administrateur,1926,1926,Industries agro-alimentaires
guntzberger,Guntzberger,Guntzberger,1,1,1,administrateur,1877,1877,Mines et carrières
de-valleton,de Valleton,de Valleton,1,1,1,administrateur,1877,1877,Mines et carrières
de-nomaison,De Nomaison,De Nomaison,1,1,1,administrateur,1877,1877,Mines et carrières
de-belcour,De Belcour,De Belcour,1,1,1,administrateur,1877,1877,Mines et carrières
chef-de-bureau-arabe-en-algerie,chef de Bureau arabe en Algérie,chef de Bureau arabe en Algérie,1,1,1,administrateur,1877,1877,Mines et carrières
hayem-m,Hayem,Maurice Hayem,1,1,1,administrateur,1929,1929,Mines et carrières
tallon,Tallon,Tallon,1,1,1,administrateur,1929,1929,Mines et carrières
guillet,Guillet,Guillet,1,1,1,administrateur,1929,1929,Mines et carrières
herweght,Herweght,Herweght,1,1,1,administrateur,1929,1929,Mines et carrières
despres,Desprès,Desprès,1,1,1,administrateur,1929,1929,Mines et carrières
gachon,Gachon,Gachon,1,1,1,administrateur,1920,1920,Mines et carrières
langlois-a,Langlois,A. Langlois,1,1,1,administrateur,1920,1920,Mines et carrières
langlois,Langlois,Langlois,1,1,1,administrateur,1926,1926,Mines et carrières
chaumier-f,Chaumier,Fernand Chaumier,1,1,1,administrateur,1921,1921,Mines et carrières
levy-m-maurice,Lévy,Maurice Lévy,1,1,1,administrateur,1921,1921,Mines et carrières
dit-m,dit,Maurice dit,1,1,1,administrateur,1921,1921,Mines et carrières
et-michel-de-smeth,et Michel de Smeth,et Michel de Smeth,1,1,1,administrateur,1921,1921,Mines et carrières
chaumier,Chaumier,Chaumier,1,1,1,administrateur,1921,1921,Mines et carrières
dit-maurice-l,dit Maurice,Lévy dit Maurice,1,1,1,administrateur,1921,1921,Mines et carrières
de-dietrich-a,de Dietrich,Albert de Dietrich,1,1,1,administrateur,1906,1906,Mines et carrières
mercier-pageyral-a,Mercier-Pageyral,Mercier-Pageyral,1,1,1,administrateur,1910,1910,Mines et carrières
dardes-a,Dardès,Adolphe Dardès,1,1,1,administrateur,1925,1925,Mines et carrières
aguilas,Aguilas,Aguilas,1,1,1,administrateur,1948,1948,Mines et carrières
notte-l,Notte,L. Notte,1,1,1,administrateur,1953,1953,Mines et carrières
biver-m,Biver,Marcel Biver,1,1,1,administrateur,1926,1926,Mines et carrières
de-langle-h,de Langle,Henri de Langle,1,1,1,administrateur,1926,1926,Mines et carrières
pernot-g,Pernot,G.-H. Pernot,1,1,1,administrateur,1926,1926,Mines et carrières
richoux-g,Richoux,Georges Richoux,1,1,1,administrateur,1926,1926,Mines et carrières
et-jean-georges-bousquet,et Jean-Georges Bousquet,et Jean-Georges Bousquet,1,1,1,administrateur,1926,1926,Mines et carrières
dar-debar-d,Dar-Debar,Djebel Dar-Debar,1,1,1,administrateur,1938,1938,Mines et carrières
gros-e,Gros,Eugène Gros,1,1,1,president,1938,1938,Mines et carrières
gastu-g,Gastu,Gustave Gastu,1,1,1,administrateur_delegue,1938,1938,Mines et carrières
fere-v,Fère,Victor Fère,1,1,1,administrateur,1867,1867,Mines et carrières
fremy-l,Frémy,Louis Frémy,1,1,1,administrateur,1867,1867,Mines et carrières
minvielle-l,Minvielle,Louis Minvielle,1,1,1,administrateur,1912,1912,Mines et carrières
schoop-m,Schoop,Métallisation Schoop,1,1,1,administrateur,1912,1912,Mines et carrières
sauf-juge,sauf JUGE,sauf JUGE,1,1,1,administrateur,1924,1924,Mines et carrières
pellissier-tanon-j,Pellissier-Tanon,J. Pellissier-Tanon,1,1,1,administrateur,1953,1953,Mines et carrières
lowenstein-l,Lowenstein,L. Lowenstein,1,1,1,administrateur,1909,1909,Mines et carrières
segnitz,Segnitz,Segnitz,1,1,1,administrateur,1909,1909,Mines et carrières
sussmann,Sussmann,Sussmann,1,1,1,administrateur,1909,1909,Mines et carrières
keller-p-paul,Keller3,Paul Keller3,1,1,1,administrateur,1908,1908,Mines et carrières
mercier-j-jean,Mercier 5,Jean Mercier 5,1,1,1,administrateur,1908,1908,Mines et carrières
guignon-b,Guignon,B. Guignon,1,1,1,administrateur,1940,1940,Mines et carrières
guigon-b,Guigon,B. Guigon,1,1,1,administrateur,1945,1945,Mines et carrières
lalande-h,Lalande,H. Lalande,1,1,1,administrateur,1948,1948,Mines et carrières
lalande,Lalande,Lalande,1,1,1,administrateur,1953,1953,Mines et carrières
versailles,Versailles. 6,Versailles. 6,1,1,1,administrateur,1922,1922,Mines et carrières
cardozo-fils-h,Cardozo fils,H. Cardozo fils,1,1,1,president,1925,1925,Mines et carrières
de-saint-didier-a,de Saint- Didier,Armand de Saint- Didier,1,1,1,president,1925,1925,Mines et carrières
voorhout-l,Voorhout,Lange Voorhout,1,1,1,president,1925,1925,Mines et carrières
senlis,Senlis,Senlis,1,1,1,administrateur,1926,1926,Mines et carrières
barillon-l,Barillon,Barillon,1,1,1,administrateur,1926,1926,Mines et carrières
eckhoudt,Eckhoudt,Eckhoudt,1,1,1,administrateur,1926,1926,Mines et carrières
feuillet,Feuillet,Feuillet,1,1,1,administrateur,1926,1926,Mines et carrières
chateau-de-la-roque,château de la Roque,château de la Roque,1,1,1,administrateur,1926,1926,Mines et carrières
et-louis-de-maniquet-vauberet,et Louis de Maniquet-Vauberet,et Louis de Maniquet-Vauberet,1,1,1,administrateur,1924,1924,Mines et carrières
wickersheimer,Wickersheimer,Wickersheimer,1,1,1,administrateur,1914,1914,Mines et carrières
alorge-j,Alorge,J. Alorge,1,1,1,administrateur,1917,1917,Mines et carrières
magnac-e,Magnac,Eugène Magnac,1,1,1,administrateur,1926,1926,Mines et carrières
neve-a,Nève,Nève,1,1,1,administrateur,1922,1922,Mines et carrières
rrsch,Rœrsch,Rœrsch,1,1,1,administrateur,1922,1922,Mines et carrières
levainville,Levainville,Levainville,1,1,1,administrateur,1922,1922,Mines et carrières
parise,Parise,Parise,1,1,1,administrateur,1926,1926,Mines et carrières
ed-dupont,Ed. Dupont,Ed. Dupont,1,1,1,administrateur,1945,1945,Mines et carrières
lippens-j,Lippens,J. Lippens,1,1,1,administrateur,1953,1953,Mines et carrières
theon,Theon,Theon,1,1,1,administrateur,1953,1953,Mines et carrières
de-la-fontaine-j,de la Fontaine,Jules de la Fontaine,1,1,1,administrateur,1908,1908,Mines et carrières
du-bois-l,Du Bois,Léon Du Bois,1,1,1,administrateur,1908,1908,Mines et carrières
gutt-c,Gutt,C. Gutt,1,1,1,administrateur,1933,1933,Mines et carrières
mikolajzak-v,Mikolajzak,V. Mikolajzak,1,1,1,administrateur,1933,1933,Mines et carrières
chocarne-p,Chocarne,P. Chocarne,1,1,1,administrateur,1933,1933,Mines et carrières
monin-j,Monin,J.-P. Monin,1,1,1,administrateur,1909,1909,Mines et carrières
dupre-f,Dupré,F. Dupré,1,1,1,administrateur,1909,1909,Mines et carrières
remaury-p,Remaury,P. Remaury,1,1,1,administrateur,1909,1909,Mines et carrières
chapon,CHAPON,CHAPON,1,1,1,administrateur,1856,1856,Mines et carrières
dervieu,DERVIEU,DERVIEU,1,1,1,administrateur,1856,1856,Mines et carrières
deloutte,DELOUTTE,DELOUTTE,1,1,1,administrateur,1856,1856,Mines et carrières
domenjon,DOMENJON,DOMENJON,1,1,1,administrateur,1856,1856,Mines et carrières
luce,LUCE,LUCE,1,1,1,administrateur,1856,1856,Mines et carrières
nery,NÉRY,NÉRY,1,1,1,administrateur,1856,1856,Mines et carrières
roux-de-fraissinet,ROUX DE FRAISSINET,ROUX DE FRAISSINET,1,1,1,administrateur,1856,1856,Mines et carrières
neri-h,Néri,H. Néri,1,1,1,administrateur,1881,1881,Mines et carrières
hil-roux,Hil. Roux,Hil. Roux,1,1,1,administrateur,1881,1881,Mines et carrières
d-escombrera,d'Escombrera,d'Escombrera,1,1,1,administrateur,1881,1881,Mines et carrières
baccuet-e,Baccuet,E. Baccuet,1,1,1,administrateur,1881,1881,Mines et carrières
sabran-h,Sabran,H. Sabran,1,1,1,administrateur,1881,1881,Mines et carrières
ant-vassal,Ant. Vassal,Ant. Vassal,1,1,1,administrateur,1881,1881,Mines et carrières
escompteur-a-marseille,escompteur à Marseille,escompteur à Marseille,1,1,1,administrateur,1881,1881,Mines et carrières
entrepots-de-marseille,Entrepôts de Marseille,Entrepôts de Marseille,1,1,1,administrateur,1881,1881,Mines et carrières
dorse,Dorse,Dorse,1,1,1,administrateur,1914,1914,Mines et carrières
darse-a,Darse,A. Darse,1,1,1,administrateur,1914,1914,Mines et carrières
van-den-bosch,Van den Bosch,Van den Bosch,1,1,1,administrateur,1922,1922,Mines et carrières
chaussee-de-malines,chaussée de Malines,chaussée de Malines,1,1,1,administrateur,1922,1922,Mines et carrières
muller-nico-a,Müller-Nico,Anvers Müller-Nico,1,1,1,administrateur,1922,1922,Mines et carrières
kroller-v,Kröller,Versailles Kröller,1,1,1,administrateur,1922,1922,Mines et carrières
maljean-g,Maljean,Georges Maljean,1,1,1,administrateur,1910,1910,Mines et carrières
de-soubeyran-a,de Soubeyran,Alfred de Soubeyran,1,1,1,administrateur,1914,1914,Mines et carrières
catalan-l,Catalan,Catalan,1,1,1,administrateur,1922,1922,Mines et carrières
fevre,Fèvre,Fèvre,1,1,1,administrateur,1922,1922,Mines et carrières
hackenberger,Hackenberger,Hackenberger,1,1,1,administrateur,1922,1922,Mines et carrières
chabert,Chabert,Chabert,1,1,1,administrateur,1922,1922,Mines et carrières
riollot,Riollot,Riollot,1,1,1,administrateur,1922,1922,Mines et carrières
fontan-j,Fontan,J. Fontan,1,1,1,administrateur,1948,1948,Mines et carrières
vincent,Vincent,Vincent,1,1,1,administrateur,1921,1921,Mines et carrières
bocuze,Bocuze,Bocuze,1,1,1,administrateur,1921,1921,Mines et carrières
gaillochet,Gaillochet,Gaillochet,1,1,1,administrateur,1921,1921,Mines et carrières
gaillochet-h,Gaillochet,Henri Gaillochet,1,1,1,administrateur,1924,1924,Mines et carrières
harth-p,Harth,Paul Harth,1,1,1,administrateur,1924,1924,Mines et carrières
merigeault-e,Merigeault,Émilien Merigeault,1,1,1,administrateur,1924,1924,Mines et carrières
ketterer,Ketterer,Ketterer,1,1,1,president,1925,1925,Mines et carrières
et-a-caronte,et à Caronte,et à Caronte,1,1,1,president,1925,1925,Mines et carrières
walther-r,WALTHER,RENÉ WALTHER,1,1,1,administrateur,1942,1942,Mines et carrières
lorilleux-e,Lorilleux,Encres Lorilleux,1,1,1,administrateur,,,Mines et carrières
garat-a,Garat,A. Garat,1,1,1,administrateur,1910,1910,Mines et carrières
juge-a-sebe-a,Juge A. Sèbe,A. Juge A. Sèbe,1,1,1,administrateur,1920,1920,Mines et carrières
lartigue-h,Lartigue,Henry Lartigue,1,1,1,administrateur,1909,1909,Mines et carrières
vanvers,Vanvœers,Vanvœers,1,1,1,administrateur,1909,1909,Mines et carrières
de-morsier-g,de Morsier,Gustave de Morsier,1,1,1,administrateur,1910,1910,Mines et carrières
vanvoeers-h,Vanvoeers,H. Vanvoeers,1,1,1,administrateur,1910,1910,Mines et carrières
pierre,Pierre,Pierre,1,1,1,administrateur,1910,1910,Mines et carrières
la-bonnardiere-e,la Bonnardière,Emmanuel la Bonnardière,1,1,1,administrateur,1922,1922,Mines et carrières
aulanier-f,Aulanier,Fernand François Aulanier,1,1,1,administrateur,1901,1901,Mines et carrières
genthon-l,Genthon,Louis Genthon,1,1,1,administrateur,1901,1901,Mines et carrières
rey-herme-c,Rey-Herme,Casimir Rey-Herme,1,1,1,administrateur,1901,1901,Mines et carrières
coudour-e,Coudour,Étienne Coudour,1,1,1,administrateur,1901,1901,Mines et carrières
coste-l,Coste,Louis Coste,1,1,1,administrateur,1901,1901,Mines et carrières
et-j,et,Jean et,1,1,1,administrateur,1901,1901,Mines et carrières
cheymol-a,Cheymol,André Cheymol,1,1,1,administrateur,1929,1929,Industries agro-alimentaires
esclapez-r,Esclapez,René Esclapez,1,1,1,administrateur,1929,1929,Industries agro-alimentaires
foncard-c,Foncard,Casimir Foncard,1,1,1,administrateur,1929,1929,Industries agro-alimentaires
homo-p,Homo,Paul Homo,1,1,1,administrateur,1929,1929,Industries agro-alimentaires
messerschmitt-r,Messerschmitt,Raoul Messerschmitt,1,1,1,administrateur,1929,1929,Industries agro-alimentaires
sagnier-l,Sagnier,Louis Sagnier,1,1,1,administrateur,1926,1926,"Bâtiment et travaux publics, matériaux de construction, céramique"
charriaud-b,Charriaud,Bernard Charriaud,1,1,1,administrateur,1926,1926,"Bâtiment et travaux publics, matériaux de construction, céramique"
jaime-s,Jaime,Sabaté Jaime,1,1,1,administrateur,1929,1929,Industries agro-alimentaires
perrenot-m,Perrenot,Perrenot,1,1,1,administrateur,1953,1953,Industries agro-alimentaires
amizet-l,Amizet,L. Amizet,1,1,1,administrateur,1953,1953,Industries agro-alimentaires
bresse-p,Bresse,P. Bresse,1,1,1,administrateur,1953,1953,Industries agro-alimentaires
ph-berard,Ph. Berard,Ph. Berard,1,1,1,administrateur,1948,1948,Pétrole et gaz
erichsen-b,Erichsen,B. Erichsen,1,1,1,administrateur,1948,1948,Pétrole et gaz
delbauffe-p,Delbauffe,P. Delbauffe,1,1,1,administrateur,1948,1948,Pétrole et gaz
vautherot-j,Vautherot,Jean-Philippe Vautherot,1,1,1,administrateur,1930,1930,Industries agro-alimentaires
dit-dufour,dit Dufour,dit Dufour,1,1,1,administrateur,1930,1930,Industries agro-alimentaires
gavalda,Gavalda,Gavalda,1,1,1,administrateur,1930,1930,Industries agro-alimentaires
denjean-j,Denjean,Joseph Denjean,1,1,1,administrateur,1930,1930,Industries agro-alimentaires
heintz-f,Heintz,Frédéric Heintz,1,1,1,administrateur,1930,1930,Industries agro-alimentaires
nouven-gustave-b,Nouven Gustave,Bories Nouven Gustave,1,1,1,administrateur,1930,1930,Industries agro-alimentaires
serrano-f,Serrano,Frédéric Serrano,1,1,1,administrateur,1930,1930,Industries agro-alimentaires
roques-j-jean,Roques,Jean Roques,1,1,1,administrateur,1930,1930,Industries agro-alimentaires
dessort-e,Dessort,Émile Dessort,1,1,1,administrateur,1930,1930,Industries agro-alimentaires
denjean-h,Denjean,Hubert Denjean,1,1,1,administrateur,1930,1930,Industries agro-alimentaires
carayon,Carayon,Carayon,1,1,1,administrateur,1930,1930,Industries agro-alimentaires
batana-j,Batana,Jean Batana,1,1,1,administrateur,1930,1930,Industries agro-alimentaires
font-a,Font,Antoine Font,1,1,1,administrateur,1930,1930,Industries agro-alimentaires
dathueyt-f,Dathueyt,Fernand Dathueyt,1,1,1,administrateur,1930,1930,Industries agro-alimentaires
maigron-t,Maigron,Théophile Maigron,1,1,1,administrateur,1930,1930,Industries agro-alimentaires
khroub-d,? Khroub,Doukan ? Khroub,1,1,1,administrateur,,,Industries agro-alimentaires
descat-g,Descat,Gustave Descat,1,1,1,administrateur,1922,1922,Cuirs et textiles
didier-e,Didier,E. Didier,1,1,1,administrateur,1922,1922,Cuirs et textiles
meyer-g,Meyer,G. Meyer,1,1,1,administrateur,1922,1922,Cuirs et textiles
jonville-e,Jonville,E. Jonville,1,1,1,administrateur,1922,1922,Cuirs et textiles
klibansky-l,Klibansky,L. Klibansky,1,1,1,administrateur,1922,1922,Cuirs et textiles
levy-p,Lévy,Paul Lévy,1,1,1,administrateur,1926,1926,Cuirs et textiles
ciments-de-lafarge,ciments de Lafarge,ciments de Lafarge,1,1,1,administrateur,1934,1934,"Bâtiment et travaux publics, matériaux de construction, céramique"
ciments-de-dannes,Ciments de Dannes,Ciments de Dannes,1,1,1,administrateur,1934,1934,"Bâtiment et travaux publics, matériaux de construction, céramique"
poliet,Poliet,Poliet,1,1,1,administrateur,1934,1934,"Bâtiment et travaux publics, matériaux de construction, céramique"
chausson,Chausson,Chausson,1,1,1,administrateur,1934,1934,"Bâtiment et travaux publics, matériaux de construction, céramique"
francais-c,français,Ciments français,1,1,1,administrateur,1934,1934,"Bâtiment et travaux publics, matériaux de construction, céramique"
artificiels-du-cambresis-c,artificiels du Cambrésis,Ciments artificiels du Cambrésis,1,1,1,administrateur,1934,1934,"Bâtiment et travaux publics, matériaux de construction, céramique"
et-fonderies,et Fonderies,et Fonderies,1,1,1,administrateur,1934,1934,"Bâtiment et travaux publics, matériaux de construction, céramique"
d-amboix-de-larbont-r,d'Amboix de Larbont 1,Roger d'Amboix de Larbont 1,1,1,1,administrateur_delegue,1926,1926,"Banques et groupes financiers, assurances"
descours-desacres-a,Descours- Desacres,Alexandre Descours- Desacres,1,1,1,administrateur_delegue,1926,1926,"Banques et groupes financiers, assurances"
chanforan-m,Chanforan,Maurice Chanforan,1,1,1,administrateur_delegue,1926,1926,"Banques et groupes financiers, assurances"
moreux-r,Moreux,René Moreux,1,1,1,administrateur_delegue,1926,1926,"Banques et groupes financiers, assurances"
borgeaud-e,Borgeaud,Edgar Borgeaud,1,1,1,administrateur,1926,1926,Commerce
reuteman-a,Reuteman,Alfred Reuteman,1,1,1,administrateur,1926,1926,Commerce
demon-l,Demon,Louis Demon,1,1,1,administrateur,1928,1928,Transports maritimes et aériens
jokelson-h,Jokelson,Hirsch Jokelson,1,1,1,administrateur,1928,1928,Transports maritimes et aériens
peyronnet-a,Peyronnet,Albert Peyronnet,1,1,1,administrateur,1928,1928,Transports maritimes et aériens
intendant-general-levy,intendant général Lévy,intendant général Lévy,1,1,1,administrateur,1928,1928,Transports maritimes et aériens
kahn-e,Kahn,Edmond Kahn,1,1,1,administrateur,1928,1928,Transports maritimes et aériens
jokelson-p,Jokelson,Paul Jokelson,1,1,1,administrateur,1928,1928,Transports maritimes et aériens
javary-f,Javary,François-Adrien Javary,1,1,1,administrateur,1928,1928,Transports maritimes et aériens
vagogne-g,Vagogne 2,Gaston Vagogne 2,1,1,1,president,1939,1939,Transports maritimes et aériens
demon-r,Demon,Roger Demon,1,1,1,administrateur,1939,1939,Transports maritimes et aériens
berger-r,Berger,René Berger,1,1,1,administrateur,1939,1939,Transports maritimes et aériens
boespflug-e,Boespflug,Émile Boespflug,1,1,1,administrateur,1922,1922,Industries agro-alimentaires
et-eugene-vincent,et Eugène Vincent,et Eugène Vincent,1,1,1,administrateur,1922,1922,Industries agro-alimentaires
henryot,Henryot,Henryot,1,1,1,administrateur,1902,1902,Mines et carrières
lucinge-faucigny,Lucinge-Faucigny,Lucinge-Faucigny,1,1,1,president,1902,1902,Mines et carrières
leloup,Leloup,Leloup,1,1,1,administrateur,1906,1906,Mines et carrières
consenti-avec-l-autorisation-de-l-algerie,consenti avec l'autorisation de l'Algérie,consenti avec l'autorisation de l'Algérie,1,1,1,administrateur,1913,1913,Mines et carrières
bezancon,Bezançon,Bezançon,1,1,1,administrateur,1916,1916,Mines et carrières
jsspa,J.S.S.P.A,J.S.S.P.A,1,1,1,administrateur,1920,1920,Mines et carrières
talleyrand-perigord-p,Talleyrand-Périgord,Talleyrand-Périgord,1,1,1,administrateur,1926,1926,Mines et carrières
peyerimhoff-de-fontelle,Peyerimhoff de Fontelle,Peyerimhoff de Fontelle,1,1,1,administrateur,1929,1929,Mines et carrières
peyerimhoff,Peyerimhoff,Peyerimhoff,1,1,1,administrateur,1931,1931,Mines et carrières
et-henry-dain,et Henry Dain,et Henry Dain,1,1,1,administrateur,1924,1924,"Eau, gaz, électricité (Utilities)"
thiebaut-c,Thiébaut,Charles Thiébaut,1,1,1,president,1926,1926,"Bâtiment et travaux publics, matériaux de construction, céramique"
daniaud-f,Daniaud,François Daniaud,1,1,1,administrateur_delegue,1926,1926,"Bâtiment et travaux publics, matériaux de construction, céramique"
bouchereau-g,Bouchereau,Georges Bouchereau,1,1,1,administrateur,1926,1926,"Bâtiment et travaux publics, matériaux de construction, céramique"
candlot,Candlot,Candlot,1,1,1,administrateur,1920,1920,"Bâtiment et travaux publics, matériaux de construction, céramique"
loi,Loi,Loi,1,1,1,administrateur,1920,1920,"Bâtiment et travaux publics, matériaux de construction, céramique"
hallett-f,Hallett,Frédéric-Joseph Hallett,1,1,1,administrateur,,,Commerce
frederic-lewis-g,Frédéric Lewis,Georges- Frédéric Lewis,1,1,1,administrateur,,,Commerce
frederic-j-hallett,Frédéric-J. Hallett,Frédéric-J. Hallett,1,1,1,administrateur,1926,1926,Commerce
georges-f-levy,Georges-F. Lévy,Georges-F. Lévy,1,1,1,administrateur,1926,1926,Commerce
martin-r-robert,Martin,Robert Martin,1,1,1,administrateur,1926,1926,"Filière bois : exploitation forestière, liège, meubles, cellulose, papier…"
lobrani,Lobrani,Lobrani,1,1,1,president,1938,1938,Transports maritimes et aériens
et-pages,et Pagès,et Pagès,1,1,1,president,1938,1938,Transports maritimes et aériens
mirabaud-g,Mirabaud,Gustave Mirabaud,1,1,1,administrateur,1910,1910,Mines et carrières
molinos-l,Molinos,Léon Molinos,1,1,1,administrateur,1910,1910,Mines et carrières
roux-j-john,Roux,John Roux,1,1,1,administrateur,1910,1910,Mines et carrières
cambefort,Cambefort,Cambefort,1,1,1,administrateur,1937,1937,Mines et carrières
mirabaud-f,Mirabaud,F. Mirabaud,1,1,1,administrateur,1948,1948,Mines et carrières
breynaert-f,Breynaert,F. Breynaert,1,1,1,administrateur,1948,1948,Mines et carrières
metallurgique-de-villemagne,métallurgique de Villemagne,métallurgique de Villemagne,1,1,1,administrateur,1911,1911,Mines et carrières
ou-il-retrouve-joseph-faure,où il retrouve Joseph Faure,où il retrouve Joseph Faure,1,1,1,administrateur,1911,1911,Mines et carrières
guillot-j,Guillot,Jules Guillot,1,1,1,administrateur,1926,1926,"Filière bois : exploitation forestière, liège, meubles, cellulose, papier…"
cazalis-l,Cazalis,Louis Cazalis,1,1,1,administrateur,1926,1926,"Filière bois : exploitation forestière, liège, meubles, cellulose, papier…"
duret-f,Duret,Ferdinand Duret,1,1,1,administrateur,1926,1926,"Filière bois : exploitation forestière, liège, meubles, cellulose, papier…"
laplaud-m,Laplaud,Marcel Laplaud,1,1,1,administrateur,1926,1926,"Filière bois : exploitation forestière, liège, meubles, cellulose, papier…"
terquem-e-edmond,Terquem,Edmond Terquem,1,1,1,president,1926,1926,Pétrole et gaz
chevalleau-e,Chevalleau,Édouard Chevalleau,1,1,1,administrateur,1926,1926,Pétrole et gaz
leb-homan,L.e.b. Homan,L.e.b. Homan,1,1,1,administrateur,1926,1926,Pétrole et gaz
lefebvre-vacquerie-p,Lefebvre-Vacquerie,Pierre Lefebvre-Vacquerie,1,1,1,administrateur,1926,1926,Pétrole et gaz
darcy-m,Darcy,Maurice Darcy,1,1,1,administrateur,1938,1938,Pétrole et gaz
waymel-e,Waymel,Eugène Waymel,1,1,1,administrateur,1938,1938,Pétrole et gaz
monnet-j,Monnet,J. Monnet,1,1,1,administrateur,1931,1931,Mines et carrières
cuvelette-e,Cuvelette,E. Cuvelette,1,1,1,administrateur,1933,1933,Mines et carrières
graveur-imp-l-danel,graveur Imp. L. Danel,graveur Imp. L. Danel,1,1,1,administrateur,1935,1935,Mines et carrières
le-normand-p,Le Normand,P. Le Normand,1,1,1,administrateur,1953,1953,Mines et carrières
de-beru-j,de Béru,Jean de Béru,1,1,1,administrateur,1925,1925,Mines et carrières
de-puyfontaine-a,de Puyfontaine,Alfred de Puyfontaine,1,1,1,administrateur,1925,1925,Mines et carrières
poirier-de-wolodkowicz-r,Poirier de Wolodkowicz,Raymond Poirier de Wolodkowicz,1,1,1,administrateur,1925,1925,Mines et carrières
poisson-a,Poisson,Albert Poisson,1,1,1,administrateur,1925,1925,Mines et carrières
bouchard-j,Bouchard,J.-M. Bouchard,1,1,1,administrateur,1925,1925,Mines et carrières
loiseleur-f,Loiseleur,F.-E.-M. Loiseleur,1,1,1,administrateur,1925,1925,Mines et carrières
et-albert-abensour,et Albert Abensour. 2,et Albert Abensour. 2,1,1,1,administrateur,1925,1925,Mines et carrières
benard-a,Bénard,A. Bénard,1,1,1,administrateur,1909,1909,Mines et carrières
sauvage-p,Sauvage,Paul Sauvage,1,1,1,administrateur,1926,1926,Mines et carrières
barrot-f,Barrot,Barrot,1,1,1,administrateur,1899,1899,Mines et carrières
linder,Linder,Linder,1,1,1,administrateur,1899,1899,Mines et carrières
morin,Morin,Morin,1,1,1,administrateur,1899,1899,Mines et carrières
et-stieldorff,et Stieldorff,et Stieldorff,1,1,1,administrateur,1899,1899,Mines et carrières
linder-o,Linder,Oscar Linder,1,1,1,president,1912,1912,Mines et carrières
et-celui-de-kalaa-rebiba,et celui de Kalaa-Rebiba,et celui de Kalaa-Rebiba,1,1,1,administrateur,1912,1912,Mines et carrières
aw-crookston,A.w. Crookston,A.w. Crookston,1,1,1,administrateur_delegue,1926,1926,Mines et carrières
rhem-v,Rhem,Victor Rhem,1,1,1,administrateur,1926,1926,Mines et carrières
torp-n,Torp,Nils Torp,1,1,1,administrateur,1926,1926,"Bâtiment et travaux publics, matériaux de construction, céramique"
magne-g-georges,Magne,Georges Magne,1,1,1,administrateur,1926,1926,"Bâtiment et travaux publics, matériaux de construction, céramique"
constant-b,Constant,Bouche Constant,1,1,1,administrateur,1931,1931,"Transports terrestres, garages automobiles et agricoles"
guerin-l,Guérin,Lucien Guérin,1,1,1,administrateur,1952,1952,Transports maritimes et aériens
ardoin-p,Ardoin,Paul Ardoin,1,1,1,administrateur,1952,1952,Transports maritimes et aériens
pean-p,Péan,Paul-Louis Péan,1,1,1,administrateur,1952,1952,Transports maritimes et aériens
electricite,Électricité,Électricité,1,1,1,administrateur,1952,1952,Transports maritimes et aériens
gaz-d-algerie,gaz d'Algérie,gaz d'Algérie,1,1,1,administrateur,1952,1952,Transports maritimes et aériens
houilleres-du-sud-oranais,Houillères du Sud- Oranais,Houillères du Sud- Oranais,1,1,1,administrateur,1952,1952,Transports maritimes et aériens
jolasry-e,Jolasry,Entreprises Jolasry,1,1,1,administrateur,1952,1952,Transports maritimes et aériens
burgi-p,Burgi,P. Burgi,1,1,1,administrateur,1930,1930,Industries pharmaceutiques et parachimie
p-b,P,Burgi P,1,1,1,administrateur,1930,1930,Industries pharmaceutiques et parachimie
p-v,P,Vogt P,1,1,1,administrateur,1930,1930,Industries pharmaceutiques et parachimie
r-b,R,Bosselut R,1,1,1,administrateur,1930,1930,Industries pharmaceutiques et parachimie
l-epine-m,L'Épine,Maurice L'Épine,1,1,1,administrateur,1912,1912,Industries chimiques
de-farconnet-h,de Farconnet,Henri de Farconnet,1,1,1,administrateur,1912,1912,Industries chimiques
rondel-a,Rondel,Auguste Rondel,1,1,1,administrateur,1912,1912,Industries chimiques
goetz-w,Goetz,Weill Goetz,1,1,1,administrateur,1912,1912,Industries chimiques
zarifi-t,Zarifi,Théodore Zarifi,1,1,1,administrateur,1912,1912,Industries chimiques
boude-p,Boude,P. Boude,1,1,1,administrateur,1937,1937,Industries chimiques
savon-a,Savon,A. Savon,1,1,1,administrateur,1953,1953,Industries chimiques
proposes-par-les-fondateurs-de-la-regie,proposés par les fondateurs de la Régie,proposés par les fondateurs de la Régie,1,1,1,administrateur,1932,1932,Foncières et immobilières
marchand-a,Marchand,A. Marchand,1,1,1,president,1937,1937,Foncières et immobilières
lombardi-e,Lombardi,E. Lombardi,1,1,1,president,1945,1945,Foncières et immobilières
claro-l,Claro,L. Claro,1,1,1,administrateur,1945,1945,Foncières et immobilières
dupuch-a,Dupuch,A. Dupuch,1,1,1,administrateur,1945,1945,Foncières et immobilières
noel-du-payrat-n,Noël du Payrat,N. Noël du Payrat,1,1,1,administrateur,1945,1945,Foncières et immobilières
tamzali-a,Tamzali,A. Tamzali,1,1,1,administrateur,1945,1945,Foncières et immobilières
noel-du-payrat-p,Noël du Payrat,P. Noël du Payrat,1,1,1,administrateur,1953,1953,Foncières et immobilières
leuti-p,Leuti,P. Leuti,1,1,1,administrateur,1953,1953,Foncières et immobilières
becarel-h,Becarel,H. Becarel,1,1,1,administrateur,1953,1953,Foncières et immobilières
forestier-a,Forestier,A. Forestier,1,1,1,administrateur,1953,1953,Foncières et immobilières
leaute,Léauté,Léauté,1,1,1,administrateur,1920,1920,Transports maritimes et aériens
leaute-a,Léauté,André Léauté,1,1,1,vice_president,1925,1925,Transports maritimes et aériens
kapferer-h,Kapferer,Henry Kapferer,1,1,1,president,1925,1925,Transports maritimes et aériens
et-andre-cohen,et André Cohen,et André Cohen,1,1,1,president,1925,1925,Transports maritimes et aériens
francois-romeo-v,François Roméo,Vve François Roméo,1,1,1,administrateur,1926,1926,"Métallurgie, constructions navales"
turner-e,Turner,Edward Turner,1,1,1,administrateur,1926,1926,"Métallurgie, constructions navales"
esposito-s,Esposito,Sauveur Esposito,1,1,1,administrateur,1926,1926,"Métallurgie, constructions navales"
camps-v,Camps,Vincent Camps,1,1,1,administrateur,1926,1926,"Métallurgie, constructions navales"
cruanes-m,Cruanès,Michel Cruanès,1,1,1,administrateur,1926,1926,"Métallurgie, constructions navales"
grammont-e,Grammont,Étienne Grammont,1,1,1,president,1925,1925,"Bâtiment et travaux publics, matériaux de construction, céramique"
mulsant-e,Mulsant,Édouard Mulsant,1,1,1,president,1926,1926,"Bâtiment et travaux publics, matériaux de construction, céramique"
rolland-r,Rolland,Rodolphe Rolland,1,1,1,administrateur,1922,1922,"Métallurgie, constructions navales"
venture-m,Venture,Michel Venture,1,1,1,administrateur,1922,1922,"Métallurgie, constructions navales"
le-general-de-division-rene-louis-jules-radiguet,le général de division René-Louis-Jules Radiguet,le général de division René-Louis-Jules Radiguet,1,1,1,administrateur,1920,1920,"Banques et groupes financiers, assurances"
pillard-a,Pillard,Alexandre Pillard,1,1,1,administrateur,1920,1920,"Banques et groupes financiers, assurances"
magnon-p,Magnon,Paul Magnon,1,1,1,administrateur,1920,1920,"Banques et groupes financiers, assurances"
et-louis-beard-du-dezert,et Louis Béard du Dézert,et Louis Béard du Dézert,1,1,1,administrateur,1920,1920,"Banques et groupes financiers, assurances"
niece-du-publiciste-catholique-louis-veuillot,nièce du publiciste catholique Louis Veuillot,nièce du publiciste catholique Louis Veuillot,1,1,1,administrateur,1920,1920,"Banques et groupes financiers, assurances"
fondateur-du-comite-foncier,fondateur du Comité foncier,fondateur du Comité foncier,1,1,1,administrateur,1920,1920,"Banques et groupes financiers, assurances"
pillard,Pillard,Pillard,1,1,1,administrateur,1920,1920,"Banques et groupes financiers, assurances"
magnou,Magnou,Magnou,1,1,1,administrateur,1920,1920,"Banques et groupes financiers, assurances"
rte-du-havre,rte du Havre,rte du Havre,1,1,1,administrateur,1926,1926,Commerce
cavelier-f,Cavelier,Fernand Cavelier,1,1,1,administrateur,1926,1926,Commerce
painleve-a,Painlevé,Alexandre Painlevé,1,1,1,administrateur,1926,1926,Commerce
bucoskist,BUCOSKIST,BUCOSKIST,1,1,1,administrateur,1926,1926,Commerce
cavalier,CAVALIER,CAVALIER,1,1,1,administrateur,1926,1926,Commerce
benoit-p,Benoit,Pierre Benoit,1,1,1,administrateur,1926,1926,Commerce
fabre-p,Fabre,Paul-Cyprien Fabre,1,1,1,administrateur_delegue,1922,1922,Commerce
barral-l,Barral,Louis Barral,1,1,1,administrateur,1922,1922,Commerce
mical-l-leon,Mical,Léon Mical,1,1,1,administrateur,1922,1922,Commerce
hassebroucq-e,Hassebroucq,Ernest Hassebroucq,1,1,1,administrateur,1922,1922,Commerce
rousselot-e,Rousselot,Eugène Rousselot,1,1,1,administrateur,1922,1922,Commerce
delhaize-r,Delhaize,René Delhaize,1,1,1,president,1926,1926,Commerce
cazalet-h,Cazalet,Henri Cazalet,1,1,1,administrateur,1926,1926,Commerce
martin-f-felix,Martin,Félix Martin,1,1,1,administrateur,1926,1926,Commerce
poirson-l,Poirson,L. Poirson,1,1,1,administrateur,1920,1920,Industries chimiques
tilliere-a,Tillière,A. Tillière,1,1,1,administrateur,1920,1920,Industries chimiques
thierry-j,Thierry,J. Thierry,1,1,1,administrateur,1948,1948,Industries chimiques
frizet,FRIZET,FRIZET,1,1,1,administrateur,1924,1924,Commerce
jaillet,JAILLET,JAILLET,1,1,1,administrateur,1924,1924,Commerce
boudard,BOUDARD,BOUDARD,1,1,1,administrateur,1924,1924,Commerce
sainsere-o,Sainsère,Olivier Sainsère,1,1,1,president,1922,1922,Pétrole et gaz
pietri-n,Piétri,Nicolas Piétri,1,1,1,administrateur_delegue,1922,1922,Pétrole et gaz
h-mac-donald-j,H. Mac Donald,John H. Mac Donald,1,1,1,administrateur,1922,1922,Pétrole et gaz
charles-gedeon-murray,Charles-Gédéon Murray,Charles-Gédéon Murray,1,1,1,administrateur,1922,1922,Pétrole et gaz
eclancher-p-pierre,Eclancher,Pierre-Henri Eclancher,1,1,1,administrateur,1937,1937,Industries agro-alimentaires
estivant-l,Estivant,Léon-Albert Estivant,1,1,1,administrateur,1937,1937,Industries agro-alimentaires
camuset-p,Camuset,Paul-Louis Camuset,1,1,1,administrateur,1937,1937,Industries agro-alimentaires
bouchon-r-rene,Bouchon,René Bouchon,1,1,1,administrateur,1937,1937,Industries agro-alimentaires
commune-de-fontaine-la-soret,commune de Fontaine-la-Soret,commune de Fontaine-la-Soret,1,1,1,administrateur,1937,1937,Industries agro-alimentaires
dollot-a,Dollot1,André Dollot1,1,1,1,administrateur,1937,1937,Industries agro-alimentaires
gilbert-a,Gilbert,André-Félix Gilbert,1,1,1,administrateur,1937,1937,Industries agro-alimentaires
et-paul-tugault,et Paul Tugault,et Paul Tugault,1,1,1,administrateur,1937,1937,Industries agro-alimentaires
pres-meaux,près Meaux,près Meaux,1,1,1,administrateur,1937,1937,Industries agro-alimentaires
peigne-mauduit-du-plessix-t,Peigné Mauduit du Plessix,Ténès Peigné Mauduit du Plessix,1,1,1,administrateur,1922,1922,Mines et carrières
mauduit-du-plessix,Mauduit du Plessix,Mauduit du Plessix,1,1,1,administrateur,1924,1924,Mines et carrières
portolano-s,Portolano,Sylvain Portolano,1,1,1,president,1926,1926,"Transports terrestres, garages automobiles et agricoles"
camilieri-p,Camilieri,Paul Camilieri,1,1,1,president,1926,1926,"Transports terrestres, garages automobiles et agricoles"
ximenes-e,Ximenès,Édouard Ximenès,1,1,1,administrateur_delegue,1926,1926,"Transports terrestres, garages automobiles et agricoles"
flogny-g,Flogny,Georges Flogny,1,1,1,administrateur,1926,1926,"Transports terrestres, garages automobiles et agricoles"
guerin-f-fernand,Guérin,Fernand Guérin,1,1,1,administrateur,1926,1926,"Transports terrestres, garages automobiles et agricoles"
palenc-f,Palenc,Félix Palenc,1,1,1,administrateur,1926,1926,"Transports terrestres, garages automobiles et agricoles"
par-m-frimy,PAR M. FRiMY,PAR M. FRiMY,1,1,1,administrateur,1874,1874,Industries agro-alimentaires
bentz-audeoud-f,Bentz-Audeoud,F. Bentz-Audeoud,1,1,1,president,1906,1906,Foncières et immobilières
th-l-huillier,Th. L'Huillier,Th. L'Huillier,1,1,1,administrateur,1906,1906,Foncières et immobilières
zahn-geigy-f,Zahn-Geigy,F. Zahn-Geigy,1,1,1,administrateur,1906,1906,Foncières et immobilières
wacher-f,Wacher,F. Wacher,1,1,1,administrateur,1906,1906,Foncières et immobilières
lhuillier-m,Lhuillier,Maurice Lhuillier,1,1,1,administrateur,1922,1922,Foncières et immobilières
monneron-r,Monneron,Robert Monneron,1,1,1,administrateur,1922,1922,Foncières et immobilières
dubourdieu-g,Dubourdieu,Gaston Dubourdieu,1,1,1,administrateur,1922,1922,Industries chimiques
duroux-j,Duroux,Jean Duroux,1,1,1,president,1922,1922,Industries agro-alimentaires
vanoly-l,Vanoly,L. Vanoly,1,1,1,administrateur,1922,1922,Industries agro-alimentaires
promenade-de-la-corniche,promenade de la Corniche,promenade de la Corniche,1,1,1,administrateur,1928,1928,Industries agro-alimentaires
parc-gatliff,parc Gatliff,parc Gatliff,1,1,1,administrateur,1928,1928,Industries agro-alimentaires
trouette-g,Trouette,Gabriel Trouette,1,1,1,administrateur,1928,1928,Industries agro-alimentaires
baubier-a,Baubier,Achille Baubier,1,1,1,administrateur,1926,1926,Industries agro-alimentaires
grawitz-h,Grawitz,Henri Grawitz,1,1,1,administrateur,1926,1926,Industries agro-alimentaires
baguenault-de-puchesse-g,Baguenault de Puchesse,Gustave Baguenault de Puchesse,1,1,1,administrateur,1914,1914,Mines et carrières
benazet-t,Bénazet,Th Bénazet,1,1,1,administrateur,1914,1914,Mines et carrières
benazet,Bénazet,Bénazet,1,1,1,administrateur,1914,1914,Mines et carrières
monvoisin,Monvoisin,Monvoisin,1,1,1,administrateur,1922,1922,Mines et carrières
muller-nico,Müller-Nico,Müller-Nico,1,1,1,administrateur,1922,1922,Mines et carrières
bap-j,Bap,J. Bap,1,1,1,administrateur,1940,1940,Mines et carrières
bauer-j,Bauer,J. Bauer,1,1,1,administrateur,1940,1940,Mines et carrières
emm-peigne,Emm. Peigné,Emm. Peigné,1,1,1,administrateur,1940,1940,Mines et carrières
marchal-a,Marchal,A. Marchal,1,1,1,administrateur,1940,1940,Mines et carrières
autrand-a,Autrand,A. Autrand,1,1,1,administrateur,1940,1940,Mines et carrières
foulet-a,Foulet,A. Foulet,1,1,1,administrateur,1940,1940,Mines et carrières
cornu-a,Cornu,A. Cornu,1,1,1,administrateur,1940,1940,Mines et carrières
lauriol,Lauriol,Lauriol,1,1,1,administrateur,1940,1940,Mines et carrières
raeyer,Raeyer,Raeyer,1,1,1,administrateur,1940,1940,Mines et carrières
gournail-f,Gournail,Félix Gournail,1,1,1,administrateur,1926,1926,Industries agro-alimentaires
vagnon-l,Vagnon,Louis Vagnon,1,1,1,administrateur,1926,1926,Industries agro-alimentaires
dulac-h,Dulac,Henri Dulac,1,1,1,administrateur,1926,1926,Industries agro-alimentaires
coudert-f,Coudert,François Coudert,1,1,1,administrateur,1926,1926,Industries agro-alimentaires
hebert-v,Hébert,Vincent Hébert,1,1,1,administrateur,1926,1926,Industries agro-alimentaires
meunier-v,Meunier,Vladimir Meunier,1,1,1,administrateur,1926,1926,Industries agro-alimentaires
sendier-r,Sendier,René Sendier,1,1,1,administrateur,1926,1926,Commerce
gensollen-h-henri,Gensollen,Henri Gensollen,1,1,1,administrateur,1926,1926,Commerce
truche-f,Truche,François Truche,1,1,1,administrateur,1926,1926,Commerce
gerard-de-bary,Gérard de Bary,Gérard de Bary,1,1,1,administrateur,1937,1937,Mines et carrières
mac-intosh-fisher-j,Mac Intosh Fisher,James Mac Intosh Fisher,1,1,1,administrateur,1937,1937,Mines et carrières
road-r,Road,Ronsdale Road,1,1,1,administrateur,1937,1937,Mines et carrières
barnes,Barnes,Barnes,1,1,1,administrateur,1937,1937,Mines et carrières
gerard-r,Gérard,Robert Gérard,1,1,1,administrateur,1937,1937,Mines et carrières
et-henri-pelliot,et Henri Pelliot,et Henri Pelliot,1,1,1,administrateur,1937,1937,Mines et carrières
pelliot-p,Pelliot,Paul Pelliot,1,1,1,administrateur,1945,1945,Mines et carrières
giboia-l,Giboià,Louis Giboià,1,1,1,administrateur_delegue,1935,1935,"Bâtiment et travaux publics, matériaux de construction, céramique"
lagrange-h,Lagrange,Horace Lagrange,1,1,1,administrateur,1935,1935,"Bâtiment et travaux publics, matériaux de construction, céramique"
lemaigne-dubreuil-r,Lemaigne-Dubreuil,René Lemaigne-Dubreuil,1,1,1,administrateur,1938,1938,"Bâtiment et travaux publics, matériaux de construction, céramique"
giboin-l,Giboin,Louis Giboin,1,1,1,president,1938,1938,"Bâtiment et travaux publics, matériaux de construction, céramique"
chidaine-andre-seres-p,Chidaine + André Serès,Paul Chidaine + André Serès,1,1,1,administrateur,1938,1938,"Bâtiment et travaux publics, matériaux de construction, céramique"
de-villepin-f,de Villepin,François de Villepin,1,1,1,administrateur,1938,1938,"Bâtiment et travaux publics, matériaux de construction, céramique"
dauphin-e,Dauphin°,Émile Dauphin°,1,1,1,administrateur,1938,1938,"Bâtiment et travaux publics, matériaux de construction, céramique"
anthoine-p,Anthoine1,Paul Anthoine1,1,1,1,administrateur,1929,1929,"Filière bois : exploitation forestière, liège, meubles, cellulose, papier…"
beckers-l,Beckers,Lucien Beckers,1,1,1,administrateur,1929,1929,"Filière bois : exploitation forestière, liège, meubles, cellulose, papier…"
benac-a,Bénac2,André Bénac2,1,1,1,administrateur,1929,1929,"Filière bois : exploitation forestière, liège, meubles, cellulose, papier…"
despret-g,Despret3,Georges Despret3,1,1,1,administrateur,1929,1929,"Filière bois : exploitation forestière, liège, meubles, cellulose, papier…"
nys-c,Nys,Constant Nys,1,1,1,administrateur,1929,1929,"Filière bois : exploitation forestière, liège, meubles, cellulose, papier…"
orban-l,Orban,Lucien Orban,1,1,1,administrateur,1929,1929,"Filière bois : exploitation forestière, liège, meubles, cellulose, papier…"
perena-e,Perena,Emmanuel Perena,1,1,1,administrateur,1929,1929,"Filière bois : exploitation forestière, liège, meubles, cellulose, papier…"
vankeirsbilck-r,Vankeirsbilck,René Vankeirsbilck,1,1,1,administrateur,1929,1929,"Filière bois : exploitation forestière, liège, meubles, cellulose, papier…"
vare-c,Varé,Charles Varé,1,1,1,administrateur,1929,1929,"Filière bois : exploitation forestière, liège, meubles, cellulose, papier…"
et-lucien-weyl-lambert,et Lucien Weyl-Lambert,et Lucien Weyl-Lambert,1,1,1,administrateur,1929,1929,"Filière bois : exploitation forestière, liège, meubles, cellulose, papier…"
sallandrouze-de-lamornaix-j,Sallandrouze de Lamornaix,Jean Sallandrouze de Lamornaix,1,1,1,administrateur,1922,1922,"Filière bois : exploitation forestière, liège, meubles, cellulose, papier…"
kempf-a-auguste,Kempf,Auguste Kempf,1,1,1,administrateur,1922,1922,"Filière bois : exploitation forestière, liège, meubles, cellulose, papier…"
lallemand-r,Lallemand,Robert Lallemand,1,1,1,administrateur,1922,1922,"Filière bois : exploitation forestière, liège, meubles, cellulose, papier…"
birmandreis-d,Birmandreis,Dittweiler Birmandreis,1,1,1,administrateur,,,Industries agro-alimentaires
muselli-c,MUSELLI,Ch. MUSELLI,1,1,1,administrateur,1925,1925,"Eau, gaz, électricité (Utilities)"
francois-thiebaut-martelet,1° François-Thiébaut MARTELET,1° François-Thiébaut MARTELET,1,1,1,administrateur,1875,1875,"Filière bois : exploitation forestière, liège, meubles, cellulose, papier…"
maire-de-lure,maire de Lure,maire de Lure,1,1,1,administrateur,1875,1875,"Filière bois : exploitation forestière, liège, meubles, cellulose, papier…"
faivre-j,FAIVRE,Joseph-Madeleine FAIVRE,1,1,1,administrateur,1875,1875,"Filière bois : exploitation forestière, liège, meubles, cellulose, papier…"
louault-c,LOUAULT,Charles LOUAULT,1,1,1,administrateur,1875,1875,"Filière bois : exploitation forestière, liège, meubles, cellulose, papier…"
chappon-a,CHAPPON,Adolphe CHAPPON,1,1,1,administrateur,1875,1875,"Filière bois : exploitation forestière, liège, meubles, cellulose, papier…"
le-brun-virloy-a,LE BRUN-VIRLOY,Alexandre LE BRUN-VIRLOY,1,1,1,administrateur,1875,1875,"Filière bois : exploitation forestière, liège, meubles, cellulose, papier…"
jaussaud-a,JAUSSAUD,Alexandre JAUSSAUD,1,1,1,administrateur,1875,1875,"Filière bois : exploitation forestière, liège, meubles, cellulose, papier…"
dumont-p,Dumont,Paul Dumont,1,1,1,administrateur,1924,1924,"Filière bois : exploitation forestière, liège, meubles, cellulose, papier…"
guinard-a,Guinard,A. Guinard,1,1,1,administrateur,1924,1924,"Filière bois : exploitation forestière, liège, meubles, cellulose, papier…"
thivent-a,Thivent,Albert Thivent,1,1,1,administrateur,1922,1922,Mines et carrières
gounin-j,Gounin,Jean Gounin,1,1,1,administrateur,1922,1922,Industries agro-alimentaires
parlier-e,Parlier,Émile Parlier,1,1,1,administrateur,1926,1926,Industries agro-alimentaires
tachet-isidore,… Tachet Isidore,… Tachet Isidore,1,1,1,administrateur,1888,1888,Industries agro-alimentaires
nicaud-h,Nicaud,Henri Nicaud,1,1,1,administrateur,1922,1922,Cuirs et textiles
marin-e,Marin,Émile Marin,1,1,1,administrateur,1922,1922,Cuirs et textiles
carriere-v,Carrière,Victoria Carrière,1,1,1,administrateur,1922,1922,Cuirs et textiles
peyvel-m,Peyvel,Marcel Peyvel,1,1,1,administrateur,1922,1922,Cuirs et textiles
cabanel-j,Cabanel,Joseph Cabanel,1,1,1,administrateur,1922,1922,Cuirs et textiles
tapie-j,Tapie,Jean Tapie,1,1,1,administrateur,1922,1922,Cuirs et textiles
balande-f,Balande,François Balande,1,1,1,administrateur,1922,1922,Cuirs et textiles
lebailly-l,Lebailly,Louis Lebailly,1,1,1,administrateur,1922,1922,"Filière bois : exploitation forestière, liège, meubles, cellulose, papier…"
boute-e,Boute,Émile Boute,1,1,1,administrateur,1922,1922,"Filière bois : exploitation forestière, liège, meubles, cellulose, papier…"
de-raffin-e,de Raffin,Élie de Raffin,1,1,1,administrateur,1926,1926,"Filière bois : exploitation forestière, liège, meubles, cellulose, papier…"
bardon,Bardon,Bardon,1,1,1,administrateur,1922,1922,"Transports terrestres, garages automobiles et agricoles"
bonnell,Bonnell,Bonnell,1,1,1,administrateur,1922,1922,"Transports terrestres, garages automobiles et agricoles"
ferembach,Ferembach,Ferembach,1,1,1,administrateur,1922,1922,"Transports terrestres, garages automobiles et agricoles"
laborie-j,Laborie,Jean Laborie,1,1,1,president,1926,1926,"Transports terrestres, garages automobiles et agricoles"
martin-a-alexandre,Martin,Alexandre Martin,1,1,1,administrateur,1926,1926,"Transports terrestres, garages automobiles et agricoles"
laborie-e,Laborie,Émile Laborie,1,1,1,administrateur,1926,1926,"Transports terrestres, garages automobiles et agricoles"
bernard-a-albert,Bernard,Albert Bernard,1,1,1,administrateur,1926,1926,"Transports terrestres, garages automobiles et agricoles"
jouane-l,Jouane,Léon Jouane,1,1,1,administrateur,1908,1908,"Transports terrestres, garages automobiles et agricoles"
cristiani-r,Cristiani,René Cristiani,1,1,1,administrateur,1908,1908,"Transports terrestres, garages automobiles et agricoles"
saey-o,Saey,Omer Saey,1,1,1,administrateur,1908,1908,"Transports terrestres, garages automobiles et agricoles"
agent-de-change-a-courtrai,agent de change à Courtrai,agent de change à Courtrai,1,1,1,administrateur,1908,1908,"Transports terrestres, garages automobiles et agricoles"
de-buyl-p,de Buyl,Philippe de Buyl,1,1,1,administrateur,1908,1908,"Transports terrestres, garages automobiles et agricoles"
van-goethem-l,Van Goethem,Léon Van Goethem,1,1,1,administrateur,1908,1908,"Transports terrestres, garages automobiles et agricoles"
et-emile-andre,et Émile André,et Émile André,1,1,1,administrateur,1908,1908,"Transports terrestres, garages automobiles et agricoles"
sacy-o,Sacy,O. Sacy,1,1,1,administrateur,1908,1908,"Transports terrestres, garages automobiles et agricoles"
andre-e,André,E. André,1,1,1,administrateur,1908,1908,"Transports terrestres, garages automobiles et agricoles"
jouanne-l,Jouanne,L. Jouanne,1,1,1,administrateur,1908,1908,"Transports terrestres, garages automobiles et agricoles"
longere-e,Longère,Étienne Longère,1,1,1,administrateur,1922,1922,"Transports terrestres, garages automobiles et agricoles"
parsons-thomson-houston-adm-tramways-d-amiens-f,Parsons [Thomson-Houston > adm. Tramways d'Amiens,Frédéric Parsons [Thomson-Houston > adm. Tramways d'Amiens,1,1,1,president,1925,1925,"Transports terrestres, garages automobiles et agricoles"
almaric-j,Almaric,Jean Almaric,1,1,1,administrateur,1926,1926,"Transports terrestres, garages automobiles et agricoles"
prevot-a,Prévot,A. Prévot,1,1,1,administrateur,1948,1948,"Transports terrestres, garages automobiles et agricoles"
dronsart-m,Dronsart,Dronsart,1,1,1,administrateur,1948,1948,"Transports terrestres, garages automobiles et agricoles"
devezeau-de-lavergne-j,Devezeau de Lavergne,J. Devezeau de Lavergne,1,1,1,administrateur,1953,1953,"Transports terrestres, garages automobiles et agricoles"
jamet-l,Jamet,L. Jamet,1,1,1,administrateur,1953,1953,"Transports terrestres, garages automobiles et agricoles"
le-duc-y,Le Duc,Y. Le Duc,1,1,1,administrateur,1953,1953,"Transports terrestres, garages automobiles et agricoles"
martin-v,Martin,Victor Martin,1,1,1,president,1924,1924,"Transports terrestres, garages automobiles et agricoles"
wolf-g,Wolf,Gustave Wolf,1,1,1,administrateur,1924,1924,"Transports terrestres, garages automobiles et agricoles"
collet-d,Collet,David Collet,1,1,1,administrateur,1924,1924,"Transports terrestres, garages automobiles et agricoles"
vandel-m,Vandel,Marius Vandel,1,1,1,administrateur,1926,1926,"Transports terrestres, garages automobiles et agricoles"
simon-alexandre-saux,Simon-Alexandre Saux,Simon-Alexandre Saux,1,1,1,administrateur,1926,1926,"Transports terrestres, garages automobiles et agricoles"
audras,Audras,Audras,1,1,1,administrateur,1901,1901,"Transports terrestres, garages automobiles et agricoles"
durand-p,Durand,P. Durand,1,1,1,administrateur,1912,1912,"Transports terrestres, garages automobiles et agricoles"
chapsal,Chapsal,Chapsal,1,1,1,administrateur,1914,1914,"Transports terrestres, garages automobiles et agricoles"
dubois-p,Dubois,P. Dubois,1,1,1,administrateur,1917,1917,"Transports terrestres, garages automobiles et agricoles"
bussy-a-adrien,Bussy,Adrien Bussy,1,1,1,administrateur,1922,1922,"Transports terrestres, garages automobiles et agricoles"
inchange,Inchangé,Inchangé,1,1,1,administrateur,1926,1926,"Transports terrestres, garages automobiles et agricoles"
cottet,Cottet,Cottet,1,1,1,administrateur,1933,1933,"Transports terrestres, garages automobiles et agricoles"
bratman,Bratman,Bratman,1,1,1,administrateur,1933,1933,"Transports terrestres, garages automobiles et agricoles"
gay,Gay,Gay,1,1,1,president,1940,1940,"Transports terrestres, garages automobiles et agricoles"
frege-v,Frégé,V. Frégé,1,1,1,administrateur,1945,1945,"Transports terrestres, garages automobiles et agricoles"
laussinotte-f,Laussinotte,F. Laussinotte,1,1,1,administrateur,1953,1953,"Transports terrestres, garages automobiles et agricoles"
luciani-d,Luciani,Dominique Luciani,1,1,1,administrateur,1926,1926,"Transports terrestres, garages automobiles et agricoles"
gerandal-c,Gérandal,Charles Gérandal,1,1,1,administrateur,1926,1926,"Transports terrestres, garages automobiles et agricoles"
marques-e,Marquès,Émile Marquès,1,1,1,administrateur,1926,1926,Transports maritimes et aériens
suaudeau-e,Suaudeau,Édouard Suaudeau,1,1,1,president,1926,1926,"Bâtiment et travaux publics, matériaux de construction, céramique"
malet-f,Malet,Frédéric Malet,1,1,1,administrateur,1926,1926,"Bâtiment et travaux publics, matériaux de construction, céramique"
guerin-p-pierre,Guérin,Pierre Guérin,1,1,1,administrateur,1926,1926,"Bâtiment et travaux publics, matériaux de construction, céramique"
krauss-a,Krauss,André Krauss,1,1,1,administrateur,1926,1926,"Bâtiment et travaux publics, matériaux de construction, céramique"
menegaux-c,Ménégaux,Charles Ménégaux,1,1,1,administrateur,1926,1926,"Bâtiment et travaux publics, matériaux de construction, céramique"
payri-a,Payri,Auguste Payri,1,1,1,administrateur,1926,1926,"Bâtiment et travaux publics, matériaux de construction, céramique"
thiedey-l,Thiédey,Lacombe Thiédey,1,1,1,administrateur,1926,1926,"Bâtiment et travaux publics, matériaux de construction, céramique"
arthuis-a,Arthuis,Albert Arthuis,1,1,1,administrateur,1926,1926,"Imprimerie, presse, édition"
kholer-r,Kholer,René Kholer,1,1,1,administrateur,1926,1926,"Imprimerie, presse, édition"
pernotte-j,Pernotte. 4,Joseph Pernotte. 4,1,1,1,administrateur,1919,1919,Mines et carrières
berthelot,Berthelot,Berthelot,1,1,1,administrateur,1919,1919,Mines et carrières
chautard,Chautard,Chautard,1,1,1,administrateur,1919,1919,Mines et carrières
pernotte,Pernotte,Pernotte,1,1,1,administrateur,1919,1919,Mines et carrières
d-ille-et-vilaine-t,d'Ille-et-Vilaine,Tramways d'Ille-et-Vilaine,1,1,1,administrateur,1932,1932,Mines et carrières
wilvoski,Wilvoski,Wilvoski,1,1,1,administrateur,1937,1937,Mines et carrières
l-un-a-issoudun-meme,l'un à Issoudun même,l'un à Issoudun même,1,1,1,administrateur,1944,1944,Mines et carrières
l-autre-en-vendee,l'autre en Vendée,l'autre en Vendée,1,1,1,administrateur,1944,1944,Mines et carrières
grandval,Grandval,Grandval,1,1,1,administrateur,1948,1948,Mines et carrières
jud-g,Jud,G. Jud,1,1,1,administrateur,1948,1948,Mines et carrières
aillerie-f,Aillerie,F. Aillerie,1,1,1,administrateur,1948,1948,Mines et carrières
schmidt-g,Schmidt,Georges Schmidt,1,1,1,administrateur,1924,1924,Transports maritimes et aériens
chatenet-j,Chatenet,J. Chatenet,1,1,1,administrateur,1937,1937,"Eau, gaz, électricité (Utilities)"
couture-c,Couture,Ch. Couture,1,1,1,administrateur,1940,1940,"Eau, gaz, électricité (Utilities)"
abernard,A.Bernard,A.Bernard,1,1,1,administrateur,1945,1945,"Eau, gaz, électricité (Utilities)"
bricard-l,Bricard,L. Bricard,1,1,1,administrateur,1945,1945,"Eau, gaz, électricité (Utilities)"
charbonnier-a,Charbonnier,A. Charbonnier,1,1,1,administrateur,1945,1945,"Eau, gaz, électricité (Utilities)"
combasson,Combasson,Combasson,1,1,1,administrateur,1945,1945,"Eau, gaz, électricité (Utilities)"
thiebaut-a,Thiébaut,Alberto Thiébaut,1,1,1,administrateur,1920,1920,Mines et carrières
villanueva,Villanueva,Villanueva,1,1,1,administrateur,1920,1920,Mines et carrières
via-g,Via,Gran Via,1,1,1,administrateur,1920,1920,Mines et carrières
laurent-du-buit,Laurent du Buit,Laurent du Buit,1,1,1,administrateur,1920,1920,Mines et carrières
et-pierre-garcin,et Pierre Garcin,et Pierre Garcin,1,1,1,administrateur,1920,1920,Mines et carrières
zurbano,Zurbano,Zurbano,1,1,1,administrateur,1920,1920,Mines et carrières
thiebaut,Thiébaut,Thiébaut,1,1,1,administrateur,1920,1920,Mines et carrières
berge-j,Berge,J. Berge,1,1,1,administrateur,1898,1898,Industries agro-alimentaires
berge-a,Berge,A. Berge,1,1,1,administrateur,1898,1898,Industries agro-alimentaires
henard-e,Hénard,E. Hénard,1,1,1,administrateur,1898,1898,Industries agro-alimentaires
barthelemy-j,Barthélémy,Jean Barthélémy,1,1,1,administrateur,1926,1926,Industries agro-alimentaires
parmentier-l,Parmentier,Léon Parmentier,1,1,1,administrateur,1931,1931,Mines et carrières
thurneyssen-h,Thurneyssen,Henry Thurneyssen,1,1,1,administrateur,1931,1931,Mines et carrières
de-la-bouglise-r,de la Bouglise,Robert de la Bouglise,1,1,1,administrateur,1931,1931,Mines et carrières
et-roger-poupinel,et Roger Poupinel,et Roger Poupinel,1,1,1,administrateur,1931,1931,Mines et carrières
bue-g,Bué,G. Bué,1,1,1,administrateur,1910,1910,Mines et carrières
berthelemy-p,Berthélémy,Pierre-André Berthélémy,1,1,1,administrateur,1927,1927,"Transports terrestres, garages automobiles et agricoles"
de-roubaix-l,de Roubaix,Léon-Ernest-Eugène de Roubaix,1,1,1,administrateur,1927,1927,"Transports terrestres, garages automobiles et agricoles"
joseph-basile-gournay,Joseph-Basile Gournay,Joseph-Basile Gournay,1,1,1,administrateur,1927,1927,"Transports terrestres, garages automobiles et agricoles"
et-paul-urbain-collin,et Paul-Urbain Collin,et Paul-Urbain Collin,1,1,1,administrateur,1927,1927,"Transports terrestres, garages automobiles et agricoles"
michaut-p,Michaut,Paul Michaut,1,1,1,administrateur,1927,1927,"Transports terrestres, garages automobiles et agricoles"
junot-m,Junot,Maurice Junot,1,1,1,administrateur,1927,1927,"Transports terrestres, garages automobiles et agricoles"
poupinel-j,Poupinel,Jean-François-Adrien Poupinel,1,1,1,administrateur_delegue,1926,1926,Commerce
d-arras-p,d' Arras,Pierre d' Arras,1,1,1,administrateur,1926,1926,Commerce
gingembre-l-lucien,Gingembre,Lucien Gingembre,1,1,1,administrateur,1924,1924,Industries agro-alimentaires
vilgrain-e,Vilgrain,Ernest Vilgrain,1,1,1,administrateur,1924,1924,Industries agro-alimentaires
de-sincay-e,de Sinçay,Edgar de Sinçay,1,1,1,administrateur,1914,1914,Mines et carrières
saint-paul-de-sincay,Saint-Paul de Sinçay,Saint-Paul de Sinçay,1,1,1,administrateur_delegue,1914,1914,Mines et carrières
dombret-e,Dombret,Émile Dombret,1,1,1,administrateur,1928,1928,Industries agro-alimentaires
roubaud-m,Roubaud,Marcel Roubaud,1,1,1,president,1924,1924,Industries agro-alimentaires
royer-e,Royer,Étienne Royer,1,1,1,administrateur,1926,1926,Industries agro-alimentaires
toche-h,Toché,Henry Toché,1,1,1,administrateur,1926,1926,Industries agro-alimentaires
savon-h,Savon,H. Savon,1,1,1,administrateur,1931,1931,Industries agro-alimentaires
jouret-p,Jouret,P. Jouret,1,1,1,administrateur,1953,1953,Industries agro-alimentaires
gontard-a,Gontard,Albin Gontard,1,1,1,administrateur,1922,1922,Commerce
cealis-c,Céalis,Claudius Céalis,1,1,1,administrateur,1922,1922,Commerce
chapin-m,Chapin,Maurice Chapin,1,1,1,administrateur,1922,1922,Commerce
bouquet-r,Bouquet,Raymond Bouquet,1,1,1,administrateur,1922,1922,Commerce
fouchet-j,Fouchet,Jacques Fouchet,1,1,1,administrateur,1926,1926,Commerce
cordier-n,Cordier,N.-D. Cordier,1,1,1,administrateur,1933,1933,Commerce
mezieres,Mézières,Mézières,1,1,1,administrateur,1933,1933,Commerce
rahel-a,Rahel,A. Rahel,1,1,1,administrateur,1933,1933,Commerce
rabel-j,Rabel,J. Rabel,1,1,1,administrateur,1933,1933,Commerce
vilain,Vilain,Vilain,1,1,1,administrateur,1933,1933,Commerce
ed-kern-j,Ed. Kern,J. Ed. Kern,1,1,1,administrateur,1940,1940,Commerce
kern-j,Kern,J. Kern,1,1,1,administrateur,1945,1945,Commerce
kern-e,Kern,E. Kern,1,1,1,administrateur,1948,1948,Commerce
fournier-a,Fournier,A. Fournier,1,1,1,administrateur,1948,1948,Commerce
institut-de-gravure-paris,? Institut de gravure - Paris,? Institut de gravure - Paris,1,1,1,administrateur,1950,1950,Commerce
steinmann-h,Steinmann,Henri Steinmann,1,1,1,administrateur,1926,1926,"Eau, gaz, électricité (Utilities)"
breleux-g,Breleux,G. Breleux,1,1,1,administrateur,1945,1945,"Eau, gaz, électricité (Utilities)"
deboulle,Deboulle,Deboulle,1,1,1,administrateur,1945,1945,"Eau, gaz, électricité (Utilities)"
ed-le-henaff,Ed. Le Hénaff,Ed. Le Hénaff,1,1,1,administrateur,1953,1953,"Eau, gaz, électricité (Utilities)"
electro-metallurgiques-alais,électro-métallurgiques Alais,électro-métallurgiques Alais,1,1,1,administrateur,1932,1932,Mines et carrières
de-champeaux-l,de Champeaux,Lucien de Champeaux,1,1,1,administrateur,1932,1932,Mines et carrières
f-lodeizen,… F. Lodeizen,… F. Lodeizen,1,1,1,administrateur,1948,1948,Mines et carrières
lodeizen,… Lodeizen,… Lodeizen,1,1,1,administrateur,1951,1951,Mines et carrières
zembra-i,Zembra,Isaac Zembra,1,1,1,administrateur,1926,1926,Commerce
chemoul-l,Chemoul,Léon Chemoul,1,1,1,administrateur,1926,1926,Commerce
cohen-s,Cohen,Salomon Cohen,1,1,1,administrateur,1926,1926,Commerce
cazaux-r,Cazaux,Roland Cazaux,1,1,1,administrateur,1926,1926,Commerce
chemoul-a,Chemoul,Abraham Chemoul,1,1,1,administrateur,1926,1926,Commerce
hadjadj-i,Hadjadj,Israël Hadjadj,1,1,1,administrateur,1926,1926,Commerce
elie-a,Élie,Albert Élie,1,1,1,administrateur,1926,1926,Commerce
cornu-g,Cornu,Georges Cornu,8,0,10,commissaire_aux_comptes,1922,1926,"Banques et groupes financiers, assurances; Hôtellerie-restauration, tourisme; Industries agro-alimentaires; Loisirs; Mines et carrières; Transports maritimes et aériens; Transports terrestres, garages automobiles et agricoles"
adam-v,Adam,Valentin Adam,4,0,6,commissaire_aux_comptes,1924,1926,"Commerce; Filière bois : exploitation forestière, liège, meubles, cellulose, papier…; Industries agro-alimentaires"
lacan-c,Lacan,Ch. Lacan; Charles Lacan,3,0,5,commissaire_aux_comptes,1922,1953,"Bâtiment et travaux publics, matériaux de construction, céramique; Industries chimiques"
durand-a,Durand,A. Durand,2,0,5,commissaire_aux_comptes,1922,1953,Industries agro-alimentaires; Mines et carrières
grandperrin-l,Grandperrin,Lucien Grandperrin,3,0,4,commissaire_aux_comptes,1924,1926,"Commerce; Filière bois : exploitation forestière, liège, meubles, cellulose, papier…"
gorchs-chacou-e,Gorchs-Chacou,Émile Gorchs-Chacou,2,0,4,commissaire_aux_comptes,1922,1926,Transports maritimes et aériens
rouille-c,Rouille,Ch. Rouille,1,0,4,commissaire_aux_comptes,1940,1953,Mines et carrières
pascal,PASCAL,PASCAL,2,0,3,commissaire_aux_comptes,1922,1924,"Industries agro-alimentaires; Transports terrestres, garages automobiles et agricoles"
canal-l,Canal,Laurent Canal,1,0,3,commissaire_aux_comptes,1922,1926,"Banques et groupes financiers, assurances"
chausy-a,Chausy,A. Chausy; André Chausy,1,0,3,gerant,1938,1944,"Documents généraux (par ordre chronologique); Métallurgie, constructions navales"
leccia-f,Leccia,François Leccia,3,0,3,commissaire_aux_comptes,1926,1926,"Industries agro-alimentaires; Métallurgie, constructions navales"
bonnell-g,Bonnell,Georges Bonnell,2,0,3,commissaire_aux_comptes,1922,1926,"Banques et groupes financiers, assurances; Industries chimiques"
dumont-j,Dumont,Jean Dumont,1,0,3,commissaire_aux_comptes,1922,1926,Industries agro-alimentaires
revol,REVOL,REVOL,1,0,3,commissaire_aux_comptes,1922,1926,"Eau, gaz, électricité (Utilities)"
girardin,GIRARDIN,GIRARDIN; Girardin,2,0,3,commissaire_aux_comptes,1922,1926,Mines et carrières
noyau-g,Noyau,G. Noyau,1,0,3,commissaire_aux_comptes,1945,1953,"Filière bois : exploitation forestière, liège, meubles, cellulose, papier…"
roy-e-emile,Roy,Émile Roy,1,0,2,commissaire_aux_comptes,1922,1926,Industries agro-alimentaires
dreux-a-antoine,Dreux,Antoine Dreux,2,0,2,commissaire_aux_comptes,1922,1926,Industries agro-alimentaires
fulconis-e,Fulconis,E. Fulconis,1,0,2,gerant,1937,1948,Transports maritimes et aériens
champoiral,CHAMPOIRAL,CHAMPOIRAL,1,0,2,commissaire_aux_comptes,1922,1924,"Transports terrestres, garages automobiles et agricoles"
guimpier-l,Guimpier,Louis Guimpier,1,0,2,commissaire_aux_comptes,1924,1926,Commerce
delefosse-r,Delefosse,Rolland Delefosse,1,0,2,commissaire_aux_comptes,1924,1926,Commerce
egypte,Egypte,Egypte,2,0,2,directeur_general,1925,1938,Documents généraux (par ordre chronologique)
grece-l,Grèce,Grèce,2,0,2,directeur_general,1925,1938,Documents généraux (par ordre chronologique)
syrie,Syrie,Syrie,2,0,2,directeur_general,1925,1938,Documents généraux (par ordre chronologique)
turquie,Turquie,Turquie,2,0,2,directeur_general,1925,1938,Documents généraux (par ordre chronologique)
belgique,Belgique,Belgique,2,0,2,directeur_general,1925,1938,Documents généraux (par ordre chronologique)
italie,Italie,Italie,2,0,2,directeur_general,1925,1938,Documents généraux (par ordre chronologique)
granville,Granville,Granville,2,0,2,gerant,1925,1925,Documents généraux (par ordre chronologique)
mena-j,Ména,Jean Ména,2,0,2,directeur,1925,1928,Documents généraux (par ordre chronologique); Pétrole et gaz
fredouille-j,Fredouille,Jules Fredouille,2,0,2,commissaire_aux_comptes,1926,1926,Industries agro-alimentaires
dumont-a-albert,Dumont,Albert Dumont,1,0,2,commissaire_aux_comptes,1922,1926,Industries agro-alimentaires
monachon,MONACHON,MONACHON,2,0,2,commissaire_aux_comptes,1926,1926,Transports maritimes et aériens
friedmann-e-eugene,Friedmann,Eugène Friedmann,1,0,2,commissaire_aux_comptes,1922,1924,Mines et carrières
rabany,Rabany,RABANY; Rabany,1,0,2,commissaire_aux_comptes,1922,1926,"Transports terrestres, garages automobiles et agricoles"
scheffer,Scheffer,Scheffer,1,0,2,commissaire_aux_comptes,1922,1926,Mines et carrières
fornes-c,Fornès,Camille Fornès,2,0,2,commissaire_aux_comptes,1926,1926,"Bâtiment et travaux publics, matériaux de construction, céramique; Commerce"
perrelle-j,Perrelle,Joseph Perrelle,1,0,2,commissaire_aux_comptes,1922,1926,"Transports terrestres, garages automobiles et agricoles"
ravier-l,Ravier,L. Ravier,1,0,2,commissaire_aux_comptes,1937,1940,Foncières et immobilières
rderer,RŒDERER,RŒDERER,1,0,2,commissaire_aux_comptes,1922,1926,"Banques et groupes financiers, assurances"
veron-l,Véron,Louis Véron,2,0,2,directeur,1922,1926,"Banques et groupes financiers, assurances; Mines et carrières"
rigollet-l,Rigollet,Léon Rigollet,2,0,2,commissaire_aux_comptes,1926,1926,"Banques et groupes financiers, assurances; Foncières et immobilières"
marshal-c,Marshal,Célestin Marshal,2,0,2,commissaire_aux_comptes,1926,1926,"Métallurgie, constructions navales"
prugnat-e,Prugnat,PRUGNAT; Élie Prugnat,1,0,2,commissaire_aux_comptes,1922,1926,Mines et carrières
coanet-e,COANET,COANET,1,0,2,commissaire_aux_comptes,1922,1926,Industries agro-alimentaires
ficheux-h,Ficheux,Henri Ficheux,1,0,2,commissaire_aux_comptes,1924,1926,Industries agro-alimentaires
lecer-h,Lecer,Honoré Lecer,2,0,2,commissaire_aux_comptes,1924,1924,Industries agro-alimentaires; Transports maritimes et aériens
curtillet-j,Curtillet,Jean Curtillet,1,0,2,commissaire_aux_comptes,1922,1926,Foncières et immobilières
valette-e,Valette,Eugène Valette,2,0,2,commissaire_aux_comptes,1926,1926,"Eau, gaz, électricité (Utilities)"
toumieux-r,Toumieux,Raymond Toumieux,2,0,2,commissaire_aux_comptes,1926,1926,"Eau, gaz, électricité (Utilities)"
theis-c,Theis,Charles Theis,1,0,2,commissaire_aux_comptes,1924,1926,"Eau, gaz, électricité (Utilities)"
cohen,COHEN,COHEN,1,0,2,commissaire_aux_comptes,1922,1926,"Hôtellerie-restauration, tourisme"
viallat-c,Viallat,Charles Viallat,2,0,2,commissaire_aux_comptes,1926,1926,"Filière bois : exploitation forestière, liège, meubles, cellulose, papier…; Foncières et immobilières"
hugot-e,Hugot,Ernest Hugot,2,0,2,commissaire_aux_comptes,1926,1926,Pétrole et gaz
becq-a,Becq,A. Becq,1,0,2,commissaire_aux_comptes,1937,1940,"Filière bois : exploitation forestière, liège, meubles, cellulose, papier…"
breton-l,Breton,L. Breton,1,0,2,commissaire_aux_comptes,1948,1953,"Filière bois : exploitation forestière, liège, meubles, cellulose, papier…"
lauzanne,Lauzanne,Lauzanne,1,0,2,commissaire_aux_comptes,1922,1926,Mines et carrières
krauth,Krauth,Krauth,1,0,2,commissaire_aux_comptes,1922,1926,Mines et carrières
cardinal-g,Cardinal,Cardinal,1,0,2,commissaire_aux_comptes,1922,1926,Mines et carrières
lescure-a,Lescure,A. Lescure,1,0,2,directeur_general,1945,1948,Mines et carrières
bit,Bit,Bit,2,0,2,commissaire_aux_comptes,1922,1922,Mines et carrières
gosse,Gossé,Gossé,2,0,2,commissaire_aux_comptes,1922,1922,Mines et carrières
peyraud-j,Peyraud,J. Peyraud,1,0,2,commissaire_aux_comptes,1948,1953,Mines et carrières
parguey-v,Parguey,Victor Parguey,2,0,2,commissaire_aux_comptes,1926,1926,"Bâtiment et travaux publics, matériaux de construction, céramique; Filière bois : exploitation forestière, liège, meubles, cellulose, papier…"
boyer-b,Boyer,Benjamin Boyer,1,0,2,commissaire_aux_comptes,1922,1926,Mines et carrières
grossmann-e,Grossmann,E. Grossmann,1,0,2,commissaire_aux_comptes,1937,1940,Industries chimiques
auricoste-j,Auricoste,Joseph Auricoste,1,0,2,commissaire_aux_comptes,1922,1926,Commerce
ehinger-m,Ehinger,Mathieu Ehinger,1,0,2,commissaire_aux_comptes,1922,1926,Foncières et immobilières
delahaye-e,Delahaye,Emmanuel Delahaye,1,0,2,commissaire_aux_comptes,1922,1924,Industries chimiques
berlandier-j,Berlandier,Joseph Berlandier,1,0,2,commissaire_aux_comptes,1924,1926,Industries agro-alimentaires
a-saint-maur-d-algerie-c,à Saint-Maur-d'Algérie,Camallonga à Saint-Maur-d'Algérie,1,0,2,commissaire_aux_comptes,1922,1926,"Transports terrestres, garages automobiles et agricoles"
lairesse,Lairesse,Lairesse,1,0,2,commissaire_aux_comptes,1922,1926,"Transports terrestres, garages automobiles et agricoles"
solessin,Solessin,Solessin,1,0,2,commissaire_aux_comptes,1922,1926,"Transports terrestres, garages automobiles et agricoles"
legrain,Legrain,Legrain,1,0,2,commissaire_aux_comptes,1922,1926,"Transports terrestres, garages automobiles et agricoles"
vercruisse,Vercruisse,Vercruisse,1,0,2,commissaire_aux_comptes,1922,1926,"Transports terrestres, garages automobiles et agricoles"
coupure,Coupure,Coupure,1,0,2,commissaire_aux_comptes,1922,1926,"Transports terrestres, garages automobiles et agricoles"
watteville-a,Watteville,Alfred de Watteville,1,0,2,commissaire_aux_comptes,1922,1926,"Transports terrestres, garages automobiles et agricoles"
pascard-j,Pascard,Joseph Pascard,1,0,2,commissaire_aux_comptes,1922,1924,Industries agro-alimentaires
lagrabe-j,Lagrabe,Joseph Lagrabe,1,0,2,commissaire_aux_comptes,1922,1924,Industries agro-alimentaires
porte-l-louis,Porte,Louis Porte,1,0,2,commissaire_aux_comptes,1924,1926,Industries agro-alimentaires
clement,CLÉMENT,CLÉMENT,1,0,2,commissaire_aux_comptes,1922,1926,Commerce
mohamed-r,Mohamed,Remaoun Mohamed,1,0,1,commissaire_aux_comptes,1928,1928,Foncières et immobilières
et-benhamza-ali,et Benhamza Ali,et Benhamza Ali,1,0,1,commissaire_aux_comptes,1928,1928,Foncières et immobilières
jorelle-j,Jorelle,Jules Jorelle,1,0,1,commissaire_aux_comptes,1922,1922,"Banques et groupes financiers, assurances"
tarare,Tarare,Tarare,1,0,1,commissaire_aux_comptes,1922,1922,Industries agro-alimentaires
dupuis-e,Dupuis,Eugène Dupuis,1,0,1,commissaire_aux_comptes,1926,1926,Industries agro-alimentaires
beauvais,Beauvais,Beauvais,1,0,1,commissaire_aux_comptes,1926,1926,Industries agro-alimentaires
tachet-f,Tachet,Félix Tachet,1,0,1,commissaire_aux_comptes,1922,1922,Industries chimiques
mf-p,5 MF,5 MF,1,0,1,commissaire_aux_comptes,1922,1922,Industries chimiques
brisset-p-pierre,Brisset,Pierre Brisset,1,0,1,commissaire_aux_comptes,1926,1926,"Filière bois : exploitation forestière, liège, meubles, cellulose, papier…"
pannetier-g,Pannetier,Georges Pannetier,1,0,1,commissaire_aux_comptes,1926,1926,"Filière bois : exploitation forestière, liège, meubles, cellulose, papier…"
champromis-f,CHAMPROMIS,CHAMPROMIS,1,0,1,commissaire_aux_comptes,1922,1922,Industries agro-alimentaires
ciavaldini,CIAVALDINI,CIAVALDINI,1,0,1,commissaire_aux_comptes,1926,1926,Industries agro-alimentaires
jourdan-g,Jourdan,Gabriel Jourdan,1,0,1,commissaire_aux_comptes,1924,1924,"Transports terrestres, garages automobiles et agricoles"
reichel-l,Reichel,Louis-Philippe Reichel,1,0,1,commissaire_aux_comptes,1901,1901,Industries agro-alimentaires
payen,PAYEN,PAYEN,1,0,1,commissaire_aux_comptes,1926,1926,Industries agro-alimentaires
cordelet,CORDELET,CORDELET,1,0,1,commissaire_aux_comptes,1926,1926,Industries agro-alimentaires
millies-t,Milliès,Théodore Milliès,1,0,1,commissaire_aux_comptes,1926,1926,Commerce
peloni-c,Peloni,Ch. Peloni,1,0,1,gerant,1948,1948,Transports maritimes et aériens
godin-f,Godin,F. Godin,1,0,1,gerant,1948,1948,Transports maritimes et aériens
routaboul-d,Routaboul,D. Routaboul,1,0,1,gerant,1948,1948,Transports maritimes et aériens
paoli-a,Paoli,Albert Paoli,1,0,1,commissaire_aux_comptes,1926,1926,"Eau, gaz, électricité (Utilities)"
dominici-a,Dominici,Alexandre Dominici,1,0,1,commissaire_aux_comptes,1926,1926,"Eau, gaz, électricité (Utilities)"
jamme-a,Jamme,Auguste Jamme,1,0,1,commissaire_aux_comptes,1926,1926,Mines et carrières
enjalbert,ENJALBERT,ENJALBERT,1,0,1,commissaire_aux_comptes,1926,1926,Mines et carrières
balfour-horne-j,BALFOUR HORNE,BALFOUR HORNE,1,0,1,commissaire_aux_comptes,1922,1922,Commerce
docquier-l,Docquier,Lucien Docquier,1,0,1,commissaire_aux_comptes,1922,1922,Commerce
hochappel,HOCHAPPEL,HOCHAPPEL,1,0,1,commissaire_aux_comptes,1926,1926,"Transports terrestres, garages automobiles et agricoles"
charlot-v,Charlot,Victor Charlot,1,0,1,commissaire_aux_comptes,1924,1924,"Transports terrestres, garages automobiles et agricoles"
delrieu-e-emile,Delrieu,Émile Delrieu,1,0,1,commissaire_aux_comptes,1926,1926,Loisirs
bonefoy-j,Bonefoy,Jules Bonefoy,1,0,1,commissaire_aux_comptes,1922,1922,"Banques et groupes financiers, assurances"
brilloit-h,Brilloit,Henri Brilloit,1,0,1,commissaire_aux_comptes,1924,1924,"Banques et groupes financiers, assurances"
schulthess-w,Schulthess,William Schulthess,1,0,1,directeur,1926,1926,"Banques et groupes financiers, assurances"
gioja-e,Gioja,E. Gioja,1,0,1,directeur_general,1925,1925,Documents généraux (par ordre chronologique)
succursale-a-marseille,succursale à Marseille,succursale à Marseille,1,0,1,directeur_general,1925,1925,Documents généraux (par ordre chronologique)
maroc,Maroc,Maroc,1,0,1,directeur_general,1925,1925,Documents généraux (par ordre chronologique)
terrestres-defenses-fluviales,terrestres.. * DÉFENSES FLUVIALES,terrestres.. * DÉFENSES FLUVIALES,1,0,1,directeur_general,1925,1925,Documents généraux (par ordre chronologique)
direction,Direction,Direction,1,0,1,directeur_general,1925,1925,Documents généraux (par ordre chronologique)
rousseau-p,Rousseau,P. Rousseau,1,0,1,directeur_general,1925,1925,Documents généraux (par ordre chronologique)
le-grand-e,Le Grand,Eugène Le Grand,1,0,1,directeur,1925,1925,Documents généraux (par ordre chronologique)
jedeau-g,Jédeau,Gaston Jédeau,1,0,1,directeur_general,1925,1925,Documents généraux (par ordre chronologique)
caen-l,Caen,Caen,1,0,1,directeur_general,1925,1925,Documents généraux (par ordre chronologique)
lorient,Lorient,Lorient,1,0,1,directeur_general,1925,1925,Documents généraux (par ordre chronologique)
charleville,Charleville,Charleville,1,0,1,directeur_general,1925,1925,Documents généraux (par ordre chronologique)
belfort,Belfort,Belfort,1,0,1,directeur_general,1925,1925,Documents généraux (par ordre chronologique)
masson-l,Masson,L. Masson,1,0,1,secretaire,1925,1925,Documents généraux (par ordre chronologique)
charriere-a,Charrière,A. Charrière,1,0,1,gerant,1925,1925,Documents généraux (par ordre chronologique)
visinet-l,Visinet,L. Visinet,1,0,1,gerant,1925,1925,Documents généraux (par ordre chronologique)
chartres,Chartres,Chartres,1,0,1,gerant,1925,1925,Documents généraux (par ordre chronologique)
dieppe,Dieppe,Dieppe,1,0,1,gerant,1925,1925,Documents généraux (par ordre chronologique)
neuville-m,Neuville,Neuville,1,0,1,gerant,1925,1925,Documents généraux (par ordre chronologique)
st-nicolas,St-Nicolas,St-Nicolas,1,0,1,gerant,1925,1925,Documents généraux (par ordre chronologique)
saint-pair,Saint-Pair,Saint-Pair,1,0,1,gerant,1925,1925,Documents généraux (par ordre chronologique)
honfleur,Honfleur,Honfleur,1,0,1,gerant,1925,1925,Documents généraux (par ordre chronologique)
morlaix,Morlaix,Morlaix,1,0,1,gerant,1925,1925,Documents généraux (par ordre chronologique)
st-brieuc,St-Brieuc,St-Brieuc,1,0,1,gerant,1925,1925,Documents généraux (par ordre chronologique)
plerin,Plérin,Plérin,1,0,1,gerant,1925,1925,Documents généraux (par ordre chronologique)
st-malo,St-Malo,St-Malo,1,0,1,gerant,1925,1925,Documents généraux (par ordre chronologique)
st-servan,St-Servan,St-Servan,1,0,1,gerant,1925,1925,Documents généraux (par ordre chronologique)
parame,Paramé,Paramé,1,0,1,gerant,1925,1925,Documents généraux (par ordre chronologique)
yvetot,Yvetot,Yvetot,1,0,1,gerant,1925,1925,Documents généraux (par ordre chronologique)
el-biar,El Biar,El Biar,1,0,1,gerant,1925,1925,Documents généraux (par ordre chronologique)
kouba,Kouba,Kouba,1,0,1,gerant,1925,1925,Documents généraux (par ordre chronologique)
mustapha,Mustapha,Mustapha,1,0,1,gerant,1925,1925,Documents généraux (par ordre chronologique)
st-eugene,St-Eugène,St-Eugène,1,0,1,gerant,1925,1925,Documents généraux (par ordre chronologique)
ramleh,Ramleh,Ramleh,1,0,1,gerant,1925,1925,Documents généraux (par ordre chronologique)
abbasic,Abbasic,Abbasic,1,0,1,gerant,1925,1925,Documents généraux (par ordre chronologique)
boulac,Boulac,Boulac,1,0,1,gerant,1925,1925,Documents généraux (par ordre chronologique)
cadix,Cadix,Cadix,1,0,1,gerant,1925,1925,Documents généraux (par ordre chronologique)
gracia,Gracia,Gracia,1,0,1,gerant,1925,1925,Documents généraux (par ordre chronologique)
grenade,Grenade,Grenade,1,0,1,gerant,1925,1925,Documents généraux (par ordre chronologique)
murcie,Murcie,Murcie,1,0,1,gerant,1925,1925,Documents généraux (par ordre chronologique)
puerto-santa-maria,Puerto-Santa-Maria,Puerto-Santa-Maria,1,0,1,gerant,1925,1925,Documents généraux (par ordre chronologique)
santander,Santander,Santander,1,0,1,gerant,1925,1925,Documents généraux (par ordre chronologique)
valence,Valence,Valence,1,0,1,gerant,1925,1925,Documents généraux (par ordre chronologique)
borg-f,Borg,Félix Borg,1,0,1,ingenieur_conseil,1925,1925,Documents généraux (par ordre chronologique)
pianelli,Pianelli,Pianelli,1,0,1,ingenieur_conseil,1925,1925,Documents généraux (par ordre chronologique)
thomas-e-eugene,Thomas,Eugène Thomas,1,0,1,ingenieur_conseil,1925,1925,Documents généraux (par ordre chronologique)
galle-j,Galle,Joseph Galle,1,0,1,ingenieur_conseil,1925,1925,Documents généraux (par ordre chronologique)
de-talhouet-f,de Talhouët,François de Talhouët,1,0,1,commissaire_aux_comptes,1925,1925,Documents généraux (par ordre chronologique)
dutreil-c,Dutreil,Claude Dutreil,1,0,1,commissaire_aux_comptes,1925,1925,Documents généraux (par ordre chronologique)
antinea,Antinea,Antinea,1,0,1,commissaire_aux_comptes,1925,1925,Documents généraux (par ordre chronologique)
ariette,Ariette,Ariette,1,0,1,commissaire_aux_comptes,1925,1925,Documents généraux (par ordre chronologique)
berenice,Bérénice,Bérénice,1,0,1,commissaire_aux_comptes,1925,1925,Documents généraux (par ordre chronologique)
briseis,Briséis,Briséis,1,0,1,commissaire_aux_comptes,1925,1925,Documents généraux (par ordre chronologique)
clio,Clio,Clio,1,0,1,commissaire_aux_comptes,1925,1925,Documents généraux (par ordre chronologique)
cybele,Cybèle,Cybèle,1,0,1,commissaire_aux_comptes,1925,1925,Documents généraux (par ordre chronologique)
baucis,Baucis,Baucis,1,0,1,commissaire_aux_comptes,1925,1925,Documents généraux (par ordre chronologique)
omphale,Omphale,Omphale,1,0,1,commissaire_aux_comptes,1925,1925,Documents généraux (par ordre chronologique)
ophelie,Ophélie,Ophélie,1,0,1,commissaire_aux_comptes,1925,1925,Documents généraux (par ordre chronologique)
nausicaa,Nausicaa,Nausicaa,1,0,1,commissaire_aux_comptes,1925,1925,Documents généraux (par ordre chronologique)
monique,Monique,Monique,1,0,1,commissaire_aux_comptes,1925,1925,Documents généraux (par ordre chronologique)
merope,Mérope,Mérope,1,0,1,commissaire_aux_comptes,1925,1925,Documents généraux (par ordre chronologique)
melpomene,Melpomène,Melpomène,1,0,1,commissaire_aux_comptes,1925,1925,Documents généraux (par ordre chronologique)
brest,Brest,Brest,1,0,1,commissaire_aux_comptes,1925,1925,Documents généraux (par ordre chronologique)
tonnay-charente,Tonnay-Charente,Tonnay-Charente,1,0,1,commissaire_aux_comptes,1925,1925,Documents généraux (par ordre chronologique)
grosos-a,Grosos,André Grosos,1,0,1,directeur_general,1925,1925,Documents généraux (par ordre chronologique)
ouest-de-madagascar-c,Ouest de Madagascar,Côte Ouest de Madagascar,1,0,1,directeur_general,1925,1925,Documents généraux (par ordre chronologique)
mozambique,Mozambique,Mozambique,1,0,1,directeur_general,1925,1925,Documents généraux (par ordre chronologique)
est-de-madagascar-c,Est de Madagascar,Côte Est de Madagascar,1,0,1,directeur_general,1925,1925,Documents généraux (par ordre chronologique)
ile-m,île,Maurice île,1,0,1,directeur_general,1925,1925,Documents généraux (par ordre chronologique)
feron-g,Feron,G. Feron,1,0,1,directeur_general,1925,1925,Documents généraux (par ordre chronologique)
motti,Motti,Motti,1,0,1,directeur_general,1925,1925,Documents généraux (par ordre chronologique)
de-chambrier-p,de Chambrier,Paul de Chambrier,1,0,1,directeur_general,1925,1925,Documents généraux (par ordre chronologique)
alicante,Alicante,Alicante,1,0,1,directeur_general,1919,1919,Documents généraux (par ordre chronologique)
epernay,Épernay,Épernay,1,0,1,directeur_general,1919,1919,Documents généraux (par ordre chronologique)
limoges,Limoges,Limoges,1,0,1,directeur_general,1919,1919,Documents généraux (par ordre chronologique)
perrigot-ing-ecp-i,Perrigot [ing. ECP,I. Perrigot [ing. ECP,1,0,1,directeur,1938,1938,Documents généraux (par ordre chronologique)
jacout-p,Jacout,Pierre Jacout,1,0,1,gerant,1938,1938,Documents généraux (par ordre chronologique)
breton-m,Breton,Marcel Breton,1,0,1,gerant,1938,1938,Documents généraux (par ordre chronologique)
en-angleterre-r,en Angleterre,Représentants en Angleterre,1,0,1,gerant,1938,1938,Documents généraux (par ordre chronologique)
hollande-j,Hollande,Hollande,1,0,1,gerant,1938,1938,Documents généraux (par ordre chronologique)
roumanie,Roumanie,Roumanie,1,0,1,gerant,1938,1938,Documents généraux (par ordre chronologique)
yougoslavie,Yougoslavie,Yougoslavie,1,0,1,gerant,1938,1938,Documents généraux (par ordre chronologique)
bulgarie,Bulgarie,Bulgarie,1,0,1,gerant,1938,1938,Documents généraux (par ordre chronologique)
bresil,Brésil,Brésil,1,0,1,gerant,1938,1938,Documents généraux (par ordre chronologique)
chili,Chili,Chili,1,0,1,gerant,1938,1938,Documents généraux (par ordre chronologique)
portugal,Portugal,Portugal,1,0,1,gerant,1938,1938,Documents généraux (par ordre chronologique)
espagne,Espagne,Espagne,1,0,1,gerant,1938,1938,Documents généraux (par ordre chronologique)
carbonate-de-baryte,Carbonate de baryte,Carbonate de baryte,1,0,1,gerant,1938,1938,Documents généraux (par ordre chronologique)
pour-l-ensimage-p,pour l'ensimage,Produits pour l'ensimage,1,0,1,gerant,1938,1938,Documents généraux (par ordre chronologique)
minerales-c,minérales,Couleurs minérales,1,0,1,gerant,1938,1938,Documents généraux (par ordre chronologique)
etc-specialites-de-couleurs-fines,etc. Spécialités de couleurs fines,etc. Spécialités de couleurs fines,1,0,1,gerant,1938,1938,Documents généraux (par ordre chronologique)
meley-j,Meley,J. Meley,1,0,1,gerant,1910,1910,Documents généraux (par ordre chronologique)
millet-w,Millet,W. H. Millet,1,0,1,gerant,1910,1910,Documents généraux (par ordre chronologique)
cacace-n,Cacace,N. Cacace,1,0,1,gerant,1910,1910,Documents généraux (par ordre chronologique)
jean-levacher-t,Jean-Levacher,T. Jean-Levacher,1,0,1,gerant,1910,1910,Documents généraux (par ordre chronologique)
perrelet-a,Perrelet,Armand Perrelet,1,0,1,directeur,1910,1910,Documents généraux (par ordre chronologique)
camuzat-de-riancey-r,Camuzat de Riancey,Robert Camuzat de Riancey,1,0,1,commissaire_aux_comptes,1924,1924,"Transports terrestres, garages automobiles et agricoles"
senac-a,Senac,A. Senac,1,0,1,commissaire_aux_comptes,1924,1924,"Transports terrestres, garages automobiles et agricoles"
bolleli,BOLLELI,BOLLELI,1,0,1,commissaire_aux_comptes,1926,1926,"Transports terrestres, garages automobiles et agricoles"
de-roux-p,de Roux,Pierre de Roux,1,0,1,directeur,1948,1948,"Banques et groupes financiers, assurances"
delahaye-r,Delahaye,Roger Delahaye,1,0,1,secretaire,1948,1948,"Banques et groupes financiers, assurances"
socrate-a,Socrate,Alfano Socrate,1,0,1,commissaire_aux_comptes,1930,1930,"Banques et groupes financiers, assurances"
pasqualini-e,Pasqualini,Édouard Pasqualini,1,0,1,commissaire_aux_comptes,1930,1930,"Banques et groupes financiers, assurances"
perrin,Perrin,Perrin,1,0,1,commissaire_aux_comptes,1930,1930,"Banques et groupes financiers, assurances"
alfano-v,Alfano,Alfano,1,0,1,commissaire_aux_comptes,1929,1929,"Banques et groupes financiers, assurances"
m-lauriol-a,M Lauriol,Albert Emile M Lauriol,1,0,1,commissaire_aux_comptes,1940,1940,"Banques et groupes financiers, assurances"
m-mercier-e,M. MERCIER,Et M. MERCIER,1,0,1,commissaire_aux_comptes,1940,1940,"Banques et groupes financiers, assurances"
emerat-a,Émerat,Albéric Émerat,1,0,1,commissaire_aux_comptes,1922,1922,Industries agro-alimentaires
clementel-g,Clémentel,Gilbert Clémentel,1,0,1,commissaire_aux_comptes,1926,1926,Industries agro-alimentaires
sept-merveilles,Sept-Merveilles,Sept-Merveilles,1,0,1,commissaire_aux_comptes,1926,1926,Industries agro-alimentaires
telemly,Télemly,Télemly,1,0,1,commissaire_aux_comptes,1926,1926,Industries agro-alimentaires
leblanc,LEBLANC,LEBLANC,1,0,1,commissaire_aux_comptes,1926,1926,Commerce
montaldo-j,Montaldo,J. Montaldo,1,0,1,commissaire_aux_comptes,1926,1926,Commerce
michaelef-f,MICHAËLEF,MICHAËLEF,1,0,1,commissaire_aux_comptes,1926,1926,Industries agro-alimentaires
reynes-l,Reynes,Louis Reynes,1,0,1,commissaire_aux_comptes,1926,1926,"Bâtiment et travaux publics, matériaux de construction, céramique"
nessler-c,Nessler,Charles Nessler,1,0,1,commissaire_aux_comptes,1926,1926,"Filière bois : exploitation forestière, liège, meubles, cellulose, papier…"
louis-champ-v,Louis Champ,Vve Louis Champ,1,0,1,commissaire_aux_comptes,1926,1926,"Banques et groupes financiers, assurances"
jouane-g,Jouane,Gaston Jouane,1,0,1,commissaire_aux_comptes,1926,1926,"Banques et groupes financiers, assurances"
roure-j-joseph,Roure,Joseph Roure,1,0,1,commissaire_aux_comptes,1926,1926,"Banques et groupes financiers, assurances"
cervera-r,Cervera,Rapahël Cervera,1,0,1,commissaire_aux_comptes,1926,1926,"Métallurgie, constructions navales"
jean-h-hector,Jean,Hector Jean,1,0,1,commissaire_aux_comptes,1924,1924,Commerce
baudoin-de-maisonblanche,Baudoin de Maisonblanche,Baudoin de Maisonblanche,1,0,1,commissaire_aux_comptes,1922,1922,"Filière bois : exploitation forestière, liège, meubles, cellulose, papier…"
deiss,Deiss,Deiss,1,0,1,commissaire_aux_comptes,1922,1922,"Filière bois : exploitation forestière, liège, meubles, cellulose, papier…"
imbert,Imbert,Imbert,1,0,1,directeur_general,1938,1938,"Filière bois : exploitation forestière, liège, meubles, cellulose, papier…"
letourneau,Letourneau,Letourneau,1,0,1,directeur_general,1938,1938,"Filière bois : exploitation forestière, liège, meubles, cellulose, papier…"
chatou,Chatou,Chatou,1,0,1,commissaire_aux_comptes,1922,1922,Mines et carrières
chataur,CHATAUR,CHATAUR,1,0,1,commissaire_aux_comptes,1922,1922,Mines et carrières
chataux-l,Chataux,Louis Chataux,1,0,1,commissaire_aux_comptes,1924,1924,Mines et carrières
chatoney,Chatoney,Chatoney,1,0,1,commissaire_aux_comptes,1922,1922,"Transports terrestres, garages automobiles et agricoles"
chatoney-e,Chatoney,Eugène Chatoney,1,0,1,commissaire_aux_comptes,1926,1926,"Transports terrestres, garages automobiles et agricoles"
rivaux-p,Rivaux,Paul Rivaux,1,0,1,commissaire_aux_comptes,1926,1926,"Transports terrestres, garages automobiles et agricoles"
roussel-n,ROUSSEL,N. ROUSSEL,1,0,1,directeur,1931,1931,Mines et carrières
massenet,Massenet,Massenet,1,0,1,commissaire_aux_comptes,1922,1922,Mines et carrières
herouville,Hérouville,Hérouville,1,0,1,commissaire_aux_comptes,1926,1926,Mines et carrières
saint-eugene,Saint-Eugène,Saint-Eugène,1,0,1,commissaire_aux_comptes,1926,1926,"Filière bois : exploitation forestière, liège, meubles, cellulose, papier…"
auclair-h,Auclair,Henri Auclair,1,0,1,commissaire_aux_comptes,1924,1924,"Bâtiment et travaux publics, matériaux de construction, céramique"
charpentier-l,Charpentier,Léon Charpentier,1,0,1,commissaire_aux_comptes,1922,1922,"Bâtiment et travaux publics, matériaux de construction, céramique"
malaret,MALARET,MALARET,1,0,1,commissaire_aux_comptes,1926,1926,"Transports terrestres, garages automobiles et agricoles"
bouteron-j,Bouteron,J. Bouteron,1,0,1,commissaire_aux_comptes,1942,1942,"Transports terrestres, garages automobiles et agricoles"
bouzereau,Bouzereau,Bouzereau,1,0,1,directeur,1950,1950,"Banques et groupes financiers, assurances"
janin,Janin,Janin,1,0,1,directeur,1950,1950,"Banques et groupes financiers, assurances"
mohring-l,Mohring,Léon Mohring,1,0,1,commissaire_aux_comptes,1926,1926,Industries agro-alimentaires
beal-a,Beal,Adrien Beal,1,0,1,commissaire_aux_comptes,1922,1922,Foncières et immobilières
cornu-j,Cornu,Jean Cornu,1,0,1,commissaire_aux_comptes,1922,1922,Foncières et immobilières
heritier,Héritier,Héritier,1,0,1,commissaire_aux_comptes,1926,1926,Industries agro-alimentaires
seurre,Seurre,Seurre,1,0,1,commissaire_aux_comptes,1926,1926,Industries agro-alimentaires
thouroude-g,Thouroude,G. Thouroude,1,0,1,commissaire_aux_comptes,1926,1926,Commerce
royer-a,Royer,André Royer,1,0,1,commissaire_aux_comptes,1922,1922,Industries agro-alimentaires
stieldorff,Stieldorff,Stieldorff,1,0,1,directeur,1880,1880,"Banques et groupes financiers, assurances"
trichon-j,Trichon,Jacques-Antonin Trichon,1,0,1,directeur,1922,1922,"Banques et groupes financiers, assurances"
millagou-a,MILLAGOU,MILLAGOU,1,0,1,directeur,1922,1922,"Banques et groupes financiers, assurances"
schweisguth,SCHWEISGUTH,SCHWEISGUTH,1,0,1,directeur,1922,1922,"Banques et groupes financiers, assurances"
dir-rongier,dir. RONGIER,dir. RONGIER,1,0,1,directeur,1922,1922,"Banques et groupes financiers, assurances"
chevallier-a,Chevallier,A. Chevallier,1,0,1,commissaire_aux_comptes,1924,1924,Industries agro-alimentaires
guery-a,Guéry,A. Guéry,1,0,1,commissaire_aux_comptes,1924,1924,Industries agro-alimentaires
achard-a,Achard,A. Achard,1,0,1,commissaire_aux_comptes,1926,1926,Industries agro-alimentaires
lallement,LALLEMENT,LALLEMENT,1,0,1,commissaire_aux_comptes,1924,1924,Commerce
rognon-m,Rognon,Maurice Rognon,1,0,1,commissaire_aux_comptes,1924,1924,Commerce
teton-a,Téton,Achille Téton,1,0,1,commissaire_aux_comptes,1926,1926,"Banques et groupes financiers, assurances"
coste-j,Coste,Jules Coste,1,0,1,commissaire_aux_comptes,1926,1926,"Banques et groupes financiers, assurances"
freppel-j,Freppel,Julien Freppel,1,0,1,commissaire_aux_comptes,1926,1926,"Banques et groupes financiers, assurances"
petitjean-v,Petitjean,Victor Petitjean,1,0,1,commissaire_aux_comptes,1926,1926,"Banques et groupes financiers, assurances"
lorenzo-p,Lorenzo,Philippe Lorenzo,1,0,1,commissaire_aux_comptes,1923,1923,"Banques et groupes financiers, assurances"
garnier-antoine-e,Garnier Antoine,Et Garnier Antoine,1,0,1,commissaire_aux_comptes,1923,1923,"Banques et groupes financiers, assurances"
pessina-x,Pessina,Xavier Pessina,1,0,1,commissaire_aux_comptes,1926,1926,"Banques et groupes financiers, assurances"
gouailhardou-m,Gouailhardou,Maurice Gouailhardou,1,0,1,commissaire_aux_comptes,1926,1926,"Banques et groupes financiers, assurances"
vollenweider-m,Vollenweider,Maurice Vollenweider,1,0,1,commissaire_aux_comptes,1922,1922,Commerce
gantes-c,Gantès,Charles Gantès,1,0,1,commissaire_aux_comptes,1926,1926,Commerce
gonalons-r,Gonalons,René Gonalons,1,0,1,commissaire_aux_comptes,1926,1926,Commerce
karsenti-m,Karsenti,Massaoud Karsenti,1,0,1,commissaire_aux_comptes,1926,1926,Commerce
giry-a,Giry,Albert Giry,1,0,1,commissaire_aux_comptes,1926,1926,Commerce
boude-l,Boude,Léon Boude,1,0,1,commissaire_aux_comptes,1926,1926,"Métallurgie, constructions navales"
bouchon-e,Bouchon,Eugène Bouchon,1,0,1,commissaire_aux_comptes,1926,1926,Commerce
brissonnet-a,Brissonnet,Albert Brissonnet,1,0,1,secretaire,1926,1926,Industries agro-alimentaires
marcille-r,Marcille,René Marcille,1,0,1,commissaire_aux_comptes,1926,1926,Industries agro-alimentaires
coq-c,Coq,Célestin Coq,1,0,1,gerant,1926,1926,"Transports terrestres, garages automobiles et agricoles"
franc-v,Franc,Victor Franc,1,0,1,commissaire_aux_comptes,1926,1926,Industries agro-alimentaires
antoni-j,Antoni,J. Antoni,1,0,1,directeur,1880,1880,"Banques et groupes financiers, assurances"
gratien-h,Gratien,Henri Gratien,1,0,1,commissaire_aux_comptes,1926,1926,"Banques et groupes financiers, assurances"
tabone-j,Tabone,Joseph Tabone,1,0,1,commissaire_aux_comptes,1926,1926,"Banques et groupes financiers, assurances"
cometta-a,Cometta,Alexandre Cometta,1,0,1,commissaire_aux_comptes,1926,1926,Commerce
stamboul-f,Stamboul,F. Stamboul,1,0,1,commissaire_aux_comptes,1926,1926,"Métallurgie, constructions navales"
zevaco-r,Zévaco,Raoul Zévaco,1,0,1,commissaire_aux_comptes,1926,1926,Industries agro-alimentaires
rostand,Rostand,Rostand,1,0,1,commissaire_aux_comptes,1922,1922,Mines et carrières
simon,Simon,Simon,1,0,1,commissaire_aux_comptes,1922,1922,Mines et carrières
marchand-j-jacques,Marchand,Jacques Marchand,1,0,1,commissaire_aux_comptes,1926,1926,Mines et carrières
berquier-a,Berquier,Auguste Berquier,1,0,1,commissaire_aux_comptes,1926,1926,"Hôtellerie-restauration, tourisme"
chabriat-l,Chabriat,Laurent Chabriat,1,0,1,commissaire_aux_comptes,1926,1926,"Hôtellerie-restauration, tourisme"
marotzki-r,Marotzki,Reynold Marotzki,1,0,1,commissaire_aux_comptes,1926,1926,Industries agro-alimentaires
ott-b,Ott,Benoît Ott,1,0,1,commissaire_aux_comptes,1926,1926,Industries agro-alimentaires
guibert-l-leopold,Guibert,Léopold de Guibert,1,0,1,commissaire_aux_comptes,1926,1926,Industries agro-alimentaires
roude-l,Roude,Léon Roude,1,0,1,commissaire_aux_comptes,1926,1926,Industries agro-alimentaires
haut-mont-hydra,Haut-Mont-Hydra,Haut-Mont-Hydra,1,0,1,commissaire_aux_comptes,1926,1926,Industries agro-alimentaires
guiraud-de-levizac,GUIRAUD DE LÉVIZAC,GUIRAUD DE LÉVIZAC,1,0,1,commissaire_aux_comptes,1926,1926,Industries agro-alimentaires
alger-a,Alger.,ADOLPHE Alger.,1,0,1,commissaire_aux_comptes,1926,1926,Industries agro-alimentaires
thirion-h,Thirion,Henri Thirion,1,0,1,commissaire_aux_comptes,1924,1924,Industries agro-alimentaires
germain-j-jacques,Germain,Jacques Germain,1,0,1,commissaire_aux_comptes,1926,1926,Industries agro-alimentaires
isnard-g,Isnard,Gaspard Isnard,1,0,1,commissaire_aux_comptes,1911,1911,"Eau, gaz, électricité (Utilities)"
harven-p,Harven,Pierre de Harven,1,0,1,commissaire_aux_comptes,1926,1926,"Eau, gaz, électricité (Utilities)"
rabouin-m,Rabouin,Maurice Rabouin,1,0,1,commissaire_aux_comptes,1926,1926,"Eau, gaz, électricité (Utilities)"
dujardin,DUJARDIN,DUJARDIN,1,0,1,commissaire_aux_comptes,1926,1926,"Eau, gaz, électricité (Utilities)"
constitution-l,Constitution,Constitution,1,0,1,commissaire_aux_comptes,1922,1922,"Eau, gaz, électricité (Utilities)"
mougeot,MOUGEOT,MOUGEOT,1,0,1,commissaire_aux_comptes,1926,1926,"Eau, gaz, électricité (Utilities)"
levy-m-marcel,Lévy,Marcel Lévy,1,0,1,commissaire_aux_comptes,1922,1922,"Bâtiment et travaux publics, matériaux de construction, céramique"
accati-c,Accati,Charles Accati,1,0,1,commissaire_aux_comptes,1926,1926,Commerce
classiault-a,Classiault,Arthur Classiault,1,0,1,commissaire_aux_comptes,1926,1926,Commerce
baudis-a,Baudis,Armand Baudis,1,0,1,commissaire_aux_comptes,1926,1926,Commerce
he-c,H.E C,H.E C,1,0,1,commissaire_aux_comptes,1926,1926,Commerce
fils-d-antoine-montesinos,fils d'Antoine Montesinos,fils d'Antoine Montesinos,1,0,1,commissaire_aux_comptes,1926,1926,Commerce
et-micheline,et Micheline,et Micheline,1,0,1,commissaire_aux_comptes,1926,1926,Commerce
fils-de-m-faure,fils de M. Faure,fils de M. Faure,1,0,1,commissaire_aux_comptes,1926,1926,Commerce
fraissinet-g,Fraissinet,Georges Fraissinet,1,0,1,commissaire_aux_comptes,1926,1926,Industries agro-alimentaires
boudou-r,Boudou,Roger Boudou,1,0,1,commissaire_aux_comptes,1924,1924,"Banques et groupes financiers, assurances"
giuseppi,Giuseppi,Giuseppi,1,0,1,directeur,1931,1931,Industries chimiques
garavini-l,Garavini,Louis Garavini,1,0,1,commissaire_aux_comptes,1924,1924,Industries agro-alimentaires
pepin,PÉPIN,PÉPIN,1,0,1,commissaire_aux_comptes,1926,1926,Industries agro-alimentaires
cottin-g,Cottin,Georges Cottin,1,0,1,secretaire,1926,1926,Industries agro-alimentaires
rousselot-de-saint-ceran-p,Rousselot de Saint-Céran,Pierre Rousselot de Saint-Céran,1,0,1,commissaire_aux_comptes,1926,1926,Industries agro-alimentaires
laverny-p,Laverny,Pierre Laverny,1,0,1,commissaire_aux_comptes,1926,1926,Industries agro-alimentaires
ces-j,Ces,Jean Ces,1,0,1,commissaire_aux_comptes,1922,1922,Industries agro-alimentaires
anceret-c,Anceret,Camille Anceret,1,0,1,commissaire_aux_comptes,1922,1922,Industries agro-alimentaires
assiste-de-mm-patricot,assisté de MM. Patricot,assisté de MM. Patricot,1,0,1,commissaire_aux_comptes,1912,1912,Foncières et immobilières
becret,Bécret,Bécret,1,0,1,commissaire_aux_comptes,1912,1912,Foncières et immobilières
guilmin-h,Guilmin,Henri Guilmin,1,0,1,commissaire_aux_comptes,1922,1922,Foncières et immobilières
aubert-h,Aubert,Henri Aubert,1,0,1,commissaire_aux_comptes,1922,1922,Foncières et immobilières
buriat-e,Buriat,Émile Buriat,1,0,1,commissaire_aux_comptes,1926,1926,Foncières et immobilières
rehm-m,Rehm,Marcel Rehm,1,0,1,commissaire_aux_comptes,1926,1926,"Eau, gaz, électricité (Utilities)"
vidal-j,Vidal,Joseph Vidal,1,0,1,commissaire_aux_comptes,1926,1926,"Eau, gaz, électricité (Utilities)"
puig,PUIG,PUIG,1,0,1,commissaire_aux_comptes,1926,1926,"Filière bois : exploitation forestière, liège, meubles, cellulose, papier…"
de-renty-g,de Renty,Gaston de Renty,1,0,1,commissaire_aux_comptes,1926,1926,"Filière bois : exploitation forestière, liège, meubles, cellulose, papier…"
de-castelnau-e,de Castelnau,Édouard de Castelnau,1,0,1,commissaire_aux_comptes,1926,1926,"Filière bois : exploitation forestière, liège, meubles, cellulose, papier…"
lichtenstein-j,Lichtenstein,Jean Lichtenstein,1,0,1,commissaire_aux_comptes,1926,1926,"Filière bois : exploitation forestière, liège, meubles, cellulose, papier…"
butori-p,Butori,Paul Butori,1,0,1,commissaire_aux_comptes,1926,1926,"Transports terrestres, garages automobiles et agricoles"
salasc-a,Salasc,André Salasc,1,0,1,commissaire_aux_comptes,1926,1926,"Transports terrestres, garages automobiles et agricoles"
arnault-e,Arnault,Arnault,1,0,1,commissaire_aux_comptes,1922,1922,Mines et carrières
ferrouillet-v,Ferrouillet,Victor Ferrouillet,1,0,1,commissaire_aux_comptes,1922,1922,"Filière bois : exploitation forestière, liège, meubles, cellulose, papier…"
brilloid-h,Brilloid,Henri Brilloid,1,0,1,commissaire_aux_comptes,1926,1926,"Filière bois : exploitation forestière, liège, meubles, cellulose, papier…"
beltcatguy,Beltçatguy,Beltçatguy,1,0,1,commissaire_aux_comptes,1926,1926,"Filière bois : exploitation forestière, liège, meubles, cellulose, papier…"
quinvarel,QUINVAREL,QUINVAREL,1,0,1,commissaire_aux_comptes,1926,1926,Industries agro-alimentaires
viollet-h,Viollet,Henri Viollet,1,0,1,commissaire_aux_comptes,1926,1926,Industries agro-alimentaires
tholozan-h,Tholozan,Henri Tholozan,1,0,1,commissaire_aux_comptes,1926,1926,Commerce
weill-t,Weill,Théophile Weill,1,0,1,commissaire_aux_comptes,1926,1926,"Transports terrestres, garages automobiles et agricoles"
bonnefons-h,Bonnefons,Henri Bonnefons,1,0,1,commissaire_aux_comptes,1926,1926,"Eau, gaz, électricité (Utilities)"
muller-n,Muller,Nicolas Muller,1,0,1,commissaire_aux_comptes,1926,1926,"Eau, gaz, électricité (Utilities)"
pavard,PAVARD,PAVARD,1,0,1,commissaire_aux_comptes,1922,1922,"Bâtiment et travaux publics, matériaux de construction, céramique"
henry-m-maurice,Henry,Maurice Henry,1,0,1,commissaire_aux_comptes,1926,1926,Commerce
richard-j-julien,Richard,Julien Richard,1,0,1,commissaire_aux_comptes,1926,1926,Commerce
mota-j,Mota,Jean Mota,1,0,1,commissaire_aux_comptes,1926,1926,"Hôtellerie-restauration, tourisme"
desmarest,DESMAREST,DESMAREST,1,0,1,commissaire_aux_comptes,1926,1926,"Eau, gaz, électricité (Utilities)"
belcourt,Belcourt,Belcourt,1,0,1,commissaire_aux_comptes,1926,1926,"Eau, gaz, électricité (Utilities)"
merigot-e,Mérigot,Édouard Mérigot,1,0,1,commissaire_aux_comptes,1926,1926,Foncières et immobilières
martel-p-pierre,Martel,Pierre Martel,1,0,1,commissaire_aux_comptes,1926,1926,Foncières et immobilières
truche-j,Truche,Joannès Truche,1,0,1,commissaire_aux_comptes,1925,1925,"Hôtellerie-restauration, tourisme"
m-schwartz-robert-charles-e,M. Schwartz Robert Charles,Et M. Schwartz Robert Charles,1,0,1,commissaire_aux_comptes,1925,1925,"Hôtellerie-restauration, tourisme"
et-m-schwartz,et M. Schwartz,et M. Schwartz,1,0,1,commissaire_aux_comptes,1925,1925,"Hôtellerie-restauration, tourisme"
bertolus-j,Bertolus,Joseph Bertolus,1,0,1,commissaire_aux_comptes,1926,1926,Foncières et immobilières
beaux-j,Beaux,Jean Beaux,1,0,1,commissaire_aux_comptes,1924,1924,"Filière bois : exploitation forestière, liège, meubles, cellulose, papier…"
finzi-r,Finzi,Raoul Finzi,1,0,1,commissaire_aux_comptes,1926,1926,Pétrole et gaz
montmain-m,Montmain,Maurice Montmain,1,0,1,commissaire_aux_comptes,1926,1926,Commerce
lacoste-c,Lacoste,Charles Lacoste,1,0,1,commissaire_aux_comptes,1926,1926,Commerce
chalmers,CHALMERS,CHALMERS,1,0,1,commissaire_aux_comptes,1926,1926,"Filière bois : exploitation forestière, liège, meubles, cellulose, papier…"
boullier,BOULLIER,BOULLIER,1,0,1,commissaire_aux_comptes,1922,1922,"Bâtiment et travaux publics, matériaux de construction, céramique"
dechaud-e,Dechaud,Édouard Dechaud,1,0,1,commissaire_aux_comptes,1926,1926,"Bâtiment et travaux publics, matériaux de construction, céramique"
cornu,Cornu,Cornu,1,0,1,commissaire_aux_comptes,1922,1922,Mines et carrières
castanie-j,Castanié,Joseph Castanié,1,0,1,commissaire_aux_comptes,1924,1924,Industries agro-alimentaires
llobet-p,Llobet,Pierre Llobet,1,0,1,commissaire_aux_comptes,1924,1924,Industries agro-alimentaires
dussous-j,Dussous,J. Dussous,1,0,1,commissaire_aux_comptes,1945,1945,"Filière bois : exploitation forestière, liège, meubles, cellulose, papier…"
van-den-broeck,Van den Broeck,Van den Broeck,1,0,1,commissaire_aux_comptes,1952,1952,"Métallurgie, constructions navales"
corberan-l,Corberan,L. Corberan,1,0,1,commissaire_aux_comptes,1952,1952,"Métallurgie, constructions navales"
duhesme-g-gaston,Duhesme,Gaston Duhesme,1,0,1,commissaire_aux_comptes,1926,1926,"Filière bois : exploitation forestière, liège, meubles, cellulose, papier…"
mertian-b,Mertian,Bernard Mertian,1,0,1,commissaire_aux_comptes,1922,1922,"Filière bois : exploitation forestière, liège, meubles, cellulose, papier…"
puech-h,Puech,H. Puech,1,0,1,commissaire_aux_comptes,1940,1940,"Filière bois : exploitation forestière, liège, meubles, cellulose, papier…"
baldy-a,Baldy,Albert Baldy,1,0,1,commissaire_aux_comptes,1926,1926,Commerce
jolly-a,Jolly,A. Jolly,1,0,1,commissaire_aux_comptes,1937,1937,Mines et carrières
aumaistre-e,Aumaistre,E. Aumaistre,1,0,1,commissaire_aux_comptes,1937,1937,Mines et carrières
rives-e,Rives,Émile Rives,1,0,1,commissaire_aux_comptes,1924,1924,Cuirs et textiles
bonnet,BONNET,BONNET,1,0,1,commissaire_aux_comptes,1926,1926,"Transports terrestres, garages automobiles et agricoles"
mercier-e-emile,Mercier,Émile Mercier,1,0,1,commissaire_aux_comptes,1926,1926,Commerce
coriat-s,Coriat,Salvador Coriat,1,0,1,commissaire_aux_comptes,1926,1926,Industries agro-alimentaires
tiaret,Tiaret,Tiaret,1,0,1,commissaire_aux_comptes,1926,1926,Industries agro-alimentaires
massoutier,Massoutier,Massoutier,1,0,1,commissaire_aux_comptes,1922,1922,Mines et carrières
faull-j,Faull,J. A. Faull,1,0,1,directeur,1914,1914,Mines et carrières
pres-martimprey-du-kiss,près Martimprey-du-Kiss,près Martimprey-du-Kiss,1,0,1,directeur,1914,1914,Mines et carrières
de-thezillat-r,de Thézillat,Raoul de Thézillat,1,0,1,commissaire_aux_comptes,1922,1922,Mines et carrières
paridant-r,Paridant,Robert Paridant,1,0,1,commissaire_aux_comptes,1922,1922,Mines et carrières
sauf-de-blarer-remplace-par-jean-maugue,sauf de BLARER remplacé par Jean MAUGUE,sauf de BLARER remplacé par Jean MAUGUE,1,0,1,commissaire_aux_comptes,1924,1924,Mines et carrières
buf,Bœuf,Bœuf,1,0,1,gerant,1857,1857,Mines et carrières
gobet-g,Gobet,Georges Gobet,1,0,1,commissaire_aux_comptes,1926,1926,Mines et carrières
binet-a,Binet,André Binet,1,0,1,commissaire_aux_comptes,1924,1924,Mines et carrières
segniz-l,SEGNIZ,SEGNIZ,1,0,1,commissaire_aux_comptes,1924,1924,Mines et carrières
randuineau-j,Randuineau,J. Randuineau,1,0,1,commissaire_aux_comptes,1922,1922,Mines et carrières
et-m-louis-trocard,et M. Louis Trocard,et M. Louis Trocard,1,0,1,commissaire_aux_comptes,1922,1922,Mines et carrières
lasselves-f,Lasselves,Fernand Lasselves,1,0,1,commissaire_aux_comptes,1906,1906,Mines et carrières
gosse-l,Gossé,Louis Gossé,1,0,1,commissaire_aux_comptes,1906,1906,Mines et carrières
debullois-p,Debullois,Pierre Debullois,1,0,1,commissaire_aux_comptes,1926,1926,"Bâtiment et travaux publics, matériaux de construction, céramique"
mimy,MIMY,MIMY,1,0,1,commissaire_aux_comptes,1922,1922,Cuirs et textiles
demonque-m,Demonque,Demonque,1,0,1,directeur_general,1953,1953,"Bâtiment et travaux publics, matériaux de construction, céramique"
fargier-j,Fargier,Jean Fargier,1,0,1,directeur_general,1953,1953,"Bâtiment et travaux publics, matériaux de construction, céramique"
alric-g,Alric,Georges Alric,1,0,1,commissaire_aux_comptes,1922,1922,Industries agro-alimentaires
associe-gerant-maison-r-guilleminot,associé-gérant maison R. Guilleminot,associé-gérant maison R. Guilleminot,1,0,1,commissaire_aux_comptes,1922,1922,Industries agro-alimentaires
boespflug,Boespflug,Boespflug,1,0,1,commissaire_aux_comptes,1922,1922,Industries agro-alimentaires
duverger-e,Duverger,Émile Duverger,1,0,1,commissaire_aux_comptes,1926,1926,"Eau, gaz, électricité (Utilities)"
chauveau-e,Chauveau,Ernest Chauveau,1,0,1,commissaire_aux_comptes,1926,1926,Commerce
nouvion-f,Nouvion,Frédéric Nouvion,1,0,1,directeur_general,1938,1938,Mines et carrières
debulois-p,Debulois,Pierre Debulois,1,0,1,commissaire_aux_comptes,1926,1926,"Filière bois : exploitation forestière, liège, meubles, cellulose, papier…"
terquem-l,Terquem,Lucien Terquem,1,0,1,commissaire_aux_comptes,1926,1926,Pétrole et gaz
poncelet-g,Poncelet,Georges Poncelet,1,0,1,commissaire_aux_comptes,1926,1926,Mines et carrières
mary-a,Mary,Albert Mary,1,0,1,commissaire_aux_comptes,1926,1926,Mines et carrières
chasseriau-a,Chasseriau,Arthur Chasseriau,1,0,1,commissaire_aux_comptes,1926,1926,Mines et carrières
e-hope-c,E. Hope,Ch. E. Hope,1,0,1,directeur,1937,1937,Industries chimiques
soubeyrand-p,Soubeyrand,P. Soubeyrand,1,0,1,commissaire_aux_comptes,1937,1937,Industries chimiques
mouget-g,Mouget,G. Mouget,1,0,1,commissaire_aux_comptes,1940,1940,Industries chimiques
armand,Armand,Armand,1,0,1,commissaire_aux_comptes,1945,1945,Foncières et immobilières
gautray-g,Gautray,G. Gautray,1,0,1,commissaire_aux_comptes,1926,1926,"Métallurgie, constructions navales"
sturla-nicolas,STURLA (Nicolas,STURLA (Nicolas,1,0,1,commissaire_aux_comptes,1926,1926,"Métallurgie, constructions navales"
roquet-j,ROQUET,ROQUET,1,0,1,commissaire_aux_comptes,1926,1926,"Bâtiment et travaux publics, matériaux de construction, céramique"
dreyfus-c,Dreyfus,Ch. Dreyfus,1,0,1,directeur_general,1928,1928,"Banques et groupes financiers, assurances"
de-leeuw-d,de Leeuw,Denis de Leeuw,1,0,1,directeur_general,1928,1928,"Banques et groupes financiers, assurances"
guichard-v,Guichard,Victor Guichard,1,0,1,commissaire_aux_comptes,1926,1926,Commerce
piquery-a,Piquery,A. Piquery,1,0,1,commissaire_aux_comptes,1926,1926,Commerce
etc-voir-qui-etes-vous,etc. Voir Qui êtes-vous ?,etc. Voir Qui êtes-vous ?,1,0,1,commissaire_aux_comptes,1926,1926,Industries chimiques
laguens-a,Laguens,A. Laguens,1,0,1,directeur_general,1953,1953,Industries chimiques
conne-m,Conne,Maurice Conne,1,0,1,commissaire_aux_comptes,1924,1924,"Transports terrestres, garages automobiles et agricoles"
alger-h,Alger.,Henri Alger.,1,0,1,commissaire_aux_comptes,1924,1924,"Transports terrestres, garages automobiles et agricoles"
bernabe-f,Bernabé,Fernand Bernabé,1,0,1,commissaire_aux_comptes,1924,1924,"Transports terrestres, garages automobiles et agricoles"
fers-a-alger,fers à Alger. 1,fers à Alger. 1,1,0,1,commissaire_aux_comptes,1924,1924,"Transports terrestres, garages automobiles et agricoles"
bizouarne-l,Bizouarne,Léon Bizouarne,1,0,1,commissaire_aux_comptes,1922,1922,Pétrole et gaz
kappler,KAPPLER,KAPPLER,1,0,1,commissaire_aux_comptes,1922,1922,Pétrole et gaz
espinadel-c,Espinadel,C. Espinadel,1,0,1,commissaire_aux_comptes,1942,1942,Industries agro-alimentaires
thy-no-c,Thy'No,Chocolaterie Thy'No,1,0,1,commissaire_aux_comptes,1942,1942,Industries agro-alimentaires
hermant,Hermant,Hermant,1,0,1,commissaire_aux_comptes,1922,1922,Mines et carrières
hermand,Hermand,Hermand,1,0,1,commissaire_aux_comptes,1924,1924,Mines et carrières
duprat-c,Duprat,Charles Duprat,1,0,1,commissaire_aux_comptes,1926,1926,"Transports terrestres, garages automobiles et agricoles"
walcker-waldemeyer-f,Walcker-Waldemeyer,F. Walcker-Waldemeyer,1,0,1,commissaire_aux_comptes,1922,1922,Foncières et immobilières
graf-p,Graf,Paul Graf,1,0,1,commissaire_aux_comptes,1926,1926,Foncières et immobilières
eugene-meyer-m,Eugène Meyer,Monsieur Eugène Meyer,1,0,1,commissaire_aux_comptes,1942,1942,Mines et carrières
maire-d-ouled-rahmoun,maire d'Ouled-Rahmoun,maire d'Ouled-Rahmoun,1,0,1,commissaire_aux_comptes,1942,1942,Mines et carrières
monsieur-louis-rene-debourdeau-e,Monsieur Louis René Debourdeau,Et Monsieur Louis René Debourdeau,1,0,1,commissaire_aux_comptes,1942,1942,Mines et carrières
cazelles-p-paul,Cazelles,Paul Cazelles,1,0,1,commissaire_aux_comptes,1922,1922,Industries agro-alimentaires
marcus-a,Marcus,Adrien Marcus,1,0,1,commissaire_aux_comptes,1926,1926,Industries agro-alimentaires
murat-e,Murat,Ernest Murat,1,0,1,commissaire_aux_comptes,1926,1926,Industries agro-alimentaires
reynes-h,Reynes,Henri Reynes,1,0,1,commissaire_aux_comptes,1926,1926,Industries agro-alimentaires
watin-r,Watin,Robert Watin,1,0,1,commissaire_aux_comptes,1926,1926,Industries agro-alimentaires
truche,TRUCHE,TRUCHE,1,0,1,commissaire_aux_comptes,1926,1926,Commerce
simon-p,Simon,P. Simon,1,0,1,commissaire_aux_comptes,1939,1939,"Filière bois : exploitation forestière, liège, meubles, cellulose, papier…"
weber-a,Weber,A. Weber,1,0,1,commissaire_aux_comptes,1939,1939,"Filière bois : exploitation forestière, liège, meubles, cellulose, papier…"
blanc,BLANC,BLANC,1,0,1,commissaire_aux_comptes,1924,1924,"Filière bois : exploitation forestière, liège, meubles, cellulose, papier…"
belmont,BELMONT,BELMONT,1,0,1,commissaire_aux_comptes,1924,1924,"Filière bois : exploitation forestière, liège, meubles, cellulose, papier…"
vinson,VINSON,VINSON,1,0,1,commissaire_aux_comptes,1922,1922,Industries agro-alimentaires
dorrenn-j,Dorrenn,Joseph Dorrenn,1,0,1,commissaire_aux_comptes,1922,1922,Cuirs et textiles
charlot,Charlot,Charlot,1,0,1,commissaire_aux_comptes,1922,1922,"Transports terrestres, garages automobiles et agricoles"
charlot-a,Charlot,Albert Charlot,1,0,1,commissaire_aux_comptes,1926,1926,"Transports terrestres, garages automobiles et agricoles"
bernard-e-eugene,Bernard,Eugène Bernard,1,0,1,commissaire_aux_comptes,1924,1924,"Transports terrestres, garages automobiles et agricoles"
liagre-p,Liagre,Pierre Liagre,1,0,1,commissaire_aux_comptes,1924,1924,"Transports terrestres, garages automobiles et agricoles"
pujol-j-justin,Pujol,Justin Pujol,1,0,1,commissaire_aux_comptes,1926,1926,"Transports terrestres, garages automobiles et agricoles"
lellouche-h,Lellouche,Henri Lellouche,1,0,1,commissaire_aux_comptes,1926,1926,"Transports terrestres, garages automobiles et agricoles"
chappuis-l,Chappuis,Louis-Bernard Chappuis,1,0,1,commissaire_aux_comptes,1926,1926,"Transports terrestres, garages automobiles et agricoles"
nicolas-g,Nicolas,Gabriel Nicolas,1,0,1,commissaire_aux_comptes,1926,1926,"Bâtiment et travaux publics, matériaux de construction, céramique"
rouffia-g,Rouffia,Georges Rouffia,1,0,1,commissaire_aux_comptes,1926,1926,"Bâtiment et travaux publics, matériaux de construction, céramique"
pierson-c,Pierson,Charles-Jules Pierson,1,0,1,commissaire_aux_comptes,1926,1926,"Imprimerie, presse, édition"
thieury-a,Thieury,André Thieury,1,0,1,commissaire_aux_comptes,1924,1924,Transports maritimes et aériens
colin-e,Colin,E. Colin,1,0,1,gerant,1898,1898,Industries agro-alimentaires
jauffret-a,Jauffret,Adolphe Jauffret,1,0,1,commissaire_aux_comptes,1926,1926,Commerce
lievre-h,Lièvre,Henri Lièvre,1,0,1,commissaire_aux_comptes,1926,1926,"Bâtiment et travaux publics, matériaux de construction, céramique"
courbis-e,Courbis,E. Courbis,1,0,1,commissaire_aux_comptes,1922,1922,Industries agro-alimentaires
hosseraye,HOSSERAYE,HOSSERAYE,1,0,1,commissaire_aux_comptes,1922,1922,Commerce
paris,Paris. 3,Paris. 3,1,0,1,commissaire_aux_comptes,1922,1922,Commerce
vidal-p-paul,Vidal,Paul Vidal,1,0,1,commissaire_aux_comptes,1926,1926,"Transports terrestres, garages automobiles et agricoles"
chevallier-l,Chevallier,Louis Chevallier,1,0,1,commissaire_aux_comptes,1926,1926,"Eau, gaz, électricité (Utilities)"
francois-c,François,Charles François,1,0,1,commissaire_aux_comptes,1926,1926,"Eau, gaz, électricité (Utilities)"
hardellet-a,Hardellet,Albert Hardellet,1,0,1,commissaire_aux_comptes,1926,1926,Commerce
